timestamp,batch_id,moe_layer_id,experts_activated,GPU_0_total_mem_capacity,GPU_0_mem_usage,GPU_0_mem_free,GPU_0_experts_can_fit,GPU_1_total_mem_capacity,GPU_1_mem_usage,GPU_1_mem_free,GPU_1_experts_can_fit
2025-07-17T19:22:04.038470,0,0,[],93.01580810546875,0.0,52.69683837890625,321,93.01580810546875,38.738948345184326,52.69683837890625,321
2025-07-17T19:22:04.041993,0,0,[],93.01580810546875,38.738948345184326,53.2081298828125,324,93.01580810546875,0.0,52.69683837890625,321
2025-07-17T19:22:12.289817,0,1,[],93.01580810546875,0.0,51.92730712890625,316,93.01580810546875,38.813167095184326,51.92730712890625,316
2025-07-17T19:22:12.290382,0,1,[],93.01580810546875,38.813167095184326,51.92730712890625,316,93.01580810546875,0.0,51.92730712890625,316
2025-07-17T19:22:12.310158,0,2,[],93.01580810546875,0.0,51.92730712890625,316,93.01580810546875,38.813167095184326,51.92730712890625,316
2025-07-17T19:22:12.310756,0,2,[],93.01580810546875,38.813167095184326,51.92730712890625,316,93.01580810546875,0.0,51.92730712890625,316
2025-07-17T19:22:12.328813,0,3,[],93.01580810546875,38.813167095184326,51.92730712890625,316,93.01580810546875,0.0,51.92730712890625,316
2025-07-17T19:22:12.331008,0,3,[],93.01580810546875,0.0,51.92730712890625,316,93.01580810546875,38.813167095184326,51.92730712890625,316
2025-07-17T19:22:12.349062,0,4,[],93.01580810546875,38.813167095184326,51.92730712890625,316,93.01580810546875,0.0,51.92730712890625,316
2025-07-17T19:22:12.351290,0,4,[],93.01580810546875,0.0,51.92730712890625,316,93.01580810546875,38.813167095184326,51.92730712890625,316
2025-07-17T19:22:12.369095,0,5,[],93.01580810546875,38.813167095184326,51.92730712890625,316,93.01580810546875,0.0,51.92730712890625,316
2025-07-17T19:22:12.370952,0,5,[],93.01580810546875,0.0,51.92730712890625,316,93.01580810546875,38.813167095184326,51.92730712890625,316
2025-07-17T19:22:12.389319,0,6,[],93.01580810546875,38.813167095184326,51.92730712890625,316,93.01580810546875,0.0,51.92730712890625,316
2025-07-17T19:22:12.391828,0,6,[],93.01580810546875,0.0,51.92730712890625,316,93.01580810546875,38.813167095184326,51.92730712890625,316
2025-07-17T19:22:12.409617,0,7,[],93.01580810546875,38.813167095184326,51.92730712890625,316,93.01580810546875,0.0,51.92730712890625,316
2025-07-17T19:22:12.412238,0,7,[],93.01580810546875,0.0,51.92730712890625,316,93.01580810546875,38.813167095184326,51.92730712890625,316
2025-07-17T19:22:12.429480,0,8,[],93.01580810546875,38.813167095184326,51.92730712890625,316,93.01580810546875,0.0,51.92730712890625,316
2025-07-17T19:22:12.431992,0,8,[],93.01580810546875,0.0,51.92730712890625,316,93.01580810546875,38.813167095184326,51.92730712890625,316
2025-07-17T19:22:12.449007,0,9,[],93.01580810546875,38.813167095184326,51.92730712890625,316,93.01580810546875,0.0,51.92730712890625,316
2025-07-17T19:22:12.452722,0,9,[],93.01580810546875,0.0,51.92730712890625,316,93.01580810546875,38.813167095184326,51.92730712890625,316
2025-07-17T19:22:12.467543,0,10,[],93.01580810546875,38.813167095184326,51.92730712890625,316,93.01580810546875,0.0,51.92730712890625,316
2025-07-17T19:22:12.471953,0,10,[],93.01580810546875,0.0,51.92730712890625,316,93.01580810546875,38.813167095184326,51.92730712890625,316
2025-07-17T19:22:12.486627,0,11,[],93.01580810546875,38.813167095184326,51.92730712890625,316,93.01580810546875,0.0,51.92730712890625,316
2025-07-17T19:22:12.490154,0,11,[],93.01580810546875,0.0,51.92730712890625,316,93.01580810546875,38.813167095184326,51.92730712890625,316
2025-07-17T19:22:12.507506,0,12,[],93.01580810546875,38.813167095184326,51.92730712890625,316,93.01580810546875,0.0,51.92730712890625,316
2025-07-17T19:22:12.509320,0,12,[],93.01580810546875,0.0,51.92730712890625,316,93.01580810546875,38.813167095184326,51.92730712890625,316
2025-07-17T19:22:12.527915,0,13,[],93.01580810546875,38.813167095184326,51.92730712890625,316,93.01580810546875,0.0,51.92730712890625,316
2025-07-17T19:22:12.529014,0,13,[],93.01580810546875,0.0,51.92730712890625,316,93.01580810546875,38.813167095184326,51.92730712890625,316
2025-07-17T19:22:12.547418,0,14,[],93.01580810546875,38.813167095184326,51.92730712890625,316,93.01580810546875,0.0,51.92730712890625,316
2025-07-17T19:22:12.548835,0,14,[],93.01580810546875,0.0,51.92730712890625,316,93.01580810546875,38.813167095184326,51.92730712890625,316
2025-07-17T19:22:12.566220,0,15,[],93.01580810546875,38.813167095184326,51.92730712890625,316,93.01580810546875,0.0,51.92730712890625,316
2025-07-17T19:22:12.569164,0,15,[],93.01580810546875,0.0,51.92730712890625,316,93.01580810546875,38.813167095184326,51.92730712890625,316
2025-07-17T19:22:12.584368,0,16,[],93.01580810546875,38.813167095184326,51.92730712890625,316,93.01580810546875,0.0,51.92730712890625,316
2025-07-17T19:22:12.590112,0,16,[],93.01580810546875,0.0,51.92730712890625,316,93.01580810546875,38.813167095184326,51.92730712890625,316
2025-07-17T19:22:12.602920,0,17,[],93.01580810546875,38.813167095184326,51.92730712890625,316,93.01580810546875,0.0,51.92730712890625,316
2025-07-17T19:22:12.609433,0,17,[],93.01580810546875,0.0,51.92730712890625,316,93.01580810546875,38.813167095184326,51.92730712890625,316
2025-07-17T19:22:12.622144,0,18,[],93.01580810546875,38.813167095184326,51.92730712890625,316,93.01580810546875,0.0,51.92730712890625,316
2025-07-17T19:22:12.630589,0,18,[],93.01580810546875,0.0,51.92730712890625,316,93.01580810546875,38.813167095184326,51.92730712890625,316
2025-07-17T19:22:12.641504,0,19,[],93.01580810546875,38.813167095184326,51.92730712890625,316,93.01580810546875,0.0,51.92730712890625,316
2025-07-17T19:22:12.650854,0,19,[],93.01580810546875,0.0,51.92730712890625,316,93.01580810546875,38.813167095184326,51.92730712890625,316
2025-07-17T19:22:12.659857,0,20,[],93.01580810546875,38.813167095184326,51.92730712890625,316,93.01580810546875,0.0,51.92730712890625,316
2025-07-17T19:22:12.671216,0,20,[],93.01580810546875,0.0,51.92730712890625,316,93.01580810546875,38.813167095184326,51.92730712890625,316
2025-07-17T19:22:12.679722,0,21,[],93.01580810546875,38.813167095184326,51.92730712890625,316,93.01580810546875,0.0,51.92730712890625,316
2025-07-17T19:22:12.689968,0,21,[],93.01580810546875,0.0,51.92730712890625,316,93.01580810546875,38.813167095184326,51.92730712890625,316
2025-07-17T19:22:12.698164,0,22,[],93.01580810546875,38.813167095184326,51.92730712890625,316,93.01580810546875,0.0,51.92730712890625,316
2025-07-17T19:22:12.709114,0,22,[],93.01580810546875,0.0,51.92730712890625,316,93.01580810546875,38.813167095184326,51.92730712890625,316
2025-07-17T19:22:12.717481,0,23,[],93.01580810546875,38.813167095184326,51.92730712890625,316,93.01580810546875,0.0,51.92730712890625,316
2025-07-17T19:22:12.728355,0,23,[],93.01580810546875,0.0,51.92730712890625,316,93.01580810546875,38.813167095184326,51.92730712890625,316
2025-07-17T19:22:12.735077,0,24,[],93.01580810546875,38.813167095184326,51.92730712890625,316,93.01580810546875,0.0,51.92730712890625,316
2025-07-17T19:22:12.748360,0,24,[],93.01580810546875,0.0,51.92730712890625,316,93.01580810546875,38.813167095184326,51.92730712890625,316
2025-07-17T19:22:12.753935,0,25,[],93.01580810546875,38.813167095184326,51.92730712890625,316,93.01580810546875,0.0,51.92730712890625,316
2025-07-17T19:22:12.767506,0,25,[],93.01580810546875,0.0,51.88433837890625,316,93.01580810546875,38.813167095184326,51.92730712890625,316
2025-07-17T19:22:12.773236,0,26,[],93.01580810546875,38.812678813934326,51.88433837890625,316,93.01580810546875,0.0,51.92730712890625,316
2025-07-17T19:22:12.786446,0,26,[],93.01580810546875,0.0,51.88433837890625,316,93.01580810546875,38.813167095184326,51.92730712890625,316
2025-07-17T19:22:12.793150,0,27,[],93.01580810546875,38.813167095184326,51.88433837890625,316,93.01580810546875,0.0,51.92730712890625,316
2025-07-17T19:22:12.805726,0,27,[],93.01580810546875,0.0,51.88433837890625,316,93.01580810546875,38.813167095184326,51.92730712890625,316
2025-07-17T19:22:12.811925,0,28,[],93.01580810546875,38.813167095184326,51.88433837890625,316,93.01580810546875,0.0,51.92730712890625,316
2025-07-17T19:22:12.825492,0,28,[],93.01580810546875,0.0,51.88433837890625,316,93.01580810546875,38.813167095184326,51.92730712890625,316
2025-07-17T19:22:12.830475,0,29,[],93.01580810546875,38.812678813934326,51.88433837890625,316,93.01580810546875,0.0,51.92730712890625,316
2025-07-17T19:22:12.844157,0,29,[],93.01580810546875,0.0,51.88433837890625,316,93.01580810546875,38.813167095184326,51.92730712890625,316
2025-07-17T19:22:12.851497,0,30,[],93.01580810546875,38.813167095184326,51.88433837890625,316,93.01580810546875,0.0,51.92730712890625,316
2025-07-17T19:22:12.864269,0,30,[],93.01580810546875,0.0,51.88433837890625,316,93.01580810546875,38.813167095184326,51.92730712890625,316
2025-07-17T19:22:12.869259,0,31,[],93.01580810546875,38.813167095184326,51.88433837890625,316,93.01580810546875,0.0,51.92730712890625,316
2025-07-17T19:22:12.881840,0,31,[],93.01580810546875,0.0,51.88433837890625,316,93.01580810546875,38.813167095184326,51.92730712890625,316
2025-07-17T19:22:15.829756,0,0,[],93.01580810546875,0.0,52.28668212890625,318,93.01580810546875,38.847307205200195,52.19488525390625,318
2025-07-17T19:22:15.893644,0,0,[],93.01580810546875,38.847307205200195,52.19488525390625,318,93.01580810546875,0.0,47.77691650390625,291
2025-07-17T19:22:16.158331,1,0,[],93.01580810546875,0.0,47.77496337890625,291,93.01580810546875,39.110979080200195,47.77496337890625,291
2025-07-17T19:22:16.159185,1,0,[],93.01580810546875,39.110979080200195,47.77496337890625,291,93.01580810546875,0.0,47.77496337890625,291
2025-07-17T19:22:16.421875,2,0,[],93.01580810546875,0.0,47.24566650390625,287,93.01580810546875,39.374650955200195,47.24566650390625,287
2025-07-17T19:22:16.422844,2,0,[],93.01580810546875,39.374650955200195,47.24566650390625,287,93.01580810546875,0.0,47.24566650390625,287
2025-07-17T19:22:16.688776,3,0,[],93.01580810546875,0.0,47.24371337890625,287,93.01580810546875,39.638322830200195,47.24371337890625,287
2025-07-17T19:22:16.688967,3,0,[],93.01580810546875,39.638322830200195,47.24371337890625,287,93.01580810546875,0.0,47.24371337890625,287
2025-07-17T19:22:16.955314,4,0,[],93.01580810546875,0.0,46.71441650390625,284,93.01580810546875,39.90139961242676,46.71441650390625,284
2025-07-17T19:22:16.955551,4,0,[],93.01580810546875,39.90139961242676,46.71441650390625,284,93.01580810546875,0.0,46.71441650390625,284
2025-07-17T19:22:17.236388,0,1,[],93.01580810546875,0.0,46.44879150390625,283,93.01580810546875,40.42833137512207,46.44879150390625,283
2025-07-17T19:22:17.238274,0,1,[],93.01580810546875,40.42833137512207,46.44879150390625,283,93.01580810546875,0.0,46.44879150390625,283
2025-07-17T19:22:17.248946,1,1,[],93.01580810546875,40.42833137512207,46.44879150390625,283,93.01580810546875,0.0,46.44879150390625,283
2025-07-17T19:22:17.253148,1,1,[],93.01580810546875,0.0,46.44879150390625,283,93.01580810546875,40.42833137512207,46.44879150390625,283
2025-07-17T19:22:17.331195,2,1,[],93.01580810546875,40.42833137512207,46.44879150390625,283,93.01580810546875,0.0,46.44879150390625,283
2025-07-17T19:22:17.331440,2,1,[],93.01580810546875,0.0,46.44879150390625,283,93.01580810546875,40.42833137512207,46.44879150390625,283
2025-07-17T19:22:17.415246,3,1,[],93.01580810546875,40.42833137512207,46.44879150390625,283,93.01580810546875,0.0,46.44879150390625,283
2025-07-17T19:22:17.415483,3,1,[],93.01580810546875,0.0,46.44879150390625,283,93.01580810546875,40.42833137512207,46.44879150390625,283
2025-07-17T19:22:17.496025,4,1,[],93.01580810546875,0.0,46.44879150390625,283,93.01580810546875,40.42833137512207,46.44879150390625,283
2025-07-17T19:22:17.495977,4,1,[],93.01580810546875,40.42833137512207,46.44879150390625,283,93.01580810546875,0.0,46.44879150390625,283
2025-07-17T19:22:17.591207,0,2,[],93.01580810546875,40.42833137512207,46.44879150390625,283,93.01580810546875,0.0,46.44879150390625,283
2025-07-17T19:22:17.592841,0,2,[],93.01580810546875,0.0,46.44879150390625,283,93.01580810546875,40.42833137512207,46.44879150390625,283
2025-07-17T19:22:17.660865,1,2,[],93.01580810546875,40.42833137512207,46.44879150390625,283,93.01580810546875,0.0,46.44879150390625,283
2025-07-17T19:22:17.661154,1,2,[],93.01580810546875,0.0,46.44879150390625,283,93.01580810546875,40.42833137512207,46.44879150390625,283
2025-07-17T19:22:17.744287,2,2,[],93.01580810546875,40.42833137512207,46.44879150390625,283,93.01580810546875,0.0,46.44879150390625,283
2025-07-17T19:22:17.744639,2,2,[],93.01580810546875,0.0,46.44879150390625,283,93.01580810546875,40.42833137512207,46.44879150390625,283
2025-07-17T19:22:17.828620,3,2,[],93.01580810546875,40.42833137512207,46.44879150390625,283,93.01580810546875,0.0,46.44879150390625,283
2025-07-17T19:22:17.828844,3,2,[],93.01580810546875,0.0,46.44879150390625,283,93.01580810546875,40.42833137512207,46.44879150390625,283
2025-07-17T19:22:17.910398,4,2,[],93.01580810546875,40.42833137512207,46.44879150390625,283,93.01580810546875,0.0,46.44879150390625,283
2025-07-17T19:22:17.910494,4,2,[],93.01580810546875,0.0,46.44879150390625,283,93.01580810546875,40.42833137512207,46.44879150390625,283
2025-07-17T19:22:18.005911,0,3,[],93.01580810546875,40.42833137512207,46.44879150390625,283,93.01580810546875,0.0,46.44879150390625,283
2025-07-17T19:22:18.007339,0,3,[],93.01580810546875,0.0,46.44879150390625,283,93.01580810546875,40.42833137512207,46.44879150390625,283
2025-07-17T19:22:18.077997,1,3,[],93.01580810546875,40.42833137512207,46.44879150390625,283,93.01580810546875,0.0,46.44879150390625,283
2025-07-17T19:22:18.078363,1,3,[],93.01580810546875,0.0,46.44879150390625,283,93.01580810546875,40.42833137512207,46.44879150390625,283
2025-07-17T19:22:18.172766,2,3,[],93.01580810546875,40.42833137512207,46.44879150390625,283,93.01580810546875,0.0,46.44879150390625,283
2025-07-17T19:22:18.173128,2,3,[],93.01580810546875,0.0,46.44879150390625,283,93.01580810546875,40.42833137512207,46.44879150390625,283
2025-07-17T19:22:18.267203,3,3,[],93.01580810546875,40.42833137512207,46.44879150390625,283,93.01580810546875,0.0,46.44879150390625,283
2025-07-17T19:22:18.267572,3,3,[],93.01580810546875,0.0,46.44879150390625,283,93.01580810546875,40.42833137512207,46.44879150390625,283
2025-07-17T19:22:18.359701,4,3,[],93.01580810546875,40.42833137512207,46.44879150390625,283,93.01580810546875,0.0,46.44879150390625,283
2025-07-17T19:22:18.359958,4,3,[],93.01580810546875,0.0,46.44879150390625,283,93.01580810546875,40.42833137512207,46.44879150390625,283
2025-07-17T19:22:18.463470,0,4,[],93.01580810546875,40.42833137512207,46.44879150390625,283,93.01580810546875,0.0,46.44879150390625,283
2025-07-17T19:22:18.465068,0,4,[],93.01580810546875,0.0,46.44879150390625,283,93.01580810546875,40.42833137512207,46.44879150390625,283
2025-07-17T19:22:18.536209,1,4,[],93.01580810546875,40.42833137512207,46.44879150390625,283,93.01580810546875,0.0,46.44879150390625,283
2025-07-17T19:22:18.536216,1,4,[],93.01580810546875,0.0,46.44879150390625,283,93.01580810546875,40.42833137512207,46.44879150390625,283
2025-07-17T19:22:18.621287,2,4,[],93.01580810546875,0.0,46.44879150390625,283,93.01580810546875,40.42833137512207,46.44879150390625,283
2025-07-17T19:22:18.621267,2,4,[],93.01580810546875,40.42833137512207,46.44879150390625,283,93.01580810546875,0.0,46.44879150390625,283
2025-07-17T19:22:18.705946,3,4,[],93.01580810546875,40.42833137512207,46.44879150390625,283,93.01580810546875,0.0,46.44879150390625,283
2025-07-17T19:22:18.706245,3,4,[],93.01580810546875,0.0,46.44879150390625,283,93.01580810546875,40.42833137512207,46.44879150390625,283
2025-07-17T19:22:18.787087,4,4,[],93.01580810546875,0.0,46.44879150390625,283,93.01580810546875,40.42833137512207,46.44879150390625,283
2025-07-17T19:22:18.787113,4,4,[],93.01580810546875,40.42833137512207,46.44879150390625,283,93.01580810546875,0.0,46.44879150390625,283
2025-07-17T19:22:18.883241,0,5,[],93.01580810546875,40.42833137512207,46.44879150390625,283,93.01580810546875,0.0,46.44879150390625,283
2025-07-17T19:22:18.884689,0,5,[],93.01580810546875,0.0,46.44879150390625,283,93.01580810546875,40.42833137512207,46.44879150390625,283
2025-07-17T19:22:18.953549,1,5,[],93.01580810546875,0.0,46.44879150390625,283,93.01580810546875,40.42833137512207,46.44879150390625,283
2025-07-17T19:22:18.953555,1,5,[],93.01580810546875,40.42833137512207,46.44879150390625,283,93.01580810546875,0.0,46.44879150390625,283
2025-07-17T19:22:19.038380,2,5,[],93.01580810546875,0.0,46.44879150390625,283,93.01580810546875,40.42833137512207,46.44879150390625,283
2025-07-17T19:22:19.038500,2,5,[],93.01580810546875,40.42833137512207,46.44879150390625,283,93.01580810546875,0.0,46.44879150390625,283
2025-07-17T19:22:19.126820,3,5,[],93.01580810546875,40.42833137512207,46.44879150390625,283,93.01580810546875,0.0,46.44879150390625,283
2025-07-17T19:22:19.127124,3,5,[],93.01580810546875,0.0,46.44879150390625,283,93.01580810546875,40.42833137512207,46.44879150390625,283
2025-07-17T19:22:19.215825,4,5,[],93.01580810546875,40.42833137512207,46.44879150390625,283,93.01580810546875,0.0,46.44879150390625,283
2025-07-17T19:22:19.216069,4,5,[],93.01580810546875,0.0,46.44879150390625,283,93.01580810546875,40.42833137512207,46.44879150390625,283
2025-07-17T19:22:19.320230,0,6,[],93.01580810546875,40.42833137512207,46.44879150390625,283,93.01580810546875,0.0,46.44879150390625,283
2025-07-17T19:22:19.321889,0,6,[],93.01580810546875,0.0,46.44879150390625,283,93.01580810546875,40.42833137512207,46.44879150390625,283
2025-07-17T19:22:19.396902,1,6,[],93.01580810546875,40.42833137512207,46.44879150390625,283,93.01580810546875,0.0,46.44879150390625,283
2025-07-17T19:22:19.397105,1,6,[],93.01580810546875,0.0,46.44879150390625,283,93.01580810546875,40.42833137512207,46.44879150390625,283
2025-07-17T19:22:19.485104,2,6,[],93.01580810546875,0.0,46.44879150390625,283,93.01580810546875,40.42833137512207,46.44879150390625,283
2025-07-17T19:22:19.485092,2,6,[],93.01580810546875,40.42833137512207,46.44879150390625,283,93.01580810546875,0.0,46.44879150390625,283
2025-07-17T19:22:19.572012,3,6,[],93.01580810546875,40.42833137512207,46.44879150390625,283,93.01580810546875,0.0,46.44879150390625,283
2025-07-17T19:22:19.572368,3,6,[],93.01580810546875,0.0,46.44879150390625,283,93.01580810546875,40.42833137512207,46.44879150390625,283
2025-07-17T19:22:19.655830,4,6,[],93.01580810546875,40.42833137512207,46.44879150390625,283,93.01580810546875,0.0,46.44879150390625,283
2025-07-17T19:22:19.655969,4,6,[],93.01580810546875,0.0,46.44879150390625,283,93.01580810546875,40.42833137512207,46.44879150390625,283
2025-07-17T19:22:19.752165,0,7,[],93.01580810546875,40.42833137512207,46.44879150390625,283,93.01580810546875,0.0,46.44879150390625,283
2025-07-17T19:22:19.753615,0,7,[],93.01580810546875,0.0,46.44879150390625,283,93.01580810546875,40.42833137512207,46.44879150390625,283
2025-07-17T19:22:19.823905,1,7,[],93.01580810546875,0.0,46.44879150390625,283,93.01580810546875,40.42833137512207,46.44879150390625,283
2025-07-17T19:22:19.824077,1,7,[],93.01580810546875,40.42833137512207,46.44879150390625,283,93.01580810546875,0.0,46.44879150390625,283
2025-07-17T19:22:19.909111,2,7,[],93.01580810546875,0.0,46.44879150390625,283,93.01580810546875,40.42833137512207,46.44879150390625,283
2025-07-17T19:22:19.909121,2,7,[],93.01580810546875,40.42833137512207,46.44879150390625,283,93.01580810546875,0.0,46.44879150390625,283
2025-07-17T19:22:19.993253,3,7,[],93.01580810546875,40.42833137512207,46.44879150390625,283,93.01580810546875,0.0,46.44879150390625,283
2025-07-17T19:22:19.993748,3,7,[],93.01580810546875,0.0,46.44879150390625,283,93.01580810546875,40.42833137512207,46.44879150390625,283
2025-07-17T19:22:20.079127,4,7,[],93.01580810546875,40.42833137512207,46.44879150390625,283,93.01580810546875,0.0,46.44879150390625,283
2025-07-17T19:22:20.079361,4,7,[],93.01580810546875,0.0,46.44879150390625,283,93.01580810546875,40.42833137512207,46.44879150390625,283
2025-07-17T19:22:20.179958,0,8,[],93.01580810546875,40.42833137512207,46.44879150390625,283,93.01580810546875,0.0,46.44879150390625,283
2025-07-17T19:22:20.181805,0,8,[],93.01580810546875,0.0,46.44879150390625,283,93.01580810546875,40.42833137512207,46.44879150390625,283
2025-07-17T19:22:20.257890,1,8,[],93.01580810546875,0.0,46.44879150390625,283,93.01580810546875,40.42833137512207,46.44879150390625,283
2025-07-17T19:22:20.257894,1,8,[],93.01580810546875,40.42833137512207,46.44879150390625,283,93.01580810546875,0.0,46.44879150390625,283
2025-07-17T19:22:20.348507,2,8,[],93.01580810546875,40.42833137512207,46.44879150390625,283,93.01580810546875,0.0,46.44879150390625,283
2025-07-17T19:22:20.348817,2,8,[],93.01580810546875,0.0,46.44879150390625,283,93.01580810546875,40.42833137512207,46.44879150390625,283
2025-07-17T19:22:20.437667,3,8,[],93.01580810546875,40.42833137512207,46.44879150390625,283,93.01580810546875,0.0,46.44879150390625,283
2025-07-17T19:22:20.437866,3,8,[],93.01580810546875,0.0,46.44879150390625,283,93.01580810546875,40.42833137512207,46.44879150390625,283
2025-07-17T19:22:20.523123,4,8,[],93.01580810546875,40.42833137512207,46.44879150390625,283,93.01580810546875,0.0,46.44879150390625,283
2025-07-17T19:22:20.523481,4,8,[],93.01580810546875,0.0,46.44879150390625,283,93.01580810546875,40.42833137512207,46.44879150390625,283
2025-07-17T19:22:20.623242,0,9,[],93.01580810546875,0.0,46.44879150390625,283,93.01580810546875,40.42833137512207,46.44879150390625,283
2025-07-17T19:22:20.627775,0,9,[],93.01580810546875,40.42833137512207,46.44879150390625,283,93.01580810546875,0.0,46.44879150390625,283
2025-07-17T19:22:20.693994,1,9,[],93.01580810546875,40.42833137512207,46.44879150390625,283,93.01580810546875,0.0,46.44879150390625,283
2025-07-17T19:22:20.694004,1,9,[],93.01580810546875,0.0,46.44879150390625,283,93.01580810546875,40.42833137512207,46.44879150390625,283
2025-07-17T19:22:20.778243,2,9,[],93.01580810546875,40.42833137512207,46.44879150390625,283,93.01580810546875,0.0,46.44879150390625,283
2025-07-17T19:22:20.778474,2,9,[],93.01580810546875,0.0,46.44879150390625,283,93.01580810546875,40.42833137512207,46.44879150390625,283
2025-07-17T19:22:20.863216,3,9,[],93.01580810546875,0.0,46.44879150390625,283,93.01580810546875,40.42833137512207,46.44879150390625,283
2025-07-17T19:22:20.863224,3,9,[],93.01580810546875,40.42833137512207,46.44879150390625,283,93.01580810546875,0.0,46.44879150390625,283
2025-07-17T19:22:20.947329,4,9,[],93.01580810546875,40.42833137512207,46.44879150390625,283,93.01580810546875,0.0,46.44879150390625,283
2025-07-17T19:22:20.947671,4,9,[],93.01580810546875,0.0,46.44879150390625,283,93.01580810546875,40.42833137512207,46.44879150390625,283
2025-07-17T19:22:21.048593,0,10,[],93.01580810546875,40.42833137512207,46.44879150390625,283,93.01580810546875,0.0,46.44879150390625,283
2025-07-17T19:22:21.053590,0,10,[],93.01580810546875,0.0,46.44879150390625,283,93.01580810546875,40.42833137512207,46.44879150390625,283
2025-07-17T19:22:21.122093,1,10,[],93.01580810546875,40.42833137512207,46.44879150390625,283,93.01580810546875,0.0,46.44879150390625,283
2025-07-17T19:22:21.122080,1,10,[],93.01580810546875,0.0,46.44879150390625,283,93.01580810546875,40.42833137512207,46.44879150390625,283
2025-07-17T19:22:21.211265,2,10,[],93.01580810546875,0.0,46.44879150390625,283,93.01580810546875,40.42833137512207,46.44879150390625,283
2025-07-17T19:22:21.211407,2,10,[],93.01580810546875,40.42833137512207,46.44879150390625,283,93.01580810546875,0.0,46.44879150390625,283
2025-07-17T19:22:21.299941,3,10,[],93.01580810546875,40.42833137512207,46.44879150390625,283,93.01580810546875,0.0,46.44879150390625,283
2025-07-17T19:22:21.300212,3,10,[],93.01580810546875,0.0,46.44879150390625,283,93.01580810546875,40.42833137512207,46.44879150390625,283
2025-07-17T19:22:21.387265,4,10,[],93.01580810546875,0.0,46.44879150390625,283,93.01580810546875,40.42833137512207,46.44879150390625,283
2025-07-17T19:22:21.392632,4,10,[],93.01580810546875,40.42833137512207,46.44879150390625,283,93.01580810546875,0.0,46.44879150390625,283
2025-07-17T19:22:21.487278,0,11,[],93.01580810546875,40.42833137512207,46.44879150390625,283,93.01580810546875,0.0,46.44879150390625,283
2025-07-17T19:22:21.490432,0,11,[],93.01580810546875,0.0,46.44879150390625,283,93.01580810546875,40.42833137512207,46.44879150390625,283
2025-07-17T19:22:21.560617,1,11,[],93.01580810546875,0.0,46.44879150390625,283,93.01580810546875,40.42833137512207,46.44879150390625,283
2025-07-17T19:22:21.565743,1,11,[],93.01580810546875,40.42833137512207,46.44879150390625,283,93.01580810546875,0.0,46.44879150390625,283
2025-07-17T19:22:21.648478,2,11,[],93.01580810546875,40.42833137512207,46.44879150390625,283,93.01580810546875,0.0,46.44879150390625,283
2025-07-17T19:22:21.648677,2,11,[],93.01580810546875,0.0,46.44879150390625,283,93.01580810546875,40.42833137512207,46.44879150390625,283
2025-07-17T19:22:21.734963,3,11,[],93.01580810546875,0.0,46.44879150390625,283,93.01580810546875,40.42833137512207,46.44879150390625,283
2025-07-17T19:22:21.734891,3,11,[],93.01580810546875,40.42833137512207,46.44879150390625,283,93.01580810546875,0.0,46.44879150390625,283
2025-07-17T19:22:21.818983,4,11,[],93.01580810546875,40.42833137512207,46.44879150390625,283,93.01580810546875,0.0,46.44879150390625,283
2025-07-17T19:22:21.824548,4,11,[],93.01580810546875,0.0,46.44879150390625,283,93.01580810546875,40.42833137512207,46.44879150390625,283
2025-07-17T19:22:21.914913,0,12,[],93.01580810546875,40.42833137512207,46.44879150390625,283,93.01580810546875,0.0,46.44879150390625,283
2025-07-17T19:22:21.916959,0,12,[],93.01580810546875,0.0,46.44879150390625,283,93.01580810546875,40.42833137512207,46.44879150390625,283
2025-07-17T19:22:21.989251,1,12,[],93.01580810546875,40.42833137512207,46.44879150390625,283,93.01580810546875,0.0,46.44879150390625,283
2025-07-17T19:22:21.989759,1,12,[],93.01580810546875,0.0,46.44879150390625,283,93.01580810546875,40.42833137512207,46.44879150390625,283
2025-07-17T19:22:22.076762,2,12,[],93.01580810546875,40.42833137512207,46.44879150390625,283,93.01580810546875,0.0,46.44879150390625,283
2025-07-17T19:22:22.077112,2,12,[],93.01580810546875,0.0,46.44879150390625,283,93.01580810546875,40.42833137512207,46.44879150390625,283
2025-07-17T19:22:22.164871,3,12,[],93.01580810546875,40.42833137512207,46.44879150390625,283,93.01580810546875,0.0,46.44879150390625,283
2025-07-17T19:22:22.165120,3,12,[],93.01580810546875,0.0,46.44879150390625,283,93.01580810546875,40.42833137512207,46.44879150390625,283
2025-07-17T19:22:22.253350,4,12,[],93.01580810546875,40.42833137512207,46.44879150390625,283,93.01580810546875,0.0,46.44879150390625,283
2025-07-17T19:22:22.253559,4,12,[],93.01580810546875,0.0,46.44879150390625,283,93.01580810546875,40.42833137512207,46.44879150390625,283
2025-07-17T19:22:22.354951,0,13,[],93.01580810546875,40.42833137512207,46.44879150390625,283,93.01580810546875,0.0,46.44879150390625,283
2025-07-17T19:22:22.356175,0,13,[],93.01580810546875,0.0,46.44879150390625,283,93.01580810546875,40.42833137512207,46.44879150390625,283
2025-07-17T19:22:22.430715,1,13,[],93.01580810546875,40.42833137512207,46.44879150390625,283,93.01580810546875,0.0,46.44879150390625,283
2025-07-17T19:22:22.435949,1,13,[],93.01580810546875,0.0,46.44879150390625,283,93.01580810546875,40.42833137512207,46.44879150390625,283
2025-07-17T19:22:22.517639,2,13,[],93.01580810546875,40.42833137512207,46.44879150390625,283,93.01580810546875,0.0,46.44879150390625,283
2025-07-17T19:22:22.518011,2,13,[],93.01580810546875,0.0,46.44879150390625,283,93.01580810546875,40.42833137512207,46.44879150390625,283
2025-07-17T19:22:22.603665,3,13,[],93.01580810546875,40.42833137512207,46.44879150390625,283,93.01580810546875,0.0,46.44879150390625,283
2025-07-17T19:22:22.603849,3,13,[],93.01580810546875,0.0,46.44879150390625,283,93.01580810546875,40.42833137512207,46.44879150390625,283
2025-07-17T19:22:22.688045,4,13,[],93.01580810546875,40.42833137512207,46.44879150390625,283,93.01580810546875,0.0,46.44879150390625,283
2025-07-17T19:22:22.688156,4,13,[],93.01580810546875,0.0,46.44879150390625,283,93.01580810546875,40.42833137512207,46.44879150390625,283
2025-07-17T19:22:22.786132,0,14,[],93.01580810546875,40.42833137512207,46.44879150390625,283,93.01580810546875,0.0,46.44879150390625,283
2025-07-17T19:22:22.788174,0,14,[],93.01580810546875,0.0,46.44879150390625,283,93.01580810546875,40.42833137512207,46.44879150390625,283
2025-07-17T19:22:22.859335,1,14,[],93.01580810546875,40.42833137512207,46.44879150390625,283,93.01580810546875,0.0,46.44879150390625,283
2025-07-17T19:22:22.859693,1,14,[],93.01580810546875,0.0,46.44879150390625,283,93.01580810546875,40.42833137512207,46.44879150390625,283
2025-07-17T19:22:22.945672,2,14,[],93.01580810546875,40.42833137512207,46.44879150390625,283,93.01580810546875,0.0,46.44879150390625,283
2025-07-17T19:22:22.945960,2,14,[],93.01580810546875,0.0,46.44879150390625,283,93.01580810546875,40.42833137512207,46.44879150390625,283
2025-07-17T19:22:23.033022,3,14,[],93.01580810546875,40.42833137512207,46.44879150390625,283,93.01580810546875,0.0,46.44879150390625,283
2025-07-17T19:22:23.033384,3,14,[],93.01580810546875,0.0,46.44879150390625,283,93.01580810546875,40.42833137512207,46.44879150390625,283
2025-07-17T19:22:23.120134,4,14,[],93.01580810546875,0.0,46.44879150390625,283,93.01580810546875,40.42833137512207,46.44879150390625,283
2025-07-17T19:22:23.120123,4,14,[],93.01580810546875,40.42833137512207,46.44879150390625,283,93.01580810546875,0.0,46.44879150390625,283
2025-07-17T19:22:23.220066,0,15,[],93.01580810546875,40.42833137512207,46.44879150390625,283,93.01580810546875,0.0,46.44879150390625,283
2025-07-17T19:22:23.221320,0,15,[],93.01580810546875,0.0,46.44879150390625,283,93.01580810546875,40.42833137512207,46.44879150390625,283
2025-07-17T19:22:23.294907,1,15,[],93.01580810546875,0.0,46.44879150390625,283,93.01580810546875,40.42833137512207,46.44879150390625,283
2025-07-17T19:22:23.295070,1,15,[],93.01580810546875,40.42833137512207,46.44879150390625,283,93.01580810546875,0.0,46.44879150390625,283
2025-07-17T19:22:23.382493,2,15,[],93.01580810546875,40.42833137512207,46.44879150390625,283,93.01580810546875,0.0,46.44879150390625,283
2025-07-17T19:22:23.382749,2,15,[],93.01580810546875,0.0,46.44879150390625,283,93.01580810546875,40.42833137512207,46.44879150390625,283
2025-07-17T19:22:23.470311,3,15,[],93.01580810546875,40.42833137512207,46.44879150390625,283,93.01580810546875,0.0,46.44879150390625,283
2025-07-17T19:22:23.470692,3,15,[],93.01580810546875,0.0,46.44879150390625,283,93.01580810546875,40.42833137512207,46.44879150390625,283
2025-07-17T19:22:23.556015,4,15,[],93.01580810546875,40.42833137512207,46.44879150390625,283,93.01580810546875,0.0,46.44879150390625,283
2025-07-17T19:22:23.556346,4,15,[],93.01580810546875,0.0,46.44879150390625,283,93.01580810546875,40.42833137512207,46.44879150390625,283
2025-07-17T19:22:23.655034,0,16,[],93.01580810546875,40.42833137512207,46.44879150390625,283,93.01580810546875,0.0,46.44879150390625,283
2025-07-17T19:22:23.656270,0,16,[],93.01580810546875,0.0,46.44879150390625,283,93.01580810546875,40.42833137512207,46.44879150390625,283
2025-07-17T19:22:23.727886,1,16,[],93.01580810546875,40.42833137512207,46.44879150390625,283,93.01580810546875,0.0,46.44879150390625,283
2025-07-17T19:22:23.728118,1,16,[],93.01580810546875,0.0,46.44879150390625,283,93.01580810546875,40.42833137512207,46.44879150390625,283
2025-07-17T19:22:23.814805,2,16,[],93.01580810546875,40.42833137512207,46.44879150390625,283,93.01580810546875,0.0,46.44879150390625,283
2025-07-17T19:22:23.814942,2,16,[],93.01580810546875,0.0,46.44879150390625,283,93.01580810546875,40.42833137512207,46.44879150390625,283
2025-07-17T19:22:23.899253,3,16,[],93.01580810546875,40.42833137512207,46.44879150390625,283,93.01580810546875,0.0,46.44879150390625,283
2025-07-17T19:22:23.899625,3,16,[],93.01580810546875,0.0,46.44879150390625,283,93.01580810546875,40.42833137512207,46.44879150390625,283
2025-07-17T19:22:23.984166,4,16,[],93.01580810546875,40.42833137512207,46.44879150390625,283,93.01580810546875,0.0,46.44879150390625,283
2025-07-17T19:22:23.984495,4,16,[],93.01580810546875,0.0,46.44879150390625,283,93.01580810546875,40.42833137512207,46.44879150390625,283
2025-07-17T19:22:24.085459,0,17,[],93.01580810546875,40.42833137512207,46.44879150390625,283,93.01580810546875,0.0,46.44879150390625,283
2025-07-17T19:22:24.086427,0,17,[],93.01580810546875,0.0,46.44879150390625,283,93.01580810546875,40.42833137512207,46.44879150390625,283
2025-07-17T19:22:24.160582,1,17,[],93.01580810546875,40.42833137512207,46.44879150390625,283,93.01580810546875,0.0,46.44879150390625,283
2025-07-17T19:22:24.160890,1,17,[],93.01580810546875,0.0,46.44879150390625,283,93.01580810546875,40.42833137512207,46.44879150390625,283
2025-07-17T19:22:24.249657,2,17,[],93.01580810546875,0.0,46.44879150390625,283,93.01580810546875,40.42833137512207,46.44879150390625,283
2025-07-17T19:22:24.249567,2,17,[],93.01580810546875,40.42833137512207,46.44879150390625,283,93.01580810546875,0.0,46.44879150390625,283
2025-07-17T19:22:24.336917,3,17,[],93.01580810546875,40.42833137512207,46.44879150390625,283,93.01580810546875,0.0,46.44879150390625,283
2025-07-17T19:22:24.337253,3,17,[],93.01580810546875,0.0,46.44879150390625,283,93.01580810546875,40.42833137512207,46.44879150390625,283
2025-07-17T19:22:24.423432,4,17,[],93.01580810546875,0.0,46.44879150390625,283,93.01580810546875,40.42833137512207,46.44879150390625,283
2025-07-17T19:22:24.423597,4,17,[],93.01580810546875,40.42833137512207,46.44879150390625,283,93.01580810546875,0.0,46.44879150390625,283
2025-07-17T19:22:24.523667,0,18,[],93.01580810546875,40.42833137512207,46.44879150390625,283,93.01580810546875,0.0,46.44879150390625,283
2025-07-17T19:22:24.525396,0,18,[],93.01580810546875,0.0,46.44879150390625,283,93.01580810546875,40.42833137512207,46.44879150390625,283
2025-07-17T19:22:24.595276,1,18,[],93.01580810546875,40.42833137512207,46.44879150390625,283,93.01580810546875,0.0,46.44879150390625,283
2025-07-17T19:22:24.595534,1,18,[],93.01580810546875,0.0,46.44879150390625,283,93.01580810546875,40.42833137512207,46.44879150390625,283
2025-07-17T19:22:24.681750,2,18,[],93.01580810546875,40.42833137512207,46.44879150390625,283,93.01580810546875,0.0,46.44879150390625,283
2025-07-17T19:22:24.681952,2,18,[],93.01580810546875,0.0,46.44879150390625,283,93.01580810546875,40.42833137512207,46.44879150390625,283
2025-07-17T19:22:24.769663,3,18,[],93.01580810546875,40.42833137512207,46.44879150390625,283,93.01580810546875,0.0,46.44879150390625,283
2025-07-17T19:22:24.770122,3,18,[],93.01580810546875,0.0,46.44879150390625,283,93.01580810546875,40.42833137512207,46.44879150390625,283
2025-07-17T19:22:24.856261,4,18,[],93.01580810546875,40.42833137512207,46.44879150390625,283,93.01580810546875,0.0,46.44879150390625,283
2025-07-17T19:22:24.856512,4,18,[],93.01580810546875,0.0,46.44879150390625,283,93.01580810546875,40.42833137512207,46.44879150390625,283
2025-07-17T19:22:24.955906,0,19,[],93.01580810546875,40.42833137512207,46.44879150390625,283,93.01580810546875,0.0,46.44879150390625,283
2025-07-17T19:22:24.956839,0,19,[],93.01580810546875,0.0,46.44879150390625,283,93.01580810546875,40.42833137512207,46.44879150390625,283
2025-07-17T19:22:25.029814,1,19,[],93.01580810546875,40.42833137512207,46.44879150390625,283,93.01580810546875,0.0,46.44879150390625,283
2025-07-17T19:22:25.029814,1,19,[],93.01580810546875,0.0,46.44879150390625,283,93.01580810546875,40.42833137512207,46.44879150390625,283
2025-07-17T19:22:25.118160,2,19,[],93.01580810546875,0.0,46.44879150390625,283,93.01580810546875,40.42833137512207,46.44879150390625,283
2025-07-17T19:22:25.118085,2,19,[],93.01580810546875,40.42833137512207,46.44879150390625,283,93.01580810546875,0.0,46.44879150390625,283
2025-07-17T19:22:25.204322,3,19,[],93.01580810546875,40.42833137512207,46.44879150390625,283,93.01580810546875,0.0,46.44879150390625,283
2025-07-17T19:22:25.204480,3,19,[],93.01580810546875,0.0,46.44879150390625,283,93.01580810546875,40.42833137512207,46.44879150390625,283
2025-07-17T19:22:25.290697,4,19,[],93.01580810546875,40.42833137512207,46.44879150390625,283,93.01580810546875,0.0,46.44879150390625,283
2025-07-17T19:22:25.291151,4,19,[],93.01580810546875,0.0,46.44879150390625,283,93.01580810546875,40.42833137512207,46.44879150390625,283
2025-07-17T19:22:25.393058,0,20,[],93.01580810546875,0.0,46.44879150390625,283,93.01580810546875,40.42833137512207,46.44879150390625,283
2025-07-17T19:22:25.397158,0,20,[],93.01580810546875,40.42833137512207,46.44879150390625,283,93.01580810546875,0.0,46.44879150390625,283
2025-07-17T19:22:25.465315,1,20,[],93.01580810546875,40.42833137512207,46.44879150390625,283,93.01580810546875,0.0,46.44879150390625,283
2025-07-17T19:22:25.465629,1,20,[],93.01580810546875,0.0,46.44879150390625,283,93.01580810546875,40.42833137512207,46.44879150390625,283
2025-07-17T19:22:25.553214,2,20,[],93.01580810546875,40.42833137512207,46.44879150390625,283,93.01580810546875,0.0,46.44879150390625,283
2025-07-17T19:22:25.553359,2,20,[],93.01580810546875,0.0,46.44879150390625,283,93.01580810546875,40.42833137512207,46.44879150390625,283
2025-07-17T19:22:25.640138,3,20,[],93.01580810546875,0.0,46.44879150390625,283,93.01580810546875,40.42833137512207,46.44879150390625,283
2025-07-17T19:22:25.640150,3,20,[],93.01580810546875,40.42833137512207,46.44879150390625,283,93.01580810546875,0.0,46.44879150390625,283
2025-07-17T19:22:25.725235,4,20,[],93.01580810546875,40.42833137512207,46.44879150390625,283,93.01580810546875,0.0,46.44879150390625,283
2025-07-17T19:22:25.725668,4,20,[],93.01580810546875,0.0,46.44879150390625,283,93.01580810546875,40.42833137512207,46.44879150390625,283
2025-07-17T19:22:25.825457,0,21,[],93.01580810546875,40.42833137512207,46.44879150390625,283,93.01580810546875,0.0,46.44879150390625,283
2025-07-17T19:22:25.826681,0,21,[],93.01580810546875,0.0,46.44879150390625,283,93.01580810546875,40.42833137512207,46.44879150390625,283
2025-07-17T19:22:25.897498,1,21,[],93.01580810546875,40.42833137512207,46.44879150390625,283,93.01580810546875,0.0,46.44879150390625,283
2025-07-17T19:22:25.897714,1,21,[],93.01580810546875,0.0,46.44879150390625,283,93.01580810546875,40.42833137512207,46.44879150390625,283
2025-07-17T19:22:25.985447,2,21,[],93.01580810546875,40.42833137512207,46.44879150390625,283,93.01580810546875,0.0,46.44879150390625,283
2025-07-17T19:22:25.985563,2,21,[],93.01580810546875,0.0,46.44879150390625,283,93.01580810546875,40.42833137512207,46.44879150390625,283
2025-07-17T19:22:26.073324,3,21,[],93.01580810546875,0.0,46.44879150390625,283,93.01580810546875,40.42833137512207,46.44879150390625,283
2025-07-17T19:22:26.073200,3,21,[],93.01580810546875,40.42833137512207,46.44879150390625,283,93.01580810546875,0.0,46.44879150390625,283
2025-07-17T19:22:26.160454,4,21,[],93.01580810546875,0.0,46.44879150390625,283,93.01580810546875,40.42833137512207,46.44879150390625,283
2025-07-17T19:22:26.165865,4,21,[],93.01580810546875,40.42833137512207,46.44879150390625,283,93.01580810546875,0.0,46.44879150390625,283
2025-07-17T19:22:26.260765,0,22,[],93.01580810546875,40.42833137512207,46.44879150390625,283,93.01580810546875,0.0,46.44879150390625,283
2025-07-17T19:22:26.267681,0,22,[],93.01580810546875,0.0,46.44879150390625,283,93.01580810546875,40.42833137512207,46.44879150390625,283
2025-07-17T19:22:26.335797,1,22,[],93.01580810546875,40.42833137512207,46.44879150390625,283,93.01580810546875,0.0,46.44879150390625,283
2025-07-17T19:22:26.335828,1,22,[],93.01580810546875,0.0,46.44879150390625,283,93.01580810546875,40.42833137512207,46.44879150390625,283
2025-07-17T19:22:26.424491,2,22,[],93.01580810546875,40.42833137512207,46.44879150390625,283,93.01580810546875,0.0,46.44879150390625,283
2025-07-17T19:22:26.424620,2,22,[],93.01580810546875,0.0,46.44879150390625,283,93.01580810546875,40.42833137512207,46.44879150390625,283
2025-07-17T19:22:26.512432,3,22,[],93.01580810546875,40.42833137512207,46.44879150390625,283,93.01580810546875,0.0,46.44879150390625,283
2025-07-17T19:22:26.512626,3,22,[],93.01580810546875,0.0,46.44879150390625,283,93.01580810546875,40.42833137512207,46.44879150390625,283
2025-07-17T19:22:26.597706,4,22,[],93.01580810546875,40.42833137512207,46.44879150390625,283,93.01580810546875,0.0,46.44879150390625,283
2025-07-17T19:22:26.598005,4,22,[],93.01580810546875,0.0,46.44879150390625,283,93.01580810546875,40.42833137512207,46.44879150390625,283
2025-07-17T19:22:26.696042,0,23,[],93.01580810546875,40.42833137512207,46.44879150390625,283,93.01580810546875,0.0,46.44879150390625,283
2025-07-17T19:22:26.697100,0,23,[],93.01580810546875,0.0,46.44879150390625,283,93.01580810546875,40.42833137512207,46.44879150390625,283
2025-07-17T19:22:26.770080,1,23,[],93.01580810546875,40.42833137512207,46.44879150390625,283,93.01580810546875,0.0,46.44879150390625,283
2025-07-17T19:22:26.770230,1,23,[],93.01580810546875,0.0,46.44879150390625,283,93.01580810546875,40.42833137512207,46.44879150390625,283
2025-07-17T19:22:26.857914,2,23,[],93.01580810546875,0.0,46.44879150390625,283,93.01580810546875,40.42833137512207,46.44879150390625,283
2025-07-17T19:22:26.857982,2,23,[],93.01580810546875,40.42833137512207,46.44879150390625,283,93.01580810546875,0.0,46.44879150390625,283
2025-07-17T19:22:26.945911,3,23,[],93.01580810546875,0.0,46.44879150390625,283,93.01580810546875,40.42833137512207,46.44879150390625,283
2025-07-17T19:22:26.951508,3,23,[],93.01580810546875,40.42833137512207,46.44879150390625,283,93.01580810546875,0.0,46.44879150390625,283
2025-07-17T19:22:27.031673,4,23,[],93.01580810546875,40.42833137512207,46.44879150390625,283,93.01580810546875,0.0,46.44879150390625,283
2025-07-17T19:22:27.037491,4,23,[],93.01580810546875,0.0,46.44879150390625,283,93.01580810546875,40.42833137512207,46.44879150390625,283
2025-07-17T19:22:27.133237,0,24,[],93.01580810546875,40.42833137512207,46.44879150390625,283,93.01580810546875,0.0,46.44879150390625,283
2025-07-17T19:22:27.135118,0,24,[],93.01580810546875,0.0,46.44879150390625,283,93.01580810546875,40.42833137512207,46.44879150390625,283
2025-07-17T19:22:27.207583,1,24,[],93.01580810546875,0.0,46.44879150390625,283,93.01580810546875,40.42833137512207,46.44879150390625,283
2025-07-17T19:22:27.207555,1,24,[],93.01580810546875,40.42833137512207,46.44879150390625,283,93.01580810546875,0.0,46.44879150390625,283
2025-07-17T19:22:27.295444,2,24,[],93.01580810546875,40.42833137512207,46.44879150390625,283,93.01580810546875,0.0,46.44879150390625,283
2025-07-17T19:22:27.295579,2,24,[],93.01580810546875,0.0,46.44879150390625,283,93.01580810546875,40.42833137512207,46.44879150390625,283
2025-07-17T19:22:27.381687,3,24,[],93.01580810546875,40.42833137512207,46.44879150390625,283,93.01580810546875,0.0,46.44879150390625,283
2025-07-17T19:22:27.382074,3,24,[],93.01580810546875,0.0,46.44879150390625,283,93.01580810546875,40.42833137512207,46.44879150390625,283
2025-07-17T19:22:27.467380,4,24,[],93.01580810546875,0.0,46.44879150390625,283,93.01580810546875,40.42833137512207,46.44879150390625,283
2025-07-17T19:22:27.467455,4,24,[],93.01580810546875,40.42833137512207,46.44879150390625,283,93.01580810546875,0.0,46.44879150390625,283
2025-07-17T19:22:27.567907,0,25,[],93.01580810546875,40.42833137512207,46.44879150390625,283,93.01580810546875,0.0,46.44879150390625,283
2025-07-17T19:22:27.568995,0,25,[],93.01580810546875,0.0,46.44879150390625,283,93.01580810546875,40.42833137512207,46.44879150390625,283
2025-07-17T19:22:27.640982,1,25,[],93.01580810546875,40.42833137512207,46.44879150390625,283,93.01580810546875,0.0,46.44879150390625,283
2025-07-17T19:22:27.641248,1,25,[],93.01580810546875,0.0,46.44879150390625,283,93.01580810546875,40.42833137512207,46.44879150390625,283
2025-07-17T19:22:27.728496,2,25,[],93.01580810546875,0.0,46.44879150390625,283,93.01580810546875,40.42833137512207,46.44879150390625,283
2025-07-17T19:22:27.733880,2,25,[],93.01580810546875,40.42833137512207,46.44879150390625,283,93.01580810546875,0.0,46.44879150390625,283
2025-07-17T19:22:27.816237,3,25,[],93.01580810546875,40.42833137512207,46.44879150390625,283,93.01580810546875,0.0,46.44879150390625,283
2025-07-17T19:22:27.821957,3,25,[],93.01580810546875,0.0,46.44879150390625,283,93.01580810546875,40.42833137512207,46.44879150390625,283
2025-07-17T19:22:27.901008,4,25,[],93.01580810546875,0.0,46.44879150390625,283,93.01580810546875,40.42833137512207,46.44879150390625,283
2025-07-17T19:22:27.900900,4,25,[],93.01580810546875,40.42833137512207,46.44879150390625,283,93.01580810546875,0.0,46.44879150390625,283
2025-07-17T19:22:28.001437,0,26,[],93.01580810546875,40.42833137512207,46.44879150390625,283,93.01580810546875,0.0,46.44879150390625,283
2025-07-17T19:22:28.003318,0,26,[],93.01580810546875,0.0,46.44879150390625,283,93.01580810546875,40.42833137512207,46.44879150390625,283
2025-07-17T19:22:28.076140,1,26,[],93.01580810546875,40.42833137512207,46.44879150390625,283,93.01580810546875,0.0,46.44879150390625,283
2025-07-17T19:22:28.076240,1,26,[],93.01580810546875,0.0,46.44879150390625,283,93.01580810546875,40.42833137512207,46.44879150390625,283
2025-07-17T19:22:28.164164,2,26,[],93.01580810546875,40.42833137512207,46.44879150390625,283,93.01580810546875,0.0,46.44879150390625,283
2025-07-17T19:22:28.164353,2,26,[],93.01580810546875,0.0,46.44879150390625,283,93.01580810546875,40.42833137512207,46.44879150390625,283
2025-07-17T19:22:28.251207,3,26,[],93.01580810546875,40.42833137512207,46.44879150390625,283,93.01580810546875,0.0,46.44879150390625,283
2025-07-17T19:22:28.251445,3,26,[],93.01580810546875,0.0,46.44879150390625,283,93.01580810546875,40.42833137512207,46.44879150390625,283
2025-07-17T19:22:28.337853,4,26,[],93.01580810546875,40.42833137512207,46.44879150390625,283,93.01580810546875,0.0,46.44879150390625,283
2025-07-17T19:22:28.338062,4,26,[],93.01580810546875,0.0,46.44879150390625,283,93.01580810546875,40.42833137512207,46.44879150390625,283
2025-07-17T19:22:28.438211,0,27,[],93.01580810546875,40.42833137512207,46.44879150390625,283,93.01580810546875,0.0,46.44879150390625,283
2025-07-17T19:22:28.439584,0,27,[],93.01580810546875,0.0,46.44879150390625,283,93.01580810546875,40.42833137512207,46.44879150390625,283
2025-07-17T19:22:28.511932,1,27,[],93.01580810546875,0.0,46.44879150390625,283,93.01580810546875,40.42833137512207,46.44879150390625,283
2025-07-17T19:22:28.517374,1,27,[],93.01580810546875,40.42833137512207,46.44879150390625,283,93.01580810546875,0.0,46.44879150390625,283
2025-07-17T19:22:28.597420,2,27,[],93.01580810546875,40.42833137512207,46.44879150390625,283,93.01580810546875,0.0,46.44879150390625,283
2025-07-17T19:22:28.603229,2,27,[],93.01580810546875,0.0,46.44879150390625,283,93.01580810546875,40.42833137512207,46.44879150390625,283
2025-07-17T19:22:28.685145,3,27,[],93.01580810546875,0.0,46.44879150390625,283,93.01580810546875,40.42833137512207,46.44879150390625,283
2025-07-17T19:22:28.686578,3,27,[],93.01580810546875,40.42833137512207,46.44879150390625,283,93.01580810546875,0.0,46.44879150390625,283
2025-07-17T19:22:28.772610,4,27,[],93.01580810546875,0.0,46.44879150390625,283,93.01580810546875,40.42833137512207,46.44879150390625,283
2025-07-17T19:22:28.772754,4,27,[],93.01580810546875,40.42833137512207,46.44879150390625,283,93.01580810546875,0.0,46.44879150390625,283
2025-07-17T19:22:28.871871,0,28,[],93.01580810546875,40.42833137512207,46.44879150390625,283,93.01580810546875,0.0,46.44879150390625,283
2025-07-17T19:22:28.873742,0,28,[],93.01580810546875,0.0,46.44879150390625,283,93.01580810546875,40.42833137512207,46.44879150390625,283
2025-07-17T19:22:28.947204,1,28,[],93.01580810546875,40.42833137512207,46.44879150390625,283,93.01580810546875,0.0,46.44879150390625,283
2025-07-17T19:22:28.947458,1,28,[],93.01580810546875,0.0,46.44879150390625,283,93.01580810546875,40.42833137512207,46.44879150390625,283
2025-07-17T19:22:29.036233,2,28,[],93.01580810546875,40.42833137512207,46.44879150390625,283,93.01580810546875,0.0,46.44879150390625,283
2025-07-17T19:22:29.036494,2,28,[],93.01580810546875,0.0,46.44879150390625,283,93.01580810546875,40.42833137512207,46.44879150390625,283
2025-07-17T19:22:29.124935,3,28,[],93.01580810546875,0.0,46.44879150390625,283,93.01580810546875,40.42833137512207,46.44879150390625,283
2025-07-17T19:22:29.124839,3,28,[],93.01580810546875,40.42833137512207,46.44879150390625,283,93.01580810546875,0.0,46.44879150390625,283
2025-07-17T19:22:29.210568,4,28,[],93.01580810546875,0.0,46.44879150390625,283,93.01580810546875,40.42833137512207,46.44879150390625,283
2025-07-17T19:22:29.210629,4,28,[],93.01580810546875,40.42833137512207,46.44879150390625,283,93.01580810546875,0.0,46.44879150390625,283
2025-07-17T19:22:29.311249,0,29,[],93.01580810546875,40.42833137512207,46.44879150390625,283,93.01580810546875,0.0,46.44879150390625,283
2025-07-17T19:22:29.312065,0,29,[],93.01580810546875,0.0,46.44879150390625,283,93.01580810546875,40.42833137512207,46.44879150390625,283
2025-07-17T19:22:29.385439,1,29,[],93.01580810546875,40.42833137512207,46.44879150390625,283,93.01580810546875,0.0,46.44879150390625,283
2025-07-17T19:22:29.391409,1,29,[],93.01580810546875,0.0,46.44879150390625,283,93.01580810546875,40.42833137512207,46.44879150390625,283
2025-07-17T19:22:29.473048,2,29,[],93.01580810546875,40.42833137512207,46.44879150390625,283,93.01580810546875,0.0,46.44879150390625,283
2025-07-17T19:22:29.473264,2,29,[],93.01580810546875,0.0,46.44879150390625,283,93.01580810546875,40.42833137512207,46.44879150390625,283
2025-07-17T19:22:29.560063,3,29,[],93.01580810546875,40.42833137512207,46.44879150390625,283,93.01580810546875,0.0,46.44879150390625,283
2025-07-17T19:22:29.560395,3,29,[],93.01580810546875,0.0,46.44879150390625,283,93.01580810546875,40.42833137512207,46.44879150390625,283
2025-07-17T19:22:29.646043,4,29,[],93.01580810546875,40.42833137512207,46.44879150390625,283,93.01580810546875,0.0,46.44879150390625,283
2025-07-17T19:22:29.646133,4,29,[],93.01580810546875,0.0,46.44879150390625,283,93.01580810546875,40.42833137512207,46.44879150390625,283
2025-07-17T19:22:29.746924,0,30,[],93.01580810546875,40.42833137512207,46.44879150390625,283,93.01580810546875,0.0,46.44879150390625,283
2025-07-17T19:22:29.748770,0,30,[],93.01580810546875,0.0,46.44879150390625,283,93.01580810546875,40.42833137512207,46.44879150390625,283
2025-07-17T19:22:29.821353,1,30,[],93.01580810546875,40.42833137512207,46.44879150390625,283,93.01580810546875,0.0,46.44879150390625,283
2025-07-17T19:22:29.821431,1,30,[],93.01580810546875,0.0,46.44879150390625,283,93.01580810546875,40.42833137512207,46.44879150390625,283
2025-07-17T19:22:29.908565,2,30,[],93.01580810546875,40.42833137512207,46.44879150390625,283,93.01580810546875,0.0,46.44879150390625,283
2025-07-17T19:22:29.908808,2,30,[],93.01580810546875,0.0,46.44879150390625,283,93.01580810546875,40.42833137512207,46.44879150390625,283
2025-07-17T19:22:29.997888,3,30,[],93.01580810546875,40.42833137512207,46.44879150390625,283,93.01580810546875,0.0,46.44879150390625,283
2025-07-17T19:22:29.998125,3,30,[],93.01580810546875,0.0,46.44879150390625,283,93.01580810546875,40.42833137512207,46.44879150390625,283
2025-07-17T19:22:30.084045,4,30,[],93.01580810546875,40.42833137512207,46.44879150390625,283,93.01580810546875,0.0,46.44879150390625,283
2025-07-17T19:22:30.084345,4,30,[],93.01580810546875,0.0,46.44879150390625,283,93.01580810546875,40.42833137512207,46.44879150390625,283
2025-07-17T19:22:30.184865,0,31,[],93.01580810546875,40.42833137512207,46.44879150390625,283,93.01580810546875,0.0,46.44879150390625,283
2025-07-17T19:22:30.185975,0,31,[],93.01580810546875,0.0,46.44879150390625,283,93.01580810546875,40.42833137512207,46.44879150390625,283
2025-07-17T19:22:30.345893,1,31,[],93.01580810546875,0.0,46.44879150390625,283,93.01580810546875,40.16465950012207,46.44879150390625,283
2025-07-17T19:22:30.345934,1,31,[],93.01580810546875,40.16465950012207,46.44879150390625,283,93.01580810546875,0.0,46.44879150390625,283
2025-07-17T19:22:30.442783,2,31,[],93.01580810546875,39.90098762512207,46.44879150390625,283,93.01580810546875,0.0,46.44879150390625,283
2025-07-17T19:22:30.443144,2,31,[],93.01580810546875,0.0,46.44879150390625,283,93.01580810546875,39.90098762512207,46.44879150390625,283
2025-07-17T19:22:30.539349,3,31,[],93.01580810546875,39.63731575012207,46.44879150390625,283,93.01580810546875,0.0,46.44879150390625,283
2025-07-17T19:22:30.539657,3,31,[],93.01580810546875,0.0,46.44879150390625,283,93.01580810546875,39.63731575012207,46.44879150390625,283
2025-07-17T19:22:30.637806,4,31,[],93.01580810546875,39.37423896789551,46.44879150390625,283,93.01580810546875,0.0,46.44879150390625,283
2025-07-17T19:22:30.638227,4,31,[],93.01580810546875,0.0,46.44879150390625,283,93.01580810546875,39.37423896789551,46.44879150390625,283
2025-07-17T19:23:28.594769,0,0,[],93.01580810546875,38.770198345184326,52.27691650390625,318,93.01580810546875,0.0,52.27691650390625,318
2025-07-17T19:23:28.595738,0,0,[],93.01580810546875,0.0,52.25543212890625,318,93.01580810546875,38.770198345184326,52.27691650390625,318
2025-07-17T19:23:28.609997,0,1,[],93.01580810546875,38.813167095184326,51.91754150390625,316,93.01580810546875,0.0,51.91754150390625,316
2025-07-17T19:23:28.610913,0,1,[],93.01580810546875,0.0,51.91754150390625,316,93.01580810546875,38.813167095184326,51.91754150390625,316
2025-07-17T19:23:28.619967,0,2,[],93.01580810546875,38.813167095184326,51.91754150390625,316,93.01580810546875,0.0,51.91754150390625,316
2025-07-17T19:23:28.622470,0,2,[],93.01580810546875,0.0,51.91754150390625,316,93.01580810546875,38.813167095184326,51.91754150390625,316
2025-07-17T19:23:28.629961,0,3,[],93.01580810546875,38.813167095184326,51.91754150390625,316,93.01580810546875,0.0,51.91754150390625,316
2025-07-17T19:23:28.633207,0,3,[],93.01580810546875,0.0,51.91754150390625,316,93.01580810546875,38.813167095184326,51.91754150390625,316
2025-07-17T19:23:28.639452,0,4,[],93.01580810546875,38.813167095184326,51.91754150390625,316,93.01580810546875,0.0,51.91754150390625,316
2025-07-17T19:23:28.643786,0,4,[],93.01580810546875,0.0,51.87457275390625,316,93.01580810546875,38.813167095184326,51.91754150390625,316
2025-07-17T19:23:28.649101,0,5,[],93.01580810546875,38.812678813934326,51.87457275390625,316,93.01580810546875,0.0,51.91754150390625,316
2025-07-17T19:23:28.654198,0,5,[],93.01580810546875,0.0,51.87457275390625,316,93.01580810546875,38.813167095184326,51.91754150390625,316
2025-07-17T19:23:28.659159,0,6,[],93.01580810546875,38.813167095184326,51.87457275390625,316,93.01580810546875,0.0,51.91754150390625,316
2025-07-17T19:23:28.664684,0,6,[],93.01580810546875,0.0,51.87457275390625,316,93.01580810546875,38.813167095184326,51.91754150390625,316
2025-07-17T19:23:28.669554,0,7,[],93.01580810546875,38.813167095184326,51.87457275390625,316,93.01580810546875,0.0,51.91754150390625,316
2025-07-17T19:23:28.675020,0,7,[],93.01580810546875,0.0,51.87457275390625,316,93.01580810546875,38.813167095184326,51.91754150390625,316
2025-07-17T19:23:28.679881,0,8,[],93.01580810546875,38.812678813934326,51.87457275390625,316,93.01580810546875,0.0,51.91754150390625,316
2025-07-17T19:23:28.685361,0,8,[],93.01580810546875,0.0,51.87457275390625,316,93.01580810546875,38.813167095184326,51.91754150390625,316
2025-07-17T19:23:28.690401,0,9,[],93.01580810546875,38.813167095184326,51.87457275390625,316,93.01580810546875,0.0,51.91754150390625,316
2025-07-17T19:23:28.695985,0,9,[],93.01580810546875,0.0,51.87457275390625,316,93.01580810546875,38.813167095184326,51.91754150390625,316
2025-07-17T19:23:28.701166,0,10,[],93.01580810546875,38.813167095184326,51.87457275390625,316,93.01580810546875,0.0,51.91754150390625,316
2025-07-17T19:23:28.706529,0,10,[],93.01580810546875,0.0,51.87457275390625,316,93.01580810546875,38.813167095184326,51.91754150390625,316
2025-07-17T19:23:28.711204,0,11,[],93.01580810546875,38.812678813934326,51.87457275390625,316,93.01580810546875,0.0,51.91754150390625,316
2025-07-17T19:23:28.717189,0,11,[],93.01580810546875,0.0,51.87457275390625,316,93.01580810546875,38.813167095184326,51.91754150390625,316
2025-07-17T19:23:28.722549,0,12,[],93.01580810546875,38.813167095184326,51.87457275390625,316,93.01580810546875,0.0,51.91754150390625,316
2025-07-17T19:23:28.727827,0,12,[],93.01580810546875,0.0,51.87457275390625,316,93.01580810546875,38.813167095184326,51.91754150390625,316
2025-07-17T19:23:28.732491,0,13,[],93.01580810546875,38.813167095184326,51.87457275390625,316,93.01580810546875,0.0,51.91754150390625,316
2025-07-17T19:23:28.738278,0,13,[],93.01580810546875,0.0,51.87457275390625,316,93.01580810546875,38.813167095184326,51.91754150390625,316
2025-07-17T19:23:28.743157,0,14,[],93.01580810546875,38.812678813934326,51.87457275390625,316,93.01580810546875,0.0,51.91754150390625,316
2025-07-17T19:23:28.749174,0,14,[],93.01580810546875,0.0,51.87457275390625,316,93.01580810546875,38.813167095184326,51.91754150390625,316
2025-07-17T19:23:28.753527,0,15,[],93.01580810546875,38.813167095184326,51.87457275390625,316,93.01580810546875,0.0,51.91754150390625,316
2025-07-17T19:23:28.759610,0,15,[],93.01580810546875,0.0,51.87457275390625,316,93.01580810546875,38.813167095184326,51.91754150390625,316
2025-07-17T19:23:28.764892,0,16,[],93.01580810546875,38.813167095184326,51.87457275390625,316,93.01580810546875,0.0,51.91754150390625,316
2025-07-17T19:23:28.769986,0,16,[],93.01580810546875,0.0,51.87457275390625,316,93.01580810546875,38.813167095184326,51.91754150390625,316
2025-07-17T19:23:28.775238,0,17,[],93.01580810546875,38.812678813934326,51.87457275390625,316,93.01580810546875,0.0,51.91754150390625,316
2025-07-17T19:23:28.780530,0,17,[],93.01580810546875,0.0,51.87457275390625,316,93.01580810546875,38.813167095184326,51.91754150390625,316
2025-07-17T19:23:28.785414,0,18,[],93.01580810546875,38.813167095184326,51.87457275390625,316,93.01580810546875,0.0,51.91754150390625,316
2025-07-17T19:23:28.790950,0,18,[],93.01580810546875,0.0,51.87457275390625,316,93.01580810546875,38.813167095184326,51.91754150390625,316
2025-07-17T19:23:28.795747,0,19,[],93.01580810546875,38.813167095184326,51.87457275390625,316,93.01580810546875,0.0,51.91754150390625,316
2025-07-17T19:23:28.801396,0,19,[],93.01580810546875,0.0,51.87457275390625,316,93.01580810546875,38.813167095184326,51.91754150390625,316
2025-07-17T19:23:28.806387,0,20,[],93.01580810546875,38.812678813934326,51.87457275390625,316,93.01580810546875,0.0,51.91754150390625,316
2025-07-17T19:23:28.811829,0,20,[],93.01580810546875,0.0,51.87457275390625,316,93.01580810546875,38.813167095184326,51.91754150390625,316
2025-07-17T19:23:28.816696,0,21,[],93.01580810546875,38.813167095184326,51.87457275390625,316,93.01580810546875,0.0,51.91754150390625,316
2025-07-17T19:23:28.822255,0,21,[],93.01580810546875,0.0,51.87457275390625,316,93.01580810546875,38.813167095184326,51.91754150390625,316
2025-07-17T19:23:28.827023,0,22,[],93.01580810546875,38.813167095184326,51.87457275390625,316,93.01580810546875,0.0,51.91754150390625,316
2025-07-17T19:23:28.832978,0,22,[],93.01580810546875,0.0,51.87457275390625,316,93.01580810546875,38.813167095184326,51.91754150390625,316
2025-07-17T19:23:28.837916,0,23,[],93.01580810546875,38.812678813934326,51.87457275390625,316,93.01580810546875,0.0,51.91754150390625,316
2025-07-17T19:23:28.843310,0,23,[],93.01580810546875,0.0,51.87457275390625,316,93.01580810546875,38.813167095184326,51.91754150390625,316
2025-07-17T19:23:28.848206,0,24,[],93.01580810546875,38.813167095184326,51.87457275390625,316,93.01580810546875,0.0,51.91754150390625,316
2025-07-17T19:23:28.853699,0,24,[],93.01580810546875,0.0,51.87457275390625,316,93.01580810546875,38.813167095184326,51.91754150390625,316
2025-07-17T19:23:28.858604,0,25,[],93.01580810546875,38.813167095184326,51.87457275390625,316,93.01580810546875,0.0,51.91754150390625,316
2025-07-17T19:23:28.864204,0,25,[],93.01580810546875,0.0,51.87457275390625,316,93.01580810546875,38.813167095184326,51.91754150390625,316
2025-07-17T19:23:28.868907,0,26,[],93.01580810546875,38.812678813934326,51.87457275390625,316,93.01580810546875,0.0,51.91754150390625,316
2025-07-17T19:23:28.874673,0,26,[],93.01580810546875,0.0,51.87457275390625,316,93.01580810546875,38.813167095184326,51.91754150390625,316
2025-07-17T19:23:28.879484,0,27,[],93.01580810546875,38.813167095184326,51.87457275390625,316,93.01580810546875,0.0,51.91754150390625,316
2025-07-17T19:23:28.885029,0,27,[],93.01580810546875,0.0,51.87457275390625,316,93.01580810546875,38.813167095184326,51.91754150390625,316
2025-07-17T19:23:28.890637,0,28,[],93.01580810546875,38.813167095184326,51.87457275390625,316,93.01580810546875,0.0,51.91754150390625,316
2025-07-17T19:23:28.895564,0,28,[],93.01580810546875,0.0,51.87457275390625,316,93.01580810546875,38.813167095184326,51.91754150390625,316
2025-07-17T19:23:28.900298,0,29,[],93.01580810546875,38.812678813934326,51.87457275390625,316,93.01580810546875,0.0,51.91754150390625,316
2025-07-17T19:23:28.905911,0,29,[],93.01580810546875,0.0,51.87457275390625,316,93.01580810546875,38.813167095184326,51.91754150390625,316
2025-07-17T19:23:28.911003,0,30,[],93.01580810546875,38.813167095184326,51.87457275390625,316,93.01580810546875,0.0,51.91754150390625,316
2025-07-17T19:23:28.916841,0,30,[],93.01580810546875,0.0,51.87457275390625,316,93.01580810546875,38.813167095184326,51.91754150390625,316
2025-07-17T19:23:28.921115,0,31,[],93.01580810546875,38.813167095184326,51.87457275390625,316,93.01580810546875,0.0,51.91754150390625,316
2025-07-17T19:23:28.926865,0,31,[],93.01580810546875,0.0,51.87457275390625,316,93.01580810546875,38.813167095184326,51.91754150390625,316
2025-07-17T19:23:29.380700,0,0,[],93.01580810546875,38.847307205200195,52.18511962890625,318,93.01580810546875,0.0,52.27691650390625,318
2025-07-17T19:23:29.420994,0,0,[],93.01580810546875,0.0,47.76715087890625,291,93.01580810546875,38.847307205200195,52.18511962890625,318
2025-07-17T19:23:29.433923,1,0,[],93.01580810546875,0.0,47.76715087890625,291,93.01580810546875,39.110979080200195,47.76715087890625,291
2025-07-17T19:23:29.441459,1,0,[],93.01580810546875,39.110979080200195,47.76715087890625,291,93.01580810546875,0.0,47.23980712890625,287
2025-07-17T19:23:29.520421,2,0,[],93.01580810546875,0.0,47.23980712890625,287,93.01580810546875,39.374650955200195,47.23980712890625,287
2025-07-17T19:23:29.520719,2,0,[],93.01580810546875,39.374650955200195,47.23980712890625,287,93.01580810546875,0.0,47.23980712890625,287
2025-07-17T19:23:29.606311,3,0,[],93.01580810546875,39.638322830200195,46.71246337890625,284,93.01580810546875,0.0,46.71246337890625,284
2025-07-17T19:23:29.606498,3,0,[],93.01580810546875,0.0,46.71246337890625,284,93.01580810546875,39.638322830200195,46.71246337890625,284
2025-07-17T19:23:29.688422,4,0,[],93.01580810546875,39.901506423950195,46.71246337890625,284,93.01580810546875,0.0,46.71246337890625,284
2025-07-17T19:23:29.688450,4,0,[],93.01580810546875,0.0,46.71246337890625,284,93.01580810546875,39.901506423950195,46.71246337890625,284
2025-07-17T19:23:29.787327,0,1,[],93.01580810546875,40.429338455200195,45.92144775390625,279,93.01580810546875,0.0,45.92144775390625,279
2025-07-17T19:23:29.788366,0,1,[],93.01580810546875,0.0,45.92144775390625,279,93.01580810546875,40.429338455200195,45.92144775390625,279
2025-07-17T19:23:29.855089,1,1,[],93.01580810546875,40.429338455200195,45.92144775390625,279,93.01580810546875,0.0,45.92144775390625,279
2025-07-17T19:23:29.860919,1,1,[],93.01580810546875,0.0,45.92144775390625,279,93.01580810546875,40.429338455200195,45.92144775390625,279
2025-07-17T19:23:29.938378,2,1,[],93.01580810546875,0.0,45.92144775390625,279,93.01580810546875,40.429338455200195,45.92144775390625,279
2025-07-17T19:23:29.938336,2,1,[],93.01580810546875,40.429338455200195,45.92144775390625,279,93.01580810546875,0.0,45.92144775390625,279
2025-07-17T19:23:30.022336,3,1,[],93.01580810546875,40.429338455200195,45.92144775390625,279,93.01580810546875,0.0,45.92144775390625,279
2025-07-17T19:23:30.022422,3,1,[],93.01580810546875,0.0,45.92144775390625,279,93.01580810546875,40.429338455200195,45.92144775390625,279
2025-07-17T19:23:30.103515,4,1,[],93.01580810546875,0.0,45.92144775390625,279,93.01580810546875,40.429338455200195,45.92144775390625,279
2025-07-17T19:23:30.103555,4,1,[],93.01580810546875,40.429338455200195,45.92144775390625,279,93.01580810546875,0.0,45.92144775390625,279
2025-07-17T19:23:30.199940,0,2,[],93.01580810546875,40.429338455200195,45.92144775390625,279,93.01580810546875,0.0,45.92144775390625,279
2025-07-17T19:23:30.201320,0,2,[],93.01580810546875,0.0,45.92144775390625,279,93.01580810546875,40.429338455200195,45.92144775390625,279
2025-07-17T19:23:30.274596,1,2,[],93.01580810546875,0.0,45.92144775390625,279,93.01580810546875,40.429338455200195,45.92144775390625,279
2025-07-17T19:23:30.274580,1,2,[],93.01580810546875,40.429338455200195,45.92144775390625,279,93.01580810546875,0.0,45.92144775390625,279
2025-07-17T19:23:30.370334,2,2,[],93.01580810546875,0.0,45.92144775390625,279,93.01580810546875,40.429338455200195,45.92144775390625,279
2025-07-17T19:23:30.370530,2,2,[],93.01580810546875,40.429338455200195,45.92144775390625,279,93.01580810546875,0.0,45.92144775390625,279
2025-07-17T19:23:30.465509,3,2,[],93.01580810546875,0.0,45.92144775390625,279,93.01580810546875,40.429338455200195,45.92144775390625,279
2025-07-17T19:23:30.465514,3,2,[],93.01580810546875,40.429338455200195,45.92144775390625,279,93.01580810546875,0.0,45.92144775390625,279
2025-07-17T19:23:30.557885,4,2,[],93.01580810546875,0.0,45.92144775390625,279,93.01580810546875,40.429338455200195,45.92144775390625,279
2025-07-17T19:23:30.558092,4,2,[],93.01580810546875,40.429338455200195,45.92144775390625,279,93.01580810546875,0.0,45.92144775390625,279
2025-07-17T19:23:30.659797,0,3,[],93.01580810546875,40.429338455200195,45.92144775390625,279,93.01580810546875,0.0,45.92144775390625,279
2025-07-17T19:23:30.660864,0,3,[],93.01580810546875,0.0,45.92144775390625,279,93.01580810546875,40.429338455200195,45.92144775390625,279
2025-07-17T19:23:30.732745,1,3,[],93.01580810546875,0.0,45.92144775390625,279,93.01580810546875,40.429338455200195,45.92144775390625,279
2025-07-17T19:23:30.734177,1,3,[],93.01580810546875,40.429338455200195,45.92144775390625,279,93.01580810546875,0.0,45.92144775390625,279
2025-07-17T19:23:30.818616,2,3,[],93.01580810546875,0.0,45.92144775390625,279,93.01580810546875,40.429338455200195,45.92144775390625,279
2025-07-17T19:23:30.818922,2,3,[],93.01580810546875,40.429338455200195,45.92144775390625,279,93.01580810546875,0.0,45.92144775390625,279
2025-07-17T19:23:30.902851,3,3,[],93.01580810546875,0.0,45.92144775390625,279,93.01580810546875,40.429338455200195,45.92144775390625,279
2025-07-17T19:23:30.903336,3,3,[],93.01580810546875,40.429338455200195,45.92144775390625,279,93.01580810546875,0.0,45.92144775390625,279
2025-07-17T19:23:30.983534,4,3,[],93.01580810546875,0.0,45.92144775390625,279,93.01580810546875,40.429338455200195,45.92144775390625,279
2025-07-17T19:23:30.983859,4,3,[],93.01580810546875,40.429338455200195,45.92144775390625,279,93.01580810546875,0.0,45.92144775390625,279
2025-07-17T19:23:31.080662,0,4,[],93.01580810546875,40.429338455200195,45.92144775390625,279,93.01580810546875,0.0,45.92144775390625,279
2025-07-17T19:23:31.081488,0,4,[],93.01580810546875,0.0,45.92144775390625,279,93.01580810546875,40.429338455200195,45.92144775390625,279
2025-07-17T19:23:31.151853,1,4,[],93.01580810546875,0.0,45.92144775390625,279,93.01580810546875,40.429338455200195,45.92144775390625,279
2025-07-17T19:23:31.152134,1,4,[],93.01580810546875,40.429338455200195,45.92144775390625,279,93.01580810546875,0.0,45.92144775390625,279
2025-07-17T19:23:31.239712,2,4,[],93.01580810546875,0.0,45.92144775390625,279,93.01580810546875,40.429338455200195,45.92144775390625,279
2025-07-17T19:23:31.239723,2,4,[],93.01580810546875,40.429338455200195,45.92144775390625,279,93.01580810546875,0.0,45.92144775390625,279
2025-07-17T19:23:31.331432,3,4,[],93.01580810546875,0.0,45.92144775390625,279,93.01580810546875,40.429338455200195,45.92144775390625,279
2025-07-17T19:23:31.331500,3,4,[],93.01580810546875,40.429338455200195,45.92144775390625,279,93.01580810546875,0.0,45.92144775390625,279
2025-07-17T19:23:31.423377,4,4,[],93.01580810546875,0.0,45.92144775390625,279,93.01580810546875,40.429338455200195,45.92144775390625,279
2025-07-17T19:23:31.423669,4,4,[],93.01580810546875,40.429338455200195,45.92144775390625,279,93.01580810546875,0.0,45.92144775390625,279
2025-07-17T19:23:31.528452,0,5,[],93.01580810546875,40.429338455200195,45.92144775390625,279,93.01580810546875,0.0,45.92144775390625,279
2025-07-17T19:23:31.529047,0,5,[],93.01580810546875,0.0,45.92144775390625,279,93.01580810546875,40.429338455200195,45.92144775390625,279
2025-07-17T19:23:31.604062,1,5,[],93.01580810546875,0.0,45.92144775390625,279,93.01580810546875,40.429338455200195,45.92144775390625,279
2025-07-17T19:23:31.604661,1,5,[],93.01580810546875,40.429338455200195,45.92144775390625,279,93.01580810546875,0.0,45.92144775390625,279
2025-07-17T19:23:31.691655,2,5,[],93.01580810546875,0.0,45.92144775390625,279,93.01580810546875,40.429338455200195,45.92144775390625,279
2025-07-17T19:23:31.691785,2,5,[],93.01580810546875,40.429338455200195,45.92144775390625,279,93.01580810546875,0.0,45.92144775390625,279
2025-07-17T19:23:31.777614,3,5,[],93.01580810546875,0.0,45.92144775390625,279,93.01580810546875,40.429338455200195,45.92144775390625,279
2025-07-17T19:23:31.777689,3,5,[],93.01580810546875,40.429338455200195,45.92144775390625,279,93.01580810546875,0.0,45.92144775390625,279
2025-07-17T19:23:31.861024,4,5,[],93.01580810546875,0.0,45.92144775390625,279,93.01580810546875,40.429338455200195,45.92144775390625,279
2025-07-17T19:23:31.861264,4,5,[],93.01580810546875,40.429338455200195,45.92144775390625,279,93.01580810546875,0.0,45.92144775390625,279
2025-07-17T19:23:31.959479,0,6,[],93.01580810546875,0.0,45.92144775390625,279,93.01580810546875,40.429338455200195,45.92144775390625,279
2025-07-17T19:23:31.959674,0,6,[],93.01580810546875,40.429338455200195,45.92144775390625,279,93.01580810546875,0.0,45.92144775390625,279
2025-07-17T19:23:32.029546,1,6,[],93.01580810546875,0.0,45.92144775390625,279,93.01580810546875,40.429338455200195,45.92144775390625,279
2025-07-17T19:23:32.029819,1,6,[],93.01580810546875,40.429338455200195,45.92144775390625,279,93.01580810546875,0.0,45.92144775390625,279
2025-07-17T19:23:32.116250,2,6,[],93.01580810546875,40.429338455200195,45.92144775390625,279,93.01580810546875,0.0,45.92144775390625,279
2025-07-17T19:23:32.115972,2,6,[],93.01580810546875,0.0,45.92144775390625,279,93.01580810546875,40.429338455200195,45.92144775390625,279
2025-07-17T19:23:32.199979,3,6,[],93.01580810546875,0.0,45.92144775390625,279,93.01580810546875,40.429338455200195,45.92144775390625,279
2025-07-17T19:23:32.200445,3,6,[],93.01580810546875,40.429338455200195,45.92144775390625,279,93.01580810546875,0.0,45.92144775390625,279
2025-07-17T19:23:32.285143,4,6,[],93.01580810546875,0.0,45.92144775390625,279,93.01580810546875,40.429338455200195,45.92144775390625,279
2025-07-17T19:23:32.285626,4,6,[],93.01580810546875,40.429338455200195,45.92144775390625,279,93.01580810546875,0.0,45.92144775390625,279
2025-07-17T19:23:32.389226,0,7,[],93.01580810546875,40.429338455200195,45.92144775390625,279,93.01580810546875,0.0,45.92144775390625,279
2025-07-17T19:23:32.389885,0,7,[],93.01580810546875,0.0,45.92144775390625,279,93.01580810546875,40.429338455200195,45.92144775390625,279
2025-07-17T19:23:32.465999,1,7,[],93.01580810546875,0.0,45.92144775390625,279,93.01580810546875,40.429338455200195,45.92144775390625,279
2025-07-17T19:23:32.466478,1,7,[],93.01580810546875,40.429338455200195,45.92144775390625,279,93.01580810546875,0.0,45.92144775390625,279
2025-07-17T19:23:32.556277,2,7,[],93.01580810546875,0.0,45.92144775390625,279,93.01580810546875,40.429338455200195,45.92144775390625,279
2025-07-17T19:23:32.556195,2,7,[],93.01580810546875,40.429338455200195,45.92144775390625,279,93.01580810546875,0.0,45.92144775390625,279
2025-07-17T19:23:32.644094,3,7,[],93.01580810546875,0.0,45.92144775390625,279,93.01580810546875,40.429338455200195,45.92144775390625,279
2025-07-17T19:23:32.644176,3,7,[],93.01580810546875,40.429338455200195,45.92144775390625,279,93.01580810546875,0.0,45.92144775390625,279
2025-07-17T19:23:32.729105,4,7,[],93.01580810546875,0.0,45.92144775390625,279,93.01580810546875,40.429338455200195,45.92144775390625,279
2025-07-17T19:23:32.729246,4,7,[],93.01580810546875,40.429338455200195,45.92144775390625,279,93.01580810546875,0.0,45.92144775390625,279
2025-07-17T19:23:32.827937,0,8,[],93.01580810546875,40.429338455200195,45.92144775390625,279,93.01580810546875,0.0,45.92144775390625,279
2025-07-17T19:23:32.828764,0,8,[],93.01580810546875,0.0,45.92144775390625,279,93.01580810546875,40.429338455200195,45.92144775390625,279
2025-07-17T19:23:32.900151,1,8,[],93.01580810546875,0.0,45.92144775390625,279,93.01580810546875,40.429338455200195,45.92144775390625,279
2025-07-17T19:23:32.900326,1,8,[],93.01580810546875,40.429338455200195,45.92144775390625,279,93.01580810546875,0.0,45.92144775390625,279
2025-07-17T19:23:32.984657,2,8,[],93.01580810546875,0.0,45.92144775390625,279,93.01580810546875,40.429338455200195,45.92144775390625,279
2025-07-17T19:23:32.984795,2,8,[],93.01580810546875,40.429338455200195,45.92144775390625,279,93.01580810546875,0.0,45.92144775390625,279
2025-07-17T19:23:33.069318,3,8,[],93.01580810546875,40.429338455200195,45.92144775390625,279,93.01580810546875,0.0,45.92144775390625,279
2025-07-17T19:23:33.069311,3,8,[],93.01580810546875,0.0,45.92144775390625,279,93.01580810546875,40.429338455200195,45.92144775390625,279
2025-07-17T19:23:33.152383,4,8,[],93.01580810546875,0.0,45.92144775390625,279,93.01580810546875,40.429338455200195,45.92144775390625,279
2025-07-17T19:23:33.152700,4,8,[],93.01580810546875,40.429338455200195,45.92144775390625,279,93.01580810546875,0.0,45.92144775390625,279
2025-07-17T19:23:33.251858,0,9,[],93.01580810546875,0.0,45.92144775390625,279,93.01580810546875,40.429338455200195,45.92144775390625,279
2025-07-17T19:23:33.257193,0,9,[],93.01580810546875,40.429338455200195,45.92144775390625,279,93.01580810546875,0.0,45.92144775390625,279
2025-07-17T19:23:33.327934,1,9,[],93.01580810546875,0.0,45.92144775390625,279,93.01580810546875,40.429338455200195,45.92144775390625,279
2025-07-17T19:23:33.328079,1,9,[],93.01580810546875,40.429338455200195,45.92144775390625,279,93.01580810546875,0.0,45.92144775390625,279
2025-07-17T19:23:33.416906,2,9,[],93.01580810546875,0.0,45.92144775390625,279,93.01580810546875,40.429338455200195,45.92144775390625,279
2025-07-17T19:23:33.417191,2,9,[],93.01580810546875,40.429338455200195,45.92144775390625,279,93.01580810546875,0.0,45.92144775390625,279
2025-07-17T19:23:33.505475,3,9,[],93.01580810546875,40.429338455200195,45.92144775390625,279,93.01580810546875,0.0,45.92144775390625,279
2025-07-17T19:23:33.505587,3,9,[],93.01580810546875,0.0,45.92144775390625,279,93.01580810546875,40.429338455200195,45.92144775390625,279
2025-07-17T19:23:33.591078,4,9,[],93.01580810546875,0.0,45.92144775390625,279,93.01580810546875,40.429338455200195,45.92144775390625,279
2025-07-17T19:23:33.591174,4,9,[],93.01580810546875,40.429338455200195,45.92144775390625,279,93.01580810546875,0.0,45.92144775390625,279
2025-07-17T19:23:33.690759,0,10,[],93.01580810546875,40.429338455200195,45.92144775390625,279,93.01580810546875,0.0,45.92144775390625,279
2025-07-17T19:23:33.696788,0,10,[],93.01580810546875,0.0,45.92144775390625,279,93.01580810546875,40.429338455200195,45.92144775390625,279
2025-07-17T19:23:33.764756,1,10,[],93.01580810546875,0.0,45.92144775390625,279,93.01580810546875,40.429338455200195,45.92144775390625,279
2025-07-17T19:23:33.764852,1,10,[],93.01580810546875,40.429338455200195,45.92144775390625,279,93.01580810546875,0.0,45.92144775390625,279
2025-07-17T19:23:33.850980,2,10,[],93.01580810546875,0.0,45.92144775390625,279,93.01580810546875,40.429338455200195,45.92144775390625,279
2025-07-17T19:23:33.851214,2,10,[],93.01580810546875,40.429338455200195,45.92144775390625,279,93.01580810546875,0.0,45.92144775390625,279
2025-07-17T19:23:33.935925,3,10,[],93.01580810546875,0.0,45.92144775390625,279,93.01580810546875,40.429338455200195,45.92144775390625,279
2025-07-17T19:23:33.936063,3,10,[],93.01580810546875,40.429338455200195,45.92144775390625,279,93.01580810546875,0.0,45.92144775390625,279
2025-07-17T19:23:34.018969,4,10,[],93.01580810546875,0.0,45.92144775390625,279,93.01580810546875,40.429338455200195,45.92144775390625,279
2025-07-17T19:23:34.025199,4,10,[],93.01580810546875,40.429338455200195,45.92144775390625,279,93.01580810546875,0.0,45.92144775390625,279
2025-07-17T19:23:34.117573,0,11,[],93.01580810546875,40.429338455200195,45.92144775390625,279,93.01580810546875,0.0,45.92144775390625,279
2025-07-17T19:23:34.118746,0,11,[],93.01580810546875,0.0,45.92144775390625,279,93.01580810546875,40.429338455200195,45.92144775390625,279
2025-07-17T19:23:34.189663,1,11,[],93.01580810546875,0.0,45.92144775390625,279,93.01580810546875,40.429338455200195,45.92144775390625,279
2025-07-17T19:23:34.195314,1,11,[],93.01580810546875,40.429338455200195,45.92144775390625,279,93.01580810546875,0.0,45.92144775390625,279
2025-07-17T19:23:34.276765,2,11,[],93.01580810546875,0.0,45.92144775390625,279,93.01580810546875,40.429338455200195,45.92144775390625,279
2025-07-17T19:23:34.276857,2,11,[],93.01580810546875,40.429338455200195,45.92144775390625,279,93.01580810546875,0.0,45.92144775390625,279
2025-07-17T19:23:34.364847,3,11,[],93.01580810546875,0.0,45.92144775390625,279,93.01580810546875,40.429338455200195,45.92144775390625,279
2025-07-17T19:23:34.365006,3,11,[],93.01580810546875,40.429338455200195,45.92144775390625,279,93.01580810546875,0.0,45.92144775390625,279
2025-07-17T19:23:34.451941,4,11,[],93.01580810546875,40.429338455200195,45.92144775390625,279,93.01580810546875,0.0,45.92144775390625,279
2025-07-17T19:23:34.457929,4,11,[],93.01580810546875,0.0,45.92144775390625,279,93.01580810546875,40.429338455200195,45.92144775390625,279
2025-07-17T19:23:34.552382,0,12,[],93.01580810546875,40.429338455200195,45.92144775390625,279,93.01580810546875,0.0,45.92144775390625,279
2025-07-17T19:23:34.553924,0,12,[],93.01580810546875,0.0,45.92144775390625,279,93.01580810546875,40.429338455200195,45.92144775390625,279
2025-07-17T19:23:34.627919,1,12,[],93.01580810546875,0.0,45.92144775390625,279,93.01580810546875,40.429338455200195,45.92144775390625,279
2025-07-17T19:23:34.628022,1,12,[],93.01580810546875,40.429338455200195,45.92144775390625,279,93.01580810546875,0.0,45.92144775390625,279
2025-07-17T19:23:34.716839,2,12,[],93.01580810546875,0.0,45.92144775390625,279,93.01580810546875,40.429338455200195,45.92144775390625,279
2025-07-17T19:23:34.716951,2,12,[],93.01580810546875,40.429338455200195,45.92144775390625,279,93.01580810546875,0.0,45.92144775390625,279
2025-07-17T19:23:34.803049,3,12,[],93.01580810546875,40.429338455200195,45.92144775390625,279,93.01580810546875,0.0,45.92144775390625,279
2025-07-17T19:23:34.803150,3,12,[],93.01580810546875,0.0,45.92144775390625,279,93.01580810546875,40.429338455200195,45.92144775390625,279
2025-07-17T19:23:34.886574,4,12,[],93.01580810546875,0.0,45.92144775390625,279,93.01580810546875,40.429338455200195,45.92144775390625,279
2025-07-17T19:23:34.886656,4,12,[],93.01580810546875,40.429338455200195,45.92144775390625,279,93.01580810546875,0.0,45.92144775390625,279
2025-07-17T19:23:34.983955,0,13,[],93.01580810546875,40.429338455200195,45.92144775390625,279,93.01580810546875,0.0,45.92144775390625,279
2025-07-17T19:23:34.985332,0,13,[],93.01580810546875,0.0,45.92144775390625,279,93.01580810546875,40.429338455200195,45.92144775390625,279
2025-07-17T19:23:35.056321,1,13,[],93.01580810546875,40.429338455200195,45.92144775390625,279,93.01580810546875,0.0,45.92144775390625,279
2025-07-17T19:23:35.062159,1,13,[],93.01580810546875,0.0,45.92144775390625,279,93.01580810546875,40.429338455200195,45.92144775390625,279
2025-07-17T19:23:35.142929,2,13,[],93.01580810546875,0.0,45.92144775390625,279,93.01580810546875,40.429338455200195,45.92144775390625,279
2025-07-17T19:23:35.143179,2,13,[],93.01580810546875,40.429338455200195,45.92144775390625,279,93.01580810546875,0.0,45.92144775390625,279
2025-07-17T19:23:35.229783,3,13,[],93.01580810546875,0.0,45.92144775390625,279,93.01580810546875,40.429338455200195,45.92144775390625,279
2025-07-17T19:23:35.229907,3,13,[],93.01580810546875,40.429338455200195,45.92144775390625,279,93.01580810546875,0.0,45.92144775390625,279
2025-07-17T19:23:35.315791,4,13,[],93.01580810546875,0.0,45.92144775390625,279,93.01580810546875,40.429338455200195,45.92144775390625,279
2025-07-17T19:23:35.315796,4,13,[],93.01580810546875,40.429338455200195,45.92144775390625,279,93.01580810546875,0.0,45.92144775390625,279
2025-07-17T19:23:35.415099,0,14,[],93.01580810546875,40.429338455200195,45.92144775390625,279,93.01580810546875,0.0,45.92144775390625,279
2025-07-17T19:23:35.416265,0,14,[],93.01580810546875,0.0,45.92144775390625,279,93.01580810546875,40.429338455200195,45.92144775390625,279
2025-07-17T19:23:35.488582,1,14,[],93.01580810546875,0.0,45.92144775390625,279,93.01580810546875,40.429338455200195,45.92144775390625,279
2025-07-17T19:23:35.488595,1,14,[],93.01580810546875,40.429338455200195,45.92144775390625,279,93.01580810546875,0.0,45.92144775390625,279
2025-07-17T19:23:35.577091,2,14,[],93.01580810546875,0.0,45.92144775390625,279,93.01580810546875,40.429338455200195,45.92144775390625,279
2025-07-17T19:23:35.577009,2,14,[],93.01580810546875,40.429338455200195,45.92144775390625,279,93.01580810546875,0.0,45.92144775390625,279
2025-07-17T19:23:35.665167,3,14,[],93.01580810546875,40.429338455200195,45.92144775390625,279,93.01580810546875,0.0,45.92144775390625,279
2025-07-17T19:23:35.665281,3,14,[],93.01580810546875,0.0,45.92144775390625,279,93.01580810546875,40.429338455200195,45.92144775390625,279
2025-07-17T19:23:35.751097,4,14,[],93.01580810546875,0.0,45.92144775390625,279,93.01580810546875,40.429338455200195,45.92144775390625,279
2025-07-17T19:23:35.751240,4,14,[],93.01580810546875,40.429338455200195,45.92144775390625,279,93.01580810546875,0.0,45.92144775390625,279
2025-07-17T19:23:35.849992,0,15,[],93.01580810546875,40.429338455200195,45.92144775390625,279,93.01580810546875,0.0,45.92144775390625,279
2025-07-17T19:23:35.851206,0,15,[],93.01580810546875,0.0,45.92144775390625,279,93.01580810546875,40.429338455200195,45.92144775390625,279
2025-07-17T19:23:35.924140,1,15,[],93.01580810546875,0.0,45.92144775390625,279,93.01580810546875,40.429338455200195,45.92144775390625,279
2025-07-17T19:23:35.924063,1,15,[],93.01580810546875,40.429338455200195,45.92144775390625,279,93.01580810546875,0.0,45.92144775390625,279
2025-07-17T19:23:36.010918,2,15,[],93.01580810546875,0.0,45.92144775390625,279,93.01580810546875,40.429338455200195,45.92144775390625,279
2025-07-17T19:23:36.011115,2,15,[],93.01580810546875,40.429338455200195,45.92144775390625,279,93.01580810546875,0.0,45.92144775390625,279
2025-07-17T19:23:36.095586,3,15,[],93.01580810546875,0.0,45.92144775390625,279,93.01580810546875,40.429338455200195,45.92144775390625,279
2025-07-17T19:23:36.095773,3,15,[],93.01580810546875,40.429338455200195,45.92144775390625,279,93.01580810546875,0.0,45.92144775390625,279
2025-07-17T19:23:36.179751,4,15,[],93.01580810546875,0.0,45.92144775390625,279,93.01580810546875,40.429338455200195,45.92144775390625,279
2025-07-17T19:23:36.179792,4,15,[],93.01580810546875,40.429338455200195,45.92144775390625,279,93.01580810546875,0.0,45.92144775390625,279
2025-07-17T19:23:36.279918,0,16,[],93.01580810546875,40.429338455200195,45.92144775390625,279,93.01580810546875,0.0,45.92144775390625,279
2025-07-17T19:23:36.280732,0,16,[],93.01580810546875,0.0,45.92144775390625,279,93.01580810546875,40.429338455200195,45.92144775390625,279
2025-07-17T19:23:36.354425,1,16,[],93.01580810546875,0.0,45.92144775390625,279,93.01580810546875,40.429338455200195,45.92144775390625,279
2025-07-17T19:23:36.354552,1,16,[],93.01580810546875,40.429338455200195,45.92144775390625,279,93.01580810546875,0.0,45.92144775390625,279
2025-07-17T19:23:36.442565,2,16,[],93.01580810546875,0.0,45.92144775390625,279,93.01580810546875,40.429338455200195,45.92144775390625,279
2025-07-17T19:23:36.442664,2,16,[],93.01580810546875,40.429338455200195,45.92144775390625,279,93.01580810546875,0.0,45.92144775390625,279
2025-07-17T19:23:36.530110,3,16,[],93.01580810546875,40.429338455200195,45.92144775390625,279,93.01580810546875,0.0,45.92144775390625,279
2025-07-17T19:23:36.530176,3,16,[],93.01580810546875,0.0,45.92144775390625,279,93.01580810546875,40.429338455200195,45.92144775390625,279
2025-07-17T19:23:36.616479,4,16,[],93.01580810546875,0.0,45.92144775390625,279,93.01580810546875,40.429338455200195,45.92144775390625,279
2025-07-17T19:23:36.616742,4,16,[],93.01580810546875,40.429338455200195,45.92144775390625,279,93.01580810546875,0.0,45.92144775390625,279
2025-07-17T19:23:36.716569,0,17,[],93.01580810546875,40.429338455200195,45.92144775390625,279,93.01580810546875,0.0,45.92144775390625,279
2025-07-17T19:23:36.717672,0,17,[],93.01580810546875,0.0,45.92144775390625,279,93.01580810546875,40.429338455200195,45.92144775390625,279
2025-07-17T19:23:36.789507,1,17,[],93.01580810546875,0.0,45.92144775390625,279,93.01580810546875,40.429338455200195,45.92144775390625,279
2025-07-17T19:23:36.789615,1,17,[],93.01580810546875,40.429338455200195,45.92144775390625,279,93.01580810546875,0.0,45.92144775390625,279
2025-07-17T19:23:36.876360,2,17,[],93.01580810546875,0.0,45.92144775390625,279,93.01580810546875,40.429338455200195,45.92144775390625,279
2025-07-17T19:23:36.876348,2,17,[],93.01580810546875,40.429338455200195,45.92144775390625,279,93.01580810546875,0.0,45.92144775390625,279
2025-07-17T19:23:36.962285,3,17,[],93.01580810546875,0.0,45.92144775390625,279,93.01580810546875,40.429338455200195,45.92144775390625,279
2025-07-17T19:23:36.962296,3,17,[],93.01580810546875,40.429338455200195,45.92144775390625,279,93.01580810546875,0.0,45.92144775390625,279
2025-07-17T19:23:37.046340,4,17,[],93.01580810546875,40.429338455200195,45.92144775390625,279,93.01580810546875,0.0,45.92144775390625,279
2025-07-17T19:23:37.046357,4,17,[],93.01580810546875,0.0,45.92144775390625,279,93.01580810546875,40.429338455200195,45.92144775390625,279
2025-07-17T19:23:37.145101,0,18,[],93.01580810546875,40.429338455200195,45.92144775390625,279,93.01580810546875,0.0,45.92144775390625,279
2025-07-17T19:23:37.146243,0,18,[],93.01580810546875,0.0,45.92144775390625,279,93.01580810546875,40.429338455200195,45.92144775390625,279
2025-07-17T19:23:37.219471,1,18,[],93.01580810546875,0.0,45.92144775390625,279,93.01580810546875,40.429338455200195,45.92144775390625,279
2025-07-17T19:23:37.219557,1,18,[],93.01580810546875,40.429338455200195,45.92144775390625,279,93.01580810546875,0.0,45.92144775390625,279
2025-07-17T19:23:37.305594,2,18,[],93.01580810546875,0.0,45.92144775390625,279,93.01580810546875,40.429338455200195,45.92144775390625,279
2025-07-17T19:23:37.305691,2,18,[],93.01580810546875,40.429338455200195,45.92144775390625,279,93.01580810546875,0.0,45.92144775390625,279
2025-07-17T19:23:37.391458,3,18,[],93.01580810546875,40.429338455200195,45.92144775390625,279,93.01580810546875,0.0,45.92144775390625,279
2025-07-17T19:23:37.391496,3,18,[],93.01580810546875,0.0,45.92144775390625,279,93.01580810546875,40.429338455200195,45.92144775390625,279
2025-07-17T19:23:37.477637,4,18,[],93.01580810546875,40.429338455200195,45.92144775390625,279,93.01580810546875,0.0,45.92144775390625,279
2025-07-17T19:23:37.477718,4,18,[],93.01580810546875,0.0,45.92144775390625,279,93.01580810546875,40.429338455200195,45.92144775390625,279
2025-07-17T19:23:37.577228,0,19,[],93.01580810546875,40.429338455200195,45.92144775390625,279,93.01580810546875,0.0,45.92144775390625,279
2025-07-17T19:23:37.578343,0,19,[],93.01580810546875,0.0,45.92144775390625,279,93.01580810546875,40.429338455200195,45.92144775390625,279
2025-07-17T19:23:37.653590,1,19,[],93.01580810546875,0.0,45.92144775390625,279,93.01580810546875,40.429338455200195,45.92144775390625,279
2025-07-17T19:23:37.653697,1,19,[],93.01580810546875,40.429338455200195,45.92144775390625,279,93.01580810546875,0.0,45.92144775390625,279
2025-07-17T19:23:37.741563,2,19,[],93.01580810546875,0.0,45.92144775390625,279,93.01580810546875,40.429338455200195,45.92144775390625,279
2025-07-17T19:23:37.741632,2,19,[],93.01580810546875,40.429338455200195,45.92144775390625,279,93.01580810546875,0.0,45.92144775390625,279
2025-07-17T19:23:37.827692,3,19,[],93.01580810546875,0.0,45.92144775390625,279,93.01580810546875,40.429338455200195,45.92144775390625,279
2025-07-17T19:23:37.827840,3,19,[],93.01580810546875,40.429338455200195,45.92144775390625,279,93.01580810546875,0.0,45.92144775390625,279
2025-07-17T19:23:37.912902,4,19,[],93.01580810546875,0.0,45.92144775390625,279,93.01580810546875,40.429338455200195,45.92144775390625,279
2025-07-17T19:23:37.913172,4,19,[],93.01580810546875,40.429338455200195,45.92144775390625,279,93.01580810546875,0.0,45.92144775390625,279
2025-07-17T19:23:38.011300,0,20,[],93.01580810546875,0.0,45.92144775390625,279,93.01580810546875,40.429338455200195,45.92144775390625,279
2025-07-17T19:23:38.016326,0,20,[],93.01580810546875,40.429338455200195,45.92144775390625,279,93.01580810546875,0.0,45.92144775390625,279
2025-07-17T19:23:38.084495,1,20,[],93.01580810546875,40.429338455200195,45.92144775390625,279,93.01580810546875,0.0,45.92144775390625,279
2025-07-17T19:23:38.084551,1,20,[],93.01580810546875,0.0,45.92144775390625,279,93.01580810546875,40.429338455200195,45.92144775390625,279
2025-07-17T19:23:38.173267,2,20,[],93.01580810546875,40.429338455200195,45.92144775390625,279,93.01580810546875,0.0,45.92144775390625,279
2025-07-17T19:23:38.173427,2,20,[],93.01580810546875,0.0,45.92144775390625,279,93.01580810546875,40.429338455200195,45.92144775390625,279
2025-07-17T19:23:38.259536,3,20,[],93.01580810546875,40.429338455200195,45.92144775390625,279,93.01580810546875,0.0,45.92144775390625,279
2025-07-17T19:23:38.259570,3,20,[],93.01580810546875,0.0,45.92144775390625,279,93.01580810546875,40.429338455200195,45.92144775390625,279
2025-07-17T19:23:38.344987,4,20,[],93.01580810546875,0.0,45.92144775390625,279,93.01580810546875,40.429338455200195,45.92144775390625,279
2025-07-17T19:23:38.345019,4,20,[],93.01580810546875,40.429338455200195,45.92144775390625,279,93.01580810546875,0.0,45.92144775390625,279
2025-07-17T19:23:38.445988,0,21,[],93.01580810546875,40.429338455200195,45.92144775390625,279,93.01580810546875,0.0,45.92144775390625,279
2025-07-17T19:23:38.447167,0,21,[],93.01580810546875,0.0,45.92144775390625,279,93.01580810546875,40.429338455200195,45.92144775390625,279
2025-07-17T19:23:38.520734,1,21,[],93.01580810546875,0.0,45.92144775390625,279,93.01580810546875,40.429338455200195,45.92144775390625,279
2025-07-17T19:23:38.520834,1,21,[],93.01580810546875,40.429338455200195,45.92144775390625,279,93.01580810546875,0.0,45.92144775390625,279
2025-07-17T19:23:38.608723,2,21,[],93.01580810546875,40.429338455200195,45.92144775390625,279,93.01580810546875,0.0,45.92144775390625,279
2025-07-17T19:23:38.608881,2,21,[],93.01580810546875,0.0,45.92144775390625,279,93.01580810546875,40.429338455200195,45.92144775390625,279
2025-07-17T19:23:38.694129,3,21,[],93.01580810546875,40.429338455200195,45.92144775390625,279,93.01580810546875,0.0,45.92144775390625,279
2025-07-17T19:23:38.694274,3,21,[],93.01580810546875,0.0,45.92144775390625,279,93.01580810546875,40.429338455200195,45.92144775390625,279
2025-07-17T19:23:38.779817,4,21,[],93.01580810546875,0.0,45.92144775390625,279,93.01580810546875,40.429338455200195,45.92144775390625,279
2025-07-17T19:23:38.785611,4,21,[],93.01580810546875,40.429338455200195,45.92144775390625,279,93.01580810546875,0.0,45.92144775390625,279
2025-07-17T19:23:38.879646,0,22,[],93.01580810546875,40.429338455200195,45.92144775390625,279,93.01580810546875,0.0,45.92144775390625,279
2025-07-17T19:23:38.886111,0,22,[],93.01580810546875,0.0,45.92144775390625,279,93.01580810546875,40.429338455200195,45.92144775390625,279
2025-07-17T19:23:38.953889,1,22,[],93.01580810546875,0.0,45.92144775390625,279,93.01580810546875,40.429338455200195,45.92144775390625,279
2025-07-17T19:23:38.953962,1,22,[],93.01580810546875,40.429338455200195,45.92144775390625,279,93.01580810546875,0.0,45.92144775390625,279
2025-07-17T19:23:39.040134,2,22,[],93.01580810546875,0.0,45.92144775390625,279,93.01580810546875,40.429338455200195,45.92144775390625,279
2025-07-17T19:23:39.040217,2,22,[],93.01580810546875,40.429338455200195,45.92144775390625,279,93.01580810546875,0.0,45.92144775390625,279
2025-07-17T19:23:39.128582,3,22,[],93.01580810546875,40.429338455200195,45.92144775390625,279,93.01580810546875,0.0,45.92144775390625,279
2025-07-17T19:23:39.128609,3,22,[],93.01580810546875,0.0,45.92144775390625,279,93.01580810546875,40.429338455200195,45.92144775390625,279
2025-07-17T19:23:39.214423,4,22,[],93.01580810546875,0.0,45.92144775390625,279,93.01580810546875,40.429338455200195,45.92144775390625,279
2025-07-17T19:23:39.214639,4,22,[],93.01580810546875,40.429338455200195,45.92144775390625,279,93.01580810546875,0.0,45.92144775390625,279
2025-07-17T19:23:39.313145,0,23,[],93.01580810546875,40.429338455200195,45.92144775390625,279,93.01580810546875,0.0,45.92144775390625,279
2025-07-17T19:23:39.314261,0,23,[],93.01580810546875,0.0,45.92144775390625,279,93.01580810546875,40.429338455200195,45.92144775390625,279
2025-07-17T19:23:39.388422,1,23,[],93.01580810546875,0.0,45.92144775390625,279,93.01580810546875,40.429338455200195,45.92144775390625,279
2025-07-17T19:23:39.388558,1,23,[],93.01580810546875,40.429338455200195,45.92144775390625,279,93.01580810546875,0.0,45.92144775390625,279
2025-07-17T19:23:39.476576,2,23,[],93.01580810546875,0.0,45.92144775390625,279,93.01580810546875,40.429338455200195,45.92144775390625,279
2025-07-17T19:23:39.476676,2,23,[],93.01580810546875,40.429338455200195,45.92144775390625,279,93.01580810546875,0.0,45.92144775390625,279
2025-07-17T19:23:39.564110,3,23,[],93.01580810546875,0.0,45.92144775390625,279,93.01580810546875,40.429338455200195,45.92144775390625,279
2025-07-17T19:23:39.570065,3,23,[],93.01580810546875,40.429338455200195,45.92144775390625,279,93.01580810546875,0.0,45.92144775390625,279
2025-07-17T19:23:39.651104,4,23,[],93.01580810546875,40.429338455200195,45.92144775390625,279,93.01580810546875,0.0,45.92144775390625,279
2025-07-17T19:23:39.657187,4,23,[],93.01580810546875,0.0,45.92144775390625,279,93.01580810546875,40.429338455200195,45.92144775390625,279
2025-07-17T19:23:39.751324,0,24,[],93.01580810546875,40.429338455200195,45.92144775390625,279,93.01580810546875,0.0,45.92144775390625,279
2025-07-17T19:23:39.752641,0,24,[],93.01580810546875,0.0,45.92144775390625,279,93.01580810546875,40.429338455200195,45.92144775390625,279
2025-07-17T19:23:39.826521,1,24,[],93.01580810546875,0.0,45.92144775390625,279,93.01580810546875,40.429338455200195,45.92144775390625,279
2025-07-17T19:23:39.826517,1,24,[],93.01580810546875,40.429338455200195,45.92144775390625,279,93.01580810546875,0.0,45.92144775390625,279
2025-07-17T19:23:39.914998,2,24,[],93.01580810546875,0.0,45.92144775390625,279,93.01580810546875,40.429338455200195,45.92144775390625,279
2025-07-17T19:23:39.914928,2,24,[],93.01580810546875,40.429338455200195,45.92144775390625,279,93.01580810546875,0.0,45.92144775390625,279
2025-07-17T19:23:40.000900,3,24,[],93.01580810546875,0.0,45.92144775390625,279,93.01580810546875,40.429338455200195,45.92144775390625,279
2025-07-17T19:23:40.000971,3,24,[],93.01580810546875,40.429338455200195,45.92144775390625,279,93.01580810546875,0.0,45.92144775390625,279
2025-07-17T19:23:40.085543,4,24,[],93.01580810546875,40.429338455200195,45.92144775390625,279,93.01580810546875,0.0,45.92144775390625,279
2025-07-17T19:23:40.085549,4,24,[],93.01580810546875,0.0,45.92144775390625,279,93.01580810546875,40.429338455200195,45.92144775390625,279
2025-07-17T19:23:40.185712,0,25,[],93.01580810546875,40.429338455200195,45.92144775390625,279,93.01580810546875,0.0,45.92144775390625,279
2025-07-17T19:23:40.187025,0,25,[],93.01580810546875,0.0,45.92144775390625,279,93.01580810546875,40.429338455200195,45.92144775390625,279
2025-07-17T19:23:40.260974,1,25,[],93.01580810546875,0.0,45.92144775390625,279,93.01580810546875,40.429338455200195,45.92144775390625,279
2025-07-17T19:23:40.261005,1,25,[],93.01580810546875,40.429338455200195,45.92144775390625,279,93.01580810546875,0.0,45.92144775390625,279
2025-07-17T19:23:40.349937,2,25,[],93.01580810546875,0.0,45.92144775390625,279,93.01580810546875,40.429338455200195,45.92144775390625,279
2025-07-17T19:23:40.355718,2,25,[],93.01580810546875,40.429338455200195,45.92144775390625,279,93.01580810546875,0.0,45.92144775390625,279
2025-07-17T19:23:40.438321,3,25,[],93.01580810546875,40.429338455200195,45.92144775390625,279,93.01580810546875,0.0,45.92144775390625,279
2025-07-17T19:23:40.444208,3,25,[],93.01580810546875,0.0,45.92144775390625,279,93.01580810546875,40.429338455200195,45.92144775390625,279
2025-07-17T19:23:40.524862,4,25,[],93.01580810546875,40.429338455200195,45.92144775390625,279,93.01580810546875,0.0,45.92144775390625,279
2025-07-17T19:23:40.525000,4,25,[],93.01580810546875,0.0,45.92144775390625,279,93.01580810546875,40.429338455200195,45.92144775390625,279
2025-07-17T19:23:40.625346,0,26,[],93.01580810546875,40.429338455200195,45.92144775390625,279,93.01580810546875,0.0,45.92144775390625,279
2025-07-17T19:23:40.626790,0,26,[],93.01580810546875,0.0,45.92144775390625,279,93.01580810546875,40.429338455200195,45.92144775390625,279
2025-07-17T19:23:40.699563,1,26,[],93.01580810546875,0.0,45.92144775390625,279,93.01580810546875,40.429338455200195,45.92144775390625,279
2025-07-17T19:23:40.699630,1,26,[],93.01580810546875,40.429338455200195,45.92144775390625,279,93.01580810546875,0.0,45.92144775390625,279
2025-07-17T19:23:40.787588,2,26,[],93.01580810546875,40.429338455200195,45.92144775390625,279,93.01580810546875,0.0,45.92144775390625,279
2025-07-17T19:23:40.787662,2,26,[],93.01580810546875,0.0,45.92144775390625,279,93.01580810546875,40.429338455200195,45.92144775390625,279
2025-07-17T19:23:40.874806,3,26,[],93.01580810546875,0.0,45.92144775390625,279,93.01580810546875,40.429338455200195,45.92144775390625,279
2025-07-17T19:23:40.874867,3,26,[],93.01580810546875,40.429338455200195,45.92144775390625,279,93.01580810546875,0.0,45.92144775390625,279
2025-07-17T19:23:40.960448,4,26,[],93.01580810546875,0.0,45.92144775390625,279,93.01580810546875,40.429338455200195,45.92144775390625,279
2025-07-17T19:23:40.960531,4,26,[],93.01580810546875,40.429338455200195,45.92144775390625,279,93.01580810546875,0.0,45.92144775390625,279
2025-07-17T19:23:41.060516,0,27,[],93.01580810546875,40.429338455200195,45.92144775390625,279,93.01580810546875,0.0,45.92144775390625,279
2025-07-17T19:23:41.061784,0,27,[],93.01580810546875,0.0,45.92144775390625,279,93.01580810546875,40.429338455200195,45.92144775390625,279
2025-07-17T19:23:41.134976,1,27,[],93.01580810546875,0.0,45.92144775390625,279,93.01580810546875,40.429338455200195,45.92144775390625,279
2025-07-17T19:23:41.140896,1,27,[],93.01580810546875,40.429338455200195,45.92144775390625,279,93.01580810546875,0.0,45.92144775390625,279
2025-07-17T19:23:41.222219,2,27,[],93.01580810546875,40.429338455200195,45.92144775390625,279,93.01580810546875,0.0,45.92144775390625,279
2025-07-17T19:23:41.228067,2,27,[],93.01580810546875,0.0,45.92144775390625,279,93.01580810546875,40.429338455200195,45.92144775390625,279
2025-07-17T19:23:41.310148,3,27,[],93.01580810546875,0.0,45.92144775390625,279,93.01580810546875,40.429338455200195,45.92144775390625,279
2025-07-17T19:23:41.310297,3,27,[],93.01580810546875,40.429338455200195,45.92144775390625,279,93.01580810546875,0.0,45.92144775390625,279
2025-07-17T19:23:41.396216,4,27,[],93.01580810546875,0.0,45.92144775390625,279,93.01580810546875,40.429338455200195,45.92144775390625,279
2025-07-17T19:23:41.396441,4,27,[],93.01580810546875,40.429338455200195,45.92144775390625,279,93.01580810546875,0.0,45.92144775390625,279
2025-07-17T19:23:41.496557,0,28,[],93.01580810546875,40.429338455200195,45.92144775390625,279,93.01580810546875,0.0,45.92144775390625,279
2025-07-17T19:23:41.497723,0,28,[],93.01580810546875,0.0,45.92144775390625,279,93.01580810546875,40.429338455200195,45.92144775390625,279
2025-07-17T19:23:41.572281,1,28,[],93.01580810546875,40.429338455200195,45.92144775390625,279,93.01580810546875,0.0,45.92144775390625,279
2025-07-17T19:23:41.572288,1,28,[],93.01580810546875,0.0,45.92144775390625,279,93.01580810546875,40.429338455200195,45.92144775390625,279
2025-07-17T19:23:41.659571,2,28,[],93.01580810546875,0.0,45.92144775390625,279,93.01580810546875,40.429338455200195,45.92144775390625,279
2025-07-17T19:23:41.659545,2,28,[],93.01580810546875,40.429338455200195,45.92144775390625,279,93.01580810546875,0.0,45.92144775390625,279
2025-07-17T19:23:41.747562,3,28,[],93.01580810546875,0.0,45.92144775390625,279,93.01580810546875,40.429338455200195,45.92144775390625,279
2025-07-17T19:23:41.747695,3,28,[],93.01580810546875,40.429338455200195,45.92144775390625,279,93.01580810546875,0.0,45.92144775390625,279
2025-07-17T19:23:41.834574,4,28,[],93.01580810546875,0.0,45.92144775390625,279,93.01580810546875,40.429338455200195,45.92144775390625,279
2025-07-17T19:23:41.834711,4,28,[],93.01580810546875,40.429338455200195,45.92144775390625,279,93.01580810546875,0.0,45.92144775390625,279
2025-07-17T19:23:41.933987,0,29,[],93.01580810546875,40.429338455200195,45.92144775390625,279,93.01580810546875,0.0,45.92144775390625,279
2025-07-17T19:23:41.935228,0,29,[],93.01580810546875,0.0,45.92144775390625,279,93.01580810546875,40.429338455200195,45.92144775390625,279
2025-07-17T19:23:42.008644,1,29,[],93.01580810546875,40.429338455200195,45.92144775390625,279,93.01580810546875,0.0,45.92144775390625,279
2025-07-17T19:23:42.014540,1,29,[],93.01580810546875,0.0,45.92144775390625,279,93.01580810546875,40.429338455200195,45.92144775390625,279
2025-07-17T19:23:42.095575,2,29,[],93.01580810546875,0.0,45.92144775390625,279,93.01580810546875,40.429338455200195,45.92144775390625,279
2025-07-17T19:23:42.095688,2,29,[],93.01580810546875,40.429338455200195,45.92144775390625,279,93.01580810546875,0.0,45.92144775390625,279
2025-07-17T19:23:42.183377,3,29,[],93.01580810546875,0.0,45.92144775390625,279,93.01580810546875,40.429338455200195,45.92144775390625,279
2025-07-17T19:23:42.183593,3,29,[],93.01580810546875,40.429338455200195,45.92144775390625,279,93.01580810546875,0.0,45.92144775390625,279
2025-07-17T19:23:42.269746,4,29,[],93.01580810546875,40.429338455200195,45.92144775390625,279,93.01580810546875,0.0,45.92144775390625,279
2025-07-17T19:23:42.269739,4,29,[],93.01580810546875,0.0,45.92144775390625,279,93.01580810546875,40.429338455200195,45.92144775390625,279
2025-07-17T19:23:42.370401,0,30,[],93.01580810546875,40.429338455200195,45.92144775390625,279,93.01580810546875,0.0,45.92144775390625,279
2025-07-17T19:23:42.371551,0,30,[],93.01580810546875,0.0,45.92144775390625,279,93.01580810546875,40.429338455200195,45.92144775390625,279
2025-07-17T19:23:42.446035,1,30,[],93.01580810546875,0.0,45.92144775390625,279,93.01580810546875,40.429338455200195,45.92144775390625,279
2025-07-17T19:23:42.446048,1,30,[],93.01580810546875,40.429338455200195,45.92144775390625,279,93.01580810546875,0.0,45.92144775390625,279
2025-07-17T19:23:42.534697,2,30,[],93.01580810546875,40.429338455200195,45.92144775390625,279,93.01580810546875,0.0,45.92144775390625,279
2025-07-17T19:23:42.534824,2,30,[],93.01580810546875,0.0,45.92144775390625,279,93.01580810546875,40.429338455200195,45.92144775390625,279
2025-07-17T19:23:42.623265,3,30,[],93.01580810546875,0.0,45.92144775390625,279,93.01580810546875,40.429338455200195,45.92144775390625,279
2025-07-17T19:23:42.623284,3,30,[],93.01580810546875,40.429338455200195,45.92144775390625,279,93.01580810546875,0.0,45.92144775390625,279
2025-07-17T19:23:42.710022,4,30,[],93.01580810546875,40.429338455200195,45.92144775390625,279,93.01580810546875,0.0,45.92144775390625,279
2025-07-17T19:23:42.710043,4,30,[],93.01580810546875,0.0,45.92144775390625,279,93.01580810546875,40.429338455200195,45.92144775390625,279
2025-07-17T19:23:42.808758,0,31,[],93.01580810546875,40.429338455200195,45.92144775390625,279,93.01580810546875,0.0,45.92144775390625,279
2025-07-17T19:23:42.809869,0,31,[],93.01580810546875,0.0,45.92144775390625,279,93.01580810546875,40.429338455200195,45.92144775390625,279
2025-07-17T19:23:42.970118,1,31,[],93.01580810546875,0.0,45.92144775390625,279,93.01580810546875,40.165666580200195,45.92144775390625,279
2025-07-17T19:23:42.970117,1,31,[],93.01580810546875,40.165666580200195,45.92144775390625,279,93.01580810546875,0.0,45.92144775390625,279
2025-07-17T19:23:43.063575,2,31,[],93.01580810546875,0.0,45.92144775390625,279,93.01580810546875,39.901994705200195,45.92144775390625,279
2025-07-17T19:23:43.063562,2,31,[],93.01580810546875,39.901994705200195,45.92144775390625,279,93.01580810546875,0.0,45.92144775390625,279
2025-07-17T19:23:43.157647,3,31,[],93.01580810546875,0.0,45.92144775390625,279,93.01580810546875,39.638322830200195,45.92144775390625,279
2025-07-17T19:23:43.157777,3,31,[],93.01580810546875,39.638322830200195,45.92144775390625,279,93.01580810546875,0.0,45.92144775390625,279
2025-07-17T19:23:43.253132,4,31,[],93.01580810546875,0.0,45.92144775390625,279,93.01580810546875,39.375139236450195,45.92144775390625,279
2025-07-17T19:23:43.253153,4,31,[],93.01580810546875,39.375139236450195,45.92144775390625,279,93.01580810546875,0.0,45.92144775390625,279
2025-07-17T19:24:15.438151,0,0,[],93.01580810546875,38.770198345184326,52.27691650390625,318,93.01580810546875,0.0,52.27691650390625,318
2025-07-17T19:24:15.439452,0,0,[],93.01580810546875,0.0,52.25543212890625,318,93.01580810546875,38.770198345184326,52.27691650390625,318
2025-07-17T19:24:15.453071,0,1,[],93.01580810546875,38.813167095184326,51.91754150390625,316,93.01580810546875,0.0,51.91754150390625,316
2025-07-17T19:24:15.454387,0,1,[],93.01580810546875,0.0,51.91754150390625,316,93.01580810546875,38.813167095184326,51.91754150390625,316
2025-07-17T19:24:15.463004,0,2,[],93.01580810546875,38.813167095184326,51.91754150390625,316,93.01580810546875,0.0,51.91754150390625,316
2025-07-17T19:24:15.466071,0,2,[],93.01580810546875,0.0,51.91754150390625,316,93.01580810546875,38.813167095184326,51.91754150390625,316
2025-07-17T19:24:15.473581,0,3,[],93.01580810546875,38.813167095184326,51.91754150390625,316,93.01580810546875,0.0,51.91754150390625,316
2025-07-17T19:24:15.477785,0,3,[],93.01580810546875,0.0,51.91754150390625,316,93.01580810546875,38.813167095184326,51.91754150390625,316
2025-07-17T19:24:15.482939,0,4,[],93.01580810546875,38.813167095184326,51.91754150390625,316,93.01580810546875,0.0,51.91754150390625,316
2025-07-17T19:24:15.488965,0,4,[],93.01580810546875,0.0,51.87457275390625,316,93.01580810546875,38.813167095184326,51.91754150390625,316
2025-07-17T19:24:15.493477,0,5,[],93.01580810546875,38.812678813934326,51.87457275390625,316,93.01580810546875,0.0,51.91754150390625,316
2025-07-17T19:24:15.500016,0,5,[],93.01580810546875,0.0,51.87457275390625,316,93.01580810546875,38.813167095184326,51.91754150390625,316
2025-07-17T19:24:15.504691,0,6,[],93.01580810546875,38.813167095184326,51.87457275390625,316,93.01580810546875,0.0,51.91754150390625,316
2025-07-17T19:24:15.510716,0,6,[],93.01580810546875,0.0,51.87457275390625,316,93.01580810546875,38.813167095184326,51.91754150390625,316
2025-07-17T19:24:15.515540,0,7,[],93.01580810546875,38.813167095184326,51.87457275390625,316,93.01580810546875,0.0,51.91754150390625,316
2025-07-17T19:24:15.521312,0,7,[],93.01580810546875,0.0,51.87457275390625,316,93.01580810546875,38.813167095184326,51.91754150390625,316
2025-07-17T19:24:15.526154,0,8,[],93.01580810546875,38.812678813934326,51.87457275390625,316,93.01580810546875,0.0,51.91754150390625,316
2025-07-17T19:24:15.531811,0,8,[],93.01580810546875,0.0,51.87457275390625,316,93.01580810546875,38.813167095184326,51.91754150390625,316
2025-07-17T19:24:15.536732,0,9,[],93.01580810546875,38.813167095184326,51.87457275390625,316,93.01580810546875,0.0,51.91754150390625,316
2025-07-17T19:24:15.542221,0,9,[],93.01580810546875,0.0,51.87457275390625,316,93.01580810546875,38.813167095184326,51.91754150390625,316
2025-07-17T19:24:15.547259,0,10,[],93.01580810546875,38.813167095184326,51.87457275390625,316,93.01580810546875,0.0,51.91754150390625,316
2025-07-17T19:24:15.552695,0,10,[],93.01580810546875,0.0,51.87457275390625,316,93.01580810546875,38.813167095184326,51.91754150390625,316
2025-07-17T19:24:15.557419,0,11,[],93.01580810546875,38.812678813934326,51.87457275390625,316,93.01580810546875,0.0,51.91754150390625,316
2025-07-17T19:24:15.563100,0,11,[],93.01580810546875,0.0,51.87457275390625,316,93.01580810546875,38.813167095184326,51.91754150390625,316
2025-07-17T19:24:15.568478,0,12,[],93.01580810546875,38.813167095184326,51.87457275390625,316,93.01580810546875,0.0,51.91754150390625,316
2025-07-17T19:24:15.573700,0,12,[],93.01580810546875,0.0,51.87457275390625,316,93.01580810546875,38.813167095184326,51.91754150390625,316
2025-07-17T19:24:15.578576,0,13,[],93.01580810546875,38.813167095184326,51.87457275390625,316,93.01580810546875,0.0,51.91754150390625,316
2025-07-17T19:24:15.584258,0,13,[],93.01580810546875,0.0,51.87457275390625,316,93.01580810546875,38.813167095184326,51.91754150390625,316
2025-07-17T19:24:15.589191,0,14,[],93.01580810546875,38.812678813934326,51.87457275390625,316,93.01580810546875,0.0,51.91754150390625,316
2025-07-17T19:24:15.595625,0,14,[],93.01580810546875,0.0,51.87457275390625,316,93.01580810546875,38.813167095184326,51.91754150390625,316
2025-07-17T19:24:15.599909,0,15,[],93.01580810546875,38.813167095184326,51.87457275390625,316,93.01580810546875,0.0,51.91754150390625,316
2025-07-17T19:24:15.606313,0,15,[],93.01580810546875,0.0,51.87457275390625,316,93.01580810546875,38.813167095184326,51.91754150390625,316
2025-07-17T19:24:15.611008,0,16,[],93.01580810546875,38.813167095184326,51.87457275390625,316,93.01580810546875,0.0,51.91754150390625,316
2025-07-17T19:24:15.616904,0,16,[],93.01580810546875,0.0,51.87457275390625,316,93.01580810546875,38.813167095184326,51.91754150390625,316
2025-07-17T19:24:15.621763,0,17,[],93.01580810546875,38.812678813934326,51.87457275390625,316,93.01580810546875,0.0,51.91754150390625,316
2025-07-17T19:24:15.627550,0,17,[],93.01580810546875,0.0,51.87457275390625,316,93.01580810546875,38.813167095184326,51.91754150390625,316
2025-07-17T19:24:15.632205,0,18,[],93.01580810546875,38.813167095184326,51.87457275390625,316,93.01580810546875,0.0,51.91754150390625,316
2025-07-17T19:24:15.638563,0,18,[],93.01580810546875,0.0,51.87457275390625,316,93.01580810546875,38.813167095184326,51.91754150390625,316
2025-07-17T19:24:15.643118,0,19,[],93.01580810546875,38.813167095184326,51.87457275390625,316,93.01580810546875,0.0,51.91754150390625,316
2025-07-17T19:24:15.649230,0,19,[],93.01580810546875,0.0,51.87457275390625,316,93.01580810546875,38.813167095184326,51.91754150390625,316
2025-07-17T19:24:15.654087,0,20,[],93.01580810546875,38.812678813934326,51.87457275390625,316,93.01580810546875,0.0,51.91754150390625,316
2025-07-17T19:24:15.659781,0,20,[],93.01580810546875,0.0,51.87457275390625,316,93.01580810546875,38.813167095184326,51.91754150390625,316
2025-07-17T19:24:15.664611,0,21,[],93.01580810546875,38.813167095184326,51.87457275390625,316,93.01580810546875,0.0,51.91754150390625,316
2025-07-17T19:24:15.670332,0,21,[],93.01580810546875,0.0,51.87457275390625,316,93.01580810546875,38.813167095184326,51.91754150390625,316
2025-07-17T19:24:15.675138,0,22,[],93.01580810546875,38.813167095184326,51.87457275390625,316,93.01580810546875,0.0,51.91754150390625,316
2025-07-17T19:24:15.680874,0,22,[],93.01580810546875,0.0,51.87457275390625,316,93.01580810546875,38.813167095184326,51.91754150390625,316
2025-07-17T19:24:15.685778,0,23,[],93.01580810546875,38.812678813934326,51.87457275390625,316,93.01580810546875,0.0,51.91754150390625,316
2025-07-17T19:24:15.691405,0,23,[],93.01580810546875,0.0,51.87457275390625,316,93.01580810546875,38.813167095184326,51.91754150390625,316
2025-07-17T19:24:15.696454,0,24,[],93.01580810546875,38.813167095184326,51.87457275390625,316,93.01580810546875,0.0,51.91754150390625,316
2025-07-17T19:24:15.702000,0,24,[],93.01580810546875,0.0,51.87457275390625,316,93.01580810546875,38.813167095184326,51.91754150390625,316
2025-07-17T19:24:15.706768,0,25,[],93.01580810546875,38.813167095184326,51.87457275390625,316,93.01580810546875,0.0,51.91754150390625,316
2025-07-17T19:24:15.712993,0,25,[],93.01580810546875,0.0,51.87457275390625,316,93.01580810546875,38.813167095184326,51.91754150390625,316
2025-07-17T19:24:15.717872,0,26,[],93.01580810546875,38.812678813934326,51.87457275390625,316,93.01580810546875,0.0,51.91754150390625,316
2025-07-17T19:24:15.723679,0,26,[],93.01580810546875,0.0,51.87457275390625,316,93.01580810546875,38.813167095184326,51.91754150390625,316
2025-07-17T19:24:15.728556,0,27,[],93.01580810546875,38.813167095184326,51.87457275390625,316,93.01580810546875,0.0,51.91754150390625,316
2025-07-17T19:24:15.734132,0,27,[],93.01580810546875,0.0,51.87457275390625,316,93.01580810546875,38.813167095184326,51.91754150390625,316
2025-07-17T19:24:15.739909,0,28,[],93.01580810546875,38.813167095184326,51.87457275390625,316,93.01580810546875,0.0,51.91754150390625,316
2025-07-17T19:24:15.744729,0,28,[],93.01580810546875,0.0,51.87457275390625,316,93.01580810546875,38.813167095184326,51.91754150390625,316
2025-07-17T19:24:15.749728,0,29,[],93.01580810546875,38.812678813934326,51.87457275390625,316,93.01580810546875,0.0,51.91754150390625,316
2025-07-17T19:24:15.755206,0,29,[],93.01580810546875,0.0,51.87457275390625,316,93.01580810546875,38.813167095184326,51.91754150390625,316
2025-07-17T19:24:15.760187,0,30,[],93.01580810546875,38.813167095184326,51.87457275390625,316,93.01580810546875,0.0,51.91754150390625,316
2025-07-17T19:24:15.766314,0,30,[],93.01580810546875,0.0,51.87457275390625,316,93.01580810546875,38.813167095184326,51.91754150390625,316
2025-07-17T19:24:15.770619,0,31,[],93.01580810546875,38.813167095184326,51.87457275390625,316,93.01580810546875,0.0,51.91754150390625,316
2025-07-17T19:24:15.776514,0,31,[],93.01580810546875,0.0,51.87457275390625,316,93.01580810546875,38.813167095184326,51.91754150390625,316
2025-07-17T19:24:16.247034,0,0,[],93.01580810546875,38.847307205200195,52.18511962890625,318,93.01580810546875,0.0,52.18511962890625,318
2025-07-17T19:24:16.254063,0,0,[],93.01580810546875,0.0,47.76715087890625,291,93.01580810546875,38.847307205200195,52.18511962890625,318
2025-07-17T19:24:16.267045,1,0,[],93.01580810546875,0.0,47.76715087890625,291,93.01580810546875,39.110979080200195,47.76715087890625,291
2025-07-17T19:24:16.274324,1,0,[],93.01580810546875,39.110979080200195,47.76715087890625,291,93.01580810546875,0.0,47.23980712890625,287
2025-07-17T19:24:16.353651,2,0,[],93.01580810546875,0.0,47.23980712890625,287,93.01580810546875,39.374650955200195,47.23980712890625,287
2025-07-17T19:24:16.353691,2,0,[],93.01580810546875,39.374650955200195,47.23980712890625,287,93.01580810546875,0.0,47.23980712890625,287
2025-07-17T19:24:16.440619,3,0,[],93.01580810546875,0.0,46.71246337890625,284,93.01580810546875,39.638322830200195,46.71246337890625,284
2025-07-17T19:24:16.440653,3,0,[],93.01580810546875,39.638322830200195,46.71246337890625,284,93.01580810546875,0.0,46.71246337890625,284
2025-07-17T19:24:16.524941,4,0,[],93.01580810546875,39.901506423950195,46.71246337890625,284,93.01580810546875,0.0,46.71246337890625,284
2025-07-17T19:24:16.525033,4,0,[],93.01580810546875,0.0,46.71246337890625,284,93.01580810546875,39.901506423950195,46.71246337890625,284
2025-07-17T19:24:16.624654,0,1,[],93.01580810546875,40.429338455200195,45.92144775390625,279,93.01580810546875,0.0,45.92144775390625,279
2025-07-17T19:24:16.625689,0,1,[],93.01580810546875,0.0,45.92144775390625,279,93.01580810546875,40.429338455200195,45.92144775390625,279
2025-07-17T19:24:16.690589,1,1,[],93.01580810546875,40.429338455200195,45.92144775390625,279,93.01580810546875,0.0,45.92144775390625,279
2025-07-17T19:24:16.696418,1,1,[],93.01580810546875,0.0,45.92144775390625,279,93.01580810546875,40.429338455200195,45.92144775390625,279
2025-07-17T19:24:16.774210,2,1,[],93.01580810546875,0.0,45.92144775390625,279,93.01580810546875,40.429338455200195,45.92144775390625,279
2025-07-17T19:24:16.774219,2,1,[],93.01580810546875,40.429338455200195,45.92144775390625,279,93.01580810546875,0.0,45.92144775390625,279
2025-07-17T19:24:16.856739,3,1,[],93.01580810546875,0.0,45.92144775390625,279,93.01580810546875,40.429338455200195,45.92144775390625,279
2025-07-17T19:24:16.856885,3,1,[],93.01580810546875,40.429338455200195,45.92144775390625,279,93.01580810546875,0.0,45.92144775390625,279
2025-07-17T19:24:16.938478,4,1,[],93.01580810546875,40.429338455200195,45.92144775390625,279,93.01580810546875,0.0,45.92144775390625,279
2025-07-17T19:24:16.938660,4,1,[],93.01580810546875,0.0,45.92144775390625,279,93.01580810546875,40.429338455200195,45.92144775390625,279
2025-07-17T19:24:17.035102,0,2,[],93.01580810546875,40.429338455200195,45.92144775390625,279,93.01580810546875,0.0,45.92144775390625,279
2025-07-17T19:24:17.036217,0,2,[],93.01580810546875,0.0,45.92144775390625,279,93.01580810546875,40.429338455200195,45.92144775390625,279
2025-07-17T19:24:17.108411,1,2,[],93.01580810546875,0.0,45.92144775390625,279,93.01580810546875,40.429338455200195,45.92144775390625,279
2025-07-17T19:24:17.108345,1,2,[],93.01580810546875,40.429338455200195,45.92144775390625,279,93.01580810546875,0.0,45.92144775390625,279
2025-07-17T19:24:17.203302,2,2,[],93.01580810546875,0.0,45.92144775390625,279,93.01580810546875,40.429338455200195,45.92144775390625,279
2025-07-17T19:24:17.203459,2,2,[],93.01580810546875,40.429338455200195,45.92144775390625,279,93.01580810546875,0.0,45.92144775390625,279
2025-07-17T19:24:17.297172,3,2,[],93.01580810546875,0.0,45.92144775390625,279,93.01580810546875,40.429338455200195,45.92144775390625,279
2025-07-17T19:24:17.297293,3,2,[],93.01580810546875,40.429338455200195,45.92144775390625,279,93.01580810546875,0.0,45.92144775390625,279
2025-07-17T19:24:17.391782,4,2,[],93.01580810546875,40.429338455200195,45.92144775390625,279,93.01580810546875,0.0,45.92144775390625,279
2025-07-17T19:24:17.391957,4,2,[],93.01580810546875,0.0,45.92144775390625,279,93.01580810546875,40.429338455200195,45.92144775390625,279
2025-07-17T19:24:17.493965,0,3,[],93.01580810546875,40.429338455200195,45.92144775390625,279,93.01580810546875,0.0,45.92144775390625,279
2025-07-17T19:24:17.495381,0,3,[],93.01580810546875,0.0,45.92144775390625,279,93.01580810546875,40.429338455200195,45.92144775390625,279
2025-07-17T19:24:17.568746,1,3,[],93.01580810546875,0.0,45.92144775390625,279,93.01580810546875,40.429338455200195,45.92144775390625,279
2025-07-17T19:24:17.568805,1,3,[],93.01580810546875,40.429338455200195,45.92144775390625,279,93.01580810546875,0.0,45.92144775390625,279
2025-07-17T19:24:17.653767,2,3,[],93.01580810546875,0.0,45.92144775390625,279,93.01580810546875,40.429338455200195,45.92144775390625,279
2025-07-17T19:24:17.653833,2,3,[],93.01580810546875,40.429338455200195,45.92144775390625,279,93.01580810546875,0.0,45.92144775390625,279
2025-07-17T19:24:17.738124,3,3,[],93.01580810546875,0.0,45.92144775390625,279,93.01580810546875,40.429338455200195,45.92144775390625,279
2025-07-17T19:24:17.738157,3,3,[],93.01580810546875,40.429338455200195,45.92144775390625,279,93.01580810546875,0.0,45.92144775390625,279
2025-07-17T19:24:17.820948,4,3,[],93.01580810546875,0.0,45.92144775390625,279,93.01580810546875,40.429338455200195,45.92144775390625,279
2025-07-17T19:24:17.821118,4,3,[],93.01580810546875,40.429338455200195,45.92144775390625,279,93.01580810546875,0.0,45.92144775390625,279
2025-07-17T19:24:17.918705,0,4,[],93.01580810546875,40.429338455200195,45.92144775390625,279,93.01580810546875,0.0,45.92144775390625,279
2025-07-17T19:24:17.920059,0,4,[],93.01580810546875,0.0,45.92144775390625,279,93.01580810546875,40.429338455200195,45.92144775390625,279
2025-07-17T19:24:17.989151,1,4,[],93.01580810546875,0.0,45.92144775390625,279,93.01580810546875,40.429338455200195,45.92144775390625,279
2025-07-17T19:24:17.989195,1,4,[],93.01580810546875,40.429338455200195,45.92144775390625,279,93.01580810546875,0.0,45.92144775390625,279
2025-07-17T19:24:18.075846,2,4,[],93.01580810546875,0.0,45.92144775390625,279,93.01580810546875,40.429338455200195,45.92144775390625,279
2025-07-17T19:24:18.076034,2,4,[],93.01580810546875,40.429338455200195,45.92144775390625,279,93.01580810546875,0.0,45.92144775390625,279
2025-07-17T19:24:18.166050,3,4,[],93.01580810546875,40.429338455200195,45.92144775390625,279,93.01580810546875,0.0,45.92144775390625,279
2025-07-17T19:24:18.166108,3,4,[],93.01580810546875,0.0,45.92144775390625,279,93.01580810546875,40.429338455200195,45.92144775390625,279
2025-07-17T19:24:18.259570,4,4,[],93.01580810546875,40.429338455200195,45.92144775390625,279,93.01580810546875,0.0,45.92144775390625,279
2025-07-17T19:24:18.259579,4,4,[],93.01580810546875,0.0,45.92144775390625,279,93.01580810546875,40.429338455200195,45.92144775390625,279
2025-07-17T19:24:18.366130,0,5,[],93.01580810546875,40.429338455200195,45.92144775390625,279,93.01580810546875,0.0,45.92144775390625,279
2025-07-17T19:24:18.367447,0,5,[],93.01580810546875,0.0,45.92144775390625,279,93.01580810546875,40.429338455200195,45.92144775390625,279
2025-07-17T19:24:18.444602,1,5,[],93.01580810546875,0.0,45.92144775390625,279,93.01580810546875,40.429338455200195,45.92144775390625,279
2025-07-17T19:24:18.444747,1,5,[],93.01580810546875,40.429338455200195,45.92144775390625,279,93.01580810546875,0.0,45.92144775390625,279
2025-07-17T19:24:18.534084,2,5,[],93.01580810546875,40.429338455200195,45.92144775390625,279,93.01580810546875,0.0,45.92144775390625,279
2025-07-17T19:24:18.534296,2,5,[],93.01580810546875,0.0,45.92144775390625,279,93.01580810546875,40.429338455200195,45.92144775390625,279
2025-07-17T19:24:18.620749,3,5,[],93.01580810546875,0.0,45.92144775390625,279,93.01580810546875,40.429338455200195,45.92144775390625,279
2025-07-17T19:24:18.620822,3,5,[],93.01580810546875,40.429338455200195,45.92144775390625,279,93.01580810546875,0.0,45.92144775390625,279
2025-07-17T19:24:18.704752,4,5,[],93.01580810546875,0.0,45.92144775390625,279,93.01580810546875,40.429338455200195,45.92144775390625,279
2025-07-17T19:24:18.704822,4,5,[],93.01580810546875,40.429338455200195,45.92144775390625,279,93.01580810546875,0.0,45.92144775390625,279
2025-07-17T19:24:18.802062,0,6,[],93.01580810546875,40.429338455200195,45.92144775390625,279,93.01580810546875,0.0,45.92144775390625,279
2025-07-17T19:24:18.803345,0,6,[],93.01580810546875,0.0,45.92144775390625,279,93.01580810546875,40.429338455200195,45.92144775390625,279
2025-07-17T19:24:18.874253,1,6,[],93.01580810546875,0.0,45.92144775390625,279,93.01580810546875,40.429338455200195,45.92144775390625,279
2025-07-17T19:24:18.874175,1,6,[],93.01580810546875,40.429338455200195,45.92144775390625,279,93.01580810546875,0.0,45.92144775390625,279
2025-07-17T19:24:18.958140,2,6,[],93.01580810546875,0.0,45.92144775390625,279,93.01580810546875,40.429338455200195,45.92144775390625,279
2025-07-17T19:24:18.958240,2,6,[],93.01580810546875,40.429338455200195,45.92144775390625,279,93.01580810546875,0.0,45.92144775390625,279
2025-07-17T19:24:19.044947,3,6,[],93.01580810546875,0.0,45.92144775390625,279,93.01580810546875,40.429338455200195,45.92144775390625,279
2025-07-17T19:24:19.044970,3,6,[],93.01580810546875,40.429338455200195,45.92144775390625,279,93.01580810546875,0.0,45.92144775390625,279
2025-07-17T19:24:19.132385,4,6,[],93.01580810546875,40.429338455200195,45.92144775390625,279,93.01580810546875,0.0,45.92144775390625,279
2025-07-17T19:24:19.132419,4,6,[],93.01580810546875,0.0,45.92144775390625,279,93.01580810546875,40.429338455200195,45.92144775390625,279
2025-07-17T19:24:19.235777,0,7,[],93.01580810546875,40.429338455200195,45.92144775390625,279,93.01580810546875,0.0,45.92144775390625,279
2025-07-17T19:24:19.236896,0,7,[],93.01580810546875,0.0,45.92144775390625,279,93.01580810546875,40.429338455200195,45.92144775390625,279
2025-07-17T19:24:19.314831,1,7,[],93.01580810546875,0.0,45.92144775390625,279,93.01580810546875,40.429338455200195,45.92144775390625,279
2025-07-17T19:24:19.314917,1,7,[],93.01580810546875,40.429338455200195,45.92144775390625,279,93.01580810546875,0.0,45.92144775390625,279
2025-07-17T19:24:19.406590,2,7,[],93.01580810546875,0.0,45.92144775390625,279,93.01580810546875,40.429338455200195,45.92144775390625,279
2025-07-17T19:24:19.406636,2,7,[],93.01580810546875,40.429338455200195,45.92144775390625,279,93.01580810546875,0.0,45.92144775390625,279
2025-07-17T19:24:19.496147,3,7,[],93.01580810546875,40.429338455200195,45.92144775390625,279,93.01580810546875,0.0,45.92144775390625,279
2025-07-17T19:24:19.496327,3,7,[],93.01580810546875,0.0,45.92144775390625,279,93.01580810546875,40.429338455200195,45.92144775390625,279
2025-07-17T19:24:19.581571,4,7,[],93.01580810546875,0.0,45.92144775390625,279,93.01580810546875,40.429338455200195,45.92144775390625,279
2025-07-17T19:24:19.581627,4,7,[],93.01580810546875,40.429338455200195,45.92144775390625,279,93.01580810546875,0.0,45.92144775390625,279
2025-07-17T19:24:19.681570,0,8,[],93.01580810546875,40.429338455200195,45.92144775390625,279,93.01580810546875,0.0,45.92144775390625,279
2025-07-17T19:24:19.682571,0,8,[],93.01580810546875,0.0,45.92144775390625,279,93.01580810546875,40.429338455200195,45.92144775390625,279
2025-07-17T19:24:19.754928,1,8,[],93.01580810546875,0.0,45.92144775390625,279,93.01580810546875,40.429338455200195,45.92144775390625,279
2025-07-17T19:24:19.755047,1,8,[],93.01580810546875,40.429338455200195,45.92144775390625,279,93.01580810546875,0.0,45.92144775390625,279
2025-07-17T19:24:19.840646,2,8,[],93.01580810546875,0.0,45.92144775390625,279,93.01580810546875,40.429338455200195,45.92144775390625,279
2025-07-17T19:24:19.840643,2,8,[],93.01580810546875,40.429338455200195,45.92144775390625,279,93.01580810546875,0.0,45.92144775390625,279
2025-07-17T19:24:19.926706,3,8,[],93.01580810546875,40.429338455200195,45.92144775390625,279,93.01580810546875,0.0,45.92144775390625,279
2025-07-17T19:24:19.926817,3,8,[],93.01580810546875,0.0,45.92144775390625,279,93.01580810546875,40.429338455200195,45.92144775390625,279
2025-07-17T19:24:20.011657,4,8,[],93.01580810546875,0.0,45.92144775390625,279,93.01580810546875,40.429338455200195,45.92144775390625,279
2025-07-17T19:24:20.011666,4,8,[],93.01580810546875,40.429338455200195,45.92144775390625,279,93.01580810546875,0.0,45.92144775390625,279
2025-07-17T19:24:20.112039,0,9,[],93.01580810546875,0.0,45.92144775390625,279,93.01580810546875,40.429338455200195,45.92144775390625,279
2025-07-17T19:24:20.117055,0,9,[],93.01580810546875,40.429338455200195,45.92144775390625,279,93.01580810546875,0.0,45.92144775390625,279
2025-07-17T19:24:20.188486,1,9,[],93.01580810546875,0.0,45.92144775390625,279,93.01580810546875,40.429338455200195,45.92144775390625,279
2025-07-17T19:24:20.188454,1,9,[],93.01580810546875,40.429338455200195,45.92144775390625,279,93.01580810546875,0.0,45.92144775390625,279
2025-07-17T19:24:20.278373,2,9,[],93.01580810546875,0.0,45.92144775390625,279,93.01580810546875,40.429338455200195,45.92144775390625,279
2025-07-17T19:24:20.278352,2,9,[],93.01580810546875,40.429338455200195,45.92144775390625,279,93.01580810546875,0.0,45.92144775390625,279
2025-07-17T19:24:20.369996,3,9,[],93.01580810546875,0.0,45.92144775390625,279,93.01580810546875,40.429338455200195,45.92144775390625,279
2025-07-17T19:24:20.370109,3,9,[],93.01580810546875,40.429338455200195,45.92144775390625,279,93.01580810546875,0.0,45.92144775390625,279
2025-07-17T19:24:20.458005,4,9,[],93.01580810546875,40.429338455200195,45.92144775390625,279,93.01580810546875,0.0,45.92144775390625,279
2025-07-17T19:24:20.458179,4,9,[],93.01580810546875,0.0,45.92144775390625,279,93.01580810546875,40.429338455200195,45.92144775390625,279
2025-07-17T19:24:20.558823,0,10,[],93.01580810546875,40.429338455200195,45.92144775390625,279,93.01580810546875,0.0,45.92144775390625,279
2025-07-17T19:24:20.565310,0,10,[],93.01580810546875,0.0,45.92144775390625,279,93.01580810546875,40.429338455200195,45.92144775390625,279
2025-07-17T19:24:20.634231,1,10,[],93.01580810546875,0.0,45.92144775390625,279,93.01580810546875,40.429338455200195,45.92144775390625,279
2025-07-17T19:24:20.634215,1,10,[],93.01580810546875,40.429338455200195,45.92144775390625,279,93.01580810546875,0.0,45.92144775390625,279
2025-07-17T19:24:20.720422,2,10,[],93.01580810546875,40.429338455200195,45.92144775390625,279,93.01580810546875,0.0,45.92144775390625,279
2025-07-17T19:24:20.720622,2,10,[],93.01580810546875,0.0,45.92144775390625,279,93.01580810546875,40.429338455200195,45.92144775390625,279
2025-07-17T19:24:20.806282,3,10,[],93.01580810546875,0.0,45.92144775390625,279,93.01580810546875,40.429338455200195,45.92144775390625,279
2025-07-17T19:24:20.806312,3,10,[],93.01580810546875,40.429338455200195,45.92144775390625,279,93.01580810546875,0.0,45.92144775390625,279
2025-07-17T19:24:20.889948,4,10,[],93.01580810546875,0.0,45.92144775390625,279,93.01580810546875,40.429338455200195,45.92144775390625,279
2025-07-17T19:24:20.895940,4,10,[],93.01580810546875,40.429338455200195,45.92144775390625,279,93.01580810546875,0.0,45.92144775390625,279
2025-07-17T19:24:20.988134,0,11,[],93.01580810546875,40.429338455200195,45.92144775390625,279,93.01580810546875,0.0,45.92144775390625,279
2025-07-17T19:24:20.989528,0,11,[],93.01580810546875,0.0,45.92144775390625,279,93.01580810546875,40.429338455200195,45.92144775390625,279
2025-07-17T19:24:21.061617,1,11,[],93.01580810546875,0.0,45.92144775390625,279,93.01580810546875,40.429338455200195,45.92144775390625,279
2025-07-17T19:24:21.067335,1,11,[],93.01580810546875,40.429338455200195,45.92144775390625,279,93.01580810546875,0.0,45.92144775390625,279
2025-07-17T19:24:21.150251,2,11,[],93.01580810546875,40.429338455200195,45.92144775390625,279,93.01580810546875,0.0,45.92144775390625,279
2025-07-17T19:24:21.150547,2,11,[],93.01580810546875,0.0,45.92144775390625,279,93.01580810546875,40.429338455200195,45.92144775390625,279
2025-07-17T19:24:21.239911,3,11,[],93.01580810546875,0.0,45.92144775390625,279,93.01580810546875,40.429338455200195,45.92144775390625,279
2025-07-17T19:24:21.239931,3,11,[],93.01580810546875,40.429338455200195,45.92144775390625,279,93.01580810546875,0.0,45.92144775390625,279
2025-07-17T19:24:21.328301,4,11,[],93.01580810546875,40.429338455200195,45.92144775390625,279,93.01580810546875,0.0,45.92144775390625,279
2025-07-17T19:24:21.334319,4,11,[],93.01580810546875,0.0,45.92144775390625,279,93.01580810546875,40.429338455200195,45.92144775390625,279
2025-07-17T19:24:21.430242,0,12,[],93.01580810546875,40.429338455200195,45.92144775390625,279,93.01580810546875,0.0,45.92144775390625,279
2025-07-17T19:24:21.431661,0,12,[],93.01580810546875,0.0,45.92144775390625,279,93.01580810546875,40.429338455200195,45.92144775390625,279
2025-07-17T19:24:21.507268,1,12,[],93.01580810546875,0.0,45.92144775390625,279,93.01580810546875,40.429338455200195,45.92144775390625,279
2025-07-17T19:24:21.507276,1,12,[],93.01580810546875,40.429338455200195,45.92144775390625,279,93.01580810546875,0.0,45.92144775390625,279
2025-07-17T19:24:21.594637,2,12,[],93.01580810546875,40.429338455200195,45.92144775390625,279,93.01580810546875,0.0,45.92144775390625,279
2025-07-17T19:24:21.594771,2,12,[],93.01580810546875,0.0,45.92144775390625,279,93.01580810546875,40.429338455200195,45.92144775390625,279
2025-07-17T19:24:21.680699,3,12,[],93.01580810546875,40.429338455200195,45.92144775390625,279,93.01580810546875,0.0,45.92144775390625,279
2025-07-17T19:24:21.681019,3,12,[],93.01580810546875,0.0,45.92144775390625,279,93.01580810546875,40.429338455200195,45.92144775390625,279
2025-07-17T19:24:21.766298,4,12,[],93.01580810546875,0.0,45.92144775390625,279,93.01580810546875,40.429338455200195,45.92144775390625,279
2025-07-17T19:24:21.766303,4,12,[],93.01580810546875,40.429338455200195,45.92144775390625,279,93.01580810546875,0.0,45.92144775390625,279
2025-07-17T19:24:21.866793,0,13,[],93.01580810546875,40.429338455200195,45.92144775390625,279,93.01580810546875,0.0,45.92144775390625,279
2025-07-17T19:24:21.868123,0,13,[],93.01580810546875,0.0,45.92144775390625,279,93.01580810546875,40.429338455200195,45.92144775390625,279
2025-07-17T19:24:21.939268,1,13,[],93.01580810546875,40.429338455200195,45.92144775390625,279,93.01580810546875,0.0,45.92144775390625,279
2025-07-17T19:24:21.945124,1,13,[],93.01580810546875,0.0,45.92144775390625,279,93.01580810546875,40.429338455200195,45.92144775390625,279
2025-07-17T19:24:22.027429,2,13,[],93.01580810546875,0.0,45.92144775390625,279,93.01580810546875,40.429338455200195,45.92144775390625,279
2025-07-17T19:24:22.027586,2,13,[],93.01580810546875,40.429338455200195,45.92144775390625,279,93.01580810546875,0.0,45.92144775390625,279
2025-07-17T19:24:22.115783,3,13,[],93.01580810546875,40.429338455200195,45.92144775390625,279,93.01580810546875,0.0,45.92144775390625,279
2025-07-17T19:24:22.116008,3,13,[],93.01580810546875,0.0,45.92144775390625,279,93.01580810546875,40.429338455200195,45.92144775390625,279
2025-07-17T19:24:22.203330,4,13,[],93.01580810546875,40.429338455200195,45.92144775390625,279,93.01580810546875,0.0,45.92144775390625,279
2025-07-17T19:24:22.203541,4,13,[],93.01580810546875,0.0,45.92144775390625,279,93.01580810546875,40.429338455200195,45.92144775390625,279
2025-07-17T19:24:22.303636,0,14,[],93.01580810546875,40.429338455200195,45.92144775390625,279,93.01580810546875,0.0,45.92144775390625,279
2025-07-17T19:24:22.304808,0,14,[],93.01580810546875,0.0,45.92144775390625,279,93.01580810546875,40.429338455200195,45.92144775390625,279
2025-07-17T19:24:22.378269,1,14,[],93.01580810546875,0.0,45.92144775390625,279,93.01580810546875,40.429338455200195,45.92144775390625,279
2025-07-17T19:24:22.378317,1,14,[],93.01580810546875,40.429338455200195,45.92144775390625,279,93.01580810546875,0.0,45.92144775390625,279
2025-07-17T19:24:22.468202,2,14,[],93.01580810546875,0.0,45.92144775390625,279,93.01580810546875,40.429338455200195,45.92144775390625,279
2025-07-17T19:24:22.468169,2,14,[],93.01580810546875,40.429338455200195,45.92144775390625,279,93.01580810546875,0.0,45.92144775390625,279
2025-07-17T19:24:22.554828,3,14,[],93.01580810546875,0.0,45.92144775390625,279,93.01580810546875,40.429338455200195,45.92144775390625,279
2025-07-17T19:24:22.554977,3,14,[],93.01580810546875,40.429338455200195,45.92144775390625,279,93.01580810546875,0.0,45.92144775390625,279
2025-07-17T19:24:22.639409,4,14,[],93.01580810546875,40.429338455200195,45.92144775390625,279,93.01580810546875,0.0,45.92144775390625,279
2025-07-17T19:24:22.639631,4,14,[],93.01580810546875,0.0,45.92144775390625,279,93.01580810546875,40.429338455200195,45.92144775390625,279
2025-07-17T19:24:22.739737,0,15,[],93.01580810546875,40.429338455200195,45.92144775390625,279,93.01580810546875,0.0,45.92144775390625,279
2025-07-17T19:24:22.741059,0,15,[],93.01580810546875,0.0,45.92144775390625,279,93.01580810546875,40.429338455200195,45.92144775390625,279
2025-07-17T19:24:22.813756,1,15,[],93.01580810546875,0.0,45.92144775390625,279,93.01580810546875,40.429338455200195,45.92144775390625,279
2025-07-17T19:24:22.813734,1,15,[],93.01580810546875,40.429338455200195,45.92144775390625,279,93.01580810546875,0.0,45.92144775390625,279
2025-07-17T19:24:22.899026,2,15,[],93.01580810546875,40.429338455200195,45.92144775390625,279,93.01580810546875,0.0,45.92144775390625,279
2025-07-17T19:24:22.899271,2,15,[],93.01580810546875,0.0,45.92144775390625,279,93.01580810546875,40.429338455200195,45.92144775390625,279
2025-07-17T19:24:22.986801,3,15,[],93.01580810546875,40.429338455200195,45.92144775390625,279,93.01580810546875,0.0,45.92144775390625,279
2025-07-17T19:24:22.986907,3,15,[],93.01580810546875,0.0,45.92144775390625,279,93.01580810546875,40.429338455200195,45.92144775390625,279
2025-07-17T19:24:23.072868,4,15,[],93.01580810546875,40.429338455200195,45.92144775390625,279,93.01580810546875,0.0,45.92144775390625,279
2025-07-17T19:24:23.072963,4,15,[],93.01580810546875,0.0,45.92144775390625,279,93.01580810546875,40.429338455200195,45.92144775390625,279
2025-07-17T19:24:23.172652,0,16,[],93.01580810546875,40.429338455200195,45.92144775390625,279,93.01580810546875,0.0,45.92144775390625,279
2025-07-17T19:24:23.173968,0,16,[],93.01580810546875,0.0,45.92144775390625,279,93.01580810546875,40.429338455200195,45.92144775390625,279
2025-07-17T19:24:23.249373,1,16,[],93.01580810546875,0.0,45.92144775390625,279,93.01580810546875,40.429338455200195,45.92144775390625,279
2025-07-17T19:24:23.249361,1,16,[],93.01580810546875,40.429338455200195,45.92144775390625,279,93.01580810546875,0.0,45.92144775390625,279
2025-07-17T19:24:23.337136,2,16,[],93.01580810546875,0.0,45.92144775390625,279,93.01580810546875,40.429338455200195,45.92144775390625,279
2025-07-17T19:24:23.337332,2,16,[],93.01580810546875,40.429338455200195,45.92144775390625,279,93.01580810546875,0.0,45.92144775390625,279
2025-07-17T19:24:23.427450,3,16,[],93.01580810546875,0.0,45.92144775390625,279,93.01580810546875,40.429338455200195,45.92144775390625,279
2025-07-17T19:24:23.427455,3,16,[],93.01580810546875,40.429338455200195,45.92144775390625,279,93.01580810546875,0.0,45.92144775390625,279
2025-07-17T19:24:23.514910,4,16,[],93.01580810546875,40.429338455200195,45.92144775390625,279,93.01580810546875,0.0,45.92144775390625,279
2025-07-17T19:24:23.514942,4,16,[],93.01580810546875,0.0,45.92144775390625,279,93.01580810546875,40.429338455200195,45.92144775390625,279
2025-07-17T19:24:23.614792,0,17,[],93.01580810546875,40.429338455200195,45.92144775390625,279,93.01580810546875,0.0,45.92144775390625,279
2025-07-17T19:24:23.616020,0,17,[],93.01580810546875,0.0,45.92144775390625,279,93.01580810546875,40.429338455200195,45.92144775390625,279
2025-07-17T19:24:23.688640,1,17,[],93.01580810546875,0.0,45.92144775390625,279,93.01580810546875,40.429338455200195,45.92144775390625,279
2025-07-17T19:24:23.688748,1,17,[],93.01580810546875,40.429338455200195,45.92144775390625,279,93.01580810546875,0.0,45.92144775390625,279
2025-07-17T19:24:23.776874,2,17,[],93.01580810546875,0.0,45.92144775390625,279,93.01580810546875,40.429338455200195,45.92144775390625,279
2025-07-17T19:24:23.777018,2,17,[],93.01580810546875,40.429338455200195,45.92144775390625,279,93.01580810546875,0.0,45.92144775390625,279
2025-07-17T19:24:23.863298,3,17,[],93.01580810546875,40.429338455200195,45.92144775390625,279,93.01580810546875,0.0,45.92144775390625,279
2025-07-17T19:24:23.863306,3,17,[],93.01580810546875,0.0,45.92144775390625,279,93.01580810546875,40.429338455200195,45.92144775390625,279
2025-07-17T19:24:23.949350,4,17,[],93.01580810546875,40.429338455200195,45.92144775390625,279,93.01580810546875,0.0,45.92144775390625,279
2025-07-17T19:24:23.949560,4,17,[],93.01580810546875,0.0,45.92144775390625,279,93.01580810546875,40.429338455200195,45.92144775390625,279
2025-07-17T19:24:24.049549,0,18,[],93.01580810546875,40.429338455200195,45.92144775390625,279,93.01580810546875,0.0,45.92144775390625,279
2025-07-17T19:24:24.050934,0,18,[],93.01580810546875,0.0,45.92144775390625,279,93.01580810546875,40.429338455200195,45.92144775390625,279
2025-07-17T19:24:24.125597,1,18,[],93.01580810546875,0.0,45.92144775390625,279,93.01580810546875,40.429338455200195,45.92144775390625,279
2025-07-17T19:24:24.125664,1,18,[],93.01580810546875,40.429338455200195,45.92144775390625,279,93.01580810546875,0.0,45.92144775390625,279
2025-07-17T19:24:24.215801,2,18,[],93.01580810546875,0.0,45.92144775390625,279,93.01580810546875,40.429338455200195,45.92144775390625,279
2025-07-17T19:24:24.215859,2,18,[],93.01580810546875,40.429338455200195,45.92144775390625,279,93.01580810546875,0.0,45.92144775390625,279
2025-07-17T19:24:24.303850,3,18,[],93.01580810546875,40.429338455200195,45.92144775390625,279,93.01580810546875,0.0,45.92144775390625,279
2025-07-17T19:24:24.304170,3,18,[],93.01580810546875,0.0,45.92144775390625,279,93.01580810546875,40.429338455200195,45.92144775390625,279
2025-07-17T19:24:24.391998,4,18,[],93.01580810546875,40.429338455200195,45.92144775390625,279,93.01580810546875,0.0,45.92144775390625,279
2025-07-17T19:24:24.392106,4,18,[],93.01580810546875,0.0,45.92144775390625,279,93.01580810546875,40.429338455200195,45.92144775390625,279
2025-07-17T19:24:24.490626,0,19,[],93.01580810546875,40.429338455200195,45.92144775390625,279,93.01580810546875,0.0,45.92144775390625,279
2025-07-17T19:24:24.491908,0,19,[],93.01580810546875,0.0,45.92144775390625,279,93.01580810546875,40.429338455200195,45.92144775390625,279
2025-07-17T19:24:24.565946,1,19,[],93.01580810546875,0.0,45.92144775390625,279,93.01580810546875,40.429338455200195,45.92144775390625,279
2025-07-17T19:24:24.565918,1,19,[],93.01580810546875,40.429338455200195,45.92144775390625,279,93.01580810546875,0.0,45.92144775390625,279
2025-07-17T19:24:24.655093,2,19,[],93.01580810546875,0.0,45.92144775390625,279,93.01580810546875,40.429338455200195,45.92144775390625,279
2025-07-17T19:24:24.655208,2,19,[],93.01580810546875,40.429338455200195,45.92144775390625,279,93.01580810546875,0.0,45.92144775390625,279
2025-07-17T19:24:24.742941,3,19,[],93.01580810546875,40.429338455200195,45.92144775390625,279,93.01580810546875,0.0,45.92144775390625,279
2025-07-17T19:24:24.743087,3,19,[],93.01580810546875,0.0,45.92144775390625,279,93.01580810546875,40.429338455200195,45.92144775390625,279
2025-07-17T19:24:24.828437,4,19,[],93.01580810546875,40.429338455200195,45.92144775390625,279,93.01580810546875,0.0,45.92144775390625,279
2025-07-17T19:24:24.828617,4,19,[],93.01580810546875,0.0,45.92144775390625,279,93.01580810546875,40.429338455200195,45.92144775390625,279
2025-07-17T19:24:24.930733,0,20,[],93.01580810546875,0.0,45.92144775390625,279,93.01580810546875,40.429338455200195,45.92144775390625,279
2025-07-17T19:24:24.935593,0,20,[],93.01580810546875,40.429338455200195,45.92144775390625,279,93.01580810546875,0.0,45.92144775390625,279
2025-07-17T19:24:25.005416,1,20,[],93.01580810546875,40.429338455200195,45.92144775390625,279,93.01580810546875,0.0,45.92144775390625,279
2025-07-17T19:24:25.005456,1,20,[],93.01580810546875,0.0,45.92144775390625,279,93.01580810546875,40.429338455200195,45.92144775390625,279
2025-07-17T19:24:25.093827,2,20,[],93.01580810546875,0.0,45.92144775390625,279,93.01580810546875,40.429338455200195,45.92144775390625,279
2025-07-17T19:24:25.093837,2,20,[],93.01580810546875,40.429338455200195,45.92144775390625,279,93.01580810546875,0.0,45.92144775390625,279
2025-07-17T19:24:25.180746,3,20,[],93.01580810546875,0.0,45.92144775390625,279,93.01580810546875,40.429338455200195,45.92144775390625,279
2025-07-17T19:24:25.180867,3,20,[],93.01580810546875,40.429338455200195,45.92144775390625,279,93.01580810546875,0.0,45.92144775390625,279
2025-07-17T19:24:25.267078,4,20,[],93.01580810546875,40.429338455200195,45.92144775390625,279,93.01580810546875,0.0,45.92144775390625,279
2025-07-17T19:24:25.267233,4,20,[],93.01580810546875,0.0,45.92144775390625,279,93.01580810546875,40.429338455200195,45.92144775390625,279
2025-07-17T19:24:25.370508,0,21,[],93.01580810546875,40.429338455200195,45.92144775390625,279,93.01580810546875,0.0,45.92144775390625,279
2025-07-17T19:24:25.371738,0,21,[],93.01580810546875,0.0,45.92144775390625,279,93.01580810546875,40.429338455200195,45.92144775390625,279
2025-07-17T19:24:25.446002,1,21,[],93.01580810546875,0.0,45.92144775390625,279,93.01580810546875,40.429338455200195,45.92144775390625,279
2025-07-17T19:24:25.445992,1,21,[],93.01580810546875,40.429338455200195,45.92144775390625,279,93.01580810546875,0.0,45.92144775390625,279
2025-07-17T19:24:25.535811,2,21,[],93.01580810546875,40.429338455200195,45.92144775390625,279,93.01580810546875,0.0,45.92144775390625,279
2025-07-17T19:24:25.535797,2,21,[],93.01580810546875,0.0,45.92144775390625,279,93.01580810546875,40.429338455200195,45.92144775390625,279
2025-07-17T19:24:25.623992,3,21,[],93.01580810546875,0.0,45.92144775390625,279,93.01580810546875,40.429338455200195,45.92144775390625,279
2025-07-17T19:24:25.624018,3,21,[],93.01580810546875,40.429338455200195,45.92144775390625,279,93.01580810546875,0.0,45.92144775390625,279
2025-07-17T19:24:25.709678,4,21,[],93.01580810546875,0.0,45.92144775390625,279,93.01580810546875,40.429338455200195,45.92144775390625,279
2025-07-17T19:24:25.715754,4,21,[],93.01580810546875,40.429338455200195,45.92144775390625,279,93.01580810546875,0.0,45.92144775390625,279
2025-07-17T19:24:25.809332,0,22,[],93.01580810546875,40.429338455200195,45.92144775390625,279,93.01580810546875,0.0,45.92144775390625,279
2025-07-17T19:24:25.815785,0,22,[],93.01580810546875,0.0,45.92144775390625,279,93.01580810546875,40.429338455200195,45.92144775390625,279
2025-07-17T19:24:25.885778,1,22,[],93.01580810546875,0.0,45.92144775390625,279,93.01580810546875,40.429338455200195,45.92144775390625,279
2025-07-17T19:24:25.885769,1,22,[],93.01580810546875,40.429338455200195,45.92144775390625,279,93.01580810546875,0.0,45.92144775390625,279
2025-07-17T19:24:25.974127,2,22,[],93.01580810546875,40.429338455200195,45.92144775390625,279,93.01580810546875,0.0,45.92144775390625,279
2025-07-17T19:24:25.974268,2,22,[],93.01580810546875,0.0,45.92144775390625,279,93.01580810546875,40.429338455200195,45.92144775390625,279
2025-07-17T19:24:26.062055,3,22,[],93.01580810546875,40.429338455200195,45.92144775390625,279,93.01580810546875,0.0,45.92144775390625,279
2025-07-17T19:24:26.062205,3,22,[],93.01580810546875,0.0,45.92144775390625,279,93.01580810546875,40.429338455200195,45.92144775390625,279
2025-07-17T19:24:26.147752,4,22,[],93.01580810546875,0.0,45.92144775390625,279,93.01580810546875,40.429338455200195,45.92144775390625,279
2025-07-17T19:24:26.147769,4,22,[],93.01580810546875,40.429338455200195,45.92144775390625,279,93.01580810546875,0.0,45.92144775390625,279
2025-07-17T19:24:26.249733,0,23,[],93.01580810546875,40.429338455200195,45.92144775390625,279,93.01580810546875,0.0,45.92144775390625,279
2025-07-17T19:24:26.250730,0,23,[],93.01580810546875,0.0,45.92144775390625,279,93.01580810546875,40.429338455200195,45.92144775390625,279
2025-07-17T19:24:26.326034,1,23,[],93.01580810546875,40.429338455200195,45.92144775390625,279,93.01580810546875,0.0,45.92144775390625,279
2025-07-17T19:24:26.326226,1,23,[],93.01580810546875,0.0,45.92144775390625,279,93.01580810546875,40.429338455200195,45.92144775390625,279
2025-07-17T19:24:26.416118,2,23,[],93.01580810546875,0.0,45.92144775390625,279,93.01580810546875,40.429338455200195,45.92144775390625,279
2025-07-17T19:24:26.415971,2,23,[],93.01580810546875,40.429338455200195,45.92144775390625,279,93.01580810546875,0.0,45.92144775390625,279
2025-07-17T19:24:26.504621,3,23,[],93.01580810546875,0.0,45.92144775390625,279,93.01580810546875,40.429338455200195,45.92144775390625,279
2025-07-17T19:24:26.510665,3,23,[],93.01580810546875,40.429338455200195,45.92144775390625,279,93.01580810546875,0.0,45.92144775390625,279
2025-07-17T19:24:26.589759,4,23,[],93.01580810546875,40.429338455200195,45.92144775390625,279,93.01580810546875,0.0,45.92144775390625,279
2025-07-17T19:24:26.595502,4,23,[],93.01580810546875,0.0,45.92144775390625,279,93.01580810546875,40.429338455200195,45.92144775390625,279
2025-07-17T19:24:26.690138,0,24,[],93.01580810546875,40.429338455200195,45.92144775390625,279,93.01580810546875,0.0,45.92144775390625,279
2025-07-17T19:24:26.691215,0,24,[],93.01580810546875,0.0,45.92144775390625,279,93.01580810546875,40.429338455200195,45.92144775390625,279
2025-07-17T19:24:26.766216,1,24,[],93.01580810546875,0.0,45.92144775390625,279,93.01580810546875,40.429338455200195,45.92144775390625,279
2025-07-17T19:24:26.766350,1,24,[],93.01580810546875,40.429338455200195,45.92144775390625,279,93.01580810546875,0.0,45.92144775390625,279
2025-07-17T19:24:26.856833,2,24,[],93.01580810546875,0.0,45.92144775390625,279,93.01580810546875,40.429338455200195,45.92144775390625,279
2025-07-17T19:24:26.856930,2,24,[],93.01580810546875,40.429338455200195,45.92144775390625,279,93.01580810546875,0.0,45.92144775390625,279
2025-07-17T19:24:26.945202,3,24,[],93.01580810546875,40.429338455200195,45.92144775390625,279,93.01580810546875,0.0,45.92144775390625,279
2025-07-17T19:24:26.945322,3,24,[],93.01580810546875,0.0,45.92144775390625,279,93.01580810546875,40.429338455200195,45.92144775390625,279
2025-07-17T19:24:27.033243,4,24,[],93.01580810546875,40.429338455200195,45.92144775390625,279,93.01580810546875,0.0,45.92144775390625,279
2025-07-17T19:24:27.033258,4,24,[],93.01580810546875,0.0,45.92144775390625,279,93.01580810546875,40.429338455200195,45.92144775390625,279
2025-07-17T19:24:27.134776,0,25,[],93.01580810546875,40.429338455200195,45.92144775390625,279,93.01580810546875,0.0,45.92144775390625,279
2025-07-17T19:24:27.135996,0,25,[],93.01580810546875,0.0,45.92144775390625,279,93.01580810546875,40.429338455200195,45.92144775390625,279
2025-07-17T19:24:27.210728,1,25,[],93.01580810546875,40.429338455200195,45.92144775390625,279,93.01580810546875,0.0,45.92144775390625,279
2025-07-17T19:24:27.210828,1,25,[],93.01580810546875,0.0,45.92144775390625,279,93.01580810546875,40.429338455200195,45.92144775390625,279
2025-07-17T19:24:27.298650,2,25,[],93.01580810546875,0.0,45.92144775390625,279,93.01580810546875,40.429338455200195,45.92144775390625,279
2025-07-17T19:24:27.304418,2,25,[],93.01580810546875,40.429338455200195,45.92144775390625,279,93.01580810546875,0.0,45.92144775390625,279
2025-07-17T19:24:27.387071,3,25,[],93.01580810546875,40.429338455200195,45.92144775390625,279,93.01580810546875,0.0,45.92144775390625,279
2025-07-17T19:24:27.393012,3,25,[],93.01580810546875,0.0,45.92144775390625,279,93.01580810546875,40.429338455200195,45.92144775390625,279
2025-07-17T19:24:27.474565,4,25,[],93.01580810546875,40.429338455200195,45.92144775390625,279,93.01580810546875,0.0,45.92144775390625,279
2025-07-17T19:24:27.474666,4,25,[],93.01580810546875,0.0,45.92144775390625,279,93.01580810546875,40.429338455200195,45.92144775390625,279
2025-07-17T19:24:27.576922,0,26,[],93.01580810546875,40.429338455200195,45.92144775390625,279,93.01580810546875,0.0,45.92144775390625,279
2025-07-17T19:24:27.578258,0,26,[],93.01580810546875,0.0,45.92144775390625,279,93.01580810546875,40.429338455200195,45.92144775390625,279
2025-07-17T19:24:27.653566,1,26,[],93.01580810546875,0.0,45.92144775390625,279,93.01580810546875,40.429338455200195,45.92144775390625,279
2025-07-17T19:24:27.653558,1,26,[],93.01580810546875,40.429338455200195,45.92144775390625,279,93.01580810546875,0.0,45.92144775390625,279
2025-07-17T19:24:27.741993,2,26,[],93.01580810546875,0.0,45.92144775390625,279,93.01580810546875,40.429338455200195,45.92144775390625,279
2025-07-17T19:24:27.742060,2,26,[],93.01580810546875,40.429338455200195,45.92144775390625,279,93.01580810546875,0.0,45.92144775390625,279
2025-07-17T19:24:27.830412,3,26,[],93.01580810546875,40.429338455200195,45.92144775390625,279,93.01580810546875,0.0,45.92144775390625,279
2025-07-17T19:24:27.830447,3,26,[],93.01580810546875,0.0,45.92144775390625,279,93.01580810546875,40.429338455200195,45.92144775390625,279
2025-07-17T19:24:27.917233,4,26,[],93.01580810546875,0.0,45.92144775390625,279,93.01580810546875,40.429338455200195,45.92144775390625,279
2025-07-17T19:24:27.917336,4,26,[],93.01580810546875,40.429338455200195,45.92144775390625,279,93.01580810546875,0.0,45.92144775390625,279
2025-07-17T19:24:28.019245,0,27,[],93.01580810546875,40.429338455200195,45.92144775390625,279,93.01580810546875,0.0,45.92144775390625,279
2025-07-17T19:24:28.020505,0,27,[],93.01580810546875,0.0,45.92144775390625,279,93.01580810546875,40.429338455200195,45.92144775390625,279
2025-07-17T19:24:28.094066,1,27,[],93.01580810546875,0.0,45.92144775390625,279,93.01580810546875,40.429338455200195,45.92144775390625,279
2025-07-17T19:24:28.099908,1,27,[],93.01580810546875,40.429338455200195,45.92144775390625,279,93.01580810546875,0.0,45.92144775390625,279
2025-07-17T19:24:28.183098,2,27,[],93.01580810546875,40.429338455200195,45.92144775390625,279,93.01580810546875,0.0,45.92144775390625,279
2025-07-17T19:24:28.188928,2,27,[],93.01580810546875,0.0,45.92144775390625,279,93.01580810546875,40.429338455200195,45.92144775390625,279
2025-07-17T19:24:28.270378,3,27,[],93.01580810546875,0.0,45.92144775390625,279,93.01580810546875,40.429338455200195,45.92144775390625,279
2025-07-17T19:24:28.270458,3,27,[],93.01580810546875,40.429338455200195,45.92144775390625,279,93.01580810546875,0.0,45.92144775390625,279
2025-07-17T19:24:28.358799,4,27,[],93.01580810546875,0.0,45.92144775390625,279,93.01580810546875,40.429338455200195,45.92144775390625,279
2025-07-17T19:24:28.358892,4,27,[],93.01580810546875,40.429338455200195,45.92144775390625,279,93.01580810546875,0.0,45.92144775390625,279
2025-07-17T19:24:28.459707,0,28,[],93.01580810546875,40.429338455200195,45.92144775390625,279,93.01580810546875,0.0,45.92144775390625,279
2025-07-17T19:24:28.460885,0,28,[],93.01580810546875,0.0,45.92144775390625,279,93.01580810546875,40.429338455200195,45.92144775390625,279
2025-07-17T19:24:28.536739,1,28,[],93.01580810546875,0.0,45.92144775390625,279,93.01580810546875,40.429338455200195,45.92144775390625,279
2025-07-17T19:24:28.536783,1,28,[],93.01580810546875,40.429338455200195,45.92144775390625,279,93.01580810546875,0.0,45.92144775390625,279
2025-07-17T19:24:28.626396,2,28,[],93.01580810546875,0.0,45.92144775390625,279,93.01580810546875,40.429338455200195,45.92144775390625,279
2025-07-17T19:24:28.626388,2,28,[],93.01580810546875,40.429338455200195,45.92144775390625,279,93.01580810546875,0.0,45.92144775390625,279
2025-07-17T19:24:28.715782,3,28,[],93.01580810546875,40.429338455200195,45.92144775390625,279,93.01580810546875,0.0,45.92144775390625,279
2025-07-17T19:24:28.715903,3,28,[],93.01580810546875,0.0,45.92144775390625,279,93.01580810546875,40.429338455200195,45.92144775390625,279
2025-07-17T19:24:28.803264,4,28,[],93.01580810546875,0.0,45.92144775390625,279,93.01580810546875,40.429338455200195,45.92144775390625,279
2025-07-17T19:24:28.803334,4,28,[],93.01580810546875,40.429338455200195,45.92144775390625,279,93.01580810546875,0.0,45.92144775390625,279
2025-07-17T19:24:28.903213,0,29,[],93.01580810546875,40.429338455200195,45.92144775390625,279,93.01580810546875,0.0,45.92144775390625,279
2025-07-17T19:24:28.904179,0,29,[],93.01580810546875,0.0,45.92144775390625,279,93.01580810546875,40.429338455200195,45.92144775390625,279
2025-07-17T19:24:28.978152,1,29,[],93.01580810546875,40.429338455200195,45.92144775390625,279,93.01580810546875,0.0,45.92144775390625,279
2025-07-17T19:24:28.984022,1,29,[],93.01580810546875,0.0,45.92144775390625,279,93.01580810546875,40.429338455200195,45.92144775390625,279
2025-07-17T19:24:29.067607,2,29,[],93.01580810546875,0.0,45.92144775390625,279,93.01580810546875,40.429338455200195,45.92144775390625,279
2025-07-17T19:24:29.067547,2,29,[],93.01580810546875,40.429338455200195,45.92144775390625,279,93.01580810546875,0.0,45.92144775390625,279
2025-07-17T19:24:29.157852,3,29,[],93.01580810546875,40.429338455200195,45.92144775390625,279,93.01580810546875,0.0,45.92144775390625,279
2025-07-17T19:24:29.158074,3,29,[],93.01580810546875,0.0,45.92144775390625,279,93.01580810546875,40.429338455200195,45.92144775390625,279
2025-07-17T19:24:29.245753,4,29,[],93.01580810546875,40.429338455200195,45.92144775390625,279,93.01580810546875,0.0,45.92144775390625,279
2025-07-17T19:24:29.245868,4,29,[],93.01580810546875,0.0,45.92144775390625,279,93.01580810546875,40.429338455200195,45.92144775390625,279
2025-07-17T19:24:29.348416,0,30,[],93.01580810546875,40.429338455200195,45.92144775390625,279,93.01580810546875,0.0,45.92144775390625,279
2025-07-17T19:24:29.349825,0,30,[],93.01580810546875,0.0,45.92144775390625,279,93.01580810546875,40.429338455200195,45.92144775390625,279
2025-07-17T19:24:29.426015,1,30,[],93.01580810546875,40.429338455200195,45.92144775390625,279,93.01580810546875,0.0,45.92144775390625,279
2025-07-17T19:24:29.426112,1,30,[],93.01580810546875,0.0,45.92144775390625,279,93.01580810546875,40.429338455200195,45.92144775390625,279
2025-07-17T19:24:29.517166,2,30,[],93.01580810546875,0.0,45.92144775390625,279,93.01580810546875,40.429338455200195,45.92144775390625,279
2025-07-17T19:24:29.517176,2,30,[],93.01580810546875,40.429338455200195,45.92144775390625,279,93.01580810546875,0.0,45.92144775390625,279
2025-07-17T19:24:29.607102,3,30,[],93.01580810546875,40.429338455200195,45.92144775390625,279,93.01580810546875,0.0,45.92144775390625,279
2025-07-17T19:24:29.607148,3,30,[],93.01580810546875,0.0,45.92144775390625,279,93.01580810546875,40.429338455200195,45.92144775390625,279
2025-07-17T19:24:29.694529,4,30,[],93.01580810546875,40.429338455200195,45.92144775390625,279,93.01580810546875,0.0,45.92144775390625,279
2025-07-17T19:24:29.694535,4,30,[],93.01580810546875,0.0,45.92144775390625,279,93.01580810546875,40.429338455200195,45.92144775390625,279
2025-07-17T19:24:29.795633,0,31,[],93.01580810546875,40.429338455200195,45.92144775390625,279,93.01580810546875,0.0,45.92144775390625,279
2025-07-17T19:24:29.796981,0,31,[],93.01580810546875,0.0,45.92144775390625,279,93.01580810546875,40.429338455200195,45.92144775390625,279
2025-07-17T19:24:29.956493,1,31,[],93.01580810546875,40.165666580200195,45.92144775390625,279,93.01580810546875,0.0,45.92144775390625,279
2025-07-17T19:24:29.956723,1,31,[],93.01580810546875,0.0,45.92144775390625,279,93.01580810546875,40.165666580200195,45.92144775390625,279
2025-07-17T19:24:30.052275,2,31,[],93.01580810546875,0.0,45.92144775390625,279,93.01580810546875,39.901994705200195,45.92144775390625,279
2025-07-17T19:24:30.052282,2,31,[],93.01580810546875,39.901994705200195,45.92144775390625,279,93.01580810546875,0.0,45.92144775390625,279
2025-07-17T19:24:30.147501,3,31,[],93.01580810546875,39.638322830200195,45.92144775390625,279,93.01580810546875,0.0,45.92144775390625,279
2025-07-17T19:24:30.147524,3,31,[],93.01580810546875,0.0,45.92144775390625,279,93.01580810546875,39.638322830200195,45.92144775390625,279
2025-07-17T19:24:30.245141,4,31,[],93.01580810546875,39.375139236450195,45.92144775390625,279,93.01580810546875,0.0,45.92144775390625,279
2025-07-17T19:24:30.245188,4,31,[],93.01580810546875,0.0,45.92144775390625,279,93.01580810546875,39.375139236450195,45.92144775390625,279
2025-07-17T19:25:03.030846,0,0,[],93.01580810546875,38.770198345184326,52.27691650390625,318,93.01580810546875,0.0,52.27691650390625,318
2025-07-17T19:25:03.071108,0,0,[],93.01580810546875,0.0,51.91754150390625,316,93.01580810546875,38.770198345184326,52.27691650390625,318
2025-07-17T19:25:03.083075,0,1,[],93.01580810546875,38.813167095184326,51.91754150390625,316,93.01580810546875,0.0,51.91754150390625,316
2025-07-17T19:25:03.085040,0,1,[],93.01580810546875,0.0,51.91754150390625,316,93.01580810546875,38.813167095184326,51.91754150390625,316
2025-07-17T19:25:03.093054,0,2,[],93.01580810546875,38.813167095184326,51.91754150390625,316,93.01580810546875,0.0,51.91754150390625,316
2025-07-17T19:25:03.096705,0,2,[],93.01580810546875,0.0,51.91754150390625,316,93.01580810546875,38.813167095184326,51.91754150390625,316
2025-07-17T19:25:03.103575,0,3,[],93.01580810546875,38.813167095184326,51.91754150390625,316,93.01580810546875,0.0,51.91754150390625,316
2025-07-17T19:25:03.108408,0,3,[],93.01580810546875,0.0,51.87457275390625,316,93.01580810546875,38.813167095184326,51.91754150390625,316
2025-07-17T19:25:03.113913,0,4,[],93.01580810546875,38.812678813934326,51.87457275390625,316,93.01580810546875,0.0,51.91754150390625,316
2025-07-17T19:25:03.119544,0,4,[],93.01580810546875,0.0,51.87457275390625,316,93.01580810546875,38.813167095184326,51.91754150390625,316
2025-07-17T19:25:03.124306,0,5,[],93.01580810546875,38.813167095184326,51.87457275390625,316,93.01580810546875,0.0,51.91754150390625,316
2025-07-17T19:25:03.130019,0,5,[],93.01580810546875,0.0,51.87457275390625,316,93.01580810546875,38.813167095184326,51.91754150390625,316
2025-07-17T19:25:03.135022,0,6,[],93.01580810546875,38.813167095184326,51.87457275390625,316,93.01580810546875,0.0,51.91754150390625,316
2025-07-17T19:25:03.140526,0,6,[],93.01580810546875,0.0,51.87457275390625,316,93.01580810546875,38.813167095184326,51.91754150390625,316
2025-07-17T19:25:03.145444,0,7,[],93.01580810546875,38.812678813934326,51.87457275390625,316,93.01580810546875,0.0,51.91754150390625,316
2025-07-17T19:25:03.150970,0,7,[],93.01580810546875,0.0,51.87457275390625,316,93.01580810546875,38.813167095184326,51.91754150390625,316
2025-07-17T19:25:03.155941,0,8,[],93.01580810546875,38.813167095184326,51.87457275390625,316,93.01580810546875,0.0,51.91754150390625,316
2025-07-17T19:25:03.161400,0,8,[],93.01580810546875,0.0,51.87457275390625,316,93.01580810546875,38.813167095184326,51.91754150390625,316
2025-07-17T19:25:03.166436,0,9,[],93.01580810546875,38.813167095184326,51.87457275390625,316,93.01580810546875,0.0,51.91754150390625,316
2025-07-17T19:25:03.171834,0,9,[],93.01580810546875,0.0,51.87457275390625,316,93.01580810546875,38.813167095184326,51.91754150390625,316
2025-07-17T19:25:03.177057,0,10,[],93.01580810546875,38.812678813934326,51.87457275390625,316,93.01580810546875,0.0,51.91754150390625,316
2025-07-17T19:25:03.182439,0,10,[],93.01580810546875,0.0,51.87457275390625,316,93.01580810546875,38.813167095184326,51.91754150390625,316
2025-07-17T19:25:03.187208,0,11,[],93.01580810546875,38.813167095184326,51.87457275390625,316,93.01580810546875,0.0,51.91754150390625,316
2025-07-17T19:25:03.192919,0,11,[],93.01580810546875,0.0,51.87457275390625,316,93.01580810546875,38.813167095184326,51.91754150390625,316
2025-07-17T19:25:03.198525,0,12,[],93.01580810546875,38.813167095184326,51.87457275390625,316,93.01580810546875,0.0,51.91754150390625,316
2025-07-17T19:25:03.203513,0,12,[],93.01580810546875,0.0,51.87457275390625,316,93.01580810546875,38.813167095184326,51.91754150390625,316
2025-07-17T19:25:03.208690,0,13,[],93.01580810546875,38.812678813934326,51.87457275390625,316,93.01580810546875,0.0,51.91754150390625,316
2025-07-17T19:25:03.214626,0,13,[],93.01580810546875,0.0,51.87457275390625,316,93.01580810546875,38.813167095184326,51.91754150390625,316
2025-07-17T19:25:03.219450,0,14,[],93.01580810546875,38.813167095184326,51.87457275390625,316,93.01580810546875,0.0,51.91754150390625,316
2025-07-17T19:25:03.225516,0,14,[],93.01580810546875,0.0,51.87457275390625,316,93.01580810546875,38.813167095184326,51.91754150390625,316
2025-07-17T19:25:03.229982,0,15,[],93.01580810546875,38.813167095184326,51.87457275390625,316,93.01580810546875,0.0,51.91754150390625,316
2025-07-17T19:25:03.236264,0,15,[],93.01580810546875,0.0,51.87457275390625,316,93.01580810546875,38.813167095184326,51.91754150390625,316
2025-07-17T19:25:03.241096,0,16,[],93.01580810546875,38.812678813934326,51.87457275390625,316,93.01580810546875,0.0,51.91754150390625,316
2025-07-17T19:25:03.246737,0,16,[],93.01580810546875,0.0,51.87457275390625,316,93.01580810546875,38.813167095184326,51.91754150390625,316
2025-07-17T19:25:03.251869,0,17,[],93.01580810546875,38.813167095184326,51.87457275390625,316,93.01580810546875,0.0,51.91754150390625,316
2025-07-17T19:25:03.257252,0,17,[],93.01580810546875,0.0,51.87457275390625,316,93.01580810546875,38.813167095184326,51.91754150390625,316
2025-07-17T19:25:03.262160,0,18,[],93.01580810546875,38.813167095184326,51.87457275390625,316,93.01580810546875,0.0,51.91754150390625,316
2025-07-17T19:25:03.267768,0,18,[],93.01580810546875,0.0,51.87457275390625,316,93.01580810546875,38.813167095184326,51.91754150390625,316
2025-07-17T19:25:03.272625,0,19,[],93.01580810546875,38.812678813934326,51.87457275390625,316,93.01580810546875,0.0,51.91754150390625,316
2025-07-17T19:25:03.278169,0,19,[],93.01580810546875,0.0,51.87457275390625,316,93.01580810546875,38.813167095184326,51.91754150390625,316
2025-07-17T19:25:03.283241,0,20,[],93.01580810546875,38.813167095184326,51.87457275390625,316,93.01580810546875,0.0,51.91754150390625,316
2025-07-17T19:25:03.288616,0,20,[],93.01580810546875,0.0,51.87457275390625,316,93.01580810546875,38.813167095184326,51.91754150390625,316
2025-07-17T19:25:03.293595,0,21,[],93.01580810546875,38.813167095184326,51.87457275390625,316,93.01580810546875,0.0,51.91754150390625,316
2025-07-17T19:25:03.299038,0,21,[],93.01580810546875,0.0,51.87457275390625,316,93.01580810546875,38.813167095184326,51.91754150390625,316
2025-07-17T19:25:03.304089,0,22,[],93.01580810546875,38.812678813934326,51.87457275390625,316,93.01580810546875,0.0,51.91754150390625,316
2025-07-17T19:25:03.309414,0,22,[],93.01580810546875,0.0,51.87457275390625,316,93.01580810546875,38.813167095184326,51.91754150390625,316
2025-07-17T19:25:03.314541,0,23,[],93.01580810546875,38.813167095184326,51.87457275390625,316,93.01580810546875,0.0,51.91754150390625,316
2025-07-17T19:25:03.319806,0,23,[],93.01580810546875,0.0,51.87457275390625,316,93.01580810546875,38.813167095184326,51.91754150390625,316
2025-07-17T19:25:03.324991,0,24,[],93.01580810546875,38.813167095184326,51.87457275390625,316,93.01580810546875,0.0,51.91754150390625,316
2025-07-17T19:25:03.330661,0,24,[],93.01580810546875,0.0,51.87457275390625,316,93.01580810546875,38.813167095184326,51.91754150390625,316
2025-07-17T19:25:03.335617,0,25,[],93.01580810546875,38.812678813934326,51.87457275390625,316,93.01580810546875,0.0,51.91754150390625,316
2025-07-17T19:25:03.341096,0,25,[],93.01580810546875,0.0,51.87457275390625,316,93.01580810546875,38.813167095184326,51.91754150390625,316
2025-07-17T19:25:03.346120,0,26,[],93.01580810546875,38.813167095184326,51.87457275390625,316,93.01580810546875,0.0,51.91754150390625,316
2025-07-17T19:25:03.351544,0,26,[],93.01580810546875,0.0,51.87457275390625,316,93.01580810546875,38.813167095184326,51.91754150390625,316
2025-07-17T19:25:03.356629,0,27,[],93.01580810546875,38.813167095184326,51.87457275390625,316,93.01580810546875,0.0,51.91754150390625,316
2025-07-17T19:25:03.361883,0,27,[],93.01580810546875,0.0,51.87457275390625,316,93.01580810546875,38.813167095184326,51.91754150390625,316
2025-07-17T19:25:03.367774,0,28,[],93.01580810546875,38.812678813934326,51.87457275390625,316,93.01580810546875,0.0,51.91754150390625,316
2025-07-17T19:25:03.372397,0,28,[],93.01580810546875,0.0,51.87457275390625,316,93.01580810546875,38.813167095184326,51.91754150390625,316
2025-07-17T19:25:03.377511,0,29,[],93.01580810546875,38.813167095184326,51.87457275390625,316,93.01580810546875,0.0,51.91754150390625,316
2025-07-17T19:25:03.382689,0,29,[],93.01580810546875,0.0,51.87457275390625,316,93.01580810546875,38.813167095184326,51.91754150390625,316
2025-07-17T19:25:03.387874,0,30,[],93.01580810546875,38.813167095184326,51.87457275390625,316,93.01580810546875,0.0,51.91754150390625,316
2025-07-17T19:25:03.393563,0,30,[],93.01580810546875,0.0,51.87457275390625,316,93.01580810546875,38.813167095184326,51.91754150390625,316
2025-07-17T19:25:03.398024,0,31,[],93.01580810546875,38.812678813934326,51.87457275390625,316,93.01580810546875,0.0,51.91754150390625,316
2025-07-17T19:25:03.403667,0,31,[],93.01580810546875,0.0,51.87457275390625,316,93.01580810546875,38.813167095184326,51.91754150390625,316
2025-07-17T19:25:03.923404,0,0,[],93.01580810546875,38.847307205200195,52.18511962890625,318,93.01580810546875,0.0,52.18511962890625,318
2025-07-17T19:25:03.924739,0,0,[],93.01580810546875,0.0,51.92144775390625,316,93.01580810546875,38.847307205200195,52.18511962890625,318
2025-07-17T19:25:03.938402,1,0,[],93.01580810546875,0.0,47.76715087890625,291,93.01580810546875,39.110979080200195,47.76715087890625,291
2025-07-17T19:25:03.945453,1,0,[],93.01580810546875,39.110979080200195,47.76715087890625,291,93.01580810546875,0.0,47.23980712890625,287
2025-07-17T19:25:04.024411,2,0,[],93.01580810546875,39.374650955200195,47.23980712890625,287,93.01580810546875,0.0,47.23980712890625,287
2025-07-17T19:25:04.024459,2,0,[],93.01580810546875,0.0,47.23980712890625,287,93.01580810546875,39.374650955200195,47.23980712890625,287
2025-07-17T19:25:04.111864,3,0,[],93.01580810546875,0.0,46.71246337890625,284,93.01580810546875,39.638322830200195,46.71246337890625,284
2025-07-17T19:25:04.112298,3,0,[],93.01580810546875,39.638322830200195,46.71246337890625,284,93.01580810546875,0.0,46.71246337890625,284
2025-07-17T19:25:04.195012,4,0,[],93.01580810546875,0.0,46.71246337890625,284,93.01580810546875,39.901506423950195,46.71246337890625,284
2025-07-17T19:25:04.195149,4,0,[],93.01580810546875,39.901506423950195,46.71246337890625,284,93.01580810546875,0.0,46.71246337890625,284
2025-07-17T19:25:04.295675,0,1,[],93.01580810546875,40.429338455200195,45.92144775390625,279,93.01580810546875,0.0,45.92144775390625,279
2025-07-17T19:25:04.296576,0,1,[],93.01580810546875,0.0,45.92144775390625,279,93.01580810546875,40.429338455200195,45.92144775390625,279
2025-07-17T19:25:04.363400,1,1,[],93.01580810546875,40.429338455200195,45.92144775390625,279,93.01580810546875,0.0,45.92144775390625,279
2025-07-17T19:25:04.369279,1,1,[],93.01580810546875,0.0,45.92144775390625,279,93.01580810546875,40.429338455200195,45.92144775390625,279
2025-07-17T19:25:04.448779,2,1,[],93.01580810546875,0.0,45.92144775390625,279,93.01580810546875,40.429338455200195,45.92144775390625,279
2025-07-17T19:25:04.448706,2,1,[],93.01580810546875,40.429338455200195,45.92144775390625,279,93.01580810546875,0.0,45.92144775390625,279
2025-07-17T19:25:04.532719,3,1,[],93.01580810546875,0.0,45.92144775390625,279,93.01580810546875,40.429338455200195,45.92144775390625,279
2025-07-17T19:25:04.532711,3,1,[],93.01580810546875,40.429338455200195,45.92144775390625,279,93.01580810546875,0.0,45.92144775390625,279
2025-07-17T19:25:04.615691,4,1,[],93.01580810546875,40.429338455200195,45.92144775390625,279,93.01580810546875,0.0,45.92144775390625,279
2025-07-17T19:25:04.615733,4,1,[],93.01580810546875,0.0,45.92144775390625,279,93.01580810546875,40.429338455200195,45.92144775390625,279
2025-07-17T19:25:04.710750,0,2,[],93.01580810546875,40.429338455200195,45.92144775390625,279,93.01580810546875,0.0,45.92144775390625,279
2025-07-17T19:25:04.711806,0,2,[],93.01580810546875,0.0,45.92144775390625,279,93.01580810546875,40.429338455200195,45.92144775390625,279
2025-07-17T19:25:04.788577,1,2,[],93.01580810546875,0.0,45.92144775390625,279,93.01580810546875,40.429338455200195,45.92144775390625,279
2025-07-17T19:25:04.788563,1,2,[],93.01580810546875,40.429338455200195,45.92144775390625,279,93.01580810546875,0.0,45.92144775390625,279
2025-07-17T19:25:04.883758,2,2,[],93.01580810546875,0.0,45.92144775390625,279,93.01580810546875,40.429338455200195,45.92144775390625,279
2025-07-17T19:25:04.883945,2,2,[],93.01580810546875,40.429338455200195,45.92144775390625,279,93.01580810546875,0.0,45.92144775390625,279
2025-07-17T19:25:04.980080,3,2,[],93.01580810546875,40.429338455200195,45.92144775390625,279,93.01580810546875,0.0,45.92144775390625,279
2025-07-17T19:25:04.980090,3,2,[],93.01580810546875,0.0,45.92144775390625,279,93.01580810546875,40.429338455200195,45.92144775390625,279
2025-07-17T19:25:05.074900,4,2,[],93.01580810546875,0.0,45.92144775390625,279,93.01580810546875,40.429338455200195,45.92144775390625,279
2025-07-17T19:25:05.074971,4,2,[],93.01580810546875,40.429338455200195,45.92144775390625,279,93.01580810546875,0.0,45.92144775390625,279
2025-07-17T19:25:05.176788,0,3,[],93.01580810546875,40.429338455200195,45.92144775390625,279,93.01580810546875,0.0,45.92144775390625,279
2025-07-17T19:25:05.178085,0,3,[],93.01580810546875,0.0,45.92144775390625,279,93.01580810546875,40.429338455200195,45.92144775390625,279
2025-07-17T19:25:05.250799,1,3,[],93.01580810546875,0.0,45.92144775390625,279,93.01580810546875,40.429338455200195,45.92144775390625,279
2025-07-17T19:25:05.250783,1,3,[],93.01580810546875,40.429338455200195,45.92144775390625,279,93.01580810546875,0.0,45.92144775390625,279
2025-07-17T19:25:05.335716,2,3,[],93.01580810546875,0.0,45.92144775390625,279,93.01580810546875,40.429338455200195,45.92144775390625,279
2025-07-17T19:25:05.335848,2,3,[],93.01580810546875,40.429338455200195,45.92144775390625,279,93.01580810546875,0.0,45.92144775390625,279
2025-07-17T19:25:05.421141,3,3,[],93.01580810546875,40.429338455200195,45.92144775390625,279,93.01580810546875,0.0,45.92144775390625,279
2025-07-17T19:25:05.421116,3,3,[],93.01580810546875,0.0,45.92144775390625,279,93.01580810546875,40.429338455200195,45.92144775390625,279
2025-07-17T19:25:05.504142,4,3,[],93.01580810546875,40.429338455200195,45.92144775390625,279,93.01580810546875,0.0,45.92144775390625,279
2025-07-17T19:25:05.504157,4,3,[],93.01580810546875,0.0,45.92144775390625,279,93.01580810546875,40.429338455200195,45.92144775390625,279
2025-07-17T19:25:05.601226,0,4,[],93.01580810546875,40.429338455200195,45.92144775390625,279,93.01580810546875,0.0,45.92144775390625,279
2025-07-17T19:25:05.602493,0,4,[],93.01580810546875,0.0,45.92144775390625,279,93.01580810546875,40.429338455200195,45.92144775390625,279
2025-07-17T19:25:05.672539,1,4,[],93.01580810546875,0.0,45.92144775390625,279,93.01580810546875,40.429338455200195,45.92144775390625,279
2025-07-17T19:25:05.672619,1,4,[],93.01580810546875,40.429338455200195,45.92144775390625,279,93.01580810546875,0.0,45.92144775390625,279
2025-07-17T19:25:05.762884,2,4,[],93.01580810546875,0.0,45.92144775390625,279,93.01580810546875,40.429338455200195,45.92144775390625,279
2025-07-17T19:25:05.763089,2,4,[],93.01580810546875,40.429338455200195,45.92144775390625,279,93.01580810546875,0.0,45.92144775390625,279
2025-07-17T19:25:05.854524,3,4,[],93.01580810546875,40.429338455200195,45.92144775390625,279,93.01580810546875,0.0,45.92144775390625,279
2025-07-17T19:25:05.854584,3,4,[],93.01580810546875,0.0,45.92144775390625,279,93.01580810546875,40.429338455200195,45.92144775390625,279
2025-07-17T19:25:05.947785,4,4,[],93.01580810546875,40.429338455200195,45.92144775390625,279,93.01580810546875,0.0,45.92144775390625,279
2025-07-17T19:25:05.947827,4,4,[],93.01580810546875,0.0,45.92144775390625,279,93.01580810546875,40.429338455200195,45.92144775390625,279
2025-07-17T19:25:06.053442,0,5,[],93.01580810546875,40.429338455200195,45.92144775390625,279,93.01580810546875,0.0,45.92144775390625,279
2025-07-17T19:25:06.054518,0,5,[],93.01580810546875,0.0,45.92144775390625,279,93.01580810546875,40.429338455200195,45.92144775390625,279
2025-07-17T19:25:06.131167,1,5,[],93.01580810546875,0.0,45.92144775390625,279,93.01580810546875,40.429338455200195,45.92144775390625,279
2025-07-17T19:25:06.131317,1,5,[],93.01580810546875,40.429338455200195,45.92144775390625,279,93.01580810546875,0.0,45.92144775390625,279
2025-07-17T19:25:06.218950,2,5,[],93.01580810546875,40.429338455200195,45.92144775390625,279,93.01580810546875,0.0,45.92144775390625,279
2025-07-17T19:25:06.219095,2,5,[],93.01580810546875,0.0,45.92144775390625,279,93.01580810546875,40.429338455200195,45.92144775390625,279
2025-07-17T19:25:06.306132,3,5,[],93.01580810546875,0.0,45.92144775390625,279,93.01580810546875,40.429338455200195,45.92144775390625,279
2025-07-17T19:25:06.306214,3,5,[],93.01580810546875,40.429338455200195,45.92144775390625,279,93.01580810546875,0.0,45.92144775390625,279
2025-07-17T19:25:06.389315,4,5,[],93.01580810546875,40.429338455200195,45.92144775390625,279,93.01580810546875,0.0,45.92144775390625,279
2025-07-17T19:25:06.389250,4,5,[],93.01580810546875,0.0,45.92144775390625,279,93.01580810546875,40.429338455200195,45.92144775390625,279
2025-07-17T19:25:06.485813,0,6,[],93.01580810546875,40.429338455200195,45.92144775390625,279,93.01580810546875,0.0,45.92144775390625,279
2025-07-17T19:25:06.487152,0,6,[],93.01580810546875,0.0,45.92144775390625,279,93.01580810546875,40.429338455200195,45.92144775390625,279
2025-07-17T19:25:06.559056,1,6,[],93.01580810546875,0.0,45.92144775390625,279,93.01580810546875,40.429338455200195,45.92144775390625,279
2025-07-17T19:25:06.559026,1,6,[],93.01580810546875,40.429338455200195,45.92144775390625,279,93.01580810546875,0.0,45.92144775390625,279
2025-07-17T19:25:06.644605,2,6,[],93.01580810546875,0.0,45.92144775390625,279,93.01580810546875,40.429338455200195,45.92144775390625,279
2025-07-17T19:25:06.644615,2,6,[],93.01580810546875,40.429338455200195,45.92144775390625,279,93.01580810546875,0.0,45.92144775390625,279
2025-07-17T19:25:06.733743,3,6,[],93.01580810546875,0.0,45.92144775390625,279,93.01580810546875,40.429338455200195,45.92144775390625,279
2025-07-17T19:25:06.733771,3,6,[],93.01580810546875,40.429338455200195,45.92144775390625,279,93.01580810546875,0.0,45.92144775390625,279
2025-07-17T19:25:06.822620,4,6,[],93.01580810546875,40.429338455200195,45.92144775390625,279,93.01580810546875,0.0,45.92144775390625,279
2025-07-17T19:25:06.822617,4,6,[],93.01580810546875,0.0,45.92144775390625,279,93.01580810546875,40.429338455200195,45.92144775390625,279
2025-07-17T19:25:06.926865,0,7,[],93.01580810546875,40.429338455200195,45.92144775390625,279,93.01580810546875,0.0,45.92144775390625,279
2025-07-17T19:25:06.928003,0,7,[],93.01580810546875,0.0,45.92144775390625,279,93.01580810546875,40.429338455200195,45.92144775390625,279
2025-07-17T19:25:07.006686,1,7,[],93.01580810546875,40.429338455200195,45.92144775390625,279,93.01580810546875,0.0,45.92144775390625,279
2025-07-17T19:25:07.006740,1,7,[],93.01580810546875,0.0,45.92144775390625,279,93.01580810546875,40.429338455200195,45.92144775390625,279
2025-07-17T19:25:07.097521,2,7,[],93.01580810546875,40.429338455200195,45.92144775390625,279,93.01580810546875,0.0,45.92144775390625,279
2025-07-17T19:25:07.097696,2,7,[],93.01580810546875,0.0,45.92144775390625,279,93.01580810546875,40.429338455200195,45.92144775390625,279
2025-07-17T19:25:07.186320,3,7,[],93.01580810546875,0.0,45.92144775390625,279,93.01580810546875,40.429338455200195,45.92144775390625,279
2025-07-17T19:25:07.186392,3,7,[],93.01580810546875,40.429338455200195,45.92144775390625,279,93.01580810546875,0.0,45.92144775390625,279
2025-07-17T19:25:07.271708,4,7,[],93.01580810546875,0.0,45.92144775390625,279,93.01580810546875,40.429338455200195,45.92144775390625,279
2025-07-17T19:25:07.271739,4,7,[],93.01580810546875,40.429338455200195,45.92144775390625,279,93.01580810546875,0.0,45.92144775390625,279
2025-07-17T19:25:07.370381,0,8,[],93.01580810546875,40.429338455200195,45.92144775390625,279,93.01580810546875,0.0,45.92144775390625,279
2025-07-17T19:25:07.371565,0,8,[],93.01580810546875,0.0,45.92144775390625,279,93.01580810546875,40.429338455200195,45.92144775390625,279
2025-07-17T19:25:07.443764,1,8,[],93.01580810546875,40.429338455200195,45.92144775390625,279,93.01580810546875,0.0,45.92144775390625,279
2025-07-17T19:25:07.443849,1,8,[],93.01580810546875,0.0,45.92144775390625,279,93.01580810546875,40.429338455200195,45.92144775390625,279
2025-07-17T19:25:07.530835,2,8,[],93.01580810546875,0.0,45.92144775390625,279,93.01580810546875,40.429338455200195,45.92144775390625,279
2025-07-17T19:25:07.530995,2,8,[],93.01580810546875,40.429338455200195,45.92144775390625,279,93.01580810546875,0.0,45.92144775390625,279
2025-07-17T19:25:07.617539,3,8,[],93.01580810546875,0.0,45.92144775390625,279,93.01580810546875,40.429338455200195,45.92144775390625,279
2025-07-17T19:25:07.617509,3,8,[],93.01580810546875,40.429338455200195,45.92144775390625,279,93.01580810546875,0.0,45.92144775390625,279
2025-07-17T19:25:07.703509,4,8,[],93.01580810546875,40.429338455200195,45.92144775390625,279,93.01580810546875,0.0,45.92144775390625,279
2025-07-17T19:25:07.703539,4,8,[],93.01580810546875,0.0,45.92144775390625,279,93.01580810546875,40.429338455200195,45.92144775390625,279
2025-07-17T19:25:07.804275,0,9,[],93.01580810546875,0.0,45.92144775390625,279,93.01580810546875,40.429338455200195,45.92144775390625,279
2025-07-17T19:25:07.809389,0,9,[],93.01580810546875,40.429338455200195,45.92144775390625,279,93.01580810546875,0.0,45.92144775390625,279
2025-07-17T19:25:07.881397,1,9,[],93.01580810546875,0.0,45.92144775390625,279,93.01580810546875,40.429338455200195,45.92144775390625,279
2025-07-17T19:25:07.881506,1,9,[],93.01580810546875,40.429338455200195,45.92144775390625,279,93.01580810546875,0.0,45.92144775390625,279
2025-07-17T19:25:07.972725,2,9,[],93.01580810546875,40.429338455200195,45.92144775390625,279,93.01580810546875,0.0,45.92144775390625,279
2025-07-17T19:25:07.972860,2,9,[],93.01580810546875,0.0,45.92144775390625,279,93.01580810546875,40.429338455200195,45.92144775390625,279
2025-07-17T19:25:08.063568,3,9,[],93.01580810546875,0.0,45.92144775390625,279,93.01580810546875,40.429338455200195,45.92144775390625,279
2025-07-17T19:25:08.063721,3,9,[],93.01580810546875,40.429338455200195,45.92144775390625,279,93.01580810546875,0.0,45.92144775390625,279
2025-07-17T19:25:08.150898,4,9,[],93.01580810546875,0.0,45.92144775390625,279,93.01580810546875,40.429338455200195,45.92144775390625,279
2025-07-17T19:25:08.151031,4,9,[],93.01580810546875,40.429338455200195,45.92144775390625,279,93.01580810546875,0.0,45.92144775390625,279
2025-07-17T19:25:08.251265,0,10,[],93.01580810546875,40.429338455200195,45.92144775390625,279,93.01580810546875,0.0,45.92144775390625,279
2025-07-17T19:25:08.257650,0,10,[],93.01580810546875,0.0,45.92144775390625,279,93.01580810546875,40.429338455200195,45.92144775390625,279
2025-07-17T19:25:08.325628,1,10,[],93.01580810546875,40.429338455200195,45.92144775390625,279,93.01580810546875,0.0,45.92144775390625,279
2025-07-17T19:25:08.325497,1,10,[],93.01580810546875,0.0,45.92144775390625,279,93.01580810546875,40.429338455200195,45.92144775390625,279
2025-07-17T19:25:08.414203,2,10,[],93.01580810546875,40.429338455200195,45.92144775390625,279,93.01580810546875,0.0,45.92144775390625,279
2025-07-17T19:25:08.414399,2,10,[],93.01580810546875,0.0,45.92144775390625,279,93.01580810546875,40.429338455200195,45.92144775390625,279
2025-07-17T19:25:08.500438,3,10,[],93.01580810546875,40.429338455200195,45.92144775390625,279,93.01580810546875,0.0,45.92144775390625,279
2025-07-17T19:25:08.500559,3,10,[],93.01580810546875,0.0,45.92144775390625,279,93.01580810546875,40.429338455200195,45.92144775390625,279
2025-07-17T19:25:08.585374,4,10,[],93.01580810546875,0.0,45.92144775390625,279,93.01580810546875,40.429338455200195,45.92144775390625,279
2025-07-17T19:25:08.591384,4,10,[],93.01580810546875,40.429338455200195,45.92144775390625,279,93.01580810546875,0.0,45.92144775390625,279
2025-07-17T19:25:08.685130,0,11,[],93.01580810546875,40.429338455200195,45.92144775390625,279,93.01580810546875,0.0,45.92144775390625,279
2025-07-17T19:25:08.686406,0,11,[],93.01580810546875,0.0,45.92144775390625,279,93.01580810546875,40.429338455200195,45.92144775390625,279
2025-07-17T19:25:08.762060,1,11,[],93.01580810546875,0.0,45.92144775390625,279,93.01580810546875,40.429338455200195,45.92144775390625,279
2025-07-17T19:25:08.767860,1,11,[],93.01580810546875,40.429338455200195,45.92144775390625,279,93.01580810546875,0.0,45.92144775390625,279
2025-07-17T19:25:08.850930,2,11,[],93.01580810546875,0.0,45.92144775390625,279,93.01580810546875,40.429338455200195,45.92144775390625,279
2025-07-17T19:25:08.850862,2,11,[],93.01580810546875,40.429338455200195,45.92144775390625,279,93.01580810546875,0.0,45.92144775390625,279
2025-07-17T19:25:08.941524,3,11,[],93.01580810546875,40.429338455200195,45.92144775390625,279,93.01580810546875,0.0,45.92144775390625,279
2025-07-17T19:25:08.941640,3,11,[],93.01580810546875,0.0,45.92144775390625,279,93.01580810546875,40.429338455200195,45.92144775390625,279
2025-07-17T19:25:09.029472,4,11,[],93.01580810546875,40.429338455200195,45.92144775390625,279,93.01580810546875,0.0,45.92144775390625,279
2025-07-17T19:25:09.035684,4,11,[],93.01580810546875,0.0,45.92144775390625,279,93.01580810546875,40.429338455200195,45.92144775390625,279
2025-07-17T19:25:09.132236,0,12,[],93.01580810546875,40.429338455200195,45.92144775390625,279,93.01580810546875,0.0,45.92144775390625,279
2025-07-17T19:25:09.133634,0,12,[],93.01580810546875,0.0,45.92144775390625,279,93.01580810546875,40.429338455200195,45.92144775390625,279
2025-07-17T19:25:09.207472,1,12,[],93.01580810546875,0.0,45.92144775390625,279,93.01580810546875,40.429338455200195,45.92144775390625,279
2025-07-17T19:25:09.207481,1,12,[],93.01580810546875,40.429338455200195,45.92144775390625,279,93.01580810546875,0.0,45.92144775390625,279
2025-07-17T19:25:09.295060,2,12,[],93.01580810546875,40.429338455200195,45.92144775390625,279,93.01580810546875,0.0,45.92144775390625,279
2025-07-17T19:25:09.294972,2,12,[],93.01580810546875,0.0,45.92144775390625,279,93.01580810546875,40.429338455200195,45.92144775390625,279
2025-07-17T19:25:09.381879,3,12,[],93.01580810546875,0.0,45.92144775390625,279,93.01580810546875,40.429338455200195,45.92144775390625,279
2025-07-17T19:25:09.381883,3,12,[],93.01580810546875,40.429338455200195,45.92144775390625,279,93.01580810546875,0.0,45.92144775390625,279
2025-07-17T19:25:09.466830,4,12,[],93.01580810546875,0.0,45.92144775390625,279,93.01580810546875,40.429338455200195,45.92144775390625,279
2025-07-17T19:25:09.466806,4,12,[],93.01580810546875,40.429338455200195,45.92144775390625,279,93.01580810546875,0.0,45.92144775390625,279
2025-07-17T19:25:09.567685,0,13,[],93.01580810546875,40.429338455200195,45.92144775390625,279,93.01580810546875,0.0,45.92144775390625,279
2025-07-17T19:25:09.568325,0,13,[],93.01580810546875,0.0,45.92144775390625,279,93.01580810546875,40.429338455200195,45.92144775390625,279
2025-07-17T19:25:09.641213,1,13,[],93.01580810546875,40.429338455200195,45.92144775390625,279,93.01580810546875,0.0,45.92144775390625,279
2025-07-17T19:25:09.647071,1,13,[],93.01580810546875,0.0,45.92144775390625,279,93.01580810546875,40.429338455200195,45.92144775390625,279
2025-07-17T19:25:09.730262,2,13,[],93.01580810546875,0.0,45.92144775390625,279,93.01580810546875,40.429338455200195,45.92144775390625,279
2025-07-17T19:25:09.730419,2,13,[],93.01580810546875,40.429338455200195,45.92144775390625,279,93.01580810546875,0.0,45.92144775390625,279
2025-07-17T19:25:09.821101,3,13,[],93.01580810546875,0.0,45.92144775390625,279,93.01580810546875,40.429338455200195,45.92144775390625,279
2025-07-17T19:25:09.821123,3,13,[],93.01580810546875,40.429338455200195,45.92144775390625,279,93.01580810546875,0.0,45.92144775390625,279
2025-07-17T19:25:09.910203,4,13,[],93.01580810546875,0.0,45.92144775390625,279,93.01580810546875,40.429338455200195,45.92144775390625,279
2025-07-17T19:25:09.910335,4,13,[],93.01580810546875,40.429338455200195,45.92144775390625,279,93.01580810546875,0.0,45.92144775390625,279
2025-07-17T19:25:10.013909,0,14,[],93.01580810546875,40.429338455200195,45.92144775390625,279,93.01580810546875,0.0,45.92144775390625,279
2025-07-17T19:25:10.014230,0,14,[],93.01580810546875,0.0,45.92144775390625,279,93.01580810546875,40.429338455200195,45.92144775390625,279
2025-07-17T19:25:10.089448,1,14,[],93.01580810546875,0.0,45.92144775390625,279,93.01580810546875,40.429338455200195,45.92144775390625,279
2025-07-17T19:25:10.089473,1,14,[],93.01580810546875,40.429338455200195,45.92144775390625,279,93.01580810546875,0.0,45.92144775390625,279
2025-07-17T19:25:10.177694,2,14,[],93.01580810546875,40.429338455200195,45.92144775390625,279,93.01580810546875,0.0,45.92144775390625,279
2025-07-17T19:25:10.177800,2,14,[],93.01580810546875,0.0,45.92144775390625,279,93.01580810546875,40.429338455200195,45.92144775390625,279
2025-07-17T19:25:10.266110,3,14,[],93.01580810546875,40.429338455200195,45.92144775390625,279,93.01580810546875,0.0,45.92144775390625,279
2025-07-17T19:25:10.266156,3,14,[],93.01580810546875,0.0,45.92144775390625,279,93.01580810546875,40.429338455200195,45.92144775390625,279
2025-07-17T19:25:10.351902,4,14,[],93.01580810546875,0.0,45.92144775390625,279,93.01580810546875,40.429338455200195,45.92144775390625,279
2025-07-17T19:25:10.351932,4,14,[],93.01580810546875,40.429338455200195,45.92144775390625,279,93.01580810546875,0.0,45.92144775390625,279
2025-07-17T19:25:10.451548,0,15,[],93.01580810546875,40.429338455200195,45.92144775390625,279,93.01580810546875,0.0,45.92144775390625,279
2025-07-17T19:25:10.452923,0,15,[],93.01580810546875,0.0,45.92144775390625,279,93.01580810546875,40.429338455200195,45.92144775390625,279
2025-07-17T19:25:10.527627,1,15,[],93.01580810546875,0.0,45.92144775390625,279,93.01580810546875,40.429338455200195,45.92144775390625,279
2025-07-17T19:25:10.527621,1,15,[],93.01580810546875,40.429338455200195,45.92144775390625,279,93.01580810546875,0.0,45.92144775390625,279
2025-07-17T19:25:10.615848,2,15,[],93.01580810546875,0.0,45.92144775390625,279,93.01580810546875,40.429338455200195,45.92144775390625,279
2025-07-17T19:25:10.615788,2,15,[],93.01580810546875,40.429338455200195,45.92144775390625,279,93.01580810546875,0.0,45.92144775390625,279
2025-07-17T19:25:10.705929,3,15,[],93.01580810546875,0.0,45.92144775390625,279,93.01580810546875,40.429338455200195,45.92144775390625,279
2025-07-17T19:25:10.705957,3,15,[],93.01580810546875,40.429338455200195,45.92144775390625,279,93.01580810546875,0.0,45.92144775390625,279
2025-07-17T19:25:10.793877,4,15,[],93.01580810546875,0.0,45.92144775390625,279,93.01580810546875,40.429338455200195,45.92144775390625,279
2025-07-17T19:25:10.793932,4,15,[],93.01580810546875,40.429338455200195,45.92144775390625,279,93.01580810546875,0.0,45.92144775390625,279
2025-07-17T19:25:10.897255,0,16,[],93.01580810546875,40.429338455200195,45.92144775390625,279,93.01580810546875,0.0,45.92144775390625,279
2025-07-17T19:25:10.898378,0,16,[],93.01580810546875,0.0,45.92144775390625,279,93.01580810546875,40.429338455200195,45.92144775390625,279
2025-07-17T19:25:10.974567,1,16,[],93.01580810546875,0.0,45.92144775390625,279,93.01580810546875,40.429338455200195,45.92144775390625,279
2025-07-17T19:25:10.974625,1,16,[],93.01580810546875,40.429338455200195,45.92144775390625,279,93.01580810546875,0.0,45.92144775390625,279
2025-07-17T19:25:11.065019,2,16,[],93.01580810546875,40.429338455200195,45.92144775390625,279,93.01580810546875,0.0,45.92144775390625,279
2025-07-17T19:25:11.065155,2,16,[],93.01580810546875,0.0,45.92144775390625,279,93.01580810546875,40.429338455200195,45.92144775390625,279
2025-07-17T19:25:11.154753,3,16,[],93.01580810546875,0.0,45.92144775390625,279,93.01580810546875,40.429338455200195,45.92144775390625,279
2025-07-17T19:25:11.154891,3,16,[],93.01580810546875,40.429338455200195,45.92144775390625,279,93.01580810546875,0.0,45.92144775390625,279
2025-07-17T19:25:11.241834,4,16,[],93.01580810546875,40.429338455200195,45.92144775390625,279,93.01580810546875,0.0,45.92144775390625,279
2025-07-17T19:25:11.241842,4,16,[],93.01580810546875,0.0,45.92144775390625,279,93.01580810546875,40.429338455200195,45.92144775390625,279
2025-07-17T19:25:11.342557,0,17,[],93.01580810546875,40.429338455200195,45.92144775390625,279,93.01580810546875,0.0,45.92144775390625,279
2025-07-17T19:25:11.343715,0,17,[],93.01580810546875,0.0,45.92144775390625,279,93.01580810546875,40.429338455200195,45.92144775390625,279
2025-07-17T19:25:11.418596,1,17,[],93.01580810546875,0.0,45.92144775390625,279,93.01580810546875,40.429338455200195,45.92144775390625,279
2025-07-17T19:25:11.418561,1,17,[],93.01580810546875,40.429338455200195,45.92144775390625,279,93.01580810546875,0.0,45.92144775390625,279
2025-07-17T19:25:11.506773,2,17,[],93.01580810546875,40.429338455200195,45.92144775390625,279,93.01580810546875,0.0,45.92144775390625,279
2025-07-17T19:25:11.506917,2,17,[],93.01580810546875,0.0,45.92144775390625,279,93.01580810546875,40.429338455200195,45.92144775390625,279
2025-07-17T19:25:11.593679,3,17,[],93.01580810546875,40.429338455200195,45.92144775390625,279,93.01580810546875,0.0,45.92144775390625,279
2025-07-17T19:25:11.593696,3,17,[],93.01580810546875,0.0,45.92144775390625,279,93.01580810546875,40.429338455200195,45.92144775390625,279
2025-07-17T19:25:11.679446,4,17,[],93.01580810546875,0.0,45.92144775390625,279,93.01580810546875,40.429338455200195,45.92144775390625,279
2025-07-17T19:25:11.679516,4,17,[],93.01580810546875,40.429338455200195,45.92144775390625,279,93.01580810546875,0.0,45.92144775390625,279
2025-07-17T19:25:11.780949,0,18,[],93.01580810546875,40.429338455200195,45.92144775390625,279,93.01580810546875,0.0,45.92144775390625,279
2025-07-17T19:25:11.782225,0,18,[],93.01580810546875,0.0,45.92144775390625,279,93.01580810546875,40.429338455200195,45.92144775390625,279
2025-07-17T19:25:11.859254,1,18,[],93.01580810546875,0.0,45.92144775390625,279,93.01580810546875,40.429338455200195,45.92144775390625,279
2025-07-17T19:25:11.859337,1,18,[],93.01580810546875,40.429338455200195,45.92144775390625,279,93.01580810546875,0.0,45.92144775390625,279
2025-07-17T19:25:11.949258,2,18,[],93.01580810546875,0.0,45.92144775390625,279,93.01580810546875,40.429338455200195,45.92144775390625,279
2025-07-17T19:25:11.949328,2,18,[],93.01580810546875,40.429338455200195,45.92144775390625,279,93.01580810546875,0.0,45.92144775390625,279
2025-07-17T19:25:12.038574,3,18,[],93.01580810546875,40.429338455200195,45.92144775390625,279,93.01580810546875,0.0,45.92144775390625,279
2025-07-17T19:25:12.038594,3,18,[],93.01580810546875,0.0,45.92144775390625,279,93.01580810546875,40.429338455200195,45.92144775390625,279
2025-07-17T19:25:12.127023,4,18,[],93.01580810546875,40.429338455200195,45.92144775390625,279,93.01580810546875,0.0,45.92144775390625,279
2025-07-17T19:25:12.127028,4,18,[],93.01580810546875,0.0,45.92144775390625,279,93.01580810546875,40.429338455200195,45.92144775390625,279
2025-07-17T19:25:12.229747,0,19,[],93.01580810546875,40.429338455200195,45.92144775390625,279,93.01580810546875,0.0,45.92144775390625,279
2025-07-17T19:25:12.230835,0,19,[],93.01580810546875,0.0,45.92144775390625,279,93.01580810546875,40.429338455200195,45.92144775390625,279
2025-07-17T19:25:12.307028,1,19,[],93.01580810546875,0.0,45.92144775390625,279,93.01580810546875,40.429338455200195,45.92144775390625,279
2025-07-17T19:25:12.306952,1,19,[],93.01580810546875,40.429338455200195,45.92144775390625,279,93.01580810546875,0.0,45.92144775390625,279
2025-07-17T19:25:12.395350,2,19,[],93.01580810546875,0.0,45.92144775390625,279,93.01580810546875,40.429338455200195,45.92144775390625,279
2025-07-17T19:25:12.395368,2,19,[],93.01580810546875,40.429338455200195,45.92144775390625,279,93.01580810546875,0.0,45.92144775390625,279
2025-07-17T19:25:12.483164,3,19,[],93.01580810546875,40.429338455200195,45.92144775390625,279,93.01580810546875,0.0,45.92144775390625,279
2025-07-17T19:25:12.483287,3,19,[],93.01580810546875,0.0,45.92144775390625,279,93.01580810546875,40.429338455200195,45.92144775390625,279
2025-07-17T19:25:12.569522,4,19,[],93.01580810546875,0.0,45.92144775390625,279,93.01580810546875,40.429338455200195,45.92144775390625,279
2025-07-17T19:25:12.569592,4,19,[],93.01580810546875,40.429338455200195,45.92144775390625,279,93.01580810546875,0.0,45.92144775390625,279
2025-07-17T19:25:12.671847,0,20,[],93.01580810546875,0.0,45.92144775390625,279,93.01580810546875,40.429338455200195,45.92144775390625,279
2025-07-17T19:25:12.676882,0,20,[],93.01580810546875,40.429338455200195,45.92144775390625,279,93.01580810546875,0.0,45.92144775390625,279
2025-07-17T19:25:12.748196,1,20,[],93.01580810546875,0.0,45.92144775390625,279,93.01580810546875,40.429338455200195,45.92144775390625,279
2025-07-17T19:25:12.748170,1,20,[],93.01580810546875,40.429338455200195,45.92144775390625,279,93.01580810546875,0.0,45.92144775390625,279
2025-07-17T19:25:12.838222,2,20,[],93.01580810546875,0.0,45.92144775390625,279,93.01580810546875,40.429338455200195,45.92144775390625,279
2025-07-17T19:25:12.838205,2,20,[],93.01580810546875,40.429338455200195,45.92144775390625,279,93.01580810546875,0.0,45.92144775390625,279
2025-07-17T19:25:12.929234,3,20,[],93.01580810546875,40.429338455200195,45.92144775390625,279,93.01580810546875,0.0,45.92144775390625,279
2025-07-17T19:25:12.929244,3,20,[],93.01580810546875,0.0,45.92144775390625,279,93.01580810546875,40.429338455200195,45.92144775390625,279
2025-07-17T19:25:13.018897,4,20,[],93.01580810546875,40.429338455200195,45.92144775390625,279,93.01580810546875,0.0,45.92144775390625,279
2025-07-17T19:25:13.018930,4,20,[],93.01580810546875,0.0,45.92144775390625,279,93.01580810546875,40.429338455200195,45.92144775390625,279
2025-07-17T19:25:13.121021,0,21,[],93.01580810546875,40.429338455200195,45.92144775390625,279,93.01580810546875,0.0,45.92144775390625,279
2025-07-17T19:25:13.122211,0,21,[],93.01580810546875,0.0,45.92144775390625,279,93.01580810546875,40.429338455200195,45.92144775390625,279
2025-07-17T19:25:13.195126,1,21,[],93.01580810546875,40.429338455200195,45.92144775390625,279,93.01580810546875,0.0,45.92144775390625,279
2025-07-17T19:25:13.195134,1,21,[],93.01580810546875,0.0,45.92144775390625,279,93.01580810546875,40.429338455200195,45.92144775390625,279
2025-07-17T19:25:13.283893,2,21,[],93.01580810546875,40.429338455200195,45.92144775390625,279,93.01580810546875,0.0,45.92144775390625,279
2025-07-17T19:25:13.284037,2,21,[],93.01580810546875,0.0,45.92144775390625,279,93.01580810546875,40.429338455200195,45.92144775390625,279
2025-07-17T19:25:13.371022,3,21,[],93.01580810546875,0.0,45.92144775390625,279,93.01580810546875,40.429338455200195,45.92144775390625,279
2025-07-17T19:25:13.370863,3,21,[],93.01580810546875,40.429338455200195,45.92144775390625,279,93.01580810546875,0.0,45.92144775390625,279
2025-07-17T19:25:13.458653,4,21,[],93.01580810546875,0.0,45.92144775390625,279,93.01580810546875,40.429338455200195,45.92144775390625,279
2025-07-17T19:25:13.464617,4,21,[],93.01580810546875,40.429338455200195,45.92144775390625,279,93.01580810546875,0.0,45.92144775390625,279
2025-07-17T19:25:13.560075,0,22,[],93.01580810546875,40.429338455200195,45.92144775390625,279,93.01580810546875,0.0,45.92144775390625,279
2025-07-17T19:25:13.566503,0,22,[],93.01580810546875,0.0,45.92144775390625,279,93.01580810546875,40.429338455200195,45.92144775390625,279
2025-07-17T19:25:13.637288,1,22,[],93.01580810546875,0.0,45.92144775390625,279,93.01580810546875,40.429338455200195,45.92144775390625,279
2025-07-17T19:25:13.637408,1,22,[],93.01580810546875,40.429338455200195,45.92144775390625,279,93.01580810546875,0.0,45.92144775390625,279
2025-07-17T19:25:13.727155,2,22,[],93.01580810546875,0.0,45.92144775390625,279,93.01580810546875,40.429338455200195,45.92144775390625,279
2025-07-17T19:25:13.727083,2,22,[],93.01580810546875,40.429338455200195,45.92144775390625,279,93.01580810546875,0.0,45.92144775390625,279
2025-07-17T19:25:13.817496,3,22,[],93.01580810546875,40.429338455200195,45.92144775390625,279,93.01580810546875,0.0,45.92144775390625,279
2025-07-17T19:25:13.817589,3,22,[],93.01580810546875,0.0,45.92144775390625,279,93.01580810546875,40.429338455200195,45.92144775390625,279
2025-07-17T19:25:13.906134,4,22,[],93.01580810546875,40.429338455200195,45.92144775390625,279,93.01580810546875,0.0,45.92144775390625,279
2025-07-17T19:25:13.906427,4,22,[],93.01580810546875,0.0,45.92144775390625,279,93.01580810546875,40.429338455200195,45.92144775390625,279
2025-07-17T19:25:14.008499,0,23,[],93.01580810546875,40.429338455200195,45.92144775390625,279,93.01580810546875,0.0,45.92144775390625,279
2025-07-17T19:25:14.009419,0,23,[],93.01580810546875,0.0,45.92144775390625,279,93.01580810546875,40.429338455200195,45.92144775390625,279
2025-07-17T19:25:14.085144,1,23,[],93.01580810546875,40.429338455200195,45.92144775390625,279,93.01580810546875,0.0,45.92144775390625,279
2025-07-17T19:25:14.085232,1,23,[],93.01580810546875,0.0,45.92144775390625,279,93.01580810546875,40.429338455200195,45.92144775390625,279
2025-07-17T19:25:14.174788,2,23,[],93.01580810546875,0.0,45.92144775390625,279,93.01580810546875,40.429338455200195,45.92144775390625,279
2025-07-17T19:25:14.174879,2,23,[],93.01580810546875,40.429338455200195,45.92144775390625,279,93.01580810546875,0.0,45.92144775390625,279
2025-07-17T19:25:14.263697,3,23,[],93.01580810546875,0.0,45.92144775390625,279,93.01580810546875,40.429338455200195,45.92144775390625,279
2025-07-17T19:25:14.269504,3,23,[],93.01580810546875,40.429338455200195,45.92144775390625,279,93.01580810546875,0.0,45.92144775390625,279
2025-07-17T19:25:14.350360,4,23,[],93.01580810546875,40.429338455200195,45.92144775390625,279,93.01580810546875,0.0,45.92144775390625,279
2025-07-17T19:25:14.356332,4,23,[],93.01580810546875,0.0,45.92144775390625,279,93.01580810546875,40.429338455200195,45.92144775390625,279
2025-07-17T19:25:14.451354,0,24,[],93.01580810546875,40.429338455200195,45.92144775390625,279,93.01580810546875,0.0,45.92144775390625,279
2025-07-17T19:25:14.452262,0,24,[],93.01580810546875,0.0,45.92144775390625,279,93.01580810546875,40.429338455200195,45.92144775390625,279
2025-07-17T19:25:14.528749,1,24,[],93.01580810546875,0.0,45.92144775390625,279,93.01580810546875,40.429338455200195,45.92144775390625,279
2025-07-17T19:25:14.528807,1,24,[],93.01580810546875,40.429338455200195,45.92144775390625,279,93.01580810546875,0.0,45.92144775390625,279
2025-07-17T19:25:14.618499,2,24,[],93.01580810546875,0.0,45.92144775390625,279,93.01580810546875,40.429338455200195,45.92144775390625,279
2025-07-17T19:25:14.618555,2,24,[],93.01580810546875,40.429338455200195,45.92144775390625,279,93.01580810546875,0.0,45.92144775390625,279
2025-07-17T19:25:14.708643,3,24,[],93.01580810546875,40.429338455200195,45.92144775390625,279,93.01580810546875,0.0,45.92144775390625,279
2025-07-17T19:25:14.708651,3,24,[],93.01580810546875,0.0,45.92144775390625,279,93.01580810546875,40.429338455200195,45.92144775390625,279
2025-07-17T19:25:14.796038,4,24,[],93.01580810546875,0.0,45.92144775390625,279,93.01580810546875,40.429338455200195,45.92144775390625,279
2025-07-17T19:25:14.796028,4,24,[],93.01580810546875,40.429338455200195,45.92144775390625,279,93.01580810546875,0.0,45.92144775390625,279
2025-07-17T19:25:14.897115,0,25,[],93.01580810546875,40.429338455200195,45.92144775390625,279,93.01580810546875,0.0,45.92144775390625,279
2025-07-17T19:25:14.898310,0,25,[],93.01580810546875,0.0,45.92144775390625,279,93.01580810546875,40.429338455200195,45.92144775390625,279
2025-07-17T19:25:14.973682,1,25,[],93.01580810546875,0.0,45.92144775390625,279,93.01580810546875,40.429338455200195,45.92144775390625,279
2025-07-17T19:25:14.973603,1,25,[],93.01580810546875,40.429338455200195,45.92144775390625,279,93.01580810546875,0.0,45.92144775390625,279
2025-07-17T19:25:15.063798,2,25,[],93.01580810546875,0.0,45.92144775390625,279,93.01580810546875,40.429338455200195,45.92144775390625,279
2025-07-17T19:25:15.069599,2,25,[],93.01580810546875,40.429338455200195,45.92144775390625,279,93.01580810546875,0.0,45.92144775390625,279
2025-07-17T19:25:15.154516,3,25,[],93.01580810546875,40.429338455200195,45.92144775390625,279,93.01580810546875,0.0,45.92144775390625,279
2025-07-17T19:25:15.160405,3,25,[],93.01580810546875,0.0,45.92144775390625,279,93.01580810546875,40.429338455200195,45.92144775390625,279
2025-07-17T19:25:15.242607,4,25,[],93.01580810546875,0.0,45.92144775390625,279,93.01580810546875,40.429338455200195,45.92144775390625,279
2025-07-17T19:25:15.242688,4,25,[],93.01580810546875,40.429338455200195,45.92144775390625,279,93.01580810546875,0.0,45.92144775390625,279
2025-07-17T19:25:15.344487,0,26,[],93.01580810546875,40.429338455200195,45.92144775390625,279,93.01580810546875,0.0,45.92144775390625,279
2025-07-17T19:25:15.345757,0,26,[],93.01580810546875,0.0,45.92144775390625,279,93.01580810546875,40.429338455200195,45.92144775390625,279
2025-07-17T19:25:15.420887,1,26,[],93.01580810546875,0.0,45.92144775390625,279,93.01580810546875,40.429338455200195,45.92144775390625,279
2025-07-17T19:25:15.420967,1,26,[],93.01580810546875,40.429338455200195,45.92144775390625,279,93.01580810546875,0.0,45.92144775390625,279
2025-07-17T19:25:15.511499,2,26,[],93.01580810546875,0.0,45.92144775390625,279,93.01580810546875,40.429338455200195,45.92144775390625,279
2025-07-17T19:25:15.511620,2,26,[],93.01580810546875,40.429338455200195,45.92144775390625,279,93.01580810546875,0.0,45.92144775390625,279
2025-07-17T19:25:15.599160,3,26,[],93.01580810546875,0.0,45.92144775390625,279,93.01580810546875,40.429338455200195,45.92144775390625,279
2025-07-17T19:25:15.599237,3,26,[],93.01580810546875,40.429338455200195,45.92144775390625,279,93.01580810546875,0.0,45.92144775390625,279
2025-07-17T19:25:15.686595,4,26,[],93.01580810546875,40.429338455200195,45.92144775390625,279,93.01580810546875,0.0,45.92144775390625,279
2025-07-17T19:25:15.686688,4,26,[],93.01580810546875,0.0,45.92144775390625,279,93.01580810546875,40.429338455200195,45.92144775390625,279
2025-07-17T19:25:15.788374,0,27,[],93.01580810546875,40.429338455200195,45.92144775390625,279,93.01580810546875,0.0,45.92144775390625,279
2025-07-17T19:25:15.789501,0,27,[],93.01580810546875,0.0,45.92144775390625,279,93.01580810546875,40.429338455200195,45.92144775390625,279
2025-07-17T19:25:15.865228,1,27,[],93.01580810546875,0.0,45.92144775390625,279,93.01580810546875,40.429338455200195,45.92144775390625,279
2025-07-17T19:25:15.871122,1,27,[],93.01580810546875,40.429338455200195,45.92144775390625,279,93.01580810546875,0.0,45.92144775390625,279
2025-07-17T19:25:15.956272,2,27,[],93.01580810546875,40.429338455200195,45.92144775390625,279,93.01580810546875,0.0,45.92144775390625,279
2025-07-17T19:25:15.962031,2,27,[],93.01580810546875,0.0,45.92144775390625,279,93.01580810546875,40.429338455200195,45.92144775390625,279
2025-07-17T19:25:16.046704,3,27,[],93.01580810546875,40.429338455200195,45.92144775390625,279,93.01580810546875,0.0,45.92144775390625,279
2025-07-17T19:25:16.046812,3,27,[],93.01580810546875,0.0,45.92144775390625,279,93.01580810546875,40.429338455200195,45.92144775390625,279
2025-07-17T19:25:16.135940,4,27,[],93.01580810546875,0.0,45.92144775390625,279,93.01580810546875,40.429338455200195,45.92144775390625,279
2025-07-17T19:25:16.136057,4,27,[],93.01580810546875,40.429338455200195,45.92144775390625,279,93.01580810546875,0.0,45.92144775390625,279
2025-07-17T19:25:16.240310,0,28,[],93.01580810546875,40.429338455200195,45.92144775390625,279,93.01580810546875,0.0,45.92144775390625,279
2025-07-17T19:25:16.241395,0,28,[],93.01580810546875,0.0,45.92144775390625,279,93.01580810546875,40.429338455200195,45.92144775390625,279
2025-07-17T19:25:16.317586,1,28,[],93.01580810546875,0.0,45.92144775390625,279,93.01580810546875,40.429338455200195,45.92144775390625,279
2025-07-17T19:25:16.317639,1,28,[],93.01580810546875,40.429338455200195,45.92144775390625,279,93.01580810546875,0.0,45.92144775390625,279
2025-07-17T19:25:16.409675,2,28,[],93.01580810546875,0.0,45.92144775390625,279,93.01580810546875,40.429338455200195,45.92144775390625,279
2025-07-17T19:25:16.409708,2,28,[],93.01580810546875,40.429338455200195,45.92144775390625,279,93.01580810546875,0.0,45.92144775390625,279
2025-07-17T19:25:16.496456,3,28,[],93.01580810546875,0.0,45.92144775390625,279,93.01580810546875,40.429338455200195,45.92144775390625,279
2025-07-17T19:25:16.496577,3,28,[],93.01580810546875,40.429338455200195,45.92144775390625,279,93.01580810546875,0.0,45.92144775390625,279
2025-07-17T19:25:16.584784,4,28,[],93.01580810546875,40.429338455200195,45.92144775390625,279,93.01580810546875,0.0,45.92144775390625,279
2025-07-17T19:25:16.585076,4,28,[],93.01580810546875,0.0,45.92144775390625,279,93.01580810546875,40.429338455200195,45.92144775390625,279
2025-07-17T19:25:16.687093,0,29,[],93.01580810546875,40.429338455200195,45.92144775390625,279,93.01580810546875,0.0,45.92144775390625,279
2025-07-17T19:25:16.688103,0,29,[],93.01580810546875,0.0,45.92144775390625,279,93.01580810546875,40.429338455200195,45.92144775390625,279
2025-07-17T19:25:16.764826,1,29,[],93.01580810546875,40.429338455200195,45.92144775390625,279,93.01580810546875,0.0,45.92144775390625,279
2025-07-17T19:25:16.770787,1,29,[],93.01580810546875,0.0,45.92144775390625,279,93.01580810546875,40.429338455200195,45.92144775390625,279
2025-07-17T19:25:16.855973,2,29,[],93.01580810546875,0.0,45.92144775390625,279,93.01580810546875,40.429338455200195,45.92144775390625,279
2025-07-17T19:25:16.855965,2,29,[],93.01580810546875,40.429338455200195,45.92144775390625,279,93.01580810546875,0.0,45.92144775390625,279
2025-07-17T19:25:16.946413,3,29,[],93.01580810546875,40.429338455200195,45.92144775390625,279,93.01580810546875,0.0,45.92144775390625,279
2025-07-17T19:25:16.946562,3,29,[],93.01580810546875,0.0,45.92144775390625,279,93.01580810546875,40.429338455200195,45.92144775390625,279
2025-07-17T19:25:17.036030,4,29,[],93.01580810546875,40.429338455200195,45.92144775390625,279,93.01580810546875,0.0,45.92144775390625,279
2025-07-17T19:25:17.036095,4,29,[],93.01580810546875,0.0,45.92144775390625,279,93.01580810546875,40.429338455200195,45.92144775390625,279
2025-07-17T19:25:17.139725,0,30,[],93.01580810546875,40.429338455200195,45.92144775390625,279,93.01580810546875,0.0,45.92144775390625,279
2025-07-17T19:25:17.140969,0,30,[],93.01580810546875,0.0,45.92144775390625,279,93.01580810546875,40.429338455200195,45.92144775390625,279
2025-07-17T19:25:17.219366,1,30,[],93.01580810546875,0.0,45.92144775390625,279,93.01580810546875,40.429338455200195,45.92144775390625,279
2025-07-17T19:25:17.219443,1,30,[],93.01580810546875,40.429338455200195,45.92144775390625,279,93.01580810546875,0.0,45.92144775390625,279
2025-07-17T19:25:17.310199,2,30,[],93.01580810546875,0.0,45.92144775390625,279,93.01580810546875,40.429338455200195,45.92144775390625,279
2025-07-17T19:25:17.310326,2,30,[],93.01580810546875,40.429338455200195,45.92144775390625,279,93.01580810546875,0.0,45.92144775390625,279
2025-07-17T19:25:17.396952,3,30,[],93.01580810546875,0.0,45.92144775390625,279,93.01580810546875,40.429338455200195,45.92144775390625,279
2025-07-17T19:25:17.397017,3,30,[],93.01580810546875,40.429338455200195,45.92144775390625,279,93.01580810546875,0.0,45.92144775390625,279
2025-07-17T19:25:17.485677,4,30,[],93.01580810546875,0.0,45.92144775390625,279,93.01580810546875,40.429338455200195,45.92144775390625,279
2025-07-17T19:25:17.485729,4,30,[],93.01580810546875,40.429338455200195,45.92144775390625,279,93.01580810546875,0.0,45.92144775390625,279
2025-07-17T19:25:17.587080,0,31,[],93.01580810546875,40.429338455200195,45.92144775390625,279,93.01580810546875,0.0,45.92144775390625,279
2025-07-17T19:25:17.588225,0,31,[],93.01580810546875,0.0,45.92144775390625,279,93.01580810546875,40.429338455200195,45.92144775390625,279
2025-07-17T19:25:17.754056,1,31,[],93.01580810546875,40.165666580200195,45.92144775390625,279,93.01580810546875,0.0,45.92144775390625,279
2025-07-17T19:25:17.754189,1,31,[],93.01580810546875,0.0,45.92144775390625,279,93.01580810546875,40.165666580200195,45.92144775390625,279
2025-07-17T19:25:17.850393,2,31,[],93.01580810546875,0.0,45.92144775390625,279,93.01580810546875,39.901994705200195,45.92144775390625,279
2025-07-17T19:25:17.850366,2,31,[],93.01580810546875,39.901994705200195,45.92144775390625,279,93.01580810546875,0.0,45.92144775390625,279
2025-07-17T19:25:17.947024,3,31,[],93.01580810546875,39.638322830200195,45.92144775390625,279,93.01580810546875,0.0,45.92144775390625,279
2025-07-17T19:25:17.947037,3,31,[],93.01580810546875,0.0,45.92144775390625,279,93.01580810546875,39.638322830200195,45.92144775390625,279
2025-07-17T19:25:18.045476,4,31,[],93.01580810546875,39.375139236450195,45.92144775390625,279,93.01580810546875,0.0,45.92144775390625,279
2025-07-17T19:25:18.045594,4,31,[],93.01580810546875,0.0,45.92144775390625,279,93.01580810546875,39.375139236450195,45.92144775390625,279
2025-07-17T19:25:50.388730,0,0,[],93.01580810546875,38.770198345184326,52.27691650390625,318,93.01580810546875,0.0,52.27691650390625,318
2025-07-17T19:25:50.389794,0,0,[],93.01580810546875,0.0,52.25543212890625,318,93.01580810546875,38.770198345184326,52.27691650390625,318
2025-07-17T19:25:50.403851,0,1,[],93.01580810546875,38.813167095184326,51.91754150390625,316,93.01580810546875,0.0,51.91754150390625,316
2025-07-17T19:25:50.405175,0,1,[],93.01580810546875,0.0,51.91754150390625,316,93.01580810546875,38.813167095184326,51.91754150390625,316
2025-07-17T19:25:50.413225,0,2,[],93.01580810546875,38.813167095184326,51.91754150390625,316,93.01580810546875,0.0,51.91754150390625,316
2025-07-17T19:25:50.417006,0,2,[],93.01580810546875,0.0,51.91754150390625,316,93.01580810546875,38.813167095184326,51.91754150390625,316
2025-07-17T19:25:50.423144,0,3,[],93.01580810546875,38.813167095184326,51.91754150390625,316,93.01580810546875,0.0,51.91754150390625,316
2025-07-17T19:25:50.427846,0,3,[],93.01580810546875,0.0,51.87457275390625,316,93.01580810546875,38.813167095184326,51.91754150390625,316
2025-07-17T19:25:50.432654,0,4,[],93.01580810546875,38.812678813934326,51.87457275390625,316,93.01580810546875,0.0,51.91754150390625,316
2025-07-17T19:25:50.438394,0,4,[],93.01580810546875,0.0,51.87457275390625,316,93.01580810546875,38.813167095184326,51.91754150390625,316
2025-07-17T19:25:50.443316,0,5,[],93.01580810546875,38.813167095184326,51.87457275390625,316,93.01580810546875,0.0,51.91754150390625,316
2025-07-17T19:25:50.448826,0,5,[],93.01580810546875,0.0,51.87457275390625,316,93.01580810546875,38.813167095184326,51.91754150390625,316
2025-07-17T19:25:50.453766,0,6,[],93.01580810546875,38.813167095184326,51.87457275390625,316,93.01580810546875,0.0,51.91754150390625,316
2025-07-17T19:25:50.459253,0,6,[],93.01580810546875,0.0,51.87457275390625,316,93.01580810546875,38.813167095184326,51.91754150390625,316
2025-07-17T19:25:50.464207,0,7,[],93.01580810546875,38.812678813934326,51.87457275390625,316,93.01580810546875,0.0,51.91754150390625,316
2025-07-17T19:25:50.469636,0,7,[],93.01580810546875,0.0,51.87457275390625,316,93.01580810546875,38.813167095184326,51.91754150390625,316
2025-07-17T19:25:50.474702,0,8,[],93.01580810546875,38.813167095184326,51.87457275390625,316,93.01580810546875,0.0,51.91754150390625,316
2025-07-17T19:25:50.480069,0,8,[],93.01580810546875,0.0,51.87457275390625,316,93.01580810546875,38.813167095184326,51.91754150390625,316
2025-07-17T19:25:50.485042,0,9,[],93.01580810546875,38.813167095184326,51.87457275390625,316,93.01580810546875,0.0,51.91754150390625,316
2025-07-17T19:25:50.490517,0,9,[],93.01580810546875,0.0,51.87457275390625,316,93.01580810546875,38.813167095184326,51.91754150390625,316
2025-07-17T19:25:50.495519,0,10,[],93.01580810546875,38.812678813934326,51.87457275390625,316,93.01580810546875,0.0,51.91754150390625,316
2025-07-17T19:25:50.502006,0,10,[],93.01580810546875,0.0,51.87457275390625,316,93.01580810546875,38.813167095184326,51.91754150390625,316
2025-07-17T19:25:50.505719,0,11,[],93.01580810546875,38.813167095184326,51.87457275390625,316,93.01580810546875,0.0,51.91754150390625,316
2025-07-17T19:25:50.513380,0,11,[],93.01580810546875,0.0,51.87457275390625,316,93.01580810546875,38.813167095184326,51.91754150390625,316
2025-07-17T19:25:50.518784,0,12,[],93.01580810546875,38.813167095184326,51.87457275390625,316,93.01580810546875,0.0,51.91754150390625,316
2025-07-17T19:25:50.524086,0,12,[],93.01580810546875,0.0,51.87457275390625,316,93.01580810546875,38.813167095184326,51.91754150390625,316
2025-07-17T19:25:50.528952,0,13,[],93.01580810546875,38.812678813934326,51.87457275390625,316,93.01580810546875,0.0,51.91754150390625,316
2025-07-17T19:25:50.534522,0,13,[],93.01580810546875,0.0,51.87457275390625,316,93.01580810546875,38.813167095184326,51.91754150390625,316
2025-07-17T19:25:50.539583,0,14,[],93.01580810546875,38.813167095184326,51.87457275390625,316,93.01580810546875,0.0,51.91754150390625,316
2025-07-17T19:25:50.545494,0,14,[],93.01580810546875,0.0,51.87457275390625,316,93.01580810546875,38.813167095184326,51.91754150390625,316
2025-07-17T19:25:50.549830,0,15,[],93.01580810546875,38.813167095184326,51.87457275390625,316,93.01580810546875,0.0,51.91754150390625,316
2025-07-17T19:25:50.555990,0,15,[],93.01580810546875,0.0,51.87457275390625,316,93.01580810546875,38.813167095184326,51.91754150390625,316
2025-07-17T19:25:50.560827,0,16,[],93.01580810546875,38.812678813934326,51.87457275390625,316,93.01580810546875,0.0,51.91754150390625,316
2025-07-17T19:25:50.566448,0,16,[],93.01580810546875,0.0,51.87457275390625,316,93.01580810546875,38.813167095184326,51.91754150390625,316
2025-07-17T19:25:50.571435,0,17,[],93.01580810546875,38.813167095184326,51.87457275390625,316,93.01580810546875,0.0,51.91754150390625,316
2025-07-17T19:25:50.576963,0,17,[],93.01580810546875,0.0,51.87457275390625,316,93.01580810546875,38.813167095184326,51.91754150390625,316
2025-07-17T19:25:50.581803,0,18,[],93.01580810546875,38.813167095184326,51.87457275390625,316,93.01580810546875,0.0,51.91754150390625,316
2025-07-17T19:25:50.587537,0,18,[],93.01580810546875,0.0,51.87457275390625,316,93.01580810546875,38.813167095184326,51.91754150390625,316
2025-07-17T19:25:50.592364,0,19,[],93.01580810546875,38.812678813934326,51.87457275390625,316,93.01580810546875,0.0,51.91754150390625,316
2025-07-17T19:25:50.597970,0,19,[],93.01580810546875,0.0,51.87457275390625,316,93.01580810546875,38.813167095184326,51.91754150390625,316
2025-07-17T19:25:50.602947,0,20,[],93.01580810546875,38.813167095184326,51.87457275390625,316,93.01580810546875,0.0,51.91754150390625,316
2025-07-17T19:25:50.608497,0,20,[],93.01580810546875,0.0,51.87457275390625,316,93.01580810546875,38.813167095184326,51.91754150390625,316
2025-07-17T19:25:50.613397,0,21,[],93.01580810546875,38.813167095184326,51.87457275390625,316,93.01580810546875,0.0,51.91754150390625,316
2025-07-17T19:25:50.619475,0,21,[],93.01580810546875,0.0,51.87457275390625,316,93.01580810546875,38.813167095184326,51.91754150390625,316
2025-07-17T19:25:50.623996,0,22,[],93.01580810546875,38.812678813934326,51.87457275390625,316,93.01580810546875,0.0,51.91754150390625,316
2025-07-17T19:25:50.629945,0,22,[],93.01580810546875,0.0,51.87457275390625,316,93.01580810546875,38.813167095184326,51.91754150390625,316
2025-07-17T19:25:50.634882,0,23,[],93.01580810546875,38.813167095184326,51.87457275390625,316,93.01580810546875,0.0,51.91754150390625,316
2025-07-17T19:25:50.640558,0,23,[],93.01580810546875,0.0,51.87457275390625,316,93.01580810546875,38.813167095184326,51.91754150390625,316
2025-07-17T19:25:50.645578,0,24,[],93.01580810546875,38.813167095184326,51.87457275390625,316,93.01580810546875,0.0,51.91754150390625,316
2025-07-17T19:25:50.651114,0,24,[],93.01580810546875,0.0,51.87457275390625,316,93.01580810546875,38.813167095184326,51.91754150390625,316
2025-07-17T19:25:50.655939,0,25,[],93.01580810546875,38.812678813934326,51.87457275390625,316,93.01580810546875,0.0,51.91754150390625,316
2025-07-17T19:25:50.661569,0,25,[],93.01580810546875,0.0,51.87457275390625,316,93.01580810546875,38.813167095184326,51.91754150390625,316
2025-07-17T19:25:50.666472,0,26,[],93.01580810546875,38.813167095184326,51.87457275390625,316,93.01580810546875,0.0,51.91754150390625,316
2025-07-17T19:25:50.672068,0,26,[],93.01580810546875,0.0,51.87457275390625,316,93.01580810546875,38.813167095184326,51.91754150390625,316
2025-07-17T19:25:50.677066,0,27,[],93.01580810546875,38.813167095184326,51.87457275390625,316,93.01580810546875,0.0,51.91754150390625,316
2025-07-17T19:25:50.682479,0,27,[],93.01580810546875,0.0,51.87457275390625,316,93.01580810546875,38.813167095184326,51.91754150390625,316
2025-07-17T19:25:50.688364,0,28,[],93.01580810546875,38.812678813934326,51.87457275390625,316,93.01580810546875,0.0,51.91754150390625,316
2025-07-17T19:25:50.693078,0,28,[],93.01580810546875,0.0,51.87457275390625,316,93.01580810546875,38.813167095184326,51.91754150390625,316
2025-07-17T19:25:50.698132,0,29,[],93.01580810546875,38.813167095184326,51.87457275390625,316,93.01580810546875,0.0,51.91754150390625,316
2025-07-17T19:25:50.703450,0,29,[],93.01580810546875,0.0,51.87457275390625,316,93.01580810546875,38.813167095184326,51.91754150390625,316
2025-07-17T19:25:50.708599,0,30,[],93.01580810546875,38.813167095184326,51.87457275390625,316,93.01580810546875,0.0,51.91754150390625,316
2025-07-17T19:25:50.714491,0,30,[],93.01580810546875,0.0,51.87457275390625,316,93.01580810546875,38.813167095184326,51.91754150390625,316
2025-07-17T19:25:50.718846,0,31,[],93.01580810546875,38.812678813934326,51.87457275390625,316,93.01580810546875,0.0,51.91754150390625,316
2025-07-17T19:25:50.724635,0,31,[],93.01580810546875,0.0,51.87457275390625,316,93.01580810546875,38.813167095184326,51.91754150390625,316
2025-07-17T19:25:51.296028,0,0,[],93.01580810546875,38.847307205200195,52.18511962890625,318,93.01580810546875,0.0,52.18511962890625,318
2025-07-17T19:25:51.303369,0,0,[],93.01580810546875,0.0,47.76715087890625,291,93.01580810546875,38.847307205200195,52.18511962890625,318
2025-07-17T19:25:51.316273,1,0,[],93.01580810546875,0.0,47.76715087890625,291,93.01580810546875,39.110979080200195,47.76715087890625,291
2025-07-17T19:25:51.323789,1,0,[],93.01580810546875,39.110979080200195,47.76715087890625,291,93.01580810546875,0.0,47.23980712890625,287
2025-07-17T19:25:51.403391,2,0,[],93.01580810546875,39.374650955200195,47.23980712890625,287,93.01580810546875,0.0,47.23980712890625,287
2025-07-17T19:25:51.403582,2,0,[],93.01580810546875,0.0,47.23980712890625,287,93.01580810546875,39.374650955200195,47.23980712890625,287
2025-07-17T19:25:51.490226,3,0,[],93.01580810546875,39.638322830200195,46.71246337890625,284,93.01580810546875,0.0,46.71246337890625,284
2025-07-17T19:25:51.490493,3,0,[],93.01580810546875,0.0,46.71246337890625,284,93.01580810546875,39.638322830200195,46.71246337890625,284
2025-07-17T19:25:51.573369,4,0,[],93.01580810546875,39.901506423950195,46.71246337890625,284,93.01580810546875,0.0,46.71246337890625,284
2025-07-17T19:25:51.573521,4,0,[],93.01580810546875,0.0,46.71246337890625,284,93.01580810546875,39.901506423950195,46.71246337890625,284
2025-07-17T19:25:51.674096,0,1,[],93.01580810546875,40.429338455200195,45.92144775390625,279,93.01580810546875,0.0,45.92144775390625,279
2025-07-17T19:25:51.674953,0,1,[],93.01580810546875,0.0,45.92144775390625,279,93.01580810546875,40.429338455200195,45.92144775390625,279
2025-07-17T19:25:51.742337,1,1,[],93.01580810546875,40.429338455200195,45.92144775390625,279,93.01580810546875,0.0,45.92144775390625,279
2025-07-17T19:25:51.747963,1,1,[],93.01580810546875,0.0,45.92144775390625,279,93.01580810546875,40.429338455200195,45.92144775390625,279
2025-07-17T19:25:51.827806,2,1,[],93.01580810546875,0.0,45.92144775390625,279,93.01580810546875,40.429338455200195,45.92144775390625,279
2025-07-17T19:25:51.827902,2,1,[],93.01580810546875,40.429338455200195,45.92144775390625,279,93.01580810546875,0.0,45.92144775390625,279
2025-07-17T19:25:51.912414,3,1,[],93.01580810546875,0.0,45.92144775390625,279,93.01580810546875,40.429338455200195,45.92144775390625,279
2025-07-17T19:25:51.912602,3,1,[],93.01580810546875,40.429338455200195,45.92144775390625,279,93.01580810546875,0.0,45.92144775390625,279
2025-07-17T19:25:51.994850,4,1,[],93.01580810546875,40.429338455200195,45.92144775390625,279,93.01580810546875,0.0,45.92144775390625,279
2025-07-17T19:25:51.995016,4,1,[],93.01580810546875,0.0,45.92144775390625,279,93.01580810546875,40.429338455200195,45.92144775390625,279
2025-07-17T19:25:52.090554,0,2,[],93.01580810546875,40.429338455200195,45.92144775390625,279,93.01580810546875,0.0,45.92144775390625,279
2025-07-17T19:25:52.091795,0,2,[],93.01580810546875,0.0,45.92144775390625,279,93.01580810546875,40.429338455200195,45.92144775390625,279
2025-07-17T19:25:52.172137,1,2,[],93.01580810546875,0.0,45.92144775390625,279,93.01580810546875,40.429338455200195,45.92144775390625,279
2025-07-17T19:25:52.172149,1,2,[],93.01580810546875,40.429338455200195,45.92144775390625,279,93.01580810546875,0.0,45.92144775390625,279
2025-07-17T19:25:52.269077,2,2,[],93.01580810546875,0.0,45.92144775390625,279,93.01580810546875,40.429338455200195,45.92144775390625,279
2025-07-17T19:25:52.268984,2,2,[],93.01580810546875,40.429338455200195,45.92144775390625,279,93.01580810546875,0.0,45.92144775390625,279
2025-07-17T19:25:52.365996,3,2,[],93.01580810546875,40.429338455200195,45.92144775390625,279,93.01580810546875,0.0,45.92144775390625,279
2025-07-17T19:25:52.366378,3,2,[],93.01580810546875,0.0,45.92144775390625,279,93.01580810546875,40.429338455200195,45.92144775390625,279
2025-07-17T19:25:52.460666,4,2,[],93.01580810546875,0.0,45.92144775390625,279,93.01580810546875,40.429338455200195,45.92144775390625,279
2025-07-17T19:25:52.460917,4,2,[],93.01580810546875,40.429338455200195,45.92144775390625,279,93.01580810546875,0.0,45.92144775390625,279
2025-07-17T19:25:52.563797,0,3,[],93.01580810546875,40.429338455200195,45.92144775390625,279,93.01580810546875,0.0,45.92144775390625,279
2025-07-17T19:25:52.565136,0,3,[],93.01580810546875,0.0,45.92144775390625,279,93.01580810546875,40.429338455200195,45.92144775390625,279
2025-07-17T19:25:52.636725,1,3,[],93.01580810546875,0.0,45.92144775390625,279,93.01580810546875,40.429338455200195,45.92144775390625,279
2025-07-17T19:25:52.636731,1,3,[],93.01580810546875,40.429338455200195,45.92144775390625,279,93.01580810546875,0.0,45.92144775390625,279
2025-07-17T19:25:52.723966,2,3,[],93.01580810546875,0.0,45.92144775390625,279,93.01580810546875,40.429338455200195,45.92144775390625,279
2025-07-17T19:25:52.724004,2,3,[],93.01580810546875,40.429338455200195,45.92144775390625,279,93.01580810546875,0.0,45.92144775390625,279
2025-07-17T19:25:52.808762,3,3,[],93.01580810546875,40.429338455200195,45.92144775390625,279,93.01580810546875,0.0,45.92144775390625,279
2025-07-17T19:25:52.808737,3,3,[],93.01580810546875,0.0,45.92144775390625,279,93.01580810546875,40.429338455200195,45.92144775390625,279
2025-07-17T19:25:52.891226,4,3,[],93.01580810546875,0.0,45.92144775390625,279,93.01580810546875,40.429338455200195,45.92144775390625,279
2025-07-17T19:25:52.891264,4,3,[],93.01580810546875,40.429338455200195,45.92144775390625,279,93.01580810546875,0.0,45.92144775390625,279
2025-07-17T19:25:52.988985,0,4,[],93.01580810546875,40.429338455200195,45.92144775390625,279,93.01580810546875,0.0,45.92144775390625,279
2025-07-17T19:25:52.990321,0,4,[],93.01580810546875,0.0,45.92144775390625,279,93.01580810546875,40.429338455200195,45.92144775390625,279
2025-07-17T19:25:53.061495,1,4,[],93.01580810546875,0.0,45.92144775390625,279,93.01580810546875,40.429338455200195,45.92144775390625,279
2025-07-17T19:25:53.061524,1,4,[],93.01580810546875,40.429338455200195,45.92144775390625,279,93.01580810546875,0.0,45.92144775390625,279
2025-07-17T19:25:53.154614,2,4,[],93.01580810546875,40.429338455200195,45.92144775390625,279,93.01580810546875,0.0,45.92144775390625,279
2025-07-17T19:25:53.154693,2,4,[],93.01580810546875,0.0,45.92144775390625,279,93.01580810546875,40.429338455200195,45.92144775390625,279
2025-07-17T19:25:53.249428,3,4,[],93.01580810546875,0.0,45.92144775390625,279,93.01580810546875,40.429338455200195,45.92144775390625,279
2025-07-17T19:25:53.249704,3,4,[],93.01580810546875,40.429338455200195,45.92144775390625,279,93.01580810546875,0.0,45.92144775390625,279
2025-07-17T19:25:53.344421,4,4,[],93.01580810546875,40.429338455200195,45.92144775390625,279,93.01580810546875,0.0,45.92144775390625,279
2025-07-17T19:25:53.344622,4,4,[],93.01580810546875,0.0,45.92144775390625,279,93.01580810546875,40.429338455200195,45.92144775390625,279
2025-07-17T19:25:53.451017,0,5,[],93.01580810546875,40.429338455200195,45.92144775390625,279,93.01580810546875,0.0,45.92144775390625,279
2025-07-17T19:25:53.452112,0,5,[],93.01580810546875,0.0,45.92144775390625,279,93.01580810546875,40.429338455200195,45.92144775390625,279
2025-07-17T19:25:53.529323,1,5,[],93.01580810546875,0.0,45.92144775390625,279,93.01580810546875,40.429338455200195,45.92144775390625,279
2025-07-17T19:25:53.529427,1,5,[],93.01580810546875,40.429338455200195,45.92144775390625,279,93.01580810546875,0.0,45.92144775390625,279
2025-07-17T19:25:53.618403,2,5,[],93.01580810546875,40.429338455200195,45.92144775390625,279,93.01580810546875,0.0,45.92144775390625,279
2025-07-17T19:25:53.618397,2,5,[],93.01580810546875,0.0,45.92144775390625,279,93.01580810546875,40.429338455200195,45.92144775390625,279
2025-07-17T19:25:53.706201,3,5,[],93.01580810546875,0.0,45.92144775390625,279,93.01580810546875,40.429338455200195,45.92144775390625,279
2025-07-17T19:25:53.706298,3,5,[],93.01580810546875,40.429338455200195,45.92144775390625,279,93.01580810546875,0.0,45.92144775390625,279
2025-07-17T19:25:53.790326,4,5,[],93.01580810546875,40.429338455200195,45.92144775390625,279,93.01580810546875,0.0,45.92144775390625,279
2025-07-17T19:25:53.790355,4,5,[],93.01580810546875,0.0,45.92144775390625,279,93.01580810546875,40.429338455200195,45.92144775390625,279
2025-07-17T19:25:53.886108,0,6,[],93.01580810546875,40.429338455200195,45.92144775390625,279,93.01580810546875,0.0,45.92144775390625,279
2025-07-17T19:25:53.887417,0,6,[],93.01580810546875,0.0,45.92144775390625,279,93.01580810546875,40.429338455200195,45.92144775390625,279
2025-07-17T19:25:53.958044,1,6,[],93.01580810546875,40.429338455200195,45.92144775390625,279,93.01580810546875,0.0,45.92144775390625,279
2025-07-17T19:25:53.958166,1,6,[],93.01580810546875,0.0,45.92144775390625,279,93.01580810546875,40.429338455200195,45.92144775390625,279
2025-07-17T19:25:54.046662,2,6,[],93.01580810546875,40.429338455200195,45.92144775390625,279,93.01580810546875,0.0,45.92144775390625,279
2025-07-17T19:25:54.046799,2,6,[],93.01580810546875,0.0,45.92144775390625,279,93.01580810546875,40.429338455200195,45.92144775390625,279
2025-07-17T19:25:54.137545,3,6,[],93.01580810546875,0.0,45.92144775390625,279,93.01580810546875,40.429338455200195,45.92144775390625,279
2025-07-17T19:25:54.137360,3,6,[],93.01580810546875,40.429338455200195,45.92144775390625,279,93.01580810546875,0.0,45.92144775390625,279
2025-07-17T19:25:54.229213,4,6,[],93.01580810546875,0.0,45.92144775390625,279,93.01580810546875,40.429338455200195,45.92144775390625,279
2025-07-17T19:25:54.229358,4,6,[],93.01580810546875,40.429338455200195,45.92144775390625,279,93.01580810546875,0.0,45.92144775390625,279
2025-07-17T19:25:54.336320,0,7,[],93.01580810546875,40.429338455200195,45.92144775390625,279,93.01580810546875,0.0,45.92144775390625,279
2025-07-17T19:25:54.337440,0,7,[],93.01580810546875,0.0,45.92144775390625,279,93.01580810546875,40.429338455200195,45.92144775390625,279
2025-07-17T19:25:54.414911,1,7,[],93.01580810546875,0.0,45.92144775390625,279,93.01580810546875,40.429338455200195,45.92144775390625,279
2025-07-17T19:25:54.414899,1,7,[],93.01580810546875,40.429338455200195,45.92144775390625,279,93.01580810546875,0.0,45.92144775390625,279
2025-07-17T19:25:54.507347,2,7,[],93.01580810546875,40.429338455200195,45.92144775390625,279,93.01580810546875,0.0,45.92144775390625,279
2025-07-17T19:25:54.507396,2,7,[],93.01580810546875,0.0,45.92144775390625,279,93.01580810546875,40.429338455200195,45.92144775390625,279
2025-07-17T19:25:54.596050,3,7,[],93.01580810546875,0.0,45.92144775390625,279,93.01580810546875,40.429338455200195,45.92144775390625,279
2025-07-17T19:25:54.596069,3,7,[],93.01580810546875,40.429338455200195,45.92144775390625,279,93.01580810546875,0.0,45.92144775390625,279
2025-07-17T19:25:54.681728,4,7,[],93.01580810546875,40.429338455200195,45.92144775390625,279,93.01580810546875,0.0,45.92144775390625,279
2025-07-17T19:25:54.681962,4,7,[],93.01580810546875,0.0,45.92144775390625,279,93.01580810546875,40.429338455200195,45.92144775390625,279
2025-07-17T19:25:54.781191,0,8,[],93.01580810546875,40.429338455200195,45.92144775390625,279,93.01580810546875,0.0,45.92144775390625,279
2025-07-17T19:25:54.782294,0,8,[],93.01580810546875,0.0,45.92144775390625,279,93.01580810546875,40.429338455200195,45.92144775390625,279
2025-07-17T19:25:54.854076,1,8,[],93.01580810546875,40.429338455200195,45.92144775390625,279,93.01580810546875,0.0,45.92144775390625,279
2025-07-17T19:25:54.854120,1,8,[],93.01580810546875,0.0,45.92144775390625,279,93.01580810546875,40.429338455200195,45.92144775390625,279
2025-07-17T19:25:54.940217,2,8,[],93.01580810546875,0.0,45.92144775390625,279,93.01580810546875,40.429338455200195,45.92144775390625,279
2025-07-17T19:25:54.940365,2,8,[],93.01580810546875,40.429338455200195,45.92144775390625,279,93.01580810546875,0.0,45.92144775390625,279
2025-07-17T19:25:55.028577,3,8,[],93.01580810546875,40.429338455200195,45.92144775390625,279,93.01580810546875,0.0,45.92144775390625,279
2025-07-17T19:25:55.028715,3,8,[],93.01580810546875,0.0,45.92144775390625,279,93.01580810546875,40.429338455200195,45.92144775390625,279
2025-07-17T19:25:55.117516,4,8,[],93.01580810546875,0.0,45.92144775390625,279,93.01580810546875,40.429338455200195,45.92144775390625,279
2025-07-17T19:25:55.117400,4,8,[],93.01580810546875,40.429338455200195,45.92144775390625,279,93.01580810546875,0.0,45.92144775390625,279
2025-07-17T19:25:55.224167,0,9,[],93.01580810546875,0.0,45.92144775390625,279,93.01580810546875,40.429338455200195,45.92144775390625,279
2025-07-17T19:25:55.229195,0,9,[],93.01580810546875,40.429338455200195,45.92144775390625,279,93.01580810546875,0.0,45.92144775390625,279
2025-07-17T19:25:55.301112,1,9,[],93.01580810546875,0.0,45.92144775390625,279,93.01580810546875,40.429338455200195,45.92144775390625,279
2025-07-17T19:25:55.301103,1,9,[],93.01580810546875,40.429338455200195,45.92144775390625,279,93.01580810546875,0.0,45.92144775390625,279
2025-07-17T19:25:55.395122,2,9,[],93.01580810546875,0.0,45.92144775390625,279,93.01580810546875,40.429338455200195,45.92144775390625,279
2025-07-17T19:25:55.395137,2,9,[],93.01580810546875,40.429338455200195,45.92144775390625,279,93.01580810546875,0.0,45.92144775390625,279
2025-07-17T19:25:55.485761,3,9,[],93.01580810546875,40.429338455200195,45.92144775390625,279,93.01580810546875,0.0,45.92144775390625,279
2025-07-17T19:25:55.485820,3,9,[],93.01580810546875,0.0,45.92144775390625,279,93.01580810546875,40.429338455200195,45.92144775390625,279
2025-07-17T19:25:55.574319,4,9,[],93.01580810546875,0.0,45.92144775390625,279,93.01580810546875,40.429338455200195,45.92144775390625,279
2025-07-17T19:25:55.574387,4,9,[],93.01580810546875,40.429338455200195,45.92144775390625,279,93.01580810546875,0.0,45.92144775390625,279
2025-07-17T19:25:55.674676,0,10,[],93.01580810546875,40.429338455200195,45.92144775390625,279,93.01580810546875,0.0,45.92144775390625,279
2025-07-17T19:25:55.681042,0,10,[],93.01580810546875,0.0,45.92144775390625,279,93.01580810546875,40.429338455200195,45.92144775390625,279
2025-07-17T19:25:55.750387,1,10,[],93.01580810546875,0.0,45.92144775390625,279,93.01580810546875,40.429338455200195,45.92144775390625,279
2025-07-17T19:25:55.750534,1,10,[],93.01580810546875,40.429338455200195,45.92144775390625,279,93.01580810546875,0.0,45.92144775390625,279
2025-07-17T19:25:55.838900,2,10,[],93.01580810546875,40.429338455200195,45.92144775390625,279,93.01580810546875,0.0,45.92144775390625,279
2025-07-17T19:25:55.839032,2,10,[],93.01580810546875,0.0,45.92144775390625,279,93.01580810546875,40.429338455200195,45.92144775390625,279
2025-07-17T19:25:55.926289,3,10,[],93.01580810546875,40.429338455200195,45.92144775390625,279,93.01580810546875,0.0,45.92144775390625,279
2025-07-17T19:25:55.926478,3,10,[],93.01580810546875,0.0,45.92144775390625,279,93.01580810546875,40.429338455200195,45.92144775390625,279
2025-07-17T19:25:56.014116,4,10,[],93.01580810546875,0.0,45.92144775390625,279,93.01580810546875,40.429338455200195,45.92144775390625,279
2025-07-17T19:25:56.019761,4,10,[],93.01580810546875,40.429338455200195,45.92144775390625,279,93.01580810546875,0.0,45.92144775390625,279
2025-07-17T19:25:56.115496,0,11,[],93.01580810546875,40.429338455200195,45.92144775390625,279,93.01580810546875,0.0,45.92144775390625,279
2025-07-17T19:25:56.116855,0,11,[],93.01580810546875,0.0,45.92144775390625,279,93.01580810546875,40.429338455200195,45.92144775390625,279
2025-07-17T19:25:56.193230,1,11,[],93.01580810546875,0.0,45.92144775390625,279,93.01580810546875,40.429338455200195,45.92144775390625,279
2025-07-17T19:25:56.199002,1,11,[],93.01580810546875,40.429338455200195,45.92144775390625,279,93.01580810546875,0.0,45.92144775390625,279
2025-07-17T19:25:56.282438,2,11,[],93.01580810546875,40.429338455200195,45.92144775390625,279,93.01580810546875,0.0,45.92144775390625,279
2025-07-17T19:25:56.282548,2,11,[],93.01580810546875,0.0,45.92144775390625,279,93.01580810546875,40.429338455200195,45.92144775390625,279
2025-07-17T19:25:56.374505,3,11,[],93.01580810546875,40.429338455200195,45.92144775390625,279,93.01580810546875,0.0,45.92144775390625,279
2025-07-17T19:25:56.374529,3,11,[],93.01580810546875,0.0,45.92144775390625,279,93.01580810546875,40.429338455200195,45.92144775390625,279
2025-07-17T19:25:56.463575,4,11,[],93.01580810546875,40.429338455200195,45.92144775390625,279,93.01580810546875,0.0,45.92144775390625,279
2025-07-17T19:25:56.469481,4,11,[],93.01580810546875,0.0,45.92144775390625,279,93.01580810546875,40.429338455200195,45.92144775390625,279
2025-07-17T19:25:56.566817,0,12,[],93.01580810546875,40.429338455200195,45.92144775390625,279,93.01580810546875,0.0,45.92144775390625,279
2025-07-17T19:25:56.568110,0,12,[],93.01580810546875,0.0,45.92144775390625,279,93.01580810546875,40.429338455200195,45.92144775390625,279
2025-07-17T19:25:56.642372,1,12,[],93.01580810546875,0.0,45.92144775390625,279,93.01580810546875,40.429338455200195,45.92144775390625,279
2025-07-17T19:25:56.642384,1,12,[],93.01580810546875,40.429338455200195,45.92144775390625,279,93.01580810546875,0.0,45.92144775390625,279
2025-07-17T19:25:56.731228,2,12,[],93.01580810546875,0.0,45.92144775390625,279,93.01580810546875,40.429338455200195,45.92144775390625,279
2025-07-17T19:25:56.731157,2,12,[],93.01580810546875,40.429338455200195,45.92144775390625,279,93.01580810546875,0.0,45.92144775390625,279
2025-07-17T19:25:56.818421,3,12,[],93.01580810546875,0.0,45.92144775390625,279,93.01580810546875,40.429338455200195,45.92144775390625,279
2025-07-17T19:25:56.818526,3,12,[],93.01580810546875,40.429338455200195,45.92144775390625,279,93.01580810546875,0.0,45.92144775390625,279
2025-07-17T19:25:56.904000,4,12,[],93.01580810546875,40.429338455200195,45.92144775390625,279,93.01580810546875,0.0,45.92144775390625,279
2025-07-17T19:25:56.904149,4,12,[],93.01580810546875,0.0,45.92144775390625,279,93.01580810546875,40.429338455200195,45.92144775390625,279
2025-07-17T19:25:57.003256,0,13,[],93.01580810546875,40.429338455200195,45.92144775390625,279,93.01580810546875,0.0,45.92144775390625,279
2025-07-17T19:25:57.004409,0,13,[],93.01580810546875,0.0,45.92144775390625,279,93.01580810546875,40.429338455200195,45.92144775390625,279
2025-07-17T19:25:57.078710,1,13,[],93.01580810546875,40.429338455200195,45.92144775390625,279,93.01580810546875,0.0,45.92144775390625,279
2025-07-17T19:25:57.084595,1,13,[],93.01580810546875,0.0,45.92144775390625,279,93.01580810546875,40.429338455200195,45.92144775390625,279
2025-07-17T19:25:57.168584,2,13,[],93.01580810546875,0.0,45.92144775390625,279,93.01580810546875,40.429338455200195,45.92144775390625,279
2025-07-17T19:25:57.168578,2,13,[],93.01580810546875,40.429338455200195,45.92144775390625,279,93.01580810546875,0.0,45.92144775390625,279
2025-07-17T19:25:57.259752,3,13,[],93.01580810546875,0.0,45.92144775390625,279,93.01580810546875,40.429338455200195,45.92144775390625,279
2025-07-17T19:25:57.259759,3,13,[],93.01580810546875,40.429338455200195,45.92144775390625,279,93.01580810546875,0.0,45.92144775390625,279
2025-07-17T19:25:57.349740,4,13,[],93.01580810546875,40.429338455200195,45.92144775390625,279,93.01580810546875,0.0,45.92144775390625,279
2025-07-17T19:25:57.349801,4,13,[],93.01580810546875,0.0,45.92144775390625,279,93.01580810546875,40.429338455200195,45.92144775390625,279
2025-07-17T19:25:57.451938,0,14,[],93.01580810546875,40.429338455200195,45.92144775390625,279,93.01580810546875,0.0,45.92144775390625,279
2025-07-17T19:25:57.453065,0,14,[],93.01580810546875,0.0,45.92144775390625,279,93.01580810546875,40.429338455200195,45.92144775390625,279
2025-07-17T19:25:57.529883,1,14,[],93.01580810546875,0.0,45.92144775390625,279,93.01580810546875,40.429338455200195,45.92144775390625,279
2025-07-17T19:25:57.529847,1,14,[],93.01580810546875,40.429338455200195,45.92144775390625,279,93.01580810546875,0.0,45.92144775390625,279
2025-07-17T19:25:57.618767,2,14,[],93.01580810546875,0.0,45.92144775390625,279,93.01580810546875,40.429338455200195,45.92144775390625,279
2025-07-17T19:25:57.618724,2,14,[],93.01580810546875,40.429338455200195,45.92144775390625,279,93.01580810546875,0.0,45.92144775390625,279
2025-07-17T19:25:57.708890,3,14,[],93.01580810546875,0.0,45.92144775390625,279,93.01580810546875,40.429338455200195,45.92144775390625,279
2025-07-17T19:25:57.708954,3,14,[],93.01580810546875,40.429338455200195,45.92144775390625,279,93.01580810546875,0.0,45.92144775390625,279
2025-07-17T19:25:57.793988,4,14,[],93.01580810546875,40.429338455200195,45.92144775390625,279,93.01580810546875,0.0,45.92144775390625,279
2025-07-17T19:25:57.793997,4,14,[],93.01580810546875,0.0,45.92144775390625,279,93.01580810546875,40.429338455200195,45.92144775390625,279
2025-07-17T19:25:57.893939,0,15,[],93.01580810546875,40.429338455200195,45.92144775390625,279,93.01580810546875,0.0,45.92144775390625,279
2025-07-17T19:25:57.895235,0,15,[],93.01580810546875,0.0,45.92144775390625,279,93.01580810546875,40.429338455200195,45.92144775390625,279
2025-07-17T19:25:57.969453,1,15,[],93.01580810546875,0.0,45.92144775390625,279,93.01580810546875,40.429338455200195,45.92144775390625,279
2025-07-17T19:25:57.969507,1,15,[],93.01580810546875,40.429338455200195,45.92144775390625,279,93.01580810546875,0.0,45.92144775390625,279
2025-07-17T19:25:58.058155,2,15,[],93.01580810546875,0.0,45.92144775390625,279,93.01580810546875,40.429338455200195,45.92144775390625,279
2025-07-17T19:25:58.058323,2,15,[],93.01580810546875,40.429338455200195,45.92144775390625,279,93.01580810546875,0.0,45.92144775390625,279
2025-07-17T19:25:58.148594,3,15,[],93.01580810546875,40.429338455200195,45.92144775390625,279,93.01580810546875,0.0,45.92144775390625,279
2025-07-17T19:25:58.148590,3,15,[],93.01580810546875,0.0,45.92144775390625,279,93.01580810546875,40.429338455200195,45.92144775390625,279
2025-07-17T19:25:58.237286,4,15,[],93.01580810546875,40.429338455200195,45.92144775390625,279,93.01580810546875,0.0,45.92144775390625,279
2025-07-17T19:25:58.237640,4,15,[],93.01580810546875,0.0,45.92144775390625,279,93.01580810546875,40.429338455200195,45.92144775390625,279
2025-07-17T19:25:58.341071,0,16,[],93.01580810546875,40.429338455200195,45.92144775390625,279,93.01580810546875,0.0,45.92144775390625,279
2025-07-17T19:25:58.342433,0,16,[],93.01580810546875,0.0,45.92144775390625,279,93.01580810546875,40.429338455200195,45.92144775390625,279
2025-07-17T19:25:58.420837,1,16,[],93.01580810546875,0.0,45.92144775390625,279,93.01580810546875,40.429338455200195,45.92144775390625,279
2025-07-17T19:25:58.420930,1,16,[],93.01580810546875,40.429338455200195,45.92144775390625,279,93.01580810546875,0.0,45.92144775390625,279
2025-07-17T19:25:58.510506,2,16,[],93.01580810546875,0.0,45.92144775390625,279,93.01580810546875,40.429338455200195,45.92144775390625,279
2025-07-17T19:25:58.510445,2,16,[],93.01580810546875,40.429338455200195,45.92144775390625,279,93.01580810546875,0.0,45.92144775390625,279
2025-07-17T19:25:58.599164,3,16,[],93.01580810546875,40.429338455200195,45.92144775390625,279,93.01580810546875,0.0,45.92144775390625,279
2025-07-17T19:25:58.599253,3,16,[],93.01580810546875,0.0,45.92144775390625,279,93.01580810546875,40.429338455200195,45.92144775390625,279
2025-07-17T19:25:58.686030,4,16,[],93.01580810546875,0.0,45.92144775390625,279,93.01580810546875,40.429338455200195,45.92144775390625,279
2025-07-17T19:25:58.686070,4,16,[],93.01580810546875,40.429338455200195,45.92144775390625,279,93.01580810546875,0.0,45.92144775390625,279
2025-07-17T19:25:58.786503,0,17,[],93.01580810546875,40.429338455200195,45.92144775390625,279,93.01580810546875,0.0,45.92144775390625,279
2025-07-17T19:25:58.787743,0,17,[],93.01580810546875,0.0,45.92144775390625,279,93.01580810546875,40.429338455200195,45.92144775390625,279
2025-07-17T19:25:58.861835,1,17,[],93.01580810546875,0.0,45.92144775390625,279,93.01580810546875,40.429338455200195,45.92144775390625,279
2025-07-17T19:25:58.861869,1,17,[],93.01580810546875,40.429338455200195,45.92144775390625,279,93.01580810546875,0.0,45.92144775390625,279
2025-07-17T19:25:58.951031,2,17,[],93.01580810546875,0.0,45.92144775390625,279,93.01580810546875,40.429338455200195,45.92144775390625,279
2025-07-17T19:25:58.951062,2,17,[],93.01580810546875,40.429338455200195,45.92144775390625,279,93.01580810546875,0.0,45.92144775390625,279
2025-07-17T19:25:59.039452,3,17,[],93.01580810546875,40.429338455200195,45.92144775390625,279,93.01580810546875,0.0,45.92144775390625,279
2025-07-17T19:25:59.039619,3,17,[],93.01580810546875,0.0,45.92144775390625,279,93.01580810546875,40.429338455200195,45.92144775390625,279
2025-07-17T19:25:59.128165,4,17,[],93.01580810546875,0.0,45.92144775390625,279,93.01580810546875,40.429338455200195,45.92144775390625,279
2025-07-17T19:25:59.128192,4,17,[],93.01580810546875,40.429338455200195,45.92144775390625,279,93.01580810546875,0.0,45.92144775390625,279
2025-07-17T19:25:59.231522,0,18,[],93.01580810546875,40.429338455200195,45.92144775390625,279,93.01580810546875,0.0,45.92144775390625,279
2025-07-17T19:25:59.232899,0,18,[],93.01580810546875,0.0,45.92144775390625,279,93.01580810546875,40.429338455200195,45.92144775390625,279
2025-07-17T19:25:59.311159,1,18,[],93.01580810546875,0.0,45.92144775390625,279,93.01580810546875,40.429338455200195,45.92144775390625,279
2025-07-17T19:25:59.311250,1,18,[],93.01580810546875,40.429338455200195,45.92144775390625,279,93.01580810546875,0.0,45.92144775390625,279
2025-07-17T19:25:59.399775,2,18,[],93.01580810546875,0.0,45.92144775390625,279,93.01580810546875,40.429338455200195,45.92144775390625,279
2025-07-17T19:25:59.399790,2,18,[],93.01580810546875,40.429338455200195,45.92144775390625,279,93.01580810546875,0.0,45.92144775390625,279
2025-07-17T19:25:59.490931,3,18,[],93.01580810546875,0.0,45.92144775390625,279,93.01580810546875,40.429338455200195,45.92144775390625,279
2025-07-17T19:25:59.490927,3,18,[],93.01580810546875,40.429338455200195,45.92144775390625,279,93.01580810546875,0.0,45.92144775390625,279
2025-07-17T19:25:59.577841,4,18,[],93.01580810546875,0.0,45.92144775390625,279,93.01580810546875,40.429338455200195,45.92144775390625,279
2025-07-17T19:25:59.577926,4,18,[],93.01580810546875,40.429338455200195,45.92144775390625,279,93.01580810546875,0.0,45.92144775390625,279
2025-07-17T19:25:59.679849,0,19,[],93.01580810546875,40.429338455200195,45.92144775390625,279,93.01580810546875,0.0,45.92144775390625,279
2025-07-17T19:25:59.680926,0,19,[],93.01580810546875,0.0,45.92144775390625,279,93.01580810546875,40.429338455200195,45.92144775390625,279
2025-07-17T19:25:59.756321,1,19,[],93.01580810546875,0.0,45.92144775390625,279,93.01580810546875,40.429338455200195,45.92144775390625,279
2025-07-17T19:25:59.756409,1,19,[],93.01580810546875,40.429338455200195,45.92144775390625,279,93.01580810546875,0.0,45.92144775390625,279
2025-07-17T19:25:59.846416,2,19,[],93.01580810546875,0.0,45.92144775390625,279,93.01580810546875,40.429338455200195,45.92144775390625,279
2025-07-17T19:25:59.846676,2,19,[],93.01580810546875,40.429338455200195,45.92144775390625,279,93.01580810546875,0.0,45.92144775390625,279
2025-07-17T19:25:59.936080,3,19,[],93.01580810546875,40.429338455200195,45.92144775390625,279,93.01580810546875,0.0,45.92144775390625,279
2025-07-17T19:25:59.936206,3,19,[],93.01580810546875,0.0,45.92144775390625,279,93.01580810546875,40.429338455200195,45.92144775390625,279
2025-07-17T19:26:00.024043,4,19,[],93.01580810546875,0.0,45.92144775390625,279,93.01580810546875,40.429338455200195,45.92144775390625,279
2025-07-17T19:26:00.024174,4,19,[],93.01580810546875,40.429338455200195,45.92144775390625,279,93.01580810546875,0.0,45.92144775390625,279
2025-07-17T19:26:00.128381,0,20,[],93.01580810546875,0.0,45.92144775390625,279,93.01580810546875,40.429338455200195,45.92144775390625,279
2025-07-17T19:26:00.133310,0,20,[],93.01580810546875,40.429338455200195,45.92144775390625,279,93.01580810546875,0.0,45.92144775390625,279
2025-07-17T19:26:00.206256,1,20,[],93.01580810546875,0.0,45.92144775390625,279,93.01580810546875,40.429338455200195,45.92144775390625,279
2025-07-17T19:26:00.206266,1,20,[],93.01580810546875,40.429338455200195,45.92144775390625,279,93.01580810546875,0.0,45.92144775390625,279
2025-07-17T19:26:00.297158,2,20,[],93.01580810546875,0.0,45.92144775390625,279,93.01580810546875,40.429338455200195,45.92144775390625,279
2025-07-17T19:26:00.297275,2,20,[],93.01580810546875,40.429338455200195,45.92144775390625,279,93.01580810546875,0.0,45.92144775390625,279
2025-07-17T19:26:00.388242,3,20,[],93.01580810546875,40.429338455200195,45.92144775390625,279,93.01580810546875,0.0,45.92144775390625,279
2025-07-17T19:26:00.388257,3,20,[],93.01580810546875,0.0,45.92144775390625,279,93.01580810546875,40.429338455200195,45.92144775390625,279
2025-07-17T19:26:00.476766,4,20,[],93.01580810546875,0.0,45.92144775390625,279,93.01580810546875,40.429338455200195,45.92144775390625,279
2025-07-17T19:26:00.476849,4,20,[],93.01580810546875,40.429338455200195,45.92144775390625,279,93.01580810546875,0.0,45.92144775390625,279
2025-07-17T19:26:00.580446,0,21,[],93.01580810546875,40.429338455200195,45.92144775390625,279,93.01580810546875,0.0,45.92144775390625,279
2025-07-17T19:26:00.581690,0,21,[],93.01580810546875,0.0,45.92144775390625,279,93.01580810546875,40.429338455200195,45.92144775390625,279
2025-07-17T19:26:00.658308,1,21,[],93.01580810546875,0.0,45.92144775390625,279,93.01580810546875,40.429338455200195,45.92144775390625,279
2025-07-17T19:26:00.658279,1,21,[],93.01580810546875,40.429338455200195,45.92144775390625,279,93.01580810546875,0.0,45.92144775390625,279
2025-07-17T19:26:00.749006,2,21,[],93.01580810546875,0.0,45.92144775390625,279,93.01580810546875,40.429338455200195,45.92144775390625,279
2025-07-17T19:26:00.748987,2,21,[],93.01580810546875,40.429338455200195,45.92144775390625,279,93.01580810546875,0.0,45.92144775390625,279
2025-07-17T19:26:00.837765,3,21,[],93.01580810546875,0.0,45.92144775390625,279,93.01580810546875,40.429338455200195,45.92144775390625,279
2025-07-17T19:26:00.837773,3,21,[],93.01580810546875,40.429338455200195,45.92144775390625,279,93.01580810546875,0.0,45.92144775390625,279
2025-07-17T19:26:00.926697,4,21,[],93.01580810546875,0.0,45.92144775390625,279,93.01580810546875,40.429338455200195,45.92144775390625,279
2025-07-17T19:26:00.932651,4,21,[],93.01580810546875,40.429338455200195,45.92144775390625,279,93.01580810546875,0.0,45.92144775390625,279
2025-07-17T19:26:01.031186,0,22,[],93.01580810546875,40.429338455200195,45.92144775390625,279,93.01580810546875,0.0,45.92144775390625,279
2025-07-17T19:26:01.037705,0,22,[],93.01580810546875,0.0,45.92144775390625,279,93.01580810546875,40.429338455200195,45.92144775390625,279
2025-07-17T19:26:01.109936,1,22,[],93.01580810546875,40.429338455200195,45.92144775390625,279,93.01580810546875,0.0,45.92144775390625,279
2025-07-17T19:26:01.109944,1,22,[],93.01580810546875,0.0,45.92144775390625,279,93.01580810546875,40.429338455200195,45.92144775390625,279
2025-07-17T19:26:01.197695,2,22,[],93.01580810546875,0.0,45.92144775390625,279,93.01580810546875,40.429338455200195,45.92144775390625,279
2025-07-17T19:26:01.197625,2,22,[],93.01580810546875,40.429338455200195,45.92144775390625,279,93.01580810546875,0.0,45.92144775390625,279
2025-07-17T19:26:01.289182,3,22,[],93.01580810546875,0.0,45.92144775390625,279,93.01580810546875,40.429338455200195,45.92144775390625,279
2025-07-17T19:26:01.289197,3,22,[],93.01580810546875,40.429338455200195,45.92144775390625,279,93.01580810546875,0.0,45.92144775390625,279
2025-07-17T19:26:01.377609,4,22,[],93.01580810546875,40.429338455200195,45.92144775390625,279,93.01580810546875,0.0,45.92144775390625,279
2025-07-17T19:26:01.377748,4,22,[],93.01580810546875,0.0,45.92144775390625,279,93.01580810546875,40.429338455200195,45.92144775390625,279
2025-07-17T19:26:01.482777,0,23,[],93.01580810546875,40.429338455200195,45.92144775390625,279,93.01580810546875,0.0,45.92144775390625,279
2025-07-17T19:26:01.483785,0,23,[],93.01580810546875,0.0,45.92144775390625,279,93.01580810546875,40.429338455200195,45.92144775390625,279
2025-07-17T19:26:01.560053,1,23,[],93.01580810546875,0.0,45.92144775390625,279,93.01580810546875,40.429338455200195,45.92144775390625,279
2025-07-17T19:26:01.560018,1,23,[],93.01580810546875,40.429338455200195,45.92144775390625,279,93.01580810546875,0.0,45.92144775390625,279
2025-07-17T19:26:01.651677,2,23,[],93.01580810546875,0.0,45.92144775390625,279,93.01580810546875,40.429338455200195,45.92144775390625,279
2025-07-17T19:26:01.651685,2,23,[],93.01580810546875,40.429338455200195,45.92144775390625,279,93.01580810546875,0.0,45.92144775390625,279
2025-07-17T19:26:01.740700,3,23,[],93.01580810546875,0.0,45.92144775390625,279,93.01580810546875,40.429338455200195,45.92144775390625,279
2025-07-17T19:26:01.746626,3,23,[],93.01580810546875,40.429338455200195,45.92144775390625,279,93.01580810546875,0.0,45.92144775390625,279
2025-07-17T19:26:01.829442,4,23,[],93.01580810546875,40.429338455200195,45.92144775390625,279,93.01580810546875,0.0,45.92144775390625,279
2025-07-17T19:26:01.835506,4,23,[],93.01580810546875,0.0,45.92144775390625,279,93.01580810546875,40.429338455200195,45.92144775390625,279
2025-07-17T19:26:01.932044,0,24,[],93.01580810546875,40.429338455200195,45.92144775390625,279,93.01580810546875,0.0,45.92144775390625,279
2025-07-17T19:26:01.933053,0,24,[],93.01580810546875,0.0,45.92144775390625,279,93.01580810546875,40.429338455200195,45.92144775390625,279
2025-07-17T19:26:02.010711,1,24,[],93.01580810546875,40.429338455200195,45.92144775390625,279,93.01580810546875,0.0,45.92144775390625,279
2025-07-17T19:26:02.010614,1,24,[],93.01580810546875,0.0,45.92144775390625,279,93.01580810546875,40.429338455200195,45.92144775390625,279
2025-07-17T19:26:02.098160,2,24,[],93.01580810546875,0.0,45.92144775390625,279,93.01580810546875,40.429338455200195,45.92144775390625,279
2025-07-17T19:26:02.098329,2,24,[],93.01580810546875,40.429338455200195,45.92144775390625,279,93.01580810546875,0.0,45.92144775390625,279
2025-07-17T19:26:02.189235,3,24,[],93.01580810546875,0.0,45.92144775390625,279,93.01580810546875,40.429338455200195,45.92144775390625,279
2025-07-17T19:26:02.189389,3,24,[],93.01580810546875,40.429338455200195,45.92144775390625,279,93.01580810546875,0.0,45.92144775390625,279
2025-07-17T19:26:02.277259,4,24,[],93.01580810546875,0.0,45.92144775390625,279,93.01580810546875,40.429338455200195,45.92144775390625,279
2025-07-17T19:26:02.277352,4,24,[],93.01580810546875,40.429338455200195,45.92144775390625,279,93.01580810546875,0.0,45.92144775390625,279
2025-07-17T19:26:02.383256,0,25,[],93.01580810546875,40.429338455200195,45.92144775390625,279,93.01580810546875,0.0,45.92144775390625,279
2025-07-17T19:26:02.384520,0,25,[],93.01580810546875,0.0,45.92144775390625,279,93.01580810546875,40.429338455200195,45.92144775390625,279
2025-07-17T19:26:02.461039,1,25,[],93.01580810546875,0.0,45.92144775390625,279,93.01580810546875,40.429338455200195,45.92144775390625,279
2025-07-17T19:26:02.461051,1,25,[],93.01580810546875,40.429338455200195,45.92144775390625,279,93.01580810546875,0.0,45.92144775390625,279
2025-07-17T19:26:02.554810,2,25,[],93.01580810546875,0.0,45.92144775390625,279,93.01580810546875,40.429338455200195,45.92144775390625,279
2025-07-17T19:26:02.560638,2,25,[],93.01580810546875,40.429338455200195,45.92144775390625,279,93.01580810546875,0.0,45.92144775390625,279
2025-07-17T19:26:02.644419,3,25,[],93.01580810546875,40.429338455200195,45.92144775390625,279,93.01580810546875,0.0,45.92144775390625,279
2025-07-17T19:26:02.650305,3,25,[],93.01580810546875,0.0,45.92144775390625,279,93.01580810546875,40.429338455200195,45.92144775390625,279
2025-07-17T19:26:02.734173,4,25,[],93.01580810546875,0.0,45.92144775390625,279,93.01580810546875,40.429338455200195,45.92144775390625,279
2025-07-17T19:26:02.734417,4,25,[],93.01580810546875,40.429338455200195,45.92144775390625,279,93.01580810546875,0.0,45.92144775390625,279
2025-07-17T19:26:02.839001,0,26,[],93.01580810546875,40.429338455200195,45.92144775390625,279,93.01580810546875,0.0,45.92144775390625,279
2025-07-17T19:26:02.840324,0,26,[],93.01580810546875,0.0,45.92144775390625,279,93.01580810546875,40.429338455200195,45.92144775390625,279
2025-07-17T19:26:02.918374,1,26,[],93.01580810546875,0.0,45.92144775390625,279,93.01580810546875,40.429338455200195,45.92144775390625,279
2025-07-17T19:26:02.918386,1,26,[],93.01580810546875,40.429338455200195,45.92144775390625,279,93.01580810546875,0.0,45.92144775390625,279
2025-07-17T19:26:03.008651,2,26,[],93.01580810546875,40.429338455200195,45.92144775390625,279,93.01580810546875,0.0,45.92144775390625,279
2025-07-17T19:26:03.008822,2,26,[],93.01580810546875,0.0,45.92144775390625,279,93.01580810546875,40.429338455200195,45.92144775390625,279
2025-07-17T19:26:03.096583,3,26,[],93.01580810546875,40.429338455200195,45.92144775390625,279,93.01580810546875,0.0,45.92144775390625,279
2025-07-17T19:26:03.096863,3,26,[],93.01580810546875,0.0,45.92144775390625,279,93.01580810546875,40.429338455200195,45.92144775390625,279
2025-07-17T19:26:03.185391,4,26,[],93.01580810546875,40.429338455200195,45.92144775390625,279,93.01580810546875,0.0,45.92144775390625,279
2025-07-17T19:26:03.185516,4,26,[],93.01580810546875,0.0,45.92144775390625,279,93.01580810546875,40.429338455200195,45.92144775390625,279
2025-07-17T19:26:03.288828,0,27,[],93.01580810546875,40.429338455200195,45.92144775390625,279,93.01580810546875,0.0,45.92144775390625,279
2025-07-17T19:26:03.290020,0,27,[],93.01580810546875,0.0,45.92144775390625,279,93.01580810546875,40.429338455200195,45.92144775390625,279
2025-07-17T19:26:03.368612,1,27,[],93.01580810546875,0.0,45.92144775390625,279,93.01580810546875,40.429338455200195,45.92144775390625,279
2025-07-17T19:26:03.374486,1,27,[],93.01580810546875,40.429338455200195,45.92144775390625,279,93.01580810546875,0.0,45.92144775390625,279
2025-07-17T19:26:03.460963,2,27,[],93.01580810546875,40.429338455200195,45.92144775390625,279,93.01580810546875,0.0,45.92144775390625,279
2025-07-17T19:26:03.467180,2,27,[],93.01580810546875,0.0,45.92144775390625,279,93.01580810546875,40.429338455200195,45.92144775390625,279
2025-07-17T19:26:03.553557,3,27,[],93.01580810546875,0.0,45.92144775390625,279,93.01580810546875,40.429338455200195,45.92144775390625,279
2025-07-17T19:26:03.553508,3,27,[],93.01580810546875,40.429338455200195,45.92144775390625,279,93.01580810546875,0.0,45.92144775390625,279
2025-07-17T19:26:03.642679,4,27,[],93.01580810546875,40.429338455200195,45.92144775390625,279,93.01580810546875,0.0,45.92144775390625,279
2025-07-17T19:26:03.642695,4,27,[],93.01580810546875,0.0,45.92144775390625,279,93.01580810546875,40.429338455200195,45.92144775390625,279
2025-07-17T19:26:03.746365,0,28,[],93.01580810546875,40.429338455200195,45.92144775390625,279,93.01580810546875,0.0,45.92144775390625,279
2025-07-17T19:26:03.747656,0,28,[],93.01580810546875,0.0,45.92144775390625,279,93.01580810546875,40.429338455200195,45.92144775390625,279
2025-07-17T19:26:03.824450,1,28,[],93.01580810546875,0.0,45.92144775390625,279,93.01580810546875,40.429338455200195,45.92144775390625,279
2025-07-17T19:26:03.824425,1,28,[],93.01580810546875,40.429338455200195,45.92144775390625,279,93.01580810546875,0.0,45.92144775390625,279
2025-07-17T19:26:03.915631,2,28,[],93.01580810546875,40.429338455200195,45.92144775390625,279,93.01580810546875,0.0,45.92144775390625,279
2025-07-17T19:26:03.915577,2,28,[],93.01580810546875,0.0,45.92144775390625,279,93.01580810546875,40.429338455200195,45.92144775390625,279
2025-07-17T19:26:04.004955,3,28,[],93.01580810546875,0.0,45.92144775390625,279,93.01580810546875,40.429338455200195,45.92144775390625,279
2025-07-17T19:26:04.005033,3,28,[],93.01580810546875,40.429338455200195,45.92144775390625,279,93.01580810546875,0.0,45.92144775390625,279
2025-07-17T19:26:04.091704,4,28,[],93.01580810546875,40.429338455200195,45.92144775390625,279,93.01580810546875,0.0,45.92144775390625,279
2025-07-17T19:26:04.091758,4,28,[],93.01580810546875,0.0,45.92144775390625,279,93.01580810546875,40.429338455200195,45.92144775390625,279
2025-07-17T19:26:04.193391,0,29,[],93.01580810546875,40.429338455200195,45.92144775390625,279,93.01580810546875,0.0,45.92144775390625,279
2025-07-17T19:26:04.194425,0,29,[],93.01580810546875,0.0,45.92144775390625,279,93.01580810546875,40.429338455200195,45.92144775390625,279
2025-07-17T19:26:04.272198,1,29,[],93.01580810546875,40.429338455200195,45.92144775390625,279,93.01580810546875,0.0,45.92144775390625,279
2025-07-17T19:26:04.278102,1,29,[],93.01580810546875,0.0,45.92144775390625,279,93.01580810546875,40.429338455200195,45.92144775390625,279
2025-07-17T19:26:04.363246,2,29,[],93.01580810546875,40.429338455200195,45.92144775390625,279,93.01580810546875,0.0,45.92144775390625,279
2025-07-17T19:26:04.363398,2,29,[],93.01580810546875,0.0,45.92144775390625,279,93.01580810546875,40.429338455200195,45.92144775390625,279
2025-07-17T19:26:04.455158,3,29,[],93.01580810546875,40.429338455200195,45.92144775390625,279,93.01580810546875,0.0,45.92144775390625,279
2025-07-17T19:26:04.455125,3,29,[],93.01580810546875,0.0,45.92144775390625,279,93.01580810546875,40.429338455200195,45.92144775390625,279
2025-07-17T19:26:04.545831,4,29,[],93.01580810546875,0.0,45.92144775390625,279,93.01580810546875,40.429338455200195,45.92144775390625,279
2025-07-17T19:26:04.545840,4,29,[],93.01580810546875,40.429338455200195,45.92144775390625,279,93.01580810546875,0.0,45.92144775390625,279
2025-07-17T19:26:04.651970,0,30,[],93.01580810546875,40.429338455200195,45.92144775390625,279,93.01580810546875,0.0,45.92144775390625,279
2025-07-17T19:26:04.653348,0,30,[],93.01580810546875,0.0,45.92144775390625,279,93.01580810546875,40.429338455200195,45.92144775390625,279
2025-07-17T19:26:04.731364,1,30,[],93.01580810546875,0.0,45.92144775390625,279,93.01580810546875,40.429338455200195,45.92144775390625,279
2025-07-17T19:26:04.731404,1,30,[],93.01580810546875,40.429338455200195,45.92144775390625,279,93.01580810546875,0.0,45.92144775390625,279
2025-07-17T19:26:04.822640,2,30,[],93.01580810546875,0.0,45.92144775390625,279,93.01580810546875,40.429338455200195,45.92144775390625,279
2025-07-17T19:26:04.822795,2,30,[],93.01580810546875,40.429338455200195,45.92144775390625,279,93.01580810546875,0.0,45.92144775390625,279
2025-07-17T19:26:04.912279,3,30,[],93.01580810546875,40.429338455200195,45.92144775390625,279,93.01580810546875,0.0,45.92144775390625,279
2025-07-17T19:26:04.912272,3,30,[],93.01580810546875,0.0,45.92144775390625,279,93.01580810546875,40.429338455200195,45.92144775390625,279
2025-07-17T19:26:04.999050,4,30,[],93.01580810546875,40.429338455200195,45.92144775390625,279,93.01580810546875,0.0,45.92144775390625,279
2025-07-17T19:26:04.999281,4,30,[],93.01580810546875,0.0,45.92144775390625,279,93.01580810546875,40.429338455200195,45.92144775390625,279
2025-07-17T19:26:05.100258,0,31,[],93.01580810546875,40.429338455200195,45.92144775390625,279,93.01580810546875,0.0,45.92144775390625,279
2025-07-17T19:26:05.101479,0,31,[],93.01580810546875,0.0,45.92144775390625,279,93.01580810546875,40.429338455200195,45.92144775390625,279
2025-07-17T19:26:05.268279,1,31,[],93.01580810546875,40.165666580200195,45.92144775390625,279,93.01580810546875,0.0,45.92144775390625,279
2025-07-17T19:26:05.268493,1,31,[],93.01580810546875,0.0,45.92144775390625,279,93.01580810546875,40.165666580200195,45.92144775390625,279
2025-07-17T19:26:05.365208,2,31,[],93.01580810546875,39.901994705200195,45.92144775390625,279,93.01580810546875,0.0,45.92144775390625,279
2025-07-17T19:26:05.365389,2,31,[],93.01580810546875,0.0,45.92144775390625,279,93.01580810546875,39.901994705200195,45.92144775390625,279
2025-07-17T19:26:05.464288,3,31,[],93.01580810546875,39.638322830200195,45.92144775390625,279,93.01580810546875,0.0,45.92144775390625,279
2025-07-17T19:26:05.464501,3,31,[],93.01580810546875,0.0,45.92144775390625,279,93.01580810546875,39.638322830200195,45.92144775390625,279
2025-07-17T19:26:05.565113,4,31,[],93.01580810546875,0.0,45.92144775390625,279,93.01580810546875,39.375139236450195,45.92144775390625,279
2025-07-17T19:26:05.564939,4,31,[],93.01580810546875,39.375139236450195,45.92144775390625,279,93.01580810546875,0.0,45.92144775390625,279
2025-07-17T19:26:38.013731,0,0,[],93.01580810546875,38.770198345184326,52.27691650390625,318,93.01580810546875,0.0,52.27691650390625,318
2025-07-17T19:26:38.053994,0,0,[],93.01580810546875,0.0,51.91754150390625,316,93.01580810546875,38.770198345184326,52.27691650390625,318
2025-07-17T19:26:38.070903,0,1,[],93.01580810546875,38.813167095184326,51.91754150390625,316,93.01580810546875,0.0,51.91754150390625,316
2025-07-17T19:26:38.072117,0,1,[],93.01580810546875,0.0,51.91754150390625,316,93.01580810546875,38.813167095184326,51.91754150390625,316
2025-07-17T19:26:38.086196,0,2,[],93.01580810546875,38.813167095184326,51.91754150390625,316,93.01580810546875,0.0,51.91754150390625,316
2025-07-17T19:26:38.087619,0,2,[],93.01580810546875,0.0,51.91754150390625,316,93.01580810546875,38.813167095184326,51.91754150390625,316
2025-07-17T19:26:38.101900,0,3,[],93.01580810546875,38.813167095184326,51.91754150390625,316,93.01580810546875,0.0,51.91754150390625,316
2025-07-17T19:26:38.103018,0,3,[],93.01580810546875,0.0,51.91754150390625,316,93.01580810546875,38.813167095184326,51.91754150390625,316
2025-07-17T19:26:38.116986,0,4,[],93.01580810546875,38.813167095184326,51.91754150390625,316,93.01580810546875,0.0,51.91754150390625,316
2025-07-17T19:26:38.118196,0,4,[],93.01580810546875,0.0,51.91754150390625,316,93.01580810546875,38.813167095184326,51.91754150390625,316
2025-07-17T19:26:38.129511,0,5,[],93.01580810546875,38.813167095184326,51.91754150390625,316,93.01580810546875,0.0,51.91754150390625,316
2025-07-17T19:26:38.131006,0,5,[],93.01580810546875,0.0,51.91754150390625,316,93.01580810546875,38.813167095184326,51.91754150390625,316
2025-07-17T19:26:38.139752,0,6,[],93.01580810546875,38.813167095184326,51.91754150390625,316,93.01580810546875,0.0,51.91754150390625,316
2025-07-17T19:26:38.141565,0,6,[],93.01580810546875,0.0,51.91754150390625,316,93.01580810546875,38.813167095184326,51.91754150390625,316
2025-07-17T19:26:38.149796,0,7,[],93.01580810546875,38.813167095184326,51.91754150390625,316,93.01580810546875,0.0,51.91754150390625,316
2025-07-17T19:26:38.152056,0,7,[],93.01580810546875,0.0,51.91754150390625,316,93.01580810546875,38.813167095184326,51.91754150390625,316
2025-07-17T19:26:38.159843,0,8,[],93.01580810546875,38.813167095184326,51.91754150390625,316,93.01580810546875,0.0,51.91754150390625,316
2025-07-17T19:26:38.162511,0,8,[],93.01580810546875,0.0,51.91754150390625,316,93.01580810546875,38.813167095184326,51.91754150390625,316
2025-07-17T19:26:38.170240,0,9,[],93.01580810546875,38.813167095184326,51.91754150390625,316,93.01580810546875,0.0,51.91754150390625,316
2025-07-17T19:26:38.172965,0,9,[],93.01580810546875,0.0,51.91754150390625,316,93.01580810546875,38.813167095184326,51.91754150390625,316
2025-07-17T19:26:38.180866,0,10,[],93.01580810546875,38.813167095184326,51.91754150390625,316,93.01580810546875,0.0,51.91754150390625,316
2025-07-17T19:26:38.183459,0,10,[],93.01580810546875,0.0,51.91754150390625,316,93.01580810546875,38.813167095184326,51.91754150390625,316
2025-07-17T19:26:38.190985,0,11,[],93.01580810546875,38.813167095184326,51.91754150390625,316,93.01580810546875,0.0,51.91754150390625,316
2025-07-17T19:26:38.194510,0,11,[],93.01580810546875,0.0,51.91754150390625,316,93.01580810546875,38.813167095184326,51.91754150390625,316
2025-07-17T19:26:38.201029,0,12,[],93.01580810546875,38.813167095184326,51.91754150390625,316,93.01580810546875,0.0,51.91754150390625,316
2025-07-17T19:26:38.205265,0,12,[],93.01580810546875,0.0,51.91754150390625,316,93.01580810546875,38.813167095184326,51.91754150390625,316
2025-07-17T19:26:38.210516,0,13,[],93.01580810546875,38.813167095184326,51.91754150390625,316,93.01580810546875,0.0,51.91754150390625,316
2025-07-17T19:26:38.215879,0,13,[],93.01580810546875,0.0,51.87457275390625,316,93.01580810546875,38.813167095184326,51.91754150390625,316
2025-07-17T19:26:38.220986,0,14,[],93.01580810546875,38.812678813934326,51.87457275390625,316,93.01580810546875,0.0,51.91754150390625,316
2025-07-17T19:26:38.226938,0,14,[],93.01580810546875,0.0,51.87457275390625,316,93.01580810546875,38.813167095184326,51.91754150390625,316
2025-07-17T19:26:38.231367,0,15,[],93.01580810546875,38.813167095184326,51.87457275390625,316,93.01580810546875,0.0,51.91754150390625,316
2025-07-17T19:26:38.237422,0,15,[],93.01580810546875,0.0,51.87457275390625,316,93.01580810546875,38.813167095184326,51.91754150390625,316
2025-07-17T19:26:38.242427,0,16,[],93.01580810546875,38.813167095184326,51.87457275390625,316,93.01580810546875,0.0,51.91754150390625,316
2025-07-17T19:26:38.247894,0,16,[],93.01580810546875,0.0,51.87457275390625,316,93.01580810546875,38.813167095184326,51.91754150390625,316
2025-07-17T19:26:38.253035,0,17,[],93.01580810546875,38.812678813934326,51.87457275390625,316,93.01580810546875,0.0,51.91754150390625,316
2025-07-17T19:26:38.258376,0,17,[],93.01580810546875,0.0,51.87457275390625,316,93.01580810546875,38.813167095184326,51.91754150390625,316
2025-07-17T19:26:38.263327,0,18,[],93.01580810546875,38.813167095184326,51.87457275390625,316,93.01580810546875,0.0,51.91754150390625,316
2025-07-17T19:26:38.268881,0,18,[],93.01580810546875,0.0,51.87457275390625,316,93.01580810546875,38.813167095184326,51.91754150390625,316
2025-07-17T19:26:38.273942,0,19,[],93.01580810546875,38.813167095184326,51.87457275390625,316,93.01580810546875,0.0,51.91754150390625,316
2025-07-17T19:26:38.279367,0,19,[],93.01580810546875,0.0,51.87457275390625,316,93.01580810546875,38.813167095184326,51.91754150390625,316
2025-07-17T19:26:38.284430,0,20,[],93.01580810546875,38.812678813934326,51.87457275390625,316,93.01580810546875,0.0,51.91754150390625,316
2025-07-17T19:26:38.289886,0,20,[],93.01580810546875,0.0,51.87457275390625,316,93.01580810546875,38.813167095184326,51.91754150390625,316
2025-07-17T19:26:38.294944,0,21,[],93.01580810546875,38.813167095184326,51.87457275390625,316,93.01580810546875,0.0,51.91754150390625,316
2025-07-17T19:26:38.300743,0,21,[],93.01580810546875,0.0,51.87457275390625,316,93.01580810546875,38.813167095184326,51.91754150390625,316
2025-07-17T19:26:38.305856,0,22,[],93.01580810546875,38.813167095184326,51.87457275390625,316,93.01580810546875,0.0,51.91754150390625,316
2025-07-17T19:26:38.311233,0,22,[],93.01580810546875,0.0,51.87457275390625,316,93.01580810546875,38.813167095184326,51.91754150390625,316
2025-07-17T19:26:38.316296,0,23,[],93.01580810546875,38.812678813934326,51.87457275390625,316,93.01580810546875,0.0,51.91754150390625,316
2025-07-17T19:26:38.321684,0,23,[],93.01580810546875,0.0,51.87457275390625,316,93.01580810546875,38.813167095184326,51.91754150390625,316
2025-07-17T19:26:38.326846,0,24,[],93.01580810546875,38.813167095184326,51.87457275390625,316,93.01580810546875,0.0,51.91754150390625,316
2025-07-17T19:26:38.332068,0,24,[],93.01580810546875,0.0,51.87457275390625,316,93.01580810546875,38.813167095184326,51.91754150390625,316
2025-07-17T19:26:38.337060,0,25,[],93.01580810546875,38.813167095184326,51.87457275390625,316,93.01580810546875,0.0,51.91754150390625,316
2025-07-17T19:26:38.342492,0,25,[],93.01580810546875,0.0,51.87457275390625,316,93.01580810546875,38.813167095184326,51.91754150390625,316
2025-07-17T19:26:38.347514,0,26,[],93.01580810546875,38.812678813934326,51.87457275390625,316,93.01580810546875,0.0,51.91754150390625,316
2025-07-17T19:26:38.352929,0,26,[],93.01580810546875,0.0,51.87457275390625,316,93.01580810546875,38.813167095184326,51.91754150390625,316
2025-07-17T19:26:38.358014,0,27,[],93.01580810546875,38.813167095184326,51.87457275390625,316,93.01580810546875,0.0,51.91754150390625,316
2025-07-17T19:26:38.363265,0,27,[],93.01580810546875,0.0,51.87457275390625,316,93.01580810546875,38.813167095184326,51.91754150390625,316
2025-07-17T19:26:38.369267,0,28,[],93.01580810546875,38.813167095184326,51.87457275390625,316,93.01580810546875,0.0,51.91754150390625,316
2025-07-17T19:26:38.373827,0,28,[],93.01580810546875,0.0,51.87457275390625,316,93.01580810546875,38.813167095184326,51.91754150390625,316
2025-07-17T19:26:38.378884,0,29,[],93.01580810546875,38.812678813934326,51.87457275390625,316,93.01580810546875,0.0,51.91754150390625,316
2025-07-17T19:26:38.384170,0,29,[],93.01580810546875,0.0,51.87457275390625,316,93.01580810546875,38.813167095184326,51.91754150390625,316
2025-07-17T19:26:38.389499,0,30,[],93.01580810546875,38.813167095184326,51.87457275390625,316,93.01580810546875,0.0,51.91754150390625,316
2025-07-17T19:26:38.395110,0,30,[],93.01580810546875,0.0,51.87457275390625,316,93.01580810546875,38.813167095184326,51.91754150390625,316
2025-07-17T19:26:38.399634,0,31,[],93.01580810546875,38.813167095184326,51.87457275390625,316,93.01580810546875,0.0,51.91754150390625,316
2025-07-17T19:26:38.405239,0,31,[],93.01580810546875,0.0,51.87457275390625,316,93.01580810546875,38.813167095184326,51.91754150390625,316
2025-07-17T19:26:38.868911,0,0,[],93.01580810546875,38.847307205200195,52.18511962890625,318,93.01580810546875,0.0,52.18511962890625,318
2025-07-17T19:26:38.870781,0,0,[],93.01580810546875,0.0,51.45855712890625,313,93.01580810546875,38.847307205200195,52.18511962890625,318
2025-07-17T19:26:38.883958,1,0,[],93.01580810546875,0.0,47.76715087890625,291,93.01580810546875,39.110979080200195,47.76715087890625,291
2025-07-17T19:26:38.890859,1,0,[],93.01580810546875,39.110979080200195,47.76715087890625,291,93.01580810546875,0.0,47.23980712890625,287
2025-07-17T19:26:38.971247,2,0,[],93.01580810546875,39.374650955200195,47.23980712890625,287,93.01580810546875,0.0,47.23980712890625,287
2025-07-17T19:26:38.971302,2,0,[],93.01580810546875,0.0,47.23980712890625,287,93.01580810546875,39.374650955200195,47.23980712890625,287
2025-07-17T19:26:39.058531,3,0,[],93.01580810546875,39.638322830200195,46.71246337890625,284,93.01580810546875,0.0,46.71246337890625,284
2025-07-17T19:26:39.058693,3,0,[],93.01580810546875,0.0,46.71246337890625,284,93.01580810546875,39.638322830200195,46.71246337890625,284
2025-07-17T19:26:39.143251,4,0,[],93.01580810546875,39.901506423950195,46.71246337890625,284,93.01580810546875,0.0,46.71246337890625,284
2025-07-17T19:26:39.143249,4,0,[],93.01580810546875,0.0,46.71246337890625,284,93.01580810546875,39.901506423950195,46.71246337890625,284
2025-07-17T19:26:39.244928,0,1,[],93.01580810546875,40.429338455200195,45.92144775390625,279,93.01580810546875,0.0,45.92144775390625,279
2025-07-17T19:26:39.246491,0,1,[],93.01580810546875,0.0,45.92144775390625,279,93.01580810546875,40.429338455200195,45.92144775390625,279
2025-07-17T19:26:39.313705,1,1,[],93.01580810546875,40.429338455200195,45.92144775390625,279,93.01580810546875,0.0,45.92144775390625,279
2025-07-17T19:26:39.319791,1,1,[],93.01580810546875,0.0,45.92144775390625,279,93.01580810546875,40.429338455200195,45.92144775390625,279
2025-07-17T19:26:39.397120,2,1,[],93.01580810546875,40.429338455200195,45.92144775390625,279,93.01580810546875,0.0,45.92144775390625,279
2025-07-17T19:26:39.397227,2,1,[],93.01580810546875,0.0,45.92144775390625,279,93.01580810546875,40.429338455200195,45.92144775390625,279
2025-07-17T19:26:39.480785,3,1,[],93.01580810546875,0.0,45.92144775390625,279,93.01580810546875,40.429338455200195,45.92144775390625,279
2025-07-17T19:26:39.480925,3,1,[],93.01580810546875,40.429338455200195,45.92144775390625,279,93.01580810546875,0.0,45.92144775390625,279
2025-07-17T19:26:39.564328,4,1,[],93.01580810546875,40.429338455200195,45.92144775390625,279,93.01580810546875,0.0,45.92144775390625,279
2025-07-17T19:26:39.564348,4,1,[],93.01580810546875,0.0,45.92144775390625,279,93.01580810546875,40.429338455200195,45.92144775390625,279
2025-07-17T19:26:39.661508,0,2,[],93.01580810546875,40.429338455200195,45.92144775390625,279,93.01580810546875,0.0,45.92144775390625,279
2025-07-17T19:26:39.662866,0,2,[],93.01580810546875,0.0,45.92144775390625,279,93.01580810546875,40.429338455200195,45.92144775390625,279
2025-07-17T19:26:39.740492,1,2,[],93.01580810546875,0.0,45.92144775390625,279,93.01580810546875,40.429338455200195,45.92144775390625,279
2025-07-17T19:26:39.740517,1,2,[],93.01580810546875,40.429338455200195,45.92144775390625,279,93.01580810546875,0.0,45.92144775390625,279
2025-07-17T19:26:39.837806,2,2,[],93.01580810546875,0.0,45.92144775390625,279,93.01580810546875,40.429338455200195,45.92144775390625,279
2025-07-17T19:26:39.837777,2,2,[],93.01580810546875,40.429338455200195,45.92144775390625,279,93.01580810546875,0.0,45.92144775390625,279
2025-07-17T19:26:39.936795,3,2,[],93.01580810546875,40.429338455200195,45.92144775390625,279,93.01580810546875,0.0,45.92144775390625,279
2025-07-17T19:26:39.937014,3,2,[],93.01580810546875,0.0,45.92144775390625,279,93.01580810546875,40.429338455200195,45.92144775390625,279
2025-07-17T19:26:40.032738,4,2,[],93.01580810546875,40.429338455200195,45.92144775390625,279,93.01580810546875,0.0,45.92144775390625,279
2025-07-17T19:26:40.032756,4,2,[],93.01580810546875,0.0,45.92144775390625,279,93.01580810546875,40.429338455200195,45.92144775390625,279
2025-07-17T19:26:40.136855,0,3,[],93.01580810546875,40.429338455200195,45.92144775390625,279,93.01580810546875,0.0,45.92144775390625,279
2025-07-17T19:26:40.138136,0,3,[],93.01580810546875,0.0,45.92144775390625,279,93.01580810546875,40.429338455200195,45.92144775390625,279
2025-07-17T19:26:40.214273,1,3,[],93.01580810546875,40.429338455200195,45.92144775390625,279,93.01580810546875,0.0,45.92144775390625,279
2025-07-17T19:26:40.214304,1,3,[],93.01580810546875,0.0,45.92144775390625,279,93.01580810546875,40.429338455200195,45.92144775390625,279
2025-07-17T19:26:40.300626,2,3,[],93.01580810546875,0.0,45.92144775390625,279,93.01580810546875,40.429338455200195,45.92144775390625,279
2025-07-17T19:26:40.300604,2,3,[],93.01580810546875,40.429338455200195,45.92144775390625,279,93.01580810546875,0.0,45.92144775390625,279
2025-07-17T19:26:40.385397,3,3,[],93.01580810546875,40.429338455200195,45.92144775390625,279,93.01580810546875,0.0,45.92144775390625,279
2025-07-17T19:26:40.385473,3,3,[],93.01580810546875,0.0,45.92144775390625,279,93.01580810546875,40.429338455200195,45.92144775390625,279
2025-07-17T19:26:40.468655,4,3,[],93.01580810546875,0.0,45.92144775390625,279,93.01580810546875,40.429338455200195,45.92144775390625,279
2025-07-17T19:26:40.468750,4,3,[],93.01580810546875,40.429338455200195,45.92144775390625,279,93.01580810546875,0.0,45.92144775390625,279
2025-07-17T19:26:40.565924,0,4,[],93.01580810546875,40.429338455200195,45.92144775390625,279,93.01580810546875,0.0,45.92144775390625,279
2025-07-17T19:26:40.566956,0,4,[],93.01580810546875,0.0,45.92144775390625,279,93.01580810546875,40.429338455200195,45.92144775390625,279
2025-07-17T19:26:40.639957,1,4,[],93.01580810546875,0.0,45.92144775390625,279,93.01580810546875,40.429338455200195,45.92144775390625,279
2025-07-17T19:26:40.640079,1,4,[],93.01580810546875,40.429338455200195,45.92144775390625,279,93.01580810546875,0.0,45.92144775390625,279
2025-07-17T19:26:40.730067,2,4,[],93.01580810546875,40.429338455200195,45.92144775390625,279,93.01580810546875,0.0,45.92144775390625,279
2025-07-17T19:26:40.730257,2,4,[],93.01580810546875,0.0,45.92144775390625,279,93.01580810546875,40.429338455200195,45.92144775390625,279
2025-07-17T19:26:40.824372,3,4,[],93.01580810546875,40.429338455200195,45.92144775390625,279,93.01580810546875,0.0,45.92144775390625,279
2025-07-17T19:26:40.824556,3,4,[],93.01580810546875,0.0,45.92144775390625,279,93.01580810546875,40.429338455200195,45.92144775390625,279
2025-07-17T19:26:40.917064,4,4,[],93.01580810546875,40.429338455200195,45.92144775390625,279,93.01580810546875,0.0,45.92144775390625,279
2025-07-17T19:26:40.917044,4,4,[],93.01580810546875,0.0,45.92144775390625,279,93.01580810546875,40.429338455200195,45.92144775390625,279
2025-07-17T19:26:41.024677,0,5,[],93.01580810546875,40.429338455200195,45.92144775390625,279,93.01580810546875,0.0,45.92144775390625,279
2025-07-17T19:26:41.025771,0,5,[],93.01580810546875,0.0,45.92144775390625,279,93.01580810546875,40.429338455200195,45.92144775390625,279
2025-07-17T19:26:41.102418,1,5,[],93.01580810546875,0.0,45.92144775390625,279,93.01580810546875,40.429338455200195,45.92144775390625,279
2025-07-17T19:26:41.102549,1,5,[],93.01580810546875,40.429338455200195,45.92144775390625,279,93.01580810546875,0.0,45.92144775390625,279
2025-07-17T19:26:41.192735,2,5,[],93.01580810546875,40.429338455200195,45.92144775390625,279,93.01580810546875,0.0,45.92144775390625,279
2025-07-17T19:26:41.192882,2,5,[],93.01580810546875,0.0,45.92144775390625,279,93.01580810546875,40.429338455200195,45.92144775390625,279
2025-07-17T19:26:41.278380,3,5,[],93.01580810546875,0.0,45.92144775390625,279,93.01580810546875,40.429338455200195,45.92144775390625,279
2025-07-17T19:26:41.278584,3,5,[],93.01580810546875,40.429338455200195,45.92144775390625,279,93.01580810546875,0.0,45.92144775390625,279
2025-07-17T19:26:41.362970,4,5,[],93.01580810546875,40.429338455200195,45.92144775390625,279,93.01580810546875,0.0,45.92144775390625,279
2025-07-17T19:26:41.362955,4,5,[],93.01580810546875,0.0,45.92144775390625,279,93.01580810546875,40.429338455200195,45.92144775390625,279
2025-07-17T19:26:41.461209,0,6,[],93.01580810546875,40.429338455200195,45.92144775390625,279,93.01580810546875,0.0,45.92144775390625,279
2025-07-17T19:26:41.462640,0,6,[],93.01580810546875,0.0,45.92144775390625,279,93.01580810546875,40.429338455200195,45.92144775390625,279
2025-07-17T19:26:41.534097,1,6,[],93.01580810546875,0.0,45.92144775390625,279,93.01580810546875,40.429338455200195,45.92144775390625,279
2025-07-17T19:26:41.534179,1,6,[],93.01580810546875,40.429338455200195,45.92144775390625,279,93.01580810546875,0.0,45.92144775390625,279
2025-07-17T19:26:41.621956,2,6,[],93.01580810546875,0.0,45.92144775390625,279,93.01580810546875,40.429338455200195,45.92144775390625,279
2025-07-17T19:26:41.622000,2,6,[],93.01580810546875,40.429338455200195,45.92144775390625,279,93.01580810546875,0.0,45.92144775390625,279
2025-07-17T19:26:41.711960,3,6,[],93.01580810546875,0.0,45.92144775390625,279,93.01580810546875,40.429338455200195,45.92144775390625,279
2025-07-17T19:26:41.712059,3,6,[],93.01580810546875,40.429338455200195,45.92144775390625,279,93.01580810546875,0.0,45.92144775390625,279
2025-07-17T19:26:41.800615,4,6,[],93.01580810546875,0.0,45.92144775390625,279,93.01580810546875,40.429338455200195,45.92144775390625,279
2025-07-17T19:26:41.800681,4,6,[],93.01580810546875,40.429338455200195,45.92144775390625,279,93.01580810546875,0.0,45.92144775390625,279
2025-07-17T19:26:41.905907,0,7,[],93.01580810546875,40.429338455200195,45.92144775390625,279,93.01580810546875,0.0,45.92144775390625,279
2025-07-17T19:26:41.907237,0,7,[],93.01580810546875,0.0,45.92144775390625,279,93.01580810546875,40.429338455200195,45.92144775390625,279
2025-07-17T19:26:41.985568,1,7,[],93.01580810546875,0.0,45.92144775390625,279,93.01580810546875,40.429338455200195,45.92144775390625,279
2025-07-17T19:26:41.985656,1,7,[],93.01580810546875,40.429338455200195,45.92144775390625,279,93.01580810546875,0.0,45.92144775390625,279
2025-07-17T19:26:42.077975,2,7,[],93.01580810546875,40.429338455200195,45.92144775390625,279,93.01580810546875,0.0,45.92144775390625,279
2025-07-17T19:26:42.078155,2,7,[],93.01580810546875,0.0,45.92144775390625,279,93.01580810546875,40.429338455200195,45.92144775390625,279
2025-07-17T19:26:42.167319,3,7,[],93.01580810546875,40.429338455200195,45.92144775390625,279,93.01580810546875,0.0,45.92144775390625,279
2025-07-17T19:26:42.167391,3,7,[],93.01580810546875,0.0,45.92144775390625,279,93.01580810546875,40.429338455200195,45.92144775390625,279
2025-07-17T19:26:42.255737,4,7,[],93.01580810546875,40.429338455200195,45.92144775390625,279,93.01580810546875,0.0,45.92144775390625,279
2025-07-17T19:26:42.255855,4,7,[],93.01580810546875,0.0,45.92144775390625,279,93.01580810546875,40.429338455200195,45.92144775390625,279
2025-07-17T19:26:42.355254,0,8,[],93.01580810546875,40.429338455200195,45.92144775390625,279,93.01580810546875,0.0,45.92144775390625,279
2025-07-17T19:26:42.356554,0,8,[],93.01580810546875,0.0,45.92144775390625,279,93.01580810546875,40.429338455200195,45.92144775390625,279
2025-07-17T19:26:42.429770,1,8,[],93.01580810546875,0.0,45.92144775390625,279,93.01580810546875,40.429338455200195,45.92144775390625,279
2025-07-17T19:26:42.429781,1,8,[],93.01580810546875,40.429338455200195,45.92144775390625,279,93.01580810546875,0.0,45.92144775390625,279
2025-07-17T19:26:42.518008,2,8,[],93.01580810546875,0.0,45.92144775390625,279,93.01580810546875,40.429338455200195,45.92144775390625,279
2025-07-17T19:26:42.518126,2,8,[],93.01580810546875,40.429338455200195,45.92144775390625,279,93.01580810546875,0.0,45.92144775390625,279
2025-07-17T19:26:42.605412,3,8,[],93.01580810546875,0.0,45.92144775390625,279,93.01580810546875,40.429338455200195,45.92144775390625,279
2025-07-17T19:26:42.605419,3,8,[],93.01580810546875,40.429338455200195,45.92144775390625,279,93.01580810546875,0.0,45.92144775390625,279
2025-07-17T19:26:42.691520,4,8,[],93.01580810546875,40.429338455200195,45.92144775390625,279,93.01580810546875,0.0,45.92144775390625,279
2025-07-17T19:26:42.691624,4,8,[],93.01580810546875,0.0,45.92144775390625,279,93.01580810546875,40.429338455200195,45.92144775390625,279
2025-07-17T19:26:42.794787,0,9,[],93.01580810546875,0.0,45.92144775390625,279,93.01580810546875,40.429338455200195,45.92144775390625,279
2025-07-17T19:26:42.799695,0,9,[],93.01580810546875,40.429338455200195,45.92144775390625,279,93.01580810546875,0.0,45.92144775390625,279
2025-07-17T19:26:42.873313,1,9,[],93.01580810546875,0.0,45.92144775390625,279,93.01580810546875,40.429338455200195,45.92144775390625,279
2025-07-17T19:26:42.873297,1,9,[],93.01580810546875,40.429338455200195,45.92144775390625,279,93.01580810546875,0.0,45.92144775390625,279
2025-07-17T19:26:42.964897,2,9,[],93.01580810546875,0.0,45.92144775390625,279,93.01580810546875,40.429338455200195,45.92144775390625,279
2025-07-17T19:26:42.965001,2,9,[],93.01580810546875,40.429338455200195,45.92144775390625,279,93.01580810546875,0.0,45.92144775390625,279
2025-07-17T19:26:43.057382,3,9,[],93.01580810546875,0.0,45.92144775390625,279,93.01580810546875,40.429338455200195,45.92144775390625,279
2025-07-17T19:26:43.057509,3,9,[],93.01580810546875,40.429338455200195,45.92144775390625,279,93.01580810546875,0.0,45.92144775390625,279
2025-07-17T19:26:43.145588,4,9,[],93.01580810546875,40.429338455200195,45.92144775390625,279,93.01580810546875,0.0,45.92144775390625,279
2025-07-17T19:26:43.145645,4,9,[],93.01580810546875,0.0,45.92144775390625,279,93.01580810546875,40.429338455200195,45.92144775390625,279
2025-07-17T19:26:43.248161,0,10,[],93.01580810546875,40.429338455200195,45.92144775390625,279,93.01580810546875,0.0,45.92144775390625,279
2025-07-17T19:26:43.254485,0,10,[],93.01580810546875,0.0,45.92144775390625,279,93.01580810546875,40.429338455200195,45.92144775390625,279
2025-07-17T19:26:43.324626,1,10,[],93.01580810546875,0.0,45.92144775390625,279,93.01580810546875,40.429338455200195,45.92144775390625,279
2025-07-17T19:26:43.324670,1,10,[],93.01580810546875,40.429338455200195,45.92144775390625,279,93.01580810546875,0.0,45.92144775390625,279
2025-07-17T19:26:43.412836,2,10,[],93.01580810546875,0.0,45.92144775390625,279,93.01580810546875,40.429338455200195,45.92144775390625,279
2025-07-17T19:26:43.412896,2,10,[],93.01580810546875,40.429338455200195,45.92144775390625,279,93.01580810546875,0.0,45.92144775390625,279
2025-07-17T19:26:43.499086,3,10,[],93.01580810546875,40.429338455200195,45.92144775390625,279,93.01580810546875,0.0,45.92144775390625,279
2025-07-17T19:26:43.499223,3,10,[],93.01580810546875,0.0,45.92144775390625,279,93.01580810546875,40.429338455200195,45.92144775390625,279
2025-07-17T19:26:43.585605,4,10,[],93.01580810546875,0.0,45.92144775390625,279,93.01580810546875,40.429338455200195,45.92144775390625,279
2025-07-17T19:26:43.591658,4,10,[],93.01580810546875,40.429338455200195,45.92144775390625,279,93.01580810546875,0.0,45.92144775390625,279
2025-07-17T19:26:43.686595,0,11,[],93.01580810546875,40.429338455200195,45.92144775390625,279,93.01580810546875,0.0,45.92144775390625,279
2025-07-17T19:26:43.687837,0,11,[],93.01580810546875,0.0,45.92144775390625,279,93.01580810546875,40.429338455200195,45.92144775390625,279
2025-07-17T19:26:43.764788,1,11,[],93.01580810546875,0.0,45.92144775390625,279,93.01580810546875,40.429338455200195,45.92144775390625,279
2025-07-17T19:26:43.770498,1,11,[],93.01580810546875,40.429338455200195,45.92144775390625,279,93.01580810546875,0.0,45.92144775390625,279
2025-07-17T19:26:43.856608,2,11,[],93.01580810546875,40.429338455200195,45.92144775390625,279,93.01580810546875,0.0,45.92144775390625,279
2025-07-17T19:26:43.856796,2,11,[],93.01580810546875,0.0,45.92144775390625,279,93.01580810546875,40.429338455200195,45.92144775390625,279
2025-07-17T19:26:43.949108,3,11,[],93.01580810546875,0.0,45.92144775390625,279,93.01580810546875,40.429338455200195,45.92144775390625,279
2025-07-17T19:26:43.949117,3,11,[],93.01580810546875,40.429338455200195,45.92144775390625,279,93.01580810546875,0.0,45.92144775390625,279
2025-07-17T19:26:44.038670,4,11,[],93.01580810546875,40.429338455200195,45.92144775390625,279,93.01580810546875,0.0,45.92144775390625,279
2025-07-17T19:26:44.044723,4,11,[],93.01580810546875,0.0,45.92144775390625,279,93.01580810546875,40.429338455200195,45.92144775390625,279
2025-07-17T19:26:44.143030,0,12,[],93.01580810546875,40.429338455200195,45.92144775390625,279,93.01580810546875,0.0,45.92144775390625,279
2025-07-17T19:26:44.144448,0,12,[],93.01580810546875,0.0,45.92144775390625,279,93.01580810546875,40.429338455200195,45.92144775390625,279
2025-07-17T19:26:44.220590,1,12,[],93.01580810546875,0.0,45.92144775390625,279,93.01580810546875,40.429338455200195,45.92144775390625,279
2025-07-17T19:26:44.220634,1,12,[],93.01580810546875,40.429338455200195,45.92144775390625,279,93.01580810546875,0.0,45.92144775390625,279
2025-07-17T19:26:44.309816,2,12,[],93.01580810546875,40.429338455200195,45.92144775390625,279,93.01580810546875,0.0,45.92144775390625,279
2025-07-17T19:26:44.310082,2,12,[],93.01580810546875,0.0,45.92144775390625,279,93.01580810546875,40.429338455200195,45.92144775390625,279
2025-07-17T19:26:44.395292,3,12,[],93.01580810546875,0.0,45.92144775390625,279,93.01580810546875,40.429338455200195,45.92144775390625,279
2025-07-17T19:26:44.395296,3,12,[],93.01580810546875,40.429338455200195,45.92144775390625,279,93.01580810546875,0.0,45.92144775390625,279
2025-07-17T19:26:44.481352,4,12,[],93.01580810546875,40.429338455200195,45.92144775390625,279,93.01580810546875,0.0,45.92144775390625,279
2025-07-17T19:26:44.481370,4,12,[],93.01580810546875,0.0,45.92144775390625,279,93.01580810546875,40.429338455200195,45.92144775390625,279
2025-07-17T19:26:44.581559,0,13,[],93.01580810546875,40.429338455200195,45.92144775390625,279,93.01580810546875,0.0,45.92144775390625,279
2025-07-17T19:26:44.582932,0,13,[],93.01580810546875,0.0,45.92144775390625,279,93.01580810546875,40.429338455200195,45.92144775390625,279
2025-07-17T19:26:44.658870,1,13,[],93.01580810546875,40.429338455200195,45.92144775390625,279,93.01580810546875,0.0,45.92144775390625,279
2025-07-17T19:26:44.664762,1,13,[],93.01580810546875,0.0,45.92144775390625,279,93.01580810546875,40.429338455200195,45.92144775390625,279
2025-07-17T19:26:44.749658,2,13,[],93.01580810546875,40.429338455200195,45.92144775390625,279,93.01580810546875,0.0,45.92144775390625,279
2025-07-17T19:26:44.749877,2,13,[],93.01580810546875,0.0,45.92144775390625,279,93.01580810546875,40.429338455200195,45.92144775390625,279
2025-07-17T19:26:44.840386,3,13,[],93.01580810546875,40.429338455200195,45.92144775390625,279,93.01580810546875,0.0,45.92144775390625,279
2025-07-17T19:26:44.840379,3,13,[],93.01580810546875,0.0,45.92144775390625,279,93.01580810546875,40.429338455200195,45.92144775390625,279
2025-07-17T19:26:44.931262,4,13,[],93.01580810546875,0.0,45.92144775390625,279,93.01580810546875,40.429338455200195,45.92144775390625,279
2025-07-17T19:26:44.931440,4,13,[],93.01580810546875,40.429338455200195,45.92144775390625,279,93.01580810546875,0.0,45.92144775390625,279
2025-07-17T19:26:45.034327,0,14,[],93.01580810546875,40.429338455200195,45.92144775390625,279,93.01580810546875,0.0,45.92144775390625,279
2025-07-17T19:26:45.035243,0,14,[],93.01580810546875,0.0,45.92144775390625,279,93.01580810546875,40.429338455200195,45.92144775390625,279
2025-07-17T19:26:45.114622,1,14,[],93.01580810546875,0.0,45.92144775390625,279,93.01580810546875,40.429338455200195,45.92144775390625,279
2025-07-17T19:26:45.114558,1,14,[],93.01580810546875,40.429338455200195,45.92144775390625,279,93.01580810546875,0.0,45.92144775390625,279
2025-07-17T19:26:45.204116,2,14,[],93.01580810546875,0.0,45.92144775390625,279,93.01580810546875,40.429338455200195,45.92144775390625,279
2025-07-17T19:26:45.204110,2,14,[],93.01580810546875,40.429338455200195,45.92144775390625,279,93.01580810546875,0.0,45.92144775390625,279
2025-07-17T19:26:45.290957,3,14,[],93.01580810546875,0.0,45.92144775390625,279,93.01580810546875,40.429338455200195,45.92144775390625,279
2025-07-17T19:26:45.291109,3,14,[],93.01580810546875,40.429338455200195,45.92144775390625,279,93.01580810546875,0.0,45.92144775390625,279
2025-07-17T19:26:45.376871,4,14,[],93.01580810546875,0.0,45.92144775390625,279,93.01580810546875,40.429338455200195,45.92144775390625,279
2025-07-17T19:26:45.376884,4,14,[],93.01580810546875,40.429338455200195,45.92144775390625,279,93.01580810546875,0.0,45.92144775390625,279
2025-07-17T19:26:45.477205,0,15,[],93.01580810546875,40.429338455200195,45.92144775390625,279,93.01580810546875,0.0,45.92144775390625,279
2025-07-17T19:26:45.478294,0,15,[],93.01580810546875,0.0,45.92144775390625,279,93.01580810546875,40.429338455200195,45.92144775390625,279
2025-07-17T19:26:45.555188,1,15,[],93.01580810546875,0.0,45.92144775390625,279,93.01580810546875,40.429338455200195,45.92144775390625,279
2025-07-17T19:26:45.555260,1,15,[],93.01580810546875,40.429338455200195,45.92144775390625,279,93.01580810546875,0.0,45.92144775390625,279
2025-07-17T19:26:45.644664,2,15,[],93.01580810546875,40.429338455200195,45.92144775390625,279,93.01580810546875,0.0,45.92144775390625,279
2025-07-17T19:26:45.644719,2,15,[],93.01580810546875,0.0,45.92144775390625,279,93.01580810546875,40.429338455200195,45.92144775390625,279
2025-07-17T19:26:45.734660,3,15,[],93.01580810546875,40.429338455200195,45.92144775390625,279,93.01580810546875,0.0,45.92144775390625,279
2025-07-17T19:26:45.734639,3,15,[],93.01580810546875,0.0,45.92144775390625,279,93.01580810546875,40.429338455200195,45.92144775390625,279
2025-07-17T19:26:45.823416,4,15,[],93.01580810546875,0.0,45.92144775390625,279,93.01580810546875,40.429338455200195,45.92144775390625,279
2025-07-17T19:26:45.823570,4,15,[],93.01580810546875,40.429338455200195,45.92144775390625,279,93.01580810546875,0.0,45.92144775390625,279
2025-07-17T19:26:45.926363,0,16,[],93.01580810546875,40.429338455200195,45.92144775390625,279,93.01580810546875,0.0,45.92144775390625,279
2025-07-17T19:26:45.927538,0,16,[],93.01580810546875,0.0,45.92144775390625,279,93.01580810546875,40.429338455200195,45.92144775390625,279
2025-07-17T19:26:46.004569,1,16,[],93.01580810546875,0.0,45.92144775390625,279,93.01580810546875,40.429338455200195,45.92144775390625,279
2025-07-17T19:26:46.004605,1,16,[],93.01580810546875,40.429338455200195,45.92144775390625,279,93.01580810546875,0.0,45.92144775390625,279
2025-07-17T19:26:46.094663,2,16,[],93.01580810546875,0.0,45.92144775390625,279,93.01580810546875,40.429338455200195,45.92144775390625,279
2025-07-17T19:26:46.094835,2,16,[],93.01580810546875,40.429338455200195,45.92144775390625,279,93.01580810546875,0.0,45.92144775390625,279
2025-07-17T19:26:46.184264,3,16,[],93.01580810546875,40.429338455200195,45.92144775390625,279,93.01580810546875,0.0,45.92144775390625,279
2025-07-17T19:26:46.184289,3,16,[],93.01580810546875,0.0,45.92144775390625,279,93.01580810546875,40.429338455200195,45.92144775390625,279
2025-07-17T19:26:46.271063,4,16,[],93.01580810546875,40.429338455200195,45.92144775390625,279,93.01580810546875,0.0,45.92144775390625,279
2025-07-17T19:26:46.271144,4,16,[],93.01580810546875,0.0,45.92144775390625,279,93.01580810546875,40.429338455200195,45.92144775390625,279
2025-07-17T19:26:46.371549,0,17,[],93.01580810546875,40.429338455200195,45.92144775390625,279,93.01580810546875,0.0,45.92144775390625,279
2025-07-17T19:26:46.372585,0,17,[],93.01580810546875,0.0,45.92144775390625,279,93.01580810546875,40.429338455200195,45.92144775390625,279
2025-07-17T19:26:46.449097,1,17,[],93.01580810546875,0.0,45.92144775390625,279,93.01580810546875,40.429338455200195,45.92144775390625,279
2025-07-17T19:26:46.449058,1,17,[],93.01580810546875,40.429338455200195,45.92144775390625,279,93.01580810546875,0.0,45.92144775390625,279
2025-07-17T19:26:46.539005,2,17,[],93.01580810546875,0.0,45.92144775390625,279,93.01580810546875,40.429338455200195,45.92144775390625,279
2025-07-17T19:26:46.539015,2,17,[],93.01580810546875,40.429338455200195,45.92144775390625,279,93.01580810546875,0.0,45.92144775390625,279
2025-07-17T19:26:46.629641,3,17,[],93.01580810546875,0.0,45.92144775390625,279,93.01580810546875,40.429338455200195,45.92144775390625,279
2025-07-17T19:26:46.629674,3,17,[],93.01580810546875,40.429338455200195,45.92144775390625,279,93.01580810546875,0.0,45.92144775390625,279
2025-07-17T19:26:46.719704,4,17,[],93.01580810546875,0.0,45.92144775390625,279,93.01580810546875,40.429338455200195,45.92144775390625,279
2025-07-17T19:26:46.719817,4,17,[],93.01580810546875,40.429338455200195,45.92144775390625,279,93.01580810546875,0.0,45.92144775390625,279
2025-07-17T19:26:46.824764,0,18,[],93.01580810546875,40.429338455200195,45.92144775390625,279,93.01580810546875,0.0,45.92144775390625,279
2025-07-17T19:26:46.825998,0,18,[],93.01580810546875,0.0,45.92144775390625,279,93.01580810546875,40.429338455200195,45.92144775390625,279
2025-07-17T19:26:46.901707,1,18,[],93.01580810546875,0.0,45.92144775390625,279,93.01580810546875,40.429338455200195,45.92144775390625,279
2025-07-17T19:26:46.901632,1,18,[],93.01580810546875,40.429338455200195,45.92144775390625,279,93.01580810546875,0.0,45.92144775390625,279
2025-07-17T19:26:46.993113,2,18,[],93.01580810546875,0.0,45.92144775390625,279,93.01580810546875,40.429338455200195,45.92144775390625,279
2025-07-17T19:26:46.993109,2,18,[],93.01580810546875,40.429338455200195,45.92144775390625,279,93.01580810546875,0.0,45.92144775390625,279
2025-07-17T19:26:47.081854,3,18,[],93.01580810546875,0.0,45.92144775390625,279,93.01580810546875,40.429338455200195,45.92144775390625,279
2025-07-17T19:26:47.081959,3,18,[],93.01580810546875,40.429338455200195,45.92144775390625,279,93.01580810546875,0.0,45.92144775390625,279
2025-07-17T19:26:47.171429,4,18,[],93.01580810546875,0.0,45.92144775390625,279,93.01580810546875,40.429338455200195,45.92144775390625,279
2025-07-17T19:26:47.171554,4,18,[],93.01580810546875,40.429338455200195,45.92144775390625,279,93.01580810546875,0.0,45.92144775390625,279
2025-07-17T19:26:47.272548,0,19,[],93.01580810546875,40.429338455200195,45.92144775390625,279,93.01580810546875,0.0,45.92144775390625,279
2025-07-17T19:26:47.273603,0,19,[],93.01580810546875,0.0,45.92144775390625,279,93.01580810546875,40.429338455200195,45.92144775390625,279
2025-07-17T19:26:47.349510,1,19,[],93.01580810546875,0.0,45.92144775390625,279,93.01580810546875,40.429338455200195,45.92144775390625,279
2025-07-17T19:26:47.349499,1,19,[],93.01580810546875,40.429338455200195,45.92144775390625,279,93.01580810546875,0.0,45.92144775390625,279
2025-07-17T19:26:47.439495,2,19,[],93.01580810546875,0.0,45.92144775390625,279,93.01580810546875,40.429338455200195,45.92144775390625,279
2025-07-17T19:26:47.439592,2,19,[],93.01580810546875,40.429338455200195,45.92144775390625,279,93.01580810546875,0.0,45.92144775390625,279
2025-07-17T19:26:47.529829,3,19,[],93.01580810546875,0.0,45.92144775390625,279,93.01580810546875,40.429338455200195,45.92144775390625,279
2025-07-17T19:26:47.529844,3,19,[],93.01580810546875,40.429338455200195,45.92144775390625,279,93.01580810546875,0.0,45.92144775390625,279
2025-07-17T19:26:47.619234,4,19,[],93.01580810546875,0.0,45.92144775390625,279,93.01580810546875,40.429338455200195,45.92144775390625,279
2025-07-17T19:26:47.619400,4,19,[],93.01580810546875,40.429338455200195,45.92144775390625,279,93.01580810546875,0.0,45.92144775390625,279
2025-07-17T19:26:47.725242,0,20,[],93.01580810546875,0.0,45.92144775390625,279,93.01580810546875,40.429338455200195,45.92144775390625,279
2025-07-17T19:26:47.730241,0,20,[],93.01580810546875,40.429338455200195,45.92144775390625,279,93.01580810546875,0.0,45.92144775390625,279
2025-07-17T19:26:47.801693,1,20,[],93.01580810546875,0.0,45.92144775390625,279,93.01580810546875,40.429338455200195,45.92144775390625,279
2025-07-17T19:26:47.801707,1,20,[],93.01580810546875,40.429338455200195,45.92144775390625,279,93.01580810546875,0.0,45.92144775390625,279
2025-07-17T19:26:47.893121,2,20,[],93.01580810546875,40.429338455200195,45.92144775390625,279,93.01580810546875,0.0,45.92144775390625,279
2025-07-17T19:26:47.893268,2,20,[],93.01580810546875,0.0,45.92144775390625,279,93.01580810546875,40.429338455200195,45.92144775390625,279
2025-07-17T19:26:47.981214,3,20,[],93.01580810546875,40.429338455200195,45.92144775390625,279,93.01580810546875,0.0,45.92144775390625,279
2025-07-17T19:26:47.981305,3,20,[],93.01580810546875,0.0,45.92144775390625,279,93.01580810546875,40.429338455200195,45.92144775390625,279
2025-07-17T19:26:48.071163,4,20,[],93.01580810546875,0.0,45.92144775390625,279,93.01580810546875,40.429338455200195,45.92144775390625,279
2025-07-17T19:26:48.071268,4,20,[],93.01580810546875,40.429338455200195,45.92144775390625,279,93.01580810546875,0.0,45.92144775390625,279
2025-07-17T19:26:48.174131,0,21,[],93.01580810546875,40.429338455200195,45.92144775390625,279,93.01580810546875,0.0,45.92144775390625,279
2025-07-17T19:26:48.175054,0,21,[],93.01580810546875,0.0,45.92144775390625,279,93.01580810546875,40.429338455200195,45.92144775390625,279
2025-07-17T19:26:48.252817,1,21,[],93.01580810546875,0.0,45.92144775390625,279,93.01580810546875,40.429338455200195,45.92144775390625,279
2025-07-17T19:26:48.252894,1,21,[],93.01580810546875,40.429338455200195,45.92144775390625,279,93.01580810546875,0.0,45.92144775390625,279
2025-07-17T19:26:48.342097,2,21,[],93.01580810546875,0.0,45.92144775390625,279,93.01580810546875,40.429338455200195,45.92144775390625,279
2025-07-17T19:26:48.342132,2,21,[],93.01580810546875,40.429338455200195,45.92144775390625,279,93.01580810546875,0.0,45.92144775390625,279
2025-07-17T19:26:48.432084,3,21,[],93.01580810546875,40.429338455200195,45.92144775390625,279,93.01580810546875,0.0,45.92144775390625,279
2025-07-17T19:26:48.432216,3,21,[],93.01580810546875,0.0,45.92144775390625,279,93.01580810546875,40.429338455200195,45.92144775390625,279
2025-07-17T19:26:48.521904,4,21,[],93.01580810546875,0.0,45.92144775390625,279,93.01580810546875,40.429338455200195,45.92144775390625,279
2025-07-17T19:26:48.527750,4,21,[],93.01580810546875,40.429338455200195,45.92144775390625,279,93.01580810546875,0.0,45.92144775390625,279
2025-07-17T19:26:48.625196,0,22,[],93.01580810546875,40.429338455200195,45.92144775390625,279,93.01580810546875,0.0,45.92144775390625,279
2025-07-17T19:26:48.631452,0,22,[],93.01580810546875,0.0,45.92144775390625,279,93.01580810546875,40.429338455200195,45.92144775390625,279
2025-07-17T19:26:48.701385,1,22,[],93.01580810546875,0.0,45.92144775390625,279,93.01580810546875,40.429338455200195,45.92144775390625,279
2025-07-17T19:26:48.701447,1,22,[],93.01580810546875,40.429338455200195,45.92144775390625,279,93.01580810546875,0.0,45.92144775390625,279
2025-07-17T19:26:48.793080,2,22,[],93.01580810546875,0.0,45.92144775390625,279,93.01580810546875,40.429338455200195,45.92144775390625,279
2025-07-17T19:26:48.793018,2,22,[],93.01580810546875,40.429338455200195,45.92144775390625,279,93.01580810546875,0.0,45.92144775390625,279
2025-07-17T19:26:48.881230,3,22,[],93.01580810546875,0.0,45.92144775390625,279,93.01580810546875,40.429338455200195,45.92144775390625,279
2025-07-17T19:26:48.881433,3,22,[],93.01580810546875,40.429338455200195,45.92144775390625,279,93.01580810546875,0.0,45.92144775390625,279
2025-07-17T19:26:48.971988,4,22,[],93.01580810546875,40.429338455200195,45.92144775390625,279,93.01580810546875,0.0,45.92144775390625,279
2025-07-17T19:26:48.972110,4,22,[],93.01580810546875,0.0,45.92144775390625,279,93.01580810546875,40.429338455200195,45.92144775390625,279
2025-07-17T19:26:49.075210,0,23,[],93.01580810546875,40.429338455200195,45.92144775390625,279,93.01580810546875,0.0,45.92144775390625,279
2025-07-17T19:26:49.076235,0,23,[],93.01580810546875,0.0,45.92144775390625,279,93.01580810546875,40.429338455200195,45.92144775390625,279
2025-07-17T19:26:49.155692,1,23,[],93.01580810546875,0.0,45.92144775390625,279,93.01580810546875,40.429338455200195,45.92144775390625,279
2025-07-17T19:26:49.155706,1,23,[],93.01580810546875,40.429338455200195,45.92144775390625,279,93.01580810546875,0.0,45.92144775390625,279
2025-07-17T19:26:49.245966,2,23,[],93.01580810546875,0.0,45.92144775390625,279,93.01580810546875,40.429338455200195,45.92144775390625,279
2025-07-17T19:26:49.246112,2,23,[],93.01580810546875,40.429338455200195,45.92144775390625,279,93.01580810546875,0.0,45.92144775390625,279
2025-07-17T19:26:49.337454,3,23,[],93.01580810546875,0.0,45.92144775390625,279,93.01580810546875,40.429338455200195,45.92144775390625,279
2025-07-17T19:26:49.343320,3,23,[],93.01580810546875,40.429338455200195,45.92144775390625,279,93.01580810546875,0.0,45.92144775390625,279
2025-07-17T19:26:49.426376,4,23,[],93.01580810546875,40.429338455200195,45.92144775390625,279,93.01580810546875,0.0,45.92144775390625,279
2025-07-17T19:26:49.432598,4,23,[],93.01580810546875,0.0,45.92144775390625,279,93.01580810546875,40.429338455200195,45.92144775390625,279
2025-07-17T19:26:49.531510,0,24,[],93.01580810546875,40.429338455200195,45.92144775390625,279,93.01580810546875,0.0,45.92144775390625,279
2025-07-17T19:26:49.532492,0,24,[],93.01580810546875,0.0,45.92144775390625,279,93.01580810546875,40.429338455200195,45.92144775390625,279
2025-07-17T19:26:49.610091,1,24,[],93.01580810546875,0.0,45.92144775390625,279,93.01580810546875,40.429338455200195,45.92144775390625,279
2025-07-17T19:26:49.610137,1,24,[],93.01580810546875,40.429338455200195,45.92144775390625,279,93.01580810546875,0.0,45.92144775390625,279
2025-07-17T19:26:49.699089,2,24,[],93.01580810546875,0.0,45.92144775390625,279,93.01580810546875,40.429338455200195,45.92144775390625,279
2025-07-17T19:26:49.699070,2,24,[],93.01580810546875,40.429338455200195,45.92144775390625,279,93.01580810546875,0.0,45.92144775390625,279
2025-07-17T19:26:49.789957,3,24,[],93.01580810546875,40.429338455200195,45.92144775390625,279,93.01580810546875,0.0,45.92144775390625,279
2025-07-17T19:26:49.790111,3,24,[],93.01580810546875,0.0,45.92144775390625,279,93.01580810546875,40.429338455200195,45.92144775390625,279
2025-07-17T19:26:49.878967,4,24,[],93.01580810546875,40.429338455200195,45.92144775390625,279,93.01580810546875,0.0,45.92144775390625,279
2025-07-17T19:26:49.878977,4,24,[],93.01580810546875,0.0,45.92144775390625,279,93.01580810546875,40.429338455200195,45.92144775390625,279
2025-07-17T19:26:49.984735,0,25,[],93.01580810546875,40.429338455200195,45.92144775390625,279,93.01580810546875,0.0,45.92144775390625,279
2025-07-17T19:26:49.985857,0,25,[],93.01580810546875,0.0,45.92144775390625,279,93.01580810546875,40.429338455200195,45.92144775390625,279
2025-07-17T19:26:50.064250,1,25,[],93.01580810546875,0.0,45.92144775390625,279,93.01580810546875,40.429338455200195,45.92144775390625,279
2025-07-17T19:26:50.064216,1,25,[],93.01580810546875,40.429338455200195,45.92144775390625,279,93.01580810546875,0.0,45.92144775390625,279
2025-07-17T19:26:50.157878,2,25,[],93.01580810546875,0.0,45.92144775390625,279,93.01580810546875,40.429338455200195,45.92144775390625,279
2025-07-17T19:26:50.163773,2,25,[],93.01580810546875,40.429338455200195,45.92144775390625,279,93.01580810546875,0.0,45.92144775390625,279
2025-07-17T19:26:50.248614,3,25,[],93.01580810546875,40.429338455200195,45.92144775390625,279,93.01580810546875,0.0,45.92144775390625,279
2025-07-17T19:26:50.254410,3,25,[],93.01580810546875,0.0,45.92144775390625,279,93.01580810546875,40.429338455200195,45.92144775390625,279
2025-07-17T19:26:50.339256,4,25,[],93.01580810546875,40.429338455200195,45.92144775390625,279,93.01580810546875,0.0,45.92144775390625,279
2025-07-17T19:26:50.339302,4,25,[],93.01580810546875,0.0,45.92144775390625,279,93.01580810546875,40.429338455200195,45.92144775390625,279
2025-07-17T19:26:50.443243,0,26,[],93.01580810546875,40.429338455200195,45.92144775390625,279,93.01580810546875,0.0,45.92144775390625,279
2025-07-17T19:26:50.444606,0,26,[],93.01580810546875,0.0,45.92144775390625,279,93.01580810546875,40.429338455200195,45.92144775390625,279
2025-07-17T19:26:50.521233,1,26,[],93.01580810546875,0.0,45.92144775390625,279,93.01580810546875,40.429338455200195,45.92144775390625,279
2025-07-17T19:26:50.521268,1,26,[],93.01580810546875,40.429338455200195,45.92144775390625,279,93.01580810546875,0.0,45.92144775390625,279
2025-07-17T19:26:50.612203,2,26,[],93.01580810546875,0.0,45.92144775390625,279,93.01580810546875,40.429338455200195,45.92144775390625,279
2025-07-17T19:26:50.612293,2,26,[],93.01580810546875,40.429338455200195,45.92144775390625,279,93.01580810546875,0.0,45.92144775390625,279
2025-07-17T19:26:50.699669,3,26,[],93.01580810546875,0.0,45.92144775390625,279,93.01580810546875,40.429338455200195,45.92144775390625,279
2025-07-17T19:26:50.699813,3,26,[],93.01580810546875,40.429338455200195,45.92144775390625,279,93.01580810546875,0.0,45.92144775390625,279
2025-07-17T19:26:50.789884,4,26,[],93.01580810546875,40.429338455200195,45.92144775390625,279,93.01580810546875,0.0,45.92144775390625,279
2025-07-17T19:26:50.789964,4,26,[],93.01580810546875,0.0,45.92144775390625,279,93.01580810546875,40.429338455200195,45.92144775390625,279
2025-07-17T19:26:50.893047,0,27,[],93.01580810546875,40.429338455200195,45.92144775390625,279,93.01580810546875,0.0,45.92144775390625,279
2025-07-17T19:26:50.894122,0,27,[],93.01580810546875,0.0,45.92144775390625,279,93.01580810546875,40.429338455200195,45.92144775390625,279
2025-07-17T19:26:50.975070,1,27,[],93.01580810546875,0.0,45.92144775390625,279,93.01580810546875,40.429338455200195,45.92144775390625,279
2025-07-17T19:26:50.980835,1,27,[],93.01580810546875,40.429338455200195,45.92144775390625,279,93.01580810546875,0.0,45.92144775390625,279
2025-07-17T19:26:51.067437,2,27,[],93.01580810546875,40.429338455200195,45.92144775390625,279,93.01580810546875,0.0,45.92144775390625,279
2025-07-17T19:26:51.073434,2,27,[],93.01580810546875,0.0,45.92144775390625,279,93.01580810546875,40.429338455200195,45.92144775390625,279
2025-07-17T19:26:51.161189,3,27,[],93.01580810546875,0.0,45.92144775390625,279,93.01580810546875,40.429338455200195,45.92144775390625,279
2025-07-17T19:26:51.161254,3,27,[],93.01580810546875,40.429338455200195,45.92144775390625,279,93.01580810546875,0.0,45.92144775390625,279
2025-07-17T19:26:51.251198,4,27,[],93.01580810546875,0.0,45.92144775390625,279,93.01580810546875,40.429338455200195,45.92144775390625,279
2025-07-17T19:26:51.251218,4,27,[],93.01580810546875,40.429338455200195,45.92144775390625,279,93.01580810546875,0.0,45.92144775390625,279
2025-07-17T19:26:51.356131,0,28,[],93.01580810546875,40.429338455200195,45.92144775390625,279,93.01580810546875,0.0,45.92144775390625,279
2025-07-17T19:26:51.357263,0,28,[],93.01580810546875,0.0,45.92144775390625,279,93.01580810546875,40.429338455200195,45.92144775390625,279
2025-07-17T19:26:51.435102,1,28,[],93.01580810546875,0.0,45.92144775390625,279,93.01580810546875,40.429338455200195,45.92144775390625,279
2025-07-17T19:26:51.434998,1,28,[],93.01580810546875,40.429338455200195,45.92144775390625,279,93.01580810546875,0.0,45.92144775390625,279
2025-07-17T19:26:51.527254,2,28,[],93.01580810546875,0.0,45.92144775390625,279,93.01580810546875,40.429338455200195,45.92144775390625,279
2025-07-17T19:26:51.527282,2,28,[],93.01580810546875,40.429338455200195,45.92144775390625,279,93.01580810546875,0.0,45.92144775390625,279
2025-07-17T19:26:51.616679,3,28,[],93.01580810546875,40.429338455200195,45.92144775390625,279,93.01580810546875,0.0,45.92144775390625,279
2025-07-17T19:26:51.616867,3,28,[],93.01580810546875,0.0,45.92144775390625,279,93.01580810546875,40.429338455200195,45.92144775390625,279
2025-07-17T19:26:51.705030,4,28,[],93.01580810546875,40.429338455200195,45.92144775390625,279,93.01580810546875,0.0,45.92144775390625,279
2025-07-17T19:26:51.705104,4,28,[],93.01580810546875,0.0,45.92144775390625,279,93.01580810546875,40.429338455200195,45.92144775390625,279
2025-07-17T19:26:51.807338,0,29,[],93.01580810546875,40.429338455200195,45.92144775390625,279,93.01580810546875,0.0,45.92144775390625,279
2025-07-17T19:26:51.808370,0,29,[],93.01580810546875,0.0,45.92144775390625,279,93.01580810546875,40.429338455200195,45.92144775390625,279
2025-07-17T19:26:51.885761,1,29,[],93.01580810546875,40.429338455200195,45.92144775390625,279,93.01580810546875,0.0,45.92144775390625,279
2025-07-17T19:26:51.891597,1,29,[],93.01580810546875,0.0,45.92144775390625,279,93.01580810546875,40.429338455200195,45.92144775390625,279
2025-07-17T19:26:51.979700,2,29,[],93.01580810546875,40.429338455200195,45.92144775390625,279,93.01580810546875,0.0,45.92144775390625,279
2025-07-17T19:26:51.979915,2,29,[],93.01580810546875,0.0,45.92144775390625,279,93.01580810546875,40.429338455200195,45.92144775390625,279
2025-07-17T19:26:52.071765,3,29,[],93.01580810546875,40.429338455200195,45.92144775390625,279,93.01580810546875,0.0,45.92144775390625,279
2025-07-17T19:26:52.071879,3,29,[],93.01580810546875,0.0,45.92144775390625,279,93.01580810546875,40.429338455200195,45.92144775390625,279
2025-07-17T19:26:52.164205,4,29,[],93.01580810546875,0.0,45.92144775390625,279,93.01580810546875,40.429338455200195,45.92144775390625,279
2025-07-17T19:26:52.164334,4,29,[],93.01580810546875,40.429338455200195,45.92144775390625,279,93.01580810546875,0.0,45.92144775390625,279
2025-07-17T19:26:52.270684,0,30,[],93.01580810546875,40.429338455200195,45.92144775390625,279,93.01580810546875,0.0,45.92144775390625,279
2025-07-17T19:26:52.271930,0,30,[],93.01580810546875,0.0,45.92144775390625,279,93.01580810546875,40.429338455200195,45.92144775390625,279
2025-07-17T19:26:52.350407,1,30,[],93.01580810546875,0.0,45.92144775390625,279,93.01580810546875,40.429338455200195,45.92144775390625,279
2025-07-17T19:26:52.350427,1,30,[],93.01580810546875,40.429338455200195,45.92144775390625,279,93.01580810546875,0.0,45.92144775390625,279
2025-07-17T19:26:52.442336,2,30,[],93.01580810546875,0.0,45.92144775390625,279,93.01580810546875,40.429338455200195,45.92144775390625,279
2025-07-17T19:26:52.442416,2,30,[],93.01580810546875,40.429338455200195,45.92144775390625,279,93.01580810546875,0.0,45.92144775390625,279
2025-07-17T19:26:52.534476,3,30,[],93.01580810546875,40.429338455200195,45.92144775390625,279,93.01580810546875,0.0,45.92144775390625,279
2025-07-17T19:26:52.534619,3,30,[],93.01580810546875,0.0,45.92144775390625,279,93.01580810546875,40.429338455200195,45.92144775390625,279
2025-07-17T19:26:52.622481,4,30,[],93.01580810546875,0.0,45.92144775390625,279,93.01580810546875,40.429338455200195,45.92144775390625,279
2025-07-17T19:26:52.622486,4,30,[],93.01580810546875,40.429338455200195,45.92144775390625,279,93.01580810546875,0.0,45.92144775390625,279
2025-07-17T19:26:52.724364,0,31,[],93.01580810546875,40.429338455200195,45.92144775390625,279,93.01580810546875,0.0,45.92144775390625,279
2025-07-17T19:26:52.725657,0,31,[],93.01580810546875,0.0,45.92144775390625,279,93.01580810546875,40.429338455200195,45.92144775390625,279
2025-07-17T19:26:52.890746,1,31,[],93.01580810546875,40.165666580200195,45.92144775390625,279,93.01580810546875,0.0,45.92144775390625,279
2025-07-17T19:26:52.890906,1,31,[],93.01580810546875,0.0,45.92144775390625,279,93.01580810546875,40.165666580200195,45.92144775390625,279
2025-07-17T19:26:52.987230,2,31,[],93.01580810546875,0.0,45.92144775390625,279,93.01580810546875,39.901994705200195,45.92144775390625,279
2025-07-17T19:26:52.987157,2,31,[],93.01580810546875,39.901994705200195,45.92144775390625,279,93.01580810546875,0.0,45.92144775390625,279
2025-07-17T19:26:53.086595,3,31,[],93.01580810546875,39.638322830200195,45.92144775390625,279,93.01580810546875,0.0,45.92144775390625,279
2025-07-17T19:26:53.086658,3,31,[],93.01580810546875,0.0,45.92144775390625,279,93.01580810546875,39.638322830200195,45.92144775390625,279
2025-07-17T19:26:53.186403,4,31,[],93.01580810546875,0.0,45.92144775390625,279,93.01580810546875,39.375139236450195,45.92144775390625,279
2025-07-17T19:26:53.186404,4,31,[],93.01580810546875,39.375139236450195,45.92144775390625,279,93.01580810546875,0.0,45.92144775390625,279
2025-07-17T19:27:25.655007,0,0,[],93.01580810546875,38.770198345184326,52.27691650390625,318,93.01580810546875,0.0,52.27691650390625,318
2025-07-17T19:27:25.655647,0,0,[],93.01580810546875,0.0,52.27691650390625,318,93.01580810546875,38.770198345184326,52.27691650390625,318
2025-07-17T19:27:25.675987,0,1,[],93.01580810546875,0.0,51.91754150390625,316,93.01580810546875,38.813167095184326,51.91754150390625,316
2025-07-17T19:27:25.676041,0,1,[],93.01580810546875,38.813167095184326,51.91754150390625,316,93.01580810546875,0.0,51.91754150390625,316
2025-07-17T19:27:25.691054,0,2,[],93.01580810546875,38.813167095184326,51.91754150390625,316,93.01580810546875,0.0,51.91754150390625,316
2025-07-17T19:27:25.691848,0,2,[],93.01580810546875,0.0,51.91754150390625,316,93.01580810546875,38.813167095184326,51.91754150390625,316
2025-07-17T19:27:25.706043,0,3,[],93.01580810546875,38.813167095184326,51.91754150390625,316,93.01580810546875,0.0,51.91754150390625,316
2025-07-17T19:27:25.707011,0,3,[],93.01580810546875,0.0,51.91754150390625,316,93.01580810546875,38.813167095184326,51.91754150390625,316
2025-07-17T19:27:25.721008,0,4,[],93.01580810546875,38.813167095184326,51.91754150390625,316,93.01580810546875,0.0,51.91754150390625,316
2025-07-17T19:27:25.722031,0,4,[],93.01580810546875,0.0,51.91754150390625,316,93.01580810546875,38.813167095184326,51.91754150390625,316
2025-07-17T19:27:25.735841,0,5,[],93.01580810546875,38.813167095184326,51.91754150390625,316,93.01580810546875,0.0,51.91754150390625,316
2025-07-17T19:27:25.737018,0,5,[],93.01580810546875,0.0,51.91754150390625,316,93.01580810546875,38.813167095184326,51.91754150390625,316
2025-07-17T19:27:25.750754,0,6,[],93.01580810546875,38.813167095184326,51.91754150390625,316,93.01580810546875,0.0,51.91754150390625,316
2025-07-17T19:27:25.752024,0,6,[],93.01580810546875,0.0,51.91754150390625,316,93.01580810546875,38.813167095184326,51.91754150390625,316
2025-07-17T19:27:25.765272,0,7,[],93.01580810546875,38.813167095184326,51.91754150390625,316,93.01580810546875,0.0,51.91754150390625,316
2025-07-17T19:27:25.766945,0,7,[],93.01580810546875,0.0,51.91754150390625,316,93.01580810546875,38.813167095184326,51.91754150390625,316
2025-07-17T19:27:25.779686,0,8,[],93.01580810546875,38.813167095184326,51.91754150390625,316,93.01580810546875,0.0,51.91754150390625,316
2025-07-17T19:27:25.781815,0,8,[],93.01580810546875,0.0,51.91754150390625,316,93.01580810546875,38.813167095184326,51.91754150390625,316
2025-07-17T19:27:25.790939,0,9,[],93.01580810546875,38.813167095184326,51.91754150390625,316,93.01580810546875,0.0,51.91754150390625,316
2025-07-17T19:27:25.793391,0,9,[],93.01580810546875,0.0,51.91754150390625,316,93.01580810546875,38.813167095184326,51.91754150390625,316
2025-07-17T19:27:25.801840,0,10,[],93.01580810546875,38.813167095184326,51.91754150390625,316,93.01580810546875,0.0,51.91754150390625,316
2025-07-17T19:27:25.803937,0,10,[],93.01580810546875,0.0,51.91754150390625,316,93.01580810546875,38.813167095184326,51.91754150390625,316
2025-07-17T19:27:25.812111,0,11,[],93.01580810546875,38.813167095184326,51.91754150390625,316,93.01580810546875,0.0,51.91754150390625,316
2025-07-17T19:27:25.814802,0,11,[],93.01580810546875,0.0,51.91754150390625,316,93.01580810546875,38.813167095184326,51.91754150390625,316
2025-07-17T19:27:25.822902,0,12,[],93.01580810546875,38.813167095184326,51.91754150390625,316,93.01580810546875,0.0,51.91754150390625,316
2025-07-17T19:27:25.825382,0,12,[],93.01580810546875,0.0,51.91754150390625,316,93.01580810546875,38.813167095184326,51.91754150390625,316
2025-07-17T19:27:25.832549,0,13,[],93.01580810546875,38.813167095184326,51.91754150390625,316,93.01580810546875,0.0,51.91754150390625,316
2025-07-17T19:27:25.835942,0,13,[],93.01580810546875,0.0,51.91754150390625,316,93.01580810546875,38.813167095184326,51.91754150390625,316
2025-07-17T19:27:25.842202,0,14,[],93.01580810546875,38.813167095184326,51.91754150390625,316,93.01580810546875,0.0,51.91754150390625,316
2025-07-17T19:27:25.846908,0,14,[],93.01580810546875,0.0,51.87457275390625,316,93.01580810546875,38.813167095184326,51.91754150390625,316
2025-07-17T19:27:25.852144,0,15,[],93.01580810546875,38.812678813934326,51.87457275390625,316,93.01580810546875,0.0,51.91754150390625,316
2025-07-17T19:27:25.857430,0,15,[],93.01580810546875,0.0,51.87457275390625,316,93.01580810546875,38.813167095184326,51.91754150390625,316
2025-07-17T19:27:25.862615,0,16,[],93.01580810546875,38.813167095184326,51.87457275390625,316,93.01580810546875,0.0,51.91754150390625,316
2025-07-17T19:27:25.867965,0,16,[],93.01580810546875,0.0,51.87457275390625,316,93.01580810546875,38.813167095184326,51.91754150390625,316
2025-07-17T19:27:25.873215,0,17,[],93.01580810546875,38.813167095184326,51.87457275390625,316,93.01580810546875,0.0,51.91754150390625,316
2025-07-17T19:27:25.878433,0,17,[],93.01580810546875,0.0,51.87457275390625,316,93.01580810546875,38.813167095184326,51.91754150390625,316
2025-07-17T19:27:25.883699,0,18,[],93.01580810546875,38.812678813934326,51.87457275390625,316,93.01580810546875,0.0,51.91754150390625,316
2025-07-17T19:27:25.888878,0,18,[],93.01580810546875,0.0,51.87457275390625,316,93.01580810546875,38.813167095184326,51.91754150390625,316
2025-07-17T19:27:25.894168,0,19,[],93.01580810546875,38.813167095184326,51.87457275390625,316,93.01580810546875,0.0,51.91754150390625,316
2025-07-17T19:27:25.899223,0,19,[],93.01580810546875,0.0,51.87457275390625,316,93.01580810546875,38.813167095184326,51.91754150390625,316
2025-07-17T19:27:25.904621,0,20,[],93.01580810546875,38.813167095184326,51.87457275390625,316,93.01580810546875,0.0,51.91754150390625,316
2025-07-17T19:27:25.909574,0,20,[],93.01580810546875,0.0,51.87457275390625,316,93.01580810546875,38.813167095184326,51.91754150390625,316
2025-07-17T19:27:25.914995,0,21,[],93.01580810546875,38.812678813934326,51.87457275390625,316,93.01580810546875,0.0,51.91754150390625,316
2025-07-17T19:27:25.919888,0,21,[],93.01580810546875,0.0,51.87457275390625,316,93.01580810546875,38.813167095184326,51.91754150390625,316
2025-07-17T19:27:25.925282,0,22,[],93.01580810546875,38.813167095184326,51.87457275390625,316,93.01580810546875,0.0,51.91754150390625,316
2025-07-17T19:27:25.930660,0,22,[],93.01580810546875,0.0,51.87457275390625,316,93.01580810546875,38.813167095184326,51.91754150390625,316
2025-07-17T19:27:25.936033,0,23,[],93.01580810546875,38.813167095184326,51.87457275390625,316,93.01580810546875,0.0,51.91754150390625,316
2025-07-17T19:27:25.941112,0,23,[],93.01580810546875,0.0,51.87457275390625,316,93.01580810546875,38.813167095184326,51.91754150390625,316
2025-07-17T19:27:25.946417,0,24,[],93.01580810546875,38.812678813934326,51.87457275390625,316,93.01580810546875,0.0,51.91754150390625,316
2025-07-17T19:27:25.951566,0,24,[],93.01580810546875,0.0,51.87457275390625,316,93.01580810546875,38.813167095184326,51.91754150390625,316
2025-07-17T19:27:25.956796,0,25,[],93.01580810546875,38.813167095184326,51.87457275390625,316,93.01580810546875,0.0,51.91754150390625,316
2025-07-17T19:27:25.961938,0,25,[],93.01580810546875,0.0,51.87457275390625,316,93.01580810546875,38.813167095184326,51.91754150390625,316
2025-07-17T19:27:25.967245,0,26,[],93.01580810546875,38.813167095184326,51.87457275390625,316,93.01580810546875,0.0,51.91754150390625,316
2025-07-17T19:27:25.972318,0,26,[],93.01580810546875,0.0,51.87457275390625,316,93.01580810546875,38.813167095184326,51.91754150390625,316
2025-07-17T19:27:25.977766,0,27,[],93.01580810546875,38.812678813934326,51.87457275390625,316,93.01580810546875,0.0,51.91754150390625,316
2025-07-17T19:27:25.982634,0,27,[],93.01580810546875,0.0,51.87457275390625,316,93.01580810546875,38.813167095184326,51.91754150390625,316
2025-07-17T19:27:25.988857,0,28,[],93.01580810546875,38.813167095184326,51.87457275390625,316,93.01580810546875,0.0,51.91754150390625,316
2025-07-17T19:27:25.993049,0,28,[],93.01580810546875,0.0,51.87457275390625,316,93.01580810546875,38.813167095184326,51.91754150390625,316
2025-07-17T19:27:25.998485,0,29,[],93.01580810546875,38.813167095184326,51.87457275390625,316,93.01580810546875,0.0,51.91754150390625,316
2025-07-17T19:27:26.003335,0,29,[],93.01580810546875,0.0,51.87457275390625,316,93.01580810546875,38.813167095184326,51.91754150390625,316
2025-07-17T19:27:26.008927,0,30,[],93.01580810546875,38.812678813934326,51.87457275390625,316,93.01580810546875,0.0,51.91754150390625,316
2025-07-17T19:27:26.014189,0,30,[],93.01580810546875,0.0,51.87457275390625,316,93.01580810546875,38.813167095184326,51.91754150390625,316
2025-07-17T19:27:26.019050,0,31,[],93.01580810546875,38.813167095184326,51.87457275390625,316,93.01580810546875,0.0,51.91754150390625,316
2025-07-17T19:27:26.024298,0,31,[],93.01580810546875,0.0,51.87457275390625,316,93.01580810546875,38.813167095184326,51.91754150390625,316
2025-07-17T19:27:26.453112,0,0,[],93.01580810546875,0.0,52.27691650390625,318,93.01580810546875,38.847307205200195,52.18511962890625,318
2025-07-17T19:27:26.489840,0,0,[],93.01580810546875,38.847307205200195,52.18511962890625,318,93.01580810546875,0.0,47.76715087890625,291
2025-07-17T19:27:26.502868,1,0,[],93.01580810546875,0.0,47.76715087890625,291,93.01580810546875,39.110979080200195,47.76715087890625,291
2025-07-17T19:27:26.509895,1,0,[],93.01580810546875,39.110979080200195,47.76715087890625,291,93.01580810546875,0.0,47.23980712890625,287
2025-07-17T19:27:26.586574,2,0,[],93.01580810546875,0.0,47.23980712890625,287,93.01580810546875,39.374650955200195,47.23980712890625,287
2025-07-17T19:27:26.590264,2,0,[],93.01580810546875,39.374650955200195,47.23980712890625,287,93.01580810546875,0.0,46.71246337890625,284
2025-07-17T19:27:26.675908,3,0,[],93.01580810546875,39.638322830200195,46.71246337890625,284,93.01580810546875,0.0,46.71246337890625,284
2025-07-17T19:27:26.676116,3,0,[],93.01580810546875,0.0,46.71246337890625,284,93.01580810546875,39.638322830200195,46.71246337890625,284
2025-07-17T19:27:26.759592,4,0,[],93.01580810546875,0.0,46.71246337890625,284,93.01580810546875,39.901506423950195,46.71246337890625,284
2025-07-17T19:27:26.760161,4,0,[],93.01580810546875,39.901506423950195,46.71246337890625,284,93.01580810546875,0.0,46.71246337890625,284
2025-07-17T19:27:26.861711,0,1,[],93.01580810546875,40.429338455200195,45.92144775390625,279,93.01580810546875,0.0,45.92144775390625,279
2025-07-17T19:27:26.862765,0,1,[],93.01580810546875,0.0,45.92144775390625,279,93.01580810546875,40.429338455200195,45.92144775390625,279
2025-07-17T19:27:26.930502,1,1,[],93.01580810546875,40.429338455200195,45.92144775390625,279,93.01580810546875,0.0,45.92144775390625,279
2025-07-17T19:27:26.936422,1,1,[],93.01580810546875,0.0,45.92144775390625,279,93.01580810546875,40.429338455200195,45.92144775390625,279
2025-07-17T19:27:27.017838,2,1,[],93.01580810546875,0.0,45.92144775390625,279,93.01580810546875,40.429338455200195,45.92144775390625,279
2025-07-17T19:27:27.018098,2,1,[],93.01580810546875,40.429338455200195,45.92144775390625,279,93.01580810546875,0.0,45.92144775390625,279
2025-07-17T19:27:27.100904,3,1,[],93.01580810546875,0.0,45.92144775390625,279,93.01580810546875,40.429338455200195,45.92144775390625,279
2025-07-17T19:27:27.100937,3,1,[],93.01580810546875,40.429338455200195,45.92144775390625,279,93.01580810546875,0.0,45.92144775390625,279
2025-07-17T19:27:27.183489,4,1,[],93.01580810546875,40.429338455200195,45.92144775390625,279,93.01580810546875,0.0,45.92144775390625,279
2025-07-17T19:27:27.183532,4,1,[],93.01580810546875,0.0,45.92144775390625,279,93.01580810546875,40.429338455200195,45.92144775390625,279
2025-07-17T19:27:27.281340,0,2,[],93.01580810546875,40.429338455200195,45.92144775390625,279,93.01580810546875,0.0,45.92144775390625,279
2025-07-17T19:27:27.282518,0,2,[],93.01580810546875,0.0,45.92144775390625,279,93.01580810546875,40.429338455200195,45.92144775390625,279
2025-07-17T19:27:27.362546,1,2,[],93.01580810546875,0.0,45.92144775390625,279,93.01580810546875,40.429338455200195,45.92144775390625,279
2025-07-17T19:27:27.362578,1,2,[],93.01580810546875,40.429338455200195,45.92144775390625,279,93.01580810546875,0.0,45.92144775390625,279
2025-07-17T19:27:27.460560,2,2,[],93.01580810546875,0.0,45.92144775390625,279,93.01580810546875,40.429338455200195,45.92144775390625,279
2025-07-17T19:27:27.460529,2,2,[],93.01580810546875,40.429338455200195,45.92144775390625,279,93.01580810546875,0.0,45.92144775390625,279
2025-07-17T19:27:27.557762,3,2,[],93.01580810546875,40.429338455200195,45.92144775390625,279,93.01580810546875,0.0,45.92144775390625,279
2025-07-17T19:27:27.557888,3,2,[],93.01580810546875,0.0,45.92144775390625,279,93.01580810546875,40.429338455200195,45.92144775390625,279
2025-07-17T19:27:27.653719,4,2,[],93.01580810546875,40.429338455200195,45.92144775390625,279,93.01580810546875,0.0,45.92144775390625,279
2025-07-17T19:27:27.653738,4,2,[],93.01580810546875,0.0,45.92144775390625,279,93.01580810546875,40.429338455200195,45.92144775390625,279
2025-07-17T19:27:27.756502,0,3,[],93.01580810546875,40.429338455200195,45.92144775390625,279,93.01580810546875,0.0,45.92144775390625,279
2025-07-17T19:27:27.757795,0,3,[],93.01580810546875,0.0,45.92144775390625,279,93.01580810546875,40.429338455200195,45.92144775390625,279
2025-07-17T19:27:27.832304,1,3,[],93.01580810546875,0.0,45.92144775390625,279,93.01580810546875,40.429338455200195,45.92144775390625,279
2025-07-17T19:27:27.832296,1,3,[],93.01580810546875,40.429338455200195,45.92144775390625,279,93.01580810546875,0.0,45.92144775390625,279
2025-07-17T19:27:27.919097,2,3,[],93.01580810546875,40.429338455200195,45.92144775390625,279,93.01580810546875,0.0,45.92144775390625,279
2025-07-17T19:27:27.919267,2,3,[],93.01580810546875,0.0,45.92144775390625,279,93.01580810546875,40.429338455200195,45.92144775390625,279
2025-07-17T19:27:28.004841,3,3,[],93.01580810546875,0.0,45.92144775390625,279,93.01580810546875,40.429338455200195,45.92144775390625,279
2025-07-17T19:27:28.004846,3,3,[],93.01580810546875,40.429338455200195,45.92144775390625,279,93.01580810546875,0.0,45.92144775390625,279
2025-07-17T19:27:28.086774,4,3,[],93.01580810546875,0.0,45.92144775390625,279,93.01580810546875,40.429338455200195,45.92144775390625,279
2025-07-17T19:27:28.086782,4,3,[],93.01580810546875,40.429338455200195,45.92144775390625,279,93.01580810546875,0.0,45.92144775390625,279
2025-07-17T19:27:28.185150,0,4,[],93.01580810546875,40.429338455200195,45.92144775390625,279,93.01580810546875,0.0,45.92144775390625,279
2025-07-17T19:27:28.186284,0,4,[],93.01580810546875,0.0,45.92144775390625,279,93.01580810546875,40.429338455200195,45.92144775390625,279
2025-07-17T19:27:28.258873,1,4,[],93.01580810546875,0.0,45.92144775390625,279,93.01580810546875,40.429338455200195,45.92144775390625,279
2025-07-17T19:27:28.258842,1,4,[],93.01580810546875,40.429338455200195,45.92144775390625,279,93.01580810546875,0.0,45.92144775390625,279
2025-07-17T19:27:28.350553,2,4,[],93.01580810546875,40.429338455200195,45.92144775390625,279,93.01580810546875,0.0,45.92144775390625,279
2025-07-17T19:27:28.350593,2,4,[],93.01580810546875,0.0,45.92144775390625,279,93.01580810546875,40.429338455200195,45.92144775390625,279
2025-07-17T19:27:28.443337,3,4,[],93.01580810546875,40.429338455200195,45.92144775390625,279,93.01580810546875,0.0,45.92144775390625,279
2025-07-17T19:27:28.443332,3,4,[],93.01580810546875,0.0,45.92144775390625,279,93.01580810546875,40.429338455200195,45.92144775390625,279
2025-07-17T19:27:28.537450,4,4,[],93.01580810546875,40.429338455200195,45.92144775390625,279,93.01580810546875,0.0,45.92144775390625,279
2025-07-17T19:27:28.537481,4,4,[],93.01580810546875,0.0,45.92144775390625,279,93.01580810546875,40.429338455200195,45.92144775390625,279
2025-07-17T19:27:28.643971,0,5,[],93.01580810546875,40.429338455200195,45.92144775390625,279,93.01580810546875,0.0,45.92144775390625,279
2025-07-17T19:27:28.645154,0,5,[],93.01580810546875,0.0,45.92144775390625,279,93.01580810546875,40.429338455200195,45.92144775390625,279
2025-07-17T19:27:28.723343,1,5,[],93.01580810546875,0.0,45.92144775390625,279,93.01580810546875,40.429338455200195,45.92144775390625,279
2025-07-17T19:27:28.723414,1,5,[],93.01580810546875,40.429338455200195,45.92144775390625,279,93.01580810546875,0.0,45.92144775390625,279
2025-07-17T19:27:28.813757,2,5,[],93.01580810546875,0.0,45.92144775390625,279,93.01580810546875,40.429338455200195,45.92144775390625,279
2025-07-17T19:27:28.813979,2,5,[],93.01580810546875,40.429338455200195,45.92144775390625,279,93.01580810546875,0.0,45.92144775390625,279
2025-07-17T19:27:28.898794,3,5,[],93.01580810546875,40.429338455200195,45.92144775390625,279,93.01580810546875,0.0,45.92144775390625,279
2025-07-17T19:27:28.898825,3,5,[],93.01580810546875,0.0,45.92144775390625,279,93.01580810546875,40.429338455200195,45.92144775390625,279
2025-07-17T19:27:28.983031,4,5,[],93.01580810546875,0.0,45.92144775390625,279,93.01580810546875,40.429338455200195,45.92144775390625,279
2025-07-17T19:27:28.983017,4,5,[],93.01580810546875,40.429338455200195,45.92144775390625,279,93.01580810546875,0.0,45.92144775390625,279
2025-07-17T19:27:29.081376,0,6,[],93.01580810546875,40.429338455200195,45.92144775390625,279,93.01580810546875,0.0,45.92144775390625,279
2025-07-17T19:27:29.082707,0,6,[],93.01580810546875,0.0,45.92144775390625,279,93.01580810546875,40.429338455200195,45.92144775390625,279
2025-07-17T19:27:29.155018,1,6,[],93.01580810546875,40.429338455200195,45.92144775390625,279,93.01580810546875,0.0,45.92144775390625,279
2025-07-17T19:27:29.155105,1,6,[],93.01580810546875,0.0,45.92144775390625,279,93.01580810546875,40.429338455200195,45.92144775390625,279
2025-07-17T19:27:29.243199,2,6,[],93.01580810546875,40.429338455200195,45.92144775390625,279,93.01580810546875,0.0,45.92144775390625,279
2025-07-17T19:27:29.243279,2,6,[],93.01580810546875,0.0,45.92144775390625,279,93.01580810546875,40.429338455200195,45.92144775390625,279
2025-07-17T19:27:29.333530,3,6,[],93.01580810546875,40.429338455200195,45.92144775390625,279,93.01580810546875,0.0,45.92144775390625,279
2025-07-17T19:27:29.333738,3,6,[],93.01580810546875,0.0,45.92144775390625,279,93.01580810546875,40.429338455200195,45.92144775390625,279
2025-07-17T19:27:29.423132,4,6,[],93.01580810546875,0.0,45.92144775390625,279,93.01580810546875,40.429338455200195,45.92144775390625,279
2025-07-17T19:27:29.423153,4,6,[],93.01580810546875,40.429338455200195,45.92144775390625,279,93.01580810546875,0.0,45.92144775390625,279
2025-07-17T19:27:29.529243,0,7,[],93.01580810546875,40.429338455200195,45.92144775390625,279,93.01580810546875,0.0,45.92144775390625,279
2025-07-17T19:27:29.530634,0,7,[],93.01580810546875,0.0,45.92144775390625,279,93.01580810546875,40.429338455200195,45.92144775390625,279
2025-07-17T19:27:29.610707,1,7,[],93.01580810546875,40.429338455200195,45.92144775390625,279,93.01580810546875,0.0,45.92144775390625,279
2025-07-17T19:27:29.610754,1,7,[],93.01580810546875,0.0,45.92144775390625,279,93.01580810546875,40.429338455200195,45.92144775390625,279
2025-07-17T19:27:29.702510,2,7,[],93.01580810546875,40.429338455200195,45.92144775390625,279,93.01580810546875,0.0,45.92144775390625,279
2025-07-17T19:27:29.702590,2,7,[],93.01580810546875,0.0,45.92144775390625,279,93.01580810546875,40.429338455200195,45.92144775390625,279
2025-07-17T19:27:29.792596,3,7,[],93.01580810546875,40.429338455200195,45.92144775390625,279,93.01580810546875,0.0,45.92144775390625,279
2025-07-17T19:27:29.792720,3,7,[],93.01580810546875,0.0,45.92144775390625,279,93.01580810546875,40.429338455200195,45.92144775390625,279
2025-07-17T19:27:29.877946,4,7,[],93.01580810546875,40.429338455200195,45.92144775390625,279,93.01580810546875,0.0,45.92144775390625,279
2025-07-17T19:27:29.878029,4,7,[],93.01580810546875,0.0,45.92144775390625,279,93.01580810546875,40.429338455200195,45.92144775390625,279
2025-07-17T19:27:29.977182,0,8,[],93.01580810546875,40.429338455200195,45.92144775390625,279,93.01580810546875,0.0,45.92144775390625,279
2025-07-17T19:27:29.978472,0,8,[],93.01580810546875,0.0,45.92144775390625,279,93.01580810546875,40.429338455200195,45.92144775390625,279
2025-07-17T19:27:30.051591,1,8,[],93.01580810546875,0.0,45.92144775390625,279,93.01580810546875,40.429338455200195,45.92144775390625,279
2025-07-17T19:27:30.051607,1,8,[],93.01580810546875,40.429338455200195,45.92144775390625,279,93.01580810546875,0.0,45.92144775390625,279
2025-07-17T19:27:30.139257,2,8,[],93.01580810546875,40.429338455200195,45.92144775390625,279,93.01580810546875,0.0,45.92144775390625,279
2025-07-17T19:27:30.139289,2,8,[],93.01580810546875,0.0,45.92144775390625,279,93.01580810546875,40.429338455200195,45.92144775390625,279
2025-07-17T19:27:30.229522,3,8,[],93.01580810546875,0.0,45.92144775390625,279,93.01580810546875,40.429338455200195,45.92144775390625,279
2025-07-17T19:27:30.229543,3,8,[],93.01580810546875,40.429338455200195,45.92144775390625,279,93.01580810546875,0.0,45.92144775390625,279
2025-07-17T19:27:30.318528,4,8,[],93.01580810546875,40.429338455200195,45.92144775390625,279,93.01580810546875,0.0,45.92144775390625,279
2025-07-17T19:27:30.318575,4,8,[],93.01580810546875,0.0,45.92144775390625,279,93.01580810546875,40.429338455200195,45.92144775390625,279
2025-07-17T19:27:30.423490,0,9,[],93.01580810546875,0.0,45.92144775390625,279,93.01580810546875,40.429338455200195,45.92144775390625,279
2025-07-17T19:27:30.428427,0,9,[],93.01580810546875,40.429338455200195,45.92144775390625,279,93.01580810546875,0.0,45.92144775390625,279
2025-07-17T19:27:30.500675,1,9,[],93.01580810546875,40.429338455200195,45.92144775390625,279,93.01580810546875,0.0,45.92144775390625,279
2025-07-17T19:27:30.500720,1,9,[],93.01580810546875,0.0,45.92144775390625,279,93.01580810546875,40.429338455200195,45.92144775390625,279
2025-07-17T19:27:30.594903,2,9,[],93.01580810546875,0.0,45.92144775390625,279,93.01580810546875,40.429338455200195,45.92144775390625,279
2025-07-17T19:27:30.594923,2,9,[],93.01580810546875,40.429338455200195,45.92144775390625,279,93.01580810546875,0.0,45.92144775390625,279
2025-07-17T19:27:30.685593,3,9,[],93.01580810546875,40.429338455200195,45.92144775390625,279,93.01580810546875,0.0,45.92144775390625,279
2025-07-17T19:27:30.685608,3,9,[],93.01580810546875,0.0,45.92144775390625,279,93.01580810546875,40.429338455200195,45.92144775390625,279
2025-07-17T19:27:30.774111,4,9,[],93.01580810546875,40.429338455200195,45.92144775390625,279,93.01580810546875,0.0,45.92144775390625,279
2025-07-17T19:27:30.774182,4,9,[],93.01580810546875,0.0,45.92144775390625,279,93.01580810546875,40.429338455200195,45.92144775390625,279
2025-07-17T19:27:30.874614,0,10,[],93.01580810546875,40.429338455200195,45.92144775390625,279,93.01580810546875,0.0,45.92144775390625,279
2025-07-17T19:27:30.880971,0,10,[],93.01580810546875,0.0,45.92144775390625,279,93.01580810546875,40.429338455200195,45.92144775390625,279
2025-07-17T19:27:30.951432,1,10,[],93.01580810546875,0.0,45.92144775390625,279,93.01580810546875,40.429338455200195,45.92144775390625,279
2025-07-17T19:27:30.951570,1,10,[],93.01580810546875,40.429338455200195,45.92144775390625,279,93.01580810546875,0.0,45.92144775390625,279
2025-07-17T19:27:31.038822,2,10,[],93.01580810546875,0.0,45.92144775390625,279,93.01580810546875,40.429338455200195,45.92144775390625,279
2025-07-17T19:27:31.038752,2,10,[],93.01580810546875,40.429338455200195,45.92144775390625,279,93.01580810546875,0.0,45.92144775390625,279
2025-07-17T19:27:31.127361,3,10,[],93.01580810546875,40.429338455200195,45.92144775390625,279,93.01580810546875,0.0,45.92144775390625,279
2025-07-17T19:27:31.127284,3,10,[],93.01580810546875,0.0,45.92144775390625,279,93.01580810546875,40.429338455200195,45.92144775390625,279
2025-07-17T19:27:31.214829,4,10,[],93.01580810546875,0.0,45.92144775390625,279,93.01580810546875,40.429338455200195,45.92144775390625,279
2025-07-17T19:27:31.220690,4,10,[],93.01580810546875,40.429338455200195,45.92144775390625,279,93.01580810546875,0.0,45.92144775390625,279
2025-07-17T19:27:31.317670,0,11,[],93.01580810546875,40.429338455200195,45.92144775390625,279,93.01580810546875,0.0,45.92144775390625,279
2025-07-17T19:27:31.318840,0,11,[],93.01580810546875,0.0,45.92144775390625,279,93.01580810546875,40.429338455200195,45.92144775390625,279
