timestamp,batch_id,moe_layer_id,experts_activated,GPU_0_total_mem_capacity,GPU_0_mem_usage,GPU_0_mem_free,GPU_0_experts_can_fit,GPU_1_total_mem_capacity,GPU_1_mem_usage,GPU_1_mem_free,GPU_1_experts_can_fit
2025-07-17T20:43:00.878581,0,0,"[0, 1, 2, 3, 4, 5, 6, 7]",93.01580810546875,38.813167095184326,52.4385986328125,159,93.01580810546875,0.0,51.92730712890625,158
2025-07-17T20:43:01.124756,0,1,"[0, 1, 2, 3, 4, 5, 6, 7]",93.01580810546875,38.813167095184326,52.4385986328125,159,93.01580810546875,0.0,51.92730712890625,158
2025-07-17T20:43:01.138880,0,2,"[0, 1, 2, 3, 4, 5, 6, 7]",93.01580810546875,38.813167095184326,52.4385986328125,159,93.01580810546875,0.0,51.92730712890625,158
2025-07-17T20:43:01.155119,0,3,"[0, 1, 2, 3, 4, 5, 6, 7]",93.01580810546875,38.813167095184326,52.4385986328125,159,93.01580810546875,0.0,51.92730712890625,158
2025-07-17T20:43:01.174306,0,4,"[0, 1, 2, 3, 4, 5, 6, 7]",93.01580810546875,38.813167095184326,52.4385986328125,159,93.01580810546875,0.0,51.92730712890625,158
2025-07-17T20:43:01.190787,0,5,"[0, 1, 2, 3, 4, 5, 6, 7]",93.01580810546875,38.813167095184326,52.4385986328125,159,93.01580810546875,0.0,51.92730712890625,158
2025-07-17T20:43:01.208128,0,6,"[0, 1, 2, 3, 4, 5, 6, 7]",93.01580810546875,38.813167095184326,52.4385986328125,159,93.01580810546875,0.0,51.92730712890625,158
2025-07-17T20:43:01.225054,0,7,"[0, 1, 2, 3, 4, 5, 6, 7]",93.01580810546875,38.813167095184326,52.4385986328125,159,93.01580810546875,0.0,51.92730712890625,158
2025-07-17T20:43:01.242682,0,8,"[0, 1, 2, 3, 4, 5, 6, 7]",93.01580810546875,38.813167095184326,52.4385986328125,159,93.01580810546875,0.0,51.92730712890625,158
2025-07-17T20:43:01.258806,0,9,"[0, 1, 2, 3, 4, 5, 6, 7]",93.01580810546875,38.813167095184326,52.4385986328125,159,93.01580810546875,0.0,51.92730712890625,158
2025-07-17T20:43:01.276837,0,10,"[0, 1, 2, 3, 4, 5, 6, 7]",93.01580810546875,38.813167095184326,52.4385986328125,159,93.01580810546875,0.0,51.92730712890625,158
2025-07-17T20:43:01.293801,0,11,"[0, 1, 2, 3, 4, 5, 6, 7]",93.01580810546875,38.813167095184326,52.4385986328125,159,93.01580810546875,0.0,51.92730712890625,158
2025-07-17T20:43:01.311568,0,12,"[0, 1, 2, 3, 4, 5, 6, 7]",93.01580810546875,38.813167095184326,52.4385986328125,159,93.01580810546875,0.0,51.92730712890625,158
2025-07-17T20:43:01.329868,0,13,"[0, 1, 2, 3, 4, 5, 6, 7]",93.01580810546875,38.813167095184326,52.4385986328125,159,93.01580810546875,0.0,51.92730712890625,158
2025-07-17T20:43:01.347585,0,14,"[0, 1, 2, 3, 4, 5, 6, 7]",93.01580810546875,38.813167095184326,52.4385986328125,159,93.01580810546875,0.0,51.92730712890625,158
2025-07-17T20:43:01.362579,0,15,"[0, 1, 2, 3, 4, 5, 6, 7]",93.01580810546875,38.813167095184326,52.4385986328125,159,93.01580810546875,0.0,51.92730712890625,158
2025-07-17T20:43:01.378439,0,16,"[0, 1, 2, 3, 4, 5, 6, 7]",93.01580810546875,38.813167095184326,52.4385986328125,159,93.01580810546875,0.0,51.92730712890625,158
2025-07-17T20:43:01.395725,0,17,"[0, 1, 2, 3, 4, 5, 6, 7]",93.01580810546875,38.813167095184326,52.4385986328125,159,93.01580810546875,0.0,51.92730712890625,158
2025-07-17T20:43:01.412838,0,18,"[0, 1, 2, 3, 4, 5, 6, 7]",93.01580810546875,38.813167095184326,52.4385986328125,159,93.01580810546875,0.0,51.92730712890625,158
2025-07-17T20:43:01.424477,0,19,"[0, 1, 2, 3, 4, 5, 6, 7]",93.01580810546875,38.813167095184326,52.4385986328125,159,93.01580810546875,0.0,51.92730712890625,158
2025-07-17T20:43:01.435924,0,20,"[0, 1, 2, 3, 4, 5, 6, 7]",93.01580810546875,38.813167095184326,52.4385986328125,159,93.01580810546875,0.0,51.92730712890625,158
2025-07-17T20:43:01.448026,0,21,"[0, 1, 2, 3, 4, 5, 6, 7]",93.01580810546875,38.813167095184326,52.4385986328125,159,93.01580810546875,0.0,51.92730712890625,158
2025-07-17T20:43:01.459124,0,22,"[0, 1, 2, 3, 4, 5, 6, 7]",93.01580810546875,38.813167095184326,52.4385986328125,159,93.01580810546875,0.0,51.92730712890625,158
2025-07-17T20:43:01.470786,0,23,"[0, 1, 2, 3, 4, 5, 6, 7]",93.01580810546875,38.813167095184326,52.4385986328125,159,93.01580810546875,0.0,51.92730712890625,158
2025-07-17T20:43:01.482028,0,24,"[0, 1, 2, 3, 4, 5, 6, 7]",93.01580810546875,38.813167095184326,52.4385986328125,159,93.01580810546875,0.0,51.92730712890625,158
2025-07-17T20:43:01.493558,0,25,"[0, 1, 2, 3, 4, 5, 6, 7]",93.01580810546875,38.813167095184326,52.4385986328125,159,93.01580810546875,0.0,51.92730712890625,158
2025-07-17T20:43:01.504950,0,26,"[0, 1, 2, 3, 4, 5, 6, 7]",93.01580810546875,38.813167095184326,52.4385986328125,159,93.01580810546875,0.0,51.92730712890625,158
2025-07-17T20:43:01.516505,0,27,"[0, 1, 2, 3, 4, 5, 6, 7]",93.01580810546875,38.813167095184326,52.4385986328125,159,93.01580810546875,0.0,51.92730712890625,158
2025-07-17T20:43:01.527644,0,28,"[0, 1, 2, 3, 4, 5, 6, 7]",93.01580810546875,38.813167095184326,52.4385986328125,159,93.01580810546875,0.0,51.92730712890625,158
2025-07-17T20:43:01.539087,0,29,"[0, 1, 2, 3, 4, 5, 6, 7]",93.01580810546875,38.813167095184326,52.4385986328125,159,93.01580810546875,0.0,51.92730712890625,158
2025-07-17T20:43:01.550199,0,30,"[0, 1, 2, 3, 4, 5, 6, 7]",93.01580810546875,38.813167095184326,52.4385986328125,159,93.01580810546875,0.0,51.92730712890625,158
2025-07-17T20:43:01.562611,0,31,"[0, 1, 2, 3, 4, 5, 6, 7]",93.01580810546875,38.816147327423096,52.4385986328125,159,93.01580810546875,0.0,51.92730712890625,158
2025-07-17T20:43:01.683811,0,0,"[0, 1, 3, 4, 5, 6, 7]",93.01580810546875,38.77123737335205,52.4346923828125,159,93.01580810546875,0.0,51.92340087890625,158
2025-07-17T20:43:01.688959,0,1,"[0, 1, 5, 6, 7]",93.01580810546875,38.77123737335205,52.4346923828125,159,93.01580810546875,0.0,51.92340087890625,158
2025-07-17T20:43:01.695575,0,2,"[0, 4, 5, 6, 7]",93.01580810546875,38.77123737335205,52.4346923828125,159,93.01580810546875,0.0,51.92340087890625,158
2025-07-17T20:43:01.703690,0,3,"[0, 2, 3, 4, 6, 7]",93.01580810546875,38.77123737335205,52.4346923828125,159,93.01580810546875,0.0,51.92340087890625,158
2025-07-17T20:43:01.712096,0,4,"[0, 1, 2, 3, 5, 6, 7]",93.01580810546875,38.77123737335205,52.4346923828125,159,93.01580810546875,0.0,51.92340087890625,158
2025-07-17T20:43:01.719284,0,5,"[0, 2, 3, 4, 5, 6, 7]",93.01580810546875,38.77123737335205,52.4346923828125,159,93.01580810546875,0.0,51.92340087890625,158
2025-07-17T20:43:01.726747,0,6,"[0, 2, 3, 4, 6]",93.01580810546875,38.77123737335205,52.4346923828125,159,93.01580810546875,0.0,51.92340087890625,158
2025-07-17T20:43:01.734315,0,7,"[1, 2, 5, 6, 7]",93.01580810546875,38.77123737335205,52.4346923828125,159,93.01580810546875,0.0,51.92340087890625,158
2025-07-17T20:43:01.741428,0,8,"[0, 2, 3, 5]",93.01580810546875,38.77123737335205,52.4346923828125,159,93.01580810546875,0.0,51.92340087890625,158
2025-07-17T20:43:01.748506,0,9,"[0, 1, 3, 4, 5, 6, 7]",93.01580810546875,38.77123737335205,52.4346923828125,159,93.01580810546875,0.0,51.92340087890625,158
2025-07-17T20:43:01.755724,0,10,"[0, 1, 2, 4, 6, 7]",93.01580810546875,38.77123737335205,52.4346923828125,159,93.01580810546875,0.0,51.92340087890625,158
2025-07-17T20:43:01.762701,0,11,"[0, 1, 3, 4, 7]",93.01580810546875,38.77123737335205,52.4346923828125,159,93.01580810546875,0.0,51.92340087890625,158
2025-07-17T20:43:01.769376,0,12,"[1, 3, 4, 7]",93.01580810546875,38.77123737335205,52.4346923828125,159,93.01580810546875,0.0,51.92340087890625,158
2025-07-17T20:43:01.776636,0,13,"[0, 1, 2, 4, 7]",93.01580810546875,38.77123737335205,52.4346923828125,159,93.01580810546875,0.0,51.92340087890625,158
2025-07-17T20:43:01.783873,0,14,"[0, 1, 2, 4]",93.01580810546875,38.77123737335205,52.4346923828125,159,93.01580810546875,0.0,51.92340087890625,158
2025-07-17T20:43:01.791044,0,15,"[1, 2, 3, 4, 6]",93.01580810546875,38.77123737335205,52.4346923828125,159,93.01580810546875,0.0,51.92340087890625,158
2025-07-17T20:43:01.797966,0,16,"[2, 3, 5, 6]",93.01580810546875,38.77123737335205,52.4346923828125,159,93.01580810546875,0.0,51.92340087890625,158
2025-07-17T20:43:01.804894,0,17,"[2, 3, 4, 5, 7]",93.01580810546875,38.77123737335205,52.4346923828125,159,93.01580810546875,0.0,51.92340087890625,158
2025-07-17T20:43:01.812779,0,18,"[0, 1, 3, 4, 5, 7]",93.01580810546875,38.77123737335205,52.4346923828125,159,93.01580810546875,0.0,51.92340087890625,158
2025-07-17T20:43:01.819650,0,19,"[0, 1, 2, 3, 7]",93.01580810546875,38.77123737335205,52.4346923828125,159,93.01580810546875,0.0,51.92340087890625,158
2025-07-17T20:43:01.826893,0,20,"[0, 4, 5, 6]",93.01580810546875,38.77123737335205,52.4346923828125,159,93.01580810546875,0.0,51.92340087890625,158
2025-07-17T20:43:01.834531,0,21,"[0, 1, 3, 4, 6, 7]",93.01580810546875,38.77123737335205,52.4346923828125,159,93.01580810546875,0.0,51.92340087890625,158
2025-07-17T20:43:01.845161,0,22,"[1, 2, 3, 4, 5, 7]",93.01580810546875,38.77123737335205,52.4346923828125,159,93.01580810546875,0.0,51.92340087890625,158
2025-07-17T20:43:01.852154,0,23,"[0, 1, 4, 5, 6, 7]",93.01580810546875,38.77123737335205,52.4346923828125,159,93.01580810546875,0.0,51.92340087890625,158
2025-07-17T20:43:01.858078,0,24,"[1, 3, 4, 5]",93.01580810546875,38.77123737335205,52.4346923828125,159,93.01580810546875,0.0,51.92340087890625,158
2025-07-17T20:43:01.865548,0,25,"[0, 2, 3, 4, 5, 6, 7]",93.01580810546875,38.77123737335205,52.4346923828125,159,93.01580810546875,0.0,51.92340087890625,158
2025-07-17T20:43:01.873541,0,26,"[0, 1, 2, 3, 4, 5, 6, 7]",93.01580810546875,38.77123737335205,52.4346923828125,159,93.01580810546875,0.0,51.92340087890625,158
2025-07-17T20:43:01.881136,0,27,"[1, 2, 3, 4, 6, 7]",93.01580810546875,38.77123737335205,52.4346923828125,159,93.01580810546875,0.0,51.92340087890625,158
2025-07-17T20:43:01.890957,0,28,"[1, 2, 4, 5, 6]",93.01580810546875,38.77123737335205,52.4346923828125,159,93.01580810546875,0.0,51.92340087890625,158
2025-07-17T20:43:01.898004,0,29,"[1, 2, 3, 4, 6, 7]",93.01580810546875,38.77123737335205,52.4346923828125,159,93.01580810546875,0.0,51.92340087890625,158
2025-07-17T20:43:01.904370,0,30,"[0, 1, 4, 5, 7]",93.01580810546875,38.77123737335205,52.4346923828125,159,93.01580810546875,0.0,51.92340087890625,158
2025-07-17T20:43:01.912585,0,31,"[1, 2, 3, 4, 6, 7]",93.01580810546875,38.77402687072754,52.4346923828125,159,93.01580810546875,0.0,51.92340087890625,158
2025-07-17T20:43:02.472908,0,0,"[0, 1, 2, 3, 4, 5, 6, 7]",93.01580810546875,39.374650955200195,48.2882080078125,147,93.01580810546875,0.0,47.77691650390625,145
2025-07-17T20:43:02.742925,1,0,"[0, 1, 2, 3, 4, 5, 6, 7]",93.01580810546875,39.63772010803223,47.7589111328125,145,93.01580810546875,0.0,47.24761962890625,143
2025-07-17T20:43:03.008311,2,0,"[0, 1, 2, 3, 4, 5, 6, 7]",93.01580810546875,39.902482986450195,47.7589111328125,145,93.01580810546875,0.0,47.24566650390625,143
2025-07-17T20:43:03.275003,3,0,"[0, 1, 2, 3, 4, 5, 6, 7]",93.01580810546875,40.16447639465332,47.2296142578125,143,93.01580810546875,0.0,46.71636962890625,142
2025-07-17T20:43:03.542139,4,0,"[0, 1, 2, 3, 4, 5, 6, 7]",93.01580810546875,40.42874336242676,47.2296142578125,143,93.01580810546875,0.0,46.71441650390625,142
2025-07-17T20:43:03.824545,0,1,"[0, 1, 2, 3, 4, 5, 6, 7]",93.01580810546875,40.427927017211914,46.9639892578125,143,93.01580810546875,0.0,46.44879150390625,141
2025-07-17T20:43:03.905096,1,1,"[0, 1, 2, 3, 4, 5, 6, 7]",93.01580810546875,40.4277286529541,46.9639892578125,143,93.01580810546875,0.0,46.44879150390625,141
2025-07-17T20:43:03.988213,2,1,"[0, 1, 2, 3, 4, 5, 6, 7]",93.01580810546875,40.427927017211914,46.9639892578125,143,93.01580810546875,0.0,46.44879150390625,141
2025-07-17T20:43:04.070066,3,1,"[0, 1, 2, 3, 4, 5, 6, 7]",93.01580810546875,40.42773628234863,46.9639892578125,143,93.01580810546875,0.0,46.44879150390625,141
2025-07-17T20:43:04.154446,4,1,"[0, 1, 2, 3, 4, 5, 6, 7]",93.01580810546875,40.427927017211914,46.9639892578125,143,93.01580810546875,0.0,46.44879150390625,141
2025-07-17T20:43:04.237734,0,2,"[0, 1, 2, 3, 4, 5, 6, 7]",93.01580810546875,40.42873573303223,46.9639892578125,143,93.01580810546875,0.0,46.44879150390625,141
2025-07-17T20:43:04.321776,1,2,"[0, 1, 2, 3, 4, 5, 6, 7]",93.01580810546875,40.427927017211914,46.9639892578125,143,93.01580810546875,0.0,46.44879150390625,141
2025-07-17T20:43:04.405364,2,2,"[0, 1, 2, 3, 4, 5, 6, 7]",93.01580810546875,40.42873573303223,46.9639892578125,143,93.01580810546875,0.0,46.44879150390625,141
2025-07-17T20:43:04.487881,3,2,"[0, 1, 2, 3, 4, 5, 6, 7]",93.01580810546875,40.427927017211914,46.9639892578125,143,93.01580810546875,0.0,46.44879150390625,141
2025-07-17T20:43:04.570991,4,2,"[0, 1, 2, 3, 4, 5, 6, 7]",93.01580810546875,40.42873573303223,46.9639892578125,143,93.01580810546875,0.0,46.44879150390625,141
2025-07-17T20:43:04.658059,0,3,"[0, 1, 2, 3, 4, 5, 6, 7]",93.01580810546875,40.427927017211914,46.9639892578125,143,93.01580810546875,0.0,46.44879150390625,141
2025-07-17T20:43:04.754304,1,3,"[0, 1, 2, 3, 4, 5, 6, 7]",93.01580810546875,40.4277286529541,46.9639892578125,143,93.01580810546875,0.0,46.44879150390625,141
2025-07-17T20:43:04.849131,2,3,"[0, 1, 2, 3, 4, 5, 6, 7]",93.01580810546875,40.427927017211914,46.9639892578125,143,93.01580810546875,0.0,46.44879150390625,141
2025-07-17T20:43:04.940788,3,3,"[0, 1, 2, 3, 4, 5, 6, 7]",93.01580810546875,40.42773628234863,46.9639892578125,143,93.01580810546875,0.0,46.44879150390625,141
2025-07-17T20:43:05.030369,4,3,"[0, 1, 2, 3, 4, 5, 6, 7]",93.01580810546875,40.427927017211914,46.9639892578125,143,93.01580810546875,0.0,46.44879150390625,141
2025-07-17T20:43:05.114621,0,4,"[0, 1, 2, 3, 4, 5, 6, 7]",93.01580810546875,40.42873573303223,46.9639892578125,143,93.01580810546875,0.0,46.44879150390625,141
2025-07-17T20:43:05.200721,1,4,"[0, 1, 2, 3, 4, 5, 6, 7]",93.01580810546875,40.427927017211914,46.9639892578125,143,93.01580810546875,0.0,46.44879150390625,141
2025-07-17T20:43:05.284875,2,4,"[0, 1, 2, 3, 4, 5, 6, 7]",93.01580810546875,40.42873573303223,46.9639892578125,143,93.01580810546875,0.0,46.44879150390625,141
2025-07-17T20:43:05.367577,3,4,"[0, 1, 2, 3, 4, 5, 6, 7]",93.01580810546875,40.427927017211914,46.9639892578125,143,93.01580810546875,0.0,46.44879150390625,141
2025-07-17T20:43:05.453082,4,4,"[0, 1, 2, 3, 4, 5, 6, 7]",93.01580810546875,40.42873573303223,46.9639892578125,143,93.01580810546875,0.0,46.44879150390625,141
2025-07-17T20:43:05.536824,0,5,"[0, 1, 2, 3, 4, 5, 6, 7]",93.01580810546875,40.427927017211914,46.9639892578125,143,93.01580810546875,0.0,46.44879150390625,141
2025-07-17T20:43:05.623907,1,5,"[0, 1, 2, 3, 4, 5, 6, 7]",93.01580810546875,40.4277286529541,46.9639892578125,143,93.01580810546875,0.0,46.44879150390625,141
2025-07-17T20:43:05.713480,2,5,"[0, 1, 2, 3, 4, 5, 6, 7]",93.01580810546875,40.427927017211914,46.9639892578125,143,93.01580810546875,0.0,46.44879150390625,141
2025-07-17T20:43:05.803521,3,5,"[0, 1, 2, 3, 4, 5, 6, 7]",93.01580810546875,40.42773628234863,46.9639892578125,143,93.01580810546875,0.0,46.44879150390625,141
2025-07-17T20:43:05.894519,4,5,"[0, 1, 2, 3, 4, 5, 6, 7]",93.01580810546875,40.427927017211914,46.9639892578125,143,93.01580810546875,0.0,46.44879150390625,141
2025-07-17T20:43:05.983387,0,6,"[0, 1, 2, 3, 4, 5, 6, 7]",93.01580810546875,40.42873573303223,46.9639892578125,143,93.01580810546875,0.0,46.44879150390625,141
2025-07-17T20:43:06.069606,1,6,"[0, 1, 2, 3, 4, 5, 6, 7]",93.01580810546875,40.427927017211914,46.9639892578125,143,93.01580810546875,0.0,46.44879150390625,141
2025-07-17T20:43:06.155907,2,6,"[0, 1, 2, 3, 4, 5, 6, 7]",93.01580810546875,40.42873573303223,46.9639892578125,143,93.01580810546875,0.0,46.44879150390625,141
2025-07-17T20:43:06.238588,3,6,"[0, 1, 2, 3, 4, 5, 6, 7]",93.01580810546875,40.427927017211914,46.9639892578125,143,93.01580810546875,0.0,46.44879150390625,141
2025-07-17T20:43:06.322574,4,6,"[0, 1, 2, 3, 4, 5, 6, 7]",93.01580810546875,40.42873573303223,46.9639892578125,143,93.01580810546875,0.0,46.44879150390625,141
2025-07-17T20:43:06.406584,0,7,"[0, 1, 2, 3, 4, 5, 6, 7]",93.01580810546875,40.427927017211914,46.9639892578125,143,93.01580810546875,0.0,46.44879150390625,141
2025-07-17T20:43:06.492004,1,7,"[0, 1, 2, 3, 4, 5, 6, 7]",93.01580810546875,40.4277286529541,46.9639892578125,143,93.01580810546875,0.0,46.44879150390625,141
2025-07-17T20:43:06.576025,2,7,"[0, 1, 2, 3, 4, 5, 6, 7]",93.01580810546875,40.427927017211914,46.9639892578125,143,93.01580810546875,0.0,46.44879150390625,141
2025-07-17T20:43:06.663237,3,7,"[0, 1, 2, 3, 4, 5, 6, 7]",93.01580810546875,40.42773628234863,46.9639892578125,143,93.01580810546875,0.0,46.44879150390625,141
2025-07-17T20:43:06.754019,4,7,"[0, 1, 2, 3, 4, 5, 6, 7]",93.01580810546875,40.427927017211914,46.9639892578125,143,93.01580810546875,0.0,46.44879150390625,141
2025-07-17T20:43:06.843364,0,8,"[0, 1, 2, 3, 4, 5, 6, 7]",93.01580810546875,40.42873573303223,46.9639892578125,143,93.01580810546875,0.0,46.44879150390625,141
2025-07-17T20:43:06.931749,1,8,"[0, 1, 2, 3, 4, 5, 6, 7]",93.01580810546875,40.427927017211914,46.9639892578125,143,93.01580810546875,0.0,46.44879150390625,141
2025-07-17T20:43:07.018981,2,8,"[0, 1, 2, 3, 4, 5, 6, 7]",93.01580810546875,40.42873573303223,46.9639892578125,143,93.01580810546875,0.0,46.44879150390625,141
2025-07-17T20:43:07.104742,3,8,"[0, 1, 2, 3, 4, 5, 6, 7]",93.01580810546875,40.427927017211914,46.9639892578125,143,93.01580810546875,0.0,46.44879150390625,141
2025-07-17T20:43:07.190758,4,8,"[0, 1, 2, 3, 4, 5, 6, 7]",93.01580810546875,40.42873573303223,46.9639892578125,143,93.01580810546875,0.0,46.44879150390625,141
2025-07-17T20:43:07.274562,0,9,"[0, 1, 2, 3, 4, 5, 6, 7]",93.01580810546875,40.427927017211914,46.9639892578125,143,93.01580810546875,0.0,46.44879150390625,141
2025-07-17T20:43:07.359619,1,9,"[0, 1, 2, 3, 4, 5, 6, 7]",93.01580810546875,40.4277286529541,46.9639892578125,143,93.01580810546875,0.0,46.44879150390625,141
2025-07-17T20:43:07.445990,2,9,"[0, 1, 2, 3, 4, 5, 6, 7]",93.01580810546875,40.427927017211914,46.9639892578125,143,93.01580810546875,0.0,46.44879150390625,141
2025-07-17T20:43:07.529502,3,9,"[0, 1, 2, 3, 4, 5, 6, 7]",93.01580810546875,40.42773628234863,46.9639892578125,143,93.01580810546875,0.0,46.44879150390625,141
2025-07-17T20:43:07.615262,4,9,"[0, 1, 2, 3, 4, 5, 6, 7]",93.01580810546875,40.427927017211914,46.9639892578125,143,93.01580810546875,0.0,46.44879150390625,141
2025-07-17T20:43:07.704853,0,10,"[0, 1, 2, 3, 4, 5, 6, 7]",93.01580810546875,40.42873573303223,46.9639892578125,143,93.01580810546875,0.0,46.44879150390625,141
2025-07-17T20:43:07.794537,1,10,"[0, 1, 2, 3, 4, 5, 6, 7]",93.01580810546875,40.427927017211914,46.9639892578125,143,93.01580810546875,0.0,46.44879150390625,141
2025-07-17T20:43:07.882697,2,10,"[0, 1, 2, 3, 4, 5, 6, 7]",93.01580810546875,40.42873573303223,46.9639892578125,143,93.01580810546875,0.0,46.44879150390625,141
2025-07-17T20:43:07.968268,3,10,"[0, 1, 2, 3, 4, 5, 6, 7]",93.01580810546875,40.427927017211914,46.9639892578125,143,93.01580810546875,0.0,46.44879150390625,141
2025-07-17T20:43:08.055051,4,10,"[0, 1, 2, 3, 4, 5, 6, 7]",93.01580810546875,40.42873573303223,46.9639892578125,143,93.01580810546875,0.0,46.44879150390625,141
2025-07-17T20:43:08.141813,0,11,"[0, 1, 2, 3, 4, 5, 6, 7]",93.01580810546875,40.427927017211914,46.9639892578125,143,93.01580810546875,0.0,46.44879150390625,141
2025-07-17T20:43:08.226679,1,11,"[0, 1, 2, 3, 4, 5, 6, 7]",93.01580810546875,40.4277286529541,46.9639892578125,143,93.01580810546875,0.0,46.44879150390625,141
2025-07-17T20:43:08.311867,2,11,"[0, 1, 2, 3, 4, 5, 6, 7]",93.01580810546875,40.427927017211914,46.9639892578125,143,93.01580810546875,0.0,46.44879150390625,141
2025-07-17T20:43:08.395072,3,11,"[0, 1, 2, 3, 4, 5, 6, 7]",93.01580810546875,40.42773628234863,46.9639892578125,143,93.01580810546875,0.0,46.44879150390625,141
2025-07-17T20:43:08.481410,4,11,"[0, 1, 2, 3, 4, 5, 6, 7]",93.01580810546875,40.427927017211914,46.9639892578125,143,93.01580810546875,0.0,46.44879150390625,141
2025-07-17T20:43:08.568011,0,12,"[0, 1, 2, 3, 4, 5, 6, 7]",93.01580810546875,40.42873573303223,46.9639892578125,143,93.01580810546875,0.0,46.44879150390625,141
2025-07-17T20:43:08.657091,1,12,"[0, 1, 2, 3, 4, 5, 6, 7]",93.01580810546875,40.427927017211914,46.9639892578125,143,93.01580810546875,0.0,46.44879150390625,141
2025-07-17T20:43:08.746154,2,12,"[0, 1, 2, 3, 4, 5, 6, 7]",93.01580810546875,40.42873573303223,46.9639892578125,143,93.01580810546875,0.0,46.44879150390625,141
2025-07-17T20:43:08.832797,3,12,"[0, 1, 2, 3, 4, 5, 6, 7]",93.01580810546875,40.427927017211914,46.9639892578125,143,93.01580810546875,0.0,46.44879150390625,141
2025-07-17T20:43:08.920189,4,12,"[0, 1, 2, 3, 4, 5, 6, 7]",93.01580810546875,40.42873573303223,46.9639892578125,143,93.01580810546875,0.0,46.44879150390625,141
2025-07-17T20:43:09.007698,0,13,"[0, 1, 2, 3, 4, 5, 6, 7]",93.01580810546875,40.427927017211914,46.9639892578125,143,93.01580810546875,0.0,46.44879150390625,141
2025-07-17T20:43:09.095143,1,13,"[0, 1, 2, 3, 4, 5, 6, 7]",93.01580810546875,40.4277286529541,46.9639892578125,143,93.01580810546875,0.0,46.44879150390625,141
2025-07-17T20:43:09.181043,2,13,"[0, 1, 2, 3, 4, 5, 6, 7]",93.01580810546875,40.427927017211914,46.9639892578125,143,93.01580810546875,0.0,46.44879150390625,141
2025-07-17T20:43:09.265685,3,13,"[0, 1, 2, 3, 4, 5, 6, 7]",93.01580810546875,40.42773628234863,46.9639892578125,143,93.01580810546875,0.0,46.44879150390625,141
2025-07-17T20:43:09.352207,4,13,"[0, 1, 2, 3, 4, 5, 6, 7]",93.01580810546875,40.427927017211914,46.9639892578125,143,93.01580810546875,0.0,46.44879150390625,141
2025-07-17T20:43:09.436413,0,14,"[0, 1, 2, 3, 4, 5, 6, 7]",93.01580810546875,40.42873573303223,46.9639892578125,143,93.01580810546875,0.0,46.44879150390625,141
2025-07-17T20:43:09.523263,1,14,"[0, 1, 2, 3, 4, 5, 6, 7]",93.01580810546875,40.427927017211914,46.9639892578125,143,93.01580810546875,0.0,46.44879150390625,141
2025-07-17T20:43:09.610574,2,14,"[0, 1, 2, 3, 4, 5, 6, 7]",93.01580810546875,40.42873573303223,46.9639892578125,143,93.01580810546875,0.0,46.44879150390625,141
2025-07-17T20:43:09.696784,3,14,"[0, 1, 2, 3, 4, 5, 6, 7]",93.01580810546875,40.427927017211914,46.9639892578125,143,93.01580810546875,0.0,46.44879150390625,141
2025-07-17T20:43:09.785588,4,14,"[0, 1, 2, 3, 4, 5, 6, 7]",93.01580810546875,40.42873573303223,46.9639892578125,143,93.01580810546875,0.0,46.44879150390625,141
2025-07-17T20:43:09.873482,0,15,"[0, 1, 2, 3, 4, 5, 6, 7]",93.01580810546875,40.427927017211914,46.9639892578125,143,93.01580810546875,0.0,46.44879150390625,141
2025-07-17T20:43:09.961390,1,15,"[0, 1, 2, 3, 4, 5, 6, 7]",93.01580810546875,40.4277286529541,46.9639892578125,143,93.01580810546875,0.0,46.44879150390625,141
2025-07-17T20:43:10.048393,2,15,"[0, 1, 2, 3, 4, 5, 6, 7]",93.01580810546875,40.427927017211914,46.9639892578125,143,93.01580810546875,0.0,46.44879150390625,141
2025-07-17T20:43:10.132747,3,15,"[0, 1, 2, 3, 4, 5, 6, 7]",93.01580810546875,40.42773628234863,46.9639892578125,143,93.01580810546875,0.0,46.44879150390625,141
2025-07-17T20:43:10.218128,4,15,"[0, 1, 2, 3, 4, 5, 6, 7]",93.01580810546875,40.427927017211914,46.9639892578125,143,93.01580810546875,0.0,46.44879150390625,141
2025-07-17T20:43:10.305152,0,16,"[0, 1, 2, 3, 4, 5, 6, 7]",93.01580810546875,40.42873573303223,46.9639892578125,143,93.01580810546875,0.0,46.44879150390625,141
2025-07-17T20:43:10.391492,1,16,"[0, 1, 2, 3, 4, 5, 6, 7]",93.01580810546875,40.427927017211914,46.9639892578125,143,93.01580810546875,0.0,46.44879150390625,141
2025-07-17T20:43:10.476782,2,16,"[0, 1, 2, 3, 4, 5, 6, 7]",93.01580810546875,40.42873573303223,46.9639892578125,143,93.01580810546875,0.0,46.44879150390625,141
2025-07-17T20:43:10.562311,3,16,"[0, 1, 2, 3, 4, 5, 6, 7]",93.01580810546875,40.427927017211914,46.9639892578125,143,93.01580810546875,0.0,46.44879150390625,141
2025-07-17T20:43:10.650266,4,16,"[0, 1, 2, 3, 4, 5, 6, 7]",93.01580810546875,40.42873573303223,46.9639892578125,143,93.01580810546875,0.0,46.44879150390625,141
2025-07-17T20:43:10.735508,0,17,"[0, 1, 2, 3, 4, 5, 6, 7]",93.01580810546875,40.427927017211914,46.9639892578125,143,93.01580810546875,0.0,46.44879150390625,141
2025-07-17T20:43:10.825532,1,17,"[0, 1, 2, 3, 4, 5, 6, 7]",93.01580810546875,40.4277286529541,46.9639892578125,143,93.01580810546875,0.0,46.44879150390625,141
2025-07-17T20:43:10.914077,2,17,"[0, 1, 2, 3, 4, 5, 6, 7]",93.01580810546875,40.427927017211914,46.9639892578125,143,93.01580810546875,0.0,46.44879150390625,141
2025-07-17T20:43:10.999346,3,17,"[0, 1, 2, 3, 4, 5, 6, 7]",93.01580810546875,40.42773628234863,46.9639892578125,143,93.01580810546875,0.0,46.44879150390625,141
2025-07-17T20:43:11.086580,4,17,"[0, 1, 2, 3, 4, 5, 6, 7]",93.01580810546875,40.427927017211914,46.9639892578125,143,93.01580810546875,0.0,46.44879150390625,141
2025-07-17T20:43:11.174097,0,18,"[0, 1, 2, 3, 4, 5, 6, 7]",93.01580810546875,40.42873573303223,46.9639892578125,143,93.01580810546875,0.0,46.44879150390625,141
2025-07-17T20:43:11.260899,1,18,"[0, 1, 2, 3, 4, 5, 6, 7]",93.01580810546875,40.427927017211914,46.9639892578125,143,93.01580810546875,0.0,46.44879150390625,141
2025-07-17T20:43:11.348178,2,18,"[0, 1, 2, 3, 4, 5, 6, 7]",93.01580810546875,40.42873573303223,46.9639892578125,143,93.01580810546875,0.0,46.44879150390625,141
2025-07-17T20:43:11.431659,3,18,"[0, 1, 2, 3, 4, 5, 6, 7]",93.01580810546875,40.427927017211914,46.9639892578125,143,93.01580810546875,0.0,46.44879150390625,141
2025-07-17T20:43:11.517839,4,18,"[0, 1, 2, 3, 4, 5, 6, 7]",93.01580810546875,40.42873573303223,46.9639892578125,143,93.01580810546875,0.0,46.44879150390625,141
2025-07-17T20:43:11.605536,0,19,"[0, 1, 2, 3, 4, 5, 6, 7]",93.01580810546875,40.427927017211914,46.9639892578125,143,93.01580810546875,0.0,46.44879150390625,141
2025-07-17T20:43:11.693688,1,19,"[0, 1, 2, 3, 4, 5, 6, 7]",93.01580810546875,40.4277286529541,46.9639892578125,143,93.01580810546875,0.0,46.44879150390625,141
2025-07-17T20:43:11.782697,2,19,"[0, 1, 2, 3, 4, 5, 6, 7]",93.01580810546875,40.427927017211914,46.9639892578125,143,93.01580810546875,0.0,46.44879150390625,141
2025-07-17T20:43:11.868734,3,19,"[0, 1, 2, 3, 4, 5, 6, 7]",93.01580810546875,40.42773628234863,46.9639892578125,143,93.01580810546875,0.0,46.44879150390625,141
2025-07-17T20:43:11.956522,4,19,"[0, 1, 2, 3, 4, 5, 6, 7]",93.01580810546875,40.427927017211914,46.9639892578125,143,93.01580810546875,0.0,46.44879150390625,141
2025-07-17T20:43:12.043972,0,20,"[0, 1, 2, 3, 4, 5, 6, 7]",93.01580810546875,40.42873573303223,46.9639892578125,143,93.01580810546875,0.0,46.44879150390625,141
2025-07-17T20:43:12.129818,1,20,"[0, 1, 2, 3, 4, 5, 6, 7]",93.01580810546875,40.427927017211914,46.9639892578125,143,93.01580810546875,0.0,46.44879150390625,141
2025-07-17T20:43:12.215709,2,20,"[0, 1, 2, 3, 4, 5, 6, 7]",93.01580810546875,40.42873573303223,46.9639892578125,143,93.01580810546875,0.0,46.44879150390625,141
2025-07-17T20:43:12.301983,3,20,"[0, 1, 2, 3, 4, 5, 6, 7]",93.01580810546875,40.427927017211914,46.9639892578125,143,93.01580810546875,0.0,46.44879150390625,141
2025-07-17T20:43:12.389087,4,20,"[0, 1, 2, 3, 4, 5, 6, 7]",93.01580810546875,40.42873573303223,46.9639892578125,143,93.01580810546875,0.0,46.44879150390625,141
2025-07-17T20:43:12.475535,0,21,"[0, 1, 2, 3, 4, 5, 6, 7]",93.01580810546875,40.427927017211914,46.9639892578125,143,93.01580810546875,0.0,46.44879150390625,141
2025-07-17T20:43:12.563235,1,21,"[0, 1, 2, 3, 4, 5, 6, 7]",93.01580810546875,40.4277286529541,46.9639892578125,143,93.01580810546875,0.0,46.44879150390625,141
2025-07-17T20:43:12.651355,2,21,"[0, 1, 2, 3, 4, 5, 6, 7]",93.01580810546875,40.427927017211914,46.9639892578125,143,93.01580810546875,0.0,46.44879150390625,141
2025-07-17T20:43:12.736586,3,21,"[0, 1, 2, 3, 4, 5, 6, 7]",93.01580810546875,40.42773628234863,46.9639892578125,143,93.01580810546875,0.0,46.44879150390625,141
2025-07-17T20:43:12.825272,4,21,"[0, 1, 2, 3, 4, 5, 6, 7]",93.01580810546875,40.427927017211914,46.9639892578125,143,93.01580810546875,0.0,46.44879150390625,141
2025-07-17T20:43:12.913705,0,22,"[0, 1, 2, 3, 4, 5, 6, 7]",93.01580810546875,40.42873573303223,46.9639892578125,143,93.01580810546875,0.0,46.44879150390625,141
2025-07-17T20:43:13.000965,1,22,"[0, 1, 2, 3, 4, 5, 6, 7]",93.01580810546875,40.427927017211914,46.9639892578125,143,93.01580810546875,0.0,46.44879150390625,141
2025-07-17T20:43:13.088091,2,22,"[0, 1, 2, 3, 4, 5, 6, 7]",93.01580810546875,40.42873573303223,46.9639892578125,143,93.01580810546875,0.0,46.44879150390625,141
2025-07-17T20:43:13.173751,3,22,"[0, 1, 2, 3, 4, 5, 6, 7]",93.01580810546875,40.427927017211914,46.9639892578125,143,93.01580810546875,0.0,46.44879150390625,141
2025-07-17T20:43:13.260796,4,22,"[0, 1, 2, 3, 4, 5, 6, 7]",93.01580810546875,40.42873573303223,46.9639892578125,143,93.01580810546875,0.0,46.44879150390625,141
2025-07-17T20:43:13.348793,0,23,"[0, 1, 2, 3, 4, 5, 6, 7]",93.01580810546875,40.427927017211914,46.9639892578125,143,93.01580810546875,0.0,46.44879150390625,141
2025-07-17T20:43:13.433888,1,23,"[0, 1, 2, 3, 4, 5, 6, 7]",93.01580810546875,40.4277286529541,46.9639892578125,143,93.01580810546875,0.0,46.44879150390625,141
2025-07-17T20:43:13.521495,2,23,"[0, 1, 2, 3, 4, 5, 6, 7]",93.01580810546875,40.427927017211914,46.9639892578125,143,93.01580810546875,0.0,46.44879150390625,141
2025-07-17T20:43:13.607349,3,23,"[0, 1, 2, 3, 4, 5, 6, 7]",93.01580810546875,40.42773628234863,46.9639892578125,143,93.01580810546875,0.0,46.44879150390625,141
2025-07-17T20:43:13.695359,4,23,"[0, 1, 2, 3, 4, 5, 6, 7]",93.01580810546875,40.427927017211914,46.9639892578125,143,93.01580810546875,0.0,46.44879150390625,141
2025-07-17T20:43:13.783916,0,24,"[0, 1, 2, 3, 4, 5, 6, 7]",93.01580810546875,40.42873573303223,46.9639892578125,143,93.01580810546875,0.0,46.44879150390625,141
2025-07-17T20:43:13.872702,1,24,"[0, 1, 2, 3, 4, 5, 6, 7]",93.01580810546875,40.427927017211914,46.9639892578125,143,93.01580810546875,0.0,46.44879150390625,141
2025-07-17T20:43:13.960932,2,24,"[0, 1, 2, 3, 4, 5, 6, 7]",93.01580810546875,40.42873573303223,46.9639892578125,143,93.01580810546875,0.0,46.44879150390625,141
2025-07-17T20:43:14.046637,3,24,"[0, 1, 2, 3, 4, 5, 6, 7]",93.01580810546875,40.427927017211914,46.9639892578125,143,93.01580810546875,0.0,46.44879150390625,141
2025-07-17T20:43:14.132819,4,24,"[0, 1, 2, 3, 4, 5, 6, 7]",93.01580810546875,40.42873573303223,46.9639892578125,143,93.01580810546875,0.0,46.44879150390625,141
2025-07-17T20:43:14.219877,0,25,"[0, 1, 2, 3, 4, 5, 6, 7]",93.01580810546875,40.427927017211914,46.9639892578125,143,93.01580810546875,0.0,46.44879150390625,141
2025-07-17T20:43:14.307784,1,25,"[0, 1, 2, 3, 4, 5, 6, 7]",93.01580810546875,40.4277286529541,46.9639892578125,143,93.01580810546875,0.0,46.44879150390625,141
2025-07-17T20:43:14.394850,2,25,"[0, 1, 2, 3, 4, 5, 6, 7]",93.01580810546875,40.427927017211914,46.9639892578125,143,93.01580810546875,0.0,46.44879150390625,141
2025-07-17T20:43:14.481182,3,25,"[0, 1, 2, 3, 4, 5, 6, 7]",93.01580810546875,40.42773628234863,46.9639892578125,143,93.01580810546875,0.0,46.44879150390625,141
2025-07-17T20:43:14.568747,4,25,"[0, 1, 2, 3, 4, 5, 6, 7]",93.01580810546875,40.427927017211914,46.9639892578125,143,93.01580810546875,0.0,46.44879150390625,141
2025-07-17T20:43:14.656900,0,26,"[0, 1, 2, 3, 4, 5, 6, 7]",93.01580810546875,40.42873573303223,46.9639892578125,143,93.01580810546875,0.0,46.44879150390625,141
2025-07-17T20:43:14.746115,1,26,"[0, 1, 2, 3, 4, 5, 6, 7]",93.01580810546875,40.427927017211914,46.9639892578125,143,93.01580810546875,0.0,46.44879150390625,141
2025-07-17T20:43:14.834417,2,26,"[0, 1, 2, 3, 4, 5, 6, 7]",93.01580810546875,40.42873573303223,46.9639892578125,143,93.01580810546875,0.0,46.44879150390625,141
2025-07-17T20:43:14.918742,3,26,"[0, 1, 2, 3, 4, 5, 6, 7]",93.01580810546875,40.427927017211914,46.9639892578125,143,93.01580810546875,0.0,46.44879150390625,141
2025-07-17T20:43:15.007103,4,26,"[0, 1, 2, 3, 4, 5, 6, 7]",93.01580810546875,40.42873573303223,46.9639892578125,143,93.01580810546875,0.0,46.44879150390625,141
2025-07-17T20:43:15.094416,0,27,"[0, 1, 2, 3, 4, 5, 6, 7]",93.01580810546875,40.427927017211914,46.9639892578125,143,93.01580810546875,0.0,46.44879150390625,141
2025-07-17T20:43:15.182816,1,27,"[0, 1, 2, 3, 4, 5, 6, 7]",93.01580810546875,40.4277286529541,46.9639892578125,143,93.01580810546875,0.0,46.44879150390625,141
2025-07-17T20:43:15.269707,2,27,"[0, 1, 2, 3, 4, 5, 6, 7]",93.01580810546875,40.427927017211914,46.9639892578125,143,93.01580810546875,0.0,46.44879150390625,141
2025-07-17T20:43:15.356074,3,27,"[0, 1, 2, 3, 4, 5, 6, 7]",93.01580810546875,40.42773628234863,46.9639892578125,143,93.01580810546875,0.0,46.44879150390625,141
2025-07-17T20:43:15.443881,4,27,"[0, 1, 2, 3, 4, 5, 6, 7]",93.01580810546875,40.427927017211914,46.9639892578125,143,93.01580810546875,0.0,46.44879150390625,141
2025-07-17T20:43:15.531137,0,28,"[0, 1, 2, 3, 4, 5, 6, 7]",93.01580810546875,40.42873573303223,46.9639892578125,143,93.01580810546875,0.0,46.44879150390625,141
2025-07-17T20:43:15.616300,1,28,"[0, 1, 2, 3, 4, 5, 6, 7]",93.01580810546875,40.427927017211914,46.9639892578125,143,93.01580810546875,0.0,46.44879150390625,141
2025-07-17T20:43:15.704170,2,28,"[0, 1, 2, 3, 4, 5, 6, 7]",93.01580810546875,40.42873573303223,46.9639892578125,143,93.01580810546875,0.0,46.44879150390625,141
2025-07-17T20:43:15.789823,3,28,"[0, 1, 2, 3, 4, 5, 6, 7]",93.01580810546875,40.427927017211914,46.9639892578125,143,93.01580810546875,0.0,46.44879150390625,141
2025-07-17T20:43:15.876587,4,28,"[0, 1, 2, 3, 4, 5, 6, 7]",93.01580810546875,40.42873573303223,46.9639892578125,143,93.01580810546875,0.0,46.44879150390625,141
2025-07-17T20:43:15.964309,0,29,"[0, 1, 2, 3, 4, 5, 6, 7]",93.01580810546875,40.427927017211914,46.9639892578125,143,93.01580810546875,0.0,46.44879150390625,141
2025-07-17T20:43:16.052241,1,29,"[0, 1, 2, 3, 4, 5, 6, 7]",93.01580810546875,40.4277286529541,46.9639892578125,143,93.01580810546875,0.0,46.44879150390625,141
2025-07-17T20:43:16.138163,2,29,"[0, 1, 2, 3, 4, 5, 6, 7]",93.01580810546875,40.427927017211914,46.9639892578125,143,93.01580810546875,0.0,46.44879150390625,141
2025-07-17T20:43:16.223862,3,29,"[0, 1, 2, 3, 4, 5, 6, 7]",93.01580810546875,40.42773628234863,46.9639892578125,143,93.01580810546875,0.0,46.44879150390625,141
2025-07-17T20:43:16.309799,4,29,"[0, 1, 2, 3, 4, 5, 6, 7]",93.01580810546875,40.427927017211914,46.9639892578125,143,93.01580810546875,0.0,46.44879150390625,141
2025-07-17T20:43:16.396941,0,30,"[0, 1, 2, 3, 4, 5, 6, 7]",93.01580810546875,40.42873573303223,46.9639892578125,143,93.01580810546875,0.0,46.44879150390625,141
2025-07-17T20:43:16.485108,1,30,"[0, 1, 2, 3, 4, 5, 6, 7]",93.01580810546875,40.427927017211914,46.9639892578125,143,93.01580810546875,0.0,46.44879150390625,141
2025-07-17T20:43:16.571830,2,30,"[0, 1, 2, 3, 4, 5, 6, 7]",93.01580810546875,40.42873573303223,46.9639892578125,143,93.01580810546875,0.0,46.44879150390625,141
2025-07-17T20:43:16.657196,3,30,"[0, 1, 2, 3, 4, 5, 6, 7]",93.01580810546875,40.427927017211914,46.9639892578125,143,93.01580810546875,0.0,46.44879150390625,141
2025-07-17T20:43:16.744898,4,30,"[0, 1, 2, 3, 4, 5, 6, 7]",93.01580810546875,40.42873573303223,46.9639892578125,143,93.01580810546875,0.0,46.44879150390625,141
2025-07-17T20:43:16.831708,0,31,"[0, 1, 2, 3, 4, 5, 6, 7]",93.01580810546875,40.43631839752197,46.9639892578125,143,93.01580810546875,0.0,46.44879150390625,141
2025-07-17T20:43:16.932042,1,31,"[0, 1, 2, 3, 4, 5, 6, 7]",93.01580810546875,40.17264652252197,46.9639892578125,143,93.01580810546875,0.0,46.44879150390625,141
2025-07-17T20:43:17.029426,2,31,"[0, 1, 2, 3, 4, 5, 6, 7]",93.01580810546875,39.90897464752197,46.9639892578125,143,93.01580810546875,0.0,46.44879150390625,141
2025-07-17T20:43:17.125200,3,31,"[0, 1, 2, 3, 4, 5, 6, 7]",93.01580810546875,39.64530277252197,46.9639892578125,143,93.01580810546875,0.0,46.44879150390625,141
2025-07-17T20:43:17.223641,4,31,"[0, 1, 2, 3, 4, 5, 6, 7]",93.01580810546875,39.38222599029541,46.9639892578125,143,93.01580810546875,0.0,46.44879150390625,141
2025-07-17T20:43:17.333416,0,0,"[0, 1, 2, 3, 7]",93.01580810546875,38.85301399230957,46.9600830078125,143,93.01580810546875,0.0,46.44488525390625,141
2025-07-17T20:43:17.338589,1,0,"[0, 7]",93.01580810546875,38.85698890686035,46.9600830078125,143,93.01580810546875,0.0,46.44488525390625,141
2025-07-17T20:43:17.350629,2,0,"[0, 1, 2, 3, 4, 6, 7]",93.01580810546875,38.86073112487793,46.9581298828125,143,93.01580810546875,0.0,46.44293212890625,141
2025-07-17T20:43:17.353997,3,0,"[0, 7]",93.01580810546875,38.86438179016113,46.9581298828125,143,93.01580810546875,0.0,46.44293212890625,141
2025-07-17T20:43:17.360521,4,0,"[0, 7]",93.01580810546875,38.86540412902832,46.9561767578125,143,93.01580810546875,0.0,46.44097900390625,141
2025-07-17T20:43:17.367757,0,1,"[0, 1, 2, 4, 5, 6, 7]",93.01580810546875,38.86540412902832,46.9561767578125,143,93.01580810546875,0.0,46.44097900390625,141
2025-07-17T20:43:17.374588,1,1,"[1, 3, 6, 7]",93.01580810546875,38.86540412902832,46.9561767578125,143,93.01580810546875,0.0,46.44097900390625,141
2025-07-17T20:43:17.381363,2,1,"[0, 1, 2, 5, 6, 7]",93.01580810546875,38.86540412902832,46.9561767578125,143,93.01580810546875,0.0,46.44097900390625,141
2025-07-17T20:43:17.393661,3,1,"[1, 3, 6, 7]",93.01580810546875,38.86540412902832,46.9561767578125,143,93.01580810546875,0.0,46.44097900390625,141
2025-07-17T20:43:17.396302,4,1,"[1, 3, 6, 7]",93.01580810546875,38.86540412902832,46.9561767578125,143,93.01580810546875,0.0,46.44097900390625,141
2025-07-17T20:43:17.403100,0,2,"[0, 3, 6, 7]",93.01580810546875,38.86540412902832,46.9561767578125,143,93.01580810546875,0.0,46.44097900390625,141
2025-07-17T20:43:17.409964,1,2,"[0, 1, 3, 5, 6, 7]",93.01580810546875,38.86540412902832,46.9561767578125,143,93.01580810546875,0.0,46.44097900390625,141
2025-07-17T20:43:17.416679,2,2,"[0, 1, 2, 3, 4, 5, 6, 7]",93.01580810546875,38.86540412902832,46.9561767578125,143,93.01580810546875,0.0,46.44097900390625,141
2025-07-17T20:43:17.424961,3,2,"[0, 1, 3, 5, 6, 7]",93.01580810546875,38.86540412902832,46.9561767578125,143,93.01580810546875,0.0,46.44097900390625,141
2025-07-17T20:43:17.436457,4,2,"[0, 1, 3, 5, 6, 7]",93.01580810546875,38.86540412902832,46.9561767578125,143,93.01580810546875,0.0,46.44097900390625,141
2025-07-17T20:43:17.444182,0,3,"[0, 2, 3, 4, 5, 6]",93.01580810546875,38.86540412902832,46.9561767578125,143,93.01580810546875,0.0,46.44097900390625,141
2025-07-17T20:43:17.451634,1,3,"[0, 1, 3, 4, 5, 6]",93.01580810546875,38.86540412902832,46.9561767578125,143,93.01580810546875,0.0,46.44097900390625,141
2025-07-17T20:43:17.454261,2,3,"[0, 1, 2, 3, 4, 5, 6, 7]",93.01580810546875,38.86540412902832,46.9561767578125,143,93.01580810546875,0.0,46.44097900390625,141
2025-07-17T20:43:17.460506,3,3,"[0, 1, 3, 4, 5, 6]",93.01580810546875,38.86540412902832,46.9561767578125,143,93.01580810546875,0.0,46.44097900390625,141
2025-07-17T20:43:17.472733,4,3,"[0, 1, 3, 4, 5, 6]",93.01580810546875,38.86540412902832,46.9561767578125,143,93.01580810546875,0.0,46.44097900390625,141
2025-07-17T20:43:17.475201,0,4,"[0, 1, 3, 4, 5, 6, 7]",93.01580810546875,38.86540412902832,46.9561767578125,143,93.01580810546875,0.0,46.44097900390625,141
2025-07-17T20:43:17.481315,1,4,"[0, 1, 3, 6, 7]",93.01580810546875,38.86540412902832,46.9561767578125,143,93.01580810546875,0.0,46.44097900390625,141
2025-07-17T20:43:17.487910,2,4,"[0, 1, 2, 3, 5, 6, 7]",93.01580810546875,38.86540412902832,46.9561767578125,143,93.01580810546875,0.0,46.44097900390625,141
2025-07-17T20:43:17.494738,3,4,"[0, 1, 3, 6, 7]",93.01580810546875,38.86540412902832,46.9561767578125,143,93.01580810546875,0.0,46.44097900390625,141
2025-07-17T20:43:17.505670,4,4,"[0, 1, 3, 6, 7]",93.01580810546875,38.86540412902832,46.9561767578125,143,93.01580810546875,0.0,46.44097900390625,141
2025-07-17T20:43:17.512203,0,5,"[0, 1, 2, 3, 4, 5, 6, 7]",93.01580810546875,38.86540412902832,46.9561767578125,143,93.01580810546875,0.0,46.44097900390625,141
2025-07-17T20:43:17.514326,1,5,"[0, 1, 2, 3, 5, 6, 7]",93.01580810546875,38.86540412902832,46.9561767578125,143,93.01580810546875,0.0,46.44097900390625,141
2025-07-17T20:43:17.522155,2,5,"[0, 1, 2, 3, 5, 6, 7]",93.01580810546875,38.86540412902832,46.9561767578125,143,93.01580810546875,0.0,46.44097900390625,141
2025-07-17T20:43:17.529173,3,5,"[0, 1, 2, 3, 5, 6, 7]",93.01580810546875,38.86540412902832,46.9561767578125,143,93.01580810546875,0.0,46.44097900390625,141
2025-07-17T20:43:17.536560,4,5,"[0, 1, 2, 3, 5, 6, 7]",93.01580810546875,38.86540412902832,46.9561767578125,143,93.01580810546875,0.0,46.44097900390625,141
2025-07-17T20:43:17.544483,0,6,"[0, 1, 2, 3, 4, 5, 6, 7]",93.01580810546875,38.86540412902832,46.9561767578125,143,93.01580810546875,0.0,46.44097900390625,141
2025-07-17T20:43:17.555192,1,6,"[0, 1, 5, 6, 7]",93.01580810546875,38.86482238769531,46.9561767578125,143,93.01580810546875,0.0,46.44097900390625,141
2025-07-17T20:43:17.562036,2,6,"[0, 1, 2, 3, 4, 5, 6]",93.01580810546875,38.86482238769531,46.9561767578125,143,93.01580810546875,0.0,46.44097900390625,141
2025-07-17T20:43:17.569230,3,6,"[0, 1, 5, 6, 7]",93.01580810546875,38.86456489562988,46.9561767578125,143,93.01580810546875,0.0,46.44097900390625,141
2025-07-17T20:43:17.576178,4,6,"[0, 1, 5, 6, 7]",93.01580810546875,38.86540412902832,46.9561767578125,143,93.01580810546875,0.0,46.44097900390625,141
2025-07-17T20:43:17.582551,0,7,"[0, 1, 2, 3, 4, 5, 6, 7]",93.01580810546875,38.86482238769531,46.9561767578125,143,93.01580810546875,0.0,46.44097900390625,141
2025-07-17T20:43:17.589871,1,7,"[0, 1, 2, 5, 6]",93.01580810546875,38.86540412902832,46.9561767578125,143,93.01580810546875,0.0,46.44097900390625,141
2025-07-17T20:43:17.596571,2,7,"[0, 1, 2, 5, 6, 7]",93.01580810546875,38.86540412902832,46.9561767578125,143,93.01580810546875,0.0,46.44097900390625,141
2025-07-17T20:43:17.603792,3,7,"[0, 1, 2, 5, 6]",93.01580810546875,38.86540412902832,46.9561767578125,143,93.01580810546875,0.0,46.44097900390625,141
2025-07-17T20:43:17.610340,4,7,"[0, 1, 2, 5, 6]",93.01580810546875,38.86540412902832,46.9561767578125,143,93.01580810546875,0.0,46.44097900390625,141
2025-07-17T20:43:17.617774,0,8,"[0, 2, 3, 4, 5, 7]",93.01580810546875,38.86540412902832,46.9561767578125,143,93.01580810546875,0.0,46.44097900390625,141
2025-07-17T20:43:17.620338,1,8,"[0, 2, 3, 4, 5, 6, 7]",93.01580810546875,38.86540412902832,46.9561767578125,143,93.01580810546875,0.0,46.44097900390625,141
2025-07-17T20:43:17.631623,2,8,"[0, 1, 2, 4, 5, 7]",93.01580810546875,38.86540412902832,46.9561767578125,143,93.01580810546875,0.0,46.44097900390625,141
2025-07-17T20:43:17.638541,3,8,"[0, 2, 3, 4, 5, 6, 7]",93.01580810546875,38.86540412902832,46.9561767578125,143,93.01580810546875,0.0,46.44097900390625,141
2025-07-17T20:43:17.645778,4,8,"[0, 2, 3, 4, 5, 6, 7]",93.01580810546875,38.86540412902832,46.9561767578125,143,93.01580810546875,0.0,46.44097900390625,141
2025-07-17T20:43:17.652750,0,9,"[1, 2, 3, 4, 5, 6, 7]",93.01580810546875,38.86540412902832,46.9561767578125,143,93.01580810546875,0.0,46.44097900390625,141
2025-07-17T20:43:17.655272,1,9,"[3, 4, 5, 6, 7]",93.01580810546875,38.86540412902832,46.9561767578125,143,93.01580810546875,0.0,46.44097900390625,141
2025-07-17T20:43:17.666536,2,9,"[0, 1, 2, 3, 5, 6, 7]",93.01580810546875,38.86540412902832,46.9561767578125,143,93.01580810546875,0.0,46.44097900390625,141
2025-07-17T20:43:17.673836,3,9,"[3, 4, 5, 6, 7]",93.01580810546875,38.86482238769531,46.9561767578125,143,93.01580810546875,0.0,46.44097900390625,141
2025-07-17T20:43:17.680626,4,9,"[3, 4, 5, 6, 7]",93.01580810546875,38.86456489562988,46.9561767578125,143,93.01580810546875,0.0,46.44097900390625,141
2025-07-17T20:43:17.687689,0,10,"[0, 1, 2, 3, 4, 5, 6, 7]",93.01580810546875,38.86456489562988,46.9561767578125,143,93.01580810546875,0.0,46.44097900390625,141
2025-07-17T20:43:17.694812,1,10,"[0, 1, 2, 6, 7]",93.01580810546875,38.86456489562988,46.9561767578125,143,93.01580810546875,0.0,46.44097900390625,141
2025-07-17T20:43:17.701684,2,10,"[0, 1, 2, 4, 5, 6, 7]",93.01580810546875,38.86456489562988,46.9561767578125,143,93.01580810546875,0.0,46.44097900390625,141
2025-07-17T20:43:17.708844,3,10,"[0, 1, 2, 6, 7]",93.01580810546875,38.86540412902832,46.9561767578125,143,93.01580810546875,0.0,46.44097900390625,141
2025-07-17T20:43:17.711369,4,10,"[0, 1, 2, 6, 7]",93.01580810546875,38.86540412902832,46.9561767578125,143,93.01580810546875,0.0,46.44097900390625,141
2025-07-17T20:43:17.723513,0,11,"[0, 1, 2, 4, 5, 7]",93.01580810546875,38.86540412902832,46.9561767578125,143,93.01580810546875,0.0,46.44097900390625,141
2025-07-17T20:43:17.725630,1,11,"[2, 4, 5, 6, 7]",93.01580810546875,38.86540412902832,46.9561767578125,143,93.01580810546875,0.0,46.44097900390625,141
2025-07-17T20:43:17.738377,2,11,"[0, 1, 2, 3, 4, 6, 7]",93.01580810546875,38.86540412902832,46.9561767578125,143,93.01580810546875,0.0,46.44097900390625,141
2025-07-17T20:43:17.740342,3,11,"[2, 4, 5, 6, 7]",93.01580810546875,38.86540412902832,46.9561767578125,143,93.01580810546875,0.0,46.44097900390625,141
2025-07-17T20:43:17.746922,4,11,"[2, 4, 5, 6, 7]",93.01580810546875,38.86540412902832,46.9561767578125,143,93.01580810546875,0.0,46.44097900390625,141
2025-07-17T20:43:17.759375,0,12,"[0, 1, 2, 3, 4, 5, 6]",93.01580810546875,38.86540412902832,46.9561767578125,143,93.01580810546875,0.0,46.44097900390625,141
2025-07-17T20:43:17.761546,1,12,"[0, 1, 3, 5, 7]",93.01580810546875,38.86540412902832,46.9561767578125,143,93.01580810546875,0.0,46.44097900390625,141
2025-07-17T20:43:17.768389,2,12,"[1, 3, 4, 5, 6, 7]",93.01580810546875,38.86540412902832,46.9561767578125,143,93.01580810546875,0.0,46.44097900390625,141
2025-07-17T20:43:17.780169,3,12,"[0, 1, 3, 5, 7]",93.01580810546875,38.86540412902832,46.9561767578125,143,93.01580810546875,0.0,46.44097900390625,141
2025-07-17T20:43:17.787014,4,12,"[0, 1, 3, 5, 7]",93.01580810546875,38.86540412902832,46.9561767578125,143,93.01580810546875,0.0,46.44097900390625,141
2025-07-17T20:43:17.789185,0,13,"[0, 1, 2, 3, 4, 7]",93.01580810546875,38.86540412902832,46.9561767578125,143,93.01580810546875,0.0,46.44097900390625,141
2025-07-17T20:43:17.795826,1,13,"[0, 1, 2, 4, 7]",93.01580810546875,38.86540412902832,46.9561767578125,143,93.01580810546875,0.0,46.44097900390625,141
2025-07-17T20:43:17.802451,2,13,"[0, 1, 2, 3, 4, 7]",93.01580810546875,38.86540412902832,46.9561767578125,143,93.01580810546875,0.0,46.44097900390625,141
2025-07-17T20:43:17.809138,3,13,"[0, 1, 2, 4, 7]",93.01580810546875,38.86540412902832,46.9561767578125,143,93.01580810546875,0.0,46.44097900390625,141
2025-07-17T20:43:17.816819,4,13,"[0, 1, 2, 4, 7]",93.01580810546875,38.86540412902832,46.9561767578125,143,93.01580810546875,0.0,46.44097900390625,141
2025-07-17T20:43:17.829341,0,14,"[0, 2, 4, 5]",93.01580810546875,38.86540412902832,46.9561767578125,143,93.01580810546875,0.0,46.44097900390625,141
2025-07-17T20:43:17.831521,1,14,"[0, 2, 4, 5, 7]",93.01580810546875,38.86540412902832,46.9561767578125,143,93.01580810546875,0.0,46.44097900390625,141
2025-07-17T20:43:17.844005,2,14,"[0, 2, 4, 6, 7]",93.01580810546875,38.86540412902832,46.9561767578125,143,93.01580810546875,0.0,46.44097900390625,141
2025-07-17T20:43:17.846839,3,14,"[0, 2, 4, 5, 7]",93.01580810546875,38.86540412902832,46.9561767578125,143,93.01580810546875,0.0,46.44097900390625,141
2025-07-17T20:43:17.858683,4,14,"[0, 2, 4, 5, 7]",93.01580810546875,38.86540412902832,46.9561767578125,143,93.01580810546875,0.0,46.44097900390625,141
2025-07-17T20:43:17.860814,0,15,"[0, 3, 4, 5, 6]",93.01580810546875,38.86540412902832,46.9561767578125,143,93.01580810546875,0.0,46.44097900390625,141
2025-07-17T20:43:17.867754,1,15,"[0, 1, 3, 4, 5]",93.01580810546875,38.86540412902832,46.9561767578125,143,93.01580810546875,0.0,46.44097900390625,141
2025-07-17T20:43:17.874780,2,15,"[0, 1, 2, 3, 4, 5, 6]",93.01580810546875,38.86540412902832,46.9561767578125,143,93.01580810546875,0.0,46.44097900390625,141
2025-07-17T20:43:17.881107,3,15,"[0, 1, 3, 4, 5]",93.01580810546875,38.86540412902832,46.9561767578125,143,93.01580810546875,0.0,46.44097900390625,141
2025-07-17T20:43:17.893913,4,15,"[0, 1, 3, 4, 5]",93.01580810546875,38.86540412902832,46.9561767578125,143,93.01580810546875,0.0,46.44097900390625,141
2025-07-17T20:43:17.896181,0,16,"[0, 3, 4, 5, 6, 7]",93.01580810546875,38.86540412902832,46.9561767578125,143,93.01580810546875,0.0,46.44097900390625,141
2025-07-17T20:43:17.903711,1,16,"[3, 5, 6, 7]",93.01580810546875,38.86540412902832,46.9561767578125,143,93.01580810546875,0.0,46.44097900390625,141
2025-07-17T20:43:17.910911,2,16,"[0, 2, 3, 4, 5, 6, 7]",93.01580810546875,38.86540412902832,46.9561767578125,143,93.01580810546875,0.0,46.44097900390625,141
2025-07-17T20:43:17.918202,3,16,"[3, 5, 6, 7]",93.01580810546875,38.86540412902832,46.9561767578125,143,93.01580810546875,0.0,46.44097900390625,141
2025-07-17T20:43:17.931505,4,16,"[3, 5, 6, 7]",93.01580810546875,38.86540412902832,46.9561767578125,143,93.01580810546875,0.0,46.44097900390625,141
2025-07-17T20:43:17.933676,0,17,"[0, 1, 3, 4, 5, 6, 7]",93.01580810546875,38.86540412902832,46.9561767578125,143,93.01580810546875,0.0,46.44097900390625,141
2025-07-17T20:43:17.945882,1,17,"[0, 2, 3, 4, 6, 7]",93.01580810546875,38.86540412902832,46.9561767578125,143,93.01580810546875,0.0,46.44097900390625,141
2025-07-17T20:43:17.948020,2,17,"[0, 1, 2, 3, 6, 7]",93.01580810546875,38.86540412902832,46.9561767578125,143,93.01580810546875,0.0,46.44097900390625,141
2025-07-17T20:43:17.955014,3,17,"[0, 2, 3, 4, 6, 7]",93.01580810546875,38.86540412902832,46.9561767578125,143,93.01580810546875,0.0,46.44097900390625,141
2025-07-17T20:43:17.961584,4,17,"[0, 2, 3, 4, 6, 7]",93.01580810546875,38.86540412902832,46.9561767578125,143,93.01580810546875,0.0,46.44097900390625,141
2025-07-17T20:43:17.968625,0,18,"[0, 1, 3, 4, 5, 7]",93.01580810546875,38.86540412902832,46.9561767578125,143,93.01580810546875,0.0,46.44097900390625,141
2025-07-17T20:43:17.976245,1,18,"[0, 1, 3, 7]",93.01580810546875,38.86540412902832,46.9561767578125,143,93.01580810546875,0.0,46.44097900390625,141
2025-07-17T20:43:17.987957,2,18,"[0, 1, 3, 4, 5, 6, 7]",93.01580810546875,38.86540412902832,46.9561767578125,143,93.01580810546875,0.0,46.44097900390625,141
2025-07-17T20:43:17.990336,3,18,"[0, 1, 3, 7]",93.01580810546875,38.86540412902832,46.9561767578125,143,93.01580810546875,0.0,46.44097900390625,141
2025-07-17T20:43:17.997326,4,18,"[0, 1, 3, 7]",93.01580810546875,38.86540412902832,46.9561767578125,143,93.01580810546875,0.0,46.44097900390625,141
2025-07-17T20:43:18.010166,0,19,"[0, 1, 2, 3, 4, 5, 6, 7]",93.01580810546875,38.86540412902832,46.9561767578125,143,93.01580810546875,0.0,46.44097900390625,141
2025-07-17T20:43:18.012378,1,19,"[0, 2, 4, 6, 7]",93.01580810546875,38.86540412902832,46.9561767578125,143,93.01580810546875,0.0,46.44097900390625,141
2025-07-17T20:43:18.019810,2,19,"[0, 1, 2, 3, 4, 5, 6, 7]",93.01580810546875,38.86540412902832,46.9561767578125,143,93.01580810546875,0.0,46.44097900390625,141
2025-07-17T20:43:18.031668,3,19,"[0, 2, 4, 6, 7]",93.01580810546875,38.86540412902832,46.9561767578125,143,93.01580810546875,0.0,46.44097900390625,141
2025-07-17T20:43:18.034270,4,19,"[0, 2, 4, 6, 7]",93.01580810546875,38.86540412902832,46.9561767578125,143,93.01580810546875,0.0,46.44097900390625,141
2025-07-17T20:43:18.046780,0,20,"[0, 1, 2, 3, 6, 7]",93.01580810546875,38.86540412902832,46.9561767578125,143,93.01580810546875,0.0,46.44097900390625,141
2025-07-17T20:43:18.049011,1,20,"[0, 1, 2, 3, 5, 6]",93.01580810546875,38.86540412902832,46.9561767578125,143,93.01580810546875,0.0,46.44097900390625,141
2025-07-17T20:43:18.061491,2,20,"[0, 1, 2, 3, 4, 6, 7]",93.01580810546875,38.86540412902832,46.9561767578125,143,93.01580810546875,0.0,46.44097900390625,141
2025-07-17T20:43:18.063577,3,20,"[0, 1, 2, 3, 5, 6]",93.01580810546875,38.86540412902832,46.9561767578125,143,93.01580810546875,0.0,46.44097900390625,141
2025-07-17T20:43:18.070740,4,20,"[0, 1, 2, 3, 5, 6]",93.01580810546875,38.86540412902832,46.9561767578125,143,93.01580810546875,0.0,46.44097900390625,141
2025-07-17T20:43:18.083504,0,21,"[0, 2, 4, 5, 7]",93.01580810546875,38.86540412902832,46.9561767578125,143,93.01580810546875,0.0,46.44097900390625,141
2025-07-17T20:43:18.085392,1,21,"[0, 1, 4, 5, 7]",93.01580810546875,38.86540412902832,46.9561767578125,143,93.01580810546875,0.0,46.44097900390625,141
2025-07-17T20:43:18.098421,2,21,"[0, 1, 2, 3, 4, 5, 7]",93.01580810546875,38.86540412902832,46.9561767578125,143,93.01580810546875,0.0,46.44097900390625,141
2025-07-17T20:43:18.100546,3,21,"[0, 1, 4, 5, 7]",93.01580810546875,38.86540412902832,46.9561767578125,143,93.01580810546875,0.0,46.44097900390625,141
2025-07-17T20:43:18.112613,4,21,"[0, 1, 4, 5, 7]",93.01580810546875,38.86540412902832,46.9561767578125,143,93.01580810546875,0.0,46.44097900390625,141
2025-07-17T20:43:18.120799,0,22,"[0, 1, 2, 3, 4, 5, 6, 7]",93.01580810546875,38.86540412902832,46.9561767578125,143,93.01580810546875,0.0,46.44097900390625,141
2025-07-17T20:43:18.127166,1,22,"[0, 1, 3, 4, 6]",93.01580810546875,38.86540412902832,46.9561767578125,143,93.01580810546875,0.0,46.44097900390625,141
2025-07-17T20:43:18.129884,2,22,"[0, 1, 2, 3, 4, 5, 6, 7]",93.01580810546875,38.86540412902832,46.9561767578125,143,93.01580810546875,0.0,46.44097900390625,141
2025-07-17T20:43:18.136950,3,22,"[0, 1, 3, 4, 6]",93.01580810546875,38.86540412902832,46.9561767578125,143,93.01580810546875,0.0,46.44097900390625,141
2025-07-17T20:43:18.149434,4,22,"[0, 1, 3, 4, 6]",93.01580810546875,38.86540412902832,46.9561767578125,143,93.01580810546875,0.0,46.44097900390625,141
2025-07-17T20:43:18.151675,0,23,"[1, 2, 3, 4, 5, 6, 7]",93.01580810546875,38.86540412902832,46.9561767578125,143,93.01580810546875,0.0,46.44097900390625,141
2025-07-17T20:43:18.165471,1,23,"[2, 3, 4, 5, 6, 7]",93.01580810546875,38.86540412902832,46.9561767578125,143,93.01580810546875,0.0,46.44097900390625,141
2025-07-17T20:43:18.167522,2,23,"[0, 1, 2, 3, 4, 5, 6, 7]",93.01580810546875,38.86540412902832,46.9561767578125,143,93.01580810546875,0.0,46.44097900390625,141
2025-07-17T20:43:18.174933,3,23,"[2, 3, 4, 5, 6, 7]",93.01580810546875,38.86540412902832,46.9561767578125,143,93.01580810546875,0.0,46.44097900390625,141
2025-07-17T20:43:18.186727,4,23,"[2, 3, 4, 5, 6, 7]",93.01580810546875,38.86540412902832,46.9561767578125,143,93.01580810546875,0.0,46.44097900390625,141
2025-07-17T20:43:18.188750,0,24,"[0, 1, 3, 4, 5, 6, 7]",93.01580810546875,38.86540412902832,46.9561767578125,143,93.01580810546875,0.0,46.44097900390625,141
2025-07-17T20:43:18.200338,1,24,"[0, 3, 4, 5, 6, 7]",93.01580810546875,38.86540412902832,46.9561767578125,143,93.01580810546875,0.0,46.44097900390625,141
2025-07-17T20:43:18.202605,2,24,"[0, 1, 2, 3, 5, 6, 7]",93.01580810546875,38.86540412902832,46.9561767578125,143,93.01580810546875,0.0,46.44097900390625,141
2025-07-17T20:43:18.209994,3,24,"[0, 3, 4, 5, 6, 7]",93.01580810546875,38.86540412902832,46.9561767578125,143,93.01580810546875,0.0,46.44097900390625,141
2025-07-17T20:43:18.216547,4,24,"[0, 3, 4, 5, 6, 7]",93.01580810546875,38.86540412902832,46.9561767578125,143,93.01580810546875,0.0,46.44097900390625,141
2025-07-17T20:43:18.223495,0,25,"[0, 1, 2, 3, 5, 6]",93.01580810546875,38.86540412902832,46.9561767578125,143,93.01580810546875,0.0,46.44097900390625,141
2025-07-17T20:43:18.229790,1,25,"[0, 1, 2, 3, 5, 7]",93.01580810546875,38.86540412902832,46.9561767578125,143,93.01580810546875,0.0,46.44097900390625,141
2025-07-17T20:43:18.241240,2,25,"[0, 1, 2, 3, 5, 6, 7]",93.01580810546875,38.86540412902832,46.9561767578125,143,93.01580810546875,0.0,46.44097900390625,141
2025-07-17T20:43:18.244027,3,25,"[0, 1, 2, 3, 5, 7]",93.01580810546875,38.86540412902832,46.9561767578125,143,93.01580810546875,0.0,46.44097900390625,141
2025-07-17T20:43:18.255380,4,25,"[0, 1, 2, 3, 5, 7]",93.01580810546875,38.86540412902832,46.9561767578125,143,93.01580810546875,0.0,46.44097900390625,141
2025-07-17T20:43:18.257472,0,26,"[0, 2, 3, 5, 6]",93.01580810546875,38.86540412902832,46.9561767578125,143,93.01580810546875,0.0,46.44097900390625,141
2025-07-17T20:43:18.264440,1,26,"[0, 2, 3, 5, 6, 7]",93.01580810546875,38.86540412902832,46.9561767578125,143,93.01580810546875,0.0,46.44097900390625,141
2025-07-17T20:43:18.271315,2,26,"[0, 1, 2, 3, 4, 5, 6, 7]",93.01580810546875,38.86540412902832,46.9561767578125,143,93.01580810546875,0.0,46.44097900390625,141
2025-07-17T20:43:18.280198,3,26,"[0, 2, 3, 5, 6, 7]",93.01580810546875,38.86540412902832,46.9561767578125,143,93.01580810546875,0.0,46.44097900390625,141
2025-07-17T20:43:18.291877,4,26,"[0, 2, 3, 5, 6, 7]",93.01580810546875,38.86540412902832,46.9561767578125,143,93.01580810546875,0.0,46.44097900390625,141
2025-07-17T20:43:18.299025,0,27,"[0, 1, 2, 3, 4, 7]",93.01580810546875,38.86540412902832,46.9561767578125,143,93.01580810546875,0.0,46.44097900390625,141
2025-07-17T20:43:18.301430,1,27,"[1, 3, 5, 7]",93.01580810546875,38.86540412902832,46.9561767578125,143,93.01580810546875,0.0,46.44097900390625,141
2025-07-17T20:43:18.307363,2,27,"[0, 1, 3, 4, 5, 7]",93.01580810546875,38.86540412902832,46.9561767578125,143,93.01580810546875,0.0,46.44097900390625,141
2025-07-17T20:43:18.315106,3,27,"[1, 3, 5, 7]",93.01580810546875,38.86540412902832,46.9561767578125,143,93.01580810546875,0.0,46.44097900390625,141
2025-07-17T20:43:18.326144,4,27,"[1, 3, 5, 7]",93.01580810546875,38.86540412902832,46.9561767578125,143,93.01580810546875,0.0,46.44097900390625,141
2025-07-17T20:43:18.328792,0,28,"[0, 1, 3, 5, 6, 7]",93.01580810546875,38.86540412902832,46.9561767578125,143,93.01580810546875,0.0,46.44097900390625,141
2025-07-17T20:43:18.339403,1,28,"[3, 5, 7]",93.01580810546875,38.86540412902832,46.9561767578125,143,93.01580810546875,0.0,46.44097900390625,141
2025-07-17T20:43:18.341337,2,28,"[1, 2, 3, 5, 6, 7]",93.01580810546875,38.86540412902832,46.9561767578125,143,93.01580810546875,0.0,46.44097900390625,141
2025-07-17T20:43:18.348576,3,28,"[3, 5, 7]",93.01580810546875,38.86540412902832,46.9561767578125,143,93.01580810546875,0.0,46.44097900390625,141
2025-07-17T20:43:18.360643,4,28,"[3, 5, 7]",93.01580810546875,38.86540412902832,46.9561767578125,143,93.01580810546875,0.0,46.44097900390625,141
2025-07-17T20:43:18.362694,0,29,"[1, 3, 4, 5, 6, 7]",93.01580810546875,38.86540412902832,46.9561767578125,143,93.01580810546875,0.0,46.44097900390625,141
2025-07-17T20:43:18.369790,1,29,"[0, 1, 2, 3, 4, 5]",93.01580810546875,38.86540412902832,46.9561767578125,143,93.01580810546875,0.0,46.44097900390625,141
2025-07-17T20:43:18.376853,2,29,"[0, 1, 2, 3, 4, 5, 6, 7]",93.01580810546875,38.86540412902832,46.9561767578125,143,93.01580810546875,0.0,46.44097900390625,141
2025-07-17T20:43:18.383414,3,29,"[0, 1, 2, 3, 4, 5]",93.01580810546875,38.86540412902832,46.9561767578125,143,93.01580810546875,0.0,46.44097900390625,141
2025-07-17T20:43:18.396150,4,29,"[0, 1, 2, 3, 4, 5]",93.01580810546875,38.86540412902832,46.9561767578125,143,93.01580810546875,0.0,46.44097900390625,141
2025-07-17T20:43:18.398430,0,30,"[0, 3, 4, 5]",93.01580810546875,38.86540412902832,46.9561767578125,143,93.01580810546875,0.0,46.44097900390625,141
2025-07-17T20:43:18.406150,1,30,"[0, 4, 5]",93.01580810546875,38.86540412902832,46.9561767578125,143,93.01580810546875,0.0,46.44097900390625,141
2025-07-17T20:43:18.418363,2,30,"[0, 2, 3, 4, 5, 7]",93.01580810546875,38.86540412902832,46.9561767578125,143,93.01580810546875,0.0,46.44097900390625,141
2025-07-17T20:43:18.426726,3,30,"[0, 4, 5]",93.01580810546875,38.86540412902832,46.9561767578125,143,93.01580810546875,0.0,46.44097900390625,141
2025-07-17T20:43:18.428893,4,30,"[0, 4, 5]",93.01580810546875,38.86540412902832,46.9561767578125,143,93.01580810546875,0.0,46.44097900390625,141
2025-07-17T20:43:18.436815,0,31,"[2, 5, 7]",93.01580810546875,38.87287998199463,46.9561767578125,143,93.01580810546875,0.0,46.44097900390625,141
2025-07-17T20:43:18.444384,1,31,"[2, 7]",93.01580810546875,38.86967182159424,46.9561767578125,143,93.01580810546875,0.0,46.44097900390625,141
2025-07-17T20:43:18.456252,2,31,"[0, 1, 2, 5, 7]",93.01580810546875,38.867045402526855,46.9561767578125,143,93.01580810546875,0.0,46.44097900390625,141
2025-07-17T20:43:18.464671,3,31,"[2, 7]",93.01580810546875,38.863579750061035,46.9561767578125,143,93.01580810546875,0.0,46.44097900390625,141
2025-07-17T20:43:18.467983,4,31,"[2, 7]",93.01580810546875,38.86002254486084,46.9561767578125,143,93.01580810546875,0.0,46.44097900390625,141
2025-07-17T20:43:18.479409,0,0,"[0, 2, 3, 5, 6, 7]",93.01580810546875,38.85531425476074,46.9561767578125,143,93.01580810546875,0.0,46.44097900390625,141
2025-07-17T20:43:18.491919,1,0,"[0, 3, 5, 6]",93.01580810546875,38.85852241516113,46.9561767578125,143,93.01580810546875,0.0,46.44097900390625,141
2025-07-17T20:43:18.493884,2,0,"[0, 2, 3, 4, 5, 6, 7]",93.01580810546875,38.86149787902832,46.9561767578125,143,93.01580810546875,0.0,46.44097900390625,141
2025-07-17T20:43:18.501043,3,0,"[0, 3, 5, 6]",93.01580810546875,38.86438179016113,46.9561767578125,143,93.01580810546875,0.0,46.44097900390625,141
2025-07-17T20:43:18.512421,4,0,"[0, 3, 5, 6]",93.01580810546875,38.86540412902832,46.9561767578125,143,93.01580810546875,0.0,46.44097900390625,141
2025-07-17T20:43:18.514391,0,1,"[0, 1, 2, 4, 5, 6, 7]",93.01580810546875,38.86540412902832,46.9561767578125,143,93.01580810546875,0.0,46.44097900390625,141
2025-07-17T20:43:18.525703,1,1,"[0, 1, 2, 3, 4, 6]",93.01580810546875,38.86540412902832,46.9561767578125,143,93.01580810546875,0.0,46.44097900390625,141
2025-07-17T20:43:18.527524,2,1,"[0, 1, 2, 4, 5, 6, 7]",93.01580810546875,38.86540412902832,46.9561767578125,143,93.01580810546875,0.0,46.44097900390625,141
2025-07-17T20:43:18.534101,3,1,"[0, 1, 2, 3, 4, 6]",93.01580810546875,38.86540412902832,46.9561767578125,143,93.01580810546875,0.0,46.44097900390625,141
2025-07-17T20:43:18.540740,4,1,"[0, 1, 2, 3, 4, 6]",93.01580810546875,38.86540412902832,46.9561767578125,143,93.01580810546875,0.0,46.44097900390625,141
2025-07-17T20:43:18.547661,0,2,"[0, 1, 2, 3, 4, 6, 7]",93.01580810546875,38.86540412902832,46.9561767578125,143,93.01580810546875,0.0,46.44097900390625,141
2025-07-17T20:43:18.558922,1,2,"[1, 2, 3, 5, 6, 7]",93.01580810546875,38.86540412902832,46.9561767578125,143,93.01580810546875,0.0,46.44097900390625,141
2025-07-17T20:43:18.561179,2,2,"[0, 1, 2, 3, 5, 6, 7]",93.01580810546875,38.86540412902832,46.9561767578125,143,93.01580810546875,0.0,46.44097900390625,141
2025-07-17T20:43:18.568438,3,2,"[1, 2, 3, 5, 6, 7]",93.01580810546875,38.86540412902832,46.9561767578125,143,93.01580810546875,0.0,46.44097900390625,141
2025-07-17T20:43:18.576015,4,2,"[1, 2, 3, 5, 6, 7]",93.01580810546875,38.86540412902832,46.9561767578125,143,93.01580810546875,0.0,46.44097900390625,141
2025-07-17T20:43:18.587916,0,3,"[0, 1, 2, 3, 4, 5, 6, 7]",93.01580810546875,38.86540412902832,46.9561767578125,143,93.01580810546875,0.0,46.44097900390625,141
2025-07-17T20:43:18.595692,1,3,"[0, 3, 4, 5, 7]",93.01580810546875,38.86540412902832,46.9561767578125,143,93.01580810546875,0.0,46.44097900390625,141
2025-07-17T20:43:18.598537,2,3,"[0, 1, 2, 3, 4, 5, 6, 7]",93.01580810546875,38.86540412902832,46.9561767578125,143,93.01580810546875,0.0,46.44097900390625,141
2025-07-17T20:43:18.605392,3,3,"[0, 3, 4, 5, 7]",93.01580810546875,38.86540412902832,46.9561767578125,143,93.01580810546875,0.0,46.44097900390625,141
2025-07-17T20:43:18.612746,4,3,"[0, 3, 4, 5, 7]",93.01580810546875,38.86540412902832,46.9561767578125,143,93.01580810546875,0.0,46.44097900390625,141
2025-07-17T20:43:18.619147,0,4,"[0, 1, 2, 3, 4, 5, 6, 7]",93.01580810546875,38.86540412902832,46.9561767578125,143,93.01580810546875,0.0,46.44097900390625,141
2025-07-17T20:43:18.626723,1,4,"[0, 1, 2, 3, 6, 7]",93.01580810546875,38.86540412902832,46.9561767578125,143,93.01580810546875,0.0,46.44097900390625,141
2025-07-17T20:43:18.633415,2,4,"[0, 1, 2, 3, 4, 5, 6, 7]",93.01580810546875,38.86540412902832,46.9561767578125,143,93.01580810546875,0.0,46.44097900390625,141
2025-07-17T20:43:18.645195,3,4,"[0, 1, 2, 3, 6, 7]",93.01580810546875,38.86540412902832,46.9561767578125,143,93.01580810546875,0.0,46.44097900390625,141
2025-07-17T20:43:18.647803,4,4,"[0, 1, 2, 3, 6, 7]",93.01580810546875,38.86540412902832,46.9561767578125,143,93.01580810546875,0.0,46.44097900390625,141
2025-07-17T20:43:18.655556,0,5,"[0, 1, 2, 3, 4, 5, 6, 7]",93.01580810546875,38.86540412902832,46.9561767578125,143,93.01580810546875,0.0,46.44097900390625,141
2025-07-17T20:43:18.667707,1,5,"[2, 3, 5, 6, 7]",93.01580810546875,38.86540412902832,46.9561767578125,143,93.01580810546875,0.0,46.44097900390625,141
2025-07-17T20:43:18.669720,2,5,"[0, 1, 2, 3, 5, 6, 7]",93.01580810546875,38.86540412902832,46.9561767578125,143,93.01580810546875,0.0,46.44097900390625,141
2025-07-17T20:43:18.680550,3,5,"[2, 3, 5, 6, 7]",93.01580810546875,38.86540412902832,46.9561767578125,143,93.01580810546875,0.0,46.44097900390625,141
2025-07-17T20:43:18.686953,4,5,"[2, 3, 5, 6, 7]",93.01580810546875,38.86540412902832,46.9561767578125,143,93.01580810546875,0.0,46.44097900390625,141
2025-07-17T20:43:18.694649,0,6,"[0, 1, 2, 3, 5, 6, 7]",93.01580810546875,38.86540412902832,46.9561767578125,143,93.01580810546875,0.0,46.44097900390625,141
2025-07-17T20:43:18.701497,1,6,"[0, 2, 5, 6, 7]",93.01580810546875,38.86540412902832,46.9561767578125,143,93.01580810546875,0.0,46.44097900390625,141
2025-07-17T20:43:18.708324,2,6,"[0, 1, 2, 3, 4, 5, 6, 7]",93.01580810546875,38.86540412902832,46.9561767578125,143,93.01580810546875,0.0,46.44097900390625,141
2025-07-17T20:43:18.714994,3,6,"[0, 2, 5, 6, 7]",93.01580810546875,38.86540412902832,46.9561767578125,143,93.01580810546875,0.0,46.44097900390625,141
2025-07-17T20:43:18.722367,4,6,"[0, 2, 5, 6, 7]",93.01580810546875,38.86540412902832,46.9561767578125,143,93.01580810546875,0.0,46.44097900390625,141
2025-07-17T20:43:18.729471,0,7,"[1, 2, 3, 4, 5, 6]",93.01580810546875,38.86540412902832,46.9561767578125,143,93.01580810546875,0.0,46.44097900390625,141
2025-07-17T20:43:18.737143,1,7,"[1, 2, 3, 4, 5, 6]",93.01580810546875,38.86540412902832,46.9561767578125,143,93.01580810546875,0.0,46.44097900390625,141
2025-07-17T20:43:18.745578,2,7,"[0, 1, 3, 4, 5, 6, 7]",93.01580810546875,38.86540412902832,46.9561767578125,143,93.01580810546875,0.0,46.44097900390625,141
2025-07-17T20:43:18.748865,3,7,"[1, 2, 3, 4, 5, 6]",93.01580810546875,38.86456489562988,46.9561767578125,143,93.01580810546875,0.0,46.44097900390625,141
2025-07-17T20:43:18.761202,4,7,"[1, 2, 3, 4, 5, 6]",93.01580810546875,38.86456489562988,46.9561767578125,143,93.01580810546875,0.0,46.44097900390625,141
2025-07-17T20:43:18.763575,0,8,"[0, 2, 3, 4, 5, 7]",93.01580810546875,38.86456489562988,46.9561767578125,143,93.01580810546875,0.0,46.44097900390625,141
2025-07-17T20:43:18.770607,1,8,"[0, 3, 4, 5, 6, 7]",93.01580810546875,38.86456489562988,46.9561767578125,143,93.01580810546875,0.0,46.44097900390625,141
2025-07-17T20:43:18.778134,2,8,"[0, 1, 2, 3, 4, 5, 6, 7]",93.01580810546875,38.86540412902832,46.9561767578125,143,93.01580810546875,0.0,46.44097900390625,141
2025-07-17T20:43:18.784588,3,8,"[0, 3, 4, 5, 6, 7]",93.01580810546875,38.86540412902832,46.9561767578125,143,93.01580810546875,0.0,46.44097900390625,141
2025-07-17T20:43:18.791605,4,8,"[0, 3, 4, 5, 6, 7]",93.01580810546875,38.86540412902832,46.9561767578125,143,93.01580810546875,0.0,46.44097900390625,141
2025-07-17T20:43:18.798158,0,9,"[1, 2, 3, 4, 5, 6, 7]",93.01580810546875,38.86540412902832,46.9561767578125,143,93.01580810546875,0.0,46.44097900390625,141
2025-07-17T20:43:18.804694,1,9,"[1, 4, 5, 6, 7]",93.01580810546875,38.86540412902832,46.9561767578125,143,93.01580810546875,0.0,46.44097900390625,141
2025-07-17T20:43:18.811835,2,9,"[0, 1, 2, 4, 5, 6, 7]",93.01580810546875,38.86540412902832,46.9561767578125,143,93.01580810546875,0.0,46.44097900390625,141
2025-07-17T20:43:18.818665,3,9,"[1, 4, 5, 6, 7]",93.01580810546875,38.86540412902832,46.9561767578125,143,93.01580810546875,0.0,46.44097900390625,141
2025-07-17T20:43:18.825423,4,9,"[1, 4, 5, 6, 7]",93.01580810546875,38.86540412902832,46.9561767578125,143,93.01580810546875,0.0,46.44097900390625,141
2025-07-17T20:43:18.836250,0,10,"[0, 2, 3, 4, 5, 6, 7]",93.01580810546875,38.86540412902832,46.9561767578125,143,93.01580810546875,0.0,46.44097900390625,141
2025-07-17T20:43:18.838725,1,10,"[0, 1, 2, 4, 7]",93.01580810546875,38.86540412902832,46.9561767578125,143,93.01580810546875,0.0,46.44097900390625,141
2025-07-17T20:43:18.847158,2,10,"[0, 2, 4, 5, 6, 7]",93.01580810546875,38.86540412902832,46.9561767578125,143,93.01580810546875,0.0,46.44097900390625,141
2025-07-17T20:43:18.853054,3,10,"[0, 1, 2, 4, 7]",93.01580810546875,38.86540412902832,46.9561767578125,143,93.01580810546875,0.0,46.44097900390625,141
2025-07-17T20:43:18.861259,4,10,"[0, 1, 2, 4, 7]",93.01580810546875,38.86540412902832,46.9561767578125,143,93.01580810546875,0.0,46.44097900390625,141
2025-07-17T20:43:18.873998,0,11,"[1, 2, 4, 5, 7]",93.01580810546875,38.86540412902832,46.9561767578125,143,93.01580810546875,0.0,46.44097900390625,141
2025-07-17T20:43:18.876492,1,11,"[2, 4, 7]",93.01580810546875,38.86540412902832,46.9561767578125,143,93.01580810546875,0.0,46.44097900390625,141
2025-07-17T20:43:18.883210,2,11,"[0, 1, 2, 3, 4, 6, 7]",93.01580810546875,38.86540412902832,46.9561767578125,143,93.01580810546875,0.0,46.44097900390625,141
2025-07-17T20:43:18.889636,3,11,"[2, 4, 7]",93.01580810546875,38.86540412902832,46.9561767578125,143,93.01580810546875,0.0,46.44097900390625,141
2025-07-17T20:43:18.896448,4,11,"[2, 4, 7]",93.01580810546875,38.86540412902832,46.9561767578125,143,93.01580810546875,0.0,46.44097900390625,141
2025-07-17T20:43:18.904283,0,12,"[0, 1, 3, 4, 5, 6, 7]",93.01580810546875,38.86540412902832,46.9561767578125,143,93.01580810546875,0.0,46.44097900390625,141
2025-07-17T20:43:18.917659,1,12,"[0, 1, 3, 4, 5]",93.01580810546875,38.86540412902832,46.9561767578125,143,93.01580810546875,0.0,46.44097900390625,141
2025-07-17T20:43:18.920193,2,12,"[0, 1, 2, 3, 4, 5, 6]",93.01580810546875,38.86540412902832,46.9561767578125,143,93.01580810546875,0.0,46.44097900390625,141
2025-07-17T20:43:18.931420,3,12,"[0, 1, 3, 4, 5]",93.01580810546875,38.86540412902832,46.9561767578125,143,93.01580810546875,0.0,46.44097900390625,141
2025-07-17T20:43:18.933238,4,12,"[0, 1, 3, 4, 5]",93.01580810546875,38.86540412902832,46.9561767578125,143,93.01580810546875,0.0,46.44097900390625,141
2025-07-17T20:43:18.941899,0,13,"[0, 1, 2, 3, 4, 7]",93.01580810546875,38.86540412902832,46.9561767578125,143,93.01580810546875,0.0,46.44097900390625,141
2025-07-17T20:43:18.948128,1,13,"[1, 2, 7]",93.01580810546875,38.86540412902832,46.9561767578125,143,93.01580810546875,0.0,46.44097900390625,141
2025-07-17T20:43:18.954740,2,13,"[0, 1, 2, 3, 4, 5, 7]",93.01580810546875,38.86540412902832,46.9561767578125,143,93.01580810546875,0.0,46.44097900390625,141
2025-07-17T20:43:18.962145,3,13,"[1, 2, 7]",93.01580810546875,38.86540412902832,46.9561767578125,143,93.01580810546875,0.0,46.44097900390625,141
2025-07-17T20:43:18.969788,4,13,"[1, 2, 7]",93.01580810546875,38.86540412902832,46.9561767578125,143,93.01580810546875,0.0,46.44097900390625,141
2025-07-17T20:43:18.981271,0,14,"[0, 1, 4, 5, 7]",93.01580810546875,38.86540412902832,46.9561767578125,143,93.01580810546875,0.0,46.44097900390625,141
2025-07-17T20:43:18.983271,1,14,"[0, 2, 4, 5]",93.01580810546875,38.86540412902832,46.9561767578125,143,93.01580810546875,0.0,46.44097900390625,141
2025-07-17T20:43:18.996795,2,14,"[0, 1, 2, 4, 5, 6, 7]",93.01580810546875,38.86456489562988,46.9561767578125,143,93.01580810546875,0.0,46.44097900390625,141
2025-07-17T20:43:19.003766,3,14,"[0, 2, 4, 5]",93.01580810546875,38.86456489562988,46.9561767578125,143,93.01580810546875,0.0,46.44097900390625,141
2025-07-17T20:43:19.010946,4,14,"[0, 2, 4, 5]",93.01580810546875,38.86456489562988,46.9561767578125,143,93.01580810546875,0.0,46.44097900390625,141
2025-07-17T20:43:19.018066,0,15,"[0, 1, 2, 3, 4, 5, 6]",93.01580810546875,38.86456489562988,46.9561767578125,143,93.01580810546875,0.0,46.44097900390625,141
2025-07-17T20:43:19.025400,1,15,"[0, 3, 4, 5]",93.01580810546875,38.86456489562988,46.9561767578125,143,93.01580810546875,0.0,46.44097900390625,141
2025-07-17T20:43:19.032716,2,15,"[0, 1, 2, 3, 4, 5, 7]",93.01580810546875,38.86540412902832,46.9561767578125,143,93.01580810546875,0.0,46.44097900390625,141
2025-07-17T20:43:19.040415,3,15,"[0, 3, 4, 5]",93.01580810546875,38.86540412902832,46.9561767578125,143,93.01580810546875,0.0,46.44097900390625,141
2025-07-17T20:43:19.042888,4,15,"[0, 3, 4, 5]",93.01580810546875,38.86540412902832,46.9561767578125,143,93.01580810546875,0.0,46.44097900390625,141
2025-07-17T20:43:19.050068,0,16,"[0, 2, 3, 4, 5, 6, 7]",93.01580810546875,38.86540412902832,46.9561767578125,143,93.01580810546875,0.0,46.44097900390625,141
2025-07-17T20:43:19.056377,1,16,"[3, 5, 6, 7]",93.01580810546875,38.86540412902832,46.9561767578125,143,93.01580810546875,0.0,46.44097900390625,141
2025-07-17T20:43:19.063508,2,16,"[1, 2, 3, 4, 5, 6, 7]",93.01580810546875,38.86540412902832,46.9561767578125,143,93.01580810546875,0.0,46.44097900390625,141
2025-07-17T20:43:19.070713,3,16,"[3, 5, 6, 7]",93.01580810546875,38.86540412902832,46.9561767578125,143,93.01580810546875,0.0,46.44097900390625,141
2025-07-17T20:43:19.078607,4,16,"[3, 5, 6, 7]",93.01580810546875,38.86540412902832,46.9561767578125,143,93.01580810546875,0.0,46.44097900390625,141
2025-07-17T20:43:19.090768,0,17,"[0, 1, 2, 3, 4, 5, 6, 7]",93.01580810546875,38.86540412902832,46.9561767578125,143,93.01580810546875,0.0,46.44097900390625,141
2025-07-17T20:43:19.093188,1,17,"[0, 3, 4, 6, 7]",93.01580810546875,38.86540412902832,46.9561767578125,143,93.01580810546875,0.0,46.44097900390625,141
2025-07-17T20:43:19.100849,2,17,"[0, 2, 3, 5, 6, 7]",93.01580810546875,38.86540412902832,46.9561767578125,143,93.01580810546875,0.0,46.44097900390625,141
2025-07-17T20:43:19.107908,3,17,"[0, 3, 4, 6, 7]",93.01580810546875,38.86540412902832,46.9561767578125,143,93.01580810546875,0.0,46.44097900390625,141
2025-07-17T20:43:19.119777,4,17,"[0, 3, 4, 6, 7]",93.01580810546875,38.86540412902832,46.9561767578125,143,93.01580810546875,0.0,46.44097900390625,141
2025-07-17T20:43:19.122119,0,18,"[0, 1, 2, 3, 4, 5, 7]",93.01580810546875,38.86540412902832,46.9561767578125,143,93.01580810546875,0.0,46.44097900390625,141
2025-07-17T20:43:19.133278,1,18,"[0, 1, 3, 4]",93.01580810546875,38.86540412902832,46.9561767578125,143,93.01580810546875,0.0,46.44097900390625,141
2025-07-17T20:43:19.141234,2,18,"[0, 1, 2, 3, 4, 5, 7]",93.01580810546875,38.86540412902832,46.9561767578125,143,93.01580810546875,0.0,46.44097900390625,141
2025-07-17T20:43:19.143353,3,18,"[0, 1, 3, 4]",93.01580810546875,38.86540412902832,46.9561767578125,143,93.01580810546875,0.0,46.44097900390625,141
2025-07-17T20:43:19.150197,4,18,"[0, 1, 3, 4]",93.01580810546875,38.86540412902832,46.9561767578125,143,93.01580810546875,0.0,46.44097900390625,141
2025-07-17T20:43:19.157338,0,19,"[0, 1, 2, 3, 4, 5, 6, 7]",93.01580810546875,38.86540412902832,46.9561767578125,143,93.01580810546875,0.0,46.44097900390625,141
2025-07-17T20:43:19.169341,1,19,"[0, 2, 3, 5, 6, 7]",93.01580810546875,38.86540412902832,46.9561767578125,143,93.01580810546875,0.0,46.44097900390625,141
2025-07-17T20:43:19.172237,2,19,"[0, 1, 2, 3, 4, 5, 6, 7]",93.01580810546875,38.86540412902832,46.9561767578125,143,93.01580810546875,0.0,46.44097900390625,141
2025-07-17T20:43:19.178522,3,19,"[0, 2, 3, 5, 6, 7]",93.01580810546875,38.86540412902832,46.9561767578125,143,93.01580810546875,0.0,46.44097900390625,141
2025-07-17T20:43:19.185066,4,19,"[0, 2, 3, 5, 6, 7]",93.01580810546875,38.86540412902832,46.9561767578125,143,93.01580810546875,0.0,46.44097900390625,141
2025-07-17T20:43:19.192666,0,20,"[0, 1, 2, 3, 4, 5, 6]",93.01580810546875,38.86540412902832,46.9561767578125,143,93.01580810546875,0.0,46.44097900390625,141
2025-07-17T20:43:19.204796,1,20,"[0, 1, 2, 3, 4, 6]",93.01580810546875,38.86540412902832,46.9561767578125,143,93.01580810546875,0.0,46.44097900390625,141
2025-07-17T20:43:19.211871,2,20,"[0, 1, 2, 3, 4, 5, 6, 7]",93.01580810546875,38.86540412902832,46.9561767578125,143,93.01580810546875,0.0,46.44097900390625,141
2025-07-17T20:43:19.219003,3,20,"[0, 1, 2, 3, 4, 6]",93.01580810546875,38.86540412902832,46.9561767578125,143,93.01580810546875,0.0,46.44097900390625,141
2025-07-17T20:43:19.221274,4,20,"[0, 1, 2, 3, 4, 6]",93.01580810546875,38.86540412902832,46.9561767578125,143,93.01580810546875,0.0,46.44097900390625,141
2025-07-17T20:43:19.227969,0,21,"[0, 1, 2, 3, 4, 5, 7]",93.01580810546875,38.86540412902832,46.9561767578125,143,93.01580810546875,0.0,46.44097900390625,141
2025-07-17T20:43:19.234592,1,21,"[0, 1, 2, 3, 5]",93.01580810546875,38.86540412902832,46.9561767578125,143,93.01580810546875,0.0,46.44097900390625,141
2025-07-17T20:43:19.242117,2,21,"[0, 1, 2, 3, 4, 5, 6, 7]",93.01580810546875,38.86540412902832,46.9561767578125,143,93.01580810546875,0.0,46.44097900390625,141
2025-07-17T20:43:19.249049,3,21,"[0, 1, 2, 3, 5]",93.01580810546875,38.86540412902832,46.9561767578125,143,93.01580810546875,0.0,46.44097900390625,141
2025-07-17T20:43:19.260929,4,21,"[0, 1, 2, 3, 5]",93.01580810546875,38.86540412902832,46.9561767578125,143,93.01580810546875,0.0,46.44097900390625,141
2025-07-17T20:43:19.263109,0,22,"[0, 1, 2, 3, 4, 5, 6, 7]",93.01580810546875,38.86540412902832,46.9561767578125,143,93.01580810546875,0.0,46.44097900390625,141
2025-07-17T20:43:19.270847,1,22,"[0, 1, 2, 3, 4, 6]",93.01580810546875,38.86540412902832,46.9561767578125,143,93.01580810546875,0.0,46.44097900390625,141
2025-07-17T20:43:19.277587,2,22,"[0, 1, 2, 3, 4, 5, 6, 7]",93.01580810546875,38.86540412902832,46.9561767578125,143,93.01580810546875,0.0,46.44097900390625,141
2025-07-17T20:43:19.289843,3,22,"[0, 1, 2, 3, 4, 6]",93.01580810546875,38.86540412902832,46.9561767578125,143,93.01580810546875,0.0,46.44097900390625,141
2025-07-17T20:43:19.292628,4,22,"[0, 1, 2, 3, 4, 6]",93.01580810546875,38.86540412902832,46.9561767578125,143,93.01580810546875,0.0,46.44097900390625,141
2025-07-17T20:43:19.299397,0,23,"[0, 1, 2, 3, 4, 5, 6, 7]",93.01580810546875,38.86540412902832,46.9561767578125,143,93.01580810546875,0.0,46.44097900390625,141
2025-07-17T20:43:19.311197,1,23,"[0, 3, 4, 5, 6, 7]",93.01580810546875,38.86540412902832,46.9561767578125,143,93.01580810546875,0.0,46.44097900390625,141
2025-07-17T20:43:19.313549,2,23,"[0, 2, 3, 4, 5, 6, 7]",93.01580810546875,38.86540412902832,46.9561767578125,143,93.01580810546875,0.0,46.44097900390625,141
2025-07-17T20:43:19.321264,3,23,"[0, 3, 4, 5, 6, 7]",93.01580810546875,38.86540412902832,46.9561767578125,143,93.01580810546875,0.0,46.44097900390625,141
2025-07-17T20:43:19.334373,4,23,"[0, 3, 4, 5, 6, 7]",93.01580810546875,38.86540412902832,46.9561767578125,143,93.01580810546875,0.0,46.44097900390625,141
2025-07-17T20:43:19.336538,0,24,"[0, 1, 3, 4, 5, 6, 7]",93.01580810546875,38.86540412902832,46.9561767578125,143,93.01580810546875,0.0,46.44097900390625,141
2025-07-17T20:43:19.343229,1,24,"[0, 3, 4, 5, 6, 7]",93.01580810546875,38.86540412902832,46.9561767578125,143,93.01580810546875,0.0,46.44097900390625,141
2025-07-17T20:43:19.351134,2,24,"[0, 1, 2, 3, 4, 5, 6, 7]",93.01580810546875,38.86540412902832,46.9561767578125,143,93.01580810546875,0.0,46.44097900390625,141
2025-07-17T20:43:19.357902,3,24,"[0, 3, 4, 5, 6, 7]",93.01580810546875,38.86540412902832,46.9561767578125,143,93.01580810546875,0.0,46.44097900390625,141
2025-07-17T20:43:19.370134,4,24,"[0, 3, 4, 5, 6, 7]",93.01580810546875,38.86540412902832,46.9561767578125,143,93.01580810546875,0.0,46.44097900390625,141
2025-07-17T20:43:19.372170,0,25,"[0, 1, 2, 3, 4, 5, 6, 7]",93.01580810546875,38.86540412902832,46.9561767578125,143,93.01580810546875,0.0,46.44097900390625,141
2025-07-17T20:43:19.379396,1,25,"[0, 1, 2, 6, 7]",93.01580810546875,38.86540412902832,46.9561767578125,143,93.01580810546875,0.0,46.44097900390625,141
2025-07-17T20:43:19.390985,2,25,"[0, 1, 2, 3, 4, 5, 6, 7]",93.01580810546875,38.86540412902832,46.9561767578125,143,93.01580810546875,0.0,46.44097900390625,141
2025-07-17T20:43:19.393657,3,25,"[0, 1, 2, 6, 7]",93.01580810546875,38.86540412902832,46.9561767578125,143,93.01580810546875,0.0,46.44097900390625,141
2025-07-17T20:43:19.404932,4,25,"[0, 1, 2, 6, 7]",93.01580810546875,38.86540412902832,46.9561767578125,143,93.01580810546875,0.0,46.44097900390625,141
2025-07-17T20:43:19.407422,0,26,"[0, 1, 2, 3, 5, 7]",93.01580810546875,38.86540412902832,46.9561767578125,143,93.01580810546875,0.0,46.44097900390625,141
2025-07-17T20:43:19.419453,1,26,"[0, 2, 3, 4, 5, 6]",93.01580810546875,38.86540412902832,46.9561767578125,143,93.01580810546875,0.0,46.44097900390625,141
2025-07-17T20:43:19.421755,2,26,"[0, 1, 2, 3, 4, 5, 6, 7]",93.01580810546875,38.86540412902832,46.9561767578125,143,93.01580810546875,0.0,46.44097900390625,141
2025-07-17T20:43:19.428313,3,26,"[0, 2, 3, 4, 5, 6]",93.01580810546875,38.86540412902832,46.9561767578125,143,93.01580810546875,0.0,46.44097900390625,141
2025-07-17T20:43:19.435531,4,26,"[0, 2, 3, 4, 5, 6]",93.01580810546875,38.86540412902832,46.9561767578125,143,93.01580810546875,0.0,46.44097900390625,141
2025-07-17T20:43:19.441343,0,27,"[0, 1, 2, 3, 4, 5, 6, 7]",93.01580810546875,38.86540412902832,46.9561767578125,143,93.01580810546875,0.0,46.44097900390625,141
2025-07-17T20:43:19.447847,1,27,"[1, 2, 3, 6, 7]",93.01580810546875,38.86540412902832,46.9561767578125,143,93.01580810546875,0.0,46.44097900390625,141
2025-07-17T20:43:19.460355,2,27,"[0, 1, 3, 4, 5, 6, 7]",93.01580810546875,38.86540412902832,46.9561767578125,143,93.01580810546875,0.0,46.44097900390625,141
2025-07-17T20:43:19.462555,3,27,"[1, 2, 3, 6, 7]",93.01580810546875,38.86540412902832,46.9561767578125,143,93.01580810546875,0.0,46.44097900390625,141
2025-07-17T20:43:19.475153,4,27,"[1, 2, 3, 6, 7]",93.01580810546875,38.86540412902832,46.9561767578125,143,93.01580810546875,0.0,46.44097900390625,141
2025-07-17T20:43:19.483138,0,28,"[0, 1, 2, 3, 5, 6, 7]",93.01580810546875,38.86540412902832,46.9561767578125,143,93.01580810546875,0.0,46.44097900390625,141
2025-07-17T20:43:19.485591,1,28,"[0, 1, 2, 3, 5, 7]",93.01580810546875,38.86540412902832,46.9561767578125,143,93.01580810546875,0.0,46.44097900390625,141
2025-07-17T20:43:19.493786,2,28,"[0, 1, 2, 3, 4, 5, 6, 7]",93.01580810546875,38.86540412902832,46.9561767578125,143,93.01580810546875,0.0,46.44097900390625,141
2025-07-17T20:43:19.499571,3,28,"[0, 1, 2, 3, 5, 7]",93.01580810546875,38.86540412902832,46.9561767578125,143,93.01580810546875,0.0,46.44097900390625,141
2025-07-17T20:43:19.506945,4,28,"[0, 1, 2, 3, 5, 7]",93.01580810546875,38.86540412902832,46.9561767578125,143,93.01580810546875,0.0,46.44097900390625,141
2025-07-17T20:43:19.514482,0,29,"[1, 2, 3, 4, 5, 6, 7]",93.01580810546875,38.86540412902832,46.9561767578125,143,93.01580810546875,0.0,46.44097900390625,141
2025-07-17T20:43:19.525943,1,29,"[2, 3, 4, 5, 7]",93.01580810546875,38.86540412902832,46.9561767578125,143,93.01580810546875,0.0,46.44097900390625,141
2025-07-17T20:43:19.528489,2,29,"[0, 1, 2, 3, 4, 5, 6, 7]",93.01580810546875,38.86540412902832,46.9561767578125,143,93.01580810546875,0.0,46.44097900390625,141
2025-07-17T20:43:19.540840,3,29,"[2, 3, 4, 5, 7]",93.01580810546875,38.86540412902832,46.9561767578125,143,93.01580810546875,0.0,46.44097900390625,141
2025-07-17T20:43:19.548688,4,29,"[2, 3, 4, 5, 7]",93.01580810546875,38.86540412902832,46.9561767578125,143,93.01580810546875,0.0,46.44097900390625,141
2025-07-17T20:43:19.551305,0,30,"[0, 1, 3, 4, 5, 7]",93.01580810546875,38.86540412902832,46.9561767578125,143,93.01580810546875,0.0,46.44097900390625,141
2025-07-17T20:43:19.558065,1,30,"[0, 4, 5, 7]",93.01580810546875,38.86540412902832,46.9561767578125,143,93.01580810546875,0.0,46.44097900390625,141
2025-07-17T20:43:19.565033,2,30,"[0, 1, 2, 3, 4, 5, 6, 7]",93.01580810546875,38.86540412902832,46.9561767578125,143,93.01580810546875,0.0,46.44097900390625,141
2025-07-17T20:43:19.576905,3,30,"[0, 4, 5, 7]",93.01580810546875,38.86540412902832,46.9561767578125,143,93.01580810546875,0.0,46.44097900390625,141
2025-07-17T20:43:19.578851,4,30,"[0, 4, 5, 7]",93.01580810546875,38.86540412902832,46.9561767578125,143,93.01580810546875,0.0,46.44097900390625,141
2025-07-17T20:43:19.585526,0,31,"[0, 1, 2, 4, 5, 6, 7]",93.01580810546875,38.87229824066162,46.9561767578125,143,93.01580810546875,0.0,46.44097900390625,141
2025-07-17T20:43:19.592537,1,31,"[0, 1, 2, 7]",93.01580810546875,38.86909008026123,46.9561767578125,143,93.01580810546875,0.0,46.44097900390625,141
2025-07-17T20:43:19.601115,2,31,"[0, 1, 2, 3, 4, 5, 6, 7]",93.01580810546875,38.86562442779541,46.9561767578125,143,93.01580810546875,0.0,46.44097900390625,141
2025-07-17T20:43:19.614910,3,31,"[0, 1, 2, 7]",93.01580810546875,38.86299800872803,46.9561767578125,143,93.01580810546875,0.0,46.44097900390625,141
2025-07-17T20:43:19.617594,4,31,"[0, 1, 2, 7]",93.01580810546875,38.86002254486084,46.9561767578125,143,93.01580810546875,0.0,46.44097900390625,141
2025-07-17T20:43:19.631870,0,0,"[0, 2, 3, 4, 5, 6, 7]",93.01580810546875,38.85531425476074,46.9561767578125,143,93.01580810546875,0.0,46.44097900390625,141
2025-07-17T20:43:19.638815,1,0,"[0, 2, 3, 4, 5, 6]",93.01580810546875,38.85852241516113,46.9561767578125,143,93.01580810546875,0.0,46.44097900390625,141
2025-07-17T20:43:19.641550,2,0,"[0, 1, 3, 4, 5, 6, 7]",93.01580810546875,38.86149787902832,46.9561767578125,143,93.01580810546875,0.0,46.44097900390625,141
2025-07-17T20:43:19.649431,3,0,"[0, 2, 3, 4, 5, 6]",93.01580810546875,38.86438179016113,46.9561767578125,143,93.01580810546875,0.0,46.44097900390625,141
2025-07-17T20:43:19.656845,4,0,"[0, 2, 3, 4, 5, 6]",93.01580810546875,38.86540412902832,46.9561767578125,143,93.01580810546875,0.0,46.44097900390625,141
2025-07-17T20:43:19.663133,0,1,"[0, 1, 2, 4, 5, 6, 7]",93.01580810546875,38.86540412902832,46.9561767578125,143,93.01580810546875,0.0,46.44097900390625,141
2025-07-17T20:43:19.669028,1,1,"[0, 1, 2, 4, 5, 6, 7]",93.01580810546875,38.86540412902832,46.9561767578125,143,93.01580810546875,0.0,46.44097900390625,141
2025-07-17T20:43:19.675314,2,1,"[0, 1, 2, 4, 5, 6, 7]",93.01580810546875,38.86540412902832,46.9561767578125,143,93.01580810546875,0.0,46.44097900390625,141
2025-07-17T20:43:19.682260,3,1,"[0, 1, 2, 4, 5, 6, 7]",93.01580810546875,38.86540412902832,46.9561767578125,143,93.01580810546875,0.0,46.44097900390625,141
2025-07-17T20:43:19.688672,4,1,"[0, 1, 2, 4, 5, 6, 7]",93.01580810546875,38.86540412902832,46.9561767578125,143,93.01580810546875,0.0,46.44097900390625,141
2025-07-17T20:43:19.696041,0,2,"[0, 1, 2, 3, 4, 6, 7]",93.01580810546875,38.86540412902832,46.9561767578125,143,93.01580810546875,0.0,46.44097900390625,141
2025-07-17T20:43:19.702929,1,2,"[0, 2, 3, 5, 6, 7]",93.01580810546875,38.86540412902832,46.9561767578125,143,93.01580810546875,0.0,46.44097900390625,141
2025-07-17T20:43:19.709664,2,2,"[0, 1, 2, 3, 4, 5, 6, 7]",93.01580810546875,38.86540412902832,46.9561767578125,143,93.01580810546875,0.0,46.44097900390625,141
2025-07-17T20:43:19.722246,3,2,"[0, 2, 3, 5, 6, 7]",93.01580810546875,38.86540412902832,46.9561767578125,143,93.01580810546875,0.0,46.44097900390625,141
2025-07-17T20:43:19.725256,4,2,"[0, 2, 3, 5, 6, 7]",93.01580810546875,38.86540412902832,46.9561767578125,143,93.01580810546875,0.0,46.44097900390625,141
2025-07-17T20:43:19.731258,0,3,"[1, 2, 3, 4, 5, 6, 7]",93.01580810546875,38.86540412902832,46.9561767578125,143,93.01580810546875,0.0,46.44097900390625,141
2025-07-17T20:43:19.737504,1,3,"[1, 2, 3, 4, 5, 6, 7]",93.01580810546875,38.86540412902832,46.9561767578125,143,93.01580810546875,0.0,46.44097900390625,141
2025-07-17T20:43:19.743897,2,3,"[0, 1, 2, 3, 4, 5, 6, 7]",93.01580810546875,38.86540412902832,46.9561767578125,143,93.01580810546875,0.0,46.44097900390625,141
2025-07-17T20:43:19.750649,3,3,"[1, 2, 3, 4, 5, 6, 7]",93.01580810546875,38.86540412902832,46.9561767578125,143,93.01580810546875,0.0,46.44097900390625,141
2025-07-17T20:43:19.758224,4,3,"[1, 2, 3, 4, 5, 6, 7]",93.01580810546875,38.86540412902832,46.9561767578125,143,93.01580810546875,0.0,46.44097900390625,141
2025-07-17T20:43:19.765961,0,4,"[0, 1, 2, 3, 4, 5, 6, 7]",93.01580810546875,38.86540412902832,46.9561767578125,143,93.01580810546875,0.0,46.44097900390625,141
2025-07-17T20:43:19.778227,1,4,"[0, 1, 2, 3, 4, 5, 6, 7]",93.01580810546875,38.86540412902832,46.9561767578125,143,93.01580810546875,0.0,46.44097900390625,141
2025-07-17T20:43:19.786584,2,4,"[0, 1, 2, 3, 4, 5, 6, 7]",93.01580810546875,38.86540412902832,46.9561767578125,143,93.01580810546875,0.0,46.44097900390625,141
2025-07-17T20:43:19.788706,3,4,"[0, 1, 2, 3, 4, 5, 6, 7]",93.01580810546875,38.86540412902832,46.9561767578125,143,93.01580810546875,0.0,46.44097900390625,141
2025-07-17T20:43:19.801353,4,4,"[0, 1, 2, 3, 4, 5, 6, 7]",93.01580810546875,38.86540412902832,46.9561767578125,143,93.01580810546875,0.0,46.44097900390625,141
2025-07-17T20:43:19.808820,0,5,"[0, 1, 2, 3, 4, 5, 6, 7]",93.01580810546875,38.86540412902832,46.9561767578125,143,93.01580810546875,0.0,46.44097900390625,141
2025-07-17T20:43:19.810872,1,5,"[0, 1, 2, 3, 4, 5, 6, 7]",93.01580810546875,38.86540412902832,46.9561767578125,143,93.01580810546875,0.0,46.44097900390625,141
2025-07-17T20:43:19.823995,2,5,"[0, 1, 2, 3, 4, 5, 6, 7]",93.01580810546875,38.86540412902832,46.9561767578125,143,93.01580810546875,0.0,46.44097900390625,141
2025-07-17T20:43:19.826156,3,5,"[0, 1, 2, 3, 4, 5, 6, 7]",93.01580810546875,38.86540412902832,46.9561767578125,143,93.01580810546875,0.0,46.44097900390625,141
2025-07-17T20:43:19.833781,4,5,"[0, 1, 2, 3, 4, 5, 6, 7]",93.01580810546875,38.86540412902832,46.9561767578125,143,93.01580810546875,0.0,46.44097900390625,141
2025-07-17T20:43:19.846606,0,6,"[0, 1, 2, 3, 4, 5, 6, 7]",93.01580810546875,38.86540412902832,46.9561767578125,143,93.01580810546875,0.0,46.44097900390625,141
2025-07-17T20:43:19.848800,1,6,"[1, 2, 3, 4, 5, 6, 7]",93.01580810546875,38.86540412902832,46.9561767578125,143,93.01580810546875,0.0,46.44097900390625,141
2025-07-17T20:43:19.861204,2,6,"[0, 1, 2, 3, 4, 5, 6, 7]",93.01580810546875,38.86540412902832,46.9561767578125,143,93.01580810546875,0.0,46.44097900390625,141
2025-07-17T20:43:19.864298,3,6,"[1, 2, 3, 4, 5, 6, 7]",93.01580810546875,38.86540412902832,46.9561767578125,143,93.01580810546875,0.0,46.44097900390625,141
2025-07-17T20:43:19.871496,4,6,"[1, 2, 3, 4, 5, 6, 7]",93.01580810546875,38.86540412902832,46.9561767578125,143,93.01580810546875,0.0,46.44097900390625,141
2025-07-17T20:43:19.883192,0,7,"[0, 1, 2, 3, 4, 5, 6, 7]",93.01580810546875,38.86540412902832,46.9561767578125,143,93.01580810546875,0.0,46.44097900390625,141
2025-07-17T20:43:19.885774,1,7,"[0, 1, 2, 3, 4, 5, 6, 7]",93.01580810546875,38.86540412902832,46.9561767578125,143,93.01580810546875,0.0,46.44097900390625,141
2025-07-17T20:43:19.891946,2,7,"[0, 1, 2, 3, 5, 6, 7]",93.01580810546875,38.86540412902832,46.9561767578125,143,93.01580810546875,0.0,46.44097900390625,141
2025-07-17T20:43:19.904795,3,7,"[0, 1, 2, 3, 4, 5, 6, 7]",93.01580810546875,38.86540412902832,46.9561767578125,143,93.01580810546875,0.0,46.44097900390625,141
2025-07-17T20:43:19.906758,4,7,"[0, 1, 2, 3, 4, 5, 6, 7]",93.01580810546875,38.86540412902832,46.9561767578125,143,93.01580810546875,0.0,46.44097900390625,141
2025-07-17T20:43:19.918687,0,8,"[1, 2, 3, 4, 5, 6, 7]",93.01580810546875,38.86540412902832,46.9561767578125,143,93.01580810546875,0.0,46.44097900390625,141
2025-07-17T20:43:19.926519,1,8,"[2, 3, 4, 5, 6, 7]",93.01580810546875,38.86540412902832,46.9561767578125,143,93.01580810546875,0.0,46.44097900390625,141
2025-07-17T20:43:19.933899,2,8,"[1, 2, 3, 4, 5, 6, 7]",93.01580810546875,38.86540412902832,46.9561767578125,143,93.01580810546875,0.0,46.44097900390625,141
2025-07-17T20:43:19.941617,3,8,"[2, 3, 4, 5, 6, 7]",93.01580810546875,38.86540412902832,46.9561767578125,143,93.01580810546875,0.0,46.44097900390625,141
2025-07-17T20:43:19.943799,4,8,"[2, 3, 4, 5, 6, 7]",93.01580810546875,38.86540412902832,46.9561767578125,143,93.01580810546875,0.0,46.44097900390625,141
2025-07-17T20:43:19.949498,0,9,"[0, 1, 2, 4, 5, 6, 7]",93.01580810546875,38.86540412902832,46.9561767578125,143,93.01580810546875,0.0,46.44097900390625,141
2025-07-17T20:43:19.957218,1,9,"[0, 1, 2, 4, 5, 6, 7]",93.01580810546875,38.86540412902832,46.9561767578125,143,93.01580810546875,0.0,46.44097900390625,141
2025-07-17T20:43:19.963445,2,9,"[0, 1, 2, 4, 5, 6, 7]",93.01580810546875,38.86540412902832,46.9561767578125,143,93.01580810546875,0.0,46.44097900390625,141
2025-07-17T20:43:19.971666,3,9,"[0, 1, 2, 4, 5, 6, 7]",93.01580810546875,38.86540412902832,46.9561767578125,143,93.01580810546875,0.0,46.44097900390625,141
2025-07-17T20:43:19.978510,4,9,"[0, 1, 2, 4, 5, 6, 7]",93.01580810546875,38.86540412902832,46.9561767578125,143,93.01580810546875,0.0,46.44097900390625,141
2025-07-17T20:43:19.990358,0,10,"[0, 2, 3, 4, 5, 6, 7]",93.01580810546875,38.86540412902832,46.9561767578125,143,93.01580810546875,0.0,46.44097900390625,141
2025-07-17T20:43:19.998564,1,10,"[0, 2, 3, 4, 5, 7]",93.01580810546875,38.86540412902832,46.9561767578125,143,93.01580810546875,0.0,46.44097900390625,141
2025-07-17T20:43:20.006053,2,10,"[0, 1, 2, 3, 4, 5, 7]",93.01580810546875,38.86540412902832,46.9561767578125,143,93.01580810546875,0.0,46.44097900390625,141
2025-07-17T20:43:20.012715,3,10,"[0, 2, 3, 4, 5, 7]",93.01580810546875,38.86540412902832,46.9561767578125,143,93.01580810546875,0.0,46.44097900390625,141
2025-07-17T20:43:20.015686,4,10,"[0, 2, 3, 4, 5, 7]",93.01580810546875,38.86540412902832,46.9561767578125,143,93.01580810546875,0.0,46.44097900390625,141
2025-07-17T20:43:20.021942,0,11,"[0, 1, 2, 4, 5, 6, 7]",93.01580810546875,38.86540412902832,46.9561767578125,143,93.01580810546875,0.0,46.44097900390625,141
2025-07-17T20:43:20.028252,1,11,"[0, 1, 2, 4, 5, 6, 7]",93.01580810546875,38.86540412902832,46.9561767578125,143,93.01580810546875,0.0,46.44097900390625,141
2025-07-17T20:43:20.035098,2,11,"[0, 1, 2, 4, 5, 7]",93.01580810546875,38.86540412902832,46.9561767578125,143,93.01580810546875,0.0,46.44097900390625,141
2025-07-17T20:43:20.046146,3,11,"[0, 1, 2, 4, 5, 6, 7]",93.01580810546875,38.86540412902832,46.9561767578125,143,93.01580810546875,0.0,46.44097900390625,141
2025-07-17T20:43:20.048573,4,11,"[0, 1, 2, 4, 5, 6, 7]",93.01580810546875,38.86540412902832,46.9561767578125,143,93.01580810546875,0.0,46.44097900390625,141
2025-07-17T20:43:20.055919,0,12,"[0, 1, 2, 3, 4, 5, 6]",93.01580810546875,38.86540412902832,46.9561767578125,143,93.01580810546875,0.0,46.44097900390625,141
2025-07-17T20:43:20.063236,1,12,"[0, 1, 3, 4, 5, 6]",93.01580810546875,38.86540412902832,46.9561767578125,143,93.01580810546875,0.0,46.44097900390625,141
2025-07-17T20:43:20.069733,2,12,"[0, 1, 2, 3, 4, 5, 6, 7]",93.01580810546875,38.86540412902832,46.9561767578125,143,93.01580810546875,0.0,46.44097900390625,141
2025-07-17T20:43:20.080556,3,12,"[0, 1, 3, 4, 5, 6]",93.01580810546875,38.86540412902832,46.9561767578125,143,93.01580810546875,0.0,46.44097900390625,141
2025-07-17T20:43:20.082894,4,12,"[0, 1, 3, 4, 5, 6]",93.01580810546875,38.86540412902832,46.9561767578125,143,93.01580810546875,0.0,46.44097900390625,141
2025-07-17T20:43:20.090631,0,13,"[0, 1, 2, 3, 4, 5, 6, 7]",93.01580810546875,38.86540412902832,46.9561767578125,143,93.01580810546875,0.0,46.44097900390625,141
2025-07-17T20:43:20.097902,1,13,"[0, 2, 3, 4, 5, 7]",93.01580810546875,38.86540412902832,46.9561767578125,143,93.01580810546875,0.0,46.44097900390625,141
2025-07-17T20:43:20.105143,2,13,"[0, 1, 2, 3, 5, 6, 7]",93.01580810546875,38.86540412902832,46.9561767578125,143,93.01580810546875,0.0,46.44097900390625,141
2025-07-17T20:43:20.112239,3,13,"[0, 2, 3, 4, 5, 7]",93.01580810546875,38.86540412902832,46.9561767578125,143,93.01580810546875,0.0,46.44097900390625,141
2025-07-17T20:43:20.119168,4,13,"[0, 2, 3, 4, 5, 7]",93.01580810546875,38.86540412902832,46.9561767578125,143,93.01580810546875,0.0,46.44097900390625,141
2025-07-17T20:43:20.126267,0,14,"[0, 1, 2, 4, 5, 6, 7]",93.01580810546875,38.86540412902832,46.9561767578125,143,93.01580810546875,0.0,46.44097900390625,141
2025-07-17T20:43:20.132889,1,14,"[0, 1, 4, 5, 7]",93.01580810546875,38.86540412902832,46.9561767578125,143,93.01580810546875,0.0,46.44097900390625,141
2025-07-17T20:43:20.139368,2,14,"[0, 1, 2, 4, 5, 6, 7]",93.01580810546875,38.86540412902832,46.9561767578125,143,93.01580810546875,0.0,46.44097900390625,141
2025-07-17T20:43:20.146374,3,14,"[0, 1, 4, 5, 7]",93.01580810546875,38.86540412902832,46.9561767578125,143,93.01580810546875,0.0,46.44097900390625,141
2025-07-17T20:43:20.152789,4,14,"[0, 1, 4, 5, 7]",93.01580810546875,38.86540412902832,46.9561767578125,143,93.01580810546875,0.0,46.44097900390625,141
2025-07-17T20:43:20.159944,0,15,"[0, 1, 2, 3, 4, 5, 6, 7]",93.01580810546875,38.86540412902832,46.9561767578125,143,93.01580810546875,0.0,46.44097900390625,141
2025-07-17T20:43:20.167215,1,15,"[0, 1, 2, 3, 4, 5, 6]",93.01580810546875,38.86540412902832,46.9561767578125,143,93.01580810546875,0.0,46.44097900390625,141
2025-07-17T20:43:20.174277,2,15,"[0, 1, 2, 3, 4, 5, 6, 7]",93.01580810546875,38.86540412902832,46.9561767578125,143,93.01580810546875,0.0,46.44097900390625,141
2025-07-17T20:43:20.180889,3,15,"[0, 1, 2, 3, 4, 5, 6]",93.01580810546875,38.86540412902832,46.9561767578125,143,93.01580810546875,0.0,46.44097900390625,141
2025-07-17T20:43:20.187953,4,15,"[0, 1, 2, 3, 4, 5, 6]",93.01580810546875,38.86540412902832,46.9561767578125,143,93.01580810546875,0.0,46.44097900390625,141
2025-07-17T20:43:20.195032,0,16,"[0, 1, 2, 3, 4, 5, 6, 7]",93.01580810546875,38.86540412902832,46.9561767578125,143,93.01580810546875,0.0,46.44097900390625,141
2025-07-17T20:43:20.201923,1,16,"[0, 3, 4, 5, 6, 7]",93.01580810546875,38.86540412902832,46.9561767578125,143,93.01580810546875,0.0,46.44097900390625,141
2025-07-17T20:43:20.209273,2,16,"[0, 1, 2, 3, 4, 5, 6, 7]",93.01580810546875,38.86540412902832,46.9561767578125,143,93.01580810546875,0.0,46.44097900390625,141
2025-07-17T20:43:20.216485,3,16,"[0, 3, 4, 5, 6, 7]",93.01580810546875,38.86540412902832,46.9561767578125,143,93.01580810546875,0.0,46.44097900390625,141
2025-07-17T20:43:20.223792,4,16,"[0, 3, 4, 5, 6, 7]",93.01580810546875,38.86540412902832,46.9561767578125,143,93.01580810546875,0.0,46.44097900390625,141
2025-07-17T20:43:20.230779,0,17,"[0, 1, 2, 3, 4, 5, 6, 7]",93.01580810546875,38.86540412902832,46.9561767578125,143,93.01580810546875,0.0,46.44097900390625,141
2025-07-17T20:43:20.238027,1,17,"[0, 1, 2, 4, 5, 6, 7]",93.01580810546875,38.86540412902832,46.9561767578125,143,93.01580810546875,0.0,46.44097900390625,141
2025-07-17T20:43:20.249395,2,17,"[0, 1, 2, 3, 4, 5, 6, 7]",93.01580810546875,38.86540412902832,46.9561767578125,143,93.01580810546875,0.0,46.44097900390625,141
2025-07-17T20:43:20.251385,3,17,"[0, 1, 2, 4, 5, 6, 7]",93.01580810546875,38.86540412902832,46.9561767578125,143,93.01580810546875,0.0,46.44097900390625,141
2025-07-17T20:43:20.263702,4,17,"[0, 1, 2, 4, 5, 6, 7]",93.01580810546875,38.86540412902832,46.9561767578125,143,93.01580810546875,0.0,46.44097900390625,141
2025-07-17T20:43:20.272212,0,18,"[0, 1, 2, 3, 4, 5, 6, 7]",93.01580810546875,38.86540412902832,46.9561767578125,143,93.01580810546875,0.0,46.44097900390625,141
2025-07-17T20:43:20.274405,1,18,"[0, 1, 2, 3, 4, 5, 6, 7]",93.01580810546875,38.86540412902832,46.9561767578125,143,93.01580810546875,0.0,46.44097900390625,141
2025-07-17T20:43:20.281762,2,18,"[0, 1, 2, 3, 4, 5, 6, 7]",93.01580810546875,38.86540412902832,46.9561767578125,143,93.01580810546875,0.0,46.44097900390625,141
2025-07-17T20:43:20.289666,3,18,"[0, 1, 2, 3, 4, 5, 6, 7]",93.01580810546875,38.86540412902832,46.9561767578125,143,93.01580810546875,0.0,46.44097900390625,141
2025-07-17T20:43:20.300614,4,18,"[0, 1, 2, 3, 4, 5, 6, 7]",93.01580810546875,38.86540412902832,46.9561767578125,143,93.01580810546875,0.0,46.44097900390625,141
2025-07-17T20:43:20.302707,0,19,"[0, 1, 2, 3, 4, 5, 6, 7]",93.01580810546875,38.86540412902832,46.9561767578125,143,93.01580810546875,0.0,46.44097900390625,141
2025-07-17T20:43:20.309801,1,19,"[0, 1, 2, 3, 4, 5, 6, 7]",93.01580810546875,38.86540412902832,46.9561767578125,143,93.01580810546875,0.0,46.44097900390625,141
2025-07-17T20:43:20.316299,2,19,"[0, 1, 2, 3, 4, 5, 6, 7]",93.01580810546875,38.86540412902832,46.9561767578125,143,93.01580810546875,0.0,46.44097900390625,141
2025-07-17T20:43:20.328307,3,19,"[0, 1, 2, 3, 4, 5, 6, 7]",93.01580810546875,38.86540412902832,46.9561767578125,143,93.01580810546875,0.0,46.44097900390625,141
2025-07-17T20:43:20.330304,4,19,"[0, 1, 2, 3, 4, 5, 6, 7]",93.01580810546875,38.86540412902832,46.9561767578125,143,93.01580810546875,0.0,46.44097900390625,141
2025-07-17T20:43:20.337153,0,20,"[0, 1, 2, 3, 4, 5, 6, 7]",93.01580810546875,38.86540412902832,46.9561767578125,143,93.01580810546875,0.0,46.44097900390625,141
2025-07-17T20:43:20.343567,1,20,"[0, 1, 2, 3, 4, 5, 6]",93.01580810546875,38.86540412902832,46.9561767578125,143,93.01580810546875,0.0,46.44097900390625,141
2025-07-17T20:43:20.349926,2,20,"[0, 1, 2, 3, 4, 5, 6, 7]",93.01580810546875,38.86540412902832,46.9561767578125,143,93.01580810546875,0.0,46.44097900390625,141
2025-07-17T20:43:20.357837,3,20,"[0, 1, 2, 3, 4, 5, 6]",93.01580810546875,38.86540412902832,46.9561767578125,143,93.01580810546875,0.0,46.44097900390625,141
2025-07-17T20:43:20.369435,4,20,"[0, 1, 2, 3, 4, 5, 6]",93.01580810546875,38.86540412902832,46.9561767578125,143,93.01580810546875,0.0,46.44097900390625,141
2025-07-17T20:43:20.371844,0,21,"[0, 1, 2, 3, 4, 5, 6, 7]",93.01580810546875,38.86540412902832,46.9561767578125,143,93.01580810546875,0.0,46.44097900390625,141
2025-07-17T20:43:20.382458,1,21,"[0, 1, 2, 3, 4, 5, 6, 7]",93.01580810546875,38.86540412902832,46.9561767578125,143,93.01580810546875,0.0,46.44097900390625,141
2025-07-17T20:43:20.389653,2,21,"[0, 1, 2, 3, 4, 5, 6, 7]",93.01580810546875,38.86540412902832,46.9561767578125,143,93.01580810546875,0.0,46.44097900390625,141
2025-07-17T20:43:20.391951,3,21,"[0, 1, 2, 3, 4, 5, 6, 7]",93.01580810546875,38.86540412902832,46.9561767578125,143,93.01580810546875,0.0,46.44097900390625,141
2025-07-17T20:43:20.398913,4,21,"[0, 1, 2, 3, 4, 5, 6, 7]",93.01580810546875,38.86540412902832,46.9561767578125,143,93.01580810546875,0.0,46.44097900390625,141
2025-07-17T20:43:20.407732,0,22,"[0, 1, 2, 3, 4, 5, 6, 7]",93.01580810546875,38.86540412902832,46.9561767578125,143,93.01580810546875,0.0,46.44097900390625,141
2025-07-17T20:43:20.419231,1,22,"[0, 1, 2, 4, 5, 6, 7]",93.01580810546875,38.86540412902832,46.9561767578125,143,93.01580810546875,0.0,46.44097900390625,141
2025-07-17T20:43:20.421353,2,22,"[0, 1, 2, 3, 4, 5, 6, 7]",93.01580810546875,38.86540412902832,46.9561767578125,143,93.01580810546875,0.0,46.44097900390625,141
2025-07-17T20:43:20.433772,3,22,"[0, 1, 2, 4, 5, 6, 7]",93.01580810546875,38.86540412902832,46.9561767578125,143,93.01580810546875,0.0,46.44097900390625,141
2025-07-17T20:43:20.437680,4,22,"[0, 1, 2, 4, 5, 6, 7]",93.01580810546875,38.86540412902832,46.9561767578125,143,93.01580810546875,0.0,46.44097900390625,141
2025-07-17T20:43:20.448856,0,23,"[0, 2, 3, 4, 5, 6, 7]",93.01580810546875,38.86540412902832,46.9561767578125,143,93.01580810546875,0.0,46.44097900390625,141
2025-07-17T20:43:20.456538,1,23,"[0, 1, 2, 3, 4, 5, 7]",93.01580810546875,38.86540412902832,46.9561767578125,143,93.01580810546875,0.0,46.44097900390625,141
2025-07-17T20:43:20.464569,2,23,"[0, 1, 2, 3, 4, 5, 6, 7]",93.01580810546875,38.86540412902832,46.9561767578125,143,93.01580810546875,0.0,46.44097900390625,141
2025-07-17T20:43:20.472104,3,23,"[0, 1, 2, 3, 4, 5, 7]",93.01580810546875,38.86540412902832,46.9561767578125,143,93.01580810546875,0.0,46.44097900390625,141
2025-07-17T20:43:20.475148,4,23,"[0, 1, 2, 3, 4, 5, 7]",93.01580810546875,38.86540412902832,46.9561767578125,143,93.01580810546875,0.0,46.44097900390625,141
2025-07-17T20:43:20.482498,0,24,"[0, 1, 2, 3, 4, 5, 6, 7]",93.01580810546875,38.86540412902832,46.9561767578125,143,93.01580810546875,0.0,46.44097900390625,141
2025-07-17T20:43:20.494128,1,24,"[1, 2, 3, 4, 5, 6, 7]",93.01580810546875,38.86540412902832,46.9561767578125,143,93.01580810546875,0.0,46.44097900390625,141
2025-07-17T20:43:20.497052,2,24,"[0, 1, 2, 3, 4, 5, 6, 7]",93.01580810546875,38.86540412902832,46.9561767578125,143,93.01580810546875,0.0,46.44097900390625,141
2025-07-17T20:43:20.509372,3,24,"[1, 2, 3, 4, 5, 6, 7]",93.01580810546875,38.86540412902832,46.9561767578125,143,93.01580810546875,0.0,46.44097900390625,141
2025-07-17T20:43:20.511576,4,24,"[1, 2, 3, 4, 5, 6, 7]",93.01580810546875,38.86540412902832,46.9561767578125,143,93.01580810546875,0.0,46.44097900390625,141
2025-07-17T20:43:20.519280,0,25,"[0, 1, 2, 3, 4, 5, 6, 7]",93.01580810546875,38.86540412902832,46.9561767578125,143,93.01580810546875,0.0,46.44097900390625,141
2025-07-17T20:43:20.530693,1,25,"[0, 1, 2, 3, 5, 6, 7]",93.01580810546875,38.86540412902832,46.9561767578125,143,93.01580810546875,0.0,46.44097900390625,141
2025-07-17T20:43:20.533401,2,25,"[0, 1, 2, 3, 4, 6, 7]",93.01580810546875,38.86540412902832,46.9561767578125,143,93.01580810546875,0.0,46.44097900390625,141
2025-07-17T20:43:20.540067,3,25,"[0, 1, 2, 3, 5, 6, 7]",93.01580810546875,38.86540412902832,46.9561767578125,143,93.01580810546875,0.0,46.44097900390625,141
2025-07-17T20:43:20.546433,4,25,"[0, 1, 2, 3, 5, 6, 7]",93.01580810546875,38.86540412902832,46.9561767578125,143,93.01580810546875,0.0,46.44097900390625,141
2025-07-17T20:43:20.553119,0,26,"[0, 1, 2, 3, 4, 5, 7]",93.01580810546875,38.86540412902832,46.9561767578125,143,93.01580810546875,0.0,46.44097900390625,141
2025-07-17T20:43:20.560262,1,26,"[0, 2, 3, 4, 5, 7]",93.01580810546875,38.86540412902832,46.9561767578125,143,93.01580810546875,0.0,46.44097900390625,141
2025-07-17T20:43:20.566632,2,26,"[0, 2, 3, 4, 5, 6, 7]",93.01580810546875,38.86540412902832,46.9561767578125,143,93.01580810546875,0.0,46.44097900390625,141
2025-07-17T20:43:20.573279,3,26,"[0, 2, 3, 4, 5, 7]",93.01580810546875,38.86540412902832,46.9561767578125,143,93.01580810546875,0.0,46.44097900390625,141
2025-07-17T20:43:20.580163,4,26,"[0, 2, 3, 4, 5, 7]",93.01580810546875,38.86540412902832,46.9561767578125,143,93.01580810546875,0.0,46.44097900390625,141
2025-07-17T20:43:20.587120,0,27,"[0, 1, 2, 3, 4, 5, 6, 7]",93.01580810546875,38.86540412902832,46.9561767578125,143,93.01580810546875,0.0,46.44097900390625,141
2025-07-17T20:43:20.594502,1,27,"[0, 1, 2, 3, 5, 6, 7]",93.01580810546875,38.86540412902832,46.9561767578125,143,93.01580810546875,0.0,46.44097900390625,141
2025-07-17T20:43:20.606264,2,27,"[0, 1, 2, 3, 4, 5, 6, 7]",93.01580810546875,38.86540412902832,46.9561767578125,143,93.01580810546875,0.0,46.44097900390625,141
2025-07-17T20:43:20.608406,3,27,"[0, 1, 2, 3, 5, 6, 7]",93.01580810546875,38.86540412902832,46.9561767578125,143,93.01580810546875,0.0,46.44097900390625,141
2025-07-17T20:43:20.620686,4,27,"[0, 1, 2, 3, 5, 6, 7]",93.01580810546875,38.86540412902832,46.9561767578125,143,93.01580810546875,0.0,46.44097900390625,141
2025-07-17T20:43:20.623232,0,28,"[0, 1, 2, 3, 4, 5, 6, 7]",93.01580810546875,38.86540412902832,46.9561767578125,143,93.01580810546875,0.0,46.44097900390625,141
2025-07-17T20:43:20.630128,1,28,"[0, 1, 2, 3, 5, 6, 7]",93.01580810546875,38.86540412902832,46.9561767578125,143,93.01580810546875,0.0,46.44097900390625,141
2025-07-17T20:43:20.636594,2,28,"[0, 1, 2, 3, 4, 5, 6, 7]",93.01580810546875,38.86540412902832,46.9561767578125,143,93.01580810546875,0.0,46.44097900390625,141
2025-07-17T20:43:20.644021,3,28,"[0, 1, 2, 3, 5, 6, 7]",93.01580810546875,38.86540412902832,46.9561767578125,143,93.01580810546875,0.0,46.44097900390625,141
2025-07-17T20:43:20.651427,4,28,"[0, 1, 2, 3, 5, 6, 7]",93.01580810546875,38.86540412902832,46.9561767578125,143,93.01580810546875,0.0,46.44097900390625,141
2025-07-17T20:43:20.657708,0,29,"[0, 1, 2, 3, 4, 5, 6, 7]",93.01580810546875,38.86540412902832,46.9561767578125,143,93.01580810546875,0.0,46.44097900390625,141
2025-07-17T20:43:20.669981,1,29,"[0, 1, 2, 3, 4, 5, 6, 7]",93.01580810546875,38.86540412902832,46.9561767578125,143,93.01580810546875,0.0,46.44097900390625,141
2025-07-17T20:43:20.672269,2,29,"[0, 2, 3, 4, 5, 6, 7]",93.01580810546875,38.86540412902832,46.9561767578125,143,93.01580810546875,0.0,46.44097900390625,141
2025-07-17T20:43:20.680311,3,29,"[0, 1, 2, 3, 4, 5, 6, 7]",93.01580810546875,38.86540412902832,46.9561767578125,143,93.01580810546875,0.0,46.44097900390625,141
2025-07-17T20:43:20.686799,4,29,"[0, 1, 2, 3, 4, 5, 6, 7]",93.01580810546875,38.86540412902832,46.9561767578125,143,93.01580810546875,0.0,46.44097900390625,141
2025-07-17T20:43:20.694280,0,30,"[0, 1, 2, 3, 4, 5, 6, 7]",93.01580810546875,38.86540412902832,46.9561767578125,143,93.01580810546875,0.0,46.44097900390625,141
2025-07-17T20:43:20.700966,1,30,"[0, 1, 2, 3, 4, 5, 6, 7]",93.01580810546875,38.86540412902832,46.9561767578125,143,93.01580810546875,0.0,46.44097900390625,141
2025-07-17T20:43:20.708664,2,30,"[0, 1, 2, 3, 4, 5, 6, 7]",93.01580810546875,38.86540412902832,46.9561767578125,143,93.01580810546875,0.0,46.44097900390625,141
2025-07-17T20:43:20.715329,3,30,"[0, 1, 2, 3, 4, 5, 6, 7]",93.01580810546875,38.86540412902832,46.9561767578125,143,93.01580810546875,0.0,46.44097900390625,141
2025-07-17T20:43:20.721711,4,30,"[0, 1, 2, 3, 4, 5, 6, 7]",93.01580810546875,38.86540412902832,46.9561767578125,143,93.01580810546875,0.0,46.44097900390625,141
2025-07-17T20:43:20.728494,0,31,"[0, 1, 2, 3, 4, 5, 6, 7]",93.01580810546875,38.87229824066162,46.9561767578125,143,93.01580810546875,0.0,46.44097900390625,141
2025-07-17T20:43:20.740661,1,31,"[0, 1, 2, 3, 4, 5, 6, 7]",93.01580810546875,38.86909008026123,46.9561767578125,143,93.01580810546875,0.0,46.44097900390625,141
2025-07-17T20:43:20.745555,2,31,"[0, 1, 2, 3, 4, 5, 6, 7]",93.01580810546875,38.86646366119385,46.9561767578125,143,93.01580810546875,0.0,46.44097900390625,141
2025-07-17T20:43:20.754923,3,31,"[0, 1, 2, 3, 4, 5, 6, 7]",93.01580810546875,38.86299800872803,46.9561767578125,143,93.01580810546875,0.0,46.44097900390625,141
2025-07-17T20:43:20.761585,4,31,"[0, 1, 2, 3, 4, 5, 6, 7]",93.01580810546875,38.86002254486084,46.9561767578125,143,93.01580810546875,0.0,46.44097900390625,141
2025-07-17T20:43:20.777653,0,0,"[0, 1, 2, 3, 4, 5, 6, 7]",93.01580810546875,38.85531425476074,46.9561767578125,143,93.01580810546875,0.0,46.44097900390625,141
2025-07-17T20:43:20.780129,1,0,"[0, 1, 2, 3, 5, 6, 7]",93.01580810546875,38.85852241516113,46.9561767578125,143,93.01580810546875,0.0,46.44097900390625,141
2025-07-17T20:43:20.792559,2,0,"[0, 1, 2, 3, 5, 6, 7]",93.01580810546875,38.86149787902832,46.9561767578125,143,93.01580810546875,0.0,46.44097900390625,141
2025-07-17T20:43:20.795019,3,0,"[0, 1, 2, 3, 5, 6, 7]",93.01580810546875,38.86438179016113,46.9561767578125,143,93.01580810546875,0.0,46.44097900390625,141
2025-07-17T20:43:20.802225,4,0,"[0, 1, 2, 3, 5, 6, 7]",93.01580810546875,38.86540412902832,46.9561767578125,143,93.01580810546875,0.0,46.44097900390625,141
2025-07-17T20:43:20.813593,0,1,"[0, 1, 2, 4, 5, 6, 7]",93.01580810546875,38.86540412902832,46.9561767578125,143,93.01580810546875,0.0,46.44097900390625,141
2025-07-17T20:43:20.816260,1,1,"[0, 1, 2, 3, 4, 5, 6, 7]",93.01580810546875,38.86540412902832,46.9561767578125,143,93.01580810546875,0.0,46.44097900390625,141
2025-07-17T20:43:20.827944,2,1,"[0, 1, 2, 4, 5, 6, 7]",93.01580810546875,38.86540412902832,46.9561767578125,143,93.01580810546875,0.0,46.44097900390625,141
2025-07-17T20:43:20.829812,3,1,"[0, 1, 2, 3, 4, 5, 6, 7]",93.01580810546875,38.86540412902832,46.9561767578125,143,93.01580810546875,0.0,46.44097900390625,141
2025-07-17T20:43:20.841493,4,1,"[0, 1, 2, 3, 4, 5, 6, 7]",93.01580810546875,38.86540412902832,46.9561767578125,143,93.01580810546875,0.0,46.44097900390625,141
2025-07-17T20:43:20.843712,0,2,"[0, 1, 2, 3, 4, 5, 6, 7]",93.01580810546875,38.86540412902832,46.9561767578125,143,93.01580810546875,0.0,46.44097900390625,141
2025-07-17T20:43:20.849796,1,2,"[0, 1, 2, 3, 4, 5, 6, 7]",93.01580810546875,38.86540412902832,46.9561767578125,143,93.01580810546875,0.0,46.44097900390625,141
2025-07-17T20:43:20.856188,2,2,"[0, 1, 2, 3, 4, 5, 6, 7]",93.01580810546875,38.86540412902832,46.9561767578125,143,93.01580810546875,0.0,46.44097900390625,141
2025-07-17T20:43:20.863187,3,2,"[0, 1, 2, 3, 4, 5, 6, 7]",93.01580810546875,38.86540412902832,46.9561767578125,143,93.01580810546875,0.0,46.44097900390625,141
2025-07-17T20:43:20.869882,4,2,"[0, 1, 2, 3, 4, 5, 6, 7]",93.01580810546875,38.86540412902832,46.9561767578125,143,93.01580810546875,0.0,46.44097900390625,141
2025-07-17T20:43:20.876910,0,3,"[0, 1, 2, 3, 4, 5, 6, 7]",93.01580810546875,38.86540412902832,46.9561767578125,143,93.01580810546875,0.0,46.44097900390625,141
2025-07-17T20:43:20.884938,1,3,"[0, 1, 2, 3, 4, 5, 6, 7]",93.01580810546875,38.86540412902832,46.9561767578125,143,93.01580810546875,0.0,46.44097900390625,141
2025-07-17T20:43:20.897048,2,3,"[0, 1, 2, 3, 4, 5, 6, 7]",93.01580810546875,38.86540412902832,46.9561767578125,143,93.01580810546875,0.0,46.44097900390625,141
2025-07-17T20:43:20.904419,3,3,"[0, 1, 2, 3, 4, 5, 6, 7]",93.01580810546875,38.86540412902832,46.9561767578125,143,93.01580810546875,0.0,46.44097900390625,141
2025-07-17T20:43:20.906617,4,3,"[0, 1, 2, 3, 4, 5, 6, 7]",93.01580810546875,38.86540412902832,46.9561767578125,143,93.01580810546875,0.0,46.44097900390625,141
2025-07-17T20:43:20.913767,0,4,"[0, 1, 2, 3, 4, 5, 6, 7]",93.01580810546875,38.86540412902832,46.9561767578125,143,93.01580810546875,0.0,46.44097900390625,141
2025-07-17T20:43:20.920274,1,4,"[0, 1, 2, 3, 4, 5, 6, 7]",93.01580810546875,38.86540412902832,46.9561767578125,143,93.01580810546875,0.0,46.44097900390625,141
2025-07-17T20:43:20.927376,2,4,"[0, 1, 2, 3, 4, 5, 6, 7]",93.01580810546875,38.86540412902832,46.9561767578125,143,93.01580810546875,0.0,46.44097900390625,141
2025-07-17T20:43:20.934059,3,4,"[0, 1, 2, 3, 4, 5, 6, 7]",93.01580810546875,38.86540412902832,46.9561767578125,143,93.01580810546875,0.0,46.44097900390625,141
2025-07-17T20:43:20.940475,4,4,"[0, 1, 2, 3, 4, 5, 6, 7]",93.01580810546875,38.86540412902832,46.9561767578125,143,93.01580810546875,0.0,46.44097900390625,141
2025-07-17T20:43:20.947504,0,5,"[0, 1, 2, 3, 4, 5, 6, 7]",93.01580810546875,38.86540412902832,46.9561767578125,143,93.01580810546875,0.0,46.44097900390625,141
2025-07-17T20:43:20.955211,1,5,"[0, 1, 2, 4, 5, 6, 7]",93.01580810546875,38.86540412902832,46.9561767578125,143,93.01580810546875,0.0,46.44097900390625,141
2025-07-17T20:43:20.962840,2,5,"[0, 1, 2, 3, 4, 5, 6, 7]",93.01580810546875,38.86540412902832,46.9561767578125,143,93.01580810546875,0.0,46.44097900390625,141
2025-07-17T20:43:20.969069,3,5,"[0, 1, 2, 4, 5, 6, 7]",93.01580810546875,38.86540412902832,46.9561767578125,143,93.01580810546875,0.0,46.44097900390625,141
2025-07-17T20:43:20.975860,4,5,"[0, 1, 2, 4, 5, 6, 7]",93.01580810546875,38.86540412902832,46.9561767578125,143,93.01580810546875,0.0,46.44097900390625,141
2025-07-17T20:43:20.982810,0,6,"[0, 1, 2, 3, 4, 5, 6, 7]",93.01580810546875,38.86540412902832,46.9561767578125,143,93.01580810546875,0.0,46.44097900390625,141
2025-07-17T20:43:20.989345,1,6,"[0, 2, 3, 4, 5, 6, 7]",93.01580810546875,38.86540412902832,46.9561767578125,143,93.01580810546875,0.0,46.44097900390625,141
2025-07-17T20:43:20.995985,2,6,"[0, 1, 2, 3, 4, 6, 7]",93.01580810546875,38.86540412902832,46.9561767578125,143,93.01580810546875,0.0,46.44097900390625,141
2025-07-17T20:43:21.002915,3,6,"[0, 2, 3, 4, 5, 6, 7]",93.01580810546875,38.86540412902832,46.9561767578125,143,93.01580810546875,0.0,46.44097900390625,141
2025-07-17T20:43:21.015086,4,6,"[0, 2, 3, 4, 5, 6, 7]",93.01580810546875,38.86540412902832,46.9561767578125,143,93.01580810546875,0.0,46.44097900390625,141
2025-07-17T20:43:21.017412,0,7,"[0, 1, 2, 3, 4, 5, 6, 7]",93.01580810546875,38.86540412902832,46.9561767578125,143,93.01580810546875,0.0,46.44097900390625,141
2025-07-17T20:43:21.024881,1,7,"[0, 1, 2, 3, 4, 5, 6, 7]",93.01580810546875,38.86540412902832,46.9561767578125,143,93.01580810546875,0.0,46.44097900390625,141
2025-07-17T20:43:21.031797,2,7,"[0, 1, 2, 3, 4, 5, 6, 7]",93.01580810546875,38.86540412902832,46.9561767578125,143,93.01580810546875,0.0,46.44097900390625,141
2025-07-17T20:43:21.044850,3,7,"[0, 1, 2, 3, 4, 5, 6, 7]",93.01580810546875,38.86540412902832,46.9561767578125,143,93.01580810546875,0.0,46.44097900390625,141
2025-07-17T20:43:21.052841,4,7,"[0, 1, 2, 3, 4, 5, 6, 7]",93.01580810546875,38.86540412902832,46.9561767578125,143,93.01580810546875,0.0,46.44097900390625,141
2025-07-17T20:43:21.055086,0,8,"[1, 2, 3, 4, 5, 6, 7]",93.01580810546875,38.86540412902832,46.9561767578125,143,93.01580810546875,0.0,46.44097900390625,141
2025-07-17T20:43:21.062305,1,8,"[0, 1, 2, 3, 4, 5, 6, 7]",93.01580810546875,38.86540412902832,46.9561767578125,143,93.01580810546875,0.0,46.44097900390625,141
2025-07-17T20:43:21.068884,2,8,"[1, 2, 3, 4, 5, 6, 7]",93.01580810546875,38.86540412902832,46.9561767578125,143,93.01580810546875,0.0,46.44097900390625,141
2025-07-17T20:43:21.075371,3,8,"[0, 1, 2, 3, 4, 5, 6, 7]",93.01580810546875,38.86540412902832,46.9561767578125,143,93.01580810546875,0.0,46.44097900390625,141
2025-07-17T20:43:21.081636,4,8,"[0, 1, 2, 3, 4, 5, 6, 7]",93.01580810546875,38.86540412902832,46.9561767578125,143,93.01580810546875,0.0,46.44097900390625,141
2025-07-17T20:43:21.089909,0,9,"[0, 1, 2, 3, 4, 5, 6, 7]",93.01580810546875,38.86540412902832,46.9561767578125,143,93.01580810546875,0.0,46.44097900390625,141
2025-07-17T20:43:21.097593,1,9,"[0, 1, 2, 4, 6, 7]",93.01580810546875,38.86540412902832,46.9561767578125,143,93.01580810546875,0.0,46.44097900390625,141
2025-07-17T20:43:21.104292,2,9,"[0, 1, 2, 4, 5, 6, 7]",93.01580810546875,38.86540412902832,46.9561767578125,143,93.01580810546875,0.0,46.44097900390625,141
2025-07-17T20:43:21.113603,3,9,"[0, 1, 2, 4, 6, 7]",93.01580810546875,38.86540412902832,46.9561767578125,143,93.01580810546875,0.0,46.44097900390625,141
2025-07-17T20:43:21.120386,4,9,"[0, 1, 2, 4, 6, 7]",93.01580810546875,38.86540412902832,46.9561767578125,143,93.01580810546875,0.0,46.44097900390625,141
2025-07-17T20:43:21.126994,0,10,"[0, 1, 2, 3, 4, 5, 6, 7]",93.01580810546875,38.86540412902832,46.9561767578125,143,93.01580810546875,0.0,46.44097900390625,141
2025-07-17T20:43:21.133159,1,10,"[0, 1, 2, 3, 4, 5, 6, 7]",93.01580810546875,38.86540412902832,46.9561767578125,143,93.01580810546875,0.0,46.44097900390625,141
2025-07-17T20:43:21.140611,2,10,"[0, 1, 2, 3, 4, 5, 6, 7]",93.01580810546875,38.86540412902832,46.9561767578125,143,93.01580810546875,0.0,46.44097900390625,141
2025-07-17T20:43:21.147444,3,10,"[0, 1, 2, 3, 4, 5, 6, 7]",93.01580810546875,38.86540412902832,46.9561767578125,143,93.01580810546875,0.0,46.44097900390625,141
2025-07-17T20:43:21.158977,4,10,"[0, 1, 2, 3, 4, 5, 6, 7]",93.01580810546875,38.86540412902832,46.9561767578125,143,93.01580810546875,0.0,46.44097900390625,141
2025-07-17T20:43:21.161279,0,11,"[0, 1, 2, 4, 5, 6, 7]",93.01580810546875,38.86540412902832,46.9561767578125,143,93.01580810546875,0.0,46.44097900390625,141
2025-07-17T20:43:21.167487,1,11,"[0, 1, 2, 3, 4, 5, 6, 7]",93.01580810546875,38.86540412902832,46.9561767578125,143,93.01580810546875,0.0,46.44097900390625,141
2025-07-17T20:43:21.174410,2,11,"[0, 1, 2, 3, 4, 5, 6, 7]",93.01580810546875,38.86540412902832,46.9561767578125,143,93.01580810546875,0.0,46.44097900390625,141
2025-07-17T20:43:21.181326,3,11,"[0, 1, 2, 3, 4, 5, 6, 7]",93.01580810546875,38.86540412902832,46.9561767578125,143,93.01580810546875,0.0,46.44097900390625,141
2025-07-17T20:43:21.188784,4,11,"[0, 1, 2, 3, 4, 5, 6, 7]",93.01580810546875,38.86540412902832,46.9561767578125,143,93.01580810546875,0.0,46.44097900390625,141
2025-07-17T20:43:21.195911,0,12,"[0, 1, 2, 3, 4, 5, 6, 7]",93.01580810546875,38.86540412902832,46.9561767578125,143,93.01580810546875,0.0,46.44097900390625,141
2025-07-17T20:43:21.206678,1,12,"[0, 1, 2, 3, 4, 5, 6]",93.01580810546875,38.86540412902832,46.9561767578125,143,93.01580810546875,0.0,46.44097900390625,141
2025-07-17T20:43:21.208659,2,12,"[1, 2, 3, 4, 5, 6, 7]",93.01580810546875,38.86540412902832,46.9561767578125,143,93.01580810546875,0.0,46.44097900390625,141
2025-07-17T20:43:21.216374,3,12,"[0, 1, 2, 3, 4, 5, 6]",93.01580810546875,38.86540412902832,46.9561767578125,143,93.01580810546875,0.0,46.44097900390625,141
2025-07-17T20:43:21.223766,4,12,"[0, 1, 2, 3, 4, 5, 6]",93.01580810546875,38.86540412902832,46.9561767578125,143,93.01580810546875,0.0,46.44097900390625,141
2025-07-17T20:43:21.231013,0,13,"[0, 1, 2, 3, 5, 6, 7]",93.01580810546875,38.86540412902832,46.9561767578125,143,93.01580810546875,0.0,46.44097900390625,141
2025-07-17T20:43:21.237621,1,13,"[0, 1, 2, 3, 5, 6]",93.01580810546875,38.86540412902832,46.9561767578125,143,93.01580810546875,0.0,46.44097900390625,141
2025-07-17T20:43:21.244221,2,13,"[0, 1, 2, 3, 4, 5, 6, 7]",93.01580810546875,38.86540412902832,46.9561767578125,143,93.01580810546875,0.0,46.44097900390625,141
2025-07-17T20:43:21.251827,3,13,"[0, 1, 2, 3, 5, 6]",93.01580810546875,38.86540412902832,46.9561767578125,143,93.01580810546875,0.0,46.44097900390625,141
2025-07-17T20:43:21.258556,4,13,"[0, 1, 2, 3, 5, 6]",93.01580810546875,38.86540412902832,46.9561767578125,143,93.01580810546875,0.0,46.44097900390625,141
2025-07-17T20:43:21.265622,0,14,"[1, 2, 3, 4, 5, 6, 7]",93.01580810546875,38.86540412902832,46.9561767578125,143,93.01580810546875,0.0,46.44097900390625,141
2025-07-17T20:43:21.277186,1,14,"[0, 1, 2, 3, 4, 5, 6, 7]",93.01580810546875,38.86540412902832,46.9561767578125,143,93.01580810546875,0.0,46.44097900390625,141
2025-07-17T20:43:21.284161,2,14,"[0, 1, 2, 4, 5, 6, 7]",93.01580810546875,38.86540412902832,46.9561767578125,143,93.01580810546875,0.0,46.44097900390625,141
2025-07-17T20:43:21.291384,3,14,"[0, 1, 2, 3, 4, 5, 6, 7]",93.01580810546875,38.86540412902832,46.9561767578125,143,93.01580810546875,0.0,46.44097900390625,141
2025-07-17T20:43:21.299377,4,14,"[0, 1, 2, 3, 4, 5, 6, 7]",93.01580810546875,38.86540412902832,46.9561767578125,143,93.01580810546875,0.0,46.44097900390625,141
2025-07-17T20:43:21.307409,0,15,"[0, 1, 2, 3, 4, 5, 6, 7]",93.01580810546875,38.86540412902832,46.9561767578125,143,93.01580810546875,0.0,46.44097900390625,141
2025-07-17T20:43:21.314522,1,15,"[0, 1, 2, 3, 4, 5, 6, 7]",93.01580810546875,38.86540412902832,46.9561767578125,143,93.01580810546875,0.0,46.44097900390625,141
2025-07-17T20:43:21.317031,2,15,"[0, 1, 2, 3, 4, 5, 6, 7]",93.01580810546875,38.86540412902832,46.9561767578125,143,93.01580810546875,0.0,46.44097900390625,141
2025-07-17T20:43:21.323425,3,15,"[0, 1, 2, 3, 4, 5, 6, 7]",93.01580810546875,38.86540412902832,46.9561767578125,143,93.01580810546875,0.0,46.44097900390625,141
2025-07-17T20:43:21.330374,4,15,"[0, 1, 2, 3, 4, 5, 6, 7]",93.01580810546875,38.86540412902832,46.9561767578125,143,93.01580810546875,0.0,46.44097900390625,141
2025-07-17T20:43:21.337157,0,16,"[0, 1, 2, 3, 4, 5, 6, 7]",93.01580810546875,38.86540412902832,46.9561767578125,143,93.01580810546875,0.0,46.44097900390625,141
2025-07-17T20:43:21.343991,1,16,"[0, 1, 2, 3, 4, 5, 6, 7]",93.01580810546875,38.86540412902832,46.9561767578125,143,93.01580810546875,0.0,46.44097900390625,141
2025-07-17T20:43:21.350023,2,16,"[0, 1, 2, 3, 4, 5, 6, 7]",93.01580810546875,38.86540412902832,46.9561767578125,143,93.01580810546875,0.0,46.44097900390625,141
2025-07-17T20:43:21.357031,3,16,"[0, 1, 2, 3, 4, 5, 6, 7]",93.01580810546875,38.86540412902832,46.9561767578125,143,93.01580810546875,0.0,46.44097900390625,141
2025-07-17T20:43:21.364184,4,16,"[0, 1, 2, 3, 4, 5, 6, 7]",93.01580810546875,38.86540412902832,46.9561767578125,143,93.01580810546875,0.0,46.44097900390625,141
2025-07-17T20:43:21.375423,0,17,"[0, 1, 2, 3, 4, 5, 6, 7]",93.01580810546875,38.86540412902832,46.9561767578125,143,93.01580810546875,0.0,46.44097900390625,141
2025-07-17T20:43:21.377493,1,17,"[0, 1, 2, 3, 4, 5, 6, 7]",93.01580810546875,38.86540412902832,46.9561767578125,143,93.01580810546875,0.0,46.44097900390625,141
2025-07-17T20:43:21.384532,2,17,"[0, 1, 2, 3, 4, 5, 6, 7]",93.01580810546875,38.86540412902832,46.9561767578125,143,93.01580810546875,0.0,46.44097900390625,141
2025-07-17T20:43:21.391593,3,17,"[0, 1, 2, 3, 4, 5, 6, 7]",93.01580810546875,38.86540412902832,46.9561767578125,143,93.01580810546875,0.0,46.44097900390625,141
2025-07-17T20:43:21.398313,4,17,"[0, 1, 2, 3, 4, 5, 6, 7]",93.01580810546875,38.86540412902832,46.9561767578125,143,93.01580810546875,0.0,46.44097900390625,141
2025-07-17T20:43:21.406179,0,18,"[0, 1, 2, 3, 4, 5, 6, 7]",93.01580810546875,38.86540412902832,46.9561767578125,143,93.01580810546875,0.0,46.44097900390625,141
2025-07-17T20:43:21.412291,1,18,"[0, 1, 2, 3, 4, 5, 6, 7]",93.01580810546875,38.86540412902832,46.9561767578125,143,93.01580810546875,0.0,46.44097900390625,141
2025-07-17T20:43:21.419738,2,18,"[0, 1, 2, 3, 4, 5, 6, 7]",93.01580810546875,38.86540412902832,46.9561767578125,143,93.01580810546875,0.0,46.44097900390625,141
2025-07-17T20:43:21.430703,3,18,"[0, 1, 2, 3, 4, 5, 6, 7]",93.01580810546875,38.86540412902832,46.9561767578125,143,93.01580810546875,0.0,46.44097900390625,141
2025-07-17T20:43:21.432760,4,18,"[0, 1, 2, 3, 4, 5, 6, 7]",93.01580810546875,38.86540412902832,46.9561767578125,143,93.01580810546875,0.0,46.44097900390625,141
2025-07-17T20:43:21.445419,0,19,"[0, 1, 2, 3, 4, 5, 6, 7]",93.01580810546875,38.86540412902832,46.9561767578125,143,93.01580810546875,0.0,46.44097900390625,141
2025-07-17T20:43:21.447739,1,19,"[0, 2, 3, 4, 5, 6, 7]",93.01580810546875,38.86540412902832,46.9561767578125,143,93.01580810546875,0.0,46.44097900390625,141
2025-07-17T20:43:21.455614,2,19,"[0, 1, 2, 3, 4, 5, 6, 7]",93.01580810546875,38.86540412902832,46.9561767578125,143,93.01580810546875,0.0,46.44097900390625,141
2025-07-17T20:43:21.467953,3,19,"[0, 2, 3, 4, 5, 6, 7]",93.01580810546875,38.86540412902832,46.9561767578125,143,93.01580810546875,0.0,46.44097900390625,141
2025-07-17T20:43:21.470073,4,19,"[0, 2, 3, 4, 5, 6, 7]",93.01580810546875,38.86540412902832,46.9561767578125,143,93.01580810546875,0.0,46.44097900390625,141
2025-07-17T20:43:21.477381,0,20,"[0, 1, 2, 3, 4, 5, 6, 7]",93.01580810546875,38.86540412902832,46.9561767578125,143,93.01580810546875,0.0,46.44097900390625,141
2025-07-17T20:43:21.490929,1,20,"[0, 2, 3, 4, 5, 6, 7]",93.01580810546875,38.86540412902832,46.9561767578125,143,93.01580810546875,0.0,46.44097900390625,141
2025-07-17T20:43:21.493215,2,20,"[0, 1, 2, 3, 4, 5, 6, 7]",93.01580810546875,38.86540412902832,46.9561767578125,143,93.01580810546875,0.0,46.44097900390625,141
2025-07-17T20:43:21.500007,3,20,"[0, 2, 3, 4, 5, 6, 7]",93.01580810546875,38.86540412902832,46.9561767578125,143,93.01580810546875,0.0,46.44097900390625,141
2025-07-17T20:43:21.510810,4,20,"[0, 2, 3, 4, 5, 6, 7]",93.01580810546875,38.86540412902832,46.9561767578125,143,93.01580810546875,0.0,46.44097900390625,141
2025-07-17T20:43:21.512870,0,21,"[0, 1, 2, 3, 4, 5, 6]",93.01580810546875,38.86540412902832,46.9561767578125,143,93.01580810546875,0.0,46.44097900390625,141
2025-07-17T20:43:21.519552,1,21,"[0, 1, 2, 3, 4, 5, 6, 7]",93.01580810546875,38.86540412902832,46.9561767578125,143,93.01580810546875,0.0,46.44097900390625,141
2025-07-17T20:43:21.525752,2,21,"[0, 1, 2, 3, 4, 5, 6, 7]",93.01580810546875,38.86540412902832,46.9561767578125,143,93.01580810546875,0.0,46.44097900390625,141
2025-07-17T20:43:21.538541,3,21,"[0, 1, 2, 3, 4, 5, 6, 7]",93.01580810546875,38.86540412902832,46.9561767578125,143,93.01580810546875,0.0,46.44097900390625,141
2025-07-17T20:43:21.540688,4,21,"[0, 1, 2, 3, 4, 5, 6, 7]",93.01580810546875,38.86540412902832,46.9561767578125,143,93.01580810546875,0.0,46.44097900390625,141
2025-07-17T20:43:21.548257,0,22,"[0, 1, 2, 3, 4, 5, 6, 7]",93.01580810546875,38.86540412902832,46.9561767578125,143,93.01580810546875,0.0,46.44097900390625,141
2025-07-17T20:43:21.560774,1,22,"[0, 1, 3, 4, 5, 6, 7]",93.01580810546875,38.86540412902832,46.9561767578125,143,93.01580810546875,0.0,46.44097900390625,141
2025-07-17T20:43:21.563102,2,22,"[0, 1, 2, 3, 4, 5, 6, 7]",93.01580810546875,38.86540412902832,46.9561767578125,143,93.01580810546875,0.0,46.44097900390625,141
2025-07-17T20:43:21.570440,3,22,"[0, 1, 3, 4, 5, 6, 7]",93.01580810546875,38.86540412902832,46.9561767578125,143,93.01580810546875,0.0,46.44097900390625,141
2025-07-17T20:43:21.578018,4,22,"[0, 1, 3, 4, 5, 6, 7]",93.01580810546875,38.86540412902832,46.9561767578125,143,93.01580810546875,0.0,46.44097900390625,141
2025-07-17T20:43:21.584297,0,23,"[0, 1, 2, 3, 4, 5, 6, 7]",93.01580810546875,38.86540412902832,46.9561767578125,143,93.01580810546875,0.0,46.44097900390625,141
2025-07-17T20:43:21.590966,1,23,"[0, 1, 2, 4, 5, 6, 7]",93.01580810546875,38.86540412902832,46.9561767578125,143,93.01580810546875,0.0,46.44097900390625,141
2025-07-17T20:43:21.598115,2,23,"[0, 1, 2, 3, 4, 5, 6, 7]",93.01580810546875,38.86540412902832,46.9561767578125,143,93.01580810546875,0.0,46.44097900390625,141
2025-07-17T20:43:21.604653,3,23,"[0, 1, 2, 4, 5, 6, 7]",93.01580810546875,38.86540412902832,46.9561767578125,143,93.01580810546875,0.0,46.44097900390625,141
2025-07-17T20:43:21.615955,4,23,"[0, 1, 2, 4, 5, 6, 7]",93.01580810546875,38.86540412902832,46.9561767578125,143,93.01580810546875,0.0,46.44097900390625,141
2025-07-17T20:43:21.618120,0,24,"[0, 1, 2, 3, 4, 5, 6, 7]",93.01580810546875,38.86540412902832,46.9561767578125,143,93.01580810546875,0.0,46.44097900390625,141
2025-07-17T20:43:21.625693,1,24,"[0, 1, 3, 4, 6, 7]",93.01580810546875,38.86540412902832,46.9561767578125,143,93.01580810546875,0.0,46.44097900390625,141
2025-07-17T20:43:21.632343,2,24,"[0, 1, 2, 3, 4, 5, 6, 7]",93.01580810546875,38.86540412902832,46.9561767578125,143,93.01580810546875,0.0,46.44097900390625,141
2025-07-17T20:43:21.639853,3,24,"[0, 1, 3, 4, 6, 7]",93.01580810546875,38.86540412902832,46.9561767578125,143,93.01580810546875,0.0,46.44097900390625,141
2025-07-17T20:43:21.646743,4,24,"[0, 1, 3, 4, 6, 7]",93.01580810546875,38.86540412902832,46.9561767578125,143,93.01580810546875,0.0,46.44097900390625,141
2025-07-17T20:43:21.654835,0,25,"[0, 1, 2, 3, 4, 5, 6, 7]",93.01580810546875,38.86540412902832,46.9561767578125,143,93.01580810546875,0.0,46.44097900390625,141
2025-07-17T20:43:21.661221,1,25,"[0, 1, 2, 3, 4, 6, 7]",93.01580810546875,38.86540412902832,46.9561767578125,143,93.01580810546875,0.0,46.44097900390625,141
2025-07-17T20:43:21.667502,2,25,"[0, 1, 2, 3, 4, 5, 6, 7]",93.01580810546875,38.86540412902832,46.9561767578125,143,93.01580810546875,0.0,46.44097900390625,141
2025-07-17T20:43:21.675153,3,25,"[0, 1, 2, 3, 4, 6, 7]",93.01580810546875,38.86540412902832,46.9561767578125,143,93.01580810546875,0.0,46.44097900390625,141
2025-07-17T20:43:21.681872,4,25,"[0, 1, 2, 3, 4, 6, 7]",93.01580810546875,38.86540412902832,46.9561767578125,143,93.01580810546875,0.0,46.44097900390625,141
2025-07-17T20:43:21.690138,0,26,"[0, 1, 2, 3, 4, 5, 6, 7]",93.01580810546875,38.86540412902832,46.9561767578125,143,93.01580810546875,0.0,46.44097900390625,141
2025-07-17T20:43:21.696767,1,26,"[0, 1, 2, 3, 4, 5, 6, 7]",93.01580810546875,38.86540412902832,46.9561767578125,143,93.01580810546875,0.0,46.44097900390625,141
2025-07-17T20:43:21.703570,2,26,"[0, 1, 2, 3, 4, 5, 6, 7]",93.01580810546875,38.86540412902832,46.9561767578125,143,93.01580810546875,0.0,46.44097900390625,141
2025-07-17T20:43:21.710269,3,26,"[0, 1, 2, 3, 4, 5, 6, 7]",93.01580810546875,38.86540412902832,46.9561767578125,143,93.01580810546875,0.0,46.44097900390625,141
2025-07-17T20:43:21.716478,4,26,"[0, 1, 2, 3, 4, 5, 6, 7]",93.01580810546875,38.86540412902832,46.9561767578125,143,93.01580810546875,0.0,46.44097900390625,141
2025-07-17T20:43:21.724201,0,27,"[0, 1, 2, 3, 4, 5, 6, 7]",93.01580810546875,38.86540412902832,46.9561767578125,143,93.01580810546875,0.0,46.44097900390625,141
2025-07-17T20:43:21.736529,1,27,"[0, 1, 2, 3, 4, 5, 6, 7]",93.01580810546875,38.86540412902832,46.9561767578125,143,93.01580810546875,0.0,46.44097900390625,141
2025-07-17T20:43:21.738644,2,27,"[0, 1, 2, 3, 4, 5, 6, 7]",93.01580810546875,38.86540412902832,46.9561767578125,143,93.01580810546875,0.0,46.44097900390625,141
2025-07-17T20:43:21.751739,3,27,"[0, 1, 2, 3, 4, 5, 6, 7]",93.01580810546875,38.86540412902832,46.9561767578125,143,93.01580810546875,0.0,46.44097900390625,141
2025-07-17T20:43:21.753732,4,27,"[0, 1, 2, 3, 4, 5, 6, 7]",93.01580810546875,38.86540412902832,46.9561767578125,143,93.01580810546875,0.0,46.44097900390625,141
2025-07-17T20:43:21.760365,0,28,"[0, 1, 2, 3, 4, 5, 6, 7]",93.01580810546875,38.86540412902832,46.9561767578125,143,93.01580810546875,0.0,46.44097900390625,141
2025-07-17T20:43:21.772733,1,28,"[0, 1, 2, 3, 4, 5, 6, 7]",93.01580810546875,38.86540412902832,46.9561767578125,143,93.01580810546875,0.0,46.44097900390625,141
2025-07-17T20:43:21.775307,2,28,"[0, 1, 2, 3, 4, 5, 6, 7]",93.01580810546875,38.86540412902832,46.9561767578125,143,93.01580810546875,0.0,46.44097900390625,141
2025-07-17T20:43:21.782274,3,28,"[0, 1, 2, 3, 4, 5, 6, 7]",93.01580810546875,38.86540412902832,46.9561767578125,143,93.01580810546875,0.0,46.44097900390625,141
2025-07-17T20:43:21.788952,4,28,"[0, 1, 2, 3, 4, 5, 6, 7]",93.01580810546875,38.86540412902832,46.9561767578125,143,93.01580810546875,0.0,46.44097900390625,141
2025-07-17T20:43:21.795541,0,29,"[0, 1, 2, 3, 4, 5, 6, 7]",93.01580810546875,38.86540412902832,46.9561767578125,143,93.01580810546875,0.0,46.44097900390625,141
2025-07-17T20:43:21.807116,1,29,"[0, 1, 2, 3, 4, 5, 6, 7]",93.01580810546875,38.86540412902832,46.9561767578125,143,93.01580810546875,0.0,46.44097900390625,141
2025-07-17T20:43:21.814612,2,29,"[0, 1, 2, 3, 4, 5, 6, 7]",93.01580810546875,38.86540412902832,46.9561767578125,143,93.01580810546875,0.0,46.44097900390625,141
2025-07-17T20:43:21.816692,3,29,"[0, 1, 2, 3, 4, 5, 6, 7]",93.01580810546875,38.86540412902832,46.9561767578125,143,93.01580810546875,0.0,46.44097900390625,141
2025-07-17T20:43:21.829539,4,29,"[0, 1, 2, 3, 4, 5, 6, 7]",93.01580810546875,38.86540412902832,46.9561767578125,143,93.01580810546875,0.0,46.44097900390625,141
2025-07-17T20:43:21.838179,0,30,"[0, 1, 2, 3, 4, 5, 7]",93.01580810546875,38.86540412902832,46.9561767578125,143,93.01580810546875,0.0,46.44097900390625,141
2025-07-17T20:43:21.840232,1,30,"[0, 1, 2, 3, 4, 5, 6, 7]",93.01580810546875,38.86540412902832,46.9561767578125,143,93.01580810546875,0.0,46.44097900390625,141
2025-07-17T20:43:21.847928,2,30,"[0, 1, 2, 3, 4, 5, 6, 7]",93.01580810546875,38.86540412902832,46.9561767578125,143,93.01580810546875,0.0,46.44097900390625,141
2025-07-17T20:43:21.854238,3,30,"[0, 1, 2, 3, 4, 5, 6, 7]",93.01580810546875,38.86540412902832,46.9561767578125,143,93.01580810546875,0.0,46.44097900390625,141
2025-07-17T20:43:21.860658,4,30,"[0, 1, 2, 3, 4, 5, 6, 7]",93.01580810546875,38.86540412902832,46.9561767578125,143,93.01580810546875,0.0,46.44097900390625,141
2025-07-17T20:43:21.868085,0,31,"[0, 1, 2, 3, 4, 5, 6, 7]",93.01580810546875,38.87229824066162,46.9561767578125,143,93.01580810546875,0.0,46.44097900390625,141
2025-07-17T20:43:21.875832,1,31,"[0, 1, 2, 3, 4, 5, 6, 7]",93.01580810546875,38.86909008026123,46.9561767578125,143,93.01580810546875,0.0,46.44097900390625,141
2025-07-17T20:43:21.886324,2,31,"[0, 1, 2, 3, 4, 5, 6, 7]",93.01580810546875,38.86646366119385,46.9561767578125,143,93.01580810546875,0.0,46.44097900390625,141
2025-07-17T20:43:21.897599,3,31,"[0, 1, 2, 3, 4, 5, 6, 7]",93.01580810546875,38.86299800872803,46.9561767578125,143,93.01580810546875,0.0,46.44097900390625,141
2025-07-17T20:43:21.900168,4,31,"[0, 1, 2, 3, 4, 5, 6, 7]",93.01580810546875,38.86002254486084,46.9561767578125,143,93.01580810546875,0.0,46.44097900390625,141
2025-07-17T20:43:21.914814,0,0,"[0, 1, 2, 3, 4, 5, 6, 7]",93.01580810546875,38.85531425476074,46.9561767578125,143,93.01580810546875,0.0,46.44097900390625,141
2025-07-17T20:43:21.921612,1,0,"[0, 1, 2, 3, 4, 5, 6, 7]",93.01580810546875,38.85852241516113,46.9561767578125,143,93.01580810546875,0.0,46.44097900390625,141
2025-07-17T20:43:21.928829,2,0,"[0, 1, 2, 3, 4, 5, 6, 7]",93.01580810546875,38.86149787902832,46.9561767578125,143,93.01580810546875,0.0,46.44097900390625,141
2025-07-17T20:43:21.931808,3,0,"[0, 1, 2, 3, 4, 5, 6, 7]",93.01580810546875,38.86438179016113,46.9561767578125,143,93.01580810546875,0.0,46.44097900390625,141
2025-07-17T20:43:21.938939,4,0,"[0, 1, 2, 3, 4, 5, 6, 7]",93.01580810546875,38.86540412902832,46.9561767578125,143,93.01580810546875,0.0,46.44097900390625,141
2025-07-17T20:43:21.946447,0,1,"[0, 1, 2, 3, 4, 5, 6, 7]",93.01580810546875,38.86540412902832,46.9561767578125,143,93.01580810546875,0.0,46.44097900390625,141
2025-07-17T20:43:21.952883,1,1,"[0, 1, 2, 3, 4, 6, 7]",93.01580810546875,38.86540412902832,46.9561767578125,143,93.01580810546875,0.0,46.44097900390625,141
2025-07-17T20:43:21.959373,2,1,"[0, 1, 2, 4, 5, 6, 7]",93.01580810546875,38.86540412902832,46.9561767578125,143,93.01580810546875,0.0,46.44097900390625,141
2025-07-17T20:43:21.971884,3,1,"[0, 1, 2, 3, 4, 6, 7]",93.01580810546875,38.86540412902832,46.9561767578125,143,93.01580810546875,0.0,46.44097900390625,141
2025-07-17T20:43:21.973854,4,1,"[0, 1, 2, 3, 4, 6, 7]",93.01580810546875,38.86540412902832,46.9561767578125,143,93.01580810546875,0.0,46.44097900390625,141
2025-07-17T20:43:21.981190,0,2,"[0, 1, 2, 3, 4, 5, 6, 7]",93.01580810546875,38.86540412902832,46.9561767578125,143,93.01580810546875,0.0,46.44097900390625,141
2025-07-17T20:43:21.993154,1,2,"[0, 1, 3, 4, 5, 6, 7]",93.01580810546875,38.86540412902832,46.9561767578125,143,93.01580810546875,0.0,46.44097900390625,141
2025-07-17T20:43:22.001023,2,2,"[0, 1, 2, 3, 4, 5, 6, 7]",93.01580810546875,38.86540412902832,46.9561767578125,143,93.01580810546875,0.0,46.44097900390625,141
2025-07-17T20:43:22.008307,3,2,"[0, 1, 3, 4, 5, 6, 7]",93.01580810546875,38.86540412902832,46.9561767578125,143,93.01580810546875,0.0,46.44097900390625,141
2025-07-17T20:43:22.010635,4,2,"[0, 1, 3, 4, 5, 6, 7]",93.01580810546875,38.86540412902832,46.9561767578125,143,93.01580810546875,0.0,46.44097900390625,141
2025-07-17T20:43:22.016993,0,3,"[0, 1, 2, 3, 4, 5, 6, 7]",93.01580810546875,38.86540412902832,46.9561767578125,143,93.01580810546875,0.0,46.44097900390625,141
2025-07-17T20:43:22.024562,1,3,"[1, 2, 3, 4, 5, 6, 7]",93.01580810546875,38.86540412902832,46.9561767578125,143,93.01580810546875,0.0,46.44097900390625,141
2025-07-17T20:43:22.035736,2,3,"[0, 1, 2, 3, 4, 5, 6, 7]",93.01580810546875,38.86540412902832,46.9561767578125,143,93.01580810546875,0.0,46.44097900390625,141
2025-07-17T20:43:22.037865,3,3,"[1, 2, 3, 4, 5, 6, 7]",93.01580810546875,38.86540412902832,46.9561767578125,143,93.01580810546875,0.0,46.44097900390625,141
2025-07-17T20:43:22.044416,4,3,"[1, 2, 3, 4, 5, 6, 7]",93.01580810546875,38.86540412902832,46.9561767578125,143,93.01580810546875,0.0,46.44097900390625,141
2025-07-17T20:43:22.051164,0,4,"[0, 1, 2, 3, 4, 5, 6, 7]",93.01580810546875,38.86540412902832,46.9561767578125,143,93.01580810546875,0.0,46.44097900390625,141
2025-07-17T20:43:22.057672,1,4,"[0, 1, 2, 3, 4, 5, 6, 7]",93.01580810546875,38.86540412902832,46.9561767578125,143,93.01580810546875,0.0,46.44097900390625,141
2025-07-17T20:43:22.069819,2,4,"[0, 1, 2, 3, 4, 5, 6, 7]",93.01580810546875,38.86540412902832,46.9561767578125,143,93.01580810546875,0.0,46.44097900390625,141
2025-07-17T20:43:22.077173,3,4,"[0, 1, 2, 3, 4, 5, 6, 7]",93.01580810546875,38.86540412902832,46.9561767578125,143,93.01580810546875,0.0,46.44097900390625,141
2025-07-17T20:43:22.080419,4,4,"[0, 1, 2, 3, 4, 5, 6, 7]",93.01580810546875,38.86540412902832,46.9561767578125,143,93.01580810546875,0.0,46.44097900390625,141
2025-07-17T20:43:22.087258,0,5,"[0, 1, 2, 3, 4, 5, 6, 7]",93.01580810546875,38.86540412902832,46.9561767578125,143,93.01580810546875,0.0,46.44097900390625,141
2025-07-17T20:43:22.094134,1,5,"[0, 1, 2, 3, 4, 5, 6, 7]",93.01580810546875,38.86540412902832,46.9561767578125,143,93.01580810546875,0.0,46.44097900390625,141
2025-07-17T20:43:22.107163,2,5,"[0, 1, 2, 3, 4, 5, 6, 7]",93.01580810546875,38.86540412902832,46.9561767578125,143,93.01580810546875,0.0,46.44097900390625,141
2025-07-17T20:43:22.109482,3,5,"[0, 1, 2, 3, 4, 5, 6, 7]",93.01580810546875,38.86540412902832,46.9561767578125,143,93.01580810546875,0.0,46.44097900390625,141
2025-07-17T20:43:22.116372,4,5,"[0, 1, 2, 3, 4, 5, 6, 7]",93.01580810546875,38.86540412902832,46.9561767578125,143,93.01580810546875,0.0,46.44097900390625,141
2025-07-17T20:43:22.123909,0,6,"[0, 1, 2, 3, 4, 6, 7]",93.01580810546875,38.86540412902832,46.9561767578125,143,93.01580810546875,0.0,46.44097900390625,141
2025-07-17T20:43:22.131299,1,6,"[0, 2, 3, 4, 5, 6, 7]",93.01580810546875,38.86540412902832,46.9561767578125,143,93.01580810546875,0.0,46.44097900390625,141
2025-07-17T20:43:22.138300,2,6,"[0, 1, 2, 3, 4, 5, 6, 7]",93.01580810546875,38.86540412902832,46.9561767578125,143,93.01580810546875,0.0,46.44097900390625,141
2025-07-17T20:43:22.145659,3,6,"[0, 2, 3, 4, 5, 6, 7]",93.01580810546875,38.86540412902832,46.9561767578125,143,93.01580810546875,0.0,46.44097900390625,141
2025-07-17T20:43:22.151976,4,6,"[0, 2, 3, 4, 5, 6, 7]",93.01580810546875,38.86540412902832,46.9561767578125,143,93.01580810546875,0.0,46.44097900390625,141
2025-07-17T20:43:22.165799,0,7,"[0, 1, 2, 3, 4, 5, 6, 7]",93.01580810546875,38.86540412902832,46.9561767578125,143,93.01580810546875,0.0,46.44097900390625,141
2025-07-17T20:43:22.168076,1,7,"[0, 1, 2, 3, 5, 6, 7]",93.01580810546875,38.86540412902832,46.9561767578125,143,93.01580810546875,0.0,46.44097900390625,141
2025-07-17T20:43:22.180931,2,7,"[0, 1, 2, 3, 4, 5, 6, 7]",93.01580810546875,38.86540412902832,46.9561767578125,143,93.01580810546875,0.0,46.44097900390625,141
2025-07-17T20:43:22.188678,3,7,"[0, 1, 2, 3, 5, 6, 7]",93.01580810546875,38.86540412902832,46.9561767578125,143,93.01580810546875,0.0,46.44097900390625,141
2025-07-17T20:43:22.191361,4,7,"[0, 1, 2, 3, 5, 6, 7]",93.01580810546875,38.86540412902832,46.9561767578125,143,93.01580810546875,0.0,46.44097900390625,141
2025-07-17T20:43:22.198766,0,8,"[1, 2, 3, 4, 5, 6, 7]",93.01580810546875,38.86540412902832,46.9561767578125,143,93.01580810546875,0.0,46.44097900390625,141
2025-07-17T20:43:22.211272,1,8,"[1, 2, 3, 4, 5, 6]",93.01580810546875,38.86540412902832,46.9561767578125,143,93.01580810546875,0.0,46.44097900390625,141
2025-07-17T20:43:22.213692,2,8,"[1, 2, 3, 4, 5, 6, 7]",93.01580810546875,38.86540412902832,46.9561767578125,143,93.01580810546875,0.0,46.44097900390625,141
2025-07-17T20:43:22.225252,3,8,"[1, 2, 3, 4, 5, 6]",93.01580810546875,38.86540412902832,46.9561767578125,143,93.01580810546875,0.0,46.44097900390625,141
2025-07-17T20:43:22.233151,4,8,"[1, 2, 3, 4, 5, 6]",93.01580810546875,38.86540412902832,46.9561767578125,143,93.01580810546875,0.0,46.44097900390625,141
2025-07-17T20:43:22.235416,0,9,"[0, 1, 2, 3, 4, 5, 6, 7]",93.01580810546875,38.86540412902832,46.9561767578125,143,93.01580810546875,0.0,46.44097900390625,141
2025-07-17T20:43:22.243397,1,9,"[0, 1, 2, 3, 4, 5, 6, 7]",93.01580810546875,38.86540412902832,46.9561767578125,143,93.01580810546875,0.0,46.44097900390625,141
2025-07-17T20:43:22.254581,2,9,"[0, 1, 2, 3, 4, 5, 6, 7]",93.01580810546875,38.86540412902832,46.9561767578125,143,93.01580810546875,0.0,46.44097900390625,141
2025-07-17T20:43:22.261734,3,9,"[0, 1, 2, 3, 4, 5, 6, 7]",93.01580810546875,38.86456489562988,46.9561767578125,143,93.01580810546875,0.0,46.44097900390625,141
2025-07-17T20:43:22.269160,4,9,"[0, 1, 2, 3, 4, 5, 6, 7]",93.01580810546875,38.86456489562988,46.9561767578125,143,93.01580810546875,0.0,46.44097900390625,141
2025-07-17T20:43:22.276740,0,10,"[0, 1, 2, 3, 4, 5, 6, 7]",93.01580810546875,38.86482238769531,46.9561767578125,143,93.01580810546875,0.0,46.44097900390625,141
2025-07-17T20:43:22.283953,1,10,"[0, 2, 3, 4, 5, 6, 7]",93.01580810546875,38.86482238769531,46.9561767578125,143,93.01580810546875,0.0,46.44097900390625,141
2025-07-17T20:43:22.290923,2,10,"[0, 1, 2, 3, 4, 5, 6, 7]",93.01580810546875,38.86482238769531,46.9561767578125,143,93.01580810546875,0.0,46.44097900390625,141
2025-07-17T20:43:22.298075,3,10,"[0, 2, 3, 4, 5, 6, 7]",93.01580810546875,38.86540412902832,46.9561767578125,143,93.01580810546875,0.0,46.44097900390625,141
2025-07-17T20:43:22.305434,4,10,"[0, 2, 3, 4, 5, 6, 7]",93.01580810546875,38.86540412902832,46.9561767578125,143,93.01580810546875,0.0,46.44097900390625,141
2025-07-17T20:43:22.313522,0,11,"[0, 1, 2, 3, 4, 5, 6, 7]",93.01580810546875,38.86456489562988,46.9561767578125,143,93.01580810546875,0.0,46.44097900390625,141
2025-07-17T20:43:22.321017,1,11,"[0, 1, 2, 3, 5, 6, 7]",93.01580810546875,38.86456489562988,46.9561767578125,143,93.01580810546875,0.0,46.44097900390625,141
2025-07-17T20:43:22.327147,2,11,"[0, 1, 2, 3, 4, 5, 6, 7]",93.01580810546875,38.86456489562988,46.9561767578125,143,93.01580810546875,0.0,46.44097900390625,141
2025-07-17T20:43:22.334619,3,11,"[0, 1, 2, 3, 5, 6, 7]",93.01580810546875,38.86456489562988,46.9561767578125,143,93.01580810546875,0.0,46.44097900390625,141
2025-07-17T20:43:22.341817,4,11,"[0, 1, 2, 3, 5, 6, 7]",93.01580810546875,38.86456489562988,46.9561767578125,143,93.01580810546875,0.0,46.44097900390625,141
2025-07-17T20:43:22.349178,0,12,"[0, 1, 2, 3, 4, 5, 6, 7]",93.01580810546875,38.86540412902832,46.9561767578125,143,93.01580810546875,0.0,46.44097900390625,141
2025-07-17T20:43:22.355827,1,12,"[0, 1, 3, 4, 5, 6]",93.01580810546875,38.86540412902832,46.9561767578125,143,93.01580810546875,0.0,46.44097900390625,141
2025-07-17T20:43:22.362770,2,12,"[0, 1, 2, 3, 4, 5, 6, 7]",93.01580810546875,38.86540412902832,46.9561767578125,143,93.01580810546875,0.0,46.44097900390625,141
2025-07-17T20:43:22.369571,3,12,"[0, 1, 3, 4, 5, 6]",93.01580810546875,38.86540412902832,46.9561767578125,143,93.01580810546875,0.0,46.44097900390625,141
2025-07-17T20:43:22.377524,4,12,"[0, 1, 3, 4, 5, 6]",93.01580810546875,38.86540412902832,46.9561767578125,143,93.01580810546875,0.0,46.44097900390625,141
2025-07-17T20:43:22.384093,0,13,"[0, 1, 2, 3, 5, 6, 7]",93.01580810546875,38.86540412902832,46.9561767578125,143,93.01580810546875,0.0,46.44097900390625,141
2025-07-17T20:43:22.391929,1,13,"[0, 1, 2, 3, 5, 6]",93.01580810546875,38.86540412902832,46.9561767578125,143,93.01580810546875,0.0,46.44097900390625,141
2025-07-17T20:43:22.399013,2,13,"[0, 1, 2, 3, 5, 6, 7]",93.01580810546875,38.86540412902832,46.9561767578125,143,93.01580810546875,0.0,46.44097900390625,141
2025-07-17T20:43:22.401736,3,13,"[0, 1, 2, 3, 5, 6]",93.01580810546875,38.86540412902832,46.9561767578125,143,93.01580810546875,0.0,46.44097900390625,141
2025-07-17T20:43:22.409816,4,13,"[0, 1, 2, 3, 5, 6]",93.01580810546875,38.86540412902832,46.9561767578125,143,93.01580810546875,0.0,46.44097900390625,141
2025-07-17T20:43:22.415913,0,14,"[0, 1, 2, 3, 4, 5, 6, 7]",93.01580810546875,38.86540412902832,46.9561767578125,143,93.01580810546875,0.0,46.44097900390625,141
2025-07-17T20:43:22.428774,1,14,"[0, 1, 2, 3, 4, 5, 6, 7]",93.01580810546875,38.86540412902832,46.9561767578125,143,93.01580810546875,0.0,46.44097900390625,141
2025-07-17T20:43:22.430791,2,14,"[0, 1, 2, 3, 4, 5, 6, 7]",93.01580810546875,38.86540412902832,46.9561767578125,143,93.01580810546875,0.0,46.44097900390625,141
2025-07-17T20:43:22.437838,3,14,"[0, 1, 2, 3, 4, 5, 6, 7]",93.01580810546875,38.86540412902832,46.9561767578125,143,93.01580810546875,0.0,46.44097900390625,141
2025-07-17T20:43:22.449246,4,14,"[0, 1, 2, 3, 4, 5, 6, 7]",93.01580810546875,38.86540412902832,46.9561767578125,143,93.01580810546875,0.0,46.44097900390625,141
2025-07-17T20:43:22.451403,0,15,"[0, 1, 2, 3, 4, 5, 6, 7]",93.01580810546875,38.86540412902832,46.9561767578125,143,93.01580810546875,0.0,46.44097900390625,141
2025-07-17T20:43:22.463598,1,15,"[0, 1, 2, 3, 4, 5, 6, 7]",93.01580810546875,38.86540412902832,46.9561767578125,143,93.01580810546875,0.0,46.44097900390625,141
2025-07-17T20:43:22.465920,2,15,"[0, 1, 2, 3, 4, 5, 6, 7]",93.01580810546875,38.86540412902832,46.9561767578125,143,93.01580810546875,0.0,46.44097900390625,141
2025-07-17T20:43:22.477591,3,15,"[0, 1, 2, 3, 4, 5, 6, 7]",93.01580810546875,38.86540412902832,46.9561767578125,143,93.01580810546875,0.0,46.44097900390625,141
2025-07-17T20:43:22.479939,4,15,"[0, 1, 2, 3, 4, 5, 6, 7]",93.01580810546875,38.86540412902832,46.9561767578125,143,93.01580810546875,0.0,46.44097900390625,141
2025-07-17T20:43:22.487758,0,16,"[0, 1, 2, 3, 4, 5, 6, 7]",93.01580810546875,38.86540412902832,46.9561767578125,143,93.01580810546875,0.0,46.44097900390625,141
2025-07-17T20:43:22.494085,1,16,"[0, 1, 2, 3, 4, 5, 6, 7]",93.01580810546875,38.86540412902832,46.9561767578125,143,93.01580810546875,0.0,46.44097900390625,141
2025-07-17T20:43:22.500821,2,16,"[0, 1, 2, 3, 4, 5, 6, 7]",93.01580810546875,38.86540412902832,46.9561767578125,143,93.01580810546875,0.0,46.44097900390625,141
2025-07-17T20:43:22.507940,3,16,"[0, 1, 2, 3, 4, 5, 6, 7]",93.01580810546875,38.86540412902832,46.9561767578125,143,93.01580810546875,0.0,46.44097900390625,141
2025-07-17T20:43:22.520543,4,16,"[0, 1, 2, 3, 4, 5, 6, 7]",93.01580810546875,38.86540412902832,46.9561767578125,143,93.01580810546875,0.0,46.44097900390625,141
2025-07-17T20:43:22.522508,0,17,"[0, 1, 2, 3, 4, 5, 6, 7]",93.01580810546875,38.86540412902832,46.9561767578125,143,93.01580810546875,0.0,46.44097900390625,141
2025-07-17T20:43:22.530066,1,17,"[0, 1, 2, 3, 4, 5, 6, 7]",93.01580810546875,38.86540412902832,46.9561767578125,143,93.01580810546875,0.0,46.44097900390625,141
2025-07-17T20:43:22.536551,2,17,"[0, 1, 2, 3, 4, 5, 6, 7]",93.01580810546875,38.86540412902832,46.9561767578125,143,93.01580810546875,0.0,46.44097900390625,141
2025-07-17T20:43:22.543378,3,17,"[0, 1, 2, 3, 4, 5, 6, 7]",93.01580810546875,38.86540412902832,46.9561767578125,143,93.01580810546875,0.0,46.44097900390625,141
2025-07-17T20:43:22.551090,4,17,"[0, 1, 2, 3, 4, 5, 6, 7]",93.01580810546875,38.86540412902832,46.9561767578125,143,93.01580810546875,0.0,46.44097900390625,141
2025-07-17T20:43:22.557424,0,18,"[0, 1, 2, 3, 4, 5, 6, 7]",93.01580810546875,38.86540412902832,46.9561767578125,143,93.01580810546875,0.0,46.44097900390625,141
2025-07-17T20:43:22.565228,1,18,"[0, 1, 2, 3, 5, 6, 7]",93.01580810546875,38.86540412902832,46.9561767578125,143,93.01580810546875,0.0,46.44097900390625,141
2025-07-17T20:43:22.576011,2,18,"[0, 1, 3, 4, 5, 6, 7]",93.01580810546875,38.86540412902832,46.9561767578125,143,93.01580810546875,0.0,46.44097900390625,141
2025-07-17T20:43:22.578864,3,18,"[0, 1, 2, 3, 5, 6, 7]",93.01580810546875,38.86540412902832,46.9561767578125,143,93.01580810546875,0.0,46.44097900390625,141
2025-07-17T20:43:22.586432,4,18,"[0, 1, 2, 3, 5, 6, 7]",93.01580810546875,38.86540412902832,46.9561767578125,143,93.01580810546875,0.0,46.44097900390625,141
2025-07-17T20:43:22.593485,0,19,"[0, 1, 2, 3, 4, 5, 6, 7]",93.01580810546875,38.86540412902832,46.9561767578125,143,93.01580810546875,0.0,46.44097900390625,141
2025-07-17T20:43:22.600081,1,19,"[0, 1, 2, 3, 4, 5, 6, 7]",93.01580810546875,38.86540412902832,46.9561767578125,143,93.01580810546875,0.0,46.44097900390625,141
2025-07-17T20:43:22.607325,2,19,"[0, 1, 2, 3, 4, 5, 6, 7]",93.01580810546875,38.86540412902832,46.9561767578125,143,93.01580810546875,0.0,46.44097900390625,141
2025-07-17T20:43:22.614398,3,19,"[0, 1, 2, 3, 4, 5, 6, 7]",93.01580810546875,38.86540412902832,46.9561767578125,143,93.01580810546875,0.0,46.44097900390625,141
2025-07-17T20:43:22.620766,4,19,"[0, 1, 2, 3, 4, 5, 6, 7]",93.01580810546875,38.86540412902832,46.9561767578125,143,93.01580810546875,0.0,46.44097900390625,141
2025-07-17T20:43:22.628135,0,20,"[0, 1, 2, 3, 4, 5, 6, 7]",93.01580810546875,38.86540412902832,46.9561767578125,143,93.01580810546875,0.0,46.44097900390625,141
2025-07-17T20:43:22.634755,1,20,"[0, 1, 3, 4, 5, 6, 7]",93.01580810546875,38.86540412902832,46.9561767578125,143,93.01580810546875,0.0,46.44097900390625,141
2025-07-17T20:43:22.641837,2,20,"[0, 1, 2, 3, 4, 5, 6, 7]",93.01580810546875,38.86540412902832,46.9561767578125,143,93.01580810546875,0.0,46.44097900390625,141
2025-07-17T20:43:22.649264,3,20,"[0, 1, 3, 4, 5, 6, 7]",93.01580810546875,38.86540412902832,46.9561767578125,143,93.01580810546875,0.0,46.44097900390625,141
2025-07-17T20:43:22.656341,4,20,"[0, 1, 3, 4, 5, 6, 7]",93.01580810546875,38.86540412902832,46.9561767578125,143,93.01580810546875,0.0,46.44097900390625,141
2025-07-17T20:43:22.663754,0,21,"[0, 1, 2, 3, 4, 5, 6, 7]",93.01580810546875,38.86540412902832,46.9561767578125,143,93.01580810546875,0.0,46.44097900390625,141
2025-07-17T20:43:22.670970,1,21,"[0, 1, 2, 4, 5, 6, 7]",93.01580810546875,38.86540412902832,46.9561767578125,143,93.01580810546875,0.0,46.44097900390625,141
2025-07-17T20:43:22.678311,2,21,"[0, 1, 2, 3, 4, 5, 6, 7]",93.01580810546875,38.86540412902832,46.9561767578125,143,93.01580810546875,0.0,46.44097900390625,141
2025-07-17T20:43:22.685267,3,21,"[0, 1, 2, 4, 5, 6, 7]",93.01580810546875,38.86540412902832,46.9561767578125,143,93.01580810546875,0.0,46.44097900390625,141
2025-07-17T20:43:22.691895,4,21,"[0, 1, 2, 4, 5, 6, 7]",93.01580810546875,38.86540412902832,46.9561767578125,143,93.01580810546875,0.0,46.44097900390625,141
2025-07-17T20:43:22.699051,0,22,"[0, 1, 2, 3, 4, 5, 6, 7]",93.01580810546875,38.86540412902832,46.9561767578125,143,93.01580810546875,0.0,46.44097900390625,141
2025-07-17T20:43:22.711774,1,22,"[0, 1, 2, 3, 4, 5, 6, 7]",93.01580810546875,38.86540412902832,46.9561767578125,143,93.01580810546875,0.0,46.44097900390625,141
2025-07-17T20:43:22.719280,2,22,"[0, 1, 2, 3, 4, 5, 6, 7]",93.01580810546875,38.86540412902832,46.9561767578125,143,93.01580810546875,0.0,46.44097900390625,141
2025-07-17T20:43:22.721489,3,22,"[0, 1, 2, 3, 4, 5, 6, 7]",93.01580810546875,38.86540412902832,46.9561767578125,143,93.01580810546875,0.0,46.44097900390625,141
2025-07-17T20:43:22.734658,4,22,"[0, 1, 2, 3, 4, 5, 6, 7]",93.01580810546875,38.86540412902832,46.9561767578125,143,93.01580810546875,0.0,46.44097900390625,141
2025-07-17T20:43:22.736905,0,23,"[0, 1, 2, 3, 4, 5, 6, 7]",93.01580810546875,38.86540412902832,46.9561767578125,143,93.01580810546875,0.0,46.44097900390625,141
2025-07-17T20:43:22.744043,1,23,"[0, 1, 2, 3, 4, 5]",93.01580810546875,38.86540412902832,46.9561767578125,143,93.01580810546875,0.0,46.44097900390625,141
2025-07-17T20:43:22.751291,2,23,"[0, 1, 2, 3, 4, 5, 6, 7]",93.01580810546875,38.86540412902832,46.9561767578125,143,93.01580810546875,0.0,46.44097900390625,141
2025-07-17T20:43:22.758389,3,23,"[0, 1, 2, 3, 4, 5]",93.01580810546875,38.86540412902832,46.9561767578125,143,93.01580810546875,0.0,46.44097900390625,141
2025-07-17T20:43:22.765182,4,23,"[0, 1, 2, 3, 4, 5]",93.01580810546875,38.86540412902832,46.9561767578125,143,93.01580810546875,0.0,46.44097900390625,141
2025-07-17T20:43:22.772313,0,24,"[0, 1, 2, 3, 4, 5, 6, 7]",93.01580810546875,38.86540412902832,46.9561767578125,143,93.01580810546875,0.0,46.44097900390625,141
2025-07-17T20:43:22.778901,1,24,"[0, 1, 2, 3, 4, 5, 6, 7]",93.01580810546875,38.86540412902832,46.9561767578125,143,93.01580810546875,0.0,46.44097900390625,141
2025-07-17T20:43:22.791938,2,24,"[0, 1, 2, 3, 4, 5, 6, 7]",93.01580810546875,38.86540412902832,46.9561767578125,143,93.01580810546875,0.0,46.44097900390625,141
2025-07-17T20:43:22.794176,3,24,"[0, 1, 2, 3, 4, 5, 6, 7]",93.01580810546875,38.86540412902832,46.9561767578125,143,93.01580810546875,0.0,46.44097900390625,141
2025-07-17T20:43:22.801077,4,24,"[0, 1, 2, 3, 4, 5, 6, 7]",93.01580810546875,38.86540412902832,46.9561767578125,143,93.01580810546875,0.0,46.44097900390625,141
2025-07-17T20:43:22.808191,0,25,"[0, 1, 2, 3, 4, 5, 6, 7]",93.01580810546875,38.86540412902832,46.9561767578125,143,93.01580810546875,0.0,46.44097900390625,141
2025-07-17T20:43:22.814762,1,25,"[0, 1, 2, 3, 4, 5, 6, 7]",93.01580810546875,38.86540412902832,46.9561767578125,143,93.01580810546875,0.0,46.44097900390625,141
2025-07-17T20:43:22.822766,2,25,"[0, 1, 2, 3, 4, 5, 6, 7]",93.01580810546875,38.86540412902832,46.9561767578125,143,93.01580810546875,0.0,46.44097900390625,141
2025-07-17T20:43:22.829419,3,25,"[0, 1, 2, 3, 4, 5, 6, 7]",93.01580810546875,38.86540412902832,46.9561767578125,143,93.01580810546875,0.0,46.44097900390625,141
2025-07-17T20:43:22.836025,4,25,"[0, 1, 2, 3, 4, 5, 6, 7]",93.01580810546875,38.86540412902832,46.9561767578125,143,93.01580810546875,0.0,46.44097900390625,141
2025-07-17T20:43:22.842731,0,26,"[0, 1, 2, 3, 4, 5, 6, 7]",93.01580810546875,38.86540412902832,46.9561767578125,143,93.01580810546875,0.0,46.44097900390625,141
2025-07-17T20:43:22.850277,1,26,"[0, 1, 2, 3, 4, 5, 7]",93.01580810546875,38.86540412902832,46.9561767578125,143,93.01580810546875,0.0,46.44097900390625,141
2025-07-17T20:43:22.861707,2,26,"[0, 1, 2, 3, 4, 5, 6, 7]",93.01580810546875,38.86540412902832,46.9561767578125,143,93.01580810546875,0.0,46.44097900390625,141
2025-07-17T20:43:22.864308,3,26,"[0, 1, 2, 3, 4, 5, 7]",93.01580810546875,38.86540412902832,46.9561767578125,143,93.01580810546875,0.0,46.44097900390625,141
2025-07-17T20:43:22.870721,4,26,"[0, 1, 2, 3, 4, 5, 7]",93.01580810546875,38.86540412902832,46.9561767578125,143,93.01580810546875,0.0,46.44097900390625,141
2025-07-17T20:43:22.883881,0,27,"[0, 1, 2, 3, 4, 5, 6, 7]",93.01580810546875,38.86540412902832,46.9561767578125,143,93.01580810546875,0.0,46.44097900390625,141
2025-07-17T20:43:22.891001,1,27,"[0, 1, 2, 3, 4, 5, 6, 7]",93.01580810546875,38.86540412902832,46.9561767578125,143,93.01580810546875,0.0,46.44097900390625,141
2025-07-17T20:43:22.893358,2,27,"[0, 1, 2, 3, 4, 5, 6, 7]",93.01580810546875,38.86540412902832,46.9561767578125,143,93.01580810546875,0.0,46.44097900390625,141
2025-07-17T20:43:22.900496,3,27,"[0, 1, 2, 3, 4, 5, 6, 7]",93.01580810546875,38.86540412902832,46.9561767578125,143,93.01580810546875,0.0,46.44097900390625,141
2025-07-17T20:43:22.908683,4,27,"[0, 1, 2, 3, 4, 5, 6, 7]",93.01580810546875,38.86540412902832,46.9561767578125,143,93.01580810546875,0.0,46.44097900390625,141
2025-07-17T20:43:22.915982,0,28,"[0, 1, 2, 3, 4, 5, 6, 7]",93.01580810546875,38.86540412902832,46.9561767578125,143,93.01580810546875,0.0,46.44097900390625,141
2025-07-17T20:43:22.923235,1,28,"[0, 1, 2, 3, 4, 5, 6, 7]",93.01580810546875,38.86540412902832,46.9561767578125,143,93.01580810546875,0.0,46.44097900390625,141
2025-07-17T20:43:22.929978,2,28,"[0, 1, 2, 3, 5, 6, 7]",93.01580810546875,38.86540412902832,46.9561767578125,143,93.01580810546875,0.0,46.44097900390625,141
2025-07-17T20:43:22.941110,3,28,"[0, 1, 2, 3, 4, 5, 6, 7]",93.01580810546875,38.86540412902832,46.9561767578125,143,93.01580810546875,0.0,46.44097900390625,141
2025-07-17T20:43:22.943297,4,28,"[0, 1, 2, 3, 4, 5, 6, 7]",93.01580810546875,38.86540412902832,46.9561767578125,143,93.01580810546875,0.0,46.44097900390625,141
2025-07-17T20:43:22.954358,0,29,"[0, 1, 2, 3, 4, 5, 6, 7]",93.01580810546875,38.86540412902832,46.9561767578125,143,93.01580810546875,0.0,46.44097900390625,141
2025-07-17T20:43:22.956326,1,29,"[0, 1, 2, 3, 4, 5, 6, 7]",93.01580810546875,38.86540412902832,46.9561767578125,143,93.01580810546875,0.0,46.44097900390625,141
2025-07-17T20:43:22.963207,2,29,"[0, 1, 2, 3, 4, 5, 6, 7]",93.01580810546875,38.86540412902832,46.9561767578125,143,93.01580810546875,0.0,46.44097900390625,141
2025-07-17T20:43:22.969420,3,29,"[0, 1, 2, 3, 4, 5, 6, 7]",93.01580810546875,38.86540412902832,46.9561767578125,143,93.01580810546875,0.0,46.44097900390625,141
2025-07-17T20:43:22.981827,4,29,"[0, 1, 2, 3, 4, 5, 6, 7]",93.01580810546875,38.86540412902832,46.9561767578125,143,93.01580810546875,0.0,46.44097900390625,141
2025-07-17T20:43:22.983938,0,30,"[0, 1, 2, 3, 4, 5, 6, 7]",93.01580810546875,38.86540412902832,46.9561767578125,143,93.01580810546875,0.0,46.44097900390625,141
2025-07-17T20:43:22.995605,1,30,"[0, 1, 2, 3, 4, 5, 6, 7]",93.01580810546875,38.86540412902832,46.9561767578125,143,93.01580810546875,0.0,46.44097900390625,141
2025-07-17T20:43:23.003414,2,30,"[0, 1, 2, 3, 4, 5, 6, 7]",93.01580810546875,38.86540412902832,46.9561767578125,143,93.01580810546875,0.0,46.44097900390625,141
2025-07-17T20:43:23.005345,3,30,"[0, 1, 2, 3, 4, 5, 6, 7]",93.01580810546875,38.86540412902832,46.9561767578125,143,93.01580810546875,0.0,46.44097900390625,141
2025-07-17T20:43:23.012418,4,30,"[0, 1, 2, 3, 4, 5, 6, 7]",93.01580810546875,38.86540412902832,46.9561767578125,143,93.01580810546875,0.0,46.44097900390625,141
2025-07-17T20:43:23.020116,0,31,"[0, 1, 2, 3, 4, 5, 6, 7]",93.01580810546875,38.87204074859619,46.9561767578125,143,93.01580810546875,0.0,46.44097900390625,141
2025-07-17T20:43:23.027368,1,31,"[0, 1, 2, 3, 4, 5, 6, 7]",93.01580810546875,38.8688325881958,46.9561767578125,143,93.01580810546875,0.0,46.44097900390625,141
2025-07-17T20:43:23.040926,2,31,"[0, 1, 2, 4, 5, 6, 7]",93.01580810546875,38.86620616912842,46.9561767578125,143,93.01580810546875,0.0,46.44097900390625,141
2025-07-17T20:43:23.044938,3,31,"[0, 1, 2, 3, 4, 5, 6, 7]",93.01580810546875,38.86299800872803,46.9561767578125,143,93.01580810546875,0.0,46.44097900390625,141
2025-07-17T20:43:23.052855,4,31,"[0, 1, 2, 3, 4, 5, 6, 7]",93.01580810546875,38.86002254486084,46.9561767578125,143,93.01580810546875,0.0,46.44097900390625,141
2025-07-17T20:43:23.068021,0,0,"[0, 1, 2, 3, 4, 5, 6, 7]",93.01580810546875,38.85531425476074,46.9561767578125,143,93.01580810546875,0.0,46.44097900390625,141
2025-07-17T20:43:23.070448,1,0,"[0, 1, 2, 3, 4, 5, 6, 7]",93.01580810546875,38.85852241516113,46.9561767578125,143,93.01580810546875,0.0,46.44097900390625,141
2025-07-17T20:43:23.077446,2,0,"[0, 1, 2, 3, 4, 5, 6, 7]",93.01580810546875,38.86149787902832,46.9561767578125,143,93.01580810546875,0.0,46.44097900390625,141
2025-07-17T20:43:23.089597,3,0,"[0, 1, 2, 3, 4, 5, 6, 7]",93.01580810546875,38.86438179016113,46.9561767578125,143,93.01580810546875,0.0,46.44097900390625,141
2025-07-17T20:43:23.092139,4,0,"[0, 1, 2, 3, 4, 5, 6, 7]",93.01580810546875,38.86540412902832,46.9561767578125,143,93.01580810546875,0.0,46.44097900390625,141
2025-07-17T20:43:23.099076,0,1,"[0, 1, 2, 3, 4, 5, 6, 7]",93.01580810546875,38.86540412902832,46.9561767578125,143,93.01580810546875,0.0,46.44097900390625,141
2025-07-17T20:43:23.105689,1,1,"[0, 1, 2, 3, 4, 5, 6, 7]",93.01580810546875,38.86540412902832,46.9561767578125,143,93.01580810546875,0.0,46.44097900390625,141
2025-07-17T20:43:23.112533,2,1,"[0, 1, 2, 4, 5, 6, 7]",93.01580810546875,38.86540412902832,46.9561767578125,143,93.01580810546875,0.0,46.44097900390625,141
2025-07-17T20:43:23.124761,3,1,"[0, 1, 2, 3, 4, 5, 6, 7]",93.01580810546875,38.86540412902832,46.9561767578125,143,93.01580810546875,0.0,46.44097900390625,141
2025-07-17T20:43:23.131925,4,1,"[0, 1, 2, 3, 4, 5, 6, 7]",93.01580810546875,38.86540412902832,46.9561767578125,143,93.01580810546875,0.0,46.44097900390625,141
2025-07-17T20:43:23.134281,0,2,"[0, 1, 2, 3, 4, 5, 6, 7]",93.01580810546875,38.86540412902832,46.9561767578125,143,93.01580810546875,0.0,46.44097900390625,141
2025-07-17T20:43:23.141721,1,2,"[0, 1, 2, 3, 4, 5, 6, 7]",93.01580810546875,38.86540412902832,46.9561767578125,143,93.01580810546875,0.0,46.44097900390625,141
2025-07-17T20:43:23.148175,2,2,"[0, 1, 2, 3, 4, 5, 6, 7]",93.01580810546875,38.86540412902832,46.9561767578125,143,93.01580810546875,0.0,46.44097900390625,141
2025-07-17T20:43:23.160934,3,2,"[0, 1, 2, 3, 4, 5, 6, 7]",93.01580810546875,38.86540412902832,46.9561767578125,143,93.01580810546875,0.0,46.44097900390625,141
2025-07-17T20:43:23.163029,4,2,"[0, 1, 2, 3, 4, 5, 6, 7]",93.01580810546875,38.86540412902832,46.9561767578125,143,93.01580810546875,0.0,46.44097900390625,141
2025-07-17T20:43:23.170381,0,3,"[0, 1, 2, 3, 4, 5, 6, 7]",93.01580810546875,38.86540412902832,46.9561767578125,143,93.01580810546875,0.0,46.44097900390625,141
2025-07-17T20:43:23.177427,1,3,"[1, 2, 3, 4, 5, 6, 7]",93.01580810546875,38.86540412902832,46.9561767578125,143,93.01580810546875,0.0,46.44097900390625,141
2025-07-17T20:43:23.183843,2,3,"[0, 1, 2, 3, 4, 5, 6, 7]",93.01580810546875,38.86540412902832,46.9561767578125,143,93.01580810546875,0.0,46.44097900390625,141
2025-07-17T20:43:23.190817,3,3,"[1, 2, 3, 4, 5, 6, 7]",93.01580810546875,38.86540412902832,46.9561767578125,143,93.01580810546875,0.0,46.44097900390625,141
2025-07-17T20:43:23.203196,4,3,"[1, 2, 3, 4, 5, 6, 7]",93.01580810546875,38.86540412902832,46.9561767578125,143,93.01580810546875,0.0,46.44097900390625,141
2025-07-17T20:43:23.205291,0,4,"[0, 1, 2, 3, 4, 5, 6, 7]",93.01580810546875,38.86540412902832,46.9561767578125,143,93.01580810546875,0.0,46.44097900390625,141
2025-07-17T20:43:23.213857,1,4,"[0, 1, 3, 4, 5, 6, 7]",93.01580810546875,38.86540412902832,46.9561767578125,143,93.01580810546875,0.0,46.44097900390625,141
2025-07-17T20:43:23.225606,2,4,"[0, 1, 2, 3, 4, 5, 6, 7]",93.01580810546875,38.86540412902832,46.9561767578125,143,93.01580810546875,0.0,46.44097900390625,141
2025-07-17T20:43:23.227872,3,4,"[0, 1, 3, 4, 5, 6, 7]",93.01580810546875,38.86540412902832,46.9561767578125,143,93.01580810546875,0.0,46.44097900390625,141
2025-07-17T20:43:23.236238,4,4,"[0, 1, 3, 4, 5, 6, 7]",93.01580810546875,38.86540412902832,46.9561767578125,143,93.01580810546875,0.0,46.44097900390625,141
2025-07-17T20:43:23.242503,0,5,"[0, 1, 2, 3, 4, 5, 6, 7]",93.01580810546875,38.86540412902832,46.9561767578125,143,93.01580810546875,0.0,46.44097900390625,141
2025-07-17T20:43:23.248752,1,5,"[0, 1, 2, 4, 5, 6, 7]",93.01580810546875,38.86540412902832,46.9561767578125,143,93.01580810546875,0.0,46.44097900390625,141
2025-07-17T20:43:23.256056,2,5,"[0, 1, 2, 3, 4, 5, 6, 7]",93.01580810546875,38.86540412902832,46.9561767578125,143,93.01580810546875,0.0,46.44097900390625,141
2025-07-17T20:43:23.262911,3,5,"[0, 1, 2, 4, 5, 6, 7]",93.01580810546875,38.86540412902832,46.9561767578125,143,93.01580810546875,0.0,46.44097900390625,141
2025-07-17T20:43:23.269753,4,5,"[0, 1, 2, 4, 5, 6, 7]",93.01580810546875,38.86540412902832,46.9561767578125,143,93.01580810546875,0.0,46.44097900390625,141
2025-07-17T20:43:23.280714,0,6,"[0, 1, 2, 3, 4, 5, 6, 7]",93.01580810546875,38.86540412902832,46.9561767578125,143,93.01580810546875,0.0,46.44097900390625,141
2025-07-17T20:43:23.287850,1,6,"[0, 1, 2, 3, 4, 5, 6]",93.01580810546875,38.86540412902832,46.9561767578125,143,93.01580810546875,0.0,46.44097900390625,141
2025-07-17T20:43:23.295633,2,6,"[0, 1, 2, 3, 4, 5, 6, 7]",93.01580810546875,38.86540412902832,46.9561767578125,143,93.01580810546875,0.0,46.44097900390625,141
2025-07-17T20:43:23.298109,3,6,"[0, 1, 2, 3, 4, 5, 6]",93.01580810546875,38.86540412902832,46.9561767578125,143,93.01580810546875,0.0,46.44097900390625,141
2025-07-17T20:43:23.305747,4,6,"[0, 1, 2, 3, 4, 5, 6]",93.01580810546875,38.86540412902832,46.9561767578125,143,93.01580810546875,0.0,46.44097900390625,141
2025-07-17T20:43:23.311958,0,7,"[0, 1, 2, 3, 4, 5, 6, 7]",93.01580810546875,38.86540412902832,46.9561767578125,143,93.01580810546875,0.0,46.44097900390625,141
2025-07-17T20:43:23.318739,1,7,"[0, 1, 2, 3, 4, 5, 7]",93.01580810546875,38.86540412902832,46.9561767578125,143,93.01580810546875,0.0,46.44097900390625,141
2025-07-17T20:43:23.330526,2,7,"[0, 1, 2, 3, 4, 5, 6, 7]",93.01580810546875,38.86540412902832,46.9561767578125,143,93.01580810546875,0.0,46.44097900390625,141
2025-07-17T20:43:23.332670,3,7,"[0, 1, 2, 3, 4, 5, 7]",93.01580810546875,38.86540412902832,46.9561767578125,143,93.01580810546875,0.0,46.44097900390625,141
2025-07-17T20:43:23.338843,4,7,"[0, 1, 2, 3, 4, 5, 7]",93.01580810546875,38.86540412902832,46.9561767578125,143,93.01580810546875,0.0,46.44097900390625,141
2025-07-17T20:43:23.346635,0,8,"[0, 1, 2, 3, 4, 5, 6, 7]",93.01580810546875,38.86540412902832,46.9561767578125,143,93.01580810546875,0.0,46.44097900390625,141
2025-07-17T20:43:23.353459,1,8,"[0, 1, 2, 3, 4, 5, 6, 7]",93.01580810546875,38.86540412902832,46.9561767578125,143,93.01580810546875,0.0,46.44097900390625,141
2025-07-17T20:43:23.365772,2,8,"[1, 2, 3, 4, 5, 6, 7]",93.01580810546875,38.86540412902832,46.9561767578125,143,93.01580810546875,0.0,46.44097900390625,141
2025-07-17T20:43:23.373841,3,8,"[0, 1, 2, 3, 4, 5, 6, 7]",93.01580810546875,38.86540412902832,46.9561767578125,143,93.01580810546875,0.0,46.44097900390625,141
2025-07-17T20:43:23.376632,4,8,"[0, 1, 2, 3, 4, 5, 6, 7]",93.01580810546875,38.86540412902832,46.9561767578125,143,93.01580810546875,0.0,46.44097900390625,141
2025-07-17T20:43:23.383362,0,9,"[0, 1, 2, 3, 4, 5, 6, 7]",93.01580810546875,38.86540412902832,46.9561767578125,143,93.01580810546875,0.0,46.44097900390625,141
2025-07-17T20:43:23.391025,1,9,"[0, 1, 2, 4, 5, 6, 7]",93.01580810546875,38.86540412902832,46.9561767578125,143,93.01580810546875,0.0,46.44097900390625,141
2025-07-17T20:43:23.397408,2,9,"[0, 1, 2, 3, 4, 5, 6, 7]",93.01580810546875,38.86540412902832,46.9561767578125,143,93.01580810546875,0.0,46.44097900390625,141
2025-07-17T20:43:23.405528,3,9,"[0, 1, 2, 4, 5, 6, 7]",93.01580810546875,38.86540412902832,46.9561767578125,143,93.01580810546875,0.0,46.44097900390625,141
2025-07-17T20:43:23.417170,4,9,"[0, 1, 2, 4, 5, 6, 7]",93.01580810546875,38.86540412902832,46.9561767578125,143,93.01580810546875,0.0,46.44097900390625,141
2025-07-17T20:43:23.419281,0,10,"[1, 2, 3, 4, 5, 6, 7]",93.01580810546875,38.86540412902832,46.9561767578125,143,93.01580810546875,0.0,46.44097900390625,141
2025-07-17T20:43:23.431863,1,10,"[0, 1, 2, 3, 4, 5, 6]",93.01580810546875,38.86540412902832,46.9561767578125,143,93.01580810546875,0.0,46.44097900390625,141
2025-07-17T20:43:23.433917,2,10,"[0, 1, 2, 3, 4, 5, 6, 7]",93.01580810546875,38.86540412902832,46.9561767578125,143,93.01580810546875,0.0,46.44097900390625,141
2025-07-17T20:43:23.441257,3,10,"[0, 1, 2, 3, 4, 5, 6]",93.01580810546875,38.86540412902832,46.9561767578125,143,93.01580810546875,0.0,46.44097900390625,141
2025-07-17T20:43:23.449717,4,10,"[0, 1, 2, 3, 4, 5, 6]",93.01580810546875,38.86540412902832,46.9561767578125,143,93.01580810546875,0.0,46.44097900390625,141
2025-07-17T20:43:23.462789,0,11,"[0, 1, 2, 4, 5, 6, 7]",93.01580810546875,38.86540412902832,46.9561767578125,143,93.01580810546875,0.0,46.44097900390625,141
2025-07-17T20:43:23.465366,1,11,"[0, 1, 2, 4, 5, 6, 7]",93.01580810546875,38.86540412902832,46.9561767578125,143,93.01580810546875,0.0,46.44097900390625,141
2025-07-17T20:43:23.472587,2,11,"[0, 1, 2, 3, 4, 5, 6, 7]",93.01580810546875,38.86540412902832,46.9561767578125,143,93.01580810546875,0.0,46.44097900390625,141
2025-07-17T20:43:23.485027,3,11,"[0, 1, 2, 4, 5, 6, 7]",93.01580810546875,38.86540412902832,46.9561767578125,143,93.01580810546875,0.0,46.44097900390625,141
2025-07-17T20:43:23.487685,4,11,"[0, 1, 2, 4, 5, 6, 7]",93.01580810546875,38.86540412902832,46.9561767578125,143,93.01580810546875,0.0,46.44097900390625,141
2025-07-17T20:43:23.494351,0,12,"[0, 1, 2, 3, 4, 5, 6, 7]",93.01580810546875,38.86540412902832,46.9561767578125,143,93.01580810546875,0.0,46.44097900390625,141
2025-07-17T20:43:23.500831,1,12,"[0, 1, 2, 3, 4, 5, 6]",93.01580810546875,38.86540412902832,46.9561767578125,143,93.01580810546875,0.0,46.44097900390625,141
2025-07-17T20:43:23.513600,2,12,"[0, 1, 2, 3, 4, 5, 6, 7]",93.01580810546875,38.86540412902832,46.9561767578125,143,93.01580810546875,0.0,46.44097900390625,141
2025-07-17T20:43:23.515620,3,12,"[0, 1, 2, 3, 4, 5, 6]",93.01580810546875,38.86540412902832,46.9561767578125,143,93.01580810546875,0.0,46.44097900390625,141
2025-07-17T20:43:23.528821,4,12,"[0, 1, 2, 3, 4, 5, 6]",93.01580810546875,38.86540412902832,46.9561767578125,143,93.01580810546875,0.0,46.44097900390625,141
2025-07-17T20:43:23.531564,0,13,"[0, 1, 2, 3, 4, 5, 6, 7]",93.01580810546875,38.86540412902832,46.9561767578125,143,93.01580810546875,0.0,46.44097900390625,141
2025-07-17T20:43:23.538210,1,13,"[0, 1, 2, 3, 5, 7]",93.01580810546875,38.86540412902832,46.9561767578125,143,93.01580810546875,0.0,46.44097900390625,141
2025-07-17T20:43:23.545420,2,13,"[0, 1, 2, 3, 4, 5, 6, 7]",93.01580810546875,38.86540412902832,46.9561767578125,143,93.01580810546875,0.0,46.44097900390625,141
2025-07-17T20:43:23.551693,3,13,"[0, 1, 2, 3, 5, 7]",93.01580810546875,38.86540412902832,46.9561767578125,143,93.01580810546875,0.0,46.44097900390625,141
2025-07-17T20:43:23.558923,4,13,"[0, 1, 2, 3, 5, 7]",93.01580810546875,38.86540412902832,46.9561767578125,143,93.01580810546875,0.0,46.44097900390625,141
2025-07-17T20:43:23.565492,0,14,"[0, 1, 2, 3, 4, 5, 6, 7]",93.01580810546875,38.86540412902832,46.9561767578125,143,93.01580810546875,0.0,46.44097900390625,141
2025-07-17T20:43:23.577365,1,14,"[0, 1, 2, 3, 4, 5, 6, 7]",93.01580810546875,38.86540412902832,46.9561767578125,143,93.01580810546875,0.0,46.44097900390625,141
2025-07-17T20:43:23.579885,2,14,"[0, 1, 2, 3, 4, 5, 6, 7]",93.01580810546875,38.86540412902832,46.9561767578125,143,93.01580810546875,0.0,46.44097900390625,141
2025-07-17T20:43:23.586722,3,14,"[0, 1, 2, 3, 4, 5, 6, 7]",93.01580810546875,38.86540412902832,46.9561767578125,143,93.01580810546875,0.0,46.44097900390625,141
2025-07-17T20:43:23.593433,4,14,"[0, 1, 2, 3, 4, 5, 6, 7]",93.01580810546875,38.86540412902832,46.9561767578125,143,93.01580810546875,0.0,46.44097900390625,141
2025-07-17T20:43:23.600404,0,15,"[0, 1, 2, 3, 4, 5, 6, 7]",93.01580810546875,38.86540412902832,46.9561767578125,143,93.01580810546875,0.0,46.44097900390625,141
2025-07-17T20:43:23.606960,1,15,"[1, 2, 4, 5, 6, 7]",93.01580810546875,38.86540412902832,46.9561767578125,143,93.01580810546875,0.0,46.44097900390625,141
2025-07-17T20:43:23.614005,2,15,"[0, 1, 2, 3, 4, 5, 6, 7]",93.01580810546875,38.86540412902832,46.9561767578125,143,93.01580810546875,0.0,46.44097900390625,141
2025-07-17T20:43:23.625011,3,15,"[1, 2, 4, 5, 6, 7]",93.01580810546875,38.86540412902832,46.9561767578125,143,93.01580810546875,0.0,46.44097900390625,141
2025-07-17T20:43:23.632684,4,15,"[1, 2, 4, 5, 6, 7]",93.01580810546875,38.86540412902832,46.9561767578125,143,93.01580810546875,0.0,46.44097900390625,141
2025-07-17T20:43:23.635854,0,16,"[0, 1, 3, 4, 5, 6, 7]",93.01580810546875,38.86540412902832,46.9561767578125,143,93.01580810546875,0.0,46.44097900390625,141
2025-07-17T20:43:23.644007,1,16,"[0, 1, 2, 3, 4, 5, 6, 7]",93.01580810546875,38.86540412902832,46.9561767578125,143,93.01580810546875,0.0,46.44097900390625,141
2025-07-17T20:43:23.650888,2,16,"[0, 1, 2, 3, 4, 5, 6, 7]",93.01580810546875,38.86540412902832,46.9561767578125,143,93.01580810546875,0.0,46.44097900390625,141
2025-07-17T20:43:23.662853,3,16,"[0, 1, 2, 3, 4, 5, 6, 7]",93.01580810546875,38.86540412902832,46.9561767578125,143,93.01580810546875,0.0,46.44097900390625,141
2025-07-17T20:43:23.664739,4,16,"[0, 1, 2, 3, 4, 5, 6, 7]",93.01580810546875,38.86540412902832,46.9561767578125,143,93.01580810546875,0.0,46.44097900390625,141
2025-07-17T20:43:23.672614,0,17,"[0, 1, 2, 3, 4, 5, 6, 7]",93.01580810546875,38.86540412902832,46.9561767578125,143,93.01580810546875,0.0,46.44097900390625,141
2025-07-17T20:43:23.679645,1,17,"[0, 1, 2, 3, 4, 5, 6, 7]",93.01580810546875,38.86540412902832,46.9561767578125,143,93.01580810546875,0.0,46.44097900390625,141
2025-07-17T20:43:23.686656,2,17,"[0, 1, 2, 3, 4, 5, 6, 7]",93.01580810546875,38.86540412902832,46.9561767578125,143,93.01580810546875,0.0,46.44097900390625,141
2025-07-17T20:43:23.693967,3,17,"[0, 1, 2, 3, 4, 5, 6, 7]",93.01580810546875,38.86540412902832,46.9561767578125,143,93.01580810546875,0.0,46.44097900390625,141
2025-07-17T20:43:23.700775,4,17,"[0, 1, 2, 3, 4, 5, 6, 7]",93.01580810546875,38.86540412902832,46.9561767578125,143,93.01580810546875,0.0,46.44097900390625,141
2025-07-17T20:43:23.708289,0,18,"[0, 1, 2, 3, 4, 5, 6, 7]",93.01580810546875,38.86540412902832,46.9561767578125,143,93.01580810546875,0.0,46.44097900390625,141
2025-07-17T20:43:23.715156,1,18,"[0, 1, 2, 3, 4, 5, 6, 7]",93.01580810546875,38.86540412902832,46.9561767578125,143,93.01580810546875,0.0,46.44097900390625,141
2025-07-17T20:43:23.722045,2,18,"[0, 1, 2, 3, 4, 5, 6, 7]",93.01580810546875,38.86540412902832,46.9561767578125,143,93.01580810546875,0.0,46.44097900390625,141
2025-07-17T20:43:23.734855,3,18,"[0, 1, 2, 3, 4, 5, 6, 7]",93.01580810546875,38.86540412902832,46.9561767578125,143,93.01580810546875,0.0,46.44097900390625,141
2025-07-17T20:43:23.737015,4,18,"[0, 1, 2, 3, 4, 5, 6, 7]",93.01580810546875,38.86540412902832,46.9561767578125,143,93.01580810546875,0.0,46.44097900390625,141
2025-07-17T20:43:23.748667,0,19,"[0, 1, 2, 3, 4, 5, 6, 7]",93.01580810546875,38.86540412902832,46.9561767578125,143,93.01580810546875,0.0,46.44097900390625,141
2025-07-17T20:43:23.750729,1,19,"[0, 1, 2, 3, 4, 5, 6, 7]",93.01580810546875,38.86540412902832,46.9561767578125,143,93.01580810546875,0.0,46.44097900390625,141
2025-07-17T20:43:23.757567,2,19,"[0, 1, 2, 3, 4, 5, 6, 7]",93.01580810546875,38.86540412902832,46.9561767578125,143,93.01580810546875,0.0,46.44097900390625,141
2025-07-17T20:43:23.770175,3,19,"[0, 1, 2, 3, 4, 5, 6, 7]",93.01580810546875,38.86540412902832,46.9561767578125,143,93.01580810546875,0.0,46.44097900390625,141
2025-07-17T20:43:23.772227,4,19,"[0, 1, 2, 3, 4, 5, 6, 7]",93.01580810546875,38.86540412902832,46.9561767578125,143,93.01580810546875,0.0,46.44097900390625,141
2025-07-17T20:43:23.779324,0,20,"[0, 1, 2, 3, 4, 5, 6, 7]",93.01580810546875,38.86540412902832,46.9561767578125,143,93.01580810546875,0.0,46.44097900390625,141
2025-07-17T20:43:23.787694,1,20,"[0, 2, 3, 4, 5, 6, 7]",93.01580810546875,38.86540412902832,46.9561767578125,143,93.01580810546875,0.0,46.44097900390625,141
2025-07-17T20:43:23.793831,2,20,"[0, 1, 2, 3, 4, 5, 6, 7]",93.01580810546875,38.86540412902832,46.9561767578125,143,93.01580810546875,0.0,46.44097900390625,141
2025-07-17T20:43:23.806126,3,20,"[0, 2, 3, 4, 5, 6, 7]",93.01580810546875,38.86540412902832,46.9561767578125,143,93.01580810546875,0.0,46.44097900390625,141
2025-07-17T20:43:23.808083,4,20,"[0, 2, 3, 4, 5, 6, 7]",93.01580810546875,38.86540412902832,46.9561767578125,143,93.01580810546875,0.0,46.44097900390625,141
2025-07-17T20:43:23.815396,0,21,"[0, 1, 2, 3, 4, 5, 6, 7]",93.01580810546875,38.86540412902832,46.9561767578125,143,93.01580810546875,0.0,46.44097900390625,141
2025-07-17T20:43:23.822355,1,21,"[0, 1, 2, 3, 4, 5, 6, 7]",93.01580810546875,38.86540412902832,46.9561767578125,143,93.01580810546875,0.0,46.44097900390625,141
2025-07-17T20:43:23.828899,2,21,"[0, 1, 2, 3, 4, 5, 6, 7]",93.01580810546875,38.86540412902832,46.9561767578125,143,93.01580810546875,0.0,46.44097900390625,141
2025-07-17T20:43:23.836397,3,21,"[0, 1, 2, 3, 4, 5, 6, 7]",93.01580810546875,38.86540412902832,46.9561767578125,143,93.01580810546875,0.0,46.44097900390625,141
2025-07-17T20:43:23.849867,4,21,"[0, 1, 2, 3, 4, 5, 6, 7]",93.01580810546875,38.86540412902832,46.9561767578125,143,93.01580810546875,0.0,46.44097900390625,141
2025-07-17T20:43:23.852064,0,22,"[0, 1, 2, 3, 4, 5, 6, 7]",93.01580810546875,38.86540412902832,46.9561767578125,143,93.01580810546875,0.0,46.44097900390625,141
2025-07-17T20:43:23.859353,1,22,"[0, 1, 2, 3, 4, 5, 6, 7]",93.01580810546875,38.86540412902832,46.9561767578125,143,93.01580810546875,0.0,46.44097900390625,141
2025-07-17T20:43:23.866967,2,22,"[0, 1, 2, 3, 4, 5, 6, 7]",93.01580810546875,38.86540412902832,46.9561767578125,143,93.01580810546875,0.0,46.44097900390625,141
2025-07-17T20:43:23.874667,3,22,"[0, 1, 2, 3, 4, 5, 6, 7]",93.01580810546875,38.86540412902832,46.9561767578125,143,93.01580810546875,0.0,46.44097900390625,141
2025-07-17T20:43:23.887101,4,22,"[0, 1, 2, 3, 4, 5, 6, 7]",93.01580810546875,38.86540412902832,46.9561767578125,143,93.01580810546875,0.0,46.44097900390625,141
2025-07-17T20:43:23.889137,0,23,"[0, 1, 2, 3, 4, 5, 6, 7]",93.01580810546875,38.86540412902832,46.9561767578125,143,93.01580810546875,0.0,46.44097900390625,141
2025-07-17T20:43:23.900290,1,23,"[0, 1, 2, 3, 4, 5, 6, 7]",93.01580810546875,38.86540412902832,46.9561767578125,143,93.01580810546875,0.0,46.44097900390625,141
2025-07-17T20:43:23.902512,2,23,"[0, 1, 2, 3, 4, 5, 6, 7]",93.01580810546875,38.86540412902832,46.9561767578125,143,93.01580810546875,0.0,46.44097900390625,141
2025-07-17T20:43:23.910553,3,23,"[0, 1, 2, 3, 4, 5, 6, 7]",93.01580810546875,38.86540412902832,46.9561767578125,143,93.01580810546875,0.0,46.44097900390625,141
2025-07-17T20:43:23.917367,4,23,"[0, 1, 2, 3, 4, 5, 6, 7]",93.01580810546875,38.86540412902832,46.9561767578125,143,93.01580810546875,0.0,46.44097900390625,141
2025-07-17T20:43:23.924725,0,24,"[0, 1, 2, 3, 4, 5, 6, 7]",93.01580810546875,38.86540412902832,46.9561767578125,143,93.01580810546875,0.0,46.44097900390625,141
2025-07-17T20:43:23.931935,1,24,"[0, 1, 2, 3, 4, 5, 6, 7]",93.01580810546875,38.86540412902832,46.9561767578125,143,93.01580810546875,0.0,46.44097900390625,141
2025-07-17T20:43:23.938802,2,24,"[0, 1, 2, 3, 4, 5, 6, 7]",93.01580810546875,38.86540412902832,46.9561767578125,143,93.01580810546875,0.0,46.44097900390625,141
2025-07-17T20:43:23.945654,3,24,"[0, 1, 2, 3, 4, 5, 6, 7]",93.01580810546875,38.86540412902832,46.9561767578125,143,93.01580810546875,0.0,46.44097900390625,141
2025-07-17T20:43:23.952481,4,24,"[0, 1, 2, 3, 4, 5, 6, 7]",93.01580810546875,38.86540412902832,46.9561767578125,143,93.01580810546875,0.0,46.44097900390625,141
2025-07-17T20:43:23.959686,0,25,"[0, 1, 2, 3, 4, 5, 6, 7]",93.01580810546875,38.86540412902832,46.9561767578125,143,93.01580810546875,0.0,46.44097900390625,141
2025-07-17T20:43:23.972430,1,25,"[0, 1, 2, 3, 4, 6, 7]",93.01580810546875,38.86540412902832,46.9561767578125,143,93.01580810546875,0.0,46.44097900390625,141
2025-07-17T20:43:23.974746,2,25,"[0, 1, 2, 3, 4, 5, 6, 7]",93.01580810546875,38.86540412902832,46.9561767578125,143,93.01580810546875,0.0,46.44097900390625,141
2025-07-17T20:43:23.982212,3,25,"[0, 1, 2, 3, 4, 6, 7]",93.01580810546875,38.86540412902832,46.9561767578125,143,93.01580810546875,0.0,46.44097900390625,141
2025-07-17T20:43:23.989420,4,25,"[0, 1, 2, 3, 4, 6, 7]",93.01580810546875,38.86540412902832,46.9561767578125,143,93.01580810546875,0.0,46.44097900390625,141
2025-07-17T20:43:23.997978,0,26,"[0, 1, 2, 3, 4, 5, 6, 7]",93.01580810546875,38.86540412902832,46.9561767578125,143,93.01580810546875,0.0,46.44097900390625,141
2025-07-17T20:43:24.009383,1,26,"[0, 1, 2, 3, 4, 5, 6, 7]",93.01580810546875,38.86540412902832,46.9561767578125,143,93.01580810546875,0.0,46.44097900390625,141
2025-07-17T20:43:24.011548,2,26,"[0, 1, 2, 3, 4, 5, 6, 7]",93.01580810546875,38.86540412902832,46.9561767578125,143,93.01580810546875,0.0,46.44097900390625,141
2025-07-17T20:43:24.018880,3,26,"[0, 1, 2, 3, 4, 5, 6, 7]",93.01580810546875,38.86540412902832,46.9561767578125,143,93.01580810546875,0.0,46.44097900390625,141
2025-07-17T20:43:24.026083,4,26,"[0, 1, 2, 3, 4, 5, 6, 7]",93.01580810546875,38.86540412902832,46.9561767578125,143,93.01580810546875,0.0,46.44097900390625,141
2025-07-17T20:43:24.032843,0,27,"[0, 1, 2, 3, 4, 5, 6, 7]",93.01580810546875,38.86540412902832,46.9561767578125,143,93.01580810546875,0.0,46.44097900390625,141
2025-07-17T20:43:24.040188,1,27,"[0, 1, 2, 3, 4, 6, 7]",93.01580810546875,38.86540412902832,46.9561767578125,143,93.01580810546875,0.0,46.44097900390625,141
2025-07-17T20:43:24.052371,2,27,"[0, 1, 2, 3, 4, 5, 6, 7]",93.01580810546875,38.86540412902832,46.9561767578125,143,93.01580810546875,0.0,46.44097900390625,141
2025-07-17T20:43:24.054562,3,27,"[0, 1, 2, 3, 4, 6, 7]",93.01580810546875,38.86540412902832,46.9561767578125,143,93.01580810546875,0.0,46.44097900390625,141
2025-07-17T20:43:24.060902,4,27,"[0, 1, 2, 3, 4, 6, 7]",93.01580810546875,38.86540412902832,46.9561767578125,143,93.01580810546875,0.0,46.44097900390625,141
2025-07-17T20:43:24.067921,0,28,"[0, 1, 2, 3, 4, 5, 6, 7]",93.01580810546875,38.86540412902832,46.9561767578125,143,93.01580810546875,0.0,46.44097900390625,141
2025-07-17T20:43:24.074618,1,28,"[0, 1, 2, 3, 4, 5, 6, 7]",93.01580810546875,38.86540412902832,46.9561767578125,143,93.01580810546875,0.0,46.44097900390625,141
2025-07-17T20:43:24.083231,2,28,"[0, 1, 2, 3, 4, 5, 6, 7]",93.01580810546875,38.86540412902832,46.9561767578125,143,93.01580810546875,0.0,46.44097900390625,141
2025-07-17T20:43:24.089413,3,28,"[0, 1, 2, 3, 4, 5, 6, 7]",93.01580810546875,38.86540412902832,46.9561767578125,143,93.01580810546875,0.0,46.44097900390625,141
2025-07-17T20:43:24.097358,4,28,"[0, 1, 2, 3, 4, 5, 6, 7]",93.01580810546875,38.86540412902832,46.9561767578125,143,93.01580810546875,0.0,46.44097900390625,141
2025-07-17T20:43:24.104280,0,29,"[0, 1, 2, 3, 4, 5, 6, 7]",93.01580810546875,38.86540412902832,46.9561767578125,143,93.01580810546875,0.0,46.44097900390625,141
2025-07-17T20:43:24.115606,1,29,"[0, 1, 2, 3, 4, 5, 6, 7]",93.01580810546875,38.86540412902832,46.9561767578125,143,93.01580810546875,0.0,46.44097900390625,141
2025-07-17T20:43:24.117474,2,29,"[0, 1, 2, 3, 4, 5, 6, 7]",93.01580810546875,38.86540412902832,46.9561767578125,143,93.01580810546875,0.0,46.44097900390625,141
2025-07-17T20:43:24.124218,3,29,"[0, 1, 2, 3, 4, 5, 6, 7]",93.01580810546875,38.86540412902832,46.9561767578125,143,93.01580810546875,0.0,46.44097900390625,141
2025-07-17T20:43:24.136403,4,29,"[0, 1, 2, 3, 4, 5, 6, 7]",93.01580810546875,38.86540412902832,46.9561767578125,143,93.01580810546875,0.0,46.44097900390625,141
2025-07-17T20:43:24.138439,0,30,"[0, 1, 2, 3, 4, 5, 6, 7]",93.01580810546875,38.86540412902832,46.9561767578125,143,93.01580810546875,0.0,46.44097900390625,141
2025-07-17T20:43:24.149482,1,30,"[0, 1, 2, 3, 4, 5, 6, 7]",93.01580810546875,38.86540412902832,46.9561767578125,143,93.01580810546875,0.0,46.44097900390625,141
2025-07-17T20:43:24.157191,2,30,"[0, 1, 2, 3, 4, 5, 6, 7]",93.01580810546875,38.86540412902832,46.9561767578125,143,93.01580810546875,0.0,46.44097900390625,141
2025-07-17T20:43:24.159916,3,30,"[0, 1, 2, 3, 4, 5, 6, 7]",93.01580810546875,38.86540412902832,46.9561767578125,143,93.01580810546875,0.0,46.44097900390625,141
2025-07-17T20:43:24.166779,4,30,"[0, 1, 2, 3, 4, 5, 6, 7]",93.01580810546875,38.86540412902832,46.9561767578125,143,93.01580810546875,0.0,46.44097900390625,141
2025-07-17T20:43:24.179118,0,31,"[0, 1, 2, 3, 4, 5, 6, 7]",93.01580810546875,38.87229824066162,46.9561767578125,143,93.01580810546875,0.0,46.44097900390625,141
2025-07-17T20:43:24.183081,1,31,"[0, 1, 2, 4, 5, 6, 7]",93.01580810546875,38.86909008026123,46.9561767578125,143,93.01580810546875,0.0,46.44097900390625,141
2025-07-17T20:43:24.191872,2,31,"[0, 1, 2, 3, 4, 5, 6, 7]",93.01580810546875,38.86646366119385,46.9561767578125,143,93.01580810546875,0.0,46.44097900390625,141
2025-07-17T20:43:24.200361,3,31,"[0, 1, 2, 4, 5, 6, 7]",93.01580810546875,38.86299800872803,46.9561767578125,143,93.01580810546875,0.0,46.44097900390625,141
2025-07-17T20:43:24.207131,4,31,"[0, 1, 2, 4, 5, 6, 7]",93.01580810546875,38.86002254486084,46.9561767578125,143,93.01580810546875,0.0,46.44097900390625,141
2025-07-17T20:43:24.222192,0,0,"[0, 1, 2, 3, 4, 5, 6, 7]",93.01580810546875,38.85531425476074,46.9561767578125,143,93.01580810546875,0.0,46.44097900390625,141
2025-07-17T20:43:24.229535,1,0,"[0, 1, 2, 3, 4, 5, 6, 7]",93.01580810546875,38.85852241516113,46.9561767578125,143,93.01580810546875,0.0,46.44097900390625,141
2025-07-17T20:43:24.232105,2,0,"[0, 1, 2, 3, 4, 5, 6, 7]",93.01580810546875,38.86149787902832,46.9561767578125,143,93.01580810546875,0.0,46.44097900390625,141
2025-07-17T20:43:24.240607,3,0,"[0, 1, 2, 3, 4, 5, 6, 7]",93.01580810546875,38.86438179016113,46.9561767578125,143,93.01580810546875,0.0,46.44097900390625,141
2025-07-17T20:43:24.247617,4,0,"[0, 1, 2, 3, 4, 5, 6, 7]",93.01580810546875,38.86540412902832,46.9561767578125,143,93.01580810546875,0.0,46.44097900390625,141
2025-07-17T20:43:24.254726,0,1,"[0, 1, 2, 3, 4, 5, 6, 7]",93.01580810546875,38.86540412902832,46.9561767578125,143,93.01580810546875,0.0,46.44097900390625,141
2025-07-17T20:43:24.261381,1,1,"[0, 1, 2, 3, 5, 6, 7]",93.01580810546875,38.86540412902832,46.9561767578125,143,93.01580810546875,0.0,46.44097900390625,141
2025-07-17T20:43:24.268106,2,1,"[0, 1, 2, 4, 5, 6, 7]",93.01580810546875,38.86540412902832,46.9561767578125,143,93.01580810546875,0.0,46.44097900390625,141
2025-07-17T20:43:24.280359,3,1,"[0, 1, 2, 3, 5, 6, 7]",93.01580810546875,38.86540412902832,46.9561767578125,143,93.01580810546875,0.0,46.44097900390625,141
2025-07-17T20:43:24.282447,4,1,"[0, 1, 2, 3, 5, 6, 7]",93.01580810546875,38.86540412902832,46.9561767578125,143,93.01580810546875,0.0,46.44097900390625,141
2025-07-17T20:43:24.289065,0,2,"[0, 1, 2, 3, 4, 5, 6, 7]",93.01580810546875,38.86540412902832,46.9561767578125,143,93.01580810546875,0.0,46.44097900390625,141
2025-07-17T20:43:24.300614,1,2,"[0, 1, 2, 3, 4, 5, 6, 7]",93.01580810546875,38.86540412902832,46.9561767578125,143,93.01580810546875,0.0,46.44097900390625,141
2025-07-17T20:43:24.302672,2,2,"[0, 1, 2, 3, 4, 5, 7]",93.01580810546875,38.86540412902832,46.9561767578125,143,93.01580810546875,0.0,46.44097900390625,141
2025-07-17T20:43:24.310541,3,2,"[0, 1, 2, 3, 4, 5, 6, 7]",93.01580810546875,38.86540412902832,46.9561767578125,143,93.01580810546875,0.0,46.44097900390625,141
2025-07-17T20:43:24.318240,4,2,"[0, 1, 2, 3, 4, 5, 6, 7]",93.01580810546875,38.86540412902832,46.9561767578125,143,93.01580810546875,0.0,46.44097900390625,141
2025-07-17T20:43:24.324289,0,3,"[0, 1, 2, 3, 4, 5, 6, 7]",93.01580810546875,38.86540412902832,46.9561767578125,143,93.01580810546875,0.0,46.44097900390625,141
2025-07-17T20:43:24.332285,1,3,"[1, 2, 3, 4, 6, 7]",93.01580810546875,38.86540412902832,46.9561767578125,143,93.01580810546875,0.0,46.44097900390625,141
2025-07-17T20:43:24.339308,2,3,"[0, 1, 2, 3, 4, 5, 6, 7]",93.01580810546875,38.86540412902832,46.9561767578125,143,93.01580810546875,0.0,46.44097900390625,141
2025-07-17T20:43:24.345699,3,3,"[1, 2, 3, 4, 6, 7]",93.01580810546875,38.86540412902832,46.9561767578125,143,93.01580810546875,0.0,46.44097900390625,141
2025-07-17T20:43:24.352787,4,3,"[1, 2, 3, 4, 6, 7]",93.01580810546875,38.86540412902832,46.9561767578125,143,93.01580810546875,0.0,46.44097900390625,141
2025-07-17T20:43:24.365352,0,4,"[0, 1, 2, 3, 4, 5, 6, 7]",93.01580810546875,38.86540412902832,46.9561767578125,143,93.01580810546875,0.0,46.44097900390625,141
2025-07-17T20:43:24.367325,1,4,"[0, 1, 2, 3, 4, 5, 6]",93.01580810546875,38.86540412902832,46.9561767578125,143,93.01580810546875,0.0,46.44097900390625,141
2025-07-17T20:43:24.374416,2,4,"[0, 1, 2, 3, 4, 5, 6, 7]",93.01580810546875,38.86540412902832,46.9561767578125,143,93.01580810546875,0.0,46.44097900390625,141
2025-07-17T20:43:24.381118,3,4,"[0, 1, 2, 3, 4, 5, 6]",93.01580810546875,38.86540412902832,46.9561767578125,143,93.01580810546875,0.0,46.44097900390625,141
2025-07-17T20:43:24.388219,4,4,"[0, 1, 2, 3, 4, 5, 6]",93.01580810546875,38.86540412902832,46.9561767578125,143,93.01580810546875,0.0,46.44097900390625,141
2025-07-17T20:43:24.395329,0,5,"[0, 1, 2, 3, 4, 5, 6, 7]",93.01580810546875,38.86540412902832,46.9561767578125,143,93.01580810546875,0.0,46.44097900390625,141
2025-07-17T20:43:24.402059,1,5,"[0, 1, 2, 3, 4, 5, 6, 7]",93.01580810546875,38.86540412902832,46.9561767578125,143,93.01580810546875,0.0,46.44097900390625,141
2025-07-17T20:43:24.409119,2,5,"[0, 1, 2, 3, 4, 5, 6, 7]",93.01580810546875,38.86540412902832,46.9561767578125,143,93.01580810546875,0.0,46.44097900390625,141
2025-07-17T20:43:24.415901,3,5,"[0, 1, 2, 3, 4, 5, 6, 7]",93.01580810546875,38.86540412902832,46.9561767578125,143,93.01580810546875,0.0,46.44097900390625,141
2025-07-17T20:43:24.427742,4,5,"[0, 1, 2, 3, 4, 5, 6, 7]",93.01580810546875,38.86540412902832,46.9561767578125,143,93.01580810546875,0.0,46.44097900390625,141
2025-07-17T20:43:24.430034,0,6,"[0, 1, 2, 3, 4, 5, 6, 7]",93.01580810546875,38.86540412902832,46.9561767578125,143,93.01580810546875,0.0,46.44097900390625,141
2025-07-17T20:43:24.437248,1,6,"[0, 1, 2, 3, 4, 5, 6, 7]",93.01580810546875,38.86540412902832,46.9561767578125,143,93.01580810546875,0.0,46.44097900390625,141
2025-07-17T20:43:24.450273,2,6,"[0, 1, 2, 3, 4, 5, 6, 7]",93.01580810546875,38.86540412902832,46.9561767578125,143,93.01580810546875,0.0,46.44097900390625,141
2025-07-17T20:43:24.452734,3,6,"[0, 1, 2, 3, 4, 5, 6, 7]",93.01580810546875,38.86540412902832,46.9561767578125,143,93.01580810546875,0.0,46.44097900390625,141
2025-07-17T20:43:24.459331,4,6,"[0, 1, 2, 3, 4, 5, 6, 7]",93.01580810546875,38.86540412902832,46.9561767578125,143,93.01580810546875,0.0,46.44097900390625,141
2025-07-17T20:43:24.466145,0,7,"[0, 1, 2, 3, 4, 5, 6, 7]",93.01580810546875,38.86540412902832,46.9561767578125,143,93.01580810546875,0.0,46.44097900390625,141
2025-07-17T20:43:24.473663,1,7,"[0, 1, 2, 4, 5, 6, 7]",93.01580810546875,38.86540412902832,46.9561767578125,143,93.01580810546875,0.0,46.44097900390625,141
2025-07-17T20:43:24.480243,2,7,"[0, 1, 2, 3, 4, 5, 6, 7]",93.01580810546875,38.86540412902832,46.9561767578125,143,93.01580810546875,0.0,46.44097900390625,141
2025-07-17T20:43:24.492714,3,7,"[0, 1, 2, 4, 5, 6, 7]",93.01580810546875,38.86540412902832,46.9561767578125,143,93.01580810546875,0.0,46.44097900390625,141
2025-07-17T20:43:24.494815,4,7,"[0, 1, 2, 4, 5, 6, 7]",93.01580810546875,38.86540412902832,46.9561767578125,143,93.01580810546875,0.0,46.44097900390625,141
2025-07-17T20:43:24.502140,0,8,"[0, 1, 2, 3, 4, 5, 6, 7]",93.01580810546875,38.86540412902832,46.9561767578125,143,93.01580810546875,0.0,46.44097900390625,141
2025-07-17T20:43:24.509410,1,8,"[0, 2, 3, 4, 5, 6, 7]",93.01580810546875,38.86540412902832,46.9561767578125,143,93.01580810546875,0.0,46.44097900390625,141
2025-07-17T20:43:24.522540,2,8,"[0, 1, 2, 3, 4, 5, 6, 7]",93.01580810546875,38.86540412902832,46.9561767578125,143,93.01580810546875,0.0,46.44097900390625,141
2025-07-17T20:43:24.524781,3,8,"[0, 2, 3, 4, 5, 6, 7]",93.01580810546875,38.86540412902832,46.9561767578125,143,93.01580810546875,0.0,46.44097900390625,141
2025-07-17T20:43:24.532033,4,8,"[0, 2, 3, 4, 5, 6, 7]",93.01580810546875,38.86540412902832,46.9561767578125,143,93.01580810546875,0.0,46.44097900390625,141
2025-07-17T20:43:24.545278,0,9,"[0, 1, 2, 3, 4, 5, 6, 7]",93.01580810546875,38.86540412902832,46.9561767578125,143,93.01580810546875,0.0,46.44097900390625,141
2025-07-17T20:43:24.548399,1,9,"[0, 1, 2, 4, 5, 6, 7]",93.01580810546875,38.86540412902832,46.9561767578125,143,93.01580810546875,0.0,46.44097900390625,141
2025-07-17T20:43:24.555055,2,9,"[0, 1, 2, 4, 5, 6, 7]",93.01580810546875,38.86540412902832,46.9561767578125,143,93.01580810546875,0.0,46.44097900390625,141
2025-07-17T20:43:24.561889,3,9,"[0, 1, 2, 4, 5, 6, 7]",93.01580810546875,38.86540412902832,46.9561767578125,143,93.01580810546875,0.0,46.44097900390625,141
2025-07-17T20:43:24.569411,4,9,"[0, 1, 2, 4, 5, 6, 7]",93.01580810546875,38.86540412902832,46.9561767578125,143,93.01580810546875,0.0,46.44097900390625,141
2025-07-17T20:43:24.576627,0,10,"[0, 1, 2, 3, 4, 5, 6, 7]",93.01580810546875,38.86540412902832,46.9561767578125,143,93.01580810546875,0.0,46.44097900390625,141
2025-07-17T20:43:24.584073,1,10,"[0, 1, 2, 3, 4, 5, 6, 7]",93.01580810546875,38.86540412902832,46.9561767578125,143,93.01580810546875,0.0,46.44097900390625,141
2025-07-17T20:43:24.597094,2,10,"[0, 1, 2, 3, 4, 5, 6, 7]",93.01580810546875,38.86540412902832,46.9561767578125,143,93.01580810546875,0.0,46.44097900390625,141
2025-07-17T20:43:24.599451,3,10,"[0, 1, 2, 3, 4, 5, 6, 7]",93.01580810546875,38.86540412902832,46.9561767578125,143,93.01580810546875,0.0,46.44097900390625,141
2025-07-17T20:43:24.607420,4,10,"[0, 1, 2, 3, 4, 5, 6, 7]",93.01580810546875,38.86540412902832,46.9561767578125,143,93.01580810546875,0.0,46.44097900390625,141
2025-07-17T20:43:24.614253,0,11,"[0, 1, 2, 3, 4, 5, 6, 7]",93.01580810546875,38.86540412902832,46.9561767578125,143,93.01580810546875,0.0,46.44097900390625,141
2025-07-17T20:43:24.621100,1,11,"[0, 1, 2, 3, 4, 5, 6, 7]",93.01580810546875,38.86540412902832,46.9561767578125,143,93.01580810546875,0.0,46.44097900390625,141
2025-07-17T20:43:24.627952,2,11,"[0, 1, 2, 3, 4, 5, 6, 7]",93.01580810546875,38.86540412902832,46.9561767578125,143,93.01580810546875,0.0,46.44097900390625,141
2025-07-17T20:43:24.640447,3,11,"[0, 1, 2, 3, 4, 5, 6, 7]",93.01580810546875,38.86540412902832,46.9561767578125,143,93.01580810546875,0.0,46.44097900390625,141
2025-07-17T20:43:24.642571,4,11,"[0, 1, 2, 3, 4, 5, 6, 7]",93.01580810546875,38.86540412902832,46.9561767578125,143,93.01580810546875,0.0,46.44097900390625,141
2025-07-17T20:43:24.649903,0,12,"[0, 1, 2, 3, 4, 5, 6, 7]",93.01580810546875,38.86540412902832,46.9561767578125,143,93.01580810546875,0.0,46.44097900390625,141
2025-07-17T20:43:24.655914,1,12,"[0, 1, 2, 3, 4, 5, 6, 7]",93.01580810546875,38.86540412902832,46.9561767578125,143,93.01580810546875,0.0,46.44097900390625,141
2025-07-17T20:43:24.662922,2,12,"[0, 1, 2, 3, 4, 5, 6, 7]",93.01580810546875,38.86540412902832,46.9561767578125,143,93.01580810546875,0.0,46.44097900390625,141
2025-07-17T20:43:24.674733,3,12,"[0, 1, 2, 3, 4, 5, 6, 7]",93.01580810546875,38.86540412902832,46.9561767578125,143,93.01580810546875,0.0,46.44097900390625,141
2025-07-17T20:43:24.676856,4,12,"[0, 1, 2, 3, 4, 5, 6, 7]",93.01580810546875,38.86540412902832,46.9561767578125,143,93.01580810546875,0.0,46.44097900390625,141
2025-07-17T20:43:24.684232,0,13,"[0, 1, 2, 3, 4, 5, 6, 7]",93.01580810546875,38.86540412902832,46.9561767578125,143,93.01580810546875,0.0,46.44097900390625,141
2025-07-17T20:43:24.690575,1,13,"[0, 1, 2, 3, 4, 5, 6, 7]",93.01580810546875,38.86540412902832,46.9561767578125,143,93.01580810546875,0.0,46.44097900390625,141
2025-07-17T20:43:24.696984,2,13,"[0, 1, 2, 3, 5, 6, 7]",93.01580810546875,38.86540412902832,46.9561767578125,143,93.01580810546875,0.0,46.44097900390625,141
2025-07-17T20:43:24.703338,3,13,"[0, 1, 2, 3, 4, 5, 6, 7]",93.01580810546875,38.86540412902832,46.9561767578125,143,93.01580810546875,0.0,46.44097900390625,141
2025-07-17T20:43:24.715845,4,13,"[0, 1, 2, 3, 4, 5, 6, 7]",93.01580810546875,38.86540412902832,46.9561767578125,143,93.01580810546875,0.0,46.44097900390625,141
2025-07-17T20:43:24.718249,0,14,"[0, 1, 2, 3, 4, 5, 6, 7]",93.01580810546875,38.86540412902832,46.9561767578125,143,93.01580810546875,0.0,46.44097900390625,141
2025-07-17T20:43:24.730357,1,14,"[0, 1, 2, 3, 4, 5, 6]",93.01580810546875,38.86540412902832,46.9561767578125,143,93.01580810546875,0.0,46.44097900390625,141
2025-07-17T20:43:24.738697,2,14,"[0, 1, 2, 3, 4, 5, 6, 7]",93.01580810546875,38.86540412902832,46.9561767578125,143,93.01580810546875,0.0,46.44097900390625,141
2025-07-17T20:43:24.740946,3,14,"[0, 1, 2, 3, 4, 5, 6]",93.01580810546875,38.86540412902832,46.9561767578125,143,93.01580810546875,0.0,46.44097900390625,141
2025-07-17T20:43:24.746812,4,14,"[0, 1, 2, 3, 4, 5, 6]",93.01580810546875,38.86540412902832,46.9561767578125,143,93.01580810546875,0.0,46.44097900390625,141
2025-07-17T20:43:24.753510,0,15,"[0, 1, 2, 3, 4, 5, 6, 7]",93.01580810546875,38.86540412902832,46.9561767578125,143,93.01580810546875,0.0,46.44097900390625,141
2025-07-17T20:43:24.760163,1,15,"[0, 1, 2, 4, 5, 6, 7]",93.01580810546875,38.86540412902832,46.9561767578125,143,93.01580810546875,0.0,46.44097900390625,141
2025-07-17T20:43:24.766891,2,15,"[0, 1, 2, 3, 4, 5, 6, 7]",93.01580810546875,38.86540412902832,46.9561767578125,143,93.01580810546875,0.0,46.44097900390625,141
2025-07-17T20:43:24.774277,3,15,"[0, 1, 2, 4, 5, 6, 7]",93.01580810546875,38.86540412902832,46.9561767578125,143,93.01580810546875,0.0,46.44097900390625,141
2025-07-17T20:43:24.787171,4,15,"[0, 1, 2, 4, 5, 6, 7]",93.01580810546875,38.86540412902832,46.9561767578125,143,93.01580810546875,0.0,46.44097900390625,141
2025-07-17T20:43:24.789301,0,16,"[0, 1, 2, 3, 4, 5, 6, 7]",93.01580810546875,38.86540412902832,46.9561767578125,143,93.01580810546875,0.0,46.44097900390625,141
2025-07-17T20:43:24.802319,1,16,"[0, 1, 2, 3, 4, 5, 6, 7]",93.01580810546875,38.86540412902832,46.9561767578125,143,93.01580810546875,0.0,46.44097900390625,141
2025-07-17T20:43:24.804385,2,16,"[0, 1, 2, 3, 4, 5, 7]",93.01580810546875,38.86540412902832,46.9561767578125,143,93.01580810546875,0.0,46.44097900390625,141
2025-07-17T20:43:24.811076,3,16,"[0, 1, 2, 3, 4, 5, 6, 7]",93.01580810546875,38.86540412902832,46.9561767578125,143,93.01580810546875,0.0,46.44097900390625,141
2025-07-17T20:43:24.818206,4,16,"[0, 1, 2, 3, 4, 5, 6, 7]",93.01580810546875,38.86540412902832,46.9561767578125,143,93.01580810546875,0.0,46.44097900390625,141
2025-07-17T20:43:24.825718,0,17,"[0, 1, 2, 3, 4, 5, 6, 7]",93.01580810546875,38.86540412902832,46.9561767578125,143,93.01580810546875,0.0,46.44097900390625,141
2025-07-17T20:43:24.832050,1,17,"[0, 1, 2, 3, 5, 6, 7]",93.01580810546875,38.86540412902832,46.9561767578125,143,93.01580810546875,0.0,46.44097900390625,141
2025-07-17T20:43:24.838563,2,17,"[0, 1, 2, 3, 4, 5, 6, 7]",93.01580810546875,38.86540412902832,46.9561767578125,143,93.01580810546875,0.0,46.44097900390625,141
2025-07-17T20:43:24.850951,3,17,"[0, 1, 2, 3, 5, 6, 7]",93.01580810546875,38.86540412902832,46.9561767578125,143,93.01580810546875,0.0,46.44097900390625,141
2025-07-17T20:43:24.852990,4,17,"[0, 1, 2, 3, 5, 6, 7]",93.01580810546875,38.86540412902832,46.9561767578125,143,93.01580810546875,0.0,46.44097900390625,141
2025-07-17T20:43:24.860296,0,18,"[0, 1, 2, 3, 4, 5, 6, 7]",93.01580810546875,38.86540412902832,46.9561767578125,143,93.01580810546875,0.0,46.44097900390625,141
2025-07-17T20:43:24.870944,1,18,"[0, 1, 2, 3, 4, 5, 6, 7]",93.01580810546875,38.86540412902832,46.9561767578125,143,93.01580810546875,0.0,46.44097900390625,141
2025-07-17T20:43:24.873362,2,18,"[0, 1, 2, 3, 4, 5, 6, 7]",93.01580810546875,38.86540412902832,46.9561767578125,143,93.01580810546875,0.0,46.44097900390625,141
2025-07-17T20:43:24.880480,3,18,"[0, 1, 2, 3, 4, 5, 6, 7]",93.01580810546875,38.86540412902832,46.9561767578125,143,93.01580810546875,0.0,46.44097900390625,141
2025-07-17T20:43:24.886832,4,18,"[0, 1, 2, 3, 4, 5, 6, 7]",93.01580810546875,38.86540412902832,46.9561767578125,143,93.01580810546875,0.0,46.44097900390625,141
2025-07-17T20:43:24.898908,0,19,"[0, 1, 2, 3, 4, 5, 6, 7]",93.01580810546875,38.86540412902832,46.9561767578125,143,93.01580810546875,0.0,46.44097900390625,141
2025-07-17T20:43:24.900880,1,19,"[0, 2, 3, 4, 5, 6, 7]",93.01580810546875,38.86540412902832,46.9561767578125,143,93.01580810546875,0.0,46.44097900390625,141
2025-07-17T20:43:24.913082,2,19,"[0, 1, 2, 3, 4, 5, 6, 7]",93.01580810546875,38.86540412902832,46.9561767578125,143,93.01580810546875,0.0,46.44097900390625,141
2025-07-17T20:43:24.915005,3,19,"[0, 2, 3, 4, 5, 6, 7]",93.01580810546875,38.86540412902832,46.9561767578125,143,93.01580810546875,0.0,46.44097900390625,141
2025-07-17T20:43:24.922293,4,19,"[0, 2, 3, 4, 5, 6, 7]",93.01580810546875,38.86540412902832,46.9561767578125,143,93.01580810546875,0.0,46.44097900390625,141
2025-07-17T20:43:24.929100,0,20,"[0, 1, 2, 3, 4, 5, 6, 7]",93.01580810546875,38.86540412902832,46.9561767578125,143,93.01580810546875,0.0,46.44097900390625,141
2025-07-17T20:43:24.942896,1,20,"[0, 1, 2, 3, 4, 5, 6, 7]",93.01580810546875,38.86540412902832,46.9561767578125,143,93.01580810546875,0.0,46.44097900390625,141
2025-07-17T20:43:24.945139,2,20,"[0, 1, 2, 3, 4, 5, 6, 7]",93.01580810546875,38.86540412902832,46.9561767578125,143,93.01580810546875,0.0,46.44097900390625,141
2025-07-17T20:43:24.951929,3,20,"[0, 1, 2, 3, 4, 5, 6, 7]",93.01580810546875,38.86540412902832,46.9561767578125,143,93.01580810546875,0.0,46.44097900390625,141
2025-07-17T20:43:24.959333,4,20,"[0, 1, 2, 3, 4, 5, 6, 7]",93.01580810546875,38.86540412902832,46.9561767578125,143,93.01580810546875,0.0,46.44097900390625,141
2025-07-17T20:43:24.965910,0,21,"[0, 1, 2, 3, 4, 5, 6, 7]",93.01580810546875,38.86540412902832,46.9561767578125,143,93.01580810546875,0.0,46.44097900390625,141
2025-07-17T20:43:24.972986,1,21,"[0, 1, 2, 3, 4, 5, 6, 7]",93.01580810546875,38.86540412902832,46.9561767578125,143,93.01580810546875,0.0,46.44097900390625,141
2025-07-17T20:43:24.979557,2,21,"[0, 1, 2, 3, 4, 5, 6, 7]",93.01580810546875,38.86540412902832,46.9561767578125,143,93.01580810546875,0.0,46.44097900390625,141
2025-07-17T20:43:24.992602,3,21,"[0, 1, 2, 3, 4, 5, 6, 7]",93.01580810546875,38.86540412902832,46.9561767578125,143,93.01580810546875,0.0,46.44097900390625,141
2025-07-17T20:43:24.994769,4,21,"[0, 1, 2, 3, 4, 5, 6, 7]",93.01580810546875,38.86540412902832,46.9561767578125,143,93.01580810546875,0.0,46.44097900390625,141
2025-07-17T20:43:25.002050,0,22,"[0, 1, 2, 3, 4, 5, 6, 7]",93.01580810546875,38.86540412902832,46.9561767578125,143,93.01580810546875,0.0,46.44097900390625,141
2025-07-17T20:43:25.009152,1,22,"[0, 1, 2, 3, 4, 5, 6, 7]",93.01580810546875,38.86540412902832,46.9561767578125,143,93.01580810546875,0.0,46.44097900390625,141
2025-07-17T20:43:25.016492,2,22,"[0, 1, 2, 3, 4, 5, 6, 7]",93.01580810546875,38.86540412902832,46.9561767578125,143,93.01580810546875,0.0,46.44097900390625,141
2025-07-17T20:43:25.023859,3,22,"[0, 1, 2, 3, 4, 5, 6, 7]",93.01580810546875,38.86540412902832,46.9561767578125,143,93.01580810546875,0.0,46.44097900390625,141
2025-07-17T20:43:25.036575,4,22,"[0, 1, 2, 3, 4, 5, 6, 7]",93.01580810546875,38.86540412902832,46.9561767578125,143,93.01580810546875,0.0,46.44097900390625,141
2025-07-17T20:43:25.044505,0,23,"[0, 1, 2, 3, 4, 5, 6, 7]",93.01580810546875,38.86540412902832,46.9561767578125,143,93.01580810546875,0.0,46.44097900390625,141
2025-07-17T20:43:25.046785,1,23,"[0, 1, 2, 3, 4, 5, 6, 7]",93.01580810546875,38.86540412902832,46.9561767578125,143,93.01580810546875,0.0,46.44097900390625,141
2025-07-17T20:43:25.053574,2,23,"[0, 1, 2, 3, 4, 5, 6, 7]",93.01580810546875,38.86540412902832,46.9561767578125,143,93.01580810546875,0.0,46.44097900390625,141
2025-07-17T20:43:25.066676,3,23,"[0, 1, 2, 3, 4, 5, 6, 7]",93.01580810546875,38.86540412902832,46.9561767578125,143,93.01580810546875,0.0,46.44097900390625,141
2025-07-17T20:43:25.069035,4,23,"[0, 1, 2, 3, 4, 5, 6, 7]",93.01580810546875,38.86540412902832,46.9561767578125,143,93.01580810546875,0.0,46.44097900390625,141
2025-07-17T20:43:25.076562,0,24,"[0, 1, 2, 3, 4, 5, 6, 7]",93.01580810546875,38.86540412902832,46.9561767578125,143,93.01580810546875,0.0,46.44097900390625,141
2025-07-17T20:43:25.087737,1,24,"[0, 1, 2, 3, 4, 5, 6, 7]",93.01580810546875,38.86540412902832,46.9561767578125,143,93.01580810546875,0.0,46.44097900390625,141
2025-07-17T20:43:25.096038,2,24,"[0, 1, 2, 3, 4, 5, 6, 7]",93.01580810546875,38.86540412902832,46.9561767578125,143,93.01580810546875,0.0,46.44097900390625,141
2025-07-17T20:43:25.098039,3,24,"[0, 1, 2, 3, 4, 5, 6, 7]",93.01580810546875,38.86540412902832,46.9561767578125,143,93.01580810546875,0.0,46.44097900390625,141
2025-07-17T20:43:25.106033,4,24,"[0, 1, 2, 3, 4, 5, 6, 7]",93.01580810546875,38.86540412902832,46.9561767578125,143,93.01580810546875,0.0,46.44097900390625,141
2025-07-17T20:43:25.112405,0,25,"[0, 1, 2, 3, 4, 5, 6, 7]",93.01580810546875,38.86540412902832,46.9561767578125,143,93.01580810546875,0.0,46.44097900390625,141
2025-07-17T20:43:25.119536,1,25,"[0, 1, 2, 3, 4, 5, 6, 7]",93.01580810546875,38.86540412902832,46.9561767578125,143,93.01580810546875,0.0,46.44097900390625,141
2025-07-17T20:43:25.126092,2,25,"[0, 1, 2, 3, 4, 5, 6, 7]",93.01580810546875,38.86540412902832,46.9561767578125,143,93.01580810546875,0.0,46.44097900390625,141
2025-07-17T20:43:25.133618,3,25,"[0, 1, 2, 3, 4, 5, 6, 7]",93.01580810546875,38.86540412902832,46.9561767578125,143,93.01580810546875,0.0,46.44097900390625,141
2025-07-17T20:43:25.140077,4,25,"[0, 1, 2, 3, 4, 5, 6, 7]",93.01580810546875,38.86540412902832,46.9561767578125,143,93.01580810546875,0.0,46.44097900390625,141
2025-07-17T20:43:25.152747,0,26,"[0, 1, 2, 3, 4, 5, 6, 7]",93.01580810546875,38.86540412902832,46.9561767578125,143,93.01580810546875,0.0,46.44097900390625,141
2025-07-17T20:43:25.154781,1,26,"[0, 1, 2, 3, 4, 5, 6, 7]",93.01580810546875,38.86540412902832,46.9561767578125,143,93.01580810546875,0.0,46.44097900390625,141
2025-07-17T20:43:25.166327,2,26,"[0, 1, 2, 3, 4, 5, 6, 7]",93.01580810546875,38.86540412902832,46.9561767578125,143,93.01580810546875,0.0,46.44097900390625,141
2025-07-17T20:43:25.168934,3,26,"[0, 1, 2, 3, 4, 5, 6, 7]",93.01580810546875,38.86540412902832,46.9561767578125,143,93.01580810546875,0.0,46.44097900390625,141
2025-07-17T20:43:25.176178,4,26,"[0, 1, 2, 3, 4, 5, 6, 7]",93.01580810546875,38.86540412902832,46.9561767578125,143,93.01580810546875,0.0,46.44097900390625,141
2025-07-17T20:43:25.183413,0,27,"[0, 1, 2, 3, 4, 5, 6, 7]",93.01580810546875,38.86540412902832,46.9561767578125,143,93.01580810546875,0.0,46.44097900390625,141
2025-07-17T20:43:25.190926,1,27,"[0, 1, 2, 3, 4, 5, 6, 7]",93.01580810546875,38.86540412902832,46.9561767578125,143,93.01580810546875,0.0,46.44097900390625,141
2025-07-17T20:43:25.197690,2,27,"[0, 1, 2, 3, 4, 5, 6, 7]",93.01580810546875,38.86540412902832,46.9561767578125,143,93.01580810546875,0.0,46.44097900390625,141
2025-07-17T20:43:25.205954,3,27,"[0, 1, 2, 3, 4, 5, 6, 7]",93.01580810546875,38.86540412902832,46.9561767578125,143,93.01580810546875,0.0,46.44097900390625,141
2025-07-17T20:43:25.212571,4,27,"[0, 1, 2, 3, 4, 5, 6, 7]",93.01580810546875,38.86540412902832,46.9561767578125,143,93.01580810546875,0.0,46.44097900390625,141
2025-07-17T20:43:25.225489,0,28,"[0, 1, 2, 3, 4, 5, 6, 7]",93.01580810546875,38.86540412902832,46.9561767578125,143,93.01580810546875,0.0,46.44097900390625,141
2025-07-17T20:43:25.228379,1,28,"[0, 1, 2, 3, 4, 5, 6, 7]",93.01580810546875,38.86540412902832,46.9561767578125,143,93.01580810546875,0.0,46.44097900390625,141
2025-07-17T20:43:25.234690,2,28,"[0, 1, 2, 3, 4, 5, 6, 7]",93.01580810546875,38.86540412902832,46.9561767578125,143,93.01580810546875,0.0,46.44097900390625,141
2025-07-17T20:43:25.241093,3,28,"[0, 1, 2, 3, 4, 5, 6, 7]",93.01580810546875,38.86540412902832,46.9561767578125,143,93.01580810546875,0.0,46.44097900390625,141
2025-07-17T20:43:25.247615,4,28,"[0, 1, 2, 3, 4, 5, 6, 7]",93.01580810546875,38.86540412902832,46.9561767578125,143,93.01580810546875,0.0,46.44097900390625,141
2025-07-17T20:43:25.254599,0,29,"[0, 1, 2, 3, 4, 5, 6, 7]",93.01580810546875,38.86540412902832,46.9561767578125,143,93.01580810546875,0.0,46.44097900390625,141
2025-07-17T20:43:25.261711,1,29,"[1, 2, 3, 4, 5, 6, 7]",93.01580810546875,38.86540412902832,46.9561767578125,143,93.01580810546875,0.0,46.44097900390625,141
2025-07-17T20:43:25.268499,2,29,"[0, 1, 2, 3, 5, 6, 7]",93.01580810546875,38.86540412902832,46.9561767578125,143,93.01580810546875,0.0,46.44097900390625,141
2025-07-17T20:43:25.275729,3,29,"[1, 2, 3, 4, 5, 6, 7]",93.01580810546875,38.86540412902832,46.9561767578125,143,93.01580810546875,0.0,46.44097900390625,141
2025-07-17T20:43:25.282072,4,29,"[1, 2, 3, 4, 5, 6, 7]",93.01580810546875,38.86540412902832,46.9561767578125,143,93.01580810546875,0.0,46.44097900390625,141
2025-07-17T20:43:25.289174,0,30,"[0, 1, 2, 3, 4, 5, 6, 7]",93.01580810546875,38.86540412902832,46.9561767578125,143,93.01580810546875,0.0,46.44097900390625,141
2025-07-17T20:43:25.296282,1,30,"[0, 1, 2, 3, 4, 5, 6, 7]",93.01580810546875,38.86540412902832,46.9561767578125,143,93.01580810546875,0.0,46.44097900390625,141
2025-07-17T20:43:25.303894,2,30,"[0, 1, 2, 3, 4, 5, 6, 7]",93.01580810546875,38.86540412902832,46.9561767578125,143,93.01580810546875,0.0,46.44097900390625,141
2025-07-17T20:43:25.310680,3,30,"[0, 1, 2, 3, 4, 5, 6, 7]",93.01580810546875,38.86540412902832,46.9561767578125,143,93.01580810546875,0.0,46.44097900390625,141
2025-07-17T20:43:25.317876,4,30,"[0, 1, 2, 3, 4, 5, 6, 7]",93.01580810546875,38.86540412902832,46.9561767578125,143,93.01580810546875,0.0,46.44097900390625,141
2025-07-17T20:43:25.330512,0,31,"[0, 1, 2, 3, 4, 5, 6, 7]",93.01580810546875,38.87229824066162,46.9561767578125,143,93.01580810546875,0.0,46.44097900390625,141
2025-07-17T20:43:25.334205,1,31,"[0, 1, 2, 3, 4, 5, 6, 7]",93.01580810546875,38.86909008026123,46.9561767578125,143,93.01580810546875,0.0,46.44097900390625,141
2025-07-17T20:43:25.342680,2,31,"[0, 1, 2, 3, 4, 5, 6, 7]",93.01580810546875,38.86646366119385,46.9561767578125,143,93.01580810546875,0.0,46.44097900390625,141
2025-07-17T20:43:25.350596,3,31,"[0, 1, 2, 3, 4, 5, 6, 7]",93.01580810546875,38.86299800872803,46.9561767578125,143,93.01580810546875,0.0,46.44097900390625,141
2025-07-17T20:43:25.358497,4,31,"[0, 1, 2, 3, 4, 5, 6, 7]",93.01580810546875,38.86002254486084,46.9561767578125,143,93.01580810546875,0.0,46.44097900390625,141
2025-07-17T20:43:25.373312,0,0,"[0, 1, 2, 3, 4, 5, 6, 7]",93.01580810546875,38.85531425476074,46.9561767578125,143,93.01580810546875,0.0,46.44097900390625,141
2025-07-17T20:43:25.376147,1,0,"[0, 1, 2, 3, 4, 5, 6, 7]",93.01580810546875,38.85852241516113,46.9561767578125,143,93.01580810546875,0.0,46.44097900390625,141
2025-07-17T20:43:25.387026,2,0,"[0, 1, 2, 3, 4, 5, 6, 7]",93.01580810546875,38.86149787902832,46.9561767578125,143,93.01580810546875,0.0,46.44097900390625,141
2025-07-17T20:43:25.394660,3,0,"[0, 1, 2, 3, 4, 5, 6, 7]",93.01580810546875,38.86438179016113,46.9561767578125,143,93.01580810546875,0.0,46.44097900390625,141
2025-07-17T20:43:25.401701,4,0,"[0, 1, 2, 3, 4, 5, 6, 7]",93.01580810546875,38.86540412902832,46.9561767578125,143,93.01580810546875,0.0,46.44097900390625,141
2025-07-17T20:43:25.408527,0,1,"[0, 1, 2, 3, 4, 5, 6, 7]",93.01580810546875,38.86540412902832,46.9561767578125,143,93.01580810546875,0.0,46.44097900390625,141
2025-07-17T20:43:25.416370,1,1,"[0, 1, 2, 3, 4, 5, 6, 7]",93.01580810546875,38.86540412902832,46.9561767578125,143,93.01580810546875,0.0,46.44097900390625,141
2025-07-17T20:43:25.418698,2,1,"[0, 1, 2, 4, 5, 6, 7]",93.01580810546875,38.86540412902832,46.9561767578125,143,93.01580810546875,0.0,46.44097900390625,141
2025-07-17T20:43:25.425879,3,1,"[0, 1, 2, 3, 4, 5, 6, 7]",93.01580810546875,38.86540412902832,46.9561767578125,143,93.01580810546875,0.0,46.44097900390625,141
2025-07-17T20:43:25.433419,4,1,"[0, 1, 2, 3, 4, 5, 6, 7]",93.01580810546875,38.86540412902832,46.9561767578125,143,93.01580810546875,0.0,46.44097900390625,141
2025-07-17T20:43:25.446375,0,2,"[0, 1, 2, 3, 4, 5, 6, 7]",93.01580810546875,38.86540412902832,46.9561767578125,143,93.01580810546875,0.0,46.44097900390625,141
2025-07-17T20:43:25.448669,1,2,"[0, 1, 2, 3, 4, 5, 6, 7]",93.01580810546875,38.86540412902832,46.9561767578125,143,93.01580810546875,0.0,46.44097900390625,141
2025-07-17T20:43:25.455283,2,2,"[0, 1, 2, 3, 4, 5, 6, 7]",93.01580810546875,38.86540412902832,46.9561767578125,143,93.01580810546875,0.0,46.44097900390625,141
2025-07-17T20:43:25.462494,3,2,"[0, 1, 2, 3, 4, 5, 6, 7]",93.01580810546875,38.86540412902832,46.9561767578125,143,93.01580810546875,0.0,46.44097900390625,141
2025-07-17T20:43:25.476287,4,2,"[0, 1, 2, 3, 4, 5, 6, 7]",93.01580810546875,38.86540412902832,46.9561767578125,143,93.01580810546875,0.0,46.44097900390625,141
2025-07-17T20:43:25.478364,0,3,"[0, 1, 2, 3, 4, 5, 6, 7]",93.01580810546875,38.86540412902832,46.9561767578125,143,93.01580810546875,0.0,46.44097900390625,141
2025-07-17T20:43:25.485867,1,3,"[1, 2, 3, 4, 5, 6, 7]",93.01580810546875,38.86540412902832,46.9561767578125,143,93.01580810546875,0.0,46.44097900390625,141
2025-07-17T20:43:25.493096,2,3,"[0, 1, 2, 3, 4, 5, 6, 7]",93.01580810546875,38.86540412902832,46.9561767578125,143,93.01580810546875,0.0,46.44097900390625,141
2025-07-17T20:43:25.501074,3,3,"[1, 2, 3, 4, 5, 6, 7]",93.01580810546875,38.86540412902832,46.9561767578125,143,93.01580810546875,0.0,46.44097900390625,141
2025-07-17T20:43:25.508169,4,3,"[1, 2, 3, 4, 5, 6, 7]",93.01580810546875,38.86540412902832,46.9561767578125,143,93.01580810546875,0.0,46.44097900390625,141
2025-07-17T20:43:25.515340,0,4,"[0, 1, 2, 3, 4, 5, 6, 7]",93.01580810546875,38.86540412902832,46.9561767578125,143,93.01580810546875,0.0,46.44097900390625,141
2025-07-17T20:43:25.523008,1,4,"[0, 1, 2, 3, 4, 5, 6]",93.01580810546875,38.86540412902832,46.9561767578125,143,93.01580810546875,0.0,46.44097900390625,141
2025-07-17T20:43:25.530282,2,4,"[0, 1, 2, 3, 4, 5, 6, 7]",93.01580810546875,38.86540412902832,46.9561767578125,143,93.01580810546875,0.0,46.44097900390625,141
2025-07-17T20:43:25.542629,3,4,"[0, 1, 2, 3, 4, 5, 6]",93.01580810546875,38.86540412902832,46.9561767578125,143,93.01580810546875,0.0,46.44097900390625,141
2025-07-17T20:43:25.544875,4,4,"[0, 1, 2, 3, 4, 5, 6]",93.01580810546875,38.86540412902832,46.9561767578125,143,93.01580810546875,0.0,46.44097900390625,141
2025-07-17T20:43:25.551687,0,5,"[0, 1, 2, 3, 4, 5, 6, 7]",93.01580810546875,38.86540412902832,46.9561767578125,143,93.01580810546875,0.0,46.44097900390625,141
2025-07-17T20:43:25.558212,1,5,"[0, 1, 2, 3, 4, 5, 6, 7]",93.01580810546875,38.86540412902832,46.9561767578125,143,93.01580810546875,0.0,46.44097900390625,141
2025-07-17T20:43:25.565168,2,5,"[0, 1, 2, 3, 4, 5, 6, 7]",93.01580810546875,38.86540412902832,46.9561767578125,143,93.01580810546875,0.0,46.44097900390625,141
2025-07-17T20:43:25.571978,3,5,"[0, 1, 2, 3, 4, 5, 6, 7]",93.01580810546875,38.86540412902832,46.9561767578125,143,93.01580810546875,0.0,46.44097900390625,141
2025-07-17T20:43:25.578953,4,5,"[0, 1, 2, 3, 4, 5, 6, 7]",93.01580810546875,38.86540412902832,46.9561767578125,143,93.01580810546875,0.0,46.44097900390625,141
2025-07-17T20:43:25.586358,0,6,"[0, 1, 2, 3, 4, 5, 6, 7]",93.01580810546875,38.86540412902832,46.9561767578125,143,93.01580810546875,0.0,46.44097900390625,141
2025-07-17T20:43:25.592839,1,6,"[0, 2, 3, 4, 5, 6, 7]",93.01580810546875,38.86540412902832,46.9561767578125,143,93.01580810546875,0.0,46.44097900390625,141
2025-07-17T20:43:25.599919,2,6,"[0, 1, 2, 3, 4, 5, 6, 7]",93.01580810546875,38.86540412902832,46.9561767578125,143,93.01580810546875,0.0,46.44097900390625,141
2025-07-17T20:43:25.606505,3,6,"[0, 2, 3, 4, 5, 6, 7]",93.01580810546875,38.86540412902832,46.9561767578125,143,93.01580810546875,0.0,46.44097900390625,141
2025-07-17T20:43:25.617820,4,6,"[0, 2, 3, 4, 5, 6, 7]",93.01580810546875,38.86540412902832,46.9561767578125,143,93.01580810546875,0.0,46.44097900390625,141
2025-07-17T20:43:25.624787,0,7,"[0, 1, 2, 3, 4, 5, 6, 7]",93.01580810546875,38.86540412902832,46.9561767578125,143,93.01580810546875,0.0,46.44097900390625,141
2025-07-17T20:43:25.631888,1,7,"[0, 1, 2, 3, 4, 5, 6]",93.01580810546875,38.86540412902832,46.9561767578125,143,93.01580810546875,0.0,46.44097900390625,141
2025-07-17T20:43:25.638283,2,7,"[0, 1, 2, 3, 4, 5, 6, 7]",93.01580810546875,38.86540412902832,46.9561767578125,143,93.01580810546875,0.0,46.44097900390625,141
2025-07-17T20:43:25.640788,3,7,"[0, 1, 2, 3, 4, 5, 6]",93.01580810546875,38.86540412902832,46.9561767578125,143,93.01580810546875,0.0,46.44097900390625,141
2025-07-17T20:43:25.648025,4,7,"[0, 1, 2, 3, 4, 5, 6]",93.01580810546875,38.86540412902832,46.9561767578125,143,93.01580810546875,0.0,46.44097900390625,141
2025-07-17T20:43:25.654546,0,8,"[0, 1, 2, 3, 4, 5, 6, 7]",93.01580810546875,38.86540412902832,46.9561767578125,143,93.01580810546875,0.0,46.44097900390625,141
2025-07-17T20:43:25.661508,1,8,"[0, 1, 2, 3, 4, 5, 6]",93.01580810546875,38.86540412902832,46.9561767578125,143,93.01580810546875,0.0,46.44097900390625,141
2025-07-17T20:43:25.668379,2,8,"[0, 1, 2, 3, 4, 5, 6, 7]",93.01580810546875,38.86540412902832,46.9561767578125,143,93.01580810546875,0.0,46.44097900390625,141
2025-07-17T20:43:25.680696,3,8,"[0, 1, 2, 3, 4, 5, 6]",93.01580810546875,38.86540412902832,46.9561767578125,143,93.01580810546875,0.0,46.44097900390625,141
2025-07-17T20:43:25.682701,4,8,"[0, 1, 2, 3, 4, 5, 6]",93.01580810546875,38.86540412902832,46.9561767578125,143,93.01580810546875,0.0,46.44097900390625,141
2025-07-17T20:43:25.690053,0,9,"[0, 1, 2, 3, 4, 5, 6, 7]",93.01580810546875,38.86540412902832,46.9561767578125,143,93.01580810546875,0.0,46.44097900390625,141
2025-07-17T20:43:25.702330,1,9,"[0, 1, 2, 3, 4, 5, 7]",93.01580810546875,38.86540412902832,46.9561767578125,143,93.01580810546875,0.0,46.44097900390625,141
2025-07-17T20:43:25.704551,2,9,"[0, 1, 2, 4, 5, 6, 7]",93.01580810546875,38.86540412902832,46.9561767578125,143,93.01580810546875,0.0,46.44097900390625,141
2025-07-17T20:43:25.711097,3,9,"[0, 1, 2, 3, 4, 5, 7]",93.01580810546875,38.86540412902832,46.9561767578125,143,93.01580810546875,0.0,46.44097900390625,141
2025-07-17T20:43:25.718999,4,9,"[0, 1, 2, 3, 4, 5, 7]",93.01580810546875,38.86540412902832,46.9561767578125,143,93.01580810546875,0.0,46.44097900390625,141
2025-07-17T20:43:25.730792,0,10,"[0, 1, 2, 3, 4, 5, 6, 7]",93.01580810546875,38.86540412902832,46.9561767578125,143,93.01580810546875,0.0,46.44097900390625,141
2025-07-17T20:43:25.734226,1,10,"[0, 1, 2, 3, 4, 5, 6]",93.01580810546875,38.86540412902832,46.9561767578125,143,93.01580810546875,0.0,46.44097900390625,141
2025-07-17T20:43:25.740872,2,10,"[0, 1, 2, 3, 4, 5, 6, 7]",93.01580810546875,38.86540412902832,46.9561767578125,143,93.01580810546875,0.0,46.44097900390625,141
2025-07-17T20:43:25.752727,3,10,"[0, 1, 2, 3, 4, 5, 6]",93.01580810546875,38.86540412902832,46.9561767578125,143,93.01580810546875,0.0,46.44097900390625,141
2025-07-17T20:43:25.754718,4,10,"[0, 1, 2, 3, 4, 5, 6]",93.01580810546875,38.86540412902832,46.9561767578125,143,93.01580810546875,0.0,46.44097900390625,141
2025-07-17T20:43:25.762173,0,11,"[0, 1, 2, 3, 4, 5, 6, 7]",93.01580810546875,38.86540412902832,46.9561767578125,143,93.01580810546875,0.0,46.44097900390625,141
2025-07-17T20:43:25.769503,1,11,"[0, 1, 2, 4, 5, 6, 7]",93.01580810546875,38.86540412902832,46.9561767578125,143,93.01580810546875,0.0,46.44097900390625,141
2025-07-17T20:43:25.775443,2,11,"[0, 1, 2, 3, 4, 5, 6, 7]",93.01580810546875,38.86540412902832,46.9561767578125,143,93.01580810546875,0.0,46.44097900390625,141
2025-07-17T20:43:25.782533,3,11,"[0, 1, 2, 4, 5, 6, 7]",93.01580810546875,38.86540412902832,46.9561767578125,143,93.01580810546875,0.0,46.44097900390625,141
2025-07-17T20:43:25.790422,4,11,"[0, 1, 2, 4, 5, 6, 7]",93.01580810546875,38.86540412902832,46.9561767578125,143,93.01580810546875,0.0,46.44097900390625,141
2025-07-17T20:43:25.796931,0,12,"[0, 1, 2, 3, 4, 5, 6, 7]",93.01580810546875,38.86540412902832,46.9561767578125,143,93.01580810546875,0.0,46.44097900390625,141
2025-07-17T20:43:25.804740,1,12,"[0, 1, 3, 4, 5, 6]",93.01580810546875,38.86540412902832,46.9561767578125,143,93.01580810546875,0.0,46.44097900390625,141
2025-07-17T20:43:25.816920,2,12,"[0, 1, 3, 4, 5, 6, 7]",93.01580810546875,38.86540412902832,46.9561767578125,143,93.01580810546875,0.0,46.44097900390625,141
2025-07-17T20:43:25.818895,3,12,"[0, 1, 3, 4, 5, 6]",93.01580810546875,38.86540412902832,46.9561767578125,143,93.01580810546875,0.0,46.44097900390625,141
2025-07-17T20:43:25.825495,4,12,"[0, 1, 3, 4, 5, 6]",93.01580810546875,38.86540412902832,46.9561767578125,143,93.01580810546875,0.0,46.44097900390625,141
2025-07-17T20:43:25.832302,0,13,"[0, 1, 2, 3, 4, 5, 6, 7]",93.01580810546875,38.86540412902832,46.9561767578125,143,93.01580810546875,0.0,46.44097900390625,141
2025-07-17T20:43:25.839359,1,13,"[0, 1, 2, 3, 4, 5, 6, 7]",93.01580810546875,38.86540412902832,46.9561767578125,143,93.01580810546875,0.0,46.44097900390625,141
2025-07-17T20:43:25.846178,2,13,"[0, 1, 2, 3, 4, 5, 6, 7]",93.01580810546875,38.86540412902832,46.9561767578125,143,93.01580810546875,0.0,46.44097900390625,141
2025-07-17T20:43:25.853973,3,13,"[0, 1, 2, 3, 4, 5, 6, 7]",93.01580810546875,38.86540412902832,46.9561767578125,143,93.01580810546875,0.0,46.44097900390625,141
2025-07-17T20:43:25.865912,4,13,"[0, 1, 2, 3, 4, 5, 6, 7]",93.01580810546875,38.86540412902832,46.9561767578125,143,93.01580810546875,0.0,46.44097900390625,141
2025-07-17T20:43:25.868065,0,14,"[0, 1, 2, 3, 4, 5, 6, 7]",93.01580810546875,38.86540412902832,46.9561767578125,143,93.01580810546875,0.0,46.44097900390625,141
2025-07-17T20:43:25.875746,1,14,"[0, 1, 2, 3, 4, 5, 6, 7]",93.01580810546875,38.86540412902832,46.9561767578125,143,93.01580810546875,0.0,46.44097900390625,141
2025-07-17T20:43:25.882310,2,14,"[0, 1, 2, 3, 4, 5, 6, 7]",93.01580810546875,38.86540412902832,46.9561767578125,143,93.01580810546875,0.0,46.44097900390625,141
2025-07-17T20:43:25.888751,3,14,"[0, 1, 2, 3, 4, 5, 6, 7]",93.01580810546875,38.86540412902832,46.9561767578125,143,93.01580810546875,0.0,46.44097900390625,141
2025-07-17T20:43:25.896645,4,14,"[0, 1, 2, 3, 4, 5, 6, 7]",93.01580810546875,38.86540412902832,46.9561767578125,143,93.01580810546875,0.0,46.44097900390625,141
2025-07-17T20:43:25.903238,0,15,"[0, 1, 2, 3, 4, 5, 6, 7]",93.01580810546875,38.86540412902832,46.9561767578125,143,93.01580810546875,0.0,46.44097900390625,141
2025-07-17T20:43:25.915825,1,15,"[0, 1, 2, 3, 4, 5, 6, 7]",93.01580810546875,38.86540412902832,46.9561767578125,143,93.01580810546875,0.0,46.44097900390625,141
2025-07-17T20:43:25.918662,2,15,"[0, 1, 2, 3, 4, 5, 6, 7]",93.01580810546875,38.86540412902832,46.9561767578125,143,93.01580810546875,0.0,46.44097900390625,141
2025-07-17T20:43:25.930885,3,15,"[0, 1, 2, 3, 4, 5, 6, 7]",93.01580810546875,38.86540412902832,46.9561767578125,143,93.01580810546875,0.0,46.44097900390625,141
2025-07-17T20:43:25.933187,4,15,"[0, 1, 2, 3, 4, 5, 6, 7]",93.01580810546875,38.86540412902832,46.9561767578125,143,93.01580810546875,0.0,46.44097900390625,141
2025-07-17T20:43:25.939909,0,16,"[0, 1, 2, 3, 4, 5, 6, 7]",93.01580810546875,38.86540412902832,46.9561767578125,143,93.01580810546875,0.0,46.44097900390625,141
2025-07-17T20:43:25.947825,1,16,"[0, 1, 3, 4, 5, 6, 7]",93.01580810546875,38.86540412902832,46.9561767578125,143,93.01580810546875,0.0,46.44097900390625,141
2025-07-17T20:43:25.955112,2,16,"[0, 1, 2, 3, 4, 5, 6, 7]",93.01580810546875,38.86540412902832,46.9561767578125,143,93.01580810546875,0.0,46.44097900390625,141
2025-07-17T20:43:25.967326,3,16,"[0, 1, 3, 4, 5, 6, 7]",93.01580810546875,38.86540412902832,46.9561767578125,143,93.01580810546875,0.0,46.44097900390625,141
2025-07-17T20:43:25.970515,4,16,"[0, 1, 3, 4, 5, 6, 7]",93.01580810546875,38.86540412902832,46.9561767578125,143,93.01580810546875,0.0,46.44097900390625,141
2025-07-17T20:43:25.978073,0,17,"[0, 1, 2, 3, 4, 5, 6, 7]",93.01580810546875,38.86540412902832,46.9561767578125,143,93.01580810546875,0.0,46.44097900390625,141
2025-07-17T20:43:25.988977,1,17,"[0, 1, 2, 4, 5, 6, 7]",93.01580810546875,38.86540412902832,46.9561767578125,143,93.01580810546875,0.0,46.44097900390625,141
2025-07-17T20:43:25.992393,2,17,"[0, 1, 2, 3, 4, 5, 6, 7]",93.01580810546875,38.86540412902832,46.9561767578125,143,93.01580810546875,0.0,46.44097900390625,141
2025-07-17T20:43:26.004003,3,17,"[0, 1, 2, 4, 5, 6, 7]",93.01580810546875,38.86540412902832,46.9561767578125,143,93.01580810546875,0.0,46.44097900390625,141
2025-07-17T20:43:26.006305,4,17,"[0, 1, 2, 4, 5, 6, 7]",93.01580810546875,38.86540412902832,46.9561767578125,143,93.01580810546875,0.0,46.44097900390625,141
2025-07-17T20:43:26.012474,0,18,"[0, 1, 2, 3, 4, 5, 6, 7]",93.01580810546875,38.86540412902832,46.9561767578125,143,93.01580810546875,0.0,46.44097900390625,141
2025-07-17T20:43:26.018595,1,18,"[0, 1, 2, 3, 4, 5, 6, 7]",93.01580810546875,38.86540412902832,46.9561767578125,143,93.01580810546875,0.0,46.44097900390625,141
2025-07-17T20:43:26.025120,2,18,"[0, 1, 2, 3, 4, 5, 6, 7]",93.01580810546875,38.86540412902832,46.9561767578125,143,93.01580810546875,0.0,46.44097900390625,141
2025-07-17T20:43:26.031981,3,18,"[0, 1, 2, 3, 4, 5, 6, 7]",93.01580810546875,38.86540412902832,46.9561767578125,143,93.01580810546875,0.0,46.44097900390625,141
2025-07-17T20:43:26.038611,4,18,"[0, 1, 2, 3, 4, 5, 6, 7]",93.01580810546875,38.86540412902832,46.9561767578125,143,93.01580810546875,0.0,46.44097900390625,141
2025-07-17T20:43:26.050757,0,19,"[0, 1, 2, 3, 4, 5, 6, 7]",93.01580810546875,38.86540412902832,46.9561767578125,143,93.01580810546875,0.0,46.44097900390625,141
2025-07-17T20:43:26.053223,1,19,"[0, 1, 2, 3, 4, 5, 6, 7]",93.01580810546875,38.86540412902832,46.9561767578125,143,93.01580810546875,0.0,46.44097900390625,141
2025-07-17T20:43:26.060304,2,19,"[0, 1, 2, 3, 4, 5, 6, 7]",93.01580810546875,38.86540412902832,46.9561767578125,143,93.01580810546875,0.0,46.44097900390625,141
2025-07-17T20:43:26.071671,3,19,"[0, 1, 2, 3, 4, 5, 6, 7]",93.01580810546875,38.86540412902832,46.9561767578125,143,93.01580810546875,0.0,46.44097900390625,141
2025-07-17T20:43:26.074068,4,19,"[0, 1, 2, 3, 4, 5, 6, 7]",93.01580810546875,38.86540412902832,46.9561767578125,143,93.01580810546875,0.0,46.44097900390625,141
2025-07-17T20:43:26.081274,0,20,"[0, 1, 2, 3, 4, 5, 6, 7]",93.01580810546875,38.86540412902832,46.9561767578125,143,93.01580810546875,0.0,46.44097900390625,141
2025-07-17T20:43:26.093062,1,20,"[0, 1, 2, 3, 4, 5, 6, 7]",93.01580810546875,38.86540412902832,46.9561767578125,143,93.01580810546875,0.0,46.44097900390625,141
2025-07-17T20:43:26.095196,2,20,"[0, 1, 2, 3, 4, 5, 6, 7]",93.01580810546875,38.86540412902832,46.9561767578125,143,93.01580810546875,0.0,46.44097900390625,141
2025-07-17T20:43:26.101258,3,20,"[0, 1, 2, 3, 4, 5, 6, 7]",93.01580810546875,38.86540412902832,46.9561767578125,143,93.01580810546875,0.0,46.44097900390625,141
2025-07-17T20:43:26.108700,4,20,"[0, 1, 2, 3, 4, 5, 6, 7]",93.01580810546875,38.86540412902832,46.9561767578125,143,93.01580810546875,0.0,46.44097900390625,141
2025-07-17T20:43:26.115529,0,21,"[0, 1, 2, 3, 4, 5, 6, 7]",93.01580810546875,38.86540412902832,46.9561767578125,143,93.01580810546875,0.0,46.44097900390625,141
2025-07-17T20:43:26.121776,1,21,"[0, 1, 2, 3, 4, 5, 6, 7]",93.01580810546875,38.86540412902832,46.9561767578125,143,93.01580810546875,0.0,46.44097900390625,141
2025-07-17T20:43:26.129382,2,21,"[0, 1, 2, 3, 4, 5, 6, 7]",93.01580810546875,38.86540412902832,46.9561767578125,143,93.01580810546875,0.0,46.44097900390625,141
2025-07-17T20:43:26.136582,3,21,"[0, 1, 2, 3, 4, 5, 6, 7]",93.01580810546875,38.86540412902832,46.9561767578125,143,93.01580810546875,0.0,46.44097900390625,141
2025-07-17T20:43:26.143667,4,21,"[0, 1, 2, 3, 4, 5, 6, 7]",93.01580810546875,38.86540412902832,46.9561767578125,143,93.01580810546875,0.0,46.44097900390625,141
2025-07-17T20:43:26.149684,0,22,"[0, 1, 2, 3, 4, 5, 6, 7]",93.01580810546875,38.86540412902832,46.9561767578125,143,93.01580810546875,0.0,46.44097900390625,141
2025-07-17T20:43:26.156613,1,22,"[0, 1, 2, 3, 4, 5, 6, 7]",93.01580810546875,38.86540412902832,46.9561767578125,143,93.01580810546875,0.0,46.44097900390625,141
2025-07-17T20:43:26.163578,2,22,"[0, 1, 2, 3, 4, 5, 6, 7]",93.01580810546875,38.86540412902832,46.9561767578125,143,93.01580810546875,0.0,46.44097900390625,141
2025-07-17T20:43:26.170255,3,22,"[0, 1, 2, 3, 4, 5, 6, 7]",93.01580810546875,38.86540412902832,46.9561767578125,143,93.01580810546875,0.0,46.44097900390625,141
2025-07-17T20:43:26.178897,4,22,"[0, 1, 2, 3, 4, 5, 6, 7]",93.01580810546875,38.86540412902832,46.9561767578125,143,93.01580810546875,0.0,46.44097900390625,141
2025-07-17T20:43:26.185052,0,23,"[0, 1, 2, 3, 4, 5, 6, 7]",93.01580810546875,38.86540412902832,46.9561767578125,143,93.01580810546875,0.0,46.44097900390625,141
2025-07-17T20:43:26.191211,1,23,"[0, 1, 2, 3, 4, 5, 6, 7]",93.01580810546875,38.86540412902832,46.9561767578125,143,93.01580810546875,0.0,46.44097900390625,141
2025-07-17T20:43:26.197719,2,23,"[0, 1, 2, 3, 4, 5, 6, 7]",93.01580810546875,38.86540412902832,46.9561767578125,143,93.01580810546875,0.0,46.44097900390625,141
2025-07-17T20:43:26.204621,3,23,"[0, 1, 2, 3, 4, 5, 6, 7]",93.01580810546875,38.86540412902832,46.9561767578125,143,93.01580810546875,0.0,46.44097900390625,141
2025-07-17T20:43:26.211687,4,23,"[0, 1, 2, 3, 4, 5, 6, 7]",93.01580810546875,38.86540412902832,46.9561767578125,143,93.01580810546875,0.0,46.44097900390625,141
2025-07-17T20:43:26.218096,0,24,"[0, 1, 2, 3, 4, 5, 6, 7]",93.01580810546875,38.86540412902832,46.9561767578125,143,93.01580810546875,0.0,46.44097900390625,141
2025-07-17T20:43:26.224979,1,24,"[1, 2, 3, 4, 5, 6, 7]",93.01580810546875,38.86540412902832,46.9561767578125,143,93.01580810546875,0.0,46.44097900390625,141
2025-07-17T20:43:26.231762,2,24,"[0, 1, 2, 3, 4, 5, 6, 7]",93.01580810546875,38.86540412902832,46.9561767578125,143,93.01580810546875,0.0,46.44097900390625,141
2025-07-17T20:43:26.245260,3,24,"[1, 2, 3, 4, 5, 6, 7]",93.01580810546875,38.86540412902832,46.9561767578125,143,93.01580810546875,0.0,46.44097900390625,141
2025-07-17T20:43:26.251846,4,24,"[1, 2, 3, 4, 5, 6, 7]",93.01580810546875,38.86540412902832,46.9561767578125,143,93.01580810546875,0.0,46.44097900390625,141
2025-07-17T20:43:26.258753,0,25,"[0, 1, 2, 3, 4, 5, 6, 7]",93.01580810546875,38.86540412902832,46.9561767578125,143,93.01580810546875,0.0,46.44097900390625,141
2025-07-17T20:43:26.260873,1,25,"[0, 1, 2, 4, 5, 6, 7]",93.01580810546875,38.86540412902832,46.9561767578125,143,93.01580810546875,0.0,46.44097900390625,141
2025-07-17T20:43:26.268695,2,25,"[0, 1, 2, 3, 4, 5, 6, 7]",93.01580810546875,38.86540412902832,46.9561767578125,143,93.01580810546875,0.0,46.44097900390625,141
2025-07-17T20:43:26.281629,3,25,"[0, 1, 2, 4, 5, 6, 7]",93.01580810546875,38.86540412902832,46.9561767578125,143,93.01580810546875,0.0,46.44097900390625,141
2025-07-17T20:43:26.283696,4,25,"[0, 1, 2, 4, 5, 6, 7]",93.01580810546875,38.86540412902832,46.9561767578125,143,93.01580810546875,0.0,46.44097900390625,141
2025-07-17T20:43:26.289774,0,26,"[0, 1, 2, 3, 4, 5, 6, 7]",93.01580810546875,38.86540412902832,46.9561767578125,143,93.01580810546875,0.0,46.44097900390625,141
2025-07-17T20:43:26.302645,1,26,"[0, 1, 2, 3, 4, 5, 7]",93.01580810546875,38.86540412902832,46.9561767578125,143,93.01580810546875,0.0,46.44097900390625,141
2025-07-17T20:43:26.305061,2,26,"[0, 1, 2, 3, 4, 5, 7]",93.01580810546875,38.86540412902832,46.9561767578125,143,93.01580810546875,0.0,46.44097900390625,141
2025-07-17T20:43:26.316750,3,26,"[0, 1, 2, 3, 4, 5, 7]",93.01580810546875,38.86540412902832,46.9561767578125,143,93.01580810546875,0.0,46.44097900390625,141
2025-07-17T20:43:26.318860,4,26,"[0, 1, 2, 3, 4, 5, 7]",93.01580810546875,38.86540412902832,46.9561767578125,143,93.01580810546875,0.0,46.44097900390625,141
2025-07-17T20:43:26.326385,0,27,"[0, 1, 2, 3, 4, 5, 6, 7]",93.01580810546875,38.86540412902832,46.9561767578125,143,93.01580810546875,0.0,46.44097900390625,141
2025-07-17T20:43:26.333351,1,27,"[0, 1, 2, 3, 4, 5, 6, 7]",93.01580810546875,38.86540412902832,46.9561767578125,143,93.01580810546875,0.0,46.44097900390625,141
2025-07-17T20:43:26.340142,2,27,"[0, 1, 2, 3, 4, 5, 6, 7]",93.01580810546875,38.86540412902832,46.9561767578125,143,93.01580810546875,0.0,46.44097900390625,141
2025-07-17T20:43:26.347605,3,27,"[0, 1, 2, 3, 4, 5, 6, 7]",93.01580810546875,38.86540412902832,46.9561767578125,143,93.01580810546875,0.0,46.44097900390625,141
2025-07-17T20:43:26.354094,4,27,"[0, 1, 2, 3, 4, 5, 6, 7]",93.01580810546875,38.86540412902832,46.9561767578125,143,93.01580810546875,0.0,46.44097900390625,141
2025-07-17T20:43:26.366175,0,28,"[0, 1, 2, 3, 4, 5, 6, 7]",93.01580810546875,38.86540412902832,46.9561767578125,143,93.01580810546875,0.0,46.44097900390625,141
2025-07-17T20:43:26.368331,1,28,"[0, 1, 2, 3, 4, 5, 6, 7]",93.01580810546875,38.86540412902832,46.9561767578125,143,93.01580810546875,0.0,46.44097900390625,141
2025-07-17T20:43:26.380101,2,28,"[0, 1, 2, 3, 4, 5, 6, 7]",93.01580810546875,38.86540412902832,46.9561767578125,143,93.01580810546875,0.0,46.44097900390625,141
2025-07-17T20:43:26.382140,3,28,"[0, 1, 2, 3, 4, 5, 6, 7]",93.01580810546875,38.86540412902832,46.9561767578125,143,93.01580810546875,0.0,46.44097900390625,141
2025-07-17T20:43:26.389262,4,28,"[0, 1, 2, 3, 4, 5, 6, 7]",93.01580810546875,38.86540412902832,46.9561767578125,143,93.01580810546875,0.0,46.44097900390625,141
2025-07-17T20:43:26.396087,0,29,"[0, 1, 2, 3, 4, 5, 6, 7]",93.01580810546875,38.86540412902832,46.9561767578125,143,93.01580810546875,0.0,46.44097900390625,141
2025-07-17T20:43:26.404246,1,29,"[0, 1, 2, 3, 4, 5, 6, 7]",93.01580810546875,38.86540412902832,46.9561767578125,143,93.01580810546875,0.0,46.44097900390625,141
2025-07-17T20:43:26.410427,2,29,"[0, 1, 2, 3, 4, 5, 6, 7]",93.01580810546875,38.86540412902832,46.9561767578125,143,93.01580810546875,0.0,46.44097900390625,141
2025-07-17T20:43:26.421657,3,29,"[0, 1, 2, 3, 4, 5, 6, 7]",93.01580810546875,38.86540412902832,46.9561767578125,143,93.01580810546875,0.0,46.44097900390625,141
2025-07-17T20:43:26.423943,4,29,"[0, 1, 2, 3, 4, 5, 6, 7]",93.01580810546875,38.86540412902832,46.9561767578125,143,93.01580810546875,0.0,46.44097900390625,141
2025-07-17T20:43:26.430814,0,30,"[0, 1, 2, 3, 4, 5, 6, 7]",93.01580810546875,38.86540412902832,46.9561767578125,143,93.01580810546875,0.0,46.44097900390625,141
2025-07-17T20:43:26.442240,1,30,"[0, 1, 2, 4, 5, 6, 7]",93.01580810546875,38.86540412902832,46.9561767578125,143,93.01580810546875,0.0,46.44097900390625,141
2025-07-17T20:43:26.444616,2,30,"[0, 1, 2, 3, 4, 5, 6, 7]",93.01580810546875,38.86540412902832,46.9561767578125,143,93.01580810546875,0.0,46.44097900390625,141
2025-07-17T20:43:26.451253,3,30,"[0, 1, 2, 4, 5, 6, 7]",93.01580810546875,38.86540412902832,46.9561767578125,143,93.01580810546875,0.0,46.44097900390625,141
2025-07-17T20:43:26.457786,4,30,"[0, 1, 2, 4, 5, 6, 7]",93.01580810546875,38.86540412902832,46.9561767578125,143,93.01580810546875,0.0,46.44097900390625,141
2025-07-17T20:43:26.465380,0,31,"[0, 1, 2, 3, 4, 5, 6, 7]",93.01580810546875,38.87229824066162,46.9561767578125,143,93.01580810546875,0.0,46.44097900390625,141
2025-07-17T20:43:26.473241,1,31,"[0, 1, 2, 3, 4, 5, 6, 7]",93.01580810546875,38.86909008026123,46.9561767578125,143,93.01580810546875,0.0,46.44097900390625,141
2025-07-17T20:43:26.481912,2,31,"[0, 1, 2, 3, 4, 5, 6, 7]",93.01580810546875,38.86646366119385,46.9561767578125,143,93.01580810546875,0.0,46.44097900390625,141
2025-07-17T20:43:26.496152,3,31,"[0, 1, 2, 3, 4, 5, 6, 7]",93.01580810546875,38.86299800872803,46.9561767578125,143,93.01580810546875,0.0,46.44097900390625,141
2025-07-17T20:43:26.499023,4,31,"[0, 1, 2, 3, 4, 5, 6, 7]",93.01580810546875,38.86002254486084,46.9561767578125,143,93.01580810546875,0.0,46.44097900390625,141
2025-07-17T20:43:26.513895,0,0,"[0, 1, 2, 3, 4, 5, 6, 7]",93.01580810546875,38.85531425476074,46.9561767578125,143,93.01580810546875,0.0,46.44097900390625,141
2025-07-17T20:43:26.521404,1,0,"[0, 1, 2, 3, 5, 6, 7]",93.01580810546875,38.85852241516113,46.9561767578125,143,93.01580810546875,0.0,46.44097900390625,141
2025-07-17T20:43:26.523945,2,0,"[0, 1, 2, 3, 4, 5, 6, 7]",93.01580810546875,38.86149787902832,46.9561767578125,143,93.01580810546875,0.0,46.44097900390625,141
2025-07-17T20:43:26.530898,3,0,"[0, 1, 2, 3, 5, 6, 7]",93.01580810546875,38.86438179016113,46.9561767578125,143,93.01580810546875,0.0,46.44097900390625,141
2025-07-17T20:43:26.543094,4,0,"[0, 1, 2, 3, 5, 6, 7]",93.01580810546875,38.86540412902832,46.9561767578125,143,93.01580810546875,0.0,46.44097900390625,141
2025-07-17T20:43:26.545344,0,1,"[0, 1, 2, 3, 4, 5, 6, 7]",93.01580810546875,38.86540412902832,46.9561767578125,143,93.01580810546875,0.0,46.44097900390625,141
2025-07-17T20:43:26.552410,1,1,"[0, 1, 2, 3, 4, 5, 6, 7]",93.01580810546875,38.86540412902832,46.9561767578125,143,93.01580810546875,0.0,46.44097900390625,141
2025-07-17T20:43:26.557935,2,1,"[0, 1, 2, 4, 5, 6, 7]",93.01580810546875,38.86540412902832,46.9561767578125,143,93.01580810546875,0.0,46.44097900390625,141
2025-07-17T20:43:26.565598,3,1,"[0, 1, 2, 3, 4, 5, 6, 7]",93.01580810546875,38.86540412902832,46.9561767578125,143,93.01580810546875,0.0,46.44097900390625,141
2025-07-17T20:43:26.572640,4,1,"[0, 1, 2, 3, 4, 5, 6, 7]",93.01580810546875,38.86540412902832,46.9561767578125,143,93.01580810546875,0.0,46.44097900390625,141
2025-07-17T20:43:26.578924,0,2,"[0, 1, 2, 3, 4, 5, 6, 7]",93.01580810546875,38.86540412902832,46.9561767578125,143,93.01580810546875,0.0,46.44097900390625,141
2025-07-17T20:43:26.585123,1,2,"[0, 1, 2, 3, 4, 5, 6, 7]",93.01580810546875,38.86540412902832,46.9561767578125,143,93.01580810546875,0.0,46.44097900390625,141
2025-07-17T20:43:26.592602,2,2,"[0, 1, 2, 3, 4, 5, 6, 7]",93.01580810546875,38.86540412902832,46.9561767578125,143,93.01580810546875,0.0,46.44097900390625,141
2025-07-17T20:43:26.600025,3,2,"[0, 1, 2, 3, 4, 5, 6, 7]",93.01580810546875,38.86540412902832,46.9561767578125,143,93.01580810546875,0.0,46.44097900390625,141
2025-07-17T20:43:26.606620,4,2,"[0, 1, 2, 3, 4, 5, 6, 7]",93.01580810546875,38.86540412902832,46.9561767578125,143,93.01580810546875,0.0,46.44097900390625,141
2025-07-17T20:43:26.614573,0,3,"[0, 1, 2, 3, 4, 5, 6, 7]",93.01580810546875,38.86540412902832,46.9561767578125,143,93.01580810546875,0.0,46.44097900390625,141
2025-07-17T20:43:26.621612,1,3,"[0, 1, 2, 3, 4, 5, 6, 7]",93.01580810546875,38.86540412902832,46.9561767578125,143,93.01580810546875,0.0,46.44097900390625,141
2025-07-17T20:43:26.628210,2,3,"[0, 1, 2, 3, 4, 5, 6, 7]",93.01580810546875,38.86540412902832,46.9561767578125,143,93.01580810546875,0.0,46.44097900390625,141
2025-07-17T20:43:26.635765,3,3,"[0, 1, 2, 3, 4, 5, 6, 7]",93.01580810546875,38.86540412902832,46.9561767578125,143,93.01580810546875,0.0,46.44097900390625,141
2025-07-17T20:43:26.643571,4,3,"[0, 1, 2, 3, 4, 5, 6, 7]",93.01580810546875,38.86540412902832,46.9561767578125,143,93.01580810546875,0.0,46.44097900390625,141
2025-07-17T20:43:26.650601,0,4,"[0, 1, 2, 3, 4, 5, 6, 7]",93.01580810546875,38.86540412902832,46.9561767578125,143,93.01580810546875,0.0,46.44097900390625,141
2025-07-17T20:43:26.662124,1,4,"[0, 1, 2, 3, 4, 5, 6, 7]",93.01580810546875,38.86540412902832,46.9561767578125,143,93.01580810546875,0.0,46.44097900390625,141
2025-07-17T20:43:26.664884,2,4,"[0, 1, 2, 3, 4, 5, 6, 7]",93.01580810546875,38.86540412902832,46.9561767578125,143,93.01580810546875,0.0,46.44097900390625,141
2025-07-17T20:43:26.677427,3,4,"[0, 1, 2, 3, 4, 5, 6, 7]",93.01580810546875,38.86540412902832,46.9561767578125,143,93.01580810546875,0.0,46.44097900390625,141
2025-07-17T20:43:26.679761,4,4,"[0, 1, 2, 3, 4, 5, 6, 7]",93.01580810546875,38.86540412902832,46.9561767578125,143,93.01580810546875,0.0,46.44097900390625,141
2025-07-17T20:43:26.692587,0,5,"[0, 1, 2, 3, 4, 5, 6, 7]",93.01580810546875,38.86540412902832,46.9561767578125,143,93.01580810546875,0.0,46.44097900390625,141
2025-07-17T20:43:26.695154,1,5,"[0, 1, 2, 3, 4, 5, 6, 7]",93.01580810546875,38.86540412902832,46.9561767578125,143,93.01580810546875,0.0,46.44097900390625,141
2025-07-17T20:43:26.702095,2,5,"[0, 1, 2, 3, 4, 5, 6, 7]",93.01580810546875,38.86540412902832,46.9561767578125,143,93.01580810546875,0.0,46.44097900390625,141
2025-07-17T20:43:26.708877,3,5,"[0, 1, 2, 3, 4, 5, 6, 7]",93.01580810546875,38.86540412902832,46.9561767578125,143,93.01580810546875,0.0,46.44097900390625,141
2025-07-17T20:43:26.715966,4,5,"[0, 1, 2, 3, 4, 5, 6, 7]",93.01580810546875,38.86540412902832,46.9561767578125,143,93.01580810546875,0.0,46.44097900390625,141
2025-07-17T20:43:26.724001,0,6,"[0, 1, 2, 3, 4, 5, 6, 7]",93.01580810546875,38.86540412902832,46.9561767578125,143,93.01580810546875,0.0,46.44097900390625,141
2025-07-17T20:43:26.735443,1,6,"[0, 2, 3, 4, 5, 6, 7]",93.01580810546875,38.86540412902832,46.9561767578125,143,93.01580810546875,0.0,46.44097900390625,141
2025-07-17T20:43:26.737842,2,6,"[0, 1, 2, 3, 4, 5, 6, 7]",93.01580810546875,38.86540412902832,46.9561767578125,143,93.01580810546875,0.0,46.44097900390625,141
2025-07-17T20:43:26.744989,3,6,"[0, 2, 3, 4, 5, 6, 7]",93.01580810546875,38.86540412902832,46.9561767578125,143,93.01580810546875,0.0,46.44097900390625,141
2025-07-17T20:43:26.751151,4,6,"[0, 2, 3, 4, 5, 6, 7]",93.01580810546875,38.86540412902832,46.9561767578125,143,93.01580810546875,0.0,46.44097900390625,141
2025-07-17T20:43:26.758084,0,7,"[0, 1, 2, 3, 4, 5, 7]",93.01580810546875,38.86540412902832,46.9561767578125,143,93.01580810546875,0.0,46.44097900390625,141
2025-07-17T20:43:26.765344,1,7,"[0, 1, 2, 4, 5, 6]",93.01580810546875,38.86540412902832,46.9561767578125,143,93.01580810546875,0.0,46.44097900390625,141
2025-07-17T20:43:26.773999,2,7,"[0, 1, 2, 3, 4, 5, 6, 7]",93.01580810546875,38.86540412902832,46.9561767578125,143,93.01580810546875,0.0,46.44097900390625,141
2025-07-17T20:43:26.780759,3,7,"[0, 1, 2, 4, 5, 6]",93.01580810546875,38.86540412902832,46.9561767578125,143,93.01580810546875,0.0,46.44097900390625,141
2025-07-17T20:43:26.787149,4,7,"[0, 1, 2, 4, 5, 6]",93.01580810546875,38.86540412902832,46.9561767578125,143,93.01580810546875,0.0,46.44097900390625,141
2025-07-17T20:43:26.793218,0,8,"[0, 1, 2, 3, 4, 5, 6, 7]",93.01580810546875,38.86540412902832,46.9561767578125,143,93.01580810546875,0.0,46.44097900390625,141
2025-07-17T20:43:26.800622,1,8,"[0, 1, 2, 3, 4, 5]",93.01580810546875,38.86540412902832,46.9561767578125,143,93.01580810546875,0.0,46.44097900390625,141
2025-07-17T20:43:26.807140,2,8,"[0, 1, 2, 3, 4, 5, 6, 7]",93.01580810546875,38.86540412902832,46.9561767578125,143,93.01580810546875,0.0,46.44097900390625,141
2025-07-17T20:43:26.814447,3,8,"[0, 1, 2, 3, 4, 5]",93.01580810546875,38.86540412902832,46.9561767578125,143,93.01580810546875,0.0,46.44097900390625,141
2025-07-17T20:43:26.821291,4,8,"[0, 1, 2, 3, 4, 5]",93.01580810546875,38.86540412902832,46.9561767578125,143,93.01580810546875,0.0,46.44097900390625,141
2025-07-17T20:43:26.827698,0,9,"[0, 1, 2, 3, 4, 5, 6, 7]",93.01580810546875,38.86540412902832,46.9561767578125,143,93.01580810546875,0.0,46.44097900390625,141
2025-07-17T20:43:26.839509,1,9,"[0, 1, 2, 4, 5, 6, 7]",93.01580810546875,38.86540412902832,46.9561767578125,143,93.01580810546875,0.0,46.44097900390625,141
2025-07-17T20:43:26.841521,2,9,"[0, 1, 2, 3, 4, 5, 6, 7]",93.01580810546875,38.86540412902832,46.9561767578125,143,93.01580810546875,0.0,46.44097900390625,141
2025-07-17T20:43:26.849085,3,9,"[0, 1, 2, 4, 5, 6, 7]",93.01580810546875,38.86540412902832,46.9561767578125,143,93.01580810546875,0.0,46.44097900390625,141
2025-07-17T20:43:26.855930,4,9,"[0, 1, 2, 4, 5, 6, 7]",93.01580810546875,38.86540412902832,46.9561767578125,143,93.01580810546875,0.0,46.44097900390625,141
2025-07-17T20:43:26.862764,0,10,"[0, 1, 2, 3, 4, 5, 6, 7]",93.01580810546875,38.86540412902832,46.9561767578125,143,93.01580810546875,0.0,46.44097900390625,141
2025-07-17T20:43:26.869937,1,10,"[0, 1, 2, 3, 4, 5, 6, 7]",93.01580810546875,38.86540412902832,46.9561767578125,143,93.01580810546875,0.0,46.44097900390625,141
2025-07-17T20:43:26.877480,2,10,"[0, 1, 2, 3, 4, 5, 6, 7]",93.01580810546875,38.86540412902832,46.9561767578125,143,93.01580810546875,0.0,46.44097900390625,141
2025-07-17T20:43:26.890376,3,10,"[0, 1, 2, 3, 4, 5, 6, 7]",93.01580810546875,38.86540412902832,46.9561767578125,143,93.01580810546875,0.0,46.44097900390625,141
2025-07-17T20:43:26.898411,4,10,"[0, 1, 2, 3, 4, 5, 6, 7]",93.01580810546875,38.86540412902832,46.9561767578125,143,93.01580810546875,0.0,46.44097900390625,141
2025-07-17T20:43:26.900855,0,11,"[0, 1, 2, 3, 4, 5, 6, 7]",93.01580810546875,38.86540412902832,46.9561767578125,143,93.01580810546875,0.0,46.44097900390625,141
2025-07-17T20:43:26.908777,1,11,"[0, 1, 2, 4, 5, 6, 7]",93.01580810546875,38.86540412902832,46.9561767578125,143,93.01580810546875,0.0,46.44097900390625,141
2025-07-17T20:43:26.920663,2,11,"[0, 1, 2, 3, 4, 5, 6, 7]",93.01580810546875,38.86540412902832,46.9561767578125,143,93.01580810546875,0.0,46.44097900390625,141
2025-07-17T20:43:26.928948,3,11,"[0, 1, 2, 4, 5, 6, 7]",93.01580810546875,38.86540412902832,46.9561767578125,143,93.01580810546875,0.0,46.44097900390625,141
2025-07-17T20:43:26.930940,4,11,"[0, 1, 2, 4, 5, 6, 7]",93.01580810546875,38.86540412902832,46.9561767578125,143,93.01580810546875,0.0,46.44097900390625,141
2025-07-17T20:43:26.944635,0,12,"[0, 1, 2, 3, 4, 5, 6]",93.01580810546875,38.86540412902832,46.9561767578125,143,93.01580810546875,0.0,46.44097900390625,141
2025-07-17T20:43:26.946875,1,12,"[0, 1, 3, 4, 5, 6]",93.01580810546875,38.86540412902832,46.9561767578125,143,93.01580810546875,0.0,46.44097900390625,141
2025-07-17T20:43:26.953623,2,12,"[0, 1, 2, 3, 4, 6, 7]",93.01580810546875,38.86540412902832,46.9561767578125,143,93.01580810546875,0.0,46.44097900390625,141
2025-07-17T20:43:26.960487,3,12,"[0, 1, 3, 4, 5, 6]",93.01580810546875,38.86540412902832,46.9561767578125,143,93.01580810546875,0.0,46.44097900390625,141
2025-07-17T20:43:26.966848,4,12,"[0, 1, 3, 4, 5, 6]",93.01580810546875,38.86540412902832,46.9561767578125,143,93.01580810546875,0.0,46.44097900390625,141
2025-07-17T20:43:26.974916,0,13,"[0, 1, 2, 3, 4, 5, 6, 7]",93.01580810546875,38.86540412902832,46.9561767578125,143,93.01580810546875,0.0,46.44097900390625,141
2025-07-17T20:43:26.987926,1,13,"[0, 1, 2, 3, 4, 5, 6, 7]",93.01580810546875,38.86540412902832,46.9561767578125,143,93.01580810546875,0.0,46.44097900390625,141
2025-07-17T20:43:26.989753,2,13,"[0, 1, 2, 3, 4, 5, 6, 7]",93.01580810546875,38.86540412902832,46.9561767578125,143,93.01580810546875,0.0,46.44097900390625,141
2025-07-17T20:43:26.997264,3,13,"[0, 1, 2, 3, 4, 5, 6, 7]",93.01580810546875,38.86540412902832,46.9561767578125,143,93.01580810546875,0.0,46.44097900390625,141
2025-07-17T20:43:27.004491,4,13,"[0, 1, 2, 3, 4, 5, 6, 7]",93.01580810546875,38.86540412902832,46.9561767578125,143,93.01580810546875,0.0,46.44097900390625,141
2025-07-17T20:43:27.011458,0,14,"[0, 1, 2, 3, 4, 5, 6, 7]",93.01580810546875,38.86540412902832,46.9561767578125,143,93.01580810546875,0.0,46.44097900390625,141
2025-07-17T20:43:27.018648,1,14,"[0, 1, 3, 4, 5, 6, 7]",93.01580810546875,38.86540412902832,46.9561767578125,143,93.01580810546875,0.0,46.44097900390625,141
2025-07-17T20:43:27.026713,2,14,"[0, 1, 2, 3, 4, 5, 6, 7]",93.01580810546875,38.86540412902832,46.9561767578125,143,93.01580810546875,0.0,46.44097900390625,141
2025-07-17T20:43:27.034451,3,14,"[0, 1, 3, 4, 5, 6, 7]",93.01580810546875,38.86540412902832,46.9561767578125,143,93.01580810546875,0.0,46.44097900390625,141
2025-07-17T20:43:27.041756,4,14,"[0, 1, 3, 4, 5, 6, 7]",93.01580810546875,38.86540412902832,46.9561767578125,143,93.01580810546875,0.0,46.44097900390625,141
2025-07-17T20:43:27.053037,0,15,"[0, 1, 2, 3, 4, 5, 6, 7]",93.01580810546875,38.86540412902832,46.9561767578125,143,93.01580810546875,0.0,46.44097900390625,141
2025-07-17T20:43:27.060424,1,15,"[0, 1, 2, 3, 4, 5, 6, 7]",93.01580810546875,38.86540412902832,46.9561767578125,143,93.01580810546875,0.0,46.44097900390625,141
2025-07-17T20:43:27.062997,2,15,"[0, 1, 2, 3, 4, 5, 6, 7]",93.01580810546875,38.86540412902832,46.9561767578125,143,93.01580810546875,0.0,46.44097900390625,141
2025-07-17T20:43:27.070755,3,15,"[0, 1, 2, 3, 4, 5, 6, 7]",93.01580810546875,38.86540412902832,46.9561767578125,143,93.01580810546875,0.0,46.44097900390625,141
2025-07-17T20:43:27.077599,4,15,"[0, 1, 2, 3, 4, 5, 6, 7]",93.01580810546875,38.86540412902832,46.9561767578125,143,93.01580810546875,0.0,46.44097900390625,141
2025-07-17T20:43:27.089374,0,16,"[0, 1, 2, 3, 4, 5, 6, 7]",93.01580810546875,38.86540412902832,46.9561767578125,143,93.01580810546875,0.0,46.44097900390625,141
2025-07-17T20:43:27.092369,1,16,"[0, 1, 2, 3, 4, 5, 6, 7]",93.01580810546875,38.86540412902832,46.9561767578125,143,93.01580810546875,0.0,46.44097900390625,141
2025-07-17T20:43:27.099597,2,16,"[0, 1, 2, 3, 4, 5, 6, 7]",93.01580810546875,38.86540412902832,46.9561767578125,143,93.01580810546875,0.0,46.44097900390625,141
2025-07-17T20:43:27.111136,3,16,"[0, 1, 2, 3, 4, 5, 6, 7]",93.01580810546875,38.86540412902832,46.9561767578125,143,93.01580810546875,0.0,46.44097900390625,141
2025-07-17T20:43:27.113344,4,16,"[0, 1, 2, 3, 4, 5, 6, 7]",93.01580810546875,38.86540412902832,46.9561767578125,143,93.01580810546875,0.0,46.44097900390625,141
2025-07-17T20:43:27.126608,0,17,"[0, 1, 2, 3, 4, 5, 6, 7]",93.01580810546875,38.86540412902832,46.9561767578125,143,93.01580810546875,0.0,46.44097900390625,141
2025-07-17T20:43:27.129229,1,17,"[0, 1, 2, 4, 5, 6, 7]",93.01580810546875,38.86540412902832,46.9561767578125,143,93.01580810546875,0.0,46.44097900390625,141
2025-07-17T20:43:27.136719,2,17,"[0, 1, 2, 3, 4, 5, 6, 7]",93.01580810546875,38.86540412902832,46.9561767578125,143,93.01580810546875,0.0,46.44097900390625,141
2025-07-17T20:43:27.142661,3,17,"[0, 1, 2, 4, 5, 6, 7]",93.01580810546875,38.86540412902832,46.9561767578125,143,93.01580810546875,0.0,46.44097900390625,141
2025-07-17T20:43:27.150557,4,17,"[0, 1, 2, 4, 5, 6, 7]",93.01580810546875,38.86540412902832,46.9561767578125,143,93.01580810546875,0.0,46.44097900390625,141
2025-07-17T20:43:27.157320,0,18,"[0, 1, 2, 3, 4, 5, 6, 7]",93.01580810546875,38.86540412902832,46.9561767578125,143,93.01580810546875,0.0,46.44097900390625,141
2025-07-17T20:43:27.170179,1,18,"[0, 1, 2, 3, 4, 5, 6, 7]",93.01580810546875,38.86540412902832,46.9561767578125,143,93.01580810546875,0.0,46.44097900390625,141
2025-07-17T20:43:27.172370,2,18,"[0, 1, 2, 3, 4, 5, 6, 7]",93.01580810546875,38.86540412902832,46.9561767578125,143,93.01580810546875,0.0,46.44097900390625,141
2025-07-17T20:43:27.184433,3,18,"[0, 1, 2, 3, 4, 5, 6, 7]",93.01580810546875,38.86540412902832,46.9561767578125,143,93.01580810546875,0.0,46.44097900390625,141
2025-07-17T20:43:27.192426,4,18,"[0, 1, 2, 3, 4, 5, 6, 7]",93.01580810546875,38.86540412902832,46.9561767578125,143,93.01580810546875,0.0,46.44097900390625,141
2025-07-17T20:43:27.200583,0,19,"[0, 1, 2, 3, 4, 5, 6, 7]",93.01580810546875,38.86540412902832,46.9561767578125,143,93.01580810546875,0.0,46.44097900390625,141
2025-07-17T20:43:27.203414,1,19,"[0, 1, 2, 4, 5, 6, 7]",93.01580810546875,38.86540412902832,46.9561767578125,143,93.01580810546875,0.0,46.44097900390625,141
2025-07-17T20:43:27.214502,2,19,"[0, 1, 2, 3, 4, 5, 6, 7]",93.01580810546875,38.86540412902832,46.9561767578125,143,93.01580810546875,0.0,46.44097900390625,141
2025-07-17T20:43:27.216697,3,19,"[0, 1, 2, 4, 5, 6, 7]",93.01580810546875,38.86540412902832,46.9561767578125,143,93.01580810546875,0.0,46.44097900390625,141
2025-07-17T20:43:27.229207,4,19,"[0, 1, 2, 4, 5, 6, 7]",93.01580810546875,38.86540412902832,46.9561767578125,143,93.01580810546875,0.0,46.44097900390625,141
2025-07-17T20:43:27.231363,0,20,"[0, 1, 2, 3, 4, 5, 6, 7]",93.01580810546875,38.86540412902832,46.9561767578125,143,93.01580810546875,0.0,46.44097900390625,141
2025-07-17T20:43:27.238565,1,20,"[0, 2, 3, 4, 5, 6, 7]",93.01580810546875,38.86540412902832,46.9561767578125,143,93.01580810546875,0.0,46.44097900390625,141
2025-07-17T20:43:27.245526,2,20,"[0, 1, 2, 3, 4, 5, 6, 7]",93.01580810546875,38.86540412902832,46.9561767578125,143,93.01580810546875,0.0,46.44097900390625,141
2025-07-17T20:43:27.252083,3,20,"[0, 2, 3, 4, 5, 6, 7]",93.01580810546875,38.86540412902832,46.9561767578125,143,93.01580810546875,0.0,46.44097900390625,141
2025-07-17T20:43:27.259089,4,20,"[0, 2, 3, 4, 5, 6, 7]",93.01580810546875,38.86540412902832,46.9561767578125,143,93.01580810546875,0.0,46.44097900390625,141
2025-07-17T20:43:27.265292,0,21,"[0, 1, 2, 3, 4, 5, 6, 7]",93.01580810546875,38.86540412902832,46.9561767578125,143,93.01580810546875,0.0,46.44097900390625,141
2025-07-17T20:43:27.272426,1,21,"[0, 1, 2, 3, 4, 5, 6]",93.01580810546875,38.86540412902832,46.9561767578125,143,93.01580810546875,0.0,46.44097900390625,141
2025-07-17T20:43:27.284736,2,21,"[0, 1, 2, 3, 4, 5, 6, 7]",93.01580810546875,38.86540412902832,46.9561767578125,143,93.01580810546875,0.0,46.44097900390625,141
2025-07-17T20:43:27.287393,3,21,"[0, 1, 2, 3, 4, 5, 6]",93.01580810546875,38.86540412902832,46.9561767578125,143,93.01580810546875,0.0,46.44097900390625,141
2025-07-17T20:43:27.293711,4,21,"[0, 1, 2, 3, 4, 5, 6]",93.01580810546875,38.86540412902832,46.9561767578125,143,93.01580810546875,0.0,46.44097900390625,141
2025-07-17T20:43:27.300341,0,22,"[0, 1, 2, 3, 4, 5, 6, 7]",93.01580810546875,38.86540412902832,46.9561767578125,143,93.01580810546875,0.0,46.44097900390625,141
2025-07-17T20:43:27.306452,1,22,"[0, 1, 2, 3, 4, 5, 6]",93.01580810546875,38.86540412902832,46.9561767578125,143,93.01580810546875,0.0,46.44097900390625,141
2025-07-17T20:43:27.318531,2,22,"[0, 1, 2, 3, 4, 5, 6, 7]",93.01580810546875,38.86540412902832,46.9561767578125,143,93.01580810546875,0.0,46.44097900390625,141
2025-07-17T20:43:27.320614,3,22,"[0, 1, 2, 3, 4, 5, 6]",93.01580810546875,38.86540412902832,46.9561767578125,143,93.01580810546875,0.0,46.44097900390625,141
2025-07-17T20:43:27.327318,4,22,"[0, 1, 2, 3, 4, 5, 6]",93.01580810546875,38.86540412902832,46.9561767578125,143,93.01580810546875,0.0,46.44097900390625,141
2025-07-17T20:43:27.333981,0,23,"[0, 1, 2, 3, 4, 5, 6, 7]",93.01580810546875,38.86540412902832,46.9561767578125,143,93.01580810546875,0.0,46.44097900390625,141
2025-07-17T20:43:27.341499,1,23,"[0, 1, 2, 3, 4, 5, 6, 7]",93.01580810546875,38.86540412902832,46.9561767578125,143,93.01580810546875,0.0,46.44097900390625,141
2025-07-17T20:43:27.348591,2,23,"[0, 1, 2, 3, 4, 5, 6, 7]",93.01580810546875,38.86540412902832,46.9561767578125,143,93.01580810546875,0.0,46.44097900390625,141
2025-07-17T20:43:27.355081,3,23,"[0, 1, 2, 3, 4, 5, 6, 7]",93.01580810546875,38.86540412902832,46.9561767578125,143,93.01580810546875,0.0,46.44097900390625,141
2025-07-17T20:43:27.363216,4,23,"[0, 1, 2, 3, 4, 5, 6, 7]",93.01580810546875,38.86540412902832,46.9561767578125,143,93.01580810546875,0.0,46.44097900390625,141
2025-07-17T20:43:27.370533,0,24,"[0, 1, 2, 3, 4, 5, 6, 7]",93.01580810546875,38.86540412902832,46.9561767578125,143,93.01580810546875,0.0,46.44097900390625,141
2025-07-17T20:43:27.377603,1,24,"[0, 1, 2, 3, 4, 5, 6, 7]",93.01580810546875,38.86540412902832,46.9561767578125,143,93.01580810546875,0.0,46.44097900390625,141
2025-07-17T20:43:27.385844,2,24,"[0, 1, 2, 3, 4, 5, 6, 7]",93.01580810546875,38.86540412902832,46.9561767578125,143,93.01580810546875,0.0,46.44097900390625,141
2025-07-17T20:43:27.393884,3,24,"[0, 1, 2, 3, 4, 5, 6, 7]",93.01580810546875,38.86540412902832,46.9561767578125,143,93.01580810546875,0.0,46.44097900390625,141
2025-07-17T20:43:27.400458,4,24,"[0, 1, 2, 3, 4, 5, 6, 7]",93.01580810546875,38.86540412902832,46.9561767578125,143,93.01580810546875,0.0,46.44097900390625,141
2025-07-17T20:43:27.412550,0,25,"[0, 1, 2, 3, 4, 5, 6, 7]",93.01580810546875,38.86540412902832,46.9561767578125,143,93.01580810546875,0.0,46.44097900390625,141
2025-07-17T20:43:27.414823,1,25,"[0, 1, 2, 3, 4, 5, 6, 7]",93.01580810546875,38.86540412902832,46.9561767578125,143,93.01580810546875,0.0,46.44097900390625,141
2025-07-17T20:43:27.423532,2,25,"[0, 1, 2, 3, 4, 5, 6, 7]",93.01580810546875,38.86540412902832,46.9561767578125,143,93.01580810546875,0.0,46.44097900390625,141
2025-07-17T20:43:27.430964,3,25,"[0, 1, 2, 3, 4, 5, 6, 7]",93.01580810546875,38.86540412902832,46.9561767578125,143,93.01580810546875,0.0,46.44097900390625,141
2025-07-17T20:43:27.442660,4,25,"[0, 1, 2, 3, 4, 5, 6, 7]",93.01580810546875,38.86540412902832,46.9561767578125,143,93.01580810546875,0.0,46.44097900390625,141
2025-07-17T20:43:27.444698,0,26,"[0, 1, 2, 3, 4, 5, 6, 7]",93.01580810546875,38.86540412902832,46.9561767578125,143,93.01580810546875,0.0,46.44097900390625,141
2025-07-17T20:43:27.453103,1,26,"[0, 1, 2, 3, 4, 5, 6, 7]",93.01580810546875,38.86540412902832,46.9561767578125,143,93.01580810546875,0.0,46.44097900390625,141
2025-07-17T20:43:27.459277,2,26,"[0, 1, 2, 3, 4, 5, 6, 7]",93.01580810546875,38.86540412902832,46.9561767578125,143,93.01580810546875,0.0,46.44097900390625,141
2025-07-17T20:43:27.471503,3,26,"[0, 1, 2, 3, 4, 5, 6, 7]",93.01580810546875,38.86540412902832,46.9561767578125,143,93.01580810546875,0.0,46.44097900390625,141
2025-07-17T20:43:27.473371,4,26,"[0, 1, 2, 3, 4, 5, 6, 7]",93.01580810546875,38.86540412902832,46.9561767578125,143,93.01580810546875,0.0,46.44097900390625,141
2025-07-17T20:43:27.482361,0,27,"[0, 1, 2, 3, 4, 5, 6, 7]",93.01580810546875,38.86540412902832,46.9561767578125,143,93.01580810546875,0.0,46.44097900390625,141
2025-07-17T20:43:27.490052,1,27,"[0, 1, 2, 3, 5, 6, 7]",93.01580810546875,38.86540412902832,46.9561767578125,143,93.01580810546875,0.0,46.44097900390625,141
2025-07-17T20:43:27.502549,2,27,"[0, 1, 2, 3, 4, 5, 6, 7]",93.01580810546875,38.86540412902832,46.9561767578125,143,93.01580810546875,0.0,46.44097900390625,141
2025-07-17T20:43:27.504657,3,27,"[0, 1, 2, 3, 5, 6, 7]",93.01580810546875,38.86540412902832,46.9561767578125,143,93.01580810546875,0.0,46.44097900390625,141
2025-07-17T20:43:27.511802,4,27,"[0, 1, 2, 3, 5, 6, 7]",93.01580810546875,38.86540412902832,46.9561767578125,143,93.01580810546875,0.0,46.44097900390625,141
2025-07-17T20:43:27.519528,0,28,"[0, 1, 2, 3, 4, 5, 6, 7]",93.01580810546875,38.86540412902832,46.9561767578125,143,93.01580810546875,0.0,46.44097900390625,141
2025-07-17T20:43:27.526357,1,28,"[0, 1, 2, 3, 4, 5, 6, 7]",93.01580810546875,38.86540412902832,46.9561767578125,143,93.01580810546875,0.0,46.44097900390625,141
2025-07-17T20:43:27.532983,2,28,"[0, 1, 2, 3, 4, 5, 6, 7]",93.01580810546875,38.86540412902832,46.9561767578125,143,93.01580810546875,0.0,46.44097900390625,141
2025-07-17T20:43:27.539623,3,28,"[0, 1, 2, 3, 4, 5, 6, 7]",93.01580810546875,38.86540412902832,46.9561767578125,143,93.01580810546875,0.0,46.44097900390625,141
2025-07-17T20:43:27.546811,4,28,"[0, 1, 2, 3, 4, 5, 6, 7]",93.01580810546875,38.86540412902832,46.9561767578125,143,93.01580810546875,0.0,46.44097900390625,141
2025-07-17T20:43:27.553574,0,29,"[0, 1, 2, 3, 4, 5, 6, 7]",93.01580810546875,38.86540412902832,46.9561767578125,143,93.01580810546875,0.0,46.44097900390625,141
2025-07-17T20:43:27.560536,1,29,"[1, 2, 3, 4, 5, 7]",93.01580810546875,38.86540412902832,46.9561767578125,143,93.01580810546875,0.0,46.44097900390625,141
2025-07-17T20:43:27.568832,2,29,"[0, 1, 2, 3, 4, 5, 6, 7]",93.01580810546875,38.86540412902832,46.9561767578125,143,93.01580810546875,0.0,46.44097900390625,141
2025-07-17T20:43:27.575274,3,29,"[1, 2, 3, 4, 5, 7]",93.01580810546875,38.86540412902832,46.9561767578125,143,93.01580810546875,0.0,46.44097900390625,141
2025-07-17T20:43:27.581741,4,29,"[1, 2, 3, 4, 5, 7]",93.01580810546875,38.86540412902832,46.9561767578125,143,93.01580810546875,0.0,46.44097900390625,141
2025-07-17T20:43:27.588107,0,30,"[0, 1, 2, 3, 4, 5, 6, 7]",93.01580810546875,38.86540412902832,46.9561767578125,143,93.01580810546875,0.0,46.44097900390625,141
2025-07-17T20:43:27.594735,1,30,"[0, 1, 2, 3, 4, 5, 6, 7]",93.01580810546875,38.86540412902832,46.9561767578125,143,93.01580810546875,0.0,46.44097900390625,141
2025-07-17T20:43:27.601742,2,30,"[0, 1, 2, 3, 4, 5, 6, 7]",93.01580810546875,38.86540412902832,46.9561767578125,143,93.01580810546875,0.0,46.44097900390625,141
2025-07-17T20:43:27.613185,3,30,"[0, 1, 2, 3, 4, 5, 6, 7]",93.01580810546875,38.86540412902832,46.9561767578125,143,93.01580810546875,0.0,46.44097900390625,141
2025-07-17T20:43:27.615082,4,30,"[0, 1, 2, 3, 4, 5, 6, 7]",93.01580810546875,38.86540412902832,46.9561767578125,143,93.01580810546875,0.0,46.44097900390625,141
2025-07-17T20:43:27.622188,0,31,"[0, 1, 2, 3, 4, 5, 6, 7]",93.01580810546875,38.87229824066162,46.9561767578125,143,93.01580810546875,0.0,46.44097900390625,141
2025-07-17T20:43:27.630574,1,31,"[0, 2, 3, 4, 5, 6, 7]",93.01580810546875,38.86909008026123,46.9561767578125,143,93.01580810546875,0.0,46.44097900390625,141
2025-07-17T20:43:27.639224,2,31,"[0, 1, 2, 3, 4, 5, 6, 7]",93.01580810546875,38.86646366119385,46.9561767578125,143,93.01580810546875,0.0,46.44097900390625,141
2025-07-17T20:43:27.646830,3,31,"[0, 2, 3, 4, 5, 6, 7]",93.01580810546875,38.86299800872803,46.9561767578125,143,93.01580810546875,0.0,46.44097900390625,141
2025-07-17T20:43:27.654500,4,31,"[0, 2, 3, 4, 5, 6, 7]",93.01580810546875,38.86002254486084,46.9561767578125,143,93.01580810546875,0.0,46.44097900390625,141
2025-07-17T20:43:27.668871,0,0,"[0, 1, 2, 3, 4, 5, 6, 7]",93.01580810546875,38.85531425476074,46.9561767578125,143,93.01580810546875,0.0,46.44097900390625,141
2025-07-17T20:43:27.676963,1,0,"[0, 2, 3, 5, 6, 7]",93.01580810546875,38.85852241516113,46.9561767578125,143,93.01580810546875,0.0,46.44097900390625,141
2025-07-17T20:43:27.683731,2,0,"[0, 1, 2, 3, 4, 5, 6, 7]",93.01580810546875,38.86149787902832,46.9561767578125,143,93.01580810546875,0.0,46.44097900390625,141
2025-07-17T20:43:27.691414,3,0,"[0, 2, 3, 5, 6, 7]",93.01580810546875,38.86438179016113,46.9561767578125,143,93.01580810546875,0.0,46.44097900390625,141
2025-07-17T20:43:27.698931,4,0,"[0, 2, 3, 5, 6, 7]",93.01580810546875,38.86540412902832,46.9561767578125,143,93.01580810546875,0.0,46.44097900390625,141
2025-07-17T20:43:27.705447,0,1,"[0, 1, 2, 3, 4, 5, 6, 7]",93.01580810546875,38.86540412902832,46.9561767578125,143,93.01580810546875,0.0,46.44097900390625,141
2025-07-17T20:43:27.712851,1,1,"[0, 1, 2, 3, 4, 5, 6, 7]",93.01580810546875,38.86482238769531,46.9561767578125,143,93.01580810546875,0.0,46.44097900390625,141
2025-07-17T20:43:27.719534,2,1,"[0, 1, 2, 3, 4, 5, 6, 7]",93.01580810546875,38.86482238769531,46.9561767578125,143,93.01580810546875,0.0,46.44097900390625,141
2025-07-17T20:43:27.726138,3,1,"[0, 1, 2, 3, 4, 5, 6, 7]",93.01580810546875,38.86456489562988,46.9561767578125,143,93.01580810546875,0.0,46.44097900390625,141
2025-07-17T20:43:27.732838,4,1,"[0, 1, 2, 3, 4, 5, 6, 7]",93.01580810546875,38.86456489562988,46.9561767578125,143,93.01580810546875,0.0,46.44097900390625,141
2025-07-17T20:43:27.739622,0,2,"[0, 1, 2, 3, 4, 5, 6, 7]",93.01580810546875,38.86456489562988,46.9561767578125,143,93.01580810546875,0.0,46.44097900390625,141
2025-07-17T20:43:27.746418,1,2,"[0, 1, 2, 3, 4, 5, 7]",93.01580810546875,38.86540412902832,46.9561767578125,143,93.01580810546875,0.0,46.44097900390625,141
2025-07-17T20:43:27.749734,2,2,"[0, 1, 2, 3, 4, 5, 6, 7]",93.01580810546875,38.86540412902832,46.9561767578125,143,93.01580810546875,0.0,46.44097900390625,141
2025-07-17T20:43:27.756954,3,2,"[0, 1, 2, 3, 4, 5, 7]",93.01580810546875,38.86540412902832,46.9561767578125,143,93.01580810546875,0.0,46.44097900390625,141
2025-07-17T20:43:27.764542,4,2,"[0, 1, 2, 3, 4, 5, 7]",93.01580810546875,38.86540412902832,46.9561767578125,143,93.01580810546875,0.0,46.44097900390625,141
2025-07-17T20:43:27.771920,0,3,"[0, 1, 2, 3, 4, 5, 6, 7]",93.01580810546875,38.86540412902832,46.9561767578125,143,93.01580810546875,0.0,46.44097900390625,141
2025-07-17T20:43:27.779884,1,3,"[1, 2, 3, 4, 5, 6, 7]",93.01580810546875,38.86540412902832,46.9561767578125,143,93.01580810546875,0.0,46.44097900390625,141
2025-07-17T20:43:27.791740,2,3,"[0, 1, 3, 4, 5, 6, 7]",93.01580810546875,38.86540412902832,46.9561767578125,143,93.01580810546875,0.0,46.44097900390625,141
2025-07-17T20:43:27.793974,3,3,"[1, 2, 3, 4, 5, 6, 7]",93.01580810546875,38.86540412902832,46.9561767578125,143,93.01580810546875,0.0,46.44097900390625,141
2025-07-17T20:43:27.806099,4,3,"[1, 2, 3, 4, 5, 6, 7]",93.01580810546875,38.86540412902832,46.9561767578125,143,93.01580810546875,0.0,46.44097900390625,141
2025-07-17T20:43:27.808092,0,4,"[0, 1, 2, 3, 4, 5, 6, 7]",93.01580810546875,38.86540412902832,46.9561767578125,143,93.01580810546875,0.0,46.44097900390625,141
2025-07-17T20:43:27.815713,1,4,"[0, 1, 2, 3, 4, 5, 6]",93.01580810546875,38.86540412902832,46.9561767578125,143,93.01580810546875,0.0,46.44097900390625,141
2025-07-17T20:43:27.828151,2,4,"[0, 1, 2, 3, 4, 5, 6]",93.01580810546875,38.86540412902832,46.9561767578125,143,93.01580810546875,0.0,46.44097900390625,141
2025-07-17T20:43:27.831126,3,4,"[0, 1, 2, 3, 4, 5, 6]",93.01580810546875,38.86540412902832,46.9561767578125,143,93.01580810546875,0.0,46.44097900390625,141
2025-07-17T20:43:27.837511,4,4,"[0, 1, 2, 3, 4, 5, 6]",93.01580810546875,38.86540412902832,46.9561767578125,143,93.01580810546875,0.0,46.44097900390625,141
2025-07-17T20:43:27.849829,0,5,"[0, 1, 2, 3, 4, 5, 6, 7]",93.01580810546875,38.86540412902832,46.9561767578125,143,93.01580810546875,0.0,46.44097900390625,141
2025-07-17T20:43:27.851971,1,5,"[0, 1, 2, 3, 4, 5, 6, 7]",93.01580810546875,38.86540412902832,46.9561767578125,143,93.01580810546875,0.0,46.44097900390625,141
2025-07-17T20:43:27.858865,2,5,"[0, 1, 2, 3, 4, 5, 6, 7]",93.01580810546875,38.86540412902832,46.9561767578125,143,93.01580810546875,0.0,46.44097900390625,141
2025-07-17T20:43:27.866195,3,5,"[0, 1, 2, 3, 4, 5, 6, 7]",93.01580810546875,38.86540412902832,46.9561767578125,143,93.01580810546875,0.0,46.44097900390625,141
2025-07-17T20:43:27.872881,4,5,"[0, 1, 2, 3, 4, 5, 6, 7]",93.01580810546875,38.86540412902832,46.9561767578125,143,93.01580810546875,0.0,46.44097900390625,141
2025-07-17T20:43:27.880427,0,6,"[0, 1, 2, 3, 4, 5, 6, 7]",93.01580810546875,38.86540412902832,46.9561767578125,143,93.01580810546875,0.0,46.44097900390625,141
2025-07-17T20:43:27.887681,1,6,"[0, 1, 2, 3, 4, 5, 6, 7]",93.01580810546875,38.86540412902832,46.9561767578125,143,93.01580810546875,0.0,46.44097900390625,141
2025-07-17T20:43:27.899872,2,6,"[0, 1, 2, 3, 4, 6, 7]",93.01580810546875,38.86540412902832,46.9561767578125,143,93.01580810546875,0.0,46.44097900390625,141
2025-07-17T20:43:27.902035,3,6,"[0, 1, 2, 3, 4, 5, 6, 7]",93.01580810546875,38.86540412902832,46.9561767578125,143,93.01580810546875,0.0,46.44097900390625,141
2025-07-17T20:43:27.915291,4,6,"[0, 1, 2, 3, 4, 5, 6, 7]",93.01580810546875,38.86540412902832,46.9561767578125,143,93.01580810546875,0.0,46.44097900390625,141
2025-07-17T20:43:27.917662,0,7,"[1, 2, 3, 4, 5, 6, 7]",93.01580810546875,38.86540412902832,46.9561767578125,143,93.01580810546875,0.0,46.44097900390625,141
2025-07-17T20:43:27.924225,1,7,"[0, 1, 2, 3, 4, 5, 6, 7]",93.01580810546875,38.86540412902832,46.9561767578125,143,93.01580810546875,0.0,46.44097900390625,141
2025-07-17T20:43:27.932006,2,7,"[0, 1, 2, 3, 5, 6, 7]",93.01580810546875,38.86540412902832,46.9561767578125,143,93.01580810546875,0.0,46.44097900390625,141
2025-07-17T20:43:27.939554,3,7,"[0, 1, 2, 3, 4, 5, 6, 7]",93.01580810546875,38.86540412902832,46.9561767578125,143,93.01580810546875,0.0,46.44097900390625,141
2025-07-17T20:43:27.947281,4,7,"[0, 1, 2, 3, 4, 5, 6, 7]",93.01580810546875,38.86540412902832,46.9561767578125,143,93.01580810546875,0.0,46.44097900390625,141
2025-07-17T20:43:27.954614,0,8,"[0, 1, 2, 3, 4, 5, 6, 7]",93.01580810546875,38.86540412902832,46.9561767578125,143,93.01580810546875,0.0,46.44097900390625,141
2025-07-17T20:43:27.965045,1,8,"[0, 1, 2, 3, 4, 5, 6, 7]",93.01580810546875,38.86540412902832,46.9561767578125,143,93.01580810546875,0.0,46.44097900390625,141
2025-07-17T20:43:27.973170,2,8,"[0, 1, 2, 3, 4, 5, 6, 7]",93.01580810546875,38.86540412902832,46.9561767578125,143,93.01580810546875,0.0,46.44097900390625,141
2025-07-17T20:43:27.975561,3,8,"[0, 1, 2, 3, 4, 5, 6, 7]",93.01580810546875,38.86540412902832,46.9561767578125,143,93.01580810546875,0.0,46.44097900390625,141
2025-07-17T20:43:27.987129,4,8,"[0, 1, 2, 3, 4, 5, 6, 7]",93.01580810546875,38.86540412902832,46.9561767578125,143,93.01580810546875,0.0,46.44097900390625,141
2025-07-17T20:43:27.994350,0,9,"[0, 1, 2, 3, 4, 5, 6, 7]",93.01580810546875,38.86540412902832,46.9561767578125,143,93.01580810546875,0.0,46.44097900390625,141
2025-07-17T20:43:28.001151,1,9,"[0, 1, 2, 4, 5, 6, 7]",93.01580810546875,38.86540412902832,46.9561767578125,143,93.01580810546875,0.0,46.44097900390625,141
2025-07-17T20:43:28.007831,2,9,"[0, 1, 2, 4, 5, 6, 7]",93.01580810546875,38.86540412902832,46.9561767578125,143,93.01580810546875,0.0,46.44097900390625,141
2025-07-17T20:43:28.014879,3,9,"[0, 1, 2, 4, 5, 6, 7]",93.01580810546875,38.86540412902832,46.9561767578125,143,93.01580810546875,0.0,46.44097900390625,141
2025-07-17T20:43:28.022233,4,9,"[0, 1, 2, 4, 5, 6, 7]",93.01580810546875,38.86540412902832,46.9561767578125,143,93.01580810546875,0.0,46.44097900390625,141
2025-07-17T20:43:28.029538,0,10,"[0, 1, 2, 3, 4, 5, 6, 7]",93.01580810546875,38.86540412902832,46.9561767578125,143,93.01580810546875,0.0,46.44097900390625,141
2025-07-17T20:43:28.037247,1,10,"[0, 1, 2, 3, 4, 5, 6, 7]",93.01580810546875,38.86540412902832,46.9561767578125,143,93.01580810546875,0.0,46.44097900390625,141
2025-07-17T20:43:28.044070,2,10,"[0, 1, 2, 3, 4, 5, 6, 7]",93.01580810546875,38.86540412902832,46.9561767578125,143,93.01580810546875,0.0,46.44097900390625,141
2025-07-17T20:43:28.050752,3,10,"[0, 1, 2, 3, 4, 5, 6, 7]",93.01580810546875,38.86540412902832,46.9561767578125,143,93.01580810546875,0.0,46.44097900390625,141
2025-07-17T20:43:28.060010,4,10,"[0, 1, 2, 3, 4, 5, 6, 7]",93.01580810546875,38.86540412902832,46.9561767578125,143,93.01580810546875,0.0,46.44097900390625,141
2025-07-17T20:43:28.067414,0,11,"[0, 1, 2, 3, 4, 5, 6, 7]",93.01580810546875,38.86482238769531,46.9561767578125,143,93.01580810546875,0.0,46.44097900390625,141
2025-07-17T20:43:28.070135,1,11,"[0, 1, 2, 4, 5, 6, 7]",93.01580810546875,38.86456489562988,46.9561767578125,143,93.01580810546875,0.0,46.44097900390625,141
2025-07-17T20:43:28.077619,2,11,"[0, 1, 2, 3, 4, 5, 6, 7]",93.01580810546875,38.86456489562988,46.9561767578125,143,93.01580810546875,0.0,46.44097900390625,141
2025-07-17T20:43:28.084174,3,11,"[0, 1, 2, 4, 5, 6, 7]",93.01580810546875,38.86456489562988,46.9561767578125,143,93.01580810546875,0.0,46.44097900390625,141
2025-07-17T20:43:28.090731,4,11,"[0, 1, 2, 4, 5, 6, 7]",93.01580810546875,38.86540412902832,46.9561767578125,143,93.01580810546875,0.0,46.44097900390625,141
2025-07-17T20:43:28.097433,0,12,"[0, 1, 2, 3, 4, 5, 6, 7]",93.01580810546875,38.86540412902832,46.9561767578125,143,93.01580810546875,0.0,46.44097900390625,141
2025-07-17T20:43:28.104443,1,12,"[0, 1, 2, 3, 4, 5, 6]",93.01580810546875,38.86540412902832,46.9561767578125,143,93.01580810546875,0.0,46.44097900390625,141
2025-07-17T20:43:28.110908,2,12,"[0, 1, 2, 3, 4, 5, 6, 7]",93.01580810546875,38.86540412902832,46.9561767578125,143,93.01580810546875,0.0,46.44097900390625,141
2025-07-17T20:43:28.118114,3,12,"[0, 1, 2, 3, 4, 5, 6]",93.01580810546875,38.86540412902832,46.9561767578125,143,93.01580810546875,0.0,46.44097900390625,141
2025-07-17T20:43:28.124987,4,12,"[0, 1, 2, 3, 4, 5, 6]",93.01580810546875,38.86540412902832,46.9561767578125,143,93.01580810546875,0.0,46.44097900390625,141
2025-07-17T20:43:28.132026,0,13,"[0, 1, 2, 3, 4, 5, 6, 7]",93.01580810546875,38.86540412902832,46.9561767578125,143,93.01580810546875,0.0,46.44097900390625,141
2025-07-17T20:43:28.143740,1,13,"[0, 1, 2, 3, 4, 5, 6, 7]",93.01580810546875,38.86540412902832,46.9561767578125,143,93.01580810546875,0.0,46.44097900390625,141
2025-07-17T20:43:28.150513,2,13,"[0, 1, 2, 3, 5, 6, 7]",93.01580810546875,38.86540412902832,46.9561767578125,143,93.01580810546875,0.0,46.44097900390625,141
2025-07-17T20:43:28.157484,3,13,"[0, 1, 2, 3, 4, 5, 6, 7]",93.01580810546875,38.86540412902832,46.9561767578125,143,93.01580810546875,0.0,46.44097900390625,141
2025-07-17T20:43:28.165444,4,13,"[0, 1, 2, 3, 4, 5, 6, 7]",93.01580810546875,38.86540412902832,46.9561767578125,143,93.01580810546875,0.0,46.44097900390625,141
2025-07-17T20:43:28.173052,0,14,"[0, 1, 2, 3, 4, 5, 6, 7]",93.01580810546875,38.86540412902832,46.9561767578125,143,93.01580810546875,0.0,46.44097900390625,141
2025-07-17T20:43:28.180024,1,14,"[0, 3, 4, 5, 6, 7]",93.01580810546875,38.86540412902832,46.9561767578125,143,93.01580810546875,0.0,46.44097900390625,141
2025-07-17T20:43:28.182636,2,14,"[0, 1, 2, 3, 4, 5, 6, 7]",93.01580810546875,38.86540412902832,46.9561767578125,143,93.01580810546875,0.0,46.44097900390625,141
2025-07-17T20:43:28.189595,3,14,"[0, 3, 4, 5, 6, 7]",93.01580810546875,38.86540412902832,46.9561767578125,143,93.01580810546875,0.0,46.44097900390625,141
2025-07-17T20:43:28.197413,4,14,"[0, 3, 4, 5, 6, 7]",93.01580810546875,38.86540412902832,46.9561767578125,143,93.01580810546875,0.0,46.44097900390625,141
2025-07-17T20:43:28.205527,0,15,"[0, 1, 2, 3, 4, 5, 6, 7]",93.01580810546875,38.86540412902832,46.9561767578125,143,93.01580810546875,0.0,46.44097900390625,141
2025-07-17T20:43:28.212451,1,15,"[0, 1, 2, 3, 4, 5, 6, 7]",93.01580810546875,38.86540412902832,46.9561767578125,143,93.01580810546875,0.0,46.44097900390625,141
2025-07-17T20:43:28.225053,2,15,"[0, 1, 2, 3, 4, 5, 6, 7]",93.01580810546875,38.86540412902832,46.9561767578125,143,93.01580810546875,0.0,46.44097900390625,141
2025-07-17T20:43:28.227426,3,15,"[0, 1, 2, 3, 4, 5, 6, 7]",93.01580810546875,38.86540412902832,46.9561767578125,143,93.01580810546875,0.0,46.44097900390625,141
2025-07-17T20:43:28.239597,4,15,"[0, 1, 2, 3, 4, 5, 6, 7]",93.01580810546875,38.86540412902832,46.9561767578125,143,93.01580810546875,0.0,46.44097900390625,141
2025-07-17T20:43:28.241928,0,16,"[0, 1, 2, 3, 4, 5, 6, 7]",93.01580810546875,38.86540412902832,46.9561767578125,143,93.01580810546875,0.0,46.44097900390625,141
2025-07-17T20:43:28.249703,1,16,"[0, 1, 2, 3, 4, 5, 6, 7]",93.01580810546875,38.86540412902832,46.9561767578125,143,93.01580810546875,0.0,46.44097900390625,141
2025-07-17T20:43:28.262079,2,16,"[0, 1, 2, 3, 4, 5, 6, 7]",93.01580810546875,38.86540412902832,46.9561767578125,143,93.01580810546875,0.0,46.44097900390625,141
2025-07-17T20:43:28.264552,3,16,"[0, 1, 2, 3, 4, 5, 6, 7]",93.01580810546875,38.86540412902832,46.9561767578125,143,93.01580810546875,0.0,46.44097900390625,141
2025-07-17T20:43:28.271779,4,16,"[0, 1, 2, 3, 4, 5, 6, 7]",93.01580810546875,38.86540412902832,46.9561767578125,143,93.01580810546875,0.0,46.44097900390625,141
2025-07-17T20:43:28.284145,0,17,"[0, 1, 2, 3, 4, 5, 6, 7]",93.01580810546875,38.86540412902832,46.9561767578125,143,93.01580810546875,0.0,46.44097900390625,141
2025-07-17T20:43:28.286438,1,17,"[0, 1, 2, 3, 4, 5, 6, 7]",93.01580810546875,38.86540412902832,46.9561767578125,143,93.01580810546875,0.0,46.44097900390625,141
2025-07-17T20:43:28.299805,2,17,"[0, 1, 2, 3, 4, 5, 6, 7]",93.01580810546875,38.86540412902832,46.9561767578125,143,93.01580810546875,0.0,46.44097900390625,141
2025-07-17T20:43:28.302652,3,17,"[0, 1, 2, 3, 4, 5, 6, 7]",93.01580810546875,38.86540412902832,46.9561767578125,143,93.01580810546875,0.0,46.44097900390625,141
2025-07-17T20:43:28.314865,4,17,"[0, 1, 2, 3, 4, 5, 6, 7]",93.01580810546875,38.86540412902832,46.9561767578125,143,93.01580810546875,0.0,46.44097900390625,141
2025-07-17T20:43:28.317559,0,18,"[0, 1, 2, 3, 4, 5, 6, 7]",93.01580810546875,38.86540412902832,46.9561767578125,143,93.01580810546875,0.0,46.44097900390625,141
2025-07-17T20:43:28.326020,1,18,"[0, 1, 2, 3, 4, 5, 6, 7]",93.01580810546875,38.86540412902832,46.9561767578125,143,93.01580810546875,0.0,46.44097900390625,141
2025-07-17T20:43:28.332169,2,18,"[0, 1, 2, 3, 4, 5, 6, 7]",93.01580810546875,38.86540412902832,46.9561767578125,143,93.01580810546875,0.0,46.44097900390625,141
2025-07-17T20:43:28.339259,3,18,"[0, 1, 2, 3, 4, 5, 6, 7]",93.01580810546875,38.86540412902832,46.9561767578125,143,93.01580810546875,0.0,46.44097900390625,141
2025-07-17T20:43:28.345787,4,18,"[0, 1, 2, 3, 4, 5, 6, 7]",93.01580810546875,38.86540412902832,46.9561767578125,143,93.01580810546875,0.0,46.44097900390625,141
2025-07-17T20:43:28.357691,0,19,"[0, 1, 2, 3, 4, 5, 6, 7]",93.01580810546875,38.86540412902832,46.9561767578125,143,93.01580810546875,0.0,46.44097900390625,141
2025-07-17T20:43:28.360543,1,19,"[0, 1, 2, 3, 4, 5, 6, 7]",93.01580810546875,38.86540412902832,46.9561767578125,143,93.01580810546875,0.0,46.44097900390625,141
2025-07-17T20:43:28.367127,2,19,"[0, 1, 2, 3, 4, 5, 6, 7]",93.01580810546875,38.86540412902832,46.9561767578125,143,93.01580810546875,0.0,46.44097900390625,141
2025-07-17T20:43:28.373702,3,19,"[0, 1, 2, 3, 4, 5, 6, 7]",93.01580810546875,38.86540412902832,46.9561767578125,143,93.01580810546875,0.0,46.44097900390625,141
2025-07-17T20:43:28.382594,4,19,"[0, 1, 2, 3, 4, 5, 6, 7]",93.01580810546875,38.86540412902832,46.9561767578125,143,93.01580810546875,0.0,46.44097900390625,141
2025-07-17T20:43:28.389164,0,20,"[0, 1, 2, 3, 4, 5, 6, 7]",93.01580810546875,38.86540412902832,46.9561767578125,143,93.01580810546875,0.0,46.44097900390625,141
2025-07-17T20:43:28.395742,1,20,"[0, 1, 2, 3, 4, 5, 6, 7]",93.01580810546875,38.86540412902832,46.9561767578125,143,93.01580810546875,0.0,46.44097900390625,141
2025-07-17T20:43:28.403492,2,20,"[0, 1, 2, 3, 4, 5, 6, 7]",93.01580810546875,38.86540412902832,46.9561767578125,143,93.01580810546875,0.0,46.44097900390625,141
2025-07-17T20:43:28.410061,3,20,"[0, 1, 2, 3, 4, 5, 6, 7]",93.01580810546875,38.86540412902832,46.9561767578125,143,93.01580810546875,0.0,46.44097900390625,141
2025-07-17T20:43:28.417996,4,20,"[0, 1, 2, 3, 4, 5, 6, 7]",93.01580810546875,38.86540412902832,46.9561767578125,143,93.01580810546875,0.0,46.44097900390625,141
2025-07-17T20:43:28.425145,0,21,"[0, 1, 2, 3, 4, 5, 6, 7]",93.01580810546875,38.86540412902832,46.9561767578125,143,93.01580810546875,0.0,46.44097900390625,141
2025-07-17T20:43:28.432966,1,21,"[0, 1, 2, 3, 4, 5, 6, 7]",93.01580810546875,38.86540412902832,46.9561767578125,143,93.01580810546875,0.0,46.44097900390625,141
2025-07-17T20:43:28.445255,2,21,"[0, 1, 2, 3, 4, 5, 6, 7]",93.01580810546875,38.86540412902832,46.9561767578125,143,93.01580810546875,0.0,46.44097900390625,141
2025-07-17T20:43:28.447750,3,21,"[0, 1, 2, 3, 4, 5, 6, 7]",93.01580810546875,38.86540412902832,46.9561767578125,143,93.01580810546875,0.0,46.44097900390625,141
2025-07-17T20:43:28.461172,4,21,"[0, 1, 2, 3, 4, 5, 6, 7]",93.01580810546875,38.86540412902832,46.9561767578125,143,93.01580810546875,0.0,46.44097900390625,141
2025-07-17T20:43:28.463964,0,22,"[0, 1, 2, 3, 4, 5, 6, 7]",93.01580810546875,38.86540412902832,46.9561767578125,143,93.01580810546875,0.0,46.44097900390625,141
2025-07-17T20:43:28.471355,1,22,"[1, 2, 3, 4, 5, 6, 7]",93.01580810546875,38.86540412902832,46.9561767578125,143,93.01580810546875,0.0,46.44097900390625,141
2025-07-17T20:43:28.478398,2,22,"[0, 1, 2, 3, 4, 5, 6, 7]",93.01580810546875,38.86540412902832,46.9561767578125,143,93.01580810546875,0.0,46.44097900390625,141
2025-07-17T20:43:28.484896,3,22,"[1, 2, 3, 4, 5, 6, 7]",93.01580810546875,38.86540412902832,46.9561767578125,143,93.01580810546875,0.0,46.44097900390625,141
2025-07-17T20:43:28.498190,4,22,"[1, 2, 3, 4, 5, 6, 7]",93.01580810546875,38.86540412902832,46.9561767578125,143,93.01580810546875,0.0,46.44097900390625,141
2025-07-17T20:43:28.500071,0,23,"[0, 1, 2, 3, 4, 5, 6, 7]",93.01580810546875,38.86540412902832,46.9561767578125,143,93.01580810546875,0.0,46.44097900390625,141
2025-07-17T20:43:28.506911,1,23,"[0, 1, 2, 3, 4, 5, 6]",93.01580810546875,38.86540412902832,46.9561767578125,143,93.01580810546875,0.0,46.44097900390625,141
2025-07-17T20:43:28.513720,2,23,"[0, 1, 2, 3, 4, 5, 6, 7]",93.01580810546875,38.86540412902832,46.9561767578125,143,93.01580810546875,0.0,46.44097900390625,141
2025-07-17T20:43:28.521547,3,23,"[0, 1, 2, 3, 4, 5, 6]",93.01580810546875,38.86540412902832,46.9561767578125,143,93.01580810546875,0.0,46.44097900390625,141
2025-07-17T20:43:28.529321,4,23,"[0, 1, 2, 3, 4, 5, 6]",93.01580810546875,38.86540412902832,46.9561767578125,143,93.01580810546875,0.0,46.44097900390625,141
2025-07-17T20:43:28.535832,0,24,"[0, 1, 2, 3, 4, 5, 6, 7]",93.01580810546875,38.86540412902832,46.9561767578125,143,93.01580810546875,0.0,46.44097900390625,141
2025-07-17T20:43:28.542987,1,24,"[0, 1, 3, 4, 5, 6, 7]",93.01580810546875,38.86540412902832,46.9561767578125,143,93.01580810546875,0.0,46.44097900390625,141
2025-07-17T20:43:28.551025,2,24,"[0, 1, 2, 3, 4, 5, 6, 7]",93.01580810546875,38.86540412902832,46.9561767578125,143,93.01580810546875,0.0,46.44097900390625,141
2025-07-17T20:43:28.557734,3,24,"[0, 1, 3, 4, 5, 6, 7]",93.01580810546875,38.86540412902832,46.9561767578125,143,93.01580810546875,0.0,46.44097900390625,141
2025-07-17T20:43:28.564414,4,24,"[0, 1, 3, 4, 5, 6, 7]",93.01580810546875,38.86540412902832,46.9561767578125,143,93.01580810546875,0.0,46.44097900390625,141
2025-07-17T20:43:28.570776,0,25,"[0, 1, 2, 3, 4, 5, 6, 7]",93.01580810546875,38.86540412902832,46.9561767578125,143,93.01580810546875,0.0,46.44097900390625,141
2025-07-17T20:43:28.577619,1,25,"[0, 1, 2, 3, 4, 5, 6, 7]",93.01580810546875,38.86540412902832,46.9561767578125,143,93.01580810546875,0.0,46.44097900390625,141
2025-07-17T20:43:28.588865,2,25,"[0, 1, 2, 3, 4, 5, 6, 7]",93.01580810546875,38.86540412902832,46.9561767578125,143,93.01580810546875,0.0,46.44097900390625,141
2025-07-17T20:43:28.590986,3,25,"[0, 1, 2, 3, 4, 5, 6, 7]",93.01580810546875,38.86540412902832,46.9561767578125,143,93.01580810546875,0.0,46.44097900390625,141
2025-07-17T20:43:28.598315,4,25,"[0, 1, 2, 3, 4, 5, 6, 7]",93.01580810546875,38.86540412902832,46.9561767578125,143,93.01580810546875,0.0,46.44097900390625,141
2025-07-17T20:43:28.605131,0,26,"[0, 1, 2, 3, 4, 5, 6, 7]",93.01580810546875,38.86540412902832,46.9561767578125,143,93.01580810546875,0.0,46.44097900390625,141
2025-07-17T20:43:28.611683,1,26,"[0, 1, 2, 3, 4, 5, 6, 7]",93.01580810546875,38.86540412902832,46.9561767578125,143,93.01580810546875,0.0,46.44097900390625,141
2025-07-17T20:43:28.618599,2,26,"[0, 1, 2, 3, 4, 5, 6, 7]",93.01580810546875,38.86540412902832,46.9561767578125,143,93.01580810546875,0.0,46.44097900390625,141
2025-07-17T20:43:28.624934,3,26,"[0, 1, 2, 3, 4, 5, 6, 7]",93.01580810546875,38.86540412902832,46.9561767578125,143,93.01580810546875,0.0,46.44097900390625,141
2025-07-17T20:43:28.631751,4,26,"[0, 1, 2, 3, 4, 5, 6, 7]",93.01580810546875,38.86540412902832,46.9561767578125,143,93.01580810546875,0.0,46.44097900390625,141
2025-07-17T20:43:28.644484,0,27,"[0, 1, 2, 3, 4, 5, 6, 7]",93.01580810546875,38.86540412902832,46.9561767578125,143,93.01580810546875,0.0,46.44097900390625,141
2025-07-17T20:43:28.647704,1,27,"[0, 1, 2, 3, 4, 5, 6, 7]",93.01580810546875,38.86540412902832,46.9561767578125,143,93.01580810546875,0.0,46.44097900390625,141
2025-07-17T20:43:28.653615,2,27,"[0, 1, 2, 3, 4, 5, 6, 7]",93.01580810546875,38.86540412902832,46.9561767578125,143,93.01580810546875,0.0,46.44097900390625,141
2025-07-17T20:43:28.661901,3,27,"[0, 1, 2, 3, 4, 5, 6, 7]",93.01580810546875,38.86540412902832,46.9561767578125,143,93.01580810546875,0.0,46.44097900390625,141
2025-07-17T20:43:28.674250,4,27,"[0, 1, 2, 3, 4, 5, 6, 7]",93.01580810546875,38.86540412902832,46.9561767578125,143,93.01580810546875,0.0,46.44097900390625,141
2025-07-17T20:43:28.682033,0,28,"[0, 1, 2, 3, 4, 5, 6, 7]",93.01580810546875,38.86540412902832,46.9561767578125,143,93.01580810546875,0.0,46.44097900390625,141
2025-07-17T20:43:28.688593,1,28,"[1, 2, 3, 4, 5, 6, 7]",93.01580810546875,38.86540412902832,46.9561767578125,143,93.01580810546875,0.0,46.44097900390625,141
2025-07-17T20:43:28.697152,2,28,"[0, 1, 2, 3, 4, 5, 6, 7]",93.01580810546875,38.86540412902832,46.9561767578125,143,93.01580810546875,0.0,46.44097900390625,141
2025-07-17T20:43:28.705071,3,28,"[1, 2, 3, 4, 5, 6, 7]",93.01580810546875,38.86540412902832,46.9561767578125,143,93.01580810546875,0.0,46.44097900390625,141
2025-07-17T20:43:28.707272,4,28,"[1, 2, 3, 4, 5, 6, 7]",93.01580810546875,38.86540412902832,46.9561767578125,143,93.01580810546875,0.0,46.44097900390625,141
2025-07-17T20:43:28.719173,0,29,"[0, 1, 2, 3, 4, 5, 6, 7]",93.01580810546875,38.86540412902832,46.9561767578125,143,93.01580810546875,0.0,46.44097900390625,141
2025-07-17T20:43:28.721023,1,29,"[0, 1, 2, 3, 4, 5, 7]",93.01580810546875,38.86540412902832,46.9561767578125,143,93.01580810546875,0.0,46.44097900390625,141
2025-07-17T20:43:28.728677,2,29,"[0, 1, 2, 3, 4, 5, 6, 7]",93.01580810546875,38.86540412902832,46.9561767578125,143,93.01580810546875,0.0,46.44097900390625,141
2025-07-17T20:43:28.735159,3,29,"[0, 1, 2, 3, 4, 5, 7]",93.01580810546875,38.86540412902832,46.9561767578125,143,93.01580810546875,0.0,46.44097900390625,141
2025-07-17T20:43:28.742798,4,29,"[0, 1, 2, 3, 4, 5, 7]",93.01580810546875,38.86540412902832,46.9561767578125,143,93.01580810546875,0.0,46.44097900390625,141
2025-07-17T20:43:28.748823,0,30,"[0, 1, 2, 3, 4, 5, 6, 7]",93.01580810546875,38.86540412902832,46.9561767578125,143,93.01580810546875,0.0,46.44097900390625,141
2025-07-17T20:43:28.755547,1,30,"[0, 2, 3, 4, 5, 6, 7]",93.01580810546875,38.86540412902832,46.9561767578125,143,93.01580810546875,0.0,46.44097900390625,141
2025-07-17T20:43:28.762081,2,30,"[0, 1, 2, 3, 4, 5, 7]",93.01580810546875,38.86540412902832,46.9561767578125,143,93.01580810546875,0.0,46.44097900390625,141
2025-07-17T20:43:28.769124,3,30,"[0, 2, 3, 4, 5, 6, 7]",93.01580810546875,38.86540412902832,46.9561767578125,143,93.01580810546875,0.0,46.44097900390625,141
2025-07-17T20:43:28.775503,4,30,"[0, 2, 3, 4, 5, 6, 7]",93.01580810546875,38.86540412902832,46.9561767578125,143,93.01580810546875,0.0,46.44097900390625,141
2025-07-17T20:43:28.783992,0,31,"[0, 1, 2, 3, 4, 5, 7]",93.01580810546875,38.87287998199463,46.9561767578125,143,93.01580810546875,0.0,46.44097900390625,141
2025-07-17T20:43:28.791851,1,31,"[0, 1, 2, 4, 5, 7]",93.01580810546875,38.86967182159424,46.9561767578125,143,93.01580810546875,0.0,46.44097900390625,141
2025-07-17T20:43:28.799497,2,31,"[0, 1, 2, 3, 4, 5, 6, 7]",93.01580810546875,38.867045402526855,46.9561767578125,143,93.01580810546875,0.0,46.44097900390625,141
2025-07-17T20:43:28.807799,3,31,"[0, 1, 2, 4, 5, 7]",93.01580810546875,38.863837242126465,46.9561767578125,143,93.01580810546875,0.0,46.44097900390625,141
2025-07-17T20:43:28.815572,4,31,"[0, 1, 2, 4, 5, 7]",93.01580810546875,38.86002254486084,46.9561767578125,143,93.01580810546875,0.0,46.44097900390625,141
2025-07-17T20:43:28.831186,0,0,"[0, 1, 2, 3, 4, 5, 6, 7]",93.01580810546875,38.85531425476074,46.9561767578125,143,93.01580810546875,0.0,46.44097900390625,141
2025-07-17T20:43:28.833747,1,0,"[0, 1, 2, 3, 4, 5, 6, 7]",93.01580810546875,38.85852241516113,46.9561767578125,143,93.01580810546875,0.0,46.44097900390625,141
2025-07-17T20:43:28.841294,2,0,"[0, 1, 2, 3, 4, 5, 6, 7]",93.01580810546875,38.86149787902832,46.9561767578125,143,93.01580810546875,0.0,46.44097900390625,141
2025-07-17T20:43:28.848746,3,0,"[0, 1, 2, 3, 4, 5, 6, 7]",93.01580810546875,38.86438179016113,46.9561767578125,143,93.01580810546875,0.0,46.44097900390625,141
2025-07-17T20:43:28.856913,4,0,"[0, 1, 2, 3, 4, 5, 6, 7]",93.01580810546875,38.86540412902832,46.9561767578125,143,93.01580810546875,0.0,46.44097900390625,141
2025-07-17T20:43:28.867668,0,1,"[0, 1, 2, 3, 4, 5, 6, 7]",93.01580810546875,38.86540412902832,46.9561767578125,143,93.01580810546875,0.0,46.44097900390625,141
2025-07-17T20:43:28.874371,1,1,"[0, 1, 2, 3, 4, 5, 6, 7]",93.01580810546875,38.86540412902832,46.9561767578125,143,93.01580810546875,0.0,46.44097900390625,141
2025-07-17T20:43:28.881784,2,1,"[0, 1, 2, 4, 5, 6, 7]",93.01580810546875,38.86540412902832,46.9561767578125,143,93.01580810546875,0.0,46.44097900390625,141
2025-07-17T20:43:28.888587,3,1,"[0, 1, 2, 3, 4, 5, 6, 7]",93.01580810546875,38.86540412902832,46.9561767578125,143,93.01580810546875,0.0,46.44097900390625,141
2025-07-17T20:43:28.895304,4,1,"[0, 1, 2, 3, 4, 5, 6, 7]",93.01580810546875,38.86540412902832,46.9561767578125,143,93.01580810546875,0.0,46.44097900390625,141
2025-07-17T20:43:28.902456,0,2,"[0, 1, 2, 3, 4, 5, 6, 7]",93.01580810546875,38.86540412902832,46.9561767578125,143,93.01580810546875,0.0,46.44097900390625,141
2025-07-17T20:43:28.909724,1,2,"[0, 1, 2, 3, 4, 5, 6, 7]",93.01580810546875,38.86540412902832,46.9561767578125,143,93.01580810546875,0.0,46.44097900390625,141
2025-07-17T20:43:28.912475,2,2,"[0, 1, 2, 3, 4, 5, 6, 7]",93.01580810546875,38.86540412902832,46.9561767578125,143,93.01580810546875,0.0,46.44097900390625,141
2025-07-17T20:43:28.923394,3,2,"[0, 1, 2, 3, 4, 5, 6, 7]",93.01580810546875,38.86540412902832,46.9561767578125,143,93.01580810546875,0.0,46.44097900390625,141
2025-07-17T20:43:28.930189,4,2,"[0, 1, 2, 3, 4, 5, 6, 7]",93.01580810546875,38.86540412902832,46.9561767578125,143,93.01580810546875,0.0,46.44097900390625,141
2025-07-17T20:43:28.937769,0,3,"[0, 1, 2, 3, 4, 5, 6, 7]",93.01580810546875,38.86540412902832,46.9561767578125,143,93.01580810546875,0.0,46.44097900390625,141
2025-07-17T20:43:28.945403,1,3,"[0, 1, 2, 3, 4, 5, 6, 7]",93.01580810546875,38.86540412902832,46.9561767578125,143,93.01580810546875,0.0,46.44097900390625,141
2025-07-17T20:43:28.948024,2,3,"[0, 1, 2, 3, 4, 5, 6, 7]",93.01580810546875,38.86540412902832,46.9561767578125,143,93.01580810546875,0.0,46.44097900390625,141
2025-07-17T20:43:28.960431,3,3,"[0, 1, 2, 3, 4, 5, 6, 7]",93.01580810546875,38.86540412902832,46.9561767578125,143,93.01580810546875,0.0,46.44097900390625,141
2025-07-17T20:43:28.962672,4,3,"[0, 1, 2, 3, 4, 5, 6, 7]",93.01580810546875,38.86540412902832,46.9561767578125,143,93.01580810546875,0.0,46.44097900390625,141
2025-07-17T20:43:28.974221,0,4,"[0, 1, 2, 3, 4, 5, 6, 7]",93.01580810546875,38.86540412902832,46.9561767578125,143,93.01580810546875,0.0,46.44097900390625,141
2025-07-17T20:43:28.982506,1,4,"[0, 1, 2, 3, 4, 5, 6, 7]",93.01580810546875,38.86540412902832,46.9561767578125,143,93.01580810546875,0.0,46.44097900390625,141
2025-07-17T20:43:28.985018,2,4,"[0, 1, 2, 3, 4, 5, 6, 7]",93.01580810546875,38.86540412902832,46.9561767578125,143,93.01580810546875,0.0,46.44097900390625,141
2025-07-17T20:43:28.997348,3,4,"[0, 1, 2, 3, 4, 5, 6, 7]",93.01580810546875,38.86540412902832,46.9561767578125,143,93.01580810546875,0.0,46.44097900390625,141
2025-07-17T20:43:28.999754,4,4,"[0, 1, 2, 3, 4, 5, 6, 7]",93.01580810546875,38.86540412902832,46.9561767578125,143,93.01580810546875,0.0,46.44097900390625,141
2025-07-17T20:43:29.006359,0,5,"[0, 1, 2, 3, 4, 5, 6, 7]",93.01580810546875,38.86540412902832,46.9561767578125,143,93.01580810546875,0.0,46.44097900390625,141
2025-07-17T20:43:29.013991,1,5,"[0, 1, 2, 3, 4, 5, 6, 7]",93.01580810546875,38.86540412902832,46.9561767578125,143,93.01580810546875,0.0,46.44097900390625,141
2025-07-17T20:43:29.021195,2,5,"[0, 1, 2, 3, 4, 5, 6, 7]",93.01580810546875,38.86540412902832,46.9561767578125,143,93.01580810546875,0.0,46.44097900390625,141
2025-07-17T20:43:29.028724,3,5,"[0, 1, 2, 3, 4, 5, 6, 7]",93.01580810546875,38.86540412902832,46.9561767578125,143,93.01580810546875,0.0,46.44097900390625,141
2025-07-17T20:43:29.035945,4,5,"[0, 1, 2, 3, 4, 5, 6, 7]",93.01580810546875,38.86540412902832,46.9561767578125,143,93.01580810546875,0.0,46.44097900390625,141
2025-07-17T20:43:29.043236,0,6,"[0, 1, 2, 3, 4, 5, 6, 7]",93.01580810546875,38.86540412902832,46.9561767578125,143,93.01580810546875,0.0,46.44097900390625,141
2025-07-17T20:43:29.050212,1,6,"[0, 1, 2, 3, 4, 5, 6, 7]",93.01580810546875,38.86540412902832,46.9561767578125,143,93.01580810546875,0.0,46.44097900390625,141
2025-07-17T20:43:29.058248,2,6,"[0, 1, 2, 3, 4, 5, 6, 7]",93.01580810546875,38.86540412902832,46.9561767578125,143,93.01580810546875,0.0,46.44097900390625,141
2025-07-17T20:43:29.065911,3,6,"[0, 1, 2, 3, 4, 5, 6, 7]",93.01580810546875,38.86540412902832,46.9561767578125,143,93.01580810546875,0.0,46.44097900390625,141
2025-07-17T20:43:29.074583,4,6,"[0, 1, 2, 3, 4, 5, 6, 7]",93.01580810546875,38.86540412902832,46.9561767578125,143,93.01580810546875,0.0,46.44097900390625,141
2025-07-17T20:43:29.082067,0,7,"[0, 1, 2, 3, 4, 5, 6, 7]",93.01580810546875,38.86540412902832,46.9561767578125,143,93.01580810546875,0.0,46.44097900390625,141
2025-07-17T20:43:29.088491,1,7,"[0, 1, 2, 3, 4, 5, 6, 7]",93.01580810546875,38.86540412902832,46.9561767578125,143,93.01580810546875,0.0,46.44097900390625,141
2025-07-17T20:43:29.102093,2,7,"[1, 2, 3, 4, 5, 6, 7]",93.01580810546875,38.86540412902832,46.9561767578125,143,93.01580810546875,0.0,46.44097900390625,141
2025-07-17T20:43:29.104342,3,7,"[0, 1, 2, 3, 4, 5, 6, 7]",93.01580810546875,38.86540412902832,46.9561767578125,143,93.01580810546875,0.0,46.44097900390625,141
2025-07-17T20:43:29.111590,4,7,"[0, 1, 2, 3, 4, 5, 6, 7]",93.01580810546875,38.86540412902832,46.9561767578125,143,93.01580810546875,0.0,46.44097900390625,141
2025-07-17T20:43:29.118537,0,8,"[0, 1, 2, 3, 4, 5, 6, 7]",93.01580810546875,38.86540412902832,46.9561767578125,143,93.01580810546875,0.0,46.44097900390625,141
2025-07-17T20:43:29.126147,1,8,"[1, 2, 3, 4, 5, 6, 7]",93.01580810546875,38.86540412902832,46.9561767578125,143,93.01580810546875,0.0,46.44097900390625,141
2025-07-17T20:43:29.132861,2,8,"[0, 1, 2, 3, 4, 5, 6, 7]",93.01580810546875,38.86540412902832,46.9561767578125,143,93.01580810546875,0.0,46.44097900390625,141
2025-07-17T20:43:29.140492,3,8,"[1, 2, 3, 4, 5, 6, 7]",93.01580810546875,38.86540412902832,46.9561767578125,143,93.01580810546875,0.0,46.44097900390625,141
2025-07-17T20:43:29.147156,4,8,"[1, 2, 3, 4, 5, 6, 7]",93.01580810546875,38.86540412902832,46.9561767578125,143,93.01580810546875,0.0,46.44097900390625,141
2025-07-17T20:43:29.153857,0,9,"[0, 1, 2, 3, 4, 5, 6, 7]",93.01580810546875,38.86540412902832,46.9561767578125,143,93.01580810546875,0.0,46.44097900390625,141
2025-07-17T20:43:29.161173,1,9,"[0, 1, 2, 3, 4, 5, 6, 7]",93.01580810546875,38.86540412902832,46.9561767578125,143,93.01580810546875,0.0,46.44097900390625,141
2025-07-17T20:43:29.173044,2,9,"[0, 1, 2, 3, 4, 5, 6, 7]",93.01580810546875,38.86540412902832,46.9561767578125,143,93.01580810546875,0.0,46.44097900390625,141
2025-07-17T20:43:29.180540,3,9,"[0, 1, 2, 3, 4, 5, 6, 7]",93.01580810546875,38.86540412902832,46.9561767578125,143,93.01580810546875,0.0,46.44097900390625,141
2025-07-17T20:43:29.182906,4,9,"[0, 1, 2, 3, 4, 5, 6, 7]",93.01580810546875,38.86540412902832,46.9561767578125,143,93.01580810546875,0.0,46.44097900390625,141
2025-07-17T20:43:29.189502,0,10,"[0, 1, 2, 3, 4, 5, 6, 7]",93.01580810546875,38.86540412902832,46.9561767578125,143,93.01580810546875,0.0,46.44097900390625,141
2025-07-17T20:43:29.197585,1,10,"[0, 1, 2, 3, 4, 5, 6, 7]",93.01580810546875,38.86540412902832,46.9561767578125,143,93.01580810546875,0.0,46.44097900390625,141
2025-07-17T20:43:29.204700,2,10,"[0, 1, 2, 3, 4, 5, 6, 7]",93.01580810546875,38.86540412902832,46.9561767578125,143,93.01580810546875,0.0,46.44097900390625,141
2025-07-17T20:43:29.216418,3,10,"[0, 1, 2, 3, 4, 5, 6, 7]",93.01580810546875,38.86540412902832,46.9561767578125,143,93.01580810546875,0.0,46.44097900390625,141
2025-07-17T20:43:29.218925,4,10,"[0, 1, 2, 3, 4, 5, 6, 7]",93.01580810546875,38.86540412902832,46.9561767578125,143,93.01580810546875,0.0,46.44097900390625,141
2025-07-17T20:43:29.225669,0,11,"[0, 1, 2, 3, 4, 5, 6, 7]",93.01580810546875,38.86540412902832,46.9561767578125,143,93.01580810546875,0.0,46.44097900390625,141
2025-07-17T20:43:29.236698,1,11,"[0, 1, 2, 3, 4, 5, 6, 7]",93.01580810546875,38.86540412902832,46.9561767578125,143,93.01580810546875,0.0,46.44097900390625,141
2025-07-17T20:43:29.243528,2,11,"[0, 1, 2, 3, 4, 5, 6, 7]",93.01580810546875,38.86540412902832,46.9561767578125,143,93.01580810546875,0.0,46.44097900390625,141
2025-07-17T20:43:29.250721,3,11,"[0, 1, 2, 3, 4, 5, 6, 7]",93.01580810546875,38.86540412902832,46.9561767578125,143,93.01580810546875,0.0,46.44097900390625,141
2025-07-17T20:43:29.253662,4,11,"[0, 1, 2, 3, 4, 5, 6, 7]",93.01580810546875,38.86540412902832,46.9561767578125,143,93.01580810546875,0.0,46.44097900390625,141
2025-07-17T20:43:29.261394,0,12,"[0, 1, 2, 3, 4, 5, 6, 7]",93.01580810546875,38.86540412902832,46.9561767578125,143,93.01580810546875,0.0,46.44097900390625,141
2025-07-17T20:43:29.268183,1,12,"[0, 1, 3, 4, 5, 6, 7]",93.01580810546875,38.86540412902832,46.9561767578125,143,93.01580810546875,0.0,46.44097900390625,141
2025-07-17T20:43:29.275419,2,12,"[0, 1, 2, 3, 4, 5, 6, 7]",93.01580810546875,38.86540412902832,46.9561767578125,143,93.01580810546875,0.0,46.44097900390625,141
2025-07-17T20:43:29.282127,3,12,"[0, 1, 3, 4, 5, 6, 7]",93.01580810546875,38.86540412902832,46.9561767578125,143,93.01580810546875,0.0,46.44097900390625,141
2025-07-17T20:43:29.289242,4,12,"[0, 1, 3, 4, 5, 6, 7]",93.01580810546875,38.86540412902832,46.9561767578125,143,93.01580810546875,0.0,46.44097900390625,141
2025-07-17T20:43:29.295848,0,13,"[0, 1, 2, 3, 4, 5, 6, 7]",93.01580810546875,38.86540412902832,46.9561767578125,143,93.01580810546875,0.0,46.44097900390625,141
2025-07-17T20:43:29.302692,1,13,"[0, 1, 2, 3, 4, 5, 6, 7]",93.01580810546875,38.86540412902832,46.9561767578125,143,93.01580810546875,0.0,46.44097900390625,141
2025-07-17T20:43:29.309417,2,13,"[0, 1, 2, 3, 4, 5, 6, 7]",93.01580810546875,38.86540412902832,46.9561767578125,143,93.01580810546875,0.0,46.44097900390625,141
2025-07-17T20:43:29.316947,3,13,"[0, 1, 2, 3, 4, 5, 6, 7]",93.01580810546875,38.86540412902832,46.9561767578125,143,93.01580810546875,0.0,46.44097900390625,141
2025-07-17T20:43:29.324516,4,13,"[0, 1, 2, 3, 4, 5, 6, 7]",93.01580810546875,38.86540412902832,46.9561767578125,143,93.01580810546875,0.0,46.44097900390625,141
2025-07-17T20:43:29.336163,0,14,"[0, 1, 2, 3, 4, 5, 6, 7]",93.01580810546875,38.86540412902832,46.9561767578125,143,93.01580810546875,0.0,46.44097900390625,141
2025-07-17T20:43:29.338336,1,14,"[0, 1, 2, 3, 4, 5, 6]",93.01580810546875,38.86540412902832,46.9561767578125,143,93.01580810546875,0.0,46.44097900390625,141
2025-07-17T20:43:29.345411,2,14,"[0, 1, 2, 3, 4, 5, 6, 7]",93.01580810546875,38.86540412902832,46.9561767578125,143,93.01580810546875,0.0,46.44097900390625,141
2025-07-17T20:43:29.357637,3,14,"[0, 1, 2, 3, 4, 5, 6]",93.01580810546875,38.86540412902832,46.9561767578125,143,93.01580810546875,0.0,46.44097900390625,141
2025-07-17T20:43:29.365415,4,14,"[0, 1, 2, 3, 4, 5, 6]",93.01580810546875,38.86540412902832,46.9561767578125,143,93.01580810546875,0.0,46.44097900390625,141
2025-07-17T20:43:29.367984,0,15,"[0, 1, 2, 3, 4, 5, 6, 7]",93.01580810546875,38.86540412902832,46.9561767578125,143,93.01580810546875,0.0,46.44097900390625,141
2025-07-17T20:43:29.375078,1,15,"[0, 1, 2, 3, 4, 5, 7]",93.01580810546875,38.86540412902832,46.9561767578125,143,93.01580810546875,0.0,46.44097900390625,141
2025-07-17T20:43:29.387997,2,15,"[0, 1, 2, 3, 4, 5, 6, 7]",93.01580810546875,38.86540412902832,46.9561767578125,143,93.01580810546875,0.0,46.44097900390625,141
2025-07-17T20:43:29.390086,3,15,"[0, 1, 2, 3, 4, 5, 7]",93.01580810546875,38.86540412902832,46.9561767578125,143,93.01580810546875,0.0,46.44097900390625,141
2025-07-17T20:43:29.402171,4,15,"[0, 1, 2, 3, 4, 5, 7]",93.01580810546875,38.86540412902832,46.9561767578125,143,93.01580810546875,0.0,46.44097900390625,141
2025-07-17T20:43:29.409828,0,16,"[0, 1, 2, 3, 4, 5, 6, 7]",93.01580810546875,38.86540412902832,46.9561767578125,143,93.01580810546875,0.0,46.44097900390625,141
2025-07-17T20:43:29.416630,1,16,"[0, 1, 2, 3, 5, 6, 7]",93.01580810546875,38.86540412902832,46.9561767578125,143,93.01580810546875,0.0,46.44097900390625,141
2025-07-17T20:43:29.418603,2,16,"[0, 1, 2, 3, 4, 5, 6, 7]",93.01580810546875,38.86540412902832,46.9561767578125,143,93.01580810546875,0.0,46.44097900390625,141
2025-07-17T20:43:29.426370,3,16,"[0, 1, 2, 3, 5, 6, 7]",93.01580810546875,38.86540412902832,46.9561767578125,143,93.01580810546875,0.0,46.44097900390625,141
2025-07-17T20:43:29.438405,4,16,"[0, 1, 2, 3, 5, 6, 7]",93.01580810546875,38.86540412902832,46.9561767578125,143,93.01580810546875,0.0,46.44097900390625,141
2025-07-17T20:43:29.445220,0,17,"[0, 1, 2, 3, 4, 5, 6, 7]",93.01580810546875,38.86540412902832,46.9561767578125,143,93.01580810546875,0.0,46.44097900390625,141
2025-07-17T20:43:29.447282,1,17,"[0, 1, 3, 4, 5, 6, 7]",93.01580810546875,38.86540412902832,46.9561767578125,143,93.01580810546875,0.0,46.44097900390625,141
2025-07-17T20:43:29.454804,2,17,"[0, 1, 2, 3, 4, 5, 6, 7]",93.01580810546875,38.86540412902832,46.9561767578125,143,93.01580810546875,0.0,46.44097900390625,141
2025-07-17T20:43:29.467291,3,17,"[0, 1, 3, 4, 5, 6, 7]",93.01580810546875,38.86540412902832,46.9561767578125,143,93.01580810546875,0.0,46.44097900390625,141
2025-07-17T20:43:29.469445,4,17,"[0, 1, 3, 4, 5, 6, 7]",93.01580810546875,38.86540412902832,46.9561767578125,143,93.01580810546875,0.0,46.44097900390625,141
2025-07-17T20:43:29.475620,0,18,"[0, 1, 2, 3, 4, 5, 7]",93.01580810546875,38.86540412902832,46.9561767578125,143,93.01580810546875,0.0,46.44097900390625,141
2025-07-17T20:43:29.484104,1,18,"[0, 1, 2, 3, 4, 5, 6, 7]",93.01580810546875,38.86540412902832,46.9561767578125,143,93.01580810546875,0.0,46.44097900390625,141
2025-07-17T20:43:29.491056,2,18,"[0, 1, 2, 3, 4, 5, 6, 7]",93.01580810546875,38.86540412902832,46.9561767578125,143,93.01580810546875,0.0,46.44097900390625,141
2025-07-17T20:43:29.498041,3,18,"[0, 1, 2, 3, 4, 5, 6, 7]",93.01580810546875,38.86540412902832,46.9561767578125,143,93.01580810546875,0.0,46.44097900390625,141
2025-07-17T20:43:29.510750,4,18,"[0, 1, 2, 3, 4, 5, 6, 7]",93.01580810546875,38.86540412902832,46.9561767578125,143,93.01580810546875,0.0,46.44097900390625,141
2025-07-17T20:43:29.513193,0,19,"[0, 1, 2, 3, 4, 5, 6, 7]",93.01580810546875,38.86540412902832,46.9561767578125,143,93.01580810546875,0.0,46.44097900390625,141
2025-07-17T20:43:29.520779,1,19,"[0, 1, 2, 3, 4, 5, 6, 7]",93.01580810546875,38.86540412902832,46.9561767578125,143,93.01580810546875,0.0,46.44097900390625,141
2025-07-17T20:43:29.527007,2,19,"[0, 1, 2, 3, 4, 5, 6, 7]",93.01580810546875,38.86540412902832,46.9561767578125,143,93.01580810546875,0.0,46.44097900390625,141
2025-07-17T20:43:29.533740,3,19,"[0, 1, 2, 3, 4, 5, 6, 7]",93.01580810546875,38.86540412902832,46.9561767578125,143,93.01580810546875,0.0,46.44097900390625,141
2025-07-17T20:43:29.539886,4,19,"[0, 1, 2, 3, 4, 5, 6, 7]",93.01580810546875,38.86540412902832,46.9561767578125,143,93.01580810546875,0.0,46.44097900390625,141
2025-07-17T20:43:29.547669,0,20,"[0, 1, 2, 3, 4, 5, 6, 7]",93.01580810546875,38.86540412902832,46.9561767578125,143,93.01580810546875,0.0,46.44097900390625,141
2025-07-17T20:43:29.554374,1,20,"[0, 1, 2, 3, 4, 6, 7]",93.01580810546875,38.86540412902832,46.9561767578125,143,93.01580810546875,0.0,46.44097900390625,141
2025-07-17T20:43:29.561182,2,20,"[0, 1, 2, 3, 4, 5, 6, 7]",93.01580810546875,38.86540412902832,46.9561767578125,143,93.01580810546875,0.0,46.44097900390625,141
2025-07-17T20:43:29.573047,3,20,"[0, 1, 2, 3, 4, 6, 7]",93.01580810546875,38.86540412902832,46.9561767578125,143,93.01580810546875,0.0,46.44097900390625,141
2025-07-17T20:43:29.575630,4,20,"[0, 1, 2, 3, 4, 6, 7]",93.01580810546875,38.86540412902832,46.9561767578125,143,93.01580810546875,0.0,46.44097900390625,141
2025-07-17T20:43:29.582138,0,21,"[0, 1, 2, 3, 4, 5, 6, 7]",93.01580810546875,38.86540412902832,46.9561767578125,143,93.01580810546875,0.0,46.44097900390625,141
2025-07-17T20:43:29.594994,1,21,"[0, 1, 2, 3, 4, 5, 6, 7]",93.01580810546875,38.86540412902832,46.9561767578125,143,93.01580810546875,0.0,46.44097900390625,141
2025-07-17T20:43:29.603136,2,21,"[0, 1, 2, 3, 4, 5, 6, 7]",93.01580810546875,38.86540412902832,46.9561767578125,143,93.01580810546875,0.0,46.44097900390625,141
2025-07-17T20:43:29.605161,3,21,"[0, 1, 2, 3, 4, 5, 6, 7]",93.01580810546875,38.86540412902832,46.9561767578125,143,93.01580810546875,0.0,46.44097900390625,141
2025-07-17T20:43:29.612552,4,21,"[0, 1, 2, 3, 4, 5, 6, 7]",93.01580810546875,38.86540412902832,46.9561767578125,143,93.01580810546875,0.0,46.44097900390625,141
2025-07-17T20:43:29.620186,0,22,"[0, 1, 2, 3, 4, 5, 6, 7]",93.01580810546875,38.86540412902832,46.9561767578125,143,93.01580810546875,0.0,46.44097900390625,141
2025-07-17T20:43:29.627102,1,22,"[0, 1, 2, 3, 4, 5, 6, 7]",93.01580810546875,38.86540412902832,46.9561767578125,143,93.01580810546875,0.0,46.44097900390625,141
2025-07-17T20:43:29.633853,2,22,"[0, 1, 2, 3, 4, 5, 6, 7]",93.01580810546875,38.86540412902832,46.9561767578125,143,93.01580810546875,0.0,46.44097900390625,141
2025-07-17T20:43:29.641855,3,22,"[0, 1, 2, 3, 4, 5, 6, 7]",93.01580810546875,38.86540412902832,46.9561767578125,143,93.01580810546875,0.0,46.44097900390625,141
2025-07-17T20:43:29.648697,4,22,"[0, 1, 2, 3, 4, 5, 6, 7]",93.01580810546875,38.86540412902832,46.9561767578125,143,93.01580810546875,0.0,46.44097900390625,141
2025-07-17T20:43:29.656502,0,23,"[0, 1, 2, 3, 4, 5, 6, 7]",93.01580810546875,38.86540412902832,46.9561767578125,143,93.01580810546875,0.0,46.44097900390625,141
2025-07-17T20:43:29.663356,1,23,"[0, 1, 2, 3, 4, 5, 6, 7]",93.01580810546875,38.86540412902832,46.9561767578125,143,93.01580810546875,0.0,46.44097900390625,141
2025-07-17T20:43:29.674401,2,23,"[0, 1, 2, 3, 4, 5, 6, 7]",93.01580810546875,38.86540412902832,46.9561767578125,143,93.01580810546875,0.0,46.44097900390625,141
2025-07-17T20:43:29.682345,3,23,"[0, 1, 2, 3, 4, 5, 6, 7]",93.01580810546875,38.86540412902832,46.9561767578125,143,93.01580810546875,0.0,46.44097900390625,141
2025-07-17T20:43:29.684843,4,23,"[0, 1, 2, 3, 4, 5, 6, 7]",93.01580810546875,38.86540412902832,46.9561767578125,143,93.01580810546875,0.0,46.44097900390625,141
2025-07-17T20:43:29.692782,0,24,"[0, 1, 2, 3, 4, 5, 6, 7]",93.01580810546875,38.86540412902832,46.9561767578125,143,93.01580810546875,0.0,46.44097900390625,141
2025-07-17T20:43:29.698552,1,24,"[0, 1, 3, 4, 5, 6, 7]",93.01580810546875,38.86540412902832,46.9561767578125,143,93.01580810546875,0.0,46.44097900390625,141
2025-07-17T20:43:29.705884,2,24,"[0, 1, 2, 3, 4, 5, 6, 7]",93.01580810546875,38.86540412902832,46.9561767578125,143,93.01580810546875,0.0,46.44097900390625,141
2025-07-17T20:43:29.713210,3,24,"[0, 1, 3, 4, 5, 6, 7]",93.01580810546875,38.86540412902832,46.9561767578125,143,93.01580810546875,0.0,46.44097900390625,141
2025-07-17T20:43:29.721182,4,24,"[0, 1, 3, 4, 5, 6, 7]",93.01580810546875,38.86540412902832,46.9561767578125,143,93.01580810546875,0.0,46.44097900390625,141
2025-07-17T20:43:29.728220,0,25,"[0, 1, 2, 3, 4, 5, 6, 7]",93.01580810546875,38.86540412902832,46.9561767578125,143,93.01580810546875,0.0,46.44097900390625,141
2025-07-17T20:43:29.735073,1,25,"[0, 1, 2, 3, 4, 5, 6, 7]",93.01580810546875,38.86540412902832,46.9561767578125,143,93.01580810546875,0.0,46.44097900390625,141
2025-07-17T20:43:29.743128,2,25,"[0, 1, 2, 3, 4, 6, 7]",93.01580810546875,38.86540412902832,46.9561767578125,143,93.01580810546875,0.0,46.44097900390625,141
2025-07-17T20:43:29.749923,3,25,"[0, 1, 2, 3, 4, 5, 6, 7]",93.01580810546875,38.86540412902832,46.9561767578125,143,93.01580810546875,0.0,46.44097900390625,141
2025-07-17T20:43:29.756592,4,25,"[0, 1, 2, 3, 4, 5, 6, 7]",93.01580810546875,38.86540412902832,46.9561767578125,143,93.01580810546875,0.0,46.44097900390625,141
2025-07-17T20:43:29.764131,0,26,"[0, 1, 2, 3, 4, 5, 6, 7]",93.01580810546875,38.86540412902832,46.9561767578125,143,93.01580810546875,0.0,46.44097900390625,141
2025-07-17T20:43:29.770311,1,26,"[0, 1, 2, 3, 4, 5, 6, 7]",93.01580810546875,38.86540412902832,46.9561767578125,143,93.01580810546875,0.0,46.44097900390625,141
2025-07-17T20:43:29.777085,2,26,"[0, 1, 2, 3, 4, 5, 6, 7]",93.01580810546875,38.86540412902832,46.9561767578125,143,93.01580810546875,0.0,46.44097900390625,141
2025-07-17T20:43:29.788917,3,26,"[0, 1, 2, 3, 4, 5, 6, 7]",93.01580810546875,38.86540412902832,46.9561767578125,143,93.01580810546875,0.0,46.44097900390625,141
2025-07-17T20:43:29.791084,4,26,"[0, 1, 2, 3, 4, 5, 6, 7]",93.01580810546875,38.86540412902832,46.9561767578125,143,93.01580810546875,0.0,46.44097900390625,141
2025-07-17T20:43:29.797837,0,27,"[0, 1, 2, 3, 4, 5, 6, 7]",93.01580810546875,38.86540412902832,46.9561767578125,143,93.01580810546875,0.0,46.44097900390625,141
2025-07-17T20:43:29.806237,1,27,"[0, 1, 3, 4, 5, 6, 7]",93.01580810546875,38.86540412902832,46.9561767578125,143,93.01580810546875,0.0,46.44097900390625,141
2025-07-17T20:43:29.817947,2,27,"[0, 1, 2, 3, 4, 5, 6, 7]",93.01580810546875,38.86540412902832,46.9561767578125,143,93.01580810546875,0.0,46.44097900390625,141
2025-07-17T20:43:29.819799,3,27,"[0, 1, 3, 4, 5, 6, 7]",93.01580810546875,38.86540412902832,46.9561767578125,143,93.01580810546875,0.0,46.44097900390625,141
2025-07-17T20:43:29.826824,4,27,"[0, 1, 3, 4, 5, 6, 7]",93.01580810546875,38.86540412902832,46.9561767578125,143,93.01580810546875,0.0,46.44097900390625,141
2025-07-17T20:43:29.833651,0,28,"[0, 1, 2, 3, 4, 5, 6, 7]",93.01580810546875,38.86540412902832,46.9561767578125,143,93.01580810546875,0.0,46.44097900390625,141
2025-07-17T20:43:29.840408,1,28,"[0, 1, 2, 3, 4, 5, 6, 7]",93.01580810546875,38.86540412902832,46.9561767578125,143,93.01580810546875,0.0,46.44097900390625,141
2025-07-17T20:43:29.846915,2,28,"[0, 1, 2, 3, 4, 5, 6, 7]",93.01580810546875,38.86540412902832,46.9561767578125,143,93.01580810546875,0.0,46.44097900390625,141
2025-07-17T20:43:29.854239,3,28,"[0, 1, 2, 3, 4, 5, 6, 7]",93.01580810546875,38.86540412902832,46.9561767578125,143,93.01580810546875,0.0,46.44097900390625,141
2025-07-17T20:43:29.862436,4,28,"[0, 1, 2, 3, 4, 5, 6, 7]",93.01580810546875,38.86540412902832,46.9561767578125,143,93.01580810546875,0.0,46.44097900390625,141
2025-07-17T20:43:29.869404,0,29,"[0, 1, 2, 3, 4, 5, 6, 7]",93.01580810546875,38.86540412902832,46.9561767578125,143,93.01580810546875,0.0,46.44097900390625,141
2025-07-17T20:43:29.881783,1,29,"[0, 1, 2, 3, 4, 5, 6, 7]",93.01580810546875,38.86540412902832,46.9561767578125,143,93.01580810546875,0.0,46.44097900390625,141
2025-07-17T20:43:29.884170,2,29,"[0, 1, 2, 3, 5, 6, 7]",93.01580810546875,38.86540412902832,46.9561767578125,143,93.01580810546875,0.0,46.44097900390625,141
2025-07-17T20:43:29.893017,3,29,"[0, 1, 2, 3, 4, 5, 6, 7]",93.01580810546875,38.86540412902832,46.9561767578125,143,93.01580810546875,0.0,46.44097900390625,141
2025-07-17T20:43:29.899983,4,29,"[0, 1, 2, 3, 4, 5, 6, 7]",93.01580810546875,38.86540412902832,46.9561767578125,143,93.01580810546875,0.0,46.44097900390625,141
2025-07-17T20:43:29.910428,0,30,"[0, 1, 2, 3, 4, 5, 6, 7]",93.01580810546875,38.86540412902832,46.9561767578125,143,93.01580810546875,0.0,46.44097900390625,141
2025-07-17T20:43:29.918243,1,30,"[0, 2, 3, 4, 5, 6, 7]",93.01580810546875,38.86540412902832,46.9561767578125,143,93.01580810546875,0.0,46.44097900390625,141
2025-07-17T20:43:29.921073,2,30,"[0, 2, 3, 4, 5, 6, 7]",93.01580810546875,38.86540412902832,46.9561767578125,143,93.01580810546875,0.0,46.44097900390625,141
2025-07-17T20:43:29.927726,3,30,"[0, 2, 3, 4, 5, 6, 7]",93.01580810546875,38.86540412902832,46.9561767578125,143,93.01580810546875,0.0,46.44097900390625,141
2025-07-17T20:43:29.934866,4,30,"[0, 2, 3, 4, 5, 6, 7]",93.01580810546875,38.86540412902832,46.9561767578125,143,93.01580810546875,0.0,46.44097900390625,141
2025-07-17T20:43:29.947120,0,31,"[0, 1, 2, 3, 4, 5, 6, 7]",93.01580810546875,38.87229824066162,46.9561767578125,143,93.01580810546875,0.0,46.44097900390625,141
2025-07-17T20:43:29.951548,1,31,"[0, 1, 2, 5, 6, 7]",93.01580810546875,38.86909008026123,46.9561767578125,143,93.01580810546875,0.0,46.44097900390625,141
2025-07-17T20:43:29.959996,2,31,"[0, 1, 2, 4, 5, 6, 7]",93.01580810546875,38.86646366119385,46.9561767578125,143,93.01580810546875,0.0,46.44097900390625,141
2025-07-17T20:43:29.972078,3,31,"[0, 1, 2, 5, 6, 7]",93.01580810546875,38.86299800872803,46.9561767578125,143,93.01580810546875,0.0,46.44097900390625,141
2025-07-17T20:43:29.975333,4,31,"[0, 1, 2, 5, 6, 7]",93.01580810546875,38.86002254486084,46.9561767578125,143,93.01580810546875,0.0,46.44097900390625,141
2025-07-17T20:43:29.989958,0,0,"[0, 1, 2, 3, 4, 5, 6, 7]",93.01580810546875,38.85531425476074,46.9561767578125,143,93.01580810546875,0.0,46.44097900390625,141
2025-07-17T20:43:29.997398,1,0,"[0, 1, 2, 3, 4, 5, 6, 7]",93.01580810546875,38.85852241516113,46.9561767578125,143,93.01580810546875,0.0,46.44097900390625,141
2025-07-17T20:43:30.004217,2,0,"[0, 1, 2, 3, 4, 5, 6, 7]",93.01580810546875,38.86149787902832,46.9561767578125,143,93.01580810546875,0.0,46.44097900390625,141
2025-07-17T20:43:30.011968,3,0,"[0, 1, 2, 3, 4, 5, 6, 7]",93.01580810546875,38.86438179016113,46.9561767578125,143,93.01580810546875,0.0,46.44097900390625,141
2025-07-17T20:43:30.019233,4,0,"[0, 1, 2, 3, 4, 5, 6, 7]",93.01580810546875,38.86540412902832,46.9561767578125,143,93.01580810546875,0.0,46.44097900390625,141
2025-07-17T20:43:30.026005,0,1,"[0, 1, 2, 3, 4, 5, 6, 7]",93.01580810546875,38.86540412902832,46.9561767578125,143,93.01580810546875,0.0,46.44097900390625,141
2025-07-17T20:43:30.033632,1,1,"[0, 1, 2, 3, 4, 5, 6, 7]",93.01580810546875,38.86540412902832,46.9561767578125,143,93.01580810546875,0.0,46.44097900390625,141
2025-07-17T20:43:30.036585,2,1,"[0, 1, 2, 4, 5, 6, 7]",93.01580810546875,38.86540412902832,46.9561767578125,143,93.01580810546875,0.0,46.44097900390625,141
2025-07-17T20:43:30.049076,3,1,"[0, 1, 2, 3, 4, 5, 6, 7]",93.01580810546875,38.86540412902832,46.9561767578125,143,93.01580810546875,0.0,46.44097900390625,141
2025-07-17T20:43:30.056516,4,1,"[0, 1, 2, 3, 4, 5, 6, 7]",93.01580810546875,38.86540412902832,46.9561767578125,143,93.01580810546875,0.0,46.44097900390625,141
2025-07-17T20:43:30.058846,0,2,"[0, 1, 2, 3, 4, 5, 6, 7]",93.01580810546875,38.86540412902832,46.9561767578125,143,93.01580810546875,0.0,46.44097900390625,141
2025-07-17T20:43:30.066951,1,2,"[0, 1, 2, 3, 4, 5, 6, 7]",93.01580810546875,38.86540412902832,46.9561767578125,143,93.01580810546875,0.0,46.44097900390625,141
2025-07-17T20:43:30.073186,2,2,"[0, 1, 2, 3, 4, 5, 6, 7]",93.01580810546875,38.86540412902832,46.9561767578125,143,93.01580810546875,0.0,46.44097900390625,141
2025-07-17T20:43:30.085350,3,2,"[0, 1, 2, 3, 4, 5, 6, 7]",93.01580810546875,38.86540412902832,46.9561767578125,143,93.01580810546875,0.0,46.44097900390625,141
2025-07-17T20:43:30.088094,4,2,"[0, 1, 2, 3, 4, 5, 6, 7]",93.01580810546875,38.86540412902832,46.9561767578125,143,93.01580810546875,0.0,46.44097900390625,141
2025-07-17T20:43:30.095503,0,3,"[0, 1, 2, 3, 4, 5, 6, 7]",93.01580810546875,38.86540412902832,46.9561767578125,143,93.01580810546875,0.0,46.44097900390625,141
2025-07-17T20:43:30.101594,1,3,"[0, 1, 2, 3, 4, 5, 6, 7]",93.01580810546875,38.86540412902832,46.9561767578125,143,93.01580810546875,0.0,46.44097900390625,141
2025-07-17T20:43:30.108919,2,3,"[0, 1, 2, 3, 4, 5, 6, 7]",93.01580810546875,38.86540412902832,46.9561767578125,143,93.01580810546875,0.0,46.44097900390625,141
2025-07-17T20:43:30.121705,3,3,"[0, 1, 2, 3, 4, 5, 6, 7]",93.01580810546875,38.86540412902832,46.9561767578125,143,93.01580810546875,0.0,46.44097900390625,141
2025-07-17T20:43:30.123732,4,3,"[0, 1, 2, 3, 4, 5, 6, 7]",93.01580810546875,38.86540412902832,46.9561767578125,143,93.01580810546875,0.0,46.44097900390625,141
2025-07-17T20:43:30.132159,0,4,"[0, 1, 2, 3, 4, 5, 6, 7]",93.01580810546875,38.86540412902832,46.9561767578125,143,93.01580810546875,0.0,46.44097900390625,141
2025-07-17T20:43:30.137940,1,4,"[0, 1, 2, 3, 4, 5, 6, 7]",93.01580810546875,38.86540412902832,46.9561767578125,143,93.01580810546875,0.0,46.44097900390625,141
2025-07-17T20:43:30.150457,2,4,"[1, 2, 3, 4, 5, 6, 7]",93.01580810546875,38.86540412902832,46.9561767578125,143,93.01580810546875,0.0,46.44097900390625,141
2025-07-17T20:43:30.152647,3,4,"[0, 1, 2, 3, 4, 5, 6, 7]",93.01580810546875,38.86540412902832,46.9561767578125,143,93.01580810546875,0.0,46.44097900390625,141
2025-07-17T20:43:30.159723,4,4,"[0, 1, 2, 3, 4, 5, 6, 7]",93.01580810546875,38.86540412902832,46.9561767578125,143,93.01580810546875,0.0,46.44097900390625,141
2025-07-17T20:43:30.166769,0,5,"[0, 1, 2, 3, 4, 5, 6, 7]",93.01580810546875,38.86540412902832,46.9561767578125,143,93.01580810546875,0.0,46.44097900390625,141
2025-07-17T20:43:30.180124,1,5,"[0, 1, 2, 4, 5, 6, 7]",93.01580810546875,38.86540412902832,46.9561767578125,143,93.01580810546875,0.0,46.44097900390625,141
2025-07-17T20:43:30.182564,2,5,"[0, 1, 2, 3, 4, 5, 6, 7]",93.01580810546875,38.86540412902832,46.9561767578125,143,93.01580810546875,0.0,46.44097900390625,141
2025-07-17T20:43:30.195981,3,5,"[0, 1, 2, 4, 5, 6, 7]",93.01580810546875,38.86540412902832,46.9561767578125,143,93.01580810546875,0.0,46.44097900390625,141
2025-07-17T20:43:30.198414,4,5,"[0, 1, 2, 4, 5, 6, 7]",93.01580810546875,38.86540412902832,46.9561767578125,143,93.01580810546875,0.0,46.44097900390625,141
2025-07-17T20:43:30.206165,0,6,"[0, 1, 2, 3, 4, 5, 6, 7]",93.01580810546875,38.86540412902832,46.9561767578125,143,93.01580810546875,0.0,46.44097900390625,141
2025-07-17T20:43:30.213014,1,6,"[0, 2, 3, 4, 5, 6, 7]",93.01580810546875,38.86540412902832,46.9561767578125,143,93.01580810546875,0.0,46.44097900390625,141
2025-07-17T20:43:30.219669,2,6,"[0, 1, 2, 3, 4, 5, 6, 7]",93.01580810546875,38.86540412902832,46.9561767578125,143,93.01580810546875,0.0,46.44097900390625,141
2025-07-17T20:43:30.227115,3,6,"[0, 2, 3, 4, 5, 6, 7]",93.01580810546875,38.86540412902832,46.9561767578125,143,93.01580810546875,0.0,46.44097900390625,141
2025-07-17T20:43:30.234973,4,6,"[0, 2, 3, 4, 5, 6, 7]",93.01580810546875,38.86540412902832,46.9561767578125,143,93.01580810546875,0.0,46.44097900390625,141
2025-07-17T20:43:30.242260,0,7,"[0, 1, 2, 3, 4, 5, 6, 7]",93.01580810546875,38.86540412902832,46.9561767578125,143,93.01580810546875,0.0,46.44097900390625,141
2025-07-17T20:43:30.249020,1,7,"[0, 1, 2, 3, 4, 5, 6]",93.01580810546875,38.86540412902832,46.9561767578125,143,93.01580810546875,0.0,46.44097900390625,141
2025-07-17T20:43:30.255753,2,7,"[1, 2, 3, 4, 5, 6, 7]",93.01580810546875,38.86540412902832,46.9561767578125,143,93.01580810546875,0.0,46.44097900390625,141
2025-07-17T20:43:30.268196,3,7,"[0, 1, 2, 3, 4, 5, 6]",93.01580810546875,38.86540412902832,46.9561767578125,143,93.01580810546875,0.0,46.44097900390625,141
2025-07-17T20:43:30.270866,4,7,"[0, 1, 2, 3, 4, 5, 6]",93.01580810546875,38.86540412902832,46.9561767578125,143,93.01580810546875,0.0,46.44097900390625,141
2025-07-17T20:43:30.279143,0,8,"[0, 1, 2, 3, 4, 5, 6, 7]",93.01580810546875,38.86540412902832,46.9561767578125,143,93.01580810546875,0.0,46.44097900390625,141
2025-07-17T20:43:30.286245,1,8,"[0, 1, 2, 3, 4, 5, 6, 7]",93.01580810546875,38.86540412902832,46.9561767578125,143,93.01580810546875,0.0,46.44097900390625,141
2025-07-17T20:43:30.292397,2,8,"[0, 1, 2, 3, 4, 5, 6, 7]",93.01580810546875,38.86540412902832,46.9561767578125,143,93.01580810546875,0.0,46.44097900390625,141
2025-07-17T20:43:30.300272,3,8,"[0, 1, 2, 3, 4, 5, 6, 7]",93.01580810546875,38.86540412902832,46.9561767578125,143,93.01580810546875,0.0,46.44097900390625,141
2025-07-17T20:43:30.306491,4,8,"[0, 1, 2, 3, 4, 5, 6, 7]",93.01580810546875,38.86540412902832,46.9561767578125,143,93.01580810546875,0.0,46.44097900390625,141
2025-07-17T20:43:30.312807,0,9,"[0, 1, 2, 3, 4, 5, 6, 7]",93.01580810546875,38.86540412902832,46.9561767578125,143,93.01580810546875,0.0,46.44097900390625,141
2025-07-17T20:43:30.319679,1,9,"[0, 1, 2, 3, 4, 5, 6, 7]",93.01580810546875,38.86540412902832,46.9561767578125,143,93.01580810546875,0.0,46.44097900390625,141
2025-07-17T20:43:30.331591,2,9,"[0, 1, 2, 3, 4, 5, 6, 7]",93.01580810546875,38.86540412902832,46.9561767578125,143,93.01580810546875,0.0,46.44097900390625,141
2025-07-17T20:43:30.334446,3,9,"[0, 1, 2, 3, 4, 5, 6, 7]",93.01580810546875,38.86540412902832,46.9561767578125,143,93.01580810546875,0.0,46.44097900390625,141
2025-07-17T20:43:30.346143,4,9,"[0, 1, 2, 3, 4, 5, 6, 7]",93.01580810546875,38.86540412902832,46.9561767578125,143,93.01580810546875,0.0,46.44097900390625,141
2025-07-17T20:43:30.348952,0,10,"[0, 1, 2, 3, 4, 5, 6, 7]",93.01580810546875,38.86540412902832,46.9561767578125,143,93.01580810546875,0.0,46.44097900390625,141
2025-07-17T20:43:30.360119,1,10,"[0, 1, 2, 3, 4, 6, 7]",93.01580810546875,38.86540412902832,46.9561767578125,143,93.01580810546875,0.0,46.44097900390625,141
2025-07-17T20:43:30.362853,2,10,"[0, 1, 2, 3, 4, 5, 6, 7]",93.01580810546875,38.86540412902832,46.9561767578125,143,93.01580810546875,0.0,46.44097900390625,141
2025-07-17T20:43:30.368767,3,10,"[0, 1, 2, 3, 4, 6, 7]",93.01580810546875,38.86540412902832,46.9561767578125,143,93.01580810546875,0.0,46.44097900390625,141
2025-07-17T20:43:30.376107,4,10,"[0, 1, 2, 3, 4, 6, 7]",93.01580810546875,38.86540412902832,46.9561767578125,143,93.01580810546875,0.0,46.44097900390625,141
2025-07-17T20:43:30.383260,0,11,"[0, 1, 2, 3, 4, 5, 6, 7]",93.01580810546875,38.86540412902832,46.9561767578125,143,93.01580810546875,0.0,46.44097900390625,141
2025-07-17T20:43:30.390859,1,11,"[0, 1, 2, 4, 5, 6, 7]",93.01580810546875,38.86540412902832,46.9561767578125,143,93.01580810546875,0.0,46.44097900390625,141
2025-07-17T20:43:30.402593,2,11,"[0, 1, 2, 3, 4, 5, 6, 7]",93.01580810546875,38.86540412902832,46.9561767578125,143,93.01580810546875,0.0,46.44097900390625,141
2025-07-17T20:43:30.404579,3,11,"[0, 1, 2, 4, 5, 6, 7]",93.01580810546875,38.86540412902832,46.9561767578125,143,93.01580810546875,0.0,46.44097900390625,141
2025-07-17T20:43:30.412228,4,11,"[0, 1, 2, 4, 5, 6, 7]",93.01580810546875,38.86540412902832,46.9561767578125,143,93.01580810546875,0.0,46.44097900390625,141
2025-07-17T20:43:30.419159,0,12,"[0, 1, 2, 3, 4, 5, 6]",93.01580810546875,38.86540412902832,46.9561767578125,143,93.01580810546875,0.0,46.44097900390625,141
2025-07-17T20:43:30.426739,1,12,"[0, 1, 3, 4, 5, 6, 7]",93.01580810546875,38.86540412902832,46.9561767578125,143,93.01580810546875,0.0,46.44097900390625,141
2025-07-17T20:43:30.433881,2,12,"[0, 1, 2, 3, 4, 5, 6, 7]",93.01580810546875,38.86540412902832,46.9561767578125,143,93.01580810546875,0.0,46.44097900390625,141
2025-07-17T20:43:30.442178,3,12,"[0, 1, 3, 4, 5, 6, 7]",93.01580810546875,38.86540412902832,46.9561767578125,143,93.01580810546875,0.0,46.44097900390625,141
2025-07-17T20:43:30.448892,4,12,"[0, 1, 3, 4, 5, 6, 7]",93.01580810546875,38.86540412902832,46.9561767578125,143,93.01580810546875,0.0,46.44097900390625,141
2025-07-17T20:43:30.461013,0,13,"[0, 1, 2, 3, 4, 5, 6, 7]",93.01580810546875,38.86540412902832,46.9561767578125,143,93.01580810546875,0.0,46.44097900390625,141
2025-07-17T20:43:30.463106,1,13,"[0, 1, 2, 3, 4, 6, 7]",93.01580810546875,38.86540412902832,46.9561767578125,143,93.01580810546875,0.0,46.44097900390625,141
2025-07-17T20:43:30.475386,2,13,"[0, 1, 2, 3, 4, 5, 6, 7]",93.01580810546875,38.86540412902832,46.9561767578125,143,93.01580810546875,0.0,46.44097900390625,141
2025-07-17T20:43:30.477412,3,13,"[0, 1, 2, 3, 4, 6, 7]",93.01580810546875,38.86540412902832,46.9561767578125,143,93.01580810546875,0.0,46.44097900390625,141
2025-07-17T20:43:30.484771,4,13,"[0, 1, 2, 3, 4, 6, 7]",93.01580810546875,38.86540412902832,46.9561767578125,143,93.01580810546875,0.0,46.44097900390625,141
2025-07-17T20:43:30.492219,0,14,"[0, 1, 2, 3, 4, 5, 6, 7]",93.01580810546875,38.86540412902832,46.9561767578125,143,93.01580810546875,0.0,46.44097900390625,141
2025-07-17T20:43:30.499366,1,14,"[0, 1, 3, 4, 5, 6, 7]",93.01580810546875,38.86540412902832,46.9561767578125,143,93.01580810546875,0.0,46.44097900390625,141
2025-07-17T20:43:30.505624,2,14,"[0, 1, 2, 3, 4, 5, 6, 7]",93.01580810546875,38.86540412902832,46.9561767578125,143,93.01580810546875,0.0,46.44097900390625,141
2025-07-17T20:43:30.513528,3,14,"[0, 1, 3, 4, 5, 6, 7]",93.01580810546875,38.86540412902832,46.9561767578125,143,93.01580810546875,0.0,46.44097900390625,141
2025-07-17T20:43:30.520538,4,14,"[0, 1, 3, 4, 5, 6, 7]",93.01580810546875,38.86540412902832,46.9561767578125,143,93.01580810546875,0.0,46.44097900390625,141
2025-07-17T20:43:30.527224,0,15,"[0, 1, 2, 3, 4, 5, 6, 7]",93.01580810546875,38.86540412902832,46.9561767578125,143,93.01580810546875,0.0,46.44097900390625,141
2025-07-17T20:43:30.535344,1,15,"[0, 1, 2, 3, 4, 5, 6, 7]",93.01580810546875,38.86540412902832,46.9561767578125,143,93.01580810546875,0.0,46.44097900390625,141
2025-07-17T20:43:30.546657,2,15,"[0, 1, 2, 3, 4, 5, 6, 7]",93.01580810546875,38.86540412902832,46.9561767578125,143,93.01580810546875,0.0,46.44097900390625,141
2025-07-17T20:43:30.549258,3,15,"[0, 1, 2, 3, 4, 5, 6, 7]",93.01580810546875,38.86540412902832,46.9561767578125,143,93.01580810546875,0.0,46.44097900390625,141
2025-07-17T20:43:30.556914,4,15,"[0, 1, 2, 3, 4, 5, 6, 7]",93.01580810546875,38.86540412902832,46.9561767578125,143,93.01580810546875,0.0,46.44097900390625,141
2025-07-17T20:43:30.568889,0,16,"[0, 1, 2, 3, 4, 5, 6, 7]",93.01580810546875,38.86540412902832,46.9561767578125,143,93.01580810546875,0.0,46.44097900390625,141
2025-07-17T20:43:30.571041,1,16,"[0, 1, 3, 4, 5, 6, 7]",93.01580810546875,38.86540412902832,46.9561767578125,143,93.01580810546875,0.0,46.44097900390625,141
2025-07-17T20:43:30.578012,2,16,"[0, 1, 3, 4, 5, 6, 7]",93.01580810546875,38.86540412902832,46.9561767578125,143,93.01580810546875,0.0,46.44097900390625,141
2025-07-17T20:43:30.586104,3,16,"[0, 1, 3, 4, 5, 6, 7]",93.01580810546875,38.86540412902832,46.9561767578125,143,93.01580810546875,0.0,46.44097900390625,141
2025-07-17T20:43:30.591856,4,16,"[0, 1, 3, 4, 5, 6, 7]",93.01580810546875,38.86540412902832,46.9561767578125,143,93.01580810546875,0.0,46.44097900390625,141
2025-07-17T20:43:30.599701,0,17,"[0, 1, 2, 3, 4, 5, 6, 7]",93.01580810546875,38.86540412902832,46.9561767578125,143,93.01580810546875,0.0,46.44097900390625,141
2025-07-17T20:43:30.614213,1,17,"[0, 1, 2, 3, 4, 5, 6, 7]",93.01580810546875,38.86540412902832,46.9561767578125,143,93.01580810546875,0.0,46.44097900390625,141
2025-07-17T20:43:30.616616,2,17,"[0, 1, 2, 3, 4, 5, 6, 7]",93.01580810546875,38.86540412902832,46.9561767578125,143,93.01580810546875,0.0,46.44097900390625,141
2025-07-17T20:43:30.623606,3,17,"[0, 1, 2, 3, 4, 5, 6, 7]",93.01580810546875,38.86540412902832,46.9561767578125,143,93.01580810546875,0.0,46.44097900390625,141
2025-07-17T20:43:30.629999,4,17,"[0, 1, 2, 3, 4, 5, 6, 7]",93.01580810546875,38.86540412902832,46.9561767578125,143,93.01580810546875,0.0,46.44097900390625,141
2025-07-17T20:43:30.638862,0,18,"[0, 1, 2, 3, 4, 5, 6, 7]",93.01580810546875,38.86540412902832,46.9561767578125,143,93.01580810546875,0.0,46.44097900390625,141
2025-07-17T20:43:30.645635,1,18,"[0, 1, 2, 3, 4, 5, 6, 7]",93.01580810546875,38.86540412902832,46.9561767578125,143,93.01580810546875,0.0,46.44097900390625,141
2025-07-17T20:43:30.652820,2,18,"[0, 1, 2, 3, 4, 5, 6, 7]",93.01580810546875,38.86540412902832,46.9561767578125,143,93.01580810546875,0.0,46.44097900390625,141
2025-07-17T20:43:30.659245,3,18,"[0, 1, 2, 3, 4, 5, 6, 7]",93.01580810546875,38.86540412902832,46.9561767578125,143,93.01580810546875,0.0,46.44097900390625,141
2025-07-17T20:43:30.666233,4,18,"[0, 1, 2, 3, 4, 5, 6, 7]",93.01580810546875,38.86540412902832,46.9561767578125,143,93.01580810546875,0.0,46.44097900390625,141
2025-07-17T20:43:30.673336,0,19,"[0, 1, 2, 3, 4, 5, 6, 7]",93.01580810546875,38.86540412902832,46.9561767578125,143,93.01580810546875,0.0,46.44097900390625,141
2025-07-17T20:43:30.680063,1,19,"[0, 1, 2, 3, 4, 5, 6, 7]",93.01580810546875,38.86540412902832,46.9561767578125,143,93.01580810546875,0.0,46.44097900390625,141
2025-07-17T20:43:30.692578,2,19,"[0, 1, 2, 3, 4, 5, 6, 7]",93.01580810546875,38.86540412902832,46.9561767578125,143,93.01580810546875,0.0,46.44097900390625,141
2025-07-17T20:43:30.699327,3,19,"[0, 1, 2, 3, 4, 5, 6, 7]",93.01580810546875,38.86540412902832,46.9561767578125,143,93.01580810546875,0.0,46.44097900390625,141
2025-07-17T20:43:30.701474,4,19,"[0, 1, 2, 3, 4, 5, 6, 7]",93.01580810546875,38.86540412902832,46.9561767578125,143,93.01580810546875,0.0,46.44097900390625,141
2025-07-17T20:43:30.708754,0,20,"[0, 1, 2, 3, 4, 5, 6, 7]",93.01580810546875,38.86540412902832,46.9561767578125,143,93.01580810546875,0.0,46.44097900390625,141
2025-07-17T20:43:30.721913,1,20,"[0, 2, 3, 4, 5, 6, 7]",93.01580810546875,38.86540412902832,46.9561767578125,143,93.01580810546875,0.0,46.44097900390625,141
2025-07-17T20:43:30.723720,2,20,"[0, 1, 2, 3, 4, 5, 6, 7]",93.01580810546875,38.86540412902832,46.9561767578125,143,93.01580810546875,0.0,46.44097900390625,141
2025-07-17T20:43:30.732016,3,20,"[0, 2, 3, 4, 5, 6, 7]",93.01580810546875,38.86540412902832,46.9561767578125,143,93.01580810546875,0.0,46.44097900390625,141
2025-07-17T20:43:30.744238,4,20,"[0, 2, 3, 4, 5, 6, 7]",93.01580810546875,38.86540412902832,46.9561767578125,143,93.01580810546875,0.0,46.44097900390625,141
2025-07-17T20:43:30.746620,0,21,"[0, 1, 2, 3, 4, 5, 6, 7]",93.01580810546875,38.86540412902832,46.9561767578125,143,93.01580810546875,0.0,46.44097900390625,141
2025-07-17T20:43:30.753458,1,21,"[0, 1, 2, 3, 4, 5, 6, 7]",93.01580810546875,38.86540412902832,46.9561767578125,143,93.01580810546875,0.0,46.44097900390625,141
2025-07-17T20:43:30.765574,2,21,"[0, 1, 2, 3, 4, 5, 6, 7]",93.01580810546875,38.86540412902832,46.9561767578125,143,93.01580810546875,0.0,46.44097900390625,141
2025-07-17T20:43:30.773087,3,21,"[0, 1, 2, 3, 4, 5, 6, 7]",93.01580810546875,38.86540412902832,46.9561767578125,143,93.01580810546875,0.0,46.44097900390625,141
2025-07-17T20:43:30.775138,4,21,"[0, 1, 2, 3, 4, 5, 6, 7]",93.01580810546875,38.86540412902832,46.9561767578125,143,93.01580810546875,0.0,46.44097900390625,141
2025-07-17T20:43:30.782524,0,22,"[0, 1, 2, 3, 4, 5, 6, 7]",93.01580810546875,38.86540412902832,46.9561767578125,143,93.01580810546875,0.0,46.44097900390625,141
2025-07-17T20:43:30.788900,1,22,"[0, 1, 2, 3, 4, 5, 6, 7]",93.01580810546875,38.86540412902832,46.9561767578125,143,93.01580810546875,0.0,46.44097900390625,141
2025-07-17T20:43:30.796230,2,22,"[0, 1, 2, 3, 4, 5, 6, 7]",93.01580810546875,38.86540412902832,46.9561767578125,143,93.01580810546875,0.0,46.44097900390625,141
2025-07-17T20:43:30.802549,3,22,"[0, 1, 2, 3, 4, 5, 6, 7]",93.01580810546875,38.86540412902832,46.9561767578125,143,93.01580810546875,0.0,46.44097900390625,141
2025-07-17T20:43:30.809884,4,22,"[0, 1, 2, 3, 4, 5, 6, 7]",93.01580810546875,38.86540412902832,46.9561767578125,143,93.01580810546875,0.0,46.44097900390625,141
2025-07-17T20:43:30.816065,0,23,"[0, 1, 2, 3, 4, 5, 6, 7]",93.01580810546875,38.86540412902832,46.9561767578125,143,93.01580810546875,0.0,46.44097900390625,141
2025-07-17T20:43:30.829865,1,23,"[0, 1, 2, 3, 4, 5, 6, 7]",93.01580810546875,38.86540412902832,46.9561767578125,143,93.01580810546875,0.0,46.44097900390625,141
2025-07-17T20:43:30.832456,2,23,"[0, 1, 2, 3, 4, 5, 6, 7]",93.01580810546875,38.86540412902832,46.9561767578125,143,93.01580810546875,0.0,46.44097900390625,141
2025-07-17T20:43:30.839437,3,23,"[0, 1, 2, 3, 4, 5, 6, 7]",93.01580810546875,38.86540412902832,46.9561767578125,143,93.01580810546875,0.0,46.44097900390625,141
2025-07-17T20:43:30.848533,4,23,"[0, 1, 2, 3, 4, 5, 6, 7]",93.01580810546875,38.86540412902832,46.9561767578125,143,93.01580810546875,0.0,46.44097900390625,141
2025-07-17T20:43:30.855045,0,24,"[0, 1, 2, 3, 4, 5, 6, 7]",93.01580810546875,38.86540412902832,46.9561767578125,143,93.01580810546875,0.0,46.44097900390625,141
2025-07-17T20:43:30.861704,1,24,"[0, 1, 2, 3, 4, 5, 6, 7]",93.01580810546875,38.86540412902832,46.9561767578125,143,93.01580810546875,0.0,46.44097900390625,141
2025-07-17T20:43:30.868795,2,24,"[0, 1, 2, 3, 4, 5, 6, 7]",93.01580810546875,38.86540412902832,46.9561767578125,143,93.01580810546875,0.0,46.44097900390625,141
2025-07-17T20:43:30.875728,3,24,"[0, 1, 2, 3, 4, 5, 6, 7]",93.01580810546875,38.86540412902832,46.9561767578125,143,93.01580810546875,0.0,46.44097900390625,141
2025-07-17T20:43:30.882378,4,24,"[0, 1, 2, 3, 4, 5, 6, 7]",93.01580810546875,38.86540412902832,46.9561767578125,143,93.01580810546875,0.0,46.44097900390625,141
2025-07-17T20:43:30.895177,0,25,"[0, 1, 2, 3, 4, 5, 6, 7]",93.01580810546875,38.86540412902832,46.9561767578125,143,93.01580810546875,0.0,46.44097900390625,141
2025-07-17T20:43:30.897839,1,25,"[0, 1, 2, 3, 4, 5, 6, 7]",93.01580810546875,38.86540412902832,46.9561767578125,143,93.01580810546875,0.0,46.44097900390625,141
2025-07-17T20:43:30.904901,2,25,"[0, 1, 2, 3, 4, 5, 6, 7]",93.01580810546875,38.86540412902832,46.9561767578125,143,93.01580810546875,0.0,46.44097900390625,141
2025-07-17T20:43:30.911136,3,25,"[0, 1, 2, 3, 4, 5, 6, 7]",93.01580810546875,38.86540412902832,46.9561767578125,143,93.01580810546875,0.0,46.44097900390625,141
2025-07-17T20:43:30.923338,4,25,"[0, 1, 2, 3, 4, 5, 6, 7]",93.01580810546875,38.86540412902832,46.9561767578125,143,93.01580810546875,0.0,46.44097900390625,141
2025-07-17T20:43:30.925328,0,26,"[0, 1, 2, 3, 4, 5, 6, 7]",93.01580810546875,38.86540412902832,46.9561767578125,143,93.01580810546875,0.0,46.44097900390625,141
2025-07-17T20:43:30.932912,1,26,"[0, 2, 4, 5, 6, 7]",93.01580810546875,38.86540412902832,46.9561767578125,143,93.01580810546875,0.0,46.44097900390625,141
2025-07-17T20:43:30.939958,2,26,"[0, 2, 3, 4, 5, 6, 7]",93.01580810546875,38.86540412902832,46.9561767578125,143,93.01580810546875,0.0,46.44097900390625,141
2025-07-17T20:43:30.947186,3,26,"[0, 2, 4, 5, 6, 7]",93.01580810546875,38.86540412902832,46.9561767578125,143,93.01580810546875,0.0,46.44097900390625,141
2025-07-17T20:43:30.954196,4,26,"[0, 2, 4, 5, 6, 7]",93.01580810546875,38.86540412902832,46.9561767578125,143,93.01580810546875,0.0,46.44097900390625,141
2025-07-17T20:43:30.961548,0,27,"[0, 1, 2, 3, 4, 5, 6, 7]",93.01580810546875,38.86540412902832,46.9561767578125,143,93.01580810546875,0.0,46.44097900390625,141
2025-07-17T20:43:30.967861,1,27,"[0, 1, 2, 3, 4, 7]",93.01580810546875,38.86540412902832,46.9561767578125,143,93.01580810546875,0.0,46.44097900390625,141
2025-07-17T20:43:30.974009,2,27,"[0, 1, 2, 3, 4, 5, 6, 7]",93.01580810546875,38.86540412902832,46.9561767578125,143,93.01580810546875,0.0,46.44097900390625,141
2025-07-17T20:43:30.981582,3,27,"[0, 1, 2, 3, 4, 7]",93.01580810546875,38.86540412902832,46.9561767578125,143,93.01580810546875,0.0,46.44097900390625,141
2025-07-17T20:43:30.988582,4,27,"[0, 1, 2, 3, 4, 7]",93.01580810546875,38.86540412902832,46.9561767578125,143,93.01580810546875,0.0,46.44097900390625,141
2025-07-17T20:43:31.001547,0,28,"[0, 1, 2, 3, 4, 5, 6, 7]",93.01580810546875,38.86540412902832,46.9561767578125,143,93.01580810546875,0.0,46.44097900390625,141
2025-07-17T20:43:31.009758,1,28,"[0, 1, 2, 3, 5, 6, 7]",93.01580810546875,38.86540412902832,46.9561767578125,143,93.01580810546875,0.0,46.44097900390625,141
2025-07-17T20:43:31.011910,2,28,"[0, 1, 2, 3, 4, 5, 6, 7]",93.01580810546875,38.86540412902832,46.9561767578125,143,93.01580810546875,0.0,46.44097900390625,141
2025-07-17T20:43:31.019728,3,28,"[0, 1, 2, 3, 5, 6, 7]",93.01580810546875,38.86540412902832,46.9561767578125,143,93.01580810546875,0.0,46.44097900390625,141
2025-07-17T20:43:31.026675,4,28,"[0, 1, 2, 3, 5, 6, 7]",93.01580810546875,38.86540412902832,46.9561767578125,143,93.01580810546875,0.0,46.44097900390625,141
2025-07-17T20:43:31.037975,0,29,"[0, 1, 2, 3, 4, 5, 6, 7]",93.01580810546875,38.86540412902832,46.9561767578125,143,93.01580810546875,0.0,46.44097900390625,141
2025-07-17T20:43:31.040816,1,29,"[0, 1, 2, 3, 4, 5, 6, 7]",93.01580810546875,38.86540412902832,46.9561767578125,143,93.01580810546875,0.0,46.44097900390625,141
2025-07-17T20:43:31.046783,2,29,"[1, 2, 3, 4, 5, 6, 7]",93.01580810546875,38.86540412902832,46.9561767578125,143,93.01580810546875,0.0,46.44097900390625,141
2025-07-17T20:43:31.053796,3,29,"[0, 1, 2, 3, 4, 5, 6, 7]",93.01580810546875,38.86540412902832,46.9561767578125,143,93.01580810546875,0.0,46.44097900390625,141
2025-07-17T20:43:31.066237,4,29,"[0, 1, 2, 3, 4, 5, 6, 7]",93.01580810546875,38.86540412902832,46.9561767578125,143,93.01580810546875,0.0,46.44097900390625,141
2025-07-17T20:43:31.074245,0,30,"[0, 1, 2, 3, 4, 5, 6, 7]",93.01580810546875,38.86540412902832,46.9561767578125,143,93.01580810546875,0.0,46.44097900390625,141
2025-07-17T20:43:31.075780,1,30,"[0, 1, 2, 3, 4, 5, 6, 7]",93.01580810546875,38.86540412902832,46.9561767578125,143,93.01580810546875,0.0,46.44097900390625,141
2025-07-17T20:43:31.084057,2,30,"[0, 2, 3, 4, 5, 6, 7]",93.01580810546875,38.86540412902832,46.9561767578125,143,93.01580810546875,0.0,46.44097900390625,141
2025-07-17T20:43:31.091346,3,30,"[0, 1, 2, 3, 4, 5, 6, 7]",93.01580810546875,38.86540412902832,46.9561767578125,143,93.01580810546875,0.0,46.44097900390625,141
2025-07-17T20:43:31.098173,4,30,"[0, 1, 2, 3, 4, 5, 6, 7]",93.01580810546875,38.86540412902832,46.9561767578125,143,93.01580810546875,0.0,46.44097900390625,141
2025-07-17T20:43:31.109529,0,31,"[0, 1, 2, 3, 4, 5, 6, 7]",93.01580810546875,38.87229824066162,46.9561767578125,143,93.01580810546875,0.0,46.44097900390625,141
2025-07-17T20:43:31.113527,1,31,"[0, 1, 2, 3, 4, 5, 6, 7]",93.01580810546875,38.86909008026123,46.9561767578125,143,93.01580810546875,0.0,46.44097900390625,141
2025-07-17T20:43:31.122805,2,31,"[0, 1, 2, 3, 4, 5, 6, 7]",93.01580810546875,38.86646366119385,46.9561767578125,143,93.01580810546875,0.0,46.44097900390625,141
2025-07-17T20:43:31.130703,3,31,"[0, 1, 2, 3, 4, 5, 6, 7]",93.01580810546875,38.86299800872803,46.9561767578125,143,93.01580810546875,0.0,46.44097900390625,141
2025-07-17T20:43:31.138435,4,31,"[0, 1, 2, 3, 4, 5, 6, 7]",93.01580810546875,38.86002254486084,46.9561767578125,143,93.01580810546875,0.0,46.44097900390625,141
2025-07-17T20:43:31.150119,0,0,"[0, 1, 2, 3, 4, 5, 6, 7]",93.01580810546875,38.85531425476074,46.9561767578125,143,93.01580810546875,0.0,46.44097900390625,141
2025-07-17T20:43:31.157135,1,0,"[0, 1, 2, 3, 4, 5, 6, 7]",93.01580810546875,38.85852241516113,46.9561767578125,143,93.01580810546875,0.0,46.44097900390625,141
2025-07-17T20:43:31.170443,2,0,"[0, 1, 2, 3, 4, 5, 6, 7]",93.01580810546875,38.86149787902832,46.9561767578125,143,93.01580810546875,0.0,46.44097900390625,141
2025-07-17T20:43:31.173101,3,0,"[0, 1, 2, 3, 4, 5, 6, 7]",93.01580810546875,38.86438179016113,46.9561767578125,143,93.01580810546875,0.0,46.44097900390625,141
2025-07-17T20:43:31.180613,4,0,"[0, 1, 2, 3, 4, 5, 6, 7]",93.01580810546875,38.86540412902832,46.9561767578125,143,93.01580810546875,0.0,46.44097900390625,141
2025-07-17T20:43:31.187063,0,1,"[0, 1, 2, 3, 4, 5, 6, 7]",93.01580810546875,38.86540412902832,46.9561767578125,143,93.01580810546875,0.0,46.44097900390625,141
2025-07-17T20:43:31.194264,1,1,"[0, 1, 2, 3, 4, 5, 6, 7]",93.01580810546875,38.86540412902832,46.9561767578125,143,93.01580810546875,0.0,46.44097900390625,141
2025-07-17T20:43:31.200946,2,1,"[0, 1, 2, 3, 4, 5, 6, 7]",93.01580810546875,38.86540412902832,46.9561767578125,143,93.01580810546875,0.0,46.44097900390625,141
2025-07-17T20:43:31.212154,3,1,"[0, 1, 2, 3, 4, 5, 6, 7]",93.01580810546875,38.86540412902832,46.9561767578125,143,93.01580810546875,0.0,46.44097900390625,141
2025-07-17T20:43:31.219245,4,1,"[0, 1, 2, 3, 4, 5, 6, 7]",93.01580810546875,38.86540412902832,46.9561767578125,143,93.01580810546875,0.0,46.44097900390625,141
2025-07-17T20:43:31.227848,0,2,"[0, 1, 2, 3, 4, 5, 6, 7]",93.01580810546875,38.86540412902832,46.9561767578125,143,93.01580810546875,0.0,46.44097900390625,141
2025-07-17T20:43:31.230051,1,2,"[0, 1, 2, 3, 4, 5, 6, 7]",93.01580810546875,38.86540412902832,46.9561767578125,143,93.01580810546875,0.0,46.44097900390625,141
2025-07-17T20:43:31.243364,2,2,"[0, 1, 2, 3, 4, 5, 6, 7]",93.01580810546875,38.86540412902832,46.9561767578125,143,93.01580810546875,0.0,46.44097900390625,141
2025-07-17T20:43:31.245481,3,2,"[0, 1, 2, 3, 4, 5, 6, 7]",93.01580810546875,38.86540412902832,46.9561767578125,143,93.01580810546875,0.0,46.44097900390625,141
2025-07-17T20:43:31.252535,4,2,"[0, 1, 2, 3, 4, 5, 6, 7]",93.01580810546875,38.86540412902832,46.9561767578125,143,93.01580810546875,0.0,46.44097900390625,141
2025-07-17T20:43:31.260269,0,3,"[0, 1, 2, 3, 4, 5, 6, 7]",93.01580810546875,38.86540412902832,46.9561767578125,143,93.01580810546875,0.0,46.44097900390625,141
2025-07-17T20:43:31.266800,1,3,"[0, 1, 2, 3, 4, 5, 6]",93.01580810546875,38.86540412902832,46.9561767578125,143,93.01580810546875,0.0,46.44097900390625,141
2025-07-17T20:43:31.273768,2,3,"[0, 1, 2, 3, 4, 5, 6, 7]",93.01580810546875,38.86540412902832,46.9561767578125,143,93.01580810546875,0.0,46.44097900390625,141
2025-07-17T20:43:31.285290,3,3,"[0, 1, 2, 3, 4, 5, 6]",93.01580810546875,38.86540412902832,46.9561767578125,143,93.01580810546875,0.0,46.44097900390625,141
2025-07-17T20:43:31.287668,4,3,"[0, 1, 2, 3, 4, 5, 6]",93.01580810546875,38.86540412902832,46.9561767578125,143,93.01580810546875,0.0,46.44097900390625,141
2025-07-17T20:43:31.295267,0,4,"[0, 1, 2, 3, 4, 5, 6, 7]",93.01580810546875,38.86540412902832,46.9561767578125,143,93.01580810546875,0.0,46.44097900390625,141
2025-07-17T20:43:31.303877,1,4,"[0, 1, 3, 4, 5, 6, 7]",93.01580810546875,38.86540412902832,46.9561767578125,143,93.01580810546875,0.0,46.44097900390625,141
2025-07-17T20:43:31.315190,2,4,"[0, 1, 2, 3, 4, 5, 6, 7]",93.01580810546875,38.86540412902832,46.9561767578125,143,93.01580810546875,0.0,46.44097900390625,141
2025-07-17T20:43:31.317428,3,4,"[0, 1, 3, 4, 5, 6, 7]",93.01580810546875,38.86540412902832,46.9561767578125,143,93.01580810546875,0.0,46.44097900390625,141
2025-07-17T20:43:31.325404,4,4,"[0, 1, 3, 4, 5, 6, 7]",93.01580810546875,38.86540412902832,46.9561767578125,143,93.01580810546875,0.0,46.44097900390625,141
2025-07-17T20:43:31.338029,0,5,"[0, 1, 2, 3, 4, 5, 6, 7]",93.01580810546875,38.86540412902832,46.9561767578125,143,93.01580810546875,0.0,46.44097900390625,141
2025-07-17T20:43:31.345740,1,5,"[0, 1, 2, 3, 4, 6, 7]",93.01580810546875,38.86540412902832,46.9561767578125,143,93.01580810546875,0.0,46.44097900390625,141
2025-07-17T20:43:31.348026,2,5,"[0, 1, 2, 3, 4, 5, 6, 7]",93.01580810546875,38.86540412902832,46.9561767578125,143,93.01580810546875,0.0,46.44097900390625,141
2025-07-17T20:43:31.355105,3,5,"[0, 1, 2, 3, 4, 6, 7]",93.01580810546875,38.86540412902832,46.9561767578125,143,93.01580810546875,0.0,46.44097900390625,141
2025-07-17T20:43:31.361069,4,5,"[0, 1, 2, 3, 4, 6, 7]",93.01580810546875,38.86540412902832,46.9561767578125,143,93.01580810546875,0.0,46.44097900390625,141
2025-07-17T20:43:31.367492,0,6,"[0, 1, 2, 3, 4, 5, 6, 7]",93.01580810546875,38.86540412902832,46.9561767578125,143,93.01580810546875,0.0,46.44097900390625,141
2025-07-17T20:43:31.374386,1,6,"[0, 1, 2, 3, 4, 5, 6, 7]",93.01580810546875,38.86540412902832,46.9561767578125,143,93.01580810546875,0.0,46.44097900390625,141
2025-07-17T20:43:31.387377,2,6,"[0, 1, 2, 3, 4, 5, 6, 7]",93.01580810546875,38.86540412902832,46.9561767578125,143,93.01580810546875,0.0,46.44097900390625,141
2025-07-17T20:43:31.389650,3,6,"[0, 1, 2, 3, 4, 5, 6, 7]",93.01580810546875,38.86540412902832,46.9561767578125,143,93.01580810546875,0.0,46.44097900390625,141
2025-07-17T20:43:31.397697,4,6,"[0, 1, 2, 3, 4, 5, 6, 7]",93.01580810546875,38.86540412902832,46.9561767578125,143,93.01580810546875,0.0,46.44097900390625,141
2025-07-17T20:43:31.404552,0,7,"[0, 1, 2, 3, 4, 5, 7]",93.01580810546875,38.86540412902832,46.9561767578125,143,93.01580810546875,0.0,46.44097900390625,141
2025-07-17T20:43:31.411558,1,7,"[0, 2, 3, 4, 5, 6, 7]",93.01580810546875,38.86540412902832,46.9561767578125,143,93.01580810546875,0.0,46.44097900390625,141
2025-07-17T20:43:31.418484,2,7,"[0, 1, 2, 3, 4, 5, 6, 7]",93.01580810546875,38.86540412902832,46.9561767578125,143,93.01580810546875,0.0,46.44097900390625,141
2025-07-17T20:43:31.425197,3,7,"[0, 2, 3, 4, 5, 6, 7]",93.01580810546875,38.86540412902832,46.9561767578125,143,93.01580810546875,0.0,46.44097900390625,141
2025-07-17T20:43:31.437047,4,7,"[0, 2, 3, 4, 5, 6, 7]",93.01580810546875,38.86540412902832,46.9561767578125,143,93.01580810546875,0.0,46.44097900390625,141
2025-07-17T20:43:31.439737,0,8,"[0, 1, 2, 3, 4, 5, 6, 7]",93.01580810546875,38.86540412902832,46.9561767578125,143,93.01580810546875,0.0,46.44097900390625,141
2025-07-17T20:43:31.452087,1,8,"[0, 1, 2, 3, 4, 5, 7]",93.01580810546875,38.86540412902832,46.9561767578125,143,93.01580810546875,0.0,46.44097900390625,141
2025-07-17T20:43:31.454717,2,8,"[0, 1, 2, 3, 4, 5, 6, 7]",93.01580810546875,38.86540412902832,46.9561767578125,143,93.01580810546875,0.0,46.44097900390625,141
2025-07-17T20:43:31.461724,3,8,"[0, 1, 2, 3, 4, 5, 7]",93.01580810546875,38.86540412902832,46.9561767578125,143,93.01580810546875,0.0,46.44097900390625,141
2025-07-17T20:43:31.473119,4,8,"[0, 1, 2, 3, 4, 5, 7]",93.01580810546875,38.86540412902832,46.9561767578125,143,93.01580810546875,0.0,46.44097900390625,141
2025-07-17T20:43:31.475532,0,9,"[0, 1, 2, 3, 4, 5, 6, 7]",93.01580810546875,38.86540412902832,46.9561767578125,143,93.01580810546875,0.0,46.44097900390625,141
2025-07-17T20:43:31.488148,1,9,"[0, 1, 2, 3, 5, 6, 7]",93.01580810546875,38.86540412902832,46.9561767578125,143,93.01580810546875,0.0,46.44097900390625,141
2025-07-17T20:43:31.490285,2,9,"[0, 1, 2, 3, 4, 5, 6, 7]",93.01580810546875,38.86540412902832,46.9561767578125,143,93.01580810546875,0.0,46.44097900390625,141
2025-07-17T20:43:31.497492,3,9,"[0, 1, 2, 3, 5, 6, 7]",93.01580810546875,38.86540412902832,46.9561767578125,143,93.01580810546875,0.0,46.44097900390625,141
2025-07-17T20:43:31.503698,4,9,"[0, 1, 2, 3, 5, 6, 7]",93.01580810546875,38.86540412902832,46.9561767578125,143,93.01580810546875,0.0,46.44097900390625,141
2025-07-17T20:43:31.512254,0,10,"[0, 1, 2, 3, 4, 5, 6, 7]",93.01580810546875,38.86540412902832,46.9561767578125,143,93.01580810546875,0.0,46.44097900390625,141
2025-07-17T20:43:31.519284,1,10,"[0, 1, 2, 4, 5, 6, 7]",93.01580810546875,38.86540412902832,46.9561767578125,143,93.01580810546875,0.0,46.44097900390625,141
2025-07-17T20:43:31.525659,2,10,"[0, 1, 2, 4, 5, 6, 7]",93.01580810546875,38.86540412902832,46.9561767578125,143,93.01580810546875,0.0,46.44097900390625,141
2025-07-17T20:43:31.533219,3,10,"[0, 1, 2, 4, 5, 6, 7]",93.01580810546875,38.86540412902832,46.9561767578125,143,93.01580810546875,0.0,46.44097900390625,141
2025-07-17T20:43:31.540482,4,10,"[0, 1, 2, 4, 5, 6, 7]",93.01580810546875,38.86540412902832,46.9561767578125,143,93.01580810546875,0.0,46.44097900390625,141
2025-07-17T20:43:31.546781,0,11,"[0, 1, 2, 3, 4, 5, 6, 7]",93.01580810546875,38.86540412902832,46.9561767578125,143,93.01580810546875,0.0,46.44097900390625,141
2025-07-17T20:43:31.554415,1,11,"[0, 1, 2, 4, 5, 6, 7]",93.01580810546875,38.86540412902832,46.9561767578125,143,93.01580810546875,0.0,46.44097900390625,141
2025-07-17T20:43:31.562350,2,11,"[0, 1, 2, 3, 4, 5, 6, 7]",93.01580810546875,38.86540412902832,46.9561767578125,143,93.01580810546875,0.0,46.44097900390625,141
2025-07-17T20:43:31.573879,3,11,"[0, 1, 2, 4, 5, 6, 7]",93.01580810546875,38.86540412902832,46.9561767578125,143,93.01580810546875,0.0,46.44097900390625,141
2025-07-17T20:43:31.576628,4,11,"[0, 1, 2, 4, 5, 6, 7]",93.01580810546875,38.86540412902832,46.9561767578125,143,93.01580810546875,0.0,46.44097900390625,141
2025-07-17T20:43:31.589778,0,12,"[0, 1, 2, 3, 4, 6, 7]",93.01580810546875,38.86540412902832,46.9561767578125,143,93.01580810546875,0.0,46.44097900390625,141
2025-07-17T20:43:31.591903,1,12,"[0, 1, 3, 4, 5, 6]",93.01580810546875,38.86540412902832,46.9561767578125,143,93.01580810546875,0.0,46.44097900390625,141
2025-07-17T20:43:31.604212,2,12,"[0, 1, 2, 3, 4, 5, 6, 7]",93.01580810546875,38.86540412902832,46.9561767578125,143,93.01580810546875,0.0,46.44097900390625,141
2025-07-17T20:43:31.606519,3,12,"[0, 1, 3, 4, 5, 6]",93.01580810546875,38.86540412902832,46.9561767578125,143,93.01580810546875,0.0,46.44097900390625,141
2025-07-17T20:43:31.619272,4,12,"[0, 1, 3, 4, 5, 6]",93.01580810546875,38.86540412902832,46.9561767578125,143,93.01580810546875,0.0,46.44097900390625,141
2025-07-17T20:43:31.622019,0,13,"[0, 1, 2, 3, 4, 5, 6, 7]",93.01580810546875,38.86540412902832,46.9561767578125,143,93.01580810546875,0.0,46.44097900390625,141
2025-07-17T20:43:31.629313,1,13,"[0, 1, 2, 3, 4, 6, 7]",93.01580810546875,38.86540412902832,46.9561767578125,143,93.01580810546875,0.0,46.44097900390625,141
2025-07-17T20:43:31.635799,2,13,"[0, 1, 2, 3, 4, 5, 6, 7]",93.01580810546875,38.86540412902832,46.9561767578125,143,93.01580810546875,0.0,46.44097900390625,141
2025-07-17T20:43:31.642191,3,13,"[0, 1, 2, 3, 4, 6, 7]",93.01580810546875,38.86540412902832,46.9561767578125,143,93.01580810546875,0.0,46.44097900390625,141
2025-07-17T20:43:31.654855,4,13,"[0, 1, 2, 3, 4, 6, 7]",93.01580810546875,38.86540412902832,46.9561767578125,143,93.01580810546875,0.0,46.44097900390625,141
2025-07-17T20:43:31.657119,0,14,"[0, 1, 2, 3, 4, 5, 6, 7]",93.01580810546875,38.86540412902832,46.9561767578125,143,93.01580810546875,0.0,46.44097900390625,141
2025-07-17T20:43:31.664338,1,14,"[0, 1, 2, 3, 4, 5, 7]",93.01580810546875,38.86540412902832,46.9561767578125,143,93.01580810546875,0.0,46.44097900390625,141
2025-07-17T20:43:31.676701,2,14,"[0, 1, 2, 3, 4, 5, 6, 7]",93.01580810546875,38.86540412902832,46.9561767578125,143,93.01580810546875,0.0,46.44097900390625,141
2025-07-17T20:43:31.679050,3,14,"[0, 1, 2, 3, 4, 5, 7]",93.01580810546875,38.86540412902832,46.9561767578125,143,93.01580810546875,0.0,46.44097900390625,141
2025-07-17T20:43:31.691963,4,14,"[0, 1, 2, 3, 4, 5, 7]",93.01580810546875,38.86540412902832,46.9561767578125,143,93.01580810546875,0.0,46.44097900390625,141
2025-07-17T20:43:31.694101,0,15,"[0, 1, 2, 3, 4, 5, 6, 7]",93.01580810546875,38.86540412902832,46.9561767578125,143,93.01580810546875,0.0,46.44097900390625,141
2025-07-17T20:43:31.706902,1,15,"[0, 1, 2, 3, 4, 5, 6]",93.01580810546875,38.86540412902832,46.9561767578125,143,93.01580810546875,0.0,46.44097900390625,141
2025-07-17T20:43:31.709051,2,15,"[0, 1, 2, 3, 4, 5, 6, 7]",93.01580810546875,38.86540412902832,46.9561767578125,143,93.01580810546875,0.0,46.44097900390625,141
2025-07-17T20:43:31.715252,3,15,"[0, 1, 2, 3, 4, 5, 6]",93.01580810546875,38.86540412902832,46.9561767578125,143,93.01580810546875,0.0,46.44097900390625,141
2025-07-17T20:43:31.721616,4,15,"[0, 1, 2, 3, 4, 5, 6]",93.01580810546875,38.86540412902832,46.9561767578125,143,93.01580810546875,0.0,46.44097900390625,141
2025-07-17T20:43:31.728348,0,16,"[0, 1, 2, 3, 4, 5, 6, 7]",93.01580810546875,38.86540412902832,46.9561767578125,143,93.01580810546875,0.0,46.44097900390625,141
2025-07-17T20:43:31.735439,1,16,"[0, 2, 3, 4, 5, 6, 7]",93.01580810546875,38.86540412902832,46.9561767578125,143,93.01580810546875,0.0,46.44097900390625,141
2025-07-17T20:43:31.742315,2,16,"[0, 1, 2, 3, 4, 5, 6, 7]",93.01580810546875,38.86540412902832,46.9561767578125,143,93.01580810546875,0.0,46.44097900390625,141
2025-07-17T20:43:31.749170,3,16,"[0, 2, 3, 4, 5, 6, 7]",93.01580810546875,38.86540412902832,46.9561767578125,143,93.01580810546875,0.0,46.44097900390625,141
2025-07-17T20:43:31.755831,4,16,"[0, 2, 3, 4, 5, 6, 7]",93.01580810546875,38.86540412902832,46.9561767578125,143,93.01580810546875,0.0,46.44097900390625,141
2025-07-17T20:43:31.762526,0,17,"[0, 1, 2, 3, 4, 5, 6, 7]",93.01580810546875,38.86540412902832,46.9561767578125,143,93.01580810546875,0.0,46.44097900390625,141
2025-07-17T20:43:31.775071,1,17,"[0, 1, 2, 3, 4, 5, 6, 7]",93.01580810546875,38.86540412902832,46.9561767578125,143,93.01580810546875,0.0,46.44097900390625,141
2025-07-17T20:43:31.777177,2,17,"[0, 1, 2, 3, 4, 5, 6, 7]",93.01580810546875,38.86540412902832,46.9561767578125,143,93.01580810546875,0.0,46.44097900390625,141
2025-07-17T20:43:31.790311,3,17,"[0, 1, 2, 3, 4, 5, 6, 7]",93.01580810546875,38.86540412902832,46.9561767578125,143,93.01580810546875,0.0,46.44097900390625,141
2025-07-17T20:43:31.798973,4,17,"[0, 1, 2, 3, 4, 5, 6, 7]",93.01580810546875,38.86540412902832,46.9561767578125,143,93.01580810546875,0.0,46.44097900390625,141
2025-07-17T20:43:31.801119,0,18,"[0, 1, 2, 3, 4, 5, 6, 7]",93.01580810546875,38.86540412902832,46.9561767578125,143,93.01580810546875,0.0,46.44097900390625,141
2025-07-17T20:43:31.808673,1,18,"[0, 1, 2, 3, 4, 5, 6, 7]",93.01580810546875,38.86540412902832,46.9561767578125,143,93.01580810546875,0.0,46.44097900390625,141
2025-07-17T20:43:31.816494,2,18,"[0, 1, 2, 4, 5, 6, 7]",93.01580810546875,38.86540412902832,46.9561767578125,143,93.01580810546875,0.0,46.44097900390625,141
2025-07-17T20:43:31.822847,3,18,"[0, 1, 2, 3, 4, 5, 6, 7]",93.01580810546875,38.86540412902832,46.9561767578125,143,93.01580810546875,0.0,46.44097900390625,141
2025-07-17T20:43:31.829254,4,18,"[0, 1, 2, 3, 4, 5, 6, 7]",93.01580810546875,38.86540412902832,46.9561767578125,143,93.01580810546875,0.0,46.44097900390625,141
2025-07-17T20:43:31.835874,0,19,"[0, 1, 2, 3, 4, 5, 6, 7]",93.01580810546875,38.86540412902832,46.9561767578125,143,93.01580810546875,0.0,46.44097900390625,141
2025-07-17T20:43:31.843075,1,19,"[1, 2, 3, 4, 5, 6, 7]",93.01580810546875,38.86540412902832,46.9561767578125,143,93.01580810546875,0.0,46.44097900390625,141
2025-07-17T20:43:31.850106,2,19,"[0, 1, 2, 3, 4, 5, 6, 7]",93.01580810546875,38.86540412902832,46.9561767578125,143,93.01580810546875,0.0,46.44097900390625,141
2025-07-17T20:43:31.863084,3,19,"[1, 2, 3, 4, 5, 6, 7]",93.01580810546875,38.86540412902832,46.9561767578125,143,93.01580810546875,0.0,46.44097900390625,141
2025-07-17T20:43:31.865498,4,19,"[1, 2, 3, 4, 5, 6, 7]",93.01580810546875,38.86540412902832,46.9561767578125,143,93.01580810546875,0.0,46.44097900390625,141
2025-07-17T20:43:31.872739,0,20,"[0, 1, 2, 3, 4, 5, 6, 7]",93.01580810546875,38.86540412902832,46.9561767578125,143,93.01580810546875,0.0,46.44097900390625,141
2025-07-17T20:43:31.880098,1,20,"[0, 1, 2, 3, 4, 5, 6, 7]",93.01580810546875,38.86540412902832,46.9561767578125,143,93.01580810546875,0.0,46.44097900390625,141
2025-07-17T20:43:31.887925,2,20,"[0, 1, 2, 3, 4, 5, 6, 7]",93.01580810546875,38.86540412902832,46.9561767578125,143,93.01580810546875,0.0,46.44097900390625,141
2025-07-17T20:43:31.894378,3,20,"[0, 1, 2, 3, 4, 5, 6, 7]",93.01580810546875,38.86540412902832,46.9561767578125,143,93.01580810546875,0.0,46.44097900390625,141
2025-07-17T20:43:31.906262,4,20,"[0, 1, 2, 3, 4, 5, 6, 7]",93.01580810546875,38.86540412902832,46.9561767578125,143,93.01580810546875,0.0,46.44097900390625,141
2025-07-17T20:43:31.908494,0,21,"[0, 1, 2, 3, 4, 5, 6, 7]",93.01580810546875,38.86540412902832,46.9561767578125,143,93.01580810546875,0.0,46.44097900390625,141
2025-07-17T20:43:31.915148,1,21,"[0, 1, 2, 3, 4, 5, 6, 7]",93.01580810546875,38.86540412902832,46.9561767578125,143,93.01580810546875,0.0,46.44097900390625,141
2025-07-17T20:43:31.922619,2,21,"[0, 1, 2, 3, 4, 5, 6, 7]",93.01580810546875,38.86540412902832,46.9561767578125,143,93.01580810546875,0.0,46.44097900390625,141
2025-07-17T20:43:31.929298,3,21,"[0, 1, 2, 3, 4, 5, 6, 7]",93.01580810546875,38.86540412902832,46.9561767578125,143,93.01580810546875,0.0,46.44097900390625,141
2025-07-17T20:43:31.935844,4,21,"[0, 1, 2, 3, 4, 5, 6, 7]",93.01580810546875,38.86540412902832,46.9561767578125,143,93.01580810546875,0.0,46.44097900390625,141
2025-07-17T20:43:31.948610,0,22,"[0, 1, 2, 3, 4, 5, 6, 7]",93.01580810546875,38.86540412902832,46.9561767578125,143,93.01580810546875,0.0,46.44097900390625,141
2025-07-17T20:43:31.950744,1,22,"[0, 1, 2, 3, 4, 5, 6, 7]",93.01580810546875,38.86540412902832,46.9561767578125,143,93.01580810546875,0.0,46.44097900390625,141
2025-07-17T20:43:31.958275,2,22,"[0, 1, 2, 3, 4, 5, 6, 7]",93.01580810546875,38.86540412902832,46.9561767578125,143,93.01580810546875,0.0,46.44097900390625,141
2025-07-17T20:43:31.964666,3,22,"[0, 1, 2, 3, 4, 5, 6, 7]",93.01580810546875,38.86540412902832,46.9561767578125,143,93.01580810546875,0.0,46.44097900390625,141
2025-07-17T20:43:31.971683,4,22,"[0, 1, 2, 3, 4, 5, 6, 7]",93.01580810546875,38.86540412902832,46.9561767578125,143,93.01580810546875,0.0,46.44097900390625,141
2025-07-17T20:43:31.979181,0,23,"[0, 1, 2, 3, 4, 5, 6, 7]",93.01580810546875,38.86540412902832,46.9561767578125,143,93.01580810546875,0.0,46.44097900390625,141
2025-07-17T20:43:31.986779,1,23,"[0, 1, 2, 3, 4, 5, 6, 7]",93.01580810546875,38.86540412902832,46.9561767578125,143,93.01580810546875,0.0,46.44097900390625,141
2025-07-17T20:43:31.993617,2,23,"[0, 1, 2, 3, 4, 5, 6, 7]",93.01580810546875,38.86540412902832,46.9561767578125,143,93.01580810546875,0.0,46.44097900390625,141
2025-07-17T20:43:32.000272,3,23,"[0, 1, 2, 3, 4, 5, 6, 7]",93.01580810546875,38.86540412902832,46.9561767578125,143,93.01580810546875,0.0,46.44097900390625,141
2025-07-17T20:43:32.007502,4,23,"[0, 1, 2, 3, 4, 5, 6, 7]",93.01580810546875,38.86540412902832,46.9561767578125,143,93.01580810546875,0.0,46.44097900390625,141
2025-07-17T20:43:32.013817,0,24,"[0, 1, 2, 3, 4, 5, 6, 7]",93.01580810546875,38.86540412902832,46.9561767578125,143,93.01580810546875,0.0,46.44097900390625,141
2025-07-17T20:43:32.020540,1,24,"[0, 1, 2, 3, 4, 5, 6, 7]",93.01580810546875,38.86540412902832,46.9561767578125,143,93.01580810546875,0.0,46.44097900390625,141
2025-07-17T20:43:32.027318,2,24,"[0, 1, 2, 3, 4, 5, 6, 7]",93.01580810546875,38.86540412902832,46.9561767578125,143,93.01580810546875,0.0,46.44097900390625,141
2025-07-17T20:43:32.039927,3,24,"[0, 1, 2, 3, 4, 5, 6, 7]",93.01580810546875,38.86540412902832,46.9561767578125,143,93.01580810546875,0.0,46.44097900390625,141
2025-07-17T20:43:32.042234,4,24,"[0, 1, 2, 3, 4, 5, 6, 7]",93.01580810546875,38.86540412902832,46.9561767578125,143,93.01580810546875,0.0,46.44097900390625,141
2025-07-17T20:43:32.048843,0,25,"[0, 1, 2, 3, 4, 5, 6, 7]",93.01580810546875,38.86540412902832,46.9561767578125,143,93.01580810546875,0.0,46.44097900390625,141
2025-07-17T20:43:32.056277,1,25,"[0, 1, 2, 3, 4, 5, 6, 7]",93.01580810546875,38.86540412902832,46.9561767578125,143,93.01580810546875,0.0,46.44097900390625,141
2025-07-17T20:43:32.063376,2,25,"[0, 1, 2, 3, 4, 5, 6, 7]",93.01580810546875,38.86540412902832,46.9561767578125,143,93.01580810546875,0.0,46.44097900390625,141
2025-07-17T20:43:32.075309,3,25,"[0, 1, 2, 3, 4, 5, 6, 7]",93.01580810546875,38.86540412902832,46.9561767578125,143,93.01580810546875,0.0,46.44097900390625,141
2025-07-17T20:43:32.083577,4,25,"[0, 1, 2, 3, 4, 5, 6, 7]",93.01580810546875,38.86540412902832,46.9561767578125,143,93.01580810546875,0.0,46.44097900390625,141
2025-07-17T20:43:32.086220,0,26,"[0, 1, 2, 3, 4, 5, 6, 7]",93.01580810546875,38.86540412902832,46.9561767578125,143,93.01580810546875,0.0,46.44097900390625,141
2025-07-17T20:43:32.093877,1,26,"[0, 2, 3, 4, 5, 6, 7]",93.01580810546875,38.86540412902832,46.9561767578125,143,93.01580810546875,0.0,46.44097900390625,141
2025-07-17T20:43:32.106380,2,26,"[0, 1, 2, 3, 4, 5, 6, 7]",93.01580810546875,38.86540412902832,46.9561767578125,143,93.01580810546875,0.0,46.44097900390625,141
2025-07-17T20:43:32.108432,3,26,"[0, 2, 3, 4, 5, 6, 7]",93.01580810546875,38.86540412902832,46.9561767578125,143,93.01580810546875,0.0,46.44097900390625,141
2025-07-17T20:43:32.115352,4,26,"[0, 2, 3, 4, 5, 6, 7]",93.01580810546875,38.86540412902832,46.9561767578125,143,93.01580810546875,0.0,46.44097900390625,141
2025-07-17T20:43:32.123451,0,27,"[0, 1, 2, 3, 4, 5, 6, 7]",93.01580810546875,38.86540412902832,46.9561767578125,143,93.01580810546875,0.0,46.44097900390625,141
2025-07-17T20:43:32.130137,1,27,"[0, 1, 2, 3, 4, 5, 6, 7]",93.01580810546875,38.86540412902832,46.9561767578125,143,93.01580810546875,0.0,46.44097900390625,141
2025-07-17T20:43:32.142297,2,27,"[0, 1, 2, 3, 4, 5, 6, 7]",93.01580810546875,38.86540412902832,46.9561767578125,143,93.01580810546875,0.0,46.44097900390625,141
2025-07-17T20:43:32.148798,3,27,"[0, 1, 2, 3, 4, 5, 6, 7]",93.01580810546875,38.86540412902832,46.9561767578125,143,93.01580810546875,0.0,46.44097900390625,141
2025-07-17T20:43:32.151112,4,27,"[0, 1, 2, 3, 4, 5, 6, 7]",93.01580810546875,38.86540412902832,46.9561767578125,143,93.01580810546875,0.0,46.44097900390625,141
2025-07-17T20:43:32.159077,0,28,"[0, 1, 2, 3, 4, 5, 6, 7]",93.01580810546875,38.86540412902832,46.9561767578125,143,93.01580810546875,0.0,46.44097900390625,141
2025-07-17T20:43:32.165884,1,28,"[0, 1, 2, 3, 4, 5, 6, 7]",93.01580810546875,38.86540412902832,46.9561767578125,143,93.01580810546875,0.0,46.44097900390625,141
2025-07-17T20:43:32.173221,2,28,"[0, 1, 2, 3, 4, 5, 6, 7]",93.01580810546875,38.86540412902832,46.9561767578125,143,93.01580810546875,0.0,46.44097900390625,141
2025-07-17T20:43:32.179494,3,28,"[0, 1, 2, 3, 4, 5, 6, 7]",93.01580810546875,38.86540412902832,46.9561767578125,143,93.01580810546875,0.0,46.44097900390625,141
2025-07-17T20:43:32.186180,4,28,"[0, 1, 2, 3, 4, 5, 6, 7]",93.01580810546875,38.86540412902832,46.9561767578125,143,93.01580810546875,0.0,46.44097900390625,141
2025-07-17T20:43:32.192720,0,29,"[0, 1, 2, 3, 4, 5, 6, 7]",93.01580810546875,38.86540412902832,46.9561767578125,143,93.01580810546875,0.0,46.44097900390625,141
2025-07-17T20:43:32.200150,1,29,"[0, 1, 2, 3, 4, 5, 6, 7]",93.01580810546875,38.86540412902832,46.9561767578125,143,93.01580810546875,0.0,46.44097900390625,141
2025-07-17T20:43:32.206748,2,29,"[0, 1, 2, 3, 4, 5, 6, 7]",93.01580810546875,38.86540412902832,46.9561767578125,143,93.01580810546875,0.0,46.44097900390625,141
2025-07-17T20:43:32.219606,3,29,"[0, 1, 2, 3, 4, 5, 6, 7]",93.01580810546875,38.86540412902832,46.9561767578125,143,93.01580810546875,0.0,46.44097900390625,141
2025-07-17T20:43:32.221839,4,29,"[0, 1, 2, 3, 4, 5, 6, 7]",93.01580810546875,38.86540412902832,46.9561767578125,143,93.01580810546875,0.0,46.44097900390625,141
2025-07-17T20:43:32.228838,0,30,"[0, 1, 2, 3, 4, 5, 6, 7]",93.01580810546875,38.86540412902832,46.9561767578125,143,93.01580810546875,0.0,46.44097900390625,141
2025-07-17T20:43:32.235717,1,30,"[0, 2, 3, 4, 5, 6, 7]",93.01580810546875,38.86540412902832,46.9561767578125,143,93.01580810546875,0.0,46.44097900390625,141
2025-07-17T20:43:32.247710,2,30,"[0, 1, 2, 3, 4, 5, 6, 7]",93.01580810546875,38.86540412902832,46.9561767578125,143,93.01580810546875,0.0,46.44097900390625,141
2025-07-17T20:43:32.249966,3,30,"[0, 2, 3, 4, 5, 6, 7]",93.01580810546875,38.86540412902832,46.9561767578125,143,93.01580810546875,0.0,46.44097900390625,141
2025-07-17T20:43:32.256062,4,30,"[0, 2, 3, 4, 5, 6, 7]",93.01580810546875,38.86540412902832,46.9561767578125,143,93.01580810546875,0.0,46.44097900390625,141
2025-07-17T20:43:32.262732,0,31,"[0, 1, 2, 3, 4, 5, 6, 7]",93.01580810546875,38.87229824066162,46.9561767578125,143,93.01580810546875,0.0,46.44097900390625,141
2025-07-17T20:43:32.270075,1,31,"[0, 1, 2, 4, 5, 6, 7]",93.01580810546875,38.86909008026123,46.9561767578125,143,93.01580810546875,0.0,46.44097900390625,141
2025-07-17T20:43:32.278593,2,31,"[0, 1, 2, 3, 4, 5, 6, 7]",93.01580810546875,38.86646366119385,46.9561767578125,143,93.01580810546875,0.0,46.44097900390625,141
2025-07-17T20:43:32.286173,3,31,"[0, 1, 2, 4, 5, 6, 7]",93.01580810546875,38.86299800872803,46.9561767578125,143,93.01580810546875,0.0,46.44097900390625,141
2025-07-17T20:43:32.293979,4,31,"[0, 1, 2, 4, 5, 6, 7]",93.01580810546875,38.86002254486084,46.9561767578125,143,93.01580810546875,0.0,46.44097900390625,141
2025-07-17T20:43:32.310922,0,0,"[0, 1, 2, 3, 4, 5, 6, 7]",93.01580810546875,38.85531425476074,46.9561767578125,143,93.01580810546875,0.0,46.44097900390625,141
2025-07-17T20:43:32.313398,1,0,"[0, 1, 2, 3, 4, 5, 6, 7]",93.01580810546875,38.85852241516113,46.9561767578125,143,93.01580810546875,0.0,46.44097900390625,141
2025-07-17T20:43:32.321276,2,0,"[0, 1, 2, 3, 4, 5, 6, 7]",93.01580810546875,38.86149787902832,46.9561767578125,143,93.01580810546875,0.0,46.44097900390625,141
2025-07-17T20:43:32.327184,3,0,"[0, 1, 2, 3, 4, 5, 6, 7]",93.01580810546875,38.86438179016113,46.9561767578125,143,93.01580810546875,0.0,46.44097900390625,141
2025-07-17T20:43:32.335266,4,0,"[0, 1, 2, 3, 4, 5, 6, 7]",93.01580810546875,38.86540412902832,46.9561767578125,143,93.01580810546875,0.0,46.44097900390625,141
2025-07-17T20:43:32.342167,0,1,"[0, 1, 2, 4, 5, 6, 7]",93.01580810546875,38.86540412902832,46.9561767578125,143,93.01580810546875,0.0,46.44097900390625,141
2025-07-17T20:43:32.348325,1,1,"[0, 1, 2, 3, 5, 6, 7]",93.01580810546875,38.86540412902832,46.9561767578125,143,93.01580810546875,0.0,46.44097900390625,141
2025-07-17T20:43:32.360442,2,1,"[0, 1, 2, 4, 5, 6, 7]",93.01580810546875,38.86540412902832,46.9561767578125,143,93.01580810546875,0.0,46.44097900390625,141
2025-07-17T20:43:32.362597,3,1,"[0, 1, 2, 3, 5, 6, 7]",93.01580810546875,38.86540412902832,46.9561767578125,143,93.01580810546875,0.0,46.44097900390625,141
2025-07-17T20:43:32.374320,4,1,"[0, 1, 2, 3, 5, 6, 7]",93.01580810546875,38.86540412902832,46.9561767578125,143,93.01580810546875,0.0,46.44097900390625,141
2025-07-17T20:43:32.377007,0,2,"[0, 1, 2, 3, 4, 5, 6, 7]",93.01580810546875,38.86540412902832,46.9561767578125,143,93.01580810546875,0.0,46.44097900390625,141
2025-07-17T20:43:32.385375,1,2,"[0, 1, 2, 3, 4, 5, 6, 7]",93.01580810546875,38.86540412902832,46.9561767578125,143,93.01580810546875,0.0,46.44097900390625,141
2025-07-17T20:43:32.391493,2,2,"[0, 1, 2, 3, 4, 5, 6, 7]",93.01580810546875,38.86540412902832,46.9561767578125,143,93.01580810546875,0.0,46.44097900390625,141
2025-07-17T20:43:32.404186,3,2,"[0, 1, 2, 3, 4, 5, 6, 7]",93.01580810546875,38.86540412902832,46.9561767578125,143,93.01580810546875,0.0,46.44097900390625,141
2025-07-17T20:43:32.406355,4,2,"[0, 1, 2, 3, 4, 5, 6, 7]",93.01580810546875,38.86540412902832,46.9561767578125,143,93.01580810546875,0.0,46.44097900390625,141
2025-07-17T20:43:32.414696,0,3,"[0, 1, 2, 3, 4, 5, 6, 7]",93.01580810546875,38.86540412902832,46.9561767578125,143,93.01580810546875,0.0,46.44097900390625,141
2025-07-17T20:43:32.426574,1,3,"[0, 1, 2, 3, 4, 6, 7]",93.01580810546875,38.86540412902832,46.9561767578125,143,93.01580810546875,0.0,46.44097900390625,141
2025-07-17T20:43:32.429244,2,3,"[0, 1, 2, 3, 4, 5, 6, 7]",93.01580810546875,38.86540412902832,46.9561767578125,143,93.01580810546875,0.0,46.44097900390625,141
2025-07-17T20:43:32.440999,3,3,"[0, 1, 2, 3, 4, 6, 7]",93.01580810546875,38.86540412902832,46.9561767578125,143,93.01580810546875,0.0,46.44097900390625,141
2025-07-17T20:43:32.443490,4,3,"[0, 1, 2, 3, 4, 6, 7]",93.01580810546875,38.86540412902832,46.9561767578125,143,93.01580810546875,0.0,46.44097900390625,141
2025-07-17T20:43:32.454848,0,4,"[0, 1, 2, 3, 4, 5, 6, 7]",93.01580810546875,38.86540412902832,46.9561767578125,143,93.01580810546875,0.0,46.44097900390625,141
2025-07-17T20:43:32.456959,1,4,"[0, 1, 2, 3, 4, 5, 6, 7]",93.01580810546875,38.86540412902832,46.9561767578125,143,93.01580810546875,0.0,46.44097900390625,141
2025-07-17T20:43:32.464103,2,4,"[0, 1, 2, 3, 4, 5, 6, 7]",93.01580810546875,38.86540412902832,46.9561767578125,143,93.01580810546875,0.0,46.44097900390625,141
2025-07-17T20:43:32.470586,3,4,"[0, 1, 2, 3, 4, 5, 6, 7]",93.01580810546875,38.86540412902832,46.9561767578125,143,93.01580810546875,0.0,46.44097900390625,141
2025-07-17T20:43:32.477363,4,4,"[0, 1, 2, 3, 4, 5, 6, 7]",93.01580810546875,38.86540412902832,46.9561767578125,143,93.01580810546875,0.0,46.44097900390625,141
2025-07-17T20:43:32.489213,0,5,"[0, 1, 2, 3, 4, 5, 6, 7]",93.01580810546875,38.86540412902832,46.9561767578125,143,93.01580810546875,0.0,46.44097900390625,141
2025-07-17T20:43:32.491287,1,5,"[0, 1, 2, 3, 4, 5, 6, 7]",93.01580810546875,38.86540412902832,46.9561767578125,143,93.01580810546875,0.0,46.44097900390625,141
2025-07-17T20:43:32.498877,2,5,"[0, 1, 2, 3, 4, 5, 6, 7]",93.01580810546875,38.86540412902832,46.9561767578125,143,93.01580810546875,0.0,46.44097900390625,141
2025-07-17T20:43:32.505545,3,5,"[0, 1, 2, 3, 4, 5, 6, 7]",93.01580810546875,38.86540412902832,46.9561767578125,143,93.01580810546875,0.0,46.44097900390625,141
2025-07-17T20:43:32.517786,4,5,"[0, 1, 2, 3, 4, 5, 6, 7]",93.01580810546875,38.86540412902832,46.9561767578125,143,93.01580810546875,0.0,46.44097900390625,141
2025-07-17T20:43:32.520710,0,6,"[0, 1, 2, 3, 4, 5, 6, 7]",93.01580810546875,38.86540412902832,46.9561767578125,143,93.01580810546875,0.0,46.44097900390625,141
2025-07-17T20:43:32.527253,1,6,"[0, 1, 2, 3, 4, 5, 6, 7]",93.01580810546875,38.86540412902832,46.9561767578125,143,93.01580810546875,0.0,46.44097900390625,141
2025-07-17T20:43:32.534527,2,6,"[0, 1, 2, 3, 4, 5, 6, 7]",93.01580810546875,38.86540412902832,46.9561767578125,143,93.01580810546875,0.0,46.44097900390625,141
2025-07-17T20:43:32.541720,3,6,"[0, 1, 2, 3, 4, 5, 6, 7]",93.01580810546875,38.86540412902832,46.9561767578125,143,93.01580810546875,0.0,46.44097900390625,141
2025-07-17T20:43:32.549317,4,6,"[0, 1, 2, 3, 4, 5, 6, 7]",93.01580810546875,38.86540412902832,46.9561767578125,143,93.01580810546875,0.0,46.44097900390625,141
2025-07-17T20:43:32.561959,0,7,"[0, 1, 2, 3, 4, 5, 6, 7]",93.01580810546875,38.86540412902832,46.9561767578125,143,93.01580810546875,0.0,46.44097900390625,141
2025-07-17T20:43:32.564938,1,7,"[0, 1, 2, 4, 5, 6, 7]",93.01580810546875,38.86540412902832,46.9561767578125,143,93.01580810546875,0.0,46.44097900390625,141
2025-07-17T20:43:32.577034,2,7,"[0, 1, 2, 3, 4, 5, 6, 7]",93.01580810546875,38.86540412902832,46.9561767578125,143,93.01580810546875,0.0,46.44097900390625,141
2025-07-17T20:43:32.579692,3,7,"[0, 1, 2, 4, 5, 6, 7]",93.01580810546875,38.86540412902832,46.9561767578125,143,93.01580810546875,0.0,46.44097900390625,141
2025-07-17T20:43:32.591890,4,7,"[0, 1, 2, 4, 5, 6, 7]",93.01580810546875,38.86540412902832,46.9561767578125,143,93.01580810546875,0.0,46.44097900390625,141
2025-07-17T20:43:32.593819,0,8,"[0, 1, 2, 3, 4, 5, 6, 7]",93.01580810546875,38.86540412902832,46.9561767578125,143,93.01580810546875,0.0,46.44097900390625,141
2025-07-17T20:43:32.601094,1,8,"[0, 1, 2, 3, 4, 5, 6, 7]",93.01580810546875,38.86540412902832,46.9561767578125,143,93.01580810546875,0.0,46.44097900390625,141
2025-07-17T20:43:32.608431,2,8,"[0, 1, 2, 3, 4, 5, 6, 7]",93.01580810546875,38.86540412902832,46.9561767578125,143,93.01580810546875,0.0,46.44097900390625,141
2025-07-17T20:43:32.615068,3,8,"[0, 1, 2, 3, 4, 5, 6, 7]",93.01580810546875,38.86540412902832,46.9561767578125,143,93.01580810546875,0.0,46.44097900390625,141
2025-07-17T20:43:32.628115,4,8,"[0, 1, 2, 3, 4, 5, 6, 7]",93.01580810546875,38.86540412902832,46.9561767578125,143,93.01580810546875,0.0,46.44097900390625,141
2025-07-17T20:43:32.630402,0,9,"[0, 1, 2, 3, 4, 5, 6, 7]",93.01580810546875,38.86540412902832,46.9561767578125,143,93.01580810546875,0.0,46.44097900390625,141
2025-07-17T20:43:32.644886,1,9,"[0, 1, 2, 3, 4, 5, 6, 7]",93.01580810546875,38.86540412902832,46.9561767578125,143,93.01580810546875,0.0,46.44097900390625,141
2025-07-17T20:43:32.646903,2,9,"[0, 1, 2, 3, 4, 5, 6, 7]",93.01580810546875,38.86540412902832,46.9561767578125,143,93.01580810546875,0.0,46.44097900390625,141
2025-07-17T20:43:32.659697,3,9,"[0, 1, 2, 3, 4, 5, 6, 7]",93.01580810546875,38.86540412902832,46.9561767578125,143,93.01580810546875,0.0,46.44097900390625,141
2025-07-17T20:43:32.661713,4,9,"[0, 1, 2, 3, 4, 5, 6, 7]",93.01580810546875,38.86540412902832,46.9561767578125,143,93.01580810546875,0.0,46.44097900390625,141
2025-07-17T20:43:32.669037,0,10,"[0, 1, 2, 3, 4, 5, 6, 7]",93.01580810546875,38.86540412902832,46.9561767578125,143,93.01580810546875,0.0,46.44097900390625,141
2025-07-17T20:43:32.676978,1,10,"[0, 1, 2, 3, 4, 5, 6, 7]",93.01580810546875,38.86540412902832,46.9561767578125,143,93.01580810546875,0.0,46.44097900390625,141
2025-07-17T20:43:32.683635,2,10,"[0, 1, 2, 3, 4, 5, 6, 7]",93.01580810546875,38.86540412902832,46.9561767578125,143,93.01580810546875,0.0,46.44097900390625,141
2025-07-17T20:43:32.690095,3,10,"[0, 1, 2, 3, 4, 5, 6, 7]",93.01580810546875,38.86540412902832,46.9561767578125,143,93.01580810546875,0.0,46.44097900390625,141
2025-07-17T20:43:32.697138,4,10,"[0, 1, 2, 3, 4, 5, 6, 7]",93.01580810546875,38.86540412902832,46.9561767578125,143,93.01580810546875,0.0,46.44097900390625,141
2025-07-17T20:43:32.703734,0,11,"[0, 1, 2, 4, 5, 6, 7]",93.01580810546875,38.86540412902832,46.9561767578125,143,93.01580810546875,0.0,46.44097900390625,141
2025-07-17T20:43:32.711655,1,11,"[0, 1, 2, 4, 5, 6, 7]",93.01580810546875,38.86540412902832,46.9561767578125,143,93.01580810546875,0.0,46.44097900390625,141
2025-07-17T20:43:32.720073,2,11,"[0, 1, 2, 3, 4, 5, 6, 7]",93.01580810546875,38.86540412902832,46.9561767578125,143,93.01580810546875,0.0,46.44097900390625,141
2025-07-17T20:43:32.727660,3,11,"[0, 1, 2, 4, 5, 6, 7]",93.01580810546875,38.86540412902832,46.9561767578125,143,93.01580810546875,0.0,46.44097900390625,141
2025-07-17T20:43:32.735307,4,11,"[0, 1, 2, 4, 5, 6, 7]",93.01580810546875,38.86540412902832,46.9561767578125,143,93.01580810546875,0.0,46.44097900390625,141
2025-07-17T20:43:32.743264,0,12,"[0, 1, 2, 3, 4, 5, 6, 7]",93.01580810546875,38.86540412902832,46.9561767578125,143,93.01580810546875,0.0,46.44097900390625,141
2025-07-17T20:43:32.755308,1,12,"[0, 1, 2, 3, 4, 5, 6, 7]",93.01580810546875,38.86540412902832,46.9561767578125,143,93.01580810546875,0.0,46.44097900390625,141
2025-07-17T20:43:32.757750,2,12,"[0, 1, 2, 3, 4, 5, 6, 7]",93.01580810546875,38.86540412902832,46.9561767578125,143,93.01580810546875,0.0,46.44097900390625,141
2025-07-17T20:43:32.765066,3,12,"[0, 1, 2, 3, 4, 5, 6, 7]",93.01580810546875,38.86540412902832,46.9561767578125,143,93.01580810546875,0.0,46.44097900390625,141
2025-07-17T20:43:32.771868,4,12,"[0, 1, 2, 3, 4, 5, 6, 7]",93.01580810546875,38.86540412902832,46.9561767578125,143,93.01580810546875,0.0,46.44097900390625,141
2025-07-17T20:43:32.778209,0,13,"[0, 1, 2, 3, 4, 5, 6, 7]",93.01580810546875,38.86540412902832,46.9561767578125,143,93.01580810546875,0.0,46.44097900390625,141
2025-07-17T20:43:32.785705,1,13,"[0, 1, 2, 3, 5, 7]",93.01580810546875,38.86540412902832,46.9561767578125,143,93.01580810546875,0.0,46.44097900390625,141
2025-07-17T20:43:32.793164,2,13,"[0, 1, 2, 3, 4, 5, 6, 7]",93.01580810546875,38.86540412902832,46.9561767578125,143,93.01580810546875,0.0,46.44097900390625,141
2025-07-17T20:43:32.799636,3,13,"[0, 1, 2, 3, 5, 7]",93.01580810546875,38.86540412902832,46.9561767578125,143,93.01580810546875,0.0,46.44097900390625,141
2025-07-17T20:43:32.805972,4,13,"[0, 1, 2, 3, 5, 7]",93.01580810546875,38.86540412902832,46.9561767578125,143,93.01580810546875,0.0,46.44097900390625,141
2025-07-17T20:43:32.814273,0,14,"[0, 1, 2, 3, 4, 5, 6]",93.01580810546875,38.86540412902832,46.9561767578125,143,93.01580810546875,0.0,46.44097900390625,141
2025-07-17T20:43:32.820997,1,14,"[0, 1, 3, 4, 5, 6, 7]",93.01580810546875,38.86540412902832,46.9561767578125,143,93.01580810546875,0.0,46.44097900390625,141
2025-07-17T20:43:32.833576,2,14,"[0, 1, 2, 3, 4, 5, 6, 7]",93.01580810546875,38.86540412902832,46.9561767578125,143,93.01580810546875,0.0,46.44097900390625,141
2025-07-17T20:43:32.835814,3,14,"[0, 1, 3, 4, 5, 6, 7]",93.01580810546875,38.86540412902832,46.9561767578125,143,93.01580810546875,0.0,46.44097900390625,141
2025-07-17T20:43:32.848226,4,14,"[0, 1, 3, 4, 5, 6, 7]",93.01580810546875,38.86540412902832,46.9561767578125,143,93.01580810546875,0.0,46.44097900390625,141
2025-07-17T20:43:32.850137,0,15,"[0, 1, 2, 3, 4, 5, 6, 7]",93.01580810546875,38.86540412902832,46.9561767578125,143,93.01580810546875,0.0,46.44097900390625,141
2025-07-17T20:43:32.856939,1,15,"[0, 1, 2, 3, 4, 5, 7]",93.01580810546875,38.86540412902832,46.9561767578125,143,93.01580810546875,0.0,46.44097900390625,141
2025-07-17T20:43:32.863712,2,15,"[0, 1, 2, 3, 4, 5, 6, 7]",93.01580810546875,38.86540412902832,46.9561767578125,143,93.01580810546875,0.0,46.44097900390625,141
2025-07-17T20:43:32.877765,3,15,"[0, 1, 2, 3, 4, 5, 7]",93.01580810546875,38.86540412902832,46.9561767578125,143,93.01580810546875,0.0,46.44097900390625,141
2025-07-17T20:43:32.880557,4,15,"[0, 1, 2, 3, 4, 5, 7]",93.01580810546875,38.86540412902832,46.9561767578125,143,93.01580810546875,0.0,46.44097900390625,141
2025-07-17T20:43:32.892504,0,16,"[0, 1, 2, 3, 4, 5, 6, 7]",93.01580810546875,38.86540412902832,46.9561767578125,143,93.01580810546875,0.0,46.44097900390625,141
2025-07-17T20:43:32.894707,1,16,"[0, 1, 2, 3, 5, 6, 7]",93.01580810546875,38.86540412902832,46.9561767578125,143,93.01580810546875,0.0,46.44097900390625,141
2025-07-17T20:43:32.906909,2,16,"[0, 1, 2, 3, 4, 5, 6, 7]",93.01580810546875,38.86540412902832,46.9561767578125,143,93.01580810546875,0.0,46.44097900390625,141
2025-07-17T20:43:32.909142,3,16,"[0, 1, 2, 3, 5, 6, 7]",93.01580810546875,38.86540412902832,46.9561767578125,143,93.01580810546875,0.0,46.44097900390625,141
2025-07-17T20:43:32.916372,4,16,"[0, 1, 2, 3, 5, 6, 7]",93.01580810546875,38.86540412902832,46.9561767578125,143,93.01580810546875,0.0,46.44097900390625,141
2025-07-17T20:43:32.921922,0,17,"[0, 1, 2, 3, 4, 5, 6, 7]",93.01580810546875,38.86540412902832,46.9561767578125,143,93.01580810546875,0.0,46.44097900390625,141
2025-07-17T20:43:32.935708,1,17,"[0, 1, 3, 4, 5, 6, 7]",93.01580810546875,38.86540412902832,46.9561767578125,143,93.01580810546875,0.0,46.44097900390625,141
2025-07-17T20:43:32.937881,2,17,"[0, 1, 2, 3, 4, 5, 6, 7]",93.01580810546875,38.86540412902832,46.9561767578125,143,93.01580810546875,0.0,46.44097900390625,141
2025-07-17T20:43:32.946555,3,17,"[0, 1, 3, 4, 5, 6, 7]",93.01580810546875,38.86540412902832,46.9561767578125,143,93.01580810546875,0.0,46.44097900390625,141
2025-07-17T20:43:32.959102,4,17,"[0, 1, 3, 4, 5, 6, 7]",93.01580810546875,38.86540412902832,46.9561767578125,143,93.01580810546875,0.0,46.44097900390625,141
2025-07-17T20:43:32.962155,0,18,"[0, 1, 2, 3, 4, 5, 6, 7]",93.01580810546875,38.86540412902832,46.9561767578125,143,93.01580810546875,0.0,46.44097900390625,141
2025-07-17T20:43:32.973963,1,18,"[0, 1, 2, 3, 4, 5, 7]",93.01580810546875,38.86540412902832,46.9561767578125,143,93.01580810546875,0.0,46.44097900390625,141
2025-07-17T20:43:32.976191,2,18,"[0, 1, 2, 3, 4, 5, 6, 7]",93.01580810546875,38.86540412902832,46.9561767578125,143,93.01580810546875,0.0,46.44097900390625,141
2025-07-17T20:43:32.983799,3,18,"[0, 1, 2, 3, 4, 5, 7]",93.01580810546875,38.86540412902832,46.9561767578125,143,93.01580810546875,0.0,46.44097900390625,141
2025-07-17T20:43:32.996159,4,18,"[0, 1, 2, 3, 4, 5, 7]",93.01580810546875,38.86540412902832,46.9561767578125,143,93.01580810546875,0.0,46.44097900390625,141
2025-07-17T20:43:32.998210,0,19,"[0, 1, 2, 3, 4, 5, 6, 7]",93.01580810546875,38.86540412902832,46.9561767578125,143,93.01580810546875,0.0,46.44097900390625,141
2025-07-17T20:43:33.005491,1,19,"[0, 1, 2, 3, 4, 5, 6, 7]",93.01580810546875,38.86540412902832,46.9561767578125,143,93.01580810546875,0.0,46.44097900390625,141
2025-07-17T20:43:33.012119,2,19,"[0, 1, 2, 3, 4, 5, 6, 7]",93.01580810546875,38.86540412902832,46.9561767578125,143,93.01580810546875,0.0,46.44097900390625,141
2025-07-17T20:43:33.019317,3,19,"[0, 1, 2, 3, 4, 5, 6, 7]",93.01580810546875,38.86540412902832,46.9561767578125,143,93.01580810546875,0.0,46.44097900390625,141
2025-07-17T20:43:33.031362,4,19,"[0, 1, 2, 3, 4, 5, 6, 7]",93.01580810546875,38.86540412902832,46.9561767578125,143,93.01580810546875,0.0,46.44097900390625,141
2025-07-17T20:43:33.038487,0,20,"[0, 1, 2, 3, 4, 5, 6, 7]",93.01580810546875,38.86540412902832,46.9561767578125,143,93.01580810546875,0.0,46.44097900390625,141
2025-07-17T20:43:33.044865,1,20,"[0, 1, 2, 3, 4, 5, 6, 7]",93.01580810546875,38.86540412902832,46.9561767578125,143,93.01580810546875,0.0,46.44097900390625,141
2025-07-17T20:43:33.046809,2,20,"[0, 1, 2, 3, 4, 5, 6, 7]",93.01580810546875,38.86540412902832,46.9561767578125,143,93.01580810546875,0.0,46.44097900390625,141
2025-07-17T20:43:33.053759,3,20,"[0, 1, 2, 3, 4, 5, 6, 7]",93.01580810546875,38.86540412902832,46.9561767578125,143,93.01580810546875,0.0,46.44097900390625,141
2025-07-17T20:43:33.060481,4,20,"[0, 1, 2, 3, 4, 5, 6, 7]",93.01580810546875,38.86540412902832,46.9561767578125,143,93.01580810546875,0.0,46.44097900390625,141
2025-07-17T20:43:33.067379,0,21,"[0, 1, 2, 3, 4, 5, 6, 7]",93.01580810546875,38.86540412902832,46.9561767578125,143,93.01580810546875,0.0,46.44097900390625,141
2025-07-17T20:43:33.074547,1,21,"[0, 1, 2, 3, 5, 6, 7]",93.01580810546875,38.86540412902832,46.9561767578125,143,93.01580810546875,0.0,46.44097900390625,141
2025-07-17T20:43:33.081292,2,21,"[0, 1, 2, 3, 4, 5, 6, 7]",93.01580810546875,38.86540412902832,46.9561767578125,143,93.01580810546875,0.0,46.44097900390625,141
2025-07-17T20:43:33.087562,3,21,"[0, 1, 2, 3, 5, 6, 7]",93.01580810546875,38.86540412902832,46.9561767578125,143,93.01580810546875,0.0,46.44097900390625,141
2025-07-17T20:43:33.094595,4,21,"[0, 1, 2, 3, 5, 6, 7]",93.01580810546875,38.86540412902832,46.9561767578125,143,93.01580810546875,0.0,46.44097900390625,141
2025-07-17T20:43:33.101742,0,22,"[0, 1, 2, 3, 4, 5, 6, 7]",93.01580810546875,38.86540412902832,46.9561767578125,143,93.01580810546875,0.0,46.44097900390625,141
2025-07-17T20:43:33.108410,1,22,"[0, 2, 3, 4, 5, 6]",93.01580810546875,38.86540412902832,46.9561767578125,143,93.01580810546875,0.0,46.44097900390625,141
2025-07-17T20:43:33.115438,2,22,"[0, 1, 3, 4, 5, 6, 7]",93.01580810546875,38.86540412902832,46.9561767578125,143,93.01580810546875,0.0,46.44097900390625,141
2025-07-17T20:43:33.123172,3,22,"[0, 2, 3, 4, 5, 6]",93.01580810546875,38.86540412902832,46.9561767578125,143,93.01580810546875,0.0,46.44097900390625,141
2025-07-17T20:43:33.129573,4,22,"[0, 2, 3, 4, 5, 6]",93.01580810546875,38.86540412902832,46.9561767578125,143,93.01580810546875,0.0,46.44097900390625,141
2025-07-17T20:43:33.143047,0,23,"[0, 1, 2, 3, 4, 5, 6, 7]",93.01580810546875,38.86540412902832,46.9561767578125,143,93.01580810546875,0.0,46.44097900390625,141
2025-07-17T20:43:33.152352,1,23,"[0, 1, 2, 3, 4, 5, 6, 7]",93.01580810546875,38.86540412902832,46.9561767578125,143,93.01580810546875,0.0,46.44097900390625,141
2025-07-17T20:43:33.154543,2,23,"[0, 1, 2, 3, 4, 5, 6, 7]",93.01580810546875,38.86540412902832,46.9561767578125,143,93.01580810546875,0.0,46.44097900390625,141
2025-07-17T20:43:33.162152,3,23,"[0, 1, 2, 3, 4, 5, 6, 7]",93.01580810546875,38.86540412902832,46.9561767578125,143,93.01580810546875,0.0,46.44097900390625,141
2025-07-17T20:43:33.175850,4,23,"[0, 1, 2, 3, 4, 5, 6, 7]",93.01580810546875,38.86540412902832,46.9561767578125,143,93.01580810546875,0.0,46.44097900390625,141
2025-07-17T20:43:33.177826,0,24,"[0, 1, 2, 3, 4, 5, 6, 7]",93.01580810546875,38.86540412902832,46.9561767578125,143,93.01580810546875,0.0,46.44097900390625,141
2025-07-17T20:43:33.185366,1,24,"[0, 1, 3, 4, 5, 6, 7]",93.01580810546875,38.86540412902832,46.9561767578125,143,93.01580810546875,0.0,46.44097900390625,141
2025-07-17T20:43:33.193253,2,24,"[0, 1, 2, 3, 4, 5, 6, 7]",93.01580810546875,38.86540412902832,46.9561767578125,143,93.01580810546875,0.0,46.44097900390625,141
2025-07-17T20:43:33.199389,3,24,"[0, 1, 3, 4, 5, 6, 7]",93.01580810546875,38.86540412902832,46.9561767578125,143,93.01580810546875,0.0,46.44097900390625,141
2025-07-17T20:43:33.206588,4,24,"[0, 1, 3, 4, 5, 6, 7]",93.01580810546875,38.86540412902832,46.9561767578125,143,93.01580810546875,0.0,46.44097900390625,141
2025-07-17T20:43:33.213331,0,25,"[0, 1, 2, 3, 4, 5, 6, 7]",93.01580810546875,38.86540412902832,46.9561767578125,143,93.01580810546875,0.0,46.44097900390625,141
2025-07-17T20:43:33.220358,1,25,"[0, 1, 2, 3, 4, 5, 6, 7]",93.01580810546875,38.86540412902832,46.9561767578125,143,93.01580810546875,0.0,46.44097900390625,141
2025-07-17T20:43:33.231512,2,25,"[0, 1, 2, 3, 4, 5, 6, 7]",93.01580810546875,38.86540412902832,46.9561767578125,143,93.01580810546875,0.0,46.44097900390625,141
2025-07-17T20:43:33.233890,3,25,"[0, 1, 2, 3, 4, 5, 6, 7]",93.01580810546875,38.86540412902832,46.9561767578125,143,93.01580810546875,0.0,46.44097900390625,141
2025-07-17T20:43:33.241458,4,25,"[0, 1, 2, 3, 4, 5, 6, 7]",93.01580810546875,38.86540412902832,46.9561767578125,143,93.01580810546875,0.0,46.44097900390625,141
2025-07-17T20:43:33.255333,0,26,"[0, 1, 2, 3, 4, 5, 6, 7]",93.01580810546875,38.86540412902832,46.9561767578125,143,93.01580810546875,0.0,46.44097900390625,141
2025-07-17T20:43:33.257437,1,26,"[0, 1, 2, 3, 4, 5, 6, 7]",93.01580810546875,38.86540412902832,46.9561767578125,143,93.01580810546875,0.0,46.44097900390625,141
2025-07-17T20:43:33.264840,2,26,"[0, 1, 2, 3, 4, 5, 6, 7]",93.01580810546875,38.86540412902832,46.9561767578125,143,93.01580810546875,0.0,46.44097900390625,141
2025-07-17T20:43:33.272274,3,26,"[0, 1, 2, 3, 4, 5, 6, 7]",93.01580810546875,38.86540412902832,46.9561767578125,143,93.01580810546875,0.0,46.44097900390625,141
2025-07-17T20:43:33.284560,4,26,"[0, 1, 2, 3, 4, 5, 6, 7]",93.01580810546875,38.86540412902832,46.9561767578125,143,93.01580810546875,0.0,46.44097900390625,141
2025-07-17T20:43:33.286573,0,27,"[0, 1, 2, 3, 4, 5, 6, 7]",93.01580810546875,38.86540412902832,46.9561767578125,143,93.01580810546875,0.0,46.44097900390625,141
2025-07-17T20:43:33.295105,1,27,"[0, 1, 2, 3, 4, 5, 7]",93.01580810546875,38.86540412902832,46.9561767578125,143,93.01580810546875,0.0,46.44097900390625,141
2025-07-17T20:43:33.307670,2,27,"[0, 1, 2, 3, 4, 5, 6, 7]",93.01580810546875,38.86540412902832,46.9561767578125,143,93.01580810546875,0.0,46.44097900390625,141
2025-07-17T20:43:33.309810,3,27,"[0, 1, 2, 3, 4, 5, 7]",93.01580810546875,38.86540412902832,46.9561767578125,143,93.01580810546875,0.0,46.44097900390625,141
2025-07-17T20:43:33.317861,4,27,"[0, 1, 2, 3, 4, 5, 7]",93.01580810546875,38.86540412902832,46.9561767578125,143,93.01580810546875,0.0,46.44097900390625,141
2025-07-17T20:43:33.323903,0,28,"[0, 1, 2, 3, 4, 5, 6, 7]",93.01580810546875,38.86540412902832,46.9561767578125,143,93.01580810546875,0.0,46.44097900390625,141
2025-07-17T20:43:33.330796,1,28,"[0, 1, 2, 3, 4, 5, 6, 7]",93.01580810546875,38.86540412902832,46.9561767578125,143,93.01580810546875,0.0,46.44097900390625,141
2025-07-17T20:43:33.338338,2,28,"[0, 1, 2, 3, 4, 5, 6, 7]",93.01580810546875,38.86540412902832,46.9561767578125,143,93.01580810546875,0.0,46.44097900390625,141
2025-07-17T20:43:33.351098,3,28,"[0, 1, 2, 3, 4, 5, 6, 7]",93.01580810546875,38.86540412902832,46.9561767578125,143,93.01580810546875,0.0,46.44097900390625,141
2025-07-17T20:43:33.353759,4,28,"[0, 1, 2, 3, 4, 5, 6, 7]",93.01580810546875,38.86540412902832,46.9561767578125,143,93.01580810546875,0.0,46.44097900390625,141
2025-07-17T20:43:33.360738,0,29,"[0, 1, 2, 3, 4, 5, 6, 7]",93.01580810546875,38.86540412902832,46.9561767578125,143,93.01580810546875,0.0,46.44097900390625,141
2025-07-17T20:43:33.368322,1,29,"[0, 1, 2, 3, 4, 5, 6, 7]",93.01580810546875,38.86540412902832,46.9561767578125,143,93.01580810546875,0.0,46.44097900390625,141
2025-07-17T20:43:33.380003,2,29,"[0, 1, 2, 3, 4, 5, 6, 7]",93.01580810546875,38.86540412902832,46.9561767578125,143,93.01580810546875,0.0,46.44097900390625,141
2025-07-17T20:43:33.382813,3,29,"[0, 1, 2, 3, 4, 5, 6, 7]",93.01580810546875,38.86540412902832,46.9561767578125,143,93.01580810546875,0.0,46.44097900390625,141
2025-07-17T20:43:33.396771,4,29,"[0, 1, 2, 3, 4, 5, 6, 7]",93.01580810546875,38.86540412902832,46.9561767578125,143,93.01580810546875,0.0,46.44097900390625,141
2025-07-17T20:43:33.403195,0,30,"[0, 1, 2, 3, 4, 5, 6, 7]",93.01580810546875,38.86540412902832,46.9561767578125,143,93.01580810546875,0.0,46.44097900390625,141
2025-07-17T20:43:33.405736,1,30,"[0, 1, 2, 3, 4, 5, 6, 7]",93.01580810546875,38.86540412902832,46.9561767578125,143,93.01580810546875,0.0,46.44097900390625,141
2025-07-17T20:43:33.418894,2,30,"[0, 1, 3, 4, 5, 6, 7]",93.01580810546875,38.86540412902832,46.9561767578125,143,93.01580810546875,0.0,46.44097900390625,141
2025-07-17T20:43:33.426423,3,30,"[0, 1, 2, 3, 4, 5, 6, 7]",93.01580810546875,38.86540412902832,46.9561767578125,143,93.01580810546875,0.0,46.44097900390625,141
2025-07-17T20:43:33.429196,4,30,"[0, 1, 2, 3, 4, 5, 6, 7]",93.01580810546875,38.86540412902832,46.9561767578125,143,93.01580810546875,0.0,46.44097900390625,141
2025-07-17T20:43:33.436061,0,31,"[0, 1, 2, 3, 4, 5, 6, 7]",93.01580810546875,38.87229824066162,46.9561767578125,143,93.01580810546875,0.0,46.44097900390625,141
2025-07-17T20:43:33.444027,1,31,"[0, 1, 2, 3, 4, 5, 6, 7]",93.01580810546875,38.86909008026123,46.9561767578125,143,93.01580810546875,0.0,46.44097900390625,141
2025-07-17T20:43:33.452837,2,31,"[0, 1, 2, 3, 4, 5, 6, 7]",93.01580810546875,38.86646366119385,46.9561767578125,143,93.01580810546875,0.0,46.44097900390625,141
2025-07-17T20:43:33.460290,3,31,"[0, 1, 2, 3, 4, 5, 6, 7]",93.01580810546875,38.86299800872803,46.9561767578125,143,93.01580810546875,0.0,46.44097900390625,141
2025-07-17T20:43:33.467608,4,31,"[0, 1, 2, 3, 4, 5, 6, 7]",93.01580810546875,38.86002254486084,46.9561767578125,143,93.01580810546875,0.0,46.44097900390625,141
2025-07-17T20:43:33.478549,0,0,"[0, 1, 2, 3, 4, 5, 6, 7]",93.01580810546875,38.85531425476074,46.9561767578125,143,93.01580810546875,0.0,46.44097900390625,141
2025-07-17T20:43:33.485931,1,0,"[0, 1, 2, 4, 5, 6, 7]",93.01580810546875,38.85852241516113,46.9561767578125,143,93.01580810546875,0.0,46.44097900390625,141
2025-07-17T20:43:33.493364,2,0,"[0, 1, 2, 3, 4, 5, 6, 7]",93.01580810546875,38.86149787902832,46.9561767578125,143,93.01580810546875,0.0,46.44097900390625,141
2025-07-17T20:43:33.500963,3,0,"[0, 1, 2, 4, 5, 6, 7]",93.01580810546875,38.86438179016113,46.9561767578125,143,93.01580810546875,0.0,46.44097900390625,141
2025-07-17T20:43:33.509473,4,0,"[0, 1, 2, 4, 5, 6, 7]",93.01580810546875,38.86540412902832,46.9561767578125,143,93.01580810546875,0.0,46.44097900390625,141
2025-07-17T20:43:33.521182,0,1,"[0, 1, 2, 4, 5, 6, 7]",93.01580810546875,38.86540412902832,46.9561767578125,143,93.01580810546875,0.0,46.44097900390625,141
2025-07-17T20:43:33.523767,1,1,"[0, 1, 2, 3, 4, 5, 6, 7]",93.01580810546875,38.86540412902832,46.9561767578125,143,93.01580810546875,0.0,46.44097900390625,141
2025-07-17T20:43:33.535727,2,1,"[0, 1, 2, 3, 4, 5, 6, 7]",93.01580810546875,38.86540412902832,46.9561767578125,143,93.01580810546875,0.0,46.44097900390625,141
2025-07-17T20:43:33.537700,3,1,"[0, 1, 2, 3, 4, 5, 6, 7]",93.01580810546875,38.86540412902832,46.9561767578125,143,93.01580810546875,0.0,46.44097900390625,141
2025-07-17T20:43:33.545235,4,1,"[0, 1, 2, 3, 4, 5, 6, 7]",93.01580810546875,38.86540412902832,46.9561767578125,143,93.01580810546875,0.0,46.44097900390625,141
2025-07-17T20:43:33.553080,0,2,"[0, 1, 2, 3, 4, 5, 6, 7]",93.01580810546875,38.86540412902832,46.9561767578125,143,93.01580810546875,0.0,46.44097900390625,141
2025-07-17T20:43:33.560598,1,2,"[0, 1, 2, 3, 4, 6, 7]",93.01580810546875,38.86540412902832,46.9561767578125,143,93.01580810546875,0.0,46.44097900390625,141
2025-07-17T20:43:33.568384,2,2,"[0, 1, 2, 3, 4, 5, 6, 7]",93.01580810546875,38.86540412902832,46.9561767578125,143,93.01580810546875,0.0,46.44097900390625,141
2025-07-17T20:43:33.575650,3,2,"[0, 1, 2, 3, 4, 6, 7]",93.01580810546875,38.86540412902832,46.9561767578125,143,93.01580810546875,0.0,46.44097900390625,141
2025-07-17T20:43:33.581971,4,2,"[0, 1, 2, 3, 4, 6, 7]",93.01580810546875,38.86540412902832,46.9561767578125,143,93.01580810546875,0.0,46.44097900390625,141
2025-07-17T20:43:33.589832,0,3,"[0, 1, 2, 3, 4, 5, 6, 7]",93.01580810546875,38.86540412902832,46.9561767578125,143,93.01580810546875,0.0,46.44097900390625,141
2025-07-17T20:43:33.598122,1,3,"[0, 1, 2, 3, 4, 5, 6, 7]",93.01580810546875,38.86540412902832,46.9561767578125,143,93.01580810546875,0.0,46.44097900390625,141
2025-07-17T20:43:33.609926,2,3,"[0, 1, 2, 3, 4, 6, 7]",93.01580810546875,38.86540412902832,46.9561767578125,143,93.01580810546875,0.0,46.44097900390625,141
2025-07-17T20:43:33.612886,3,3,"[0, 1, 2, 3, 4, 5, 6, 7]",93.01580810546875,38.86540412902832,46.9561767578125,143,93.01580810546875,0.0,46.44097900390625,141
2025-07-17T20:43:33.625035,4,3,"[0, 1, 2, 3, 4, 5, 6, 7]",93.01580810546875,38.86540412902832,46.9561767578125,143,93.01580810546875,0.0,46.44097900390625,141
2025-07-17T20:43:33.632298,0,4,"[0, 1, 2, 3, 4, 5, 6, 7]",93.01580810546875,38.86540412902832,46.9561767578125,143,93.01580810546875,0.0,46.44097900390625,141
2025-07-17T20:43:33.639150,1,4,"[0, 1, 2, 3, 4, 6, 7]",93.01580810546875,38.86540412902832,46.9561767578125,143,93.01580810546875,0.0,46.44097900390625,141
2025-07-17T20:43:33.641451,2,4,"[0, 1, 2, 3, 4, 5, 6, 7]",93.01580810546875,38.86540412902832,46.9561767578125,143,93.01580810546875,0.0,46.44097900390625,141
2025-07-17T20:43:33.649439,3,4,"[0, 1, 2, 3, 4, 6, 7]",93.01580810546875,38.86540412902832,46.9561767578125,143,93.01580810546875,0.0,46.44097900390625,141
2025-07-17T20:43:33.656900,4,4,"[0, 1, 2, 3, 4, 6, 7]",93.01580810546875,38.86540412902832,46.9561767578125,143,93.01580810546875,0.0,46.44097900390625,141
2025-07-17T20:43:33.664598,0,5,"[0, 1, 2, 3, 4, 5, 6, 7]",93.01580810546875,38.86540412902832,46.9561767578125,143,93.01580810546875,0.0,46.44097900390625,141
2025-07-17T20:43:33.672485,1,5,"[0, 1, 2, 3, 4, 6, 7]",93.01580810546875,38.86540412902832,46.9561767578125,143,93.01580810546875,0.0,46.44097900390625,141
2025-07-17T20:43:33.680748,2,5,"[0, 1, 2, 3, 4, 5, 6, 7]",93.01580810546875,38.86540412902832,46.9561767578125,143,93.01580810546875,0.0,46.44097900390625,141
2025-07-17T20:43:33.692808,3,5,"[0, 1, 2, 3, 4, 6, 7]",93.01580810546875,38.86540412902832,46.9561767578125,143,93.01580810546875,0.0,46.44097900390625,141
2025-07-17T20:43:33.694740,4,5,"[0, 1, 2, 3, 4, 6, 7]",93.01580810546875,38.86540412902832,46.9561767578125,143,93.01580810546875,0.0,46.44097900390625,141
2025-07-17T20:43:33.702013,0,6,"[0, 1, 2, 3, 4, 5, 6, 7]",93.01580810546875,38.86540412902832,46.9561767578125,143,93.01580810546875,0.0,46.44097900390625,141
2025-07-17T20:43:33.708361,1,6,"[0, 1, 2, 3, 4, 5, 6, 7]",93.01580810546875,38.86540412902832,46.9561767578125,143,93.01580810546875,0.0,46.44097900390625,141
2025-07-17T20:43:33.714684,2,6,"[0, 1, 2, 3, 4, 5, 6, 7]",93.01580810546875,38.86540412902832,46.9561767578125,143,93.01580810546875,0.0,46.44097900390625,141
2025-07-17T20:43:33.721402,3,6,"[0, 1, 2, 3, 4, 5, 6, 7]",93.01580810546875,38.86540412902832,46.9561767578125,143,93.01580810546875,0.0,46.44097900390625,141
2025-07-17T20:43:33.728954,4,6,"[0, 1, 2, 3, 4, 5, 6, 7]",93.01580810546875,38.86540412902832,46.9561767578125,143,93.01580810546875,0.0,46.44097900390625,141
2025-07-17T20:43:33.737604,0,7,"[0, 1, 2, 3, 4, 5, 6, 7]",93.01580810546875,38.86540412902832,46.9561767578125,143,93.01580810546875,0.0,46.44097900390625,141
2025-07-17T20:43:33.744637,1,7,"[1, 2, 3, 4, 5, 6, 7]",93.01580810546875,38.86540412902832,46.9561767578125,143,93.01580810546875,0.0,46.44097900390625,141
2025-07-17T20:43:33.751137,2,7,"[0, 1, 2, 3, 4, 5, 6, 7]",93.01580810546875,38.86540412902832,46.9561767578125,143,93.01580810546875,0.0,46.44097900390625,141
2025-07-17T20:43:33.758493,3,7,"[1, 2, 3, 4, 5, 6, 7]",93.01580810546875,38.86540412902832,46.9561767578125,143,93.01580810546875,0.0,46.44097900390625,141
2025-07-17T20:43:33.766300,4,7,"[1, 2, 3, 4, 5, 6, 7]",93.01580810546875,38.86540412902832,46.9561767578125,143,93.01580810546875,0.0,46.44097900390625,141
2025-07-17T20:43:33.773000,0,8,"[0, 1, 2, 3, 4, 5, 6, 7]",93.01580810546875,38.86540412902832,46.9561767578125,143,93.01580810546875,0.0,46.44097900390625,141
2025-07-17T20:43:33.785340,1,8,"[0, 1, 2, 3, 4, 5, 6, 7]",93.01580810546875,38.86540412902832,46.9561767578125,143,93.01580810546875,0.0,46.44097900390625,141
2025-07-17T20:43:33.787548,2,8,"[0, 1, 2, 3, 4, 5, 6, 7]",93.01580810546875,38.86540412902832,46.9561767578125,143,93.01580810546875,0.0,46.44097900390625,141
2025-07-17T20:43:33.799622,3,8,"[0, 1, 2, 3, 4, 5, 6, 7]",93.01580810546875,38.86540412902832,46.9561767578125,143,93.01580810546875,0.0,46.44097900390625,141
2025-07-17T20:43:33.807627,4,8,"[0, 1, 2, 3, 4, 5, 6, 7]",93.01580810546875,38.86540412902832,46.9561767578125,143,93.01580810546875,0.0,46.44097900390625,141
2025-07-17T20:43:33.809686,0,9,"[0, 1, 2, 3, 4, 5, 6, 7]",93.01580810546875,38.86540412902832,46.9561767578125,143,93.01580810546875,0.0,46.44097900390625,141
2025-07-17T20:43:33.822594,1,9,"[0, 1, 2, 3, 4, 5, 6, 7]",93.01580810546875,38.86540412902832,46.9561767578125,143,93.01580810546875,0.0,46.44097900390625,141
2025-07-17T20:43:33.824751,2,9,"[0, 1, 2, 3, 4, 5, 6, 7]",93.01580810546875,38.86540412902832,46.9561767578125,143,93.01580810546875,0.0,46.44097900390625,141
2025-07-17T20:43:33.831514,3,9,"[0, 1, 2, 3, 4, 5, 6, 7]",93.01580810546875,38.86540412902832,46.9561767578125,143,93.01580810546875,0.0,46.44097900390625,141
2025-07-17T20:43:33.844242,4,9,"[0, 1, 2, 3, 4, 5, 6, 7]",93.01580810546875,38.86540412902832,46.9561767578125,143,93.01580810546875,0.0,46.44097900390625,141
2025-07-17T20:43:33.846192,0,10,"[0, 1, 2, 3, 4, 5, 6, 7]",93.01580810546875,38.86540412902832,46.9561767578125,143,93.01580810546875,0.0,46.44097900390625,141
2025-07-17T20:43:33.852868,1,10,"[0, 1, 2, 4, 6, 7]",93.01580810546875,38.86540412902832,46.9561767578125,143,93.01580810546875,0.0,46.44097900390625,141
2025-07-17T20:43:33.860010,2,10,"[0, 1, 2, 3, 4, 5, 6, 7]",93.01580810546875,38.86540412902832,46.9561767578125,143,93.01580810546875,0.0,46.44097900390625,141
2025-07-17T20:43:33.867355,3,10,"[0, 1, 2, 4, 6, 7]",93.01580810546875,38.86540412902832,46.9561767578125,143,93.01580810546875,0.0,46.44097900390625,141
2025-07-17T20:43:33.874436,4,10,"[0, 1, 2, 4, 6, 7]",93.01580810546875,38.86540412902832,46.9561767578125,143,93.01580810546875,0.0,46.44097900390625,141
2025-07-17T20:43:33.880885,0,11,"[0, 1, 2, 3, 4, 5, 6, 7]",93.01580810546875,38.86540412902832,46.9561767578125,143,93.01580810546875,0.0,46.44097900390625,141
2025-07-17T20:43:33.887387,1,11,"[0, 1, 2, 3, 4, 5, 6, 7]",93.01580810546875,38.86540412902832,46.9561767578125,143,93.01580810546875,0.0,46.44097900390625,141
2025-07-17T20:43:33.894524,2,11,"[0, 1, 2, 3, 4, 5, 6, 7]",93.01580810546875,38.86540412902832,46.9561767578125,143,93.01580810546875,0.0,46.44097900390625,141
2025-07-17T20:43:33.905781,3,11,"[0, 1, 2, 3, 4, 5, 6, 7]",93.01580810546875,38.86540412902832,46.9561767578125,143,93.01580810546875,0.0,46.44097900390625,141
2025-07-17T20:43:33.913981,4,11,"[0, 1, 2, 3, 4, 5, 6, 7]",93.01580810546875,38.86540412902832,46.9561767578125,143,93.01580810546875,0.0,46.44097900390625,141
2025-07-17T20:43:33.916752,0,12,"[0, 1, 2, 3, 4, 5, 6, 7]",93.01580810546875,38.86540412902832,46.9561767578125,143,93.01580810546875,0.0,46.44097900390625,141
2025-07-17T20:43:33.923397,1,12,"[0, 1, 2, 3, 4, 5, 6]",93.01580810546875,38.86540412902832,46.9561767578125,143,93.01580810546875,0.0,46.44097900390625,141
2025-07-17T20:43:33.929681,2,12,"[0, 1, 2, 3, 4, 5, 6, 7]",93.01580810546875,38.86540412902832,46.9561767578125,143,93.01580810546875,0.0,46.44097900390625,141
2025-07-17T20:43:33.942406,3,12,"[0, 1, 2, 3, 4, 5, 6]",93.01580810546875,38.86540412902832,46.9561767578125,143,93.01580810546875,0.0,46.44097900390625,141
2025-07-17T20:43:33.944535,4,12,"[0, 1, 2, 3, 4, 5, 6]",93.01580810546875,38.86540412902832,46.9561767578125,143,93.01580810546875,0.0,46.44097900390625,141
2025-07-17T20:43:33.951079,0,13,"[0, 1, 2, 3, 4, 5, 6, 7]",93.01580810546875,38.86540412902832,46.9561767578125,143,93.01580810546875,0.0,46.44097900390625,141
2025-07-17T20:43:33.958748,1,13,"[0, 1, 2, 3, 4, 5, 7]",93.01580810546875,38.86540412902832,46.9561767578125,143,93.01580810546875,0.0,46.44097900390625,141
2025-07-17T20:43:33.971075,2,13,"[0, 1, 2, 3, 4, 5, 6, 7]",93.01580810546875,38.86540412902832,46.9561767578125,143,93.01580810546875,0.0,46.44097900390625,141
2025-07-17T20:43:33.973170,3,13,"[0, 1, 2, 3, 4, 5, 7]",93.01580810546875,38.86540412902832,46.9561767578125,143,93.01580810546875,0.0,46.44097900390625,141
2025-07-17T20:43:33.980593,4,13,"[0, 1, 2, 3, 4, 5, 7]",93.01580810546875,38.86540412902832,46.9561767578125,143,93.01580810546875,0.0,46.44097900390625,141
2025-07-17T20:43:33.987665,0,14,"[0, 1, 2, 3, 4, 5, 6, 7]",93.01580810546875,38.86540412902832,46.9561767578125,143,93.01580810546875,0.0,46.44097900390625,141
2025-07-17T20:43:33.995094,1,14,"[0, 1, 2, 4, 5, 6, 7]",93.01580810546875,38.86540412902832,46.9561767578125,143,93.01580810546875,0.0,46.44097900390625,141
2025-07-17T20:43:34.007664,2,14,"[0, 1, 2, 3, 4, 5, 6, 7]",93.01580810546875,38.86540412902832,46.9561767578125,143,93.01580810546875,0.0,46.44097900390625,141
2025-07-17T20:43:34.010554,3,14,"[0, 1, 2, 4, 5, 6, 7]",93.01580810546875,38.86540412902832,46.9561767578125,143,93.01580810546875,0.0,46.44097900390625,141
2025-07-17T20:43:34.017143,4,14,"[0, 1, 2, 4, 5, 6, 7]",93.01580810546875,38.86540412902832,46.9561767578125,143,93.01580810546875,0.0,46.44097900390625,141
2025-07-17T20:43:34.029517,0,15,"[0, 1, 2, 3, 4, 5, 6, 7]",93.01580810546875,38.86540412902832,46.9561767578125,143,93.01580810546875,0.0,46.44097900390625,141
2025-07-17T20:43:34.031694,1,15,"[0, 1, 2, 3, 4, 5, 6]",93.01580810546875,38.86540412902832,46.9561767578125,143,93.01580810546875,0.0,46.44097900390625,141
2025-07-17T20:43:34.044418,2,15,"[0, 1, 2, 3, 4, 5, 6, 7]",93.01580810546875,38.86540412902832,46.9561767578125,143,93.01580810546875,0.0,46.44097900390625,141
2025-07-17T20:43:34.046586,3,15,"[0, 1, 2, 3, 4, 5, 6]",93.01580810546875,38.86540412902832,46.9561767578125,143,93.01580810546875,0.0,46.44097900390625,141
2025-07-17T20:43:34.058253,4,15,"[0, 1, 2, 3, 4, 5, 6]",93.01580810546875,38.86540412902832,46.9561767578125,143,93.01580810546875,0.0,46.44097900390625,141
2025-07-17T20:43:34.060854,0,16,"[0, 1, 2, 3, 4, 5, 6, 7]",93.01580810546875,38.86540412902832,46.9561767578125,143,93.01580810546875,0.0,46.44097900390625,141
2025-07-17T20:43:34.068961,1,16,"[0, 2, 3, 4, 5, 6, 7]",93.01580810546875,38.86540412902832,46.9561767578125,143,93.01580810546875,0.0,46.44097900390625,141
2025-07-17T20:43:34.080053,2,16,"[0, 1, 2, 3, 4, 5, 6, 7]",93.01580810546875,38.86540412902832,46.9561767578125,143,93.01580810546875,0.0,46.44097900390625,141
2025-07-17T20:43:34.088048,3,16,"[0, 2, 3, 4, 5, 6, 7]",93.01580810546875,38.86540412902832,46.9561767578125,143,93.01580810546875,0.0,46.44097900390625,141
2025-07-17T20:43:34.090131,4,16,"[0, 2, 3, 4, 5, 6, 7]",93.01580810546875,38.86540412902832,46.9561767578125,143,93.01580810546875,0.0,46.44097900390625,141
2025-07-17T20:43:34.096455,0,17,"[0, 1, 2, 3, 4, 5, 6, 7]",93.01580810546875,38.86540412902832,46.9561767578125,143,93.01580810546875,0.0,46.44097900390625,141
2025-07-17T20:43:34.108577,1,17,"[1, 2, 3, 4, 5, 6, 7]",93.01580810546875,38.86540412902832,46.9561767578125,143,93.01580810546875,0.0,46.44097900390625,141
2025-07-17T20:43:34.110904,2,17,"[0, 1, 2, 3, 4, 5, 6, 7]",93.01580810546875,38.86540412902832,46.9561767578125,143,93.01580810546875,0.0,46.44097900390625,141
2025-07-17T20:43:34.118094,3,17,"[1, 2, 3, 4, 5, 6, 7]",93.01580810546875,38.86540412902832,46.9561767578125,143,93.01580810546875,0.0,46.44097900390625,141
2025-07-17T20:43:34.130492,4,17,"[1, 2, 3, 4, 5, 6, 7]",93.01580810546875,38.86540412902832,46.9561767578125,143,93.01580810546875,0.0,46.44097900390625,141
2025-07-17T20:43:34.132850,0,18,"[0, 1, 2, 3, 4, 5, 6, 7]",93.01580810546875,38.86540412902832,46.9561767578125,143,93.01580810546875,0.0,46.44097900390625,141
2025-07-17T20:43:34.139022,1,18,"[0, 1, 2, 3, 5, 6, 7]",93.01580810546875,38.86540412902832,46.9561767578125,143,93.01580810546875,0.0,46.44097900390625,141
2025-07-17T20:43:34.147497,2,18,"[0, 1, 2, 3, 4, 5, 6, 7]",93.01580810546875,38.86540412902832,46.9561767578125,143,93.01580810546875,0.0,46.44097900390625,141
2025-07-17T20:43:34.154065,3,18,"[0, 1, 2, 3, 5, 6, 7]",93.01580810546875,38.86540412902832,46.9561767578125,143,93.01580810546875,0.0,46.44097900390625,141
2025-07-17T20:43:34.166819,4,18,"[0, 1, 2, 3, 5, 6, 7]",93.01580810546875,38.86540412902832,46.9561767578125,143,93.01580810546875,0.0,46.44097900390625,141
2025-07-17T20:43:34.173997,0,19,"[0, 1, 2, 3, 4, 5, 6, 7]",93.01580810546875,38.86540412902832,46.9561767578125,143,93.01580810546875,0.0,46.44097900390625,141
2025-07-17T20:43:34.180978,1,19,"[0, 1, 2, 3, 4, 5, 6, 7]",93.01580810546875,38.86540412902832,46.9561767578125,143,93.01580810546875,0.0,46.44097900390625,141
2025-07-17T20:43:34.183241,2,19,"[0, 1, 2, 3, 4, 5, 6, 7]",93.01580810546875,38.86540412902832,46.9561767578125,143,93.01580810546875,0.0,46.44097900390625,141
2025-07-17T20:43:34.196263,3,19,"[0, 1, 2, 3, 4, 5, 6, 7]",93.01580810546875,38.86540412902832,46.9561767578125,143,93.01580810546875,0.0,46.44097900390625,141
2025-07-17T20:43:34.198457,4,19,"[0, 1, 2, 3, 4, 5, 6, 7]",93.01580810546875,38.86540412902832,46.9561767578125,143,93.01580810546875,0.0,46.44097900390625,141
2025-07-17T20:43:34.211363,0,20,"[0, 1, 2, 3, 4, 5, 6, 7]",93.01580810546875,38.86540412902832,46.9561767578125,143,93.01580810546875,0.0,46.44097900390625,141
2025-07-17T20:43:34.213436,1,20,"[0, 1, 2, 3, 4, 5, 6]",93.01580810546875,38.86540412902832,46.9561767578125,143,93.01580810546875,0.0,46.44097900390625,141
2025-07-17T20:43:34.220686,2,20,"[0, 1, 2, 3, 4, 5, 6]",93.01580810546875,38.86540412902832,46.9561767578125,143,93.01580810546875,0.0,46.44097900390625,141
2025-07-17T20:43:34.233429,3,20,"[0, 1, 2, 3, 4, 5, 6]",93.01580810546875,38.86540412902832,46.9561767578125,143,93.01580810546875,0.0,46.44097900390625,141
2025-07-17T20:43:34.235837,4,20,"[0, 1, 2, 3, 4, 5, 6]",93.01580810546875,38.86540412902832,46.9561767578125,143,93.01580810546875,0.0,46.44097900390625,141
2025-07-17T20:43:34.243561,0,21,"[0, 1, 2, 3, 4, 5, 6, 7]",93.01580810546875,38.86540412902832,46.9561767578125,143,93.01580810546875,0.0,46.44097900390625,141
2025-07-17T20:43:34.250523,1,21,"[0, 1, 2, 3, 4, 5, 6, 7]",93.01580810546875,38.86540412902832,46.9561767578125,143,93.01580810546875,0.0,46.44097900390625,141
2025-07-17T20:43:34.258006,2,21,"[0, 1, 2, 3, 4, 5, 6, 7]",93.01580810546875,38.86540412902832,46.9561767578125,143,93.01580810546875,0.0,46.44097900390625,141
2025-07-17T20:43:34.265553,3,21,"[0, 1, 2, 3, 4, 5, 6, 7]",93.01580810546875,38.86540412902832,46.9561767578125,143,93.01580810546875,0.0,46.44097900390625,141
2025-07-17T20:43:34.272028,4,21,"[0, 1, 2, 3, 4, 5, 6, 7]",93.01580810546875,38.86540412902832,46.9561767578125,143,93.01580810546875,0.0,46.44097900390625,141
2025-07-17T20:43:34.285124,0,22,"[0, 1, 2, 3, 4, 5, 6, 7]",93.01580810546875,38.86540412902832,46.9561767578125,143,93.01580810546875,0.0,46.44097900390625,141
2025-07-17T20:43:34.287518,1,22,"[0, 1, 2, 3, 4, 5, 6, 7]",93.01580810546875,38.86540412902832,46.9561767578125,143,93.01580810546875,0.0,46.44097900390625,141
2025-07-17T20:43:34.300833,2,22,"[0, 1, 2, 3, 4, 5, 6, 7]",93.01580810546875,38.86540412902832,46.9561767578125,143,93.01580810546875,0.0,46.44097900390625,141
2025-07-17T20:43:34.302831,3,22,"[0, 1, 2, 3, 4, 5, 6, 7]",93.01580810546875,38.86540412902832,46.9561767578125,143,93.01580810546875,0.0,46.44097900390625,141
2025-07-17T20:43:34.310688,4,22,"[0, 1, 2, 3, 4, 5, 6, 7]",93.01580810546875,38.86540412902832,46.9561767578125,143,93.01580810546875,0.0,46.44097900390625,141
2025-07-17T20:43:34.317354,0,23,"[0, 1, 2, 3, 4, 5, 6, 7]",93.01580810546875,38.86540412902832,46.9561767578125,143,93.01580810546875,0.0,46.44097900390625,141
2025-07-17T20:43:34.323656,1,23,"[0, 1, 2, 3, 4, 5, 6, 7]",93.01580810546875,38.86540412902832,46.9561767578125,143,93.01580810546875,0.0,46.44097900390625,141
2025-07-17T20:43:34.330869,2,23,"[0, 1, 2, 3, 4, 5, 6, 7]",93.01580810546875,38.86540412902832,46.9561767578125,143,93.01580810546875,0.0,46.44097900390625,141
2025-07-17T20:43:34.337638,3,23,"[0, 1, 2, 3, 4, 5, 6, 7]",93.01580810546875,38.86540412902832,46.9561767578125,143,93.01580810546875,0.0,46.44097900390625,141
2025-07-17T20:43:34.346352,4,23,"[0, 1, 2, 3, 4, 5, 6, 7]",93.01580810546875,38.86540412902832,46.9561767578125,143,93.01580810546875,0.0,46.44097900390625,141
2025-07-17T20:43:34.359156,0,24,"[0, 1, 2, 3, 4, 5, 6, 7]",93.01580810546875,38.86540412902832,46.9561767578125,143,93.01580810546875,0.0,46.44097900390625,141
2025-07-17T20:43:34.361458,1,24,"[0, 1, 2, 3, 4, 5, 6, 7]",93.01580810546875,38.86540412902832,46.9561767578125,143,93.01580810546875,0.0,46.44097900390625,141
2025-07-17T20:43:34.369185,2,24,"[0, 1, 2, 3, 4, 5, 6, 7]",93.01580810546875,38.86540412902832,46.9561767578125,143,93.01580810546875,0.0,46.44097900390625,141
2025-07-17T20:43:34.376159,3,24,"[0, 1, 2, 3, 4, 5, 6, 7]",93.01580810546875,38.86540412902832,46.9561767578125,143,93.01580810546875,0.0,46.44097900390625,141
2025-07-17T20:43:34.388515,4,24,"[0, 1, 2, 3, 4, 5, 6, 7]",93.01580810546875,38.86540412902832,46.9561767578125,143,93.01580810546875,0.0,46.44097900390625,141
2025-07-17T20:43:34.391793,0,25,"[0, 1, 2, 3, 4, 5, 6]",93.01580810546875,38.86540412902832,46.9561767578125,143,93.01580810546875,0.0,46.44097900390625,141
2025-07-17T20:43:34.403843,1,25,"[0, 1, 2, 3, 4, 5, 6, 7]",93.01580810546875,38.86540412902832,46.9561767578125,143,93.01580810546875,0.0,46.44097900390625,141
2025-07-17T20:43:34.406133,2,25,"[0, 1, 2, 3, 4, 5, 6, 7]",93.01580810546875,38.86540412902832,46.9561767578125,143,93.01580810546875,0.0,46.44097900390625,141
2025-07-17T20:43:34.418503,3,25,"[0, 1, 2, 3, 4, 5, 6, 7]",93.01580810546875,38.86540412902832,46.9561767578125,143,93.01580810546875,0.0,46.44097900390625,141
2025-07-17T20:43:34.420851,4,25,"[0, 1, 2, 3, 4, 5, 6, 7]",93.01580810546875,38.86540412902832,46.9561767578125,143,93.01580810546875,0.0,46.44097900390625,141
2025-07-17T20:43:34.433747,0,26,"[0, 1, 2, 3, 4, 5, 6, 7]",93.01580810546875,38.86540412902832,46.9561767578125,143,93.01580810546875,0.0,46.44097900390625,141
2025-07-17T20:43:34.435991,1,26,"[0, 1, 2, 3, 4, 5, 6, 7]",93.01580810546875,38.86540412902832,46.9561767578125,143,93.01580810546875,0.0,46.44097900390625,141
2025-07-17T20:43:34.449543,2,26,"[0, 1, 2, 3, 4, 5, 6, 7]",93.01580810546875,38.86540412902832,46.9561767578125,143,93.01580810546875,0.0,46.44097900390625,141
2025-07-17T20:43:34.451767,3,26,"[0, 1, 2, 3, 4, 5, 6, 7]",93.01580810546875,38.86540412902832,46.9561767578125,143,93.01580810546875,0.0,46.44097900390625,141
2025-07-17T20:43:34.460249,4,26,"[0, 1, 2, 3, 4, 5, 6, 7]",93.01580810546875,38.86540412902832,46.9561767578125,143,93.01580810546875,0.0,46.44097900390625,141
2025-07-17T20:43:34.473041,0,27,"[0, 1, 2, 3, 4, 5, 6, 7]",93.01580810546875,38.86540412902832,46.9561767578125,143,93.01580810546875,0.0,46.44097900390625,141
2025-07-17T20:43:34.475854,1,27,"[0, 1, 3, 4, 5, 6, 7]",93.01580810546875,38.86540412902832,46.9561767578125,143,93.01580810546875,0.0,46.44097900390625,141
2025-07-17T20:43:34.482982,2,27,"[0, 1, 2, 3, 4, 5, 6, 7]",93.01580810546875,38.86540412902832,46.9561767578125,143,93.01580810546875,0.0,46.44097900390625,141
2025-07-17T20:43:34.489270,3,27,"[0, 1, 3, 4, 5, 6, 7]",93.01580810546875,38.86540412902832,46.9561767578125,143,93.01580810546875,0.0,46.44097900390625,141
2025-07-17T20:43:34.497003,4,27,"[0, 1, 3, 4, 5, 6, 7]",93.01580810546875,38.86540412902832,46.9561767578125,143,93.01580810546875,0.0,46.44097900390625,141
2025-07-17T20:43:34.509571,0,28,"[0, 1, 2, 3, 4, 5, 6, 7]",93.01580810546875,38.86540412902832,46.9561767578125,143,93.01580810546875,0.0,46.44097900390625,141
2025-07-17T20:43:34.511509,1,28,"[0, 1, 2, 3, 5, 6, 7]",93.01580810546875,38.86540412902832,46.9561767578125,143,93.01580810546875,0.0,46.44097900390625,141
2025-07-17T20:43:34.518744,2,28,"[0, 1, 2, 3, 4, 5, 6, 7]",93.01580810546875,38.86540412902832,46.9561767578125,143,93.01580810546875,0.0,46.44097900390625,141
2025-07-17T20:43:34.526323,3,28,"[0, 1, 2, 3, 5, 6, 7]",93.01580810546875,38.86540412902832,46.9561767578125,143,93.01580810546875,0.0,46.44097900390625,141
2025-07-17T20:43:34.532863,4,28,"[0, 1, 2, 3, 5, 6, 7]",93.01580810546875,38.86540412902832,46.9561767578125,143,93.01580810546875,0.0,46.44097900390625,141
2025-07-17T20:43:34.539717,0,29,"[0, 1, 2, 3, 4, 5, 7]",93.01580810546875,38.86540412902832,46.9561767578125,143,93.01580810546875,0.0,46.44097900390625,141
2025-07-17T20:43:34.553315,1,29,"[1, 2, 3, 4, 5, 6, 7]",93.01580810546875,38.86540412902832,46.9561767578125,143,93.01580810546875,0.0,46.44097900390625,141
2025-07-17T20:43:34.561737,2,29,"[0, 1, 2, 3, 4, 5, 6, 7]",93.01580810546875,38.86540412902832,46.9561767578125,143,93.01580810546875,0.0,46.44097900390625,141
2025-07-17T20:43:34.569780,3,29,"[1, 2, 3, 4, 5, 6, 7]",93.01580810546875,38.86540412902832,46.9561767578125,143,93.01580810546875,0.0,46.44097900390625,141
2025-07-17T20:43:34.571934,4,29,"[1, 2, 3, 4, 5, 6, 7]",93.01580810546875,38.86540412902832,46.9561767578125,143,93.01580810546875,0.0,46.44097900390625,141
2025-07-17T20:43:34.578684,0,30,"[0, 1, 2, 3, 4, 5, 6, 7]",93.01580810546875,38.86540412902832,46.9561767578125,143,93.01580810546875,0.0,46.44097900390625,141
2025-07-17T20:43:34.585251,1,30,"[0, 1, 3, 4, 5, 7]",93.01580810546875,38.86540412902832,46.9561767578125,143,93.01580810546875,0.0,46.44097900390625,141
2025-07-17T20:43:34.591918,2,30,"[0, 1, 2, 3, 4, 5, 6, 7]",93.01580810546875,38.86540412902832,46.9561767578125,143,93.01580810546875,0.0,46.44097900390625,141
2025-07-17T20:43:34.604259,3,30,"[0, 1, 3, 4, 5, 7]",93.01580810546875,38.86540412902832,46.9561767578125,143,93.01580810546875,0.0,46.44097900390625,141
2025-07-17T20:43:34.606299,4,30,"[0, 1, 3, 4, 5, 7]",93.01580810546875,38.86540412902832,46.9561767578125,143,93.01580810546875,0.0,46.44097900390625,141
2025-07-17T20:43:34.619522,0,31,"[0, 1, 2, 3, 4, 5, 6, 7]",93.01580810546875,38.87229824066162,46.9561767578125,143,93.01580810546875,0.0,46.44097900390625,141
2025-07-17T20:43:34.627608,1,31,"[1, 2, 3, 4, 5, 6, 7]",93.01580810546875,38.86909008026123,46.9561767578125,143,93.01580810546875,0.0,46.44097900390625,141
2025-07-17T20:43:34.636016,2,31,"[0, 1, 2, 3, 4, 5, 6, 7]",93.01580810546875,38.86646366119385,46.9561767578125,143,93.01580810546875,0.0,46.44097900390625,141
2025-07-17T20:43:34.640238,3,31,"[1, 2, 3, 4, 5, 6, 7]",93.01580810546875,38.86299800872803,46.9561767578125,143,93.01580810546875,0.0,46.44097900390625,141
2025-07-17T20:43:34.648126,4,31,"[1, 2, 3, 4, 5, 6, 7]",93.01580810546875,38.86002254486084,46.9561767578125,143,93.01580810546875,0.0,46.44097900390625,141
2025-07-17T20:43:34.662893,0,0,"[0, 1, 2, 3, 4, 5, 6, 7]",93.01580810546875,38.85531425476074,46.9561767578125,143,93.01580810546875,0.0,46.44097900390625,141
2025-07-17T20:43:34.671233,1,0,"[1, 2, 3, 4, 5, 6, 7]",93.01580810546875,38.85852241516113,46.9561767578125,143,93.01580810546875,0.0,46.44097900390625,141
2025-07-17T20:43:34.678144,2,0,"[0, 1, 2, 3, 4, 5, 6, 7]",93.01580810546875,38.86149787902832,46.9561767578125,143,93.01580810546875,0.0,46.44097900390625,141
2025-07-17T20:43:34.685203,3,0,"[1, 2, 3, 4, 5, 6, 7]",93.01580810546875,38.86438179016113,46.9561767578125,143,93.01580810546875,0.0,46.44097900390625,141
2025-07-17T20:43:34.692172,4,0,"[1, 2, 3, 4, 5, 6, 7]",93.01580810546875,38.86540412902832,46.9561767578125,143,93.01580810546875,0.0,46.44097900390625,141
2025-07-17T20:43:34.699927,0,1,"[0, 1, 2, 3, 4, 5, 6, 7]",93.01580810546875,38.86482238769531,46.9561767578125,143,93.01580810546875,0.0,46.44097900390625,141
2025-07-17T20:43:34.706866,1,1,"[0, 1, 2, 3, 4, 5, 6, 7]",93.01580810546875,38.86482238769531,46.9561767578125,143,93.01580810546875,0.0,46.44097900390625,141
2025-07-17T20:43:34.714134,2,1,"[0, 1, 2, 3, 4, 5, 6, 7]",93.01580810546875,38.86482238769531,46.9561767578125,143,93.01580810546875,0.0,46.44097900390625,141
2025-07-17T20:43:34.721652,3,1,"[0, 1, 2, 3, 4, 5, 6, 7]",93.01580810546875,38.86456489562988,46.9561767578125,143,93.01580810546875,0.0,46.44097900390625,141
2025-07-17T20:43:34.724696,4,1,"[0, 1, 2, 3, 4, 5, 6, 7]",93.01580810546875,38.86456489562988,46.9561767578125,143,93.01580810546875,0.0,46.44097900390625,141
2025-07-17T20:43:34.737117,0,2,"[0, 1, 2, 3, 4, 5, 6, 7]",93.01580810546875,38.86540412902832,46.9561767578125,143,93.01580810546875,0.0,46.44097900390625,141
2025-07-17T20:43:34.739216,1,2,"[0, 1, 2, 3, 4, 5, 6, 7]",93.01580810546875,38.86540412902832,46.9561767578125,143,93.01580810546875,0.0,46.44097900390625,141
2025-07-17T20:43:34.746276,2,2,"[0, 1, 2, 3, 4, 5, 6, 7]",93.01580810546875,38.86540412902832,46.9561767578125,143,93.01580810546875,0.0,46.44097900390625,141
2025-07-17T20:43:34.753210,3,2,"[0, 1, 2, 3, 4, 5, 6, 7]",93.01580810546875,38.86540412902832,46.9561767578125,143,93.01580810546875,0.0,46.44097900390625,141
2025-07-17T20:43:34.760668,4,2,"[0, 1, 2, 3, 4, 5, 6, 7]",93.01580810546875,38.86540412902832,46.9561767578125,143,93.01580810546875,0.0,46.44097900390625,141
2025-07-17T20:43:34.767946,0,3,"[0, 1, 2, 3, 4, 5, 6, 7]",93.01580810546875,38.86540412902832,46.9561767578125,143,93.01580810546875,0.0,46.44097900390625,141
2025-07-17T20:43:34.775141,1,3,"[0, 1, 2, 3, 4, 5, 6]",93.01580810546875,38.86540412902832,46.9561767578125,143,93.01580810546875,0.0,46.44097900390625,141
2025-07-17T20:43:34.781853,2,3,"[0, 1, 2, 3, 4, 5, 6, 7]",93.01580810546875,38.86540412902832,46.9561767578125,143,93.01580810546875,0.0,46.44097900390625,141
2025-07-17T20:43:34.789375,3,3,"[0, 1, 2, 3, 4, 5, 6]",93.01580810546875,38.86540412902832,46.9561767578125,143,93.01580810546875,0.0,46.44097900390625,141
2025-07-17T20:43:34.797506,4,3,"[0, 1, 2, 3, 4, 5, 6]",93.01580810546875,38.86540412902832,46.9561767578125,143,93.01580810546875,0.0,46.44097900390625,141
2025-07-17T20:43:34.805122,0,4,"[0, 1, 2, 3, 4, 5, 6, 7]",93.01580810546875,38.86540412902832,46.9561767578125,143,93.01580810546875,0.0,46.44097900390625,141
2025-07-17T20:43:34.812610,1,4,"[0, 1, 2, 3, 4, 5, 6, 7]",93.01580810546875,38.86540412902832,46.9561767578125,143,93.01580810546875,0.0,46.44097900390625,141
2025-07-17T20:43:34.819317,2,4,"[0, 1, 2, 3, 4, 5, 6, 7]",93.01580810546875,38.86540412902832,46.9561767578125,143,93.01580810546875,0.0,46.44097900390625,141
2025-07-17T20:43:34.825898,3,4,"[0, 1, 2, 3, 4, 5, 6, 7]",93.01580810546875,38.86540412902832,46.9561767578125,143,93.01580810546875,0.0,46.44097900390625,141
2025-07-17T20:43:34.833375,4,4,"[0, 1, 2, 3, 4, 5, 6, 7]",93.01580810546875,38.86540412902832,46.9561767578125,143,93.01580810546875,0.0,46.44097900390625,141
2025-07-17T20:43:34.846011,0,5,"[0, 1, 2, 3, 4, 5, 6, 7]",93.01580810546875,38.86540412902832,46.9561767578125,143,93.01580810546875,0.0,46.44097900390625,141
2025-07-17T20:43:34.853151,1,5,"[0, 1, 2, 3, 4, 6, 7]",93.01580810546875,38.86540412902832,46.9561767578125,143,93.01580810546875,0.0,46.44097900390625,141
2025-07-17T20:43:34.855186,2,5,"[0, 1, 2, 3, 4, 5, 6, 7]",93.01580810546875,38.86540412902832,46.9561767578125,143,93.01580810546875,0.0,46.44097900390625,141
2025-07-17T20:43:34.862953,3,5,"[0, 1, 2, 3, 4, 6, 7]",93.01580810546875,38.86540412902832,46.9561767578125,143,93.01580810546875,0.0,46.44097900390625,141
2025-07-17T20:43:34.873988,4,5,"[0, 1, 2, 3, 4, 6, 7]",93.01580810546875,38.86540412902832,46.9561767578125,143,93.01580810546875,0.0,46.44097900390625,141
2025-07-17T20:43:34.880993,0,6,"[0, 1, 2, 3, 4, 5, 6, 7]",93.01580810546875,38.86540412902832,46.9561767578125,143,93.01580810546875,0.0,46.44097900390625,141
2025-07-17T20:43:34.883237,1,6,"[0, 2, 3, 4, 5, 6, 7]",93.01580810546875,38.86540412902832,46.9561767578125,143,93.01580810546875,0.0,46.44097900390625,141
2025-07-17T20:43:34.890531,2,6,"[0, 1, 2, 3, 4, 5, 6, 7]",93.01580810546875,38.86540412902832,46.9561767578125,143,93.01580810546875,0.0,46.44097900390625,141
2025-07-17T20:43:34.903218,3,6,"[0, 2, 3, 4, 5, 6, 7]",93.01580810546875,38.86540412902832,46.9561767578125,143,93.01580810546875,0.0,46.44097900390625,141
2025-07-17T20:43:34.910991,4,6,"[0, 2, 3, 4, 5, 6, 7]",93.01580810546875,38.86540412902832,46.9561767578125,143,93.01580810546875,0.0,46.44097900390625,141
2025-07-17T20:43:34.912982,0,7,"[0, 1, 2, 3, 4, 5, 6, 7]",93.01580810546875,38.86540412902832,46.9561767578125,143,93.01580810546875,0.0,46.44097900390625,141
2025-07-17T20:43:34.920349,1,7,"[0, 1, 2, 3, 4, 5, 6, 7]",93.01580810546875,38.86540412902832,46.9561767578125,143,93.01580810546875,0.0,46.44097900390625,141
2025-07-17T20:43:34.931287,2,7,"[0, 1, 2, 3, 4, 5, 6, 7]",93.01580810546875,38.86540412902832,46.9561767578125,143,93.01580810546875,0.0,46.44097900390625,141
2025-07-17T20:43:34.938693,3,7,"[0, 1, 2, 3, 4, 5, 6, 7]",93.01580810546875,38.86540412902832,46.9561767578125,143,93.01580810546875,0.0,46.44097900390625,141
2025-07-17T20:43:34.945385,4,7,"[0, 1, 2, 3, 4, 5, 6, 7]",93.01580810546875,38.86540412902832,46.9561767578125,143,93.01580810546875,0.0,46.44097900390625,141
2025-07-17T20:43:34.952987,0,8,"[0, 1, 2, 3, 4, 5, 6, 7]",93.01580810546875,38.86540412902832,46.9561767578125,143,93.01580810546875,0.0,46.44097900390625,141
2025-07-17T20:43:34.956158,1,8,"[0, 1, 2, 3, 4, 5, 6, 7]",93.01580810546875,38.86540412902832,46.9561767578125,143,93.01580810546875,0.0,46.44097900390625,141
2025-07-17T20:43:34.963360,2,8,"[0, 1, 2, 3, 4, 5, 6, 7]",93.01580810546875,38.86540412902832,46.9561767578125,143,93.01580810546875,0.0,46.44097900390625,141
2025-07-17T20:43:34.975759,3,8,"[0, 1, 2, 3, 4, 5, 6, 7]",93.01580810546875,38.86540412902832,46.9561767578125,143,93.01580810546875,0.0,46.44097900390625,141
2025-07-17T20:43:34.978109,4,8,"[0, 1, 2, 3, 4, 5, 6, 7]",93.01580810546875,38.86540412902832,46.9561767578125,143,93.01580810546875,0.0,46.44097900390625,141
2025-07-17T20:43:34.985008,0,9,"[0, 1, 2, 3, 4, 5, 6, 7]",93.01580810546875,38.86540412902832,46.9561767578125,143,93.01580810546875,0.0,46.44097900390625,141
2025-07-17T20:43:34.996925,1,9,"[0, 1, 2, 3, 4, 5, 6, 7]",93.01580810546875,38.86540412902832,46.9561767578125,143,93.01580810546875,0.0,46.44097900390625,141
2025-07-17T20:43:34.999087,2,9,"[0, 1, 2, 3, 4, 5, 6, 7]",93.01580810546875,38.86540412902832,46.9561767578125,143,93.01580810546875,0.0,46.44097900390625,141
2025-07-17T20:43:35.005249,3,9,"[0, 1, 2, 3, 4, 5, 6, 7]",93.01580810546875,38.86540412902832,46.9561767578125,143,93.01580810546875,0.0,46.44097900390625,141
2025-07-17T20:43:35.012730,4,9,"[0, 1, 2, 3, 4, 5, 6, 7]",93.01580810546875,38.86540412902832,46.9561767578125,143,93.01580810546875,0.0,46.44097900390625,141
2025-07-17T20:43:35.019173,0,10,"[0, 1, 2, 3, 4, 5, 6, 7]",93.01580810546875,38.86540412902832,46.9561767578125,143,93.01580810546875,0.0,46.44097900390625,141
2025-07-17T20:43:35.026299,1,10,"[0, 1, 2, 3, 4, 5, 6, 7]",93.01580810546875,38.86540412902832,46.9561767578125,143,93.01580810546875,0.0,46.44097900390625,141
2025-07-17T20:43:35.033166,2,10,"[0, 1, 2, 3, 4, 5, 6, 7]",93.01580810546875,38.86540412902832,46.9561767578125,143,93.01580810546875,0.0,46.44097900390625,141
2025-07-17T20:43:35.040379,3,10,"[0, 1, 2, 3, 4, 5, 6, 7]",93.01580810546875,38.86540412902832,46.9561767578125,143,93.01580810546875,0.0,46.44097900390625,141
2025-07-17T20:43:35.047862,4,10,"[0, 1, 2, 3, 4, 5, 6, 7]",93.01580810546875,38.86540412902832,46.9561767578125,143,93.01580810546875,0.0,46.44097900390625,141
2025-07-17T20:43:35.059252,0,11,"[0, 1, 2, 3, 4, 5, 6, 7]",93.01580810546875,38.86540412902832,46.9561767578125,143,93.01580810546875,0.0,46.44097900390625,141
2025-07-17T20:43:35.061766,1,11,"[0, 1, 2, 3, 4, 5, 6, 7]",93.01580810546875,38.86540412902832,46.9561767578125,143,93.01580810546875,0.0,46.44097900390625,141
2025-07-17T20:43:35.074027,2,11,"[0, 1, 2, 3, 4, 5, 6, 7]",93.01580810546875,38.86540412902832,46.9561767578125,143,93.01580810546875,0.0,46.44097900390625,141
2025-07-17T20:43:35.076175,3,11,"[0, 1, 2, 3, 4, 5, 6, 7]",93.01580810546875,38.86540412902832,46.9561767578125,143,93.01580810546875,0.0,46.44097900390625,141
2025-07-17T20:43:35.083134,4,11,"[0, 1, 2, 3, 4, 5, 6, 7]",93.01580810546875,38.86540412902832,46.9561767578125,143,93.01580810546875,0.0,46.44097900390625,141
2025-07-17T20:43:35.091574,0,12,"[0, 1, 2, 3, 4, 5, 6, 7]",93.01580810546875,38.86540412902832,46.9561767578125,143,93.01580810546875,0.0,46.44097900390625,141
2025-07-17T20:43:35.103804,1,12,"[0, 1, 2, 3, 4, 5, 6]",93.01580810546875,38.86540412902832,46.9561767578125,143,93.01580810546875,0.0,46.44097900390625,141
2025-07-17T20:43:35.105957,2,12,"[0, 1, 2, 3, 4, 5, 6, 7]",93.01580810546875,38.86540412902832,46.9561767578125,143,93.01580810546875,0.0,46.44097900390625,141
2025-07-17T20:43:35.112981,3,12,"[0, 1, 2, 3, 4, 5, 6]",93.01580810546875,38.86540412902832,46.9561767578125,143,93.01580810546875,0.0,46.44097900390625,141
2025-07-17T20:43:35.119129,4,12,"[0, 1, 2, 3, 4, 5, 6]",93.01580810546875,38.86540412902832,46.9561767578125,143,93.01580810546875,0.0,46.44097900390625,141
2025-07-17T20:43:35.126920,0,13,"[0, 1, 2, 3, 4, 5, 6, 7]",93.01580810546875,38.86540412902832,46.9561767578125,143,93.01580810546875,0.0,46.44097900390625,141
2025-07-17T20:43:35.139153,1,13,"[0, 1, 2, 3, 5, 7]",93.01580810546875,38.86540412902832,46.9561767578125,143,93.01580810546875,0.0,46.44097900390625,141
2025-07-17T20:43:35.146906,2,13,"[0, 1, 2, 3, 4, 5, 6, 7]",93.01580810546875,38.86540412902832,46.9561767578125,143,93.01580810546875,0.0,46.44097900390625,141
2025-07-17T20:43:35.154479,3,13,"[0, 1, 2, 3, 5, 7]",93.01580810546875,38.86540412902832,46.9561767578125,143,93.01580810546875,0.0,46.44097900390625,141
2025-07-17T20:43:35.156654,4,13,"[0, 1, 2, 3, 5, 7]",93.01580810546875,38.86540412902832,46.9561767578125,143,93.01580810546875,0.0,46.44097900390625,141
2025-07-17T20:43:35.164042,0,14,"[0, 1, 2, 3, 4, 5, 6, 7]",93.01580810546875,38.86540412902832,46.9561767578125,143,93.01580810546875,0.0,46.44097900390625,141
2025-07-17T20:43:35.170200,1,14,"[0, 1, 2, 3, 4, 5, 6]",93.01580810546875,38.86540412902832,46.9561767578125,143,93.01580810546875,0.0,46.44097900390625,141
2025-07-17T20:43:35.183193,2,14,"[0, 1, 2, 3, 4, 5, 6, 7]",93.01580810546875,38.86540412902832,46.9561767578125,143,93.01580810546875,0.0,46.44097900390625,141
2025-07-17T20:43:35.191047,3,14,"[0, 1, 2, 3, 4, 5, 6]",93.01580810546875,38.86540412902832,46.9561767578125,143,93.01580810546875,0.0,46.44097900390625,141
2025-07-17T20:43:35.193662,4,14,"[0, 1, 2, 3, 4, 5, 6]",93.01580810546875,38.86540412902832,46.9561767578125,143,93.01580810546875,0.0,46.44097900390625,141
2025-07-17T20:43:35.206604,0,15,"[0, 1, 2, 3, 4, 5, 6, 7]",93.01580810546875,38.86540412902832,46.9561767578125,143,93.01580810546875,0.0,46.44097900390625,141
2025-07-17T20:43:35.209124,1,15,"[0, 1, 2, 3, 4, 5, 6, 7]",93.01580810546875,38.86540412902832,46.9561767578125,143,93.01580810546875,0.0,46.44097900390625,141
2025-07-17T20:43:35.221634,2,15,"[0, 1, 2, 3, 4, 5, 6, 7]",93.01580810546875,38.86540412902832,46.9561767578125,143,93.01580810546875,0.0,46.44097900390625,141
2025-07-17T20:43:35.223870,3,15,"[0, 1, 2, 3, 4, 5, 6, 7]",93.01580810546875,38.86540412902832,46.9561767578125,143,93.01580810546875,0.0,46.44097900390625,141
2025-07-17T20:43:35.231839,4,15,"[0, 1, 2, 3, 4, 5, 6, 7]",93.01580810546875,38.86540412902832,46.9561767578125,143,93.01580810546875,0.0,46.44097900390625,141
2025-07-17T20:43:35.238757,0,16,"[0, 1, 2, 3, 4, 5, 6, 7]",93.01580810546875,38.86540412902832,46.9561767578125,143,93.01580810546875,0.0,46.44097900390625,141
2025-07-17T20:43:35.251797,1,16,"[0, 1, 2, 3, 4, 5, 6, 7]",93.01580810546875,38.86540412902832,46.9561767578125,143,93.01580810546875,0.0,46.44097900390625,141
2025-07-17T20:43:35.253803,2,16,"[0, 1, 2, 3, 4, 5, 6, 7]",93.01580810546875,38.86540412902832,46.9561767578125,143,93.01580810546875,0.0,46.44097900390625,141
2025-07-17T20:43:35.260777,3,16,"[0, 1, 2, 3, 4, 5, 6, 7]",93.01580810546875,38.86540412902832,46.9561767578125,143,93.01580810546875,0.0,46.44097900390625,141
2025-07-17T20:43:35.267383,4,16,"[0, 1, 2, 3, 4, 5, 6, 7]",93.01580810546875,38.86540412902832,46.9561767578125,143,93.01580810546875,0.0,46.44097900390625,141
2025-07-17T20:43:35.280064,0,17,"[0, 1, 2, 3, 4, 5, 6, 7]",93.01580810546875,38.86540412902832,46.9561767578125,143,93.01580810546875,0.0,46.44097900390625,141
2025-07-17T20:43:35.282207,1,17,"[0, 1, 2, 3, 4, 5, 6, 7]",93.01580810546875,38.86540412902832,46.9561767578125,143,93.01580810546875,0.0,46.44097900390625,141
2025-07-17T20:43:35.289389,2,17,"[0, 1, 2, 3, 4, 5, 6, 7]",93.01580810546875,38.86540412902832,46.9561767578125,143,93.01580810546875,0.0,46.44097900390625,141
2025-07-17T20:43:35.296841,3,17,"[0, 1, 2, 3, 4, 5, 6, 7]",93.01580810546875,38.86540412902832,46.9561767578125,143,93.01580810546875,0.0,46.44097900390625,141
2025-07-17T20:43:35.303296,4,17,"[0, 1, 2, 3, 4, 5, 6, 7]",93.01580810546875,38.86540412902832,46.9561767578125,143,93.01580810546875,0.0,46.44097900390625,141
2025-07-17T20:43:35.309486,0,18,"[0, 1, 2, 3, 4, 5, 6, 7]",93.01580810546875,38.86540412902832,46.9561767578125,143,93.01580810546875,0.0,46.44097900390625,141
2025-07-17T20:43:35.316675,1,18,"[0, 1, 2, 3, 4, 5, 6, 7]",93.01580810546875,38.86540412902832,46.9561767578125,143,93.01580810546875,0.0,46.44097900390625,141
2025-07-17T20:43:35.323657,2,18,"[0, 1, 2, 3, 4, 5, 6, 7]",93.01580810546875,38.86540412902832,46.9561767578125,143,93.01580810546875,0.0,46.44097900390625,141
2025-07-17T20:43:35.330807,3,18,"[0, 1, 2, 3, 4, 5, 6, 7]",93.01580810546875,38.86540412902832,46.9561767578125,143,93.01580810546875,0.0,46.44097900390625,141
2025-07-17T20:43:35.338802,4,18,"[0, 1, 2, 3, 4, 5, 6, 7]",93.01580810546875,38.86540412902832,46.9561767578125,143,93.01580810546875,0.0,46.44097900390625,141
2025-07-17T20:43:35.346575,0,19,"[0, 1, 2, 3, 4, 5, 6, 7]",93.01580810546875,38.86540412902832,46.9561767578125,143,93.01580810546875,0.0,46.44097900390625,141
2025-07-17T20:43:35.353806,1,19,"[0, 1, 2, 3, 4, 5, 6, 7]",93.01580810546875,38.86540412902832,46.9561767578125,143,93.01580810546875,0.0,46.44097900390625,141
2025-07-17T20:43:35.361165,2,19,"[0, 1, 2, 3, 4, 5, 6, 7]",93.01580810546875,38.86540412902832,46.9561767578125,143,93.01580810546875,0.0,46.44097900390625,141
2025-07-17T20:43:35.368742,3,19,"[0, 1, 2, 3, 4, 5, 6, 7]",93.01580810546875,38.86540412902832,46.9561767578125,143,93.01580810546875,0.0,46.44097900390625,141
2025-07-17T20:43:35.375232,4,19,"[0, 1, 2, 3, 4, 5, 6, 7]",93.01580810546875,38.86540412902832,46.9561767578125,143,93.01580810546875,0.0,46.44097900390625,141
2025-07-17T20:43:35.382747,0,20,"[0, 1, 2, 3, 4, 5, 6, 7]",93.01580810546875,38.86540412902832,46.9561767578125,143,93.01580810546875,0.0,46.44097900390625,141
2025-07-17T20:43:35.389364,1,20,"[0, 2, 3, 4, 5, 6, 7]",93.01580810546875,38.86540412902832,46.9561767578125,143,93.01580810546875,0.0,46.44097900390625,141
2025-07-17T20:43:35.401388,2,20,"[0, 1, 2, 3, 4, 5, 6, 7]",93.01580810546875,38.86540412902832,46.9561767578125,143,93.01580810546875,0.0,46.44097900390625,141
2025-07-17T20:43:35.403282,3,20,"[0, 2, 3, 4, 5, 6, 7]",93.01580810546875,38.86540412902832,46.9561767578125,143,93.01580810546875,0.0,46.44097900390625,141
2025-07-17T20:43:35.411989,4,20,"[0, 2, 3, 4, 5, 6, 7]",93.01580810546875,38.86540412902832,46.9561767578125,143,93.01580810546875,0.0,46.44097900390625,141
2025-07-17T20:43:35.418839,0,21,"[0, 1, 2, 3, 4, 5, 6, 7]",93.01580810546875,38.86540412902832,46.9561767578125,143,93.01580810546875,0.0,46.44097900390625,141
2025-07-17T20:43:35.426090,1,21,"[0, 1, 2, 3, 4, 5, 6, 7]",93.01580810546875,38.86540412902832,46.9561767578125,143,93.01580810546875,0.0,46.44097900390625,141
2025-07-17T20:43:35.433558,2,21,"[0, 1, 2, 3, 4, 5, 6, 7]",93.01580810546875,38.86540412902832,46.9561767578125,143,93.01580810546875,0.0,46.44097900390625,141
2025-07-17T20:43:35.445892,3,21,"[0, 1, 2, 3, 4, 5, 6, 7]",93.01580810546875,38.86540412902832,46.9561767578125,143,93.01580810546875,0.0,46.44097900390625,141
2025-07-17T20:43:35.448025,4,21,"[0, 1, 2, 3, 4, 5, 6, 7]",93.01580810546875,38.86540412902832,46.9561767578125,143,93.01580810546875,0.0,46.44097900390625,141
2025-07-17T20:43:35.461351,0,22,"[0, 1, 2, 3, 4, 5, 6, 7]",93.01580810546875,38.86540412902832,46.9561767578125,143,93.01580810546875,0.0,46.44097900390625,141
2025-07-17T20:43:35.463434,1,22,"[0, 1, 2, 3, 4, 5, 6, 7]",93.01580810546875,38.86540412902832,46.9561767578125,143,93.01580810546875,0.0,46.44097900390625,141
2025-07-17T20:43:35.476193,2,22,"[0, 1, 2, 3, 4, 5, 6, 7]",93.01580810546875,38.86540412902832,46.9561767578125,143,93.01580810546875,0.0,46.44097900390625,141
2025-07-17T20:43:35.478305,3,22,"[0, 1, 2, 3, 4, 5, 6, 7]",93.01580810546875,38.86540412902832,46.9561767578125,143,93.01580810546875,0.0,46.44097900390625,141
2025-07-17T20:43:35.484773,4,22,"[0, 1, 2, 3, 4, 5, 6, 7]",93.01580810546875,38.86540412902832,46.9561767578125,143,93.01580810546875,0.0,46.44097900390625,141
2025-07-17T20:43:35.498127,0,23,"[0, 1, 2, 3, 4, 5, 6, 7]",93.01580810546875,38.86540412902832,46.9561767578125,143,93.01580810546875,0.0,46.44097900390625,141
2025-07-17T20:43:35.506624,1,23,"[0, 1, 2, 3, 4, 5, 6, 7]",93.01580810546875,38.86540412902832,46.9561767578125,143,93.01580810546875,0.0,46.44097900390625,141
2025-07-17T20:43:35.509284,2,23,"[0, 1, 2, 3, 4, 5, 6, 7]",93.01580810546875,38.86540412902832,46.9561767578125,143,93.01580810546875,0.0,46.44097900390625,141
2025-07-17T20:43:35.521349,3,23,"[0, 1, 2, 3, 4, 5, 6, 7]",93.01580810546875,38.86540412902832,46.9561767578125,143,93.01580810546875,0.0,46.44097900390625,141
2025-07-17T20:43:35.524034,4,23,"[0, 1, 2, 3, 4, 5, 6, 7]",93.01580810546875,38.86540412902832,46.9561767578125,143,93.01580810546875,0.0,46.44097900390625,141
2025-07-17T20:43:35.530495,0,24,"[0, 1, 2, 3, 4, 5, 6, 7]",93.01580810546875,38.86540412902832,46.9561767578125,143,93.01580810546875,0.0,46.44097900390625,141
2025-07-17T20:43:35.538310,1,24,"[1, 2, 3, 4, 5, 6, 7]",93.01580810546875,38.86540412902832,46.9561767578125,143,93.01580810546875,0.0,46.44097900390625,141
2025-07-17T20:43:35.550386,2,24,"[0, 1, 2, 3, 4, 5, 6, 7]",93.01580810546875,38.86540412902832,46.9561767578125,143,93.01580810546875,0.0,46.44097900390625,141
2025-07-17T20:43:35.552279,3,24,"[1, 2, 3, 4, 5, 6, 7]",93.01580810546875,38.86540412902832,46.9561767578125,143,93.01580810546875,0.0,46.44097900390625,141
2025-07-17T20:43:35.559208,4,24,"[1, 2, 3, 4, 5, 6, 7]",93.01580810546875,38.86540412902832,46.9561767578125,143,93.01580810546875,0.0,46.44097900390625,141
2025-07-17T20:43:35.566808,0,25,"[0, 1, 2, 3, 4, 5, 6, 7]",93.01580810546875,38.86540412902832,46.9561767578125,143,93.01580810546875,0.0,46.44097900390625,141
2025-07-17T20:43:35.578228,1,25,"[0, 1, 2, 3, 4, 5, 6, 7]",93.01580810546875,38.86540412902832,46.9561767578125,143,93.01580810546875,0.0,46.44097900390625,141
2025-07-17T20:43:35.580752,2,25,"[0, 1, 2, 3, 4, 5, 6, 7]",93.01580810546875,38.86540412902832,46.9561767578125,143,93.01580810546875,0.0,46.44097900390625,141
2025-07-17T20:43:35.587742,3,25,"[0, 1, 2, 3, 4, 5, 6, 7]",93.01580810546875,38.86540412902832,46.9561767578125,143,93.01580810546875,0.0,46.44097900390625,141
2025-07-17T20:43:35.596601,4,25,"[0, 1, 2, 3, 4, 5, 6, 7]",93.01580810546875,38.86540412902832,46.9561767578125,143,93.01580810546875,0.0,46.44097900390625,141
2025-07-17T20:43:35.604252,0,26,"[0, 1, 2, 3, 4, 5, 6, 7]",93.01580810546875,38.86540412902832,46.9561767578125,143,93.01580810546875,0.0,46.44097900390625,141
2025-07-17T20:43:35.617210,1,26,"[0, 1, 2, 3, 5, 6, 7]",93.01580810546875,38.86540412902832,46.9561767578125,143,93.01580810546875,0.0,46.44097900390625,141
2025-07-17T20:43:35.619597,2,26,"[0, 1, 2, 3, 4, 5, 6, 7]",93.01580810546875,38.86540412902832,46.9561767578125,143,93.01580810546875,0.0,46.44097900390625,141
2025-07-17T20:43:35.627446,3,26,"[0, 1, 2, 3, 5, 6, 7]",93.01580810546875,38.86540412902832,46.9561767578125,143,93.01580810546875,0.0,46.44097900390625,141
2025-07-17T20:43:35.633779,4,26,"[0, 1, 2, 3, 5, 6, 7]",93.01580810546875,38.86540412902832,46.9561767578125,143,93.01580810546875,0.0,46.44097900390625,141
2025-07-17T20:43:35.641408,0,27,"[0, 1, 2, 3, 4, 5, 6, 7]",93.01580810546875,38.86540412902832,46.9561767578125,143,93.01580810546875,0.0,46.44097900390625,141
2025-07-17T20:43:35.649048,1,27,"[0, 1, 2, 3, 4, 6, 7]",93.01580810546875,38.86540412902832,46.9561767578125,143,93.01580810546875,0.0,46.44097900390625,141
2025-07-17T20:43:35.656593,2,27,"[0, 1, 2, 3, 4, 5, 6, 7]",93.01580810546875,38.86540412902832,46.9561767578125,143,93.01580810546875,0.0,46.44097900390625,141
2025-07-17T20:43:35.664432,3,27,"[0, 1, 2, 3, 4, 6, 7]",93.01580810546875,38.86540412902832,46.9561767578125,143,93.01580810546875,0.0,46.44097900390625,141
2025-07-17T20:43:35.671828,4,27,"[0, 1, 2, 3, 4, 6, 7]",93.01580810546875,38.86540412902832,46.9561767578125,143,93.01580810546875,0.0,46.44097900390625,141
2025-07-17T20:43:35.679181,0,28,"[0, 1, 2, 3, 4, 5, 6, 7]",93.01580810546875,38.86540412902832,46.9561767578125,143,93.01580810546875,0.0,46.44097900390625,141
2025-07-17T20:43:35.691752,1,28,"[0, 1, 3, 4, 5, 6, 7]",93.01580810546875,38.86540412902832,46.9561767578125,143,93.01580810546875,0.0,46.44097900390625,141
2025-07-17T20:43:35.693818,2,28,"[0, 1, 2, 3, 4, 5, 6, 7]",93.01580810546875,38.86540412902832,46.9561767578125,143,93.01580810546875,0.0,46.44097900390625,141
2025-07-17T20:43:35.701509,3,28,"[0, 1, 3, 4, 5, 6, 7]",93.01580810546875,38.86540412902832,46.9561767578125,143,93.01580810546875,0.0,46.44097900390625,141
2025-07-17T20:43:35.708127,4,28,"[0, 1, 3, 4, 5, 6, 7]",93.01580810546875,38.86540412902832,46.9561767578125,143,93.01580810546875,0.0,46.44097900390625,141
2025-07-17T20:43:35.715753,0,29,"[0, 1, 2, 3, 4, 5, 6, 7]",93.01580810546875,38.86540412902832,46.9561767578125,143,93.01580810546875,0.0,46.44097900390625,141
2025-07-17T20:43:35.722895,1,29,"[0, 2, 3, 4, 5, 6, 7]",93.01580810546875,38.86540412902832,46.9561767578125,143,93.01580810546875,0.0,46.44097900390625,141
2025-07-17T20:43:35.730094,2,29,"[0, 1, 2, 3, 4, 5, 6, 7]",93.01580810546875,38.86540412902832,46.9561767578125,143,93.01580810546875,0.0,46.44097900390625,141
2025-07-17T20:43:35.737141,3,29,"[0, 2, 3, 4, 5, 6, 7]",93.01580810546875,38.86540412902832,46.9561767578125,143,93.01580810546875,0.0,46.44097900390625,141
2025-07-17T20:43:35.744354,4,29,"[0, 2, 3, 4, 5, 6, 7]",93.01580810546875,38.86540412902832,46.9561767578125,143,93.01580810546875,0.0,46.44097900390625,141
2025-07-17T20:43:35.751817,0,30,"[0, 1, 2, 3, 4, 5, 6, 7]",93.01580810546875,38.86540412902832,46.9561767578125,143,93.01580810546875,0.0,46.44097900390625,141
2025-07-17T20:43:35.759936,1,30,"[0, 2, 3, 4, 5, 6, 7]",93.01580810546875,38.86540412902832,46.9561767578125,143,93.01580810546875,0.0,46.44097900390625,141
2025-07-17T20:43:35.767372,2,30,"[0, 1, 2, 3, 4, 5, 6, 7]",93.01580810546875,38.86540412902832,46.9561767578125,143,93.01580810546875,0.0,46.44097900390625,141
2025-07-17T20:43:35.775024,3,30,"[0, 2, 3, 4, 5, 6, 7]",93.01580810546875,38.86540412902832,46.9561767578125,143,93.01580810546875,0.0,46.44097900390625,141
2025-07-17T20:43:35.787923,4,30,"[0, 2, 3, 4, 5, 6, 7]",93.01580810546875,38.86540412902832,46.9561767578125,143,93.01580810546875,0.0,46.44097900390625,141
2025-07-17T20:43:35.789935,0,31,"[0, 1, 2, 3, 4, 5, 6, 7]",93.01580810546875,38.87204074859619,46.9561767578125,143,93.01580810546875,0.0,46.44097900390625,141
2025-07-17T20:43:35.804140,1,31,"[0, 1, 2, 4, 5, 6, 7]",93.01580810546875,38.8688325881958,46.9561767578125,143,93.01580810546875,0.0,46.44097900390625,141
2025-07-17T20:43:35.814337,2,31,"[0, 1, 2, 3, 4, 5, 6, 7]",93.01580810546875,38.86620616912842,46.9561767578125,143,93.01580810546875,0.0,46.44097900390625,141
2025-07-17T20:43:35.818475,3,31,"[0, 1, 2, 4, 5, 6, 7]",93.01580810546875,38.86299800872803,46.9561767578125,143,93.01580810546875,0.0,46.44097900390625,141
2025-07-17T20:43:35.826264,4,31,"[0, 1, 2, 4, 5, 6, 7]",93.01580810546875,38.86002254486084,46.9561767578125,143,93.01580810546875,0.0,46.44097900390625,141
2025-07-17T20:43:35.841145,0,0,"[0, 1, 2, 3, 4, 5, 6, 7]",93.01580810546875,38.85531425476074,46.9561767578125,143,93.01580810546875,0.0,46.44097900390625,141
2025-07-17T20:43:35.850296,1,0,"[0, 1, 2, 3, 4, 5, 6, 7]",93.01580810546875,38.85852241516113,46.9561767578125,143,93.01580810546875,0.0,46.44097900390625,141
2025-07-17T20:43:35.852981,2,0,"[0, 1, 2, 3, 4, 5, 6, 7]",93.01580810546875,38.86149787902832,46.9561767578125,143,93.01580810546875,0.0,46.44097900390625,141
2025-07-17T20:43:35.860601,3,0,"[0, 1, 2, 3, 4, 5, 6, 7]",93.01580810546875,38.86438179016113,46.9561767578125,143,93.01580810546875,0.0,46.44097900390625,141
2025-07-17T20:43:35.868121,4,0,"[0, 1, 2, 3, 4, 5, 6, 7]",93.01580810546875,38.86540412902832,46.9561767578125,143,93.01580810546875,0.0,46.44097900390625,141
2025-07-17T20:43:35.875038,0,1,"[0, 1, 2, 3, 4, 5, 6, 7]",93.01580810546875,38.86540412902832,46.9561767578125,143,93.01580810546875,0.0,46.44097900390625,141
2025-07-17T20:43:35.882444,1,1,"[0, 1, 2, 3, 4, 5, 6, 7]",93.01580810546875,38.86540412902832,46.9561767578125,143,93.01580810546875,0.0,46.44097900390625,141
2025-07-17T20:43:35.889003,2,1,"[0, 1, 2, 4, 5, 6, 7]",93.01580810546875,38.86540412902832,46.9561767578125,143,93.01580810546875,0.0,46.44097900390625,141
2025-07-17T20:43:35.896027,3,1,"[0, 1, 2, 3, 4, 5, 6, 7]",93.01580810546875,38.86540412902832,46.9561767578125,143,93.01580810546875,0.0,46.44097900390625,141
2025-07-17T20:43:35.907818,4,1,"[0, 1, 2, 3, 4, 5, 6, 7]",93.01580810546875,38.86540412902832,46.9561767578125,143,93.01580810546875,0.0,46.44097900390625,141
2025-07-17T20:43:35.910218,0,2,"[0, 1, 2, 3, 4, 5, 6, 7]",93.01580810546875,38.86540412902832,46.9561767578125,143,93.01580810546875,0.0,46.44097900390625,141
2025-07-17T20:43:35.917566,1,2,"[0, 1, 2, 3, 4, 5, 6, 7]",93.01580810546875,38.86540412902832,46.9561767578125,143,93.01580810546875,0.0,46.44097900390625,141
2025-07-17T20:43:35.924743,2,2,"[0, 1, 2, 3, 4, 6, 7]",93.01580810546875,38.86540412902832,46.9561767578125,143,93.01580810546875,0.0,46.44097900390625,141
2025-07-17T20:43:35.936578,3,2,"[0, 1, 2, 3, 4, 5, 6, 7]",93.01580810546875,38.86540412902832,46.9561767578125,143,93.01580810546875,0.0,46.44097900390625,141
2025-07-17T20:43:35.939008,4,2,"[0, 1, 2, 3, 4, 5, 6, 7]",93.01580810546875,38.86540412902832,46.9561767578125,143,93.01580810546875,0.0,46.44097900390625,141
2025-07-17T20:43:35.946928,0,3,"[0, 1, 2, 3, 4, 5, 6, 7]",93.01580810546875,38.86540412902832,46.9561767578125,143,93.01580810546875,0.0,46.44097900390625,141
2025-07-17T20:43:35.954806,1,3,"[0, 1, 2, 3, 4, 5, 6, 7]",93.01580810546875,38.86540412902832,46.9561767578125,143,93.01580810546875,0.0,46.44097900390625,141
2025-07-17T20:43:35.961562,2,3,"[0, 1, 2, 3, 4, 5, 6, 7]",93.01580810546875,38.86540412902832,46.9561767578125,143,93.01580810546875,0.0,46.44097900390625,141
2025-07-17T20:43:35.967980,3,3,"[0, 1, 2, 3, 4, 5, 6, 7]",93.01580810546875,38.86540412902832,46.9561767578125,143,93.01580810546875,0.0,46.44097900390625,141
2025-07-17T20:43:35.980428,4,3,"[0, 1, 2, 3, 4, 5, 6, 7]",93.01580810546875,38.86540412902832,46.9561767578125,143,93.01580810546875,0.0,46.44097900390625,141
2025-07-17T20:43:35.982437,0,4,"[0, 1, 2, 3, 4, 5, 6, 7]",93.01580810546875,38.86540412902832,46.9561767578125,143,93.01580810546875,0.0,46.44097900390625,141
2025-07-17T20:43:35.995269,1,4,"[0, 1, 2, 3, 4, 5, 6, 7]",93.01580810546875,38.86540412902832,46.9561767578125,143,93.01580810546875,0.0,46.44097900390625,141
2025-07-17T20:43:35.997481,2,4,"[0, 1, 2, 3, 4, 5, 6, 7]",93.01580810546875,38.86540412902832,46.9561767578125,143,93.01580810546875,0.0,46.44097900390625,141
2025-07-17T20:43:36.009923,3,4,"[0, 1, 2, 3, 4, 5, 6, 7]",93.01580810546875,38.86540412902832,46.9561767578125,143,93.01580810546875,0.0,46.44097900390625,141
2025-07-17T20:43:36.012152,4,4,"[0, 1, 2, 3, 4, 5, 6, 7]",93.01580810546875,38.86540412902832,46.9561767578125,143,93.01580810546875,0.0,46.44097900390625,141
2025-07-17T20:43:36.020168,0,5,"[0, 1, 2, 3, 4, 5, 6, 7]",93.01580810546875,38.86540412902832,46.9561767578125,143,93.01580810546875,0.0,46.44097900390625,141
2025-07-17T20:43:36.026937,1,5,"[0, 1, 2, 3, 4, 5, 6, 7]",93.01580810546875,38.86540412902832,46.9561767578125,143,93.01580810546875,0.0,46.44097900390625,141
2025-07-17T20:43:36.034319,2,5,"[0, 1, 2, 3, 4, 5, 6, 7]",93.01580810546875,38.86540412902832,46.9561767578125,143,93.01580810546875,0.0,46.44097900390625,141
2025-07-17T20:43:36.041813,3,5,"[0, 1, 2, 3, 4, 5, 6, 7]",93.01580810546875,38.86540412902832,46.9561767578125,143,93.01580810546875,0.0,46.44097900390625,141
2025-07-17T20:43:36.054401,4,5,"[0, 1, 2, 3, 4, 5, 6, 7]",93.01580810546875,38.86540412902832,46.9561767578125,143,93.01580810546875,0.0,46.44097900390625,141
2025-07-17T20:43:36.056551,0,6,"[0, 1, 2, 3, 4, 5, 6, 7]",93.01580810546875,38.86540412902832,46.9561767578125,143,93.01580810546875,0.0,46.44097900390625,141
2025-07-17T20:43:36.064583,1,6,"[0, 1, 2, 3, 4, 5, 6, 7]",93.01580810546875,38.86540412902832,46.9561767578125,143,93.01580810546875,0.0,46.44097900390625,141
2025-07-17T20:43:36.072028,2,6,"[0, 1, 2, 3, 4, 5, 6, 7]",93.01580810546875,38.86540412902832,46.9561767578125,143,93.01580810546875,0.0,46.44097900390625,141
2025-07-17T20:43:36.079540,3,6,"[0, 1, 2, 3, 4, 5, 6, 7]",93.01580810546875,38.86540412902832,46.9561767578125,143,93.01580810546875,0.0,46.44097900390625,141
2025-07-17T20:43:36.085785,4,6,"[0, 1, 2, 3, 4, 5, 6, 7]",93.01580810546875,38.86540412902832,46.9561767578125,143,93.01580810546875,0.0,46.44097900390625,141
2025-07-17T20:43:36.093875,0,7,"[0, 1, 2, 3, 4, 5, 6, 7]",93.01580810546875,38.86540412902832,46.9561767578125,143,93.01580810546875,0.0,46.44097900390625,141
2025-07-17T20:43:36.100793,1,7,"[0, 1, 2, 3, 4, 5, 6, 7]",93.01580810546875,38.86540412902832,46.9561767578125,143,93.01580810546875,0.0,46.44097900390625,141
2025-07-17T20:43:36.108803,2,7,"[0, 1, 2, 3, 4, 5, 6, 7]",93.01580810546875,38.86540412902832,46.9561767578125,143,93.01580810546875,0.0,46.44097900390625,141
2025-07-17T20:43:36.115119,3,7,"[0, 1, 2, 3, 4, 5, 6, 7]",93.01580810546875,38.86540412902832,46.9561767578125,143,93.01580810546875,0.0,46.44097900390625,141
2025-07-17T20:43:36.128456,4,7,"[0, 1, 2, 3, 4, 5, 6, 7]",93.01580810546875,38.86540412902832,46.9561767578125,143,93.01580810546875,0.0,46.44097900390625,141
2025-07-17T20:43:36.131381,0,8,"[0, 1, 2, 3, 4, 5, 6, 7]",93.01580810546875,38.86540412902832,46.9561767578125,143,93.01580810546875,0.0,46.44097900390625,141
2025-07-17T20:43:36.138358,1,8,"[0, 1, 2, 3, 4, 5, 6, 7]",93.01580810546875,38.86540412902832,46.9561767578125,143,93.01580810546875,0.0,46.44097900390625,141
2025-07-17T20:43:36.151590,2,8,"[0, 1, 2, 3, 4, 5, 6, 7]",93.01580810546875,38.86540412902832,46.9561767578125,143,93.01580810546875,0.0,46.44097900390625,141
2025-07-17T20:43:36.154071,3,8,"[0, 1, 2, 3, 4, 5, 6, 7]",93.01580810546875,38.86540412902832,46.9561767578125,143,93.01580810546875,0.0,46.44097900390625,141
2025-07-17T20:43:36.162582,4,8,"[0, 1, 2, 3, 4, 5, 6, 7]",93.01580810546875,38.86540412902832,46.9561767578125,143,93.01580810546875,0.0,46.44097900390625,141
2025-07-17T20:43:36.175279,0,9,"[0, 1, 2, 3, 4, 5, 6, 7]",93.01580810546875,38.86540412902832,46.9561767578125,143,93.01580810546875,0.0,46.44097900390625,141
2025-07-17T20:43:36.177489,1,9,"[0, 1, 3, 4, 5, 6, 7]",93.01580810546875,38.86540412902832,46.9561767578125,143,93.01580810546875,0.0,46.44097900390625,141
2025-07-17T20:43:36.184524,2,9,"[0, 1, 2, 3, 4, 5, 7]",93.01580810546875,38.86540412902832,46.9561767578125,143,93.01580810546875,0.0,46.44097900390625,141
2025-07-17T20:43:36.195524,3,9,"[0, 1, 3, 4, 5, 6, 7]",93.01580810546875,38.86540412902832,46.9561767578125,143,93.01580810546875,0.0,46.44097900390625,141
2025-07-17T20:43:36.197356,4,9,"[0, 1, 3, 4, 5, 6, 7]",93.01580810546875,38.86540412902832,46.9561767578125,143,93.01580810546875,0.0,46.44097900390625,141
2025-07-17T20:43:36.205181,0,10,"[0, 1, 2, 3, 4, 5, 6, 7]",93.01580810546875,38.86540412902832,46.9561767578125,143,93.01580810546875,0.0,46.44097900390625,141
2025-07-17T20:43:36.212537,1,10,"[0, 1, 2, 4, 5, 6, 7]",93.01580810546875,38.86540412902832,46.9561767578125,143,93.01580810546875,0.0,46.44097900390625,141
2025-07-17T20:43:36.219432,2,10,"[0, 1, 2, 3, 4, 5, 6, 7]",93.01580810546875,38.86540412902832,46.9561767578125,143,93.01580810546875,0.0,46.44097900390625,141
2025-07-17T20:43:36.227866,3,10,"[0, 1, 2, 4, 5, 6, 7]",93.01580810546875,38.86540412902832,46.9561767578125,143,93.01580810546875,0.0,46.44097900390625,141
2025-07-17T20:43:36.235038,4,10,"[0, 1, 2, 4, 5, 6, 7]",93.01580810546875,38.86540412902832,46.9561767578125,143,93.01580810546875,0.0,46.44097900390625,141
2025-07-17T20:43:36.241745,0,11,"[0, 1, 2, 3, 4, 5, 6, 7]",93.01580810546875,38.86540412902832,46.9561767578125,143,93.01580810546875,0.0,46.44097900390625,141
2025-07-17T20:43:36.254164,1,11,"[0, 1, 2, 3, 4, 5, 7]",93.01580810546875,38.86540412902832,46.9561767578125,143,93.01580810546875,0.0,46.44097900390625,141
2025-07-17T20:43:36.256306,2,11,"[0, 1, 2, 3, 4, 5, 6, 7]",93.01580810546875,38.86540412902832,46.9561767578125,143,93.01580810546875,0.0,46.44097900390625,141
2025-07-17T20:43:36.263912,3,11,"[0, 1, 2, 3, 4, 5, 7]",93.01580810546875,38.86540412902832,46.9561767578125,143,93.01580810546875,0.0,46.44097900390625,141
2025-07-17T20:43:36.270445,4,11,"[0, 1, 2, 3, 4, 5, 7]",93.01580810546875,38.86540412902832,46.9561767578125,143,93.01580810546875,0.0,46.44097900390625,141
2025-07-17T20:43:36.278127,0,12,"[0, 1, 2, 3, 4, 5, 6, 7]",93.01580810546875,38.86540412902832,46.9561767578125,143,93.01580810546875,0.0,46.44097900390625,141
2025-07-17T20:43:36.285772,1,12,"[0, 1, 2, 3, 4, 5, 6, 7]",93.01580810546875,38.86540412902832,46.9561767578125,143,93.01580810546875,0.0,46.44097900390625,141
2025-07-17T20:43:36.292836,2,12,"[0, 1, 2, 3, 4, 5, 6, 7]",93.01580810546875,38.86540412902832,46.9561767578125,143,93.01580810546875,0.0,46.44097900390625,141
2025-07-17T20:43:36.300404,3,12,"[0, 1, 2, 3, 4, 5, 6, 7]",93.01580810546875,38.86540412902832,46.9561767578125,143,93.01580810546875,0.0,46.44097900390625,141
2025-07-17T20:43:36.307614,4,12,"[0, 1, 2, 3, 4, 5, 6, 7]",93.01580810546875,38.86540412902832,46.9561767578125,143,93.01580810546875,0.0,46.44097900390625,141
2025-07-17T20:43:36.314578,0,13,"[0, 1, 2, 3, 5, 6, 7]",93.01580810546875,38.86540412902832,46.9561767578125,143,93.01580810546875,0.0,46.44097900390625,141
2025-07-17T20:43:36.321328,1,13,"[0, 1, 2, 3, 4, 7]",93.01580810546875,38.86540412902832,46.9561767578125,143,93.01580810546875,0.0,46.44097900390625,141
2025-07-17T20:43:36.328801,2,13,"[0, 1, 2, 3, 4, 5, 6, 7]",93.01580810546875,38.86540412902832,46.9561767578125,143,93.01580810546875,0.0,46.44097900390625,141
2025-07-17T20:43:36.335732,3,13,"[0, 1, 2, 3, 4, 7]",93.01580810546875,38.86540412902832,46.9561767578125,143,93.01580810546875,0.0,46.44097900390625,141
2025-07-17T20:43:36.342152,4,13,"[0, 1, 2, 3, 4, 7]",93.01580810546875,38.86540412902832,46.9561767578125,143,93.01580810546875,0.0,46.44097900390625,141
2025-07-17T20:43:36.349099,0,14,"[0, 1, 2, 3, 4, 5, 6, 7]",93.01580810546875,38.86540412902832,46.9561767578125,143,93.01580810546875,0.0,46.44097900390625,141
2025-07-17T20:43:36.356630,1,14,"[0, 1, 2, 3, 4, 5, 6, 7]",93.01580810546875,38.86540412902832,46.9561767578125,143,93.01580810546875,0.0,46.44097900390625,141
2025-07-17T20:43:36.363862,2,14,"[0, 1, 2, 3, 4, 5, 6, 7]",93.01580810546875,38.86540412902832,46.9561767578125,143,93.01580810546875,0.0,46.44097900390625,141
2025-07-17T20:43:36.370889,3,14,"[0, 1, 2, 3, 4, 5, 6, 7]",93.01580810546875,38.86540412902832,46.9561767578125,143,93.01580810546875,0.0,46.44097900390625,141
2025-07-17T20:43:36.377926,4,14,"[0, 1, 2, 3, 4, 5, 6, 7]",93.01580810546875,38.86540412902832,46.9561767578125,143,93.01580810546875,0.0,46.44097900390625,141
2025-07-17T20:43:36.385249,0,15,"[0, 1, 2, 3, 4, 5, 6, 7]",93.01580810546875,38.86540412902832,46.9561767578125,143,93.01580810546875,0.0,46.44097900390625,141
2025-07-17T20:43:36.391845,1,15,"[0, 1, 2, 3, 4, 5, 6, 7]",93.01580810546875,38.86540412902832,46.9561767578125,143,93.01580810546875,0.0,46.44097900390625,141
2025-07-17T20:43:36.399170,2,15,"[0, 1, 2, 3, 4, 5, 6, 7]",93.01580810546875,38.86540412902832,46.9561767578125,143,93.01580810546875,0.0,46.44097900390625,141
2025-07-17T20:43:36.405883,3,15,"[0, 1, 2, 3, 4, 5, 6, 7]",93.01580810546875,38.86540412902832,46.9561767578125,143,93.01580810546875,0.0,46.44097900390625,141
2025-07-17T20:43:36.413252,4,15,"[0, 1, 2, 3, 4, 5, 6, 7]",93.01580810546875,38.86540412902832,46.9561767578125,143,93.01580810546875,0.0,46.44097900390625,141
2025-07-17T20:43:36.425905,0,16,"[0, 1, 2, 3, 4, 5, 6, 7]",93.01580810546875,38.86540412902832,46.9561767578125,143,93.01580810546875,0.0,46.44097900390625,141
2025-07-17T20:43:36.427959,1,16,"[0, 1, 2, 3, 4, 5, 6, 7]",93.01580810546875,38.86540412902832,46.9561767578125,143,93.01580810546875,0.0,46.44097900390625,141
2025-07-17T20:43:36.435001,2,16,"[0, 1, 2, 3, 4, 5, 6, 7]",93.01580810546875,38.86540412902832,46.9561767578125,143,93.01580810546875,0.0,46.44097900390625,141
2025-07-17T20:43:36.447264,3,16,"[0, 1, 2, 3, 4, 5, 6, 7]",93.01580810546875,38.86540412902832,46.9561767578125,143,93.01580810546875,0.0,46.44097900390625,141
2025-07-17T20:43:36.449717,4,16,"[0, 1, 2, 3, 4, 5, 6, 7]",93.01580810546875,38.86540412902832,46.9561767578125,143,93.01580810546875,0.0,46.44097900390625,141
2025-07-17T20:43:36.462981,0,17,"[0, 1, 2, 3, 4, 5, 6, 7]",93.01580810546875,38.86540412902832,46.9561767578125,143,93.01580810546875,0.0,46.44097900390625,141
2025-07-17T20:43:36.465228,1,17,"[0, 2, 3, 4, 5, 6, 7]",93.01580810546875,38.86540412902832,46.9561767578125,143,93.01580810546875,0.0,46.44097900390625,141
2025-07-17T20:43:36.473042,2,17,"[0, 1, 2, 3, 4, 5, 6, 7]",93.01580810546875,38.86540412902832,46.9561767578125,143,93.01580810546875,0.0,46.44097900390625,141
2025-07-17T20:43:36.481500,3,17,"[0, 2, 3, 4, 5, 6, 7]",93.01580810546875,38.86540412902832,46.9561767578125,143,93.01580810546875,0.0,46.44097900390625,141
2025-07-17T20:43:36.488622,4,17,"[0, 2, 3, 4, 5, 6, 7]",93.01580810546875,38.86540412902832,46.9561767578125,143,93.01580810546875,0.0,46.44097900390625,141
2025-07-17T20:43:36.496038,0,18,"[0, 1, 2, 3, 4, 5, 6, 7]",93.01580810546875,38.86540412902832,46.9561767578125,143,93.01580810546875,0.0,46.44097900390625,141
2025-07-17T20:43:36.502880,1,18,"[0, 1, 2, 3, 4, 5, 6, 7]",93.01580810546875,38.86540412902832,46.9561767578125,143,93.01580810546875,0.0,46.44097900390625,141
2025-07-17T20:43:36.509803,2,18,"[0, 1, 2, 3, 4, 5, 6, 7]",93.01580810546875,38.86540412902832,46.9561767578125,143,93.01580810546875,0.0,46.44097900390625,141
2025-07-17T20:43:36.517425,3,18,"[0, 1, 2, 3, 4, 5, 6, 7]",93.01580810546875,38.86540412902832,46.9561767578125,143,93.01580810546875,0.0,46.44097900390625,141
2025-07-17T20:43:36.523626,4,18,"[0, 1, 2, 3, 4, 5, 6, 7]",93.01580810546875,38.86540412902832,46.9561767578125,143,93.01580810546875,0.0,46.44097900390625,141
2025-07-17T20:43:36.530160,0,19,"[0, 1, 2, 3, 4, 5, 6, 7]",93.01580810546875,38.86540412902832,46.9561767578125,143,93.01580810546875,0.0,46.44097900390625,141
2025-07-17T20:43:36.541745,1,19,"[0, 1, 2, 3, 4, 5, 6, 7]",93.01580810546875,38.86540412902832,46.9561767578125,143,93.01580810546875,0.0,46.44097900390625,141
2025-07-17T20:43:36.548787,2,19,"[0, 1, 2, 3, 4, 5, 6, 7]",93.01580810546875,38.86540412902832,46.9561767578125,143,93.01580810546875,0.0,46.44097900390625,141
2025-07-17T20:43:36.550981,3,19,"[0, 1, 2, 3, 4, 5, 6, 7]",93.01580810546875,38.86540412902832,46.9561767578125,143,93.01580810546875,0.0,46.44097900390625,141
2025-07-17T20:43:36.557153,4,19,"[0, 1, 2, 3, 4, 5, 6, 7]",93.01580810546875,38.86540412902832,46.9561767578125,143,93.01580810546875,0.0,46.44097900390625,141
2025-07-17T20:43:36.564214,0,20,"[0, 2, 3, 4, 5, 6, 7]",93.01580810546875,38.86540412902832,46.9561767578125,143,93.01580810546875,0.0,46.44097900390625,141
2025-07-17T20:43:36.570754,1,20,"[0, 1, 2, 3, 4, 5, 6, 7]",93.01580810546875,38.86540412902832,46.9561767578125,143,93.01580810546875,0.0,46.44097900390625,141
2025-07-17T20:43:36.577306,2,20,"[0, 1, 2, 3, 4, 5, 6, 7]",93.01580810546875,38.86540412902832,46.9561767578125,143,93.01580810546875,0.0,46.44097900390625,141
2025-07-17T20:43:36.589744,3,20,"[0, 1, 2, 3, 4, 5, 6, 7]",93.01580810546875,38.86540412902832,46.9561767578125,143,93.01580810546875,0.0,46.44097900390625,141
2025-07-17T20:43:36.591814,4,20,"[0, 1, 2, 3, 4, 5, 6, 7]",93.01580810546875,38.86540412902832,46.9561767578125,143,93.01580810546875,0.0,46.44097900390625,141
2025-07-17T20:43:36.598966,0,21,"[0, 1, 2, 3, 4, 5, 6, 7]",93.01580810546875,38.86540412902832,46.9561767578125,143,93.01580810546875,0.0,46.44097900390625,141
2025-07-17T20:43:36.606244,1,21,"[0, 1, 2, 3, 4, 5, 6, 7]",93.01580810546875,38.86540412902832,46.9561767578125,143,93.01580810546875,0.0,46.44097900390625,141
2025-07-17T20:43:36.613852,2,21,"[0, 1, 2, 3, 4, 5, 6, 7]",93.01580810546875,38.86540412902832,46.9561767578125,143,93.01580810546875,0.0,46.44097900390625,141
2025-07-17T20:43:36.620548,3,21,"[0, 1, 2, 3, 4, 5, 6, 7]",93.01580810546875,38.86540412902832,46.9561767578125,143,93.01580810546875,0.0,46.44097900390625,141
2025-07-17T20:43:36.627812,4,21,"[0, 1, 2, 3, 4, 5, 6, 7]",93.01580810546875,38.86540412902832,46.9561767578125,143,93.01580810546875,0.0,46.44097900390625,141
2025-07-17T20:43:36.635140,0,22,"[0, 1, 2, 3, 4, 5, 6, 7]",93.01580810546875,38.86540412902832,46.9561767578125,143,93.01580810546875,0.0,46.44097900390625,141
2025-07-17T20:43:36.641633,1,22,"[0, 1, 2, 3, 4, 5, 6, 7]",93.01580810546875,38.86540412902832,46.9561767578125,143,93.01580810546875,0.0,46.44097900390625,141
2025-07-17T20:43:36.648351,2,22,"[0, 1, 2, 3, 4, 5, 6, 7]",93.01580810546875,38.86540412902832,46.9561767578125,143,93.01580810546875,0.0,46.44097900390625,141
2025-07-17T20:43:36.655238,3,22,"[0, 1, 2, 3, 4, 5, 6, 7]",93.01580810546875,38.86540412902832,46.9561767578125,143,93.01580810546875,0.0,46.44097900390625,141
2025-07-17T20:43:36.662481,4,22,"[0, 1, 2, 3, 4, 5, 6, 7]",93.01580810546875,38.86540412902832,46.9561767578125,143,93.01580810546875,0.0,46.44097900390625,141
2025-07-17T20:43:36.669328,0,23,"[0, 1, 2, 3, 4, 5, 6, 7]",93.01580810546875,38.86540412902832,46.9561767578125,143,93.01580810546875,0.0,46.44097900390625,141
2025-07-17T20:43:36.681862,1,23,"[0, 1, 2, 3, 4, 5, 6, 7]",93.01580810546875,38.86540412902832,46.9561767578125,143,93.01580810546875,0.0,46.44097900390625,141
2025-07-17T20:43:36.683585,2,23,"[0, 1, 2, 3, 4, 5, 6, 7]",93.01580810546875,38.86540412902832,46.9561767578125,143,93.01580810546875,0.0,46.44097900390625,141
2025-07-17T20:43:36.696754,3,23,"[0, 1, 2, 3, 4, 5, 6, 7]",93.01580810546875,38.86540412902832,46.9561767578125,143,93.01580810546875,0.0,46.44097900390625,141
2025-07-17T20:43:36.698908,4,23,"[0, 1, 2, 3, 4, 5, 6, 7]",93.01580810546875,38.86540412902832,46.9561767578125,143,93.01580810546875,0.0,46.44097900390625,141
2025-07-17T20:43:36.706950,0,24,"[0, 1, 2, 3, 4, 5, 6, 7]",93.01580810546875,38.86540412902832,46.9561767578125,143,93.01580810546875,0.0,46.44097900390625,141
2025-07-17T20:43:36.718888,1,24,"[0, 1, 2, 3, 4, 5, 6, 7]",93.01580810546875,38.86540412902832,46.9561767578125,143,93.01580810546875,0.0,46.44097900390625,141
2025-07-17T20:43:36.721083,2,24,"[0, 1, 2, 3, 4, 5, 6, 7]",93.01580810546875,38.86540412902832,46.9561767578125,143,93.01580810546875,0.0,46.44097900390625,141
2025-07-17T20:43:36.727832,3,24,"[0, 1, 2, 3, 4, 5, 6, 7]",93.01580810546875,38.86540412902832,46.9561767578125,143,93.01580810546875,0.0,46.44097900390625,141
2025-07-17T20:43:36.739625,4,24,"[0, 1, 2, 3, 4, 5, 6, 7]",93.01580810546875,38.86540412902832,46.9561767578125,143,93.01580810546875,0.0,46.44097900390625,141
2025-07-17T20:43:36.747262,0,25,"[0, 1, 2, 3, 4, 5, 6, 7]",93.01580810546875,38.86540412902832,46.9561767578125,143,93.01580810546875,0.0,46.44097900390625,141
2025-07-17T20:43:36.749551,1,25,"[0, 1, 2, 3, 5, 6, 7]",93.01580810546875,38.86540412902832,46.9561767578125,143,93.01580810546875,0.0,46.44097900390625,141
2025-07-17T20:43:36.756643,2,25,"[0, 1, 2, 3, 4, 5, 6, 7]",93.01580810546875,38.86540412902832,46.9561767578125,143,93.01580810546875,0.0,46.44097900390625,141
2025-07-17T20:43:36.763775,3,25,"[0, 1, 2, 3, 5, 6, 7]",93.01580810546875,38.86540412902832,46.9561767578125,143,93.01580810546875,0.0,46.44097900390625,141
2025-07-17T20:43:36.770348,4,25,"[0, 1, 2, 3, 5, 6, 7]",93.01580810546875,38.86540412902832,46.9561767578125,143,93.01580810546875,0.0,46.44097900390625,141
2025-07-17T20:43:36.781848,0,26,"[0, 1, 2, 3, 4, 5, 6, 7]",93.01580810546875,38.86540412902832,46.9561767578125,143,93.01580810546875,0.0,46.44097900390625,141
2025-07-17T20:43:36.784842,1,26,"[0, 1, 2, 3, 4, 5, 6, 7]",93.01580810546875,38.86540412902832,46.9561767578125,143,93.01580810546875,0.0,46.44097900390625,141
2025-07-17T20:43:36.791956,2,26,"[0, 1, 2, 3, 4, 5, 6, 7]",93.01580810546875,38.86540412902832,46.9561767578125,143,93.01580810546875,0.0,46.44097900390625,141
2025-07-17T20:43:36.798007,3,26,"[0, 1, 2, 3, 4, 5, 6, 7]",93.01580810546875,38.86540412902832,46.9561767578125,143,93.01580810546875,0.0,46.44097900390625,141
2025-07-17T20:43:36.805331,4,26,"[0, 1, 2, 3, 4, 5, 6, 7]",93.01580810546875,38.86540412902832,46.9561767578125,143,93.01580810546875,0.0,46.44097900390625,141
2025-07-17T20:43:36.812514,0,27,"[0, 1, 2, 3, 4, 5, 6, 7]",93.01580810546875,38.86540412902832,46.9561767578125,143,93.01580810546875,0.0,46.44097900390625,141
2025-07-17T20:43:36.819635,1,27,"[0, 1, 2, 3, 4, 5, 6, 7]",93.01580810546875,38.86540412902832,46.9561767578125,143,93.01580810546875,0.0,46.44097900390625,141
2025-07-17T20:43:36.832742,2,27,"[0, 1, 2, 3, 4, 5, 6, 7]",93.01580810546875,38.86540412902832,46.9561767578125,143,93.01580810546875,0.0,46.44097900390625,141
2025-07-17T20:43:36.834812,3,27,"[0, 1, 2, 3, 4, 5, 6, 7]",93.01580810546875,38.86540412902832,46.9561767578125,143,93.01580810546875,0.0,46.44097900390625,141
2025-07-17T20:43:36.841758,4,27,"[0, 1, 2, 3, 4, 5, 6, 7]",93.01580810546875,38.86540412902832,46.9561767578125,143,93.01580810546875,0.0,46.44097900390625,141
2025-07-17T20:43:36.854984,0,28,"[0, 1, 2, 3, 4, 5, 6, 7]",93.01580810546875,38.86540412902832,46.9561767578125,143,93.01580810546875,0.0,46.44097900390625,141
2025-07-17T20:43:36.857312,1,28,"[0, 1, 2, 3, 4, 5, 6, 7]",93.01580810546875,38.86540412902832,46.9561767578125,143,93.01580810546875,0.0,46.44097900390625,141
2025-07-17T20:43:36.864254,2,28,"[0, 1, 2, 3, 4, 5, 6, 7]",93.01580810546875,38.86540412902832,46.9561767578125,143,93.01580810546875,0.0,46.44097900390625,141
2025-07-17T20:43:36.871519,3,28,"[0, 1, 2, 3, 4, 5, 6, 7]",93.01580810546875,38.86540412902832,46.9561767578125,143,93.01580810546875,0.0,46.44097900390625,141
2025-07-17T20:43:36.878221,4,28,"[0, 1, 2, 3, 4, 5, 6, 7]",93.01580810546875,38.86540412902832,46.9561767578125,143,93.01580810546875,0.0,46.44097900390625,141
2025-07-17T20:43:36.885098,0,29,"[0, 1, 2, 3, 4, 5, 6, 7]",93.01580810546875,38.86540412902832,46.9561767578125,143,93.01580810546875,0.0,46.44097900390625,141
2025-07-17T20:43:36.892041,1,29,"[0, 1, 2, 3, 4, 5, 6, 7]",93.01580810546875,38.86540412902832,46.9561767578125,143,93.01580810546875,0.0,46.44097900390625,141
2025-07-17T20:43:36.904172,2,29,"[0, 1, 2, 3, 4, 5, 6, 7]",93.01580810546875,38.86540412902832,46.9561767578125,143,93.01580810546875,0.0,46.44097900390625,141
2025-07-17T20:43:36.906570,3,29,"[0, 1, 2, 3, 4, 5, 6, 7]",93.01580810546875,38.86540412902832,46.9561767578125,143,93.01580810546875,0.0,46.44097900390625,141
2025-07-17T20:43:36.914317,4,29,"[0, 1, 2, 3, 4, 5, 6, 7]",93.01580810546875,38.86540412902832,46.9561767578125,143,93.01580810546875,0.0,46.44097900390625,141
2025-07-17T20:43:36.920863,0,30,"[0, 1, 2, 3, 4, 5, 6, 7]",93.01580810546875,38.86540412902832,46.9561767578125,143,93.01580810546875,0.0,46.44097900390625,141
2025-07-17T20:43:36.930699,1,30,"[0, 2, 3, 4, 5, 6, 7]",93.01580810546875,38.86540412902832,46.9561767578125,143,93.01580810546875,0.0,46.44097900390625,141
2025-07-17T20:43:36.942673,2,30,"[0, 1, 2, 3, 4, 5, 6, 7]",93.01580810546875,38.86540412902832,46.9561767578125,143,93.01580810546875,0.0,46.44097900390625,141
2025-07-17T20:43:36.945649,3,30,"[0, 2, 3, 4, 5, 6, 7]",93.01580810546875,38.86540412902832,46.9561767578125,143,93.01580810546875,0.0,46.44097900390625,141
2025-07-17T20:43:36.957620,4,30,"[0, 2, 3, 4, 5, 6, 7]",93.01580810546875,38.86540412902832,46.9561767578125,143,93.01580810546875,0.0,46.44097900390625,141
2025-07-17T20:43:36.965447,0,31,"[0, 1, 2, 4, 5, 6, 7]",93.01580810546875,38.87229824066162,46.9561767578125,143,93.01580810546875,0.0,46.44097900390625,141
2025-07-17T20:43:36.974472,1,31,"[0, 1, 2, 3, 5, 6, 7]",93.01580810546875,38.86909008026123,46.9561767578125,143,93.01580810546875,0.0,46.44097900390625,141
2025-07-17T20:43:36.984330,2,31,"[0, 1, 2, 3, 4, 5, 6, 7]",93.01580810546875,38.86646366119385,46.9561767578125,143,93.01580810546875,0.0,46.44097900390625,141
2025-07-17T20:43:36.994072,3,31,"[0, 1, 2, 3, 5, 6, 7]",93.01580810546875,38.86299800872803,46.9561767578125,143,93.01580810546875,0.0,46.44097900390625,141
2025-07-17T20:43:36.996889,4,31,"[0, 1, 2, 3, 5, 6, 7]",93.01580810546875,38.86002254486084,46.9561767578125,143,93.01580810546875,0.0,46.44097900390625,141
2025-07-17T20:43:37.012338,0,0,"[0, 1, 2, 3, 4, 5, 6, 7]",93.01580810546875,38.85531425476074,46.9561767578125,143,93.01580810546875,0.0,46.44097900390625,141
2025-07-17T20:43:37.014784,1,0,"[0, 1, 2, 3, 4, 5, 6, 7]",93.01580810546875,38.85852241516113,46.9561767578125,143,93.01580810546875,0.0,46.44097900390625,141
2025-07-17T20:43:37.022535,2,0,"[0, 1, 2, 3, 4, 5, 6, 7]",93.01580810546875,38.86149787902832,46.9561767578125,143,93.01580810546875,0.0,46.44097900390625,141
2025-07-17T20:43:37.036096,3,0,"[0, 1, 2, 3, 4, 5, 6, 7]",93.01580810546875,38.86438179016113,46.9561767578125,143,93.01580810546875,0.0,46.44097900390625,141
2025-07-17T20:43:37.043672,4,0,"[0, 1, 2, 3, 4, 5, 6, 7]",93.01580810546875,38.86540412902832,46.9561767578125,143,93.01580810546875,0.0,46.44097900390625,141
2025-07-17T20:43:37.045977,0,1,"[0, 1, 2, 3, 4, 5, 6, 7]",93.01580810546875,38.86540412902832,46.9561767578125,143,93.01580810546875,0.0,46.44097900390625,141
2025-07-17T20:43:37.058418,1,1,"[0, 1, 2, 3, 4, 5, 6, 7]",93.01580810546875,38.86540412902832,46.9561767578125,143,93.01580810546875,0.0,46.44097900390625,141
2025-07-17T20:43:37.061357,2,1,"[0, 1, 2, 3, 4, 5, 6, 7]",93.01580810546875,38.86540412902832,46.9561767578125,143,93.01580810546875,0.0,46.44097900390625,141
2025-07-17T20:43:37.067915,3,1,"[0, 1, 2, 3, 4, 5, 6, 7]",93.01580810546875,38.86540412902832,46.9561767578125,143,93.01580810546875,0.0,46.44097900390625,141
2025-07-17T20:43:37.074685,4,1,"[0, 1, 2, 3, 4, 5, 6, 7]",93.01580810546875,38.86540412902832,46.9561767578125,143,93.01580810546875,0.0,46.44097900390625,141
2025-07-17T20:43:37.081608,0,2,"[0, 1, 2, 3, 4, 5, 6, 7]",93.01580810546875,38.86540412902832,46.9561767578125,143,93.01580810546875,0.0,46.44097900390625,141
2025-07-17T20:43:37.095101,1,2,"[0, 1, 2, 3, 4, 5, 6, 7]",93.01580810546875,38.86540412902832,46.9561767578125,143,93.01580810546875,0.0,46.44097900390625,141
2025-07-17T20:43:37.103676,2,2,"[0, 1, 2, 3, 4, 5, 7]",93.01580810546875,38.86540412902832,46.9561767578125,143,93.01580810546875,0.0,46.44097900390625,141
2025-07-17T20:43:37.106118,3,2,"[0, 1, 2, 3, 4, 5, 6, 7]",93.01580810546875,38.86540412902832,46.9561767578125,143,93.01580810546875,0.0,46.44097900390625,141
2025-07-17T20:43:37.119457,4,2,"[0, 1, 2, 3, 4, 5, 6, 7]",93.01580810546875,38.86540412902832,46.9561767578125,143,93.01580810546875,0.0,46.44097900390625,141
2025-07-17T20:43:37.122364,0,3,"[0, 1, 2, 3, 4, 5, 6, 7]",93.01580810546875,38.86540412902832,46.9561767578125,143,93.01580810546875,0.0,46.44097900390625,141
2025-07-17T20:43:37.128934,1,3,"[0, 1, 2, 3, 4, 5, 6, 7]",93.01580810546875,38.86540412902832,46.9561767578125,143,93.01580810546875,0.0,46.44097900390625,141
2025-07-17T20:43:37.135985,2,3,"[0, 1, 2, 4, 5, 6, 7]",93.01580810546875,38.86540412902832,46.9561767578125,143,93.01580810546875,0.0,46.44097900390625,141
2025-07-17T20:43:37.148554,3,3,"[0, 1, 2, 3, 4, 5, 6, 7]",93.01580810546875,38.86540412902832,46.9561767578125,143,93.01580810546875,0.0,46.44097900390625,141
2025-07-17T20:43:37.150966,4,3,"[0, 1, 2, 3, 4, 5, 6, 7]",93.01580810546875,38.86540412902832,46.9561767578125,143,93.01580810546875,0.0,46.44097900390625,141
2025-07-17T20:43:37.158597,0,4,"[0, 1, 2, 3, 4, 5, 6, 7]",93.01580810546875,38.86540412902832,46.9561767578125,143,93.01580810546875,0.0,46.44097900390625,141
2025-07-17T20:43:37.165396,1,4,"[0, 1, 2, 3, 4, 5, 6, 7]",93.01580810546875,38.86540412902832,46.9561767578125,143,93.01580810546875,0.0,46.44097900390625,141
2025-07-17T20:43:37.177339,2,4,"[1, 2, 3, 4, 5, 6, 7]",93.01580810546875,38.86540412902832,46.9561767578125,143,93.01580810546875,0.0,46.44097900390625,141
2025-07-17T20:43:37.179669,3,4,"[0, 1, 2, 3, 4, 5, 6, 7]",93.01580810546875,38.86540412902832,46.9561767578125,143,93.01580810546875,0.0,46.44097900390625,141
2025-07-17T20:43:37.186452,4,4,"[0, 1, 2, 3, 4, 5, 6, 7]",93.01580810546875,38.86540412902832,46.9561767578125,143,93.01580810546875,0.0,46.44097900390625,141
2025-07-17T20:43:37.199475,0,5,"[0, 1, 2, 3, 4, 5, 6, 7]",93.01580810546875,38.86540412902832,46.9561767578125,143,93.01580810546875,0.0,46.44097900390625,141
2025-07-17T20:43:37.202210,1,5,"[0, 1, 2, 3, 4, 6, 7]",93.01580810546875,38.86540412902832,46.9561767578125,143,93.01580810546875,0.0,46.44097900390625,141
2025-07-17T20:43:37.209488,2,5,"[0, 1, 2, 3, 4, 5, 6, 7]",93.01580810546875,38.86540412902832,46.9561767578125,143,93.01580810546875,0.0,46.44097900390625,141
2025-07-17T20:43:37.216356,3,5,"[0, 1, 2, 3, 4, 6, 7]",93.01580810546875,38.86540412902832,46.9561767578125,143,93.01580810546875,0.0,46.44097900390625,141
2025-07-17T20:43:37.228177,4,5,"[0, 1, 2, 3, 4, 6, 7]",93.01580810546875,38.86540412902832,46.9561767578125,143,93.01580810546875,0.0,46.44097900390625,141
2025-07-17T20:43:37.230592,0,6,"[0, 1, 2, 3, 4, 5, 6, 7]",93.01580810546875,38.86540412902832,46.9561767578125,143,93.01580810546875,0.0,46.44097900390625,141
2025-07-17T20:43:37.237754,1,6,"[0, 1, 2, 3, 4, 5, 6, 7]",93.01580810546875,38.86540412902832,46.9561767578125,143,93.01580810546875,0.0,46.44097900390625,141
2025-07-17T20:43:37.244663,2,6,"[0, 1, 2, 3, 4, 5, 6, 7]",93.01580810546875,38.86540412902832,46.9561767578125,143,93.01580810546875,0.0,46.44097900390625,141
2025-07-17T20:43:37.251154,3,6,"[0, 1, 2, 3, 4, 5, 6, 7]",93.01580810546875,38.86540412902832,46.9561767578125,143,93.01580810546875,0.0,46.44097900390625,141
2025-07-17T20:43:37.259949,4,6,"[0, 1, 2, 3, 4, 5, 6, 7]",93.01580810546875,38.86540412902832,46.9561767578125,143,93.01580810546875,0.0,46.44097900390625,141
2025-07-17T20:43:37.273226,0,7,"[0, 1, 2, 3, 4, 5, 6, 7]",93.01580810546875,38.86540412902832,46.9561767578125,143,93.01580810546875,0.0,46.44097900390625,141
2025-07-17T20:43:37.275561,1,7,"[0, 2, 3, 4, 5, 6, 7]",93.01580810546875,38.86540412902832,46.9561767578125,143,93.01580810546875,0.0,46.44097900390625,141
2025-07-17T20:43:37.289656,2,7,"[0, 1, 2, 3, 4, 5, 6, 7]",93.01580810546875,38.86540412902832,46.9561767578125,143,93.01580810546875,0.0,46.44097900390625,141
2025-07-17T20:43:37.291806,3,7,"[0, 2, 3, 4, 5, 6, 7]",93.01580810546875,38.86540412902832,46.9561767578125,143,93.01580810546875,0.0,46.44097900390625,141
2025-07-17T20:43:37.305915,4,7,"[0, 2, 3, 4, 5, 6, 7]",93.01580810546875,38.86540412902832,46.9561767578125,143,93.01580810546875,0.0,46.44097900390625,141
2025-07-17T20:43:37.308369,0,8,"[0, 1, 2, 3, 4, 5, 6, 7]",93.01580810546875,38.86540412902832,46.9561767578125,143,93.01580810546875,0.0,46.44097900390625,141
2025-07-17T20:43:37.316518,1,8,"[0, 1, 2, 3, 4, 5, 6, 7]",93.01580810546875,38.86540412902832,46.9561767578125,143,93.01580810546875,0.0,46.44097900390625,141
2025-07-17T20:43:37.328885,2,8,"[0, 1, 2, 3, 4, 5, 6, 7]",93.01580810546875,38.86540412902832,46.9561767578125,143,93.01580810546875,0.0,46.44097900390625,141
2025-07-17T20:43:37.331068,3,8,"[0, 1, 2, 3, 4, 5, 6, 7]",93.01580810546875,38.86540412902832,46.9561767578125,143,93.01580810546875,0.0,46.44097900390625,141
2025-07-17T20:43:37.338225,4,8,"[0, 1, 2, 3, 4, 5, 6, 7]",93.01580810546875,38.86540412902832,46.9561767578125,143,93.01580810546875,0.0,46.44097900390625,141
2025-07-17T20:43:37.351999,0,9,"[0, 1, 2, 3, 4, 5, 6, 7]",93.01580810546875,38.86540412902832,46.9561767578125,143,93.01580810546875,0.0,46.44097900390625,141
2025-07-17T20:43:37.354256,1,9,"[0, 1, 2, 4, 5, 6, 7]",93.01580810546875,38.86540412902832,46.9561767578125,143,93.01580810546875,0.0,46.44097900390625,141
2025-07-17T20:43:37.366263,2,9,"[0, 1, 2, 3, 4, 5, 6, 7]",93.01580810546875,38.86540412902832,46.9561767578125,143,93.01580810546875,0.0,46.44097900390625,141
2025-07-17T20:43:37.369512,3,9,"[0, 1, 2, 4, 5, 6, 7]",93.01580810546875,38.86540412902832,46.9561767578125,143,93.01580810546875,0.0,46.44097900390625,141
2025-07-17T20:43:37.381910,4,9,"[0, 1, 2, 4, 5, 6, 7]",93.01580810546875,38.86540412902832,46.9561767578125,143,93.01580810546875,0.0,46.44097900390625,141
2025-07-17T20:43:37.384268,0,10,"[0, 1, 2, 3, 4, 5, 6, 7]",93.01580810546875,38.86540412902832,46.9561767578125,143,93.01580810546875,0.0,46.44097900390625,141
2025-07-17T20:43:37.390888,1,10,"[0, 1, 2, 3, 4, 5, 7]",93.01580810546875,38.86540412902832,46.9561767578125,143,93.01580810546875,0.0,46.44097900390625,141
2025-07-17T20:43:37.398301,2,10,"[0, 1, 2, 3, 4, 5, 6, 7]",93.01580810546875,38.86540412902832,46.9561767578125,143,93.01580810546875,0.0,46.44097900390625,141
2025-07-17T20:43:37.412173,3,10,"[0, 1, 2, 3, 4, 5, 7]",93.01580810546875,38.86540412902832,46.9561767578125,143,93.01580810546875,0.0,46.44097900390625,141
2025-07-17T20:43:37.415105,4,10,"[0, 1, 2, 3, 4, 5, 7]",93.01580810546875,38.86540412902832,46.9561767578125,143,93.01580810546875,0.0,46.44097900390625,141
2025-07-17T20:43:37.421594,0,11,"[0, 1, 2, 3, 4, 5, 6, 7]",93.01580810546875,38.86540412902832,46.9561767578125,143,93.01580810546875,0.0,46.44097900390625,141
2025-07-17T20:43:37.432877,1,11,"[0, 1, 2, 3, 4, 5, 6, 7]",93.01580810546875,38.86540412902832,46.9561767578125,143,93.01580810546875,0.0,46.44097900390625,141
2025-07-17T20:43:37.435075,2,11,"[0, 1, 2, 3, 4, 5, 6, 7]",93.01580810546875,38.86540412902832,46.9561767578125,143,93.01580810546875,0.0,46.44097900390625,141
2025-07-17T20:43:37.441949,3,11,"[0, 1, 2, 3, 4, 5, 6, 7]",93.01580810546875,38.86540412902832,46.9561767578125,143,93.01580810546875,0.0,46.44097900390625,141
2025-07-17T20:43:37.448767,4,11,"[0, 1, 2, 3, 4, 5, 6, 7]",93.01580810546875,38.86540412902832,46.9561767578125,143,93.01580810546875,0.0,46.44097900390625,141
2025-07-17T20:43:37.455051,0,12,"[0, 1, 2, 3, 4, 5, 6, 7]",93.01580810546875,38.86540412902832,46.9561767578125,143,93.01580810546875,0.0,46.44097900390625,141
2025-07-17T20:43:37.467309,1,12,"[0, 1, 2, 3, 5, 6, 7]",93.01580810546875,38.86540412902832,46.9561767578125,143,93.01580810546875,0.0,46.44097900390625,141
2025-07-17T20:43:37.469649,2,12,"[0, 1, 2, 3, 4, 5, 6, 7]",93.01580810546875,38.86540412902832,46.9561767578125,143,93.01580810546875,0.0,46.44097900390625,141
2025-07-17T20:43:37.476915,3,12,"[0, 1, 2, 3, 5, 6, 7]",93.01580810546875,38.86540412902832,46.9561767578125,143,93.01580810546875,0.0,46.44097900390625,141
2025-07-17T20:43:37.483315,4,12,"[0, 1, 2, 3, 5, 6, 7]",93.01580810546875,38.86540412902832,46.9561767578125,143,93.01580810546875,0.0,46.44097900390625,141
2025-07-17T20:43:37.490350,0,13,"[0, 1, 2, 3, 4, 5, 7]",93.01580810546875,38.86540412902832,46.9561767578125,143,93.01580810546875,0.0,46.44097900390625,141
2025-07-17T20:43:37.497597,1,13,"[1, 2, 3, 4, 5, 7]",93.01580810546875,38.86540412902832,46.9561767578125,143,93.01580810546875,0.0,46.44097900390625,141
2025-07-17T20:43:37.510170,2,13,"[0, 1, 2, 3, 4, 5, 6, 7]",93.01580810546875,38.86540412902832,46.9561767578125,143,93.01580810546875,0.0,46.44097900390625,141
2025-07-17T20:43:37.512323,3,13,"[1, 2, 3, 4, 5, 7]",93.01580810546875,38.86540412902832,46.9561767578125,143,93.01580810546875,0.0,46.44097900390625,141
2025-07-17T20:43:37.525036,4,13,"[1, 2, 3, 4, 5, 7]",93.01580810546875,38.86540412902832,46.9561767578125,143,93.01580810546875,0.0,46.44097900390625,141
2025-07-17T20:43:37.531934,0,14,"[0, 1, 2, 3, 4, 5, 6, 7]",93.01580810546875,38.86540412902832,46.9561767578125,143,93.01580810546875,0.0,46.44097900390625,141
2025-07-17T20:43:37.534926,1,14,"[0, 1, 2, 3, 4, 5, 6]",93.01580810546875,38.86540412902832,46.9561767578125,143,93.01580810546875,0.0,46.44097900390625,141
2025-07-17T20:43:37.541281,2,14,"[0, 1, 2, 3, 4, 5, 6, 7]",93.01580810546875,38.86540412902832,46.9561767578125,143,93.01580810546875,0.0,46.44097900390625,141
2025-07-17T20:43:37.548694,3,14,"[0, 1, 2, 3, 4, 5, 6]",93.01580810546875,38.86540412902832,46.9561767578125,143,93.01580810546875,0.0,46.44097900390625,141
2025-07-17T20:43:37.555400,4,14,"[0, 1, 2, 3, 4, 5, 6]",93.01580810546875,38.86540412902832,46.9561767578125,143,93.01580810546875,0.0,46.44097900390625,141
2025-07-17T20:43:37.562714,0,15,"[0, 1, 2, 3, 4, 5, 6, 7]",93.01580810546875,38.86540412902832,46.9561767578125,143,93.01580810546875,0.0,46.44097900390625,141
2025-07-17T20:43:37.569597,1,15,"[0, 1, 2, 3, 4, 5, 6, 7]",93.01580810546875,38.86540412902832,46.9561767578125,143,93.01580810546875,0.0,46.44097900390625,141
2025-07-17T20:43:37.581253,2,15,"[0, 1, 2, 3, 4, 5, 6, 7]",93.01580810546875,38.86540412902832,46.9561767578125,143,93.01580810546875,0.0,46.44097900390625,141
2025-07-17T20:43:37.589251,3,15,"[0, 1, 2, 3, 4, 5, 6, 7]",93.01580810546875,38.86540412902832,46.9561767578125,143,93.01580810546875,0.0,46.44097900390625,141
2025-07-17T20:43:37.591496,4,15,"[0, 1, 2, 3, 4, 5, 6, 7]",93.01580810546875,38.86540412902832,46.9561767578125,143,93.01580810546875,0.0,46.44097900390625,141
2025-07-17T20:43:37.598401,0,16,"[0, 1, 2, 3, 4, 5, 6, 7]",93.01580810546875,38.86540412902832,46.9561767578125,143,93.01580810546875,0.0,46.44097900390625,141
2025-07-17T20:43:37.605925,1,16,"[0, 2, 3, 4, 5, 6, 7]",93.01580810546875,38.86540412902832,46.9561767578125,143,93.01580810546875,0.0,46.44097900390625,141
2025-07-17T20:43:37.612176,2,16,"[0, 1, 2, 3, 4, 5, 6, 7]",93.01580810546875,38.86540412902832,46.9561767578125,143,93.01580810546875,0.0,46.44097900390625,141
2025-07-17T20:43:37.619933,3,16,"[0, 2, 3, 4, 5, 6, 7]",93.01580810546875,38.86540412902832,46.9561767578125,143,93.01580810546875,0.0,46.44097900390625,141
2025-07-17T20:43:37.627305,4,16,"[0, 2, 3, 4, 5, 6, 7]",93.01580810546875,38.86540412902832,46.9561767578125,143,93.01580810546875,0.0,46.44097900390625,141
2025-07-17T20:43:37.639542,0,17,"[0, 1, 2, 3, 4, 5, 6, 7]",93.01580810546875,38.86540412902832,46.9561767578125,143,93.01580810546875,0.0,46.44097900390625,141
2025-07-17T20:43:37.647189,1,17,"[1, 2, 3, 4, 5, 6, 7]",93.01580810546875,38.86540412902832,46.9561767578125,143,93.01580810546875,0.0,46.44097900390625,141
2025-07-17T20:43:37.649533,2,17,"[0, 1, 2, 3, 4, 5, 6, 7]",93.01580810546875,38.86540412902832,46.9561767578125,143,93.01580810546875,0.0,46.44097900390625,141
2025-07-17T20:43:37.662757,3,17,"[1, 2, 3, 4, 5, 6, 7]",93.01580810546875,38.86540412902832,46.9561767578125,143,93.01580810546875,0.0,46.44097900390625,141
2025-07-17T20:43:37.664753,4,17,"[1, 2, 3, 4, 5, 6, 7]",93.01580810546875,38.86540412902832,46.9561767578125,143,93.01580810546875,0.0,46.44097900390625,141
2025-07-17T20:43:37.671862,0,18,"[0, 1, 2, 3, 4, 5, 6, 7]",93.01580810546875,38.86540412902832,46.9561767578125,143,93.01580810546875,0.0,46.44097900390625,141
2025-07-17T20:43:37.679938,1,18,"[0, 1, 2, 3, 4, 5, 6, 7]",93.01580810546875,38.86540412902832,46.9561767578125,143,93.01580810546875,0.0,46.44097900390625,141
2025-07-17T20:43:37.685912,2,18,"[0, 1, 2, 3, 4, 5, 6, 7]",93.01580810546875,38.86540412902832,46.9561767578125,143,93.01580810546875,0.0,46.44097900390625,141
2025-07-17T20:43:37.698887,3,18,"[0, 1, 2, 3, 4, 5, 6, 7]",93.01580810546875,38.86540412902832,46.9561767578125,143,93.01580810546875,0.0,46.44097900390625,141
2025-07-17T20:43:37.700897,4,18,"[0, 1, 2, 3, 4, 5, 6, 7]",93.01580810546875,38.86540412902832,46.9561767578125,143,93.01580810546875,0.0,46.44097900390625,141
2025-07-17T20:43:37.708122,0,19,"[0, 1, 2, 3, 4, 5, 6, 7]",93.01580810546875,38.86540412902832,46.9561767578125,143,93.01580810546875,0.0,46.44097900390625,141
2025-07-17T20:43:37.715083,1,19,"[0, 1, 2, 3, 4, 5, 6, 7]",93.01580810546875,38.86540412902832,46.9561767578125,143,93.01580810546875,0.0,46.44097900390625,141
2025-07-17T20:43:37.721724,2,19,"[0, 1, 2, 3, 4, 5, 6, 7]",93.01580810546875,38.86540412902832,46.9561767578125,143,93.01580810546875,0.0,46.44097900390625,141
2025-07-17T20:43:37.729264,3,19,"[0, 1, 2, 3, 4, 5, 6, 7]",93.01580810546875,38.86540412902832,46.9561767578125,143,93.01580810546875,0.0,46.44097900390625,141
2025-07-17T20:43:37.736253,4,19,"[0, 1, 2, 3, 4, 5, 6, 7]",93.01580810546875,38.86540412902832,46.9561767578125,143,93.01580810546875,0.0,46.44097900390625,141
2025-07-17T20:43:37.743649,0,20,"[0, 1, 2, 3, 4, 5, 6, 7]",93.01580810546875,38.86540412902832,46.9561767578125,143,93.01580810546875,0.0,46.44097900390625,141
2025-07-17T20:43:37.750778,1,20,"[0, 1, 2, 3, 4, 5, 6, 7]",93.01580810546875,38.86540412902832,46.9561767578125,143,93.01580810546875,0.0,46.44097900390625,141
2025-07-17T20:43:37.757777,2,20,"[0, 1, 2, 3, 4, 5, 6, 7]",93.01580810546875,38.86540412902832,46.9561767578125,143,93.01580810546875,0.0,46.44097900390625,141
2025-07-17T20:43:37.769378,3,20,"[0, 1, 2, 3, 4, 5, 6, 7]",93.01580810546875,38.86540412902832,46.9561767578125,143,93.01580810546875,0.0,46.44097900390625,141
2025-07-17T20:43:37.771498,4,20,"[0, 1, 2, 3, 4, 5, 6, 7]",93.01580810546875,38.86540412902832,46.9561767578125,143,93.01580810546875,0.0,46.44097900390625,141
2025-07-17T20:43:37.778800,0,21,"[0, 1, 2, 3, 4, 5, 6, 7]",93.01580810546875,38.86540412902832,46.9561767578125,143,93.01580810546875,0.0,46.44097900390625,141
2025-07-17T20:43:37.785840,1,21,"[0, 1, 2, 3, 4, 5, 7]",93.01580810546875,38.86540412902832,46.9561767578125,143,93.01580810546875,0.0,46.44097900390625,141
2025-07-17T20:43:37.798600,2,21,"[0, 1, 2, 3, 4, 5, 6, 7]",93.01580810546875,38.86540412902832,46.9561767578125,143,93.01580810546875,0.0,46.44097900390625,141
2025-07-17T20:43:37.800830,3,21,"[0, 1, 2, 3, 4, 5, 7]",93.01580810546875,38.86540412902832,46.9561767578125,143,93.01580810546875,0.0,46.44097900390625,141
2025-07-17T20:43:37.808411,4,21,"[0, 1, 2, 3, 4, 5, 7]",93.01580810546875,38.86540412902832,46.9561767578125,143,93.01580810546875,0.0,46.44097900390625,141
2025-07-17T20:43:37.821714,0,22,"[0, 1, 2, 3, 4, 5, 6, 7]",93.01580810546875,38.86540412902832,46.9561767578125,143,93.01580810546875,0.0,46.44097900390625,141
2025-07-17T20:43:37.830074,1,22,"[0, 1, 2, 3, 4, 5, 6, 7]",93.01580810546875,38.86540412902832,46.9561767578125,143,93.01580810546875,0.0,46.44097900390625,141
2025-07-17T20:43:37.832242,2,22,"[0, 1, 2, 3, 4, 5, 6, 7]",93.01580810546875,38.86540412902832,46.9561767578125,143,93.01580810546875,0.0,46.44097900390625,141
2025-07-17T20:43:37.839148,3,22,"[0, 1, 2, 3, 4, 5, 6, 7]",93.01580810546875,38.86540412902832,46.9561767578125,143,93.01580810546875,0.0,46.44097900390625,141
2025-07-17T20:43:37.852402,4,22,"[0, 1, 2, 3, 4, 5, 6, 7]",93.01580810546875,38.86540412902832,46.9561767578125,143,93.01580810546875,0.0,46.44097900390625,141
2025-07-17T20:43:37.854433,0,23,"[0, 1, 2, 3, 4, 5, 6, 7]",93.01580810546875,38.86540412902832,46.9561767578125,143,93.01580810546875,0.0,46.44097900390625,141
2025-07-17T20:43:37.860717,1,23,"[0, 1, 2, 3, 4, 5, 6, 7]",93.01580810546875,38.86540412902832,46.9561767578125,143,93.01580810546875,0.0,46.44097900390625,141
2025-07-17T20:43:37.867099,2,23,"[0, 1, 2, 3, 4, 5, 6, 7]",93.01580810546875,38.86540412902832,46.9561767578125,143,93.01580810546875,0.0,46.44097900390625,141
2025-07-17T20:43:37.873948,3,23,"[0, 1, 2, 3, 4, 5, 6, 7]",93.01580810546875,38.86540412902832,46.9561767578125,143,93.01580810546875,0.0,46.44097900390625,141
2025-07-17T20:43:37.881535,4,23,"[0, 1, 2, 3, 4, 5, 6, 7]",93.01580810546875,38.86540412902832,46.9561767578125,143,93.01580810546875,0.0,46.44097900390625,141
2025-07-17T20:43:37.889161,0,24,"[0, 1, 2, 3, 4, 5, 6, 7]",93.01580810546875,38.86540412902832,46.9561767578125,143,93.01580810546875,0.0,46.44097900390625,141
2025-07-17T20:43:37.901604,1,24,"[0, 1, 2, 3, 4, 5, 6, 7]",93.01580810546875,38.86540412902832,46.9561767578125,143,93.01580810546875,0.0,46.44097900390625,141
2025-07-17T20:43:37.909067,2,24,"[0, 1, 2, 3, 4, 5, 6, 7]",93.01580810546875,38.86540412902832,46.9561767578125,143,93.01580810546875,0.0,46.44097900390625,141
2025-07-17T20:43:37.911117,3,24,"[0, 1, 2, 3, 4, 5, 6, 7]",93.01580810546875,38.86540412902832,46.9561767578125,143,93.01580810546875,0.0,46.44097900390625,141
2025-07-17T20:43:37.924339,4,24,"[0, 1, 2, 3, 4, 5, 6, 7]",93.01580810546875,38.86540412902832,46.9561767578125,143,93.01580810546875,0.0,46.44097900390625,141
2025-07-17T20:43:37.926775,0,25,"[0, 1, 2, 3, 4, 5, 6, 7]",93.01580810546875,38.86540412902832,46.9561767578125,143,93.01580810546875,0.0,46.44097900390625,141
2025-07-17T20:43:37.934977,1,25,"[0, 1, 2, 3, 4, 5, 6, 7]",93.01580810546875,38.86540412902832,46.9561767578125,143,93.01580810546875,0.0,46.44097900390625,141
2025-07-17T20:43:37.947955,2,25,"[0, 1, 2, 3, 4, 5, 6, 7]",93.01580810546875,38.86540412902832,46.9561767578125,143,93.01580810546875,0.0,46.44097900390625,141
2025-07-17T20:43:37.949922,3,25,"[0, 1, 2, 3, 4, 5, 6, 7]",93.01580810546875,38.86540412902832,46.9561767578125,143,93.01580810546875,0.0,46.44097900390625,141
2025-07-17T20:43:37.957888,4,25,"[0, 1, 2, 3, 4, 5, 6, 7]",93.01580810546875,38.86540412902832,46.9561767578125,143,93.01580810546875,0.0,46.44097900390625,141
2025-07-17T20:43:37.964734,0,26,"[0, 1, 2, 3, 4, 5, 6, 7]",93.01580810546875,38.86540412902832,46.9561767578125,143,93.01580810546875,0.0,46.44097900390625,141
2025-07-17T20:43:37.971607,1,26,"[0, 1, 2, 3, 4, 6, 7]",93.01580810546875,38.86540412902832,46.9561767578125,143,93.01580810546875,0.0,46.44097900390625,141
2025-07-17T20:43:37.984447,2,26,"[0, 1, 2, 3, 4, 5, 6, 7]",93.01580810546875,38.86540412902832,46.9561767578125,143,93.01580810546875,0.0,46.44097900390625,141
2025-07-17T20:43:37.987924,3,26,"[0, 1, 2, 3, 4, 6, 7]",93.01580810546875,38.86540412902832,46.9561767578125,143,93.01580810546875,0.0,46.44097900390625,141
2025-07-17T20:43:37.995138,4,26,"[0, 1, 2, 3, 4, 6, 7]",93.01580810546875,38.86540412902832,46.9561767578125,143,93.01580810546875,0.0,46.44097900390625,141
2025-07-17T20:43:38.002495,0,27,"[0, 1, 2, 3, 4, 5, 6, 7]",93.01580810546875,38.86540412902832,46.9561767578125,143,93.01580810546875,0.0,46.44097900390625,141
2025-07-17T20:43:38.009688,1,27,"[0, 1, 2, 3, 4, 5, 6, 7]",93.01580810546875,38.86540412902832,46.9561767578125,143,93.01580810546875,0.0,46.44097900390625,141
2025-07-17T20:43:38.016809,2,27,"[0, 1, 2, 3, 4, 5, 6, 7]",93.01580810546875,38.86540412902832,46.9561767578125,143,93.01580810546875,0.0,46.44097900390625,141
2025-07-17T20:43:38.024082,3,27,"[0, 1, 2, 3, 4, 5, 6, 7]",93.01580810546875,38.86540412902832,46.9561767578125,143,93.01580810546875,0.0,46.44097900390625,141
2025-07-17T20:43:38.030941,4,27,"[0, 1, 2, 3, 4, 5, 6, 7]",93.01580810546875,38.86540412902832,46.9561767578125,143,93.01580810546875,0.0,46.44097900390625,141
2025-07-17T20:43:38.037801,0,28,"[0, 1, 2, 3, 4, 5, 6, 7]",93.01580810546875,38.86540412902832,46.9561767578125,143,93.01580810546875,0.0,46.44097900390625,141
2025-07-17T20:43:38.044621,1,28,"[0, 1, 2, 3, 4, 5, 6, 7]",93.01580810546875,38.86540412902832,46.9561767578125,143,93.01580810546875,0.0,46.44097900390625,141
2025-07-17T20:43:38.055857,2,28,"[0, 1, 2, 3, 4, 5, 6, 7]",93.01580810546875,38.86540412902832,46.9561767578125,143,93.01580810546875,0.0,46.44097900390625,141
2025-07-17T20:43:38.062881,3,28,"[0, 1, 2, 3, 4, 5, 6, 7]",93.01580810546875,38.86540412902832,46.9561767578125,143,93.01580810546875,0.0,46.44097900390625,141
2025-07-17T20:43:38.070398,4,28,"[0, 1, 2, 3, 4, 5, 6, 7]",93.01580810546875,38.86540412902832,46.9561767578125,143,93.01580810546875,0.0,46.44097900390625,141
2025-07-17T20:43:38.073014,0,29,"[0, 1, 2, 3, 4, 5, 6, 7]",93.01580810546875,38.86540412902832,46.9561767578125,143,93.01580810546875,0.0,46.44097900390625,141
2025-07-17T20:43:38.079923,1,29,"[0, 1, 2, 3, 4, 5, 6, 7]",93.01580810546875,38.86540412902832,46.9561767578125,143,93.01580810546875,0.0,46.44097900390625,141
2025-07-17T20:43:38.086828,2,29,"[0, 1, 2, 3, 4, 5, 6, 7]",93.01580810546875,38.86540412902832,46.9561767578125,143,93.01580810546875,0.0,46.44097900390625,141
2025-07-17T20:43:38.093361,3,29,"[0, 1, 2, 3, 4, 5, 6, 7]",93.01580810546875,38.86540412902832,46.9561767578125,143,93.01580810546875,0.0,46.44097900390625,141
2025-07-17T20:43:38.099895,4,29,"[0, 1, 2, 3, 4, 5, 6, 7]",93.01580810546875,38.86540412902832,46.9561767578125,143,93.01580810546875,0.0,46.44097900390625,141
2025-07-17T20:43:38.113411,0,30,"[0, 1, 2, 3, 4, 5, 6, 7]",93.01580810546875,38.86540412902832,46.9561767578125,143,93.01580810546875,0.0,46.44097900390625,141
2025-07-17T20:43:38.115862,1,30,"[0, 1, 2, 3, 4, 5, 6, 7]",93.01580810546875,38.86540412902832,46.9561767578125,143,93.01580810546875,0.0,46.44097900390625,141
2025-07-17T20:43:38.123307,2,30,"[0, 1, 3, 4, 5, 6, 7]",93.01580810546875,38.86540412902832,46.9561767578125,143,93.01580810546875,0.0,46.44097900390625,141
2025-07-17T20:43:38.130829,3,30,"[0, 1, 2, 3, 4, 5, 6, 7]",93.01580810546875,38.86540412902832,46.9561767578125,143,93.01580810546875,0.0,46.44097900390625,141
2025-07-17T20:43:38.137774,4,30,"[0, 1, 2, 3, 4, 5, 6, 7]",93.01580810546875,38.86540412902832,46.9561767578125,143,93.01580810546875,0.0,46.44097900390625,141
2025-07-17T20:43:38.147729,0,31,"[0, 1, 2, 3, 4, 5, 6, 7]",93.01580810546875,38.87229824066162,46.9561767578125,143,93.01580810546875,0.0,46.44097900390625,141
2025-07-17T20:43:38.155808,1,31,"[0, 1, 2, 3, 4, 5, 6, 7]",93.01580810546875,38.86909008026123,46.9561767578125,143,93.01580810546875,0.0,46.44097900390625,141
2025-07-17T20:43:38.169408,2,31,"[0, 1, 2, 3, 4, 5, 6, 7]",93.01580810546875,38.86646366119385,46.9561767578125,143,93.01580810546875,0.0,46.44097900390625,141
2025-07-17T20:43:38.173214,3,31,"[0, 1, 2, 3, 4, 5, 6, 7]",93.01580810546875,38.86299800872803,46.9561767578125,143,93.01580810546875,0.0,46.44097900390625,141
2025-07-17T20:43:38.181128,4,31,"[0, 1, 2, 3, 4, 5, 6, 7]",93.01580810546875,38.86002254486084,46.9561767578125,143,93.01580810546875,0.0,46.44097900390625,141
2025-07-17T20:43:38.192134,0,0,"[0, 1, 2, 3, 4, 5, 6, 7]",93.01580810546875,38.85531425476074,46.9561767578125,143,93.01580810546875,0.0,46.44097900390625,141
2025-07-17T20:43:38.200008,1,0,"[0, 1, 2, 3, 4, 5, 6, 7]",93.01580810546875,38.85852241516113,46.9561767578125,143,93.01580810546875,0.0,46.44097900390625,141
2025-07-17T20:43:38.207806,2,0,"[0, 1, 2, 3, 4, 5, 6, 7]",93.01580810546875,38.86149787902832,46.9561767578125,143,93.01580810546875,0.0,46.44097900390625,141
2025-07-17T20:43:38.215454,3,0,"[0, 1, 2, 3, 4, 5, 6, 7]",93.01580810546875,38.86438179016113,46.9561767578125,143,93.01580810546875,0.0,46.44097900390625,141
2025-07-17T20:43:38.228854,4,0,"[0, 1, 2, 3, 4, 5, 6, 7]",93.01580810546875,38.86540412902832,46.9561767578125,143,93.01580810546875,0.0,46.44097900390625,141
2025-07-17T20:43:38.231318,0,1,"[0, 1, 2, 3, 4, 5, 6, 7]",93.01580810546875,38.86540412902832,46.9561767578125,143,93.01580810546875,0.0,46.44097900390625,141
2025-07-17T20:43:38.238514,1,1,"[0, 1, 2, 3, 4, 5, 6, 7]",93.01580810546875,38.86540412902832,46.9561767578125,143,93.01580810546875,0.0,46.44097900390625,141
2025-07-17T20:43:38.245851,2,1,"[0, 1, 2, 4, 5, 6, 7]",93.01580810546875,38.86540412902832,46.9561767578125,143,93.01580810546875,0.0,46.44097900390625,141
2025-07-17T20:43:38.253939,3,1,"[0, 1, 2, 3, 4, 5, 6, 7]",93.01580810546875,38.86540412902832,46.9561767578125,143,93.01580810546875,0.0,46.44097900390625,141
2025-07-17T20:43:38.260569,4,1,"[0, 1, 2, 3, 4, 5, 6, 7]",93.01580810546875,38.86540412902832,46.9561767578125,143,93.01580810546875,0.0,46.44097900390625,141
2025-07-17T20:43:38.267720,0,2,"[0, 1, 2, 3, 4, 5, 6, 7]",93.01580810546875,38.86540412902832,46.9561767578125,143,93.01580810546875,0.0,46.44097900390625,141
2025-07-17T20:43:38.279350,1,2,"[0, 1, 2, 3, 4, 5, 6, 7]",93.01580810546875,38.86540412902832,46.9561767578125,143,93.01580810546875,0.0,46.44097900390625,141
2025-07-17T20:43:38.287747,2,2,"[0, 1, 2, 3, 4, 5, 6, 7]",93.01580810546875,38.86540412902832,46.9561767578125,143,93.01580810546875,0.0,46.44097900390625,141
2025-07-17T20:43:38.295050,3,2,"[0, 1, 2, 3, 4, 5, 6, 7]",93.01580810546875,38.86540412902832,46.9561767578125,143,93.01580810546875,0.0,46.44097900390625,141
2025-07-17T20:43:38.302377,4,2,"[0, 1, 2, 3, 4, 5, 6, 7]",93.01580810546875,38.86540412902832,46.9561767578125,143,93.01580810546875,0.0,46.44097900390625,141
2025-07-17T20:43:38.309511,0,3,"[0, 1, 2, 3, 4, 5, 6, 7]",93.01580810546875,38.86540412902832,46.9561767578125,143,93.01580810546875,0.0,46.44097900390625,141
2025-07-17T20:43:38.316909,1,3,"[0, 1, 2, 3, 4, 5, 6, 7]",93.01580810546875,38.86540412902832,46.9561767578125,143,93.01580810546875,0.0,46.44097900390625,141
2025-07-17T20:43:38.323833,2,3,"[0, 1, 2, 4, 5, 6, 7]",93.01580810546875,38.86540412902832,46.9561767578125,143,93.01580810546875,0.0,46.44097900390625,141
2025-07-17T20:43:38.331241,3,3,"[0, 1, 2, 3, 4, 5, 6, 7]",93.01580810546875,38.86540412902832,46.9561767578125,143,93.01580810546875,0.0,46.44097900390625,141
2025-07-17T20:43:38.338121,4,3,"[0, 1, 2, 3, 4, 5, 6, 7]",93.01580810546875,38.86540412902832,46.9561767578125,143,93.01580810546875,0.0,46.44097900390625,141
2025-07-17T20:43:38.344986,0,4,"[0, 1, 2, 3, 4, 5, 6, 7]",93.01580810546875,38.86540412902832,46.9561767578125,143,93.01580810546875,0.0,46.44097900390625,141
2025-07-17T20:43:38.354557,1,4,"[0, 1, 2, 3, 4, 5, 6, 7]",93.01580810546875,38.86482238769531,46.9561767578125,143,93.01580810546875,0.0,46.44097900390625,141
2025-07-17T20:43:38.362275,2,4,"[0, 1, 2, 3, 4, 6, 7]",93.01580810546875,38.86482238769531,46.9561767578125,143,93.01580810546875,0.0,46.44097900390625,141
2025-07-17T20:43:38.369953,3,4,"[0, 1, 2, 3, 4, 5, 6, 7]",93.01580810546875,38.86456489562988,46.9561767578125,143,93.01580810546875,0.0,46.44097900390625,141
2025-07-17T20:43:38.378176,4,4,"[0, 1, 2, 3, 4, 5, 6, 7]",93.01580810546875,38.86456489562988,46.9561767578125,143,93.01580810546875,0.0,46.44097900390625,141
2025-07-17T20:43:38.384920,0,5,"[0, 1, 2, 3, 4, 5, 6, 7]",93.01580810546875,38.86456489562988,46.9561767578125,143,93.01580810546875,0.0,46.44097900390625,141
2025-07-17T20:43:38.392210,1,5,"[0, 1, 2, 3, 4, 5, 6, 7]",93.01580810546875,38.86540412902832,46.9561767578125,143,93.01580810546875,0.0,46.44097900390625,141
2025-07-17T20:43:38.399910,2,5,"[0, 1, 2, 3, 4, 5, 6, 7]",93.01580810546875,38.86540412902832,46.9561767578125,143,93.01580810546875,0.0,46.44097900390625,141
2025-07-17T20:43:38.407823,3,5,"[0, 1, 2, 3, 4, 5, 6, 7]",93.01580810546875,38.86540412902832,46.9561767578125,143,93.01580810546875,0.0,46.44097900390625,141
2025-07-17T20:43:38.410624,4,5,"[0, 1, 2, 3, 4, 5, 6, 7]",93.01580810546875,38.86540412902832,46.9561767578125,143,93.01580810546875,0.0,46.44097900390625,141
2025-07-17T20:43:38.417309,0,6,"[0, 1, 2, 3, 4, 5, 6, 7]",93.01580810546875,38.86540412902832,46.9561767578125,143,93.01580810546875,0.0,46.44097900390625,141
2025-07-17T20:43:38.424516,1,6,"[0, 1, 2, 3, 4, 5, 6, 7]",93.01580810546875,38.86540412902832,46.9561767578125,143,93.01580810546875,0.0,46.44097900390625,141
2025-07-17T20:43:38.431408,2,6,"[0, 1, 2, 3, 4, 5, 6, 7]",93.01580810546875,38.86540412902832,46.9561767578125,143,93.01580810546875,0.0,46.44097900390625,141
2025-07-17T20:43:38.438794,3,6,"[0, 1, 2, 3, 4, 5, 6, 7]",93.01580810546875,38.86540412902832,46.9561767578125,143,93.01580810546875,0.0,46.44097900390625,141
2025-07-17T20:43:38.446407,4,6,"[0, 1, 2, 3, 4, 5, 6, 7]",93.01580810546875,38.86540412902832,46.9561767578125,143,93.01580810546875,0.0,46.44097900390625,141
2025-07-17T20:43:38.458278,0,7,"[0, 1, 2, 3, 4, 5, 6, 7]",93.01580810546875,38.86540412902832,46.9561767578125,143,93.01580810546875,0.0,46.44097900390625,141
2025-07-17T20:43:38.460577,1,7,"[0, 1, 2, 3, 4, 5, 6, 7]",93.01580810546875,38.86540412902832,46.9561767578125,143,93.01580810546875,0.0,46.44097900390625,141
2025-07-17T20:43:38.468124,2,7,"[0, 1, 2, 3, 4, 5, 6, 7]",93.01580810546875,38.86540412902832,46.9561767578125,143,93.01580810546875,0.0,46.44097900390625,141
2025-07-17T20:43:38.480079,3,7,"[0, 1, 2, 3, 4, 5, 6, 7]",93.01580810546875,38.86540412902832,46.9561767578125,143,93.01580810546875,0.0,46.44097900390625,141
2025-07-17T20:43:38.482266,4,7,"[0, 1, 2, 3, 4, 5, 6, 7]",93.01580810546875,38.86540412902832,46.9561767578125,143,93.01580810546875,0.0,46.44097900390625,141
2025-07-17T20:43:38.494546,0,8,"[0, 1, 2, 3, 4, 5, 6, 7]",93.01580810546875,38.86540412902832,46.9561767578125,143,93.01580810546875,0.0,46.44097900390625,141
2025-07-17T20:43:38.497008,1,8,"[1, 2, 3, 4, 5, 6, 7]",93.01580810546875,38.86540412902832,46.9561767578125,143,93.01580810546875,0.0,46.44097900390625,141
2025-07-17T20:43:38.505047,2,8,"[0, 1, 2, 3, 4, 5, 6, 7]",93.01580810546875,38.86540412902832,46.9561767578125,143,93.01580810546875,0.0,46.44097900390625,141
2025-07-17T20:43:38.511908,3,8,"[1, 2, 3, 4, 5, 6, 7]",93.01580810546875,38.86540412902832,46.9561767578125,143,93.01580810546875,0.0,46.44097900390625,141
2025-07-17T20:43:38.518764,4,8,"[1, 2, 3, 4, 5, 6, 7]",93.01580810546875,38.86540412902832,46.9561767578125,143,93.01580810546875,0.0,46.44097900390625,141
2025-07-17T20:43:38.532883,0,9,"[0, 1, 2, 3, 4, 5, 6, 7]",93.01580810546875,38.86540412902832,46.9561767578125,143,93.01580810546875,0.0,46.44097900390625,141
2025-07-17T20:43:38.540847,1,9,"[0, 1, 2, 4, 5, 6, 7]",93.01580810546875,38.86540412902832,46.9561767578125,143,93.01580810546875,0.0,46.44097900390625,141
2025-07-17T20:43:38.542993,2,9,"[0, 1, 2, 3, 4, 5, 6, 7]",93.01580810546875,38.86540412902832,46.9561767578125,143,93.01580810546875,0.0,46.44097900390625,141
2025-07-17T20:43:38.550269,3,9,"[0, 1, 2, 4, 5, 6, 7]",93.01580810546875,38.86540412902832,46.9561767578125,143,93.01580810546875,0.0,46.44097900390625,141
2025-07-17T20:43:38.557705,4,9,"[0, 1, 2, 4, 5, 6, 7]",93.01580810546875,38.86540412902832,46.9561767578125,143,93.01580810546875,0.0,46.44097900390625,141
2025-07-17T20:43:38.570542,0,10,"[0, 1, 2, 3, 4, 5, 6, 7]",93.01580810546875,38.86540412902832,46.9561767578125,143,93.01580810546875,0.0,46.44097900390625,141
2025-07-17T20:43:38.578218,1,10,"[0, 1, 2, 3, 4, 5, 7]",93.01580810546875,38.86540412902832,46.9561767578125,143,93.01580810546875,0.0,46.44097900390625,141
2025-07-17T20:43:38.580200,2,10,"[0, 1, 2, 3, 4, 5, 6, 7]",93.01580810546875,38.86540412902832,46.9561767578125,143,93.01580810546875,0.0,46.44097900390625,141
2025-07-17T20:43:38.587825,3,10,"[0, 1, 2, 3, 4, 5, 7]",93.01580810546875,38.86540412902832,46.9561767578125,143,93.01580810546875,0.0,46.44097900390625,141
2025-07-17T20:43:38.595102,4,10,"[0, 1, 2, 3, 4, 5, 7]",93.01580810546875,38.86540412902832,46.9561767578125,143,93.01580810546875,0.0,46.44097900390625,141
2025-07-17T20:43:38.608067,0,11,"[0, 1, 2, 3, 4, 5, 6, 7]",93.01580810546875,38.86540412902832,46.9561767578125,143,93.01580810546875,0.0,46.44097900390625,141
2025-07-17T20:43:38.610780,1,11,"[0, 1, 2, 3, 4, 5, 6, 7]",93.01580810546875,38.86540412902832,46.9561767578125,143,93.01580810546875,0.0,46.44097900390625,141
2025-07-17T20:43:38.617432,2,11,"[0, 1, 2, 3, 4, 5, 6, 7]",93.01580810546875,38.86540412902832,46.9561767578125,143,93.01580810546875,0.0,46.44097900390625,141
2025-07-17T20:43:38.624786,3,11,"[0, 1, 2, 3, 4, 5, 6, 7]",93.01580810546875,38.86540412902832,46.9561767578125,143,93.01580810546875,0.0,46.44097900390625,141
2025-07-17T20:43:38.631744,4,11,"[0, 1, 2, 3, 4, 5, 6, 7]",93.01580810546875,38.86540412902832,46.9561767578125,143,93.01580810546875,0.0,46.44097900390625,141
2025-07-17T20:43:38.643827,0,12,"[0, 1, 2, 3, 4, 5, 6, 7]",93.01580810546875,38.86540412902832,46.9561767578125,143,93.01580810546875,0.0,46.44097900390625,141
2025-07-17T20:43:38.646892,1,12,"[0, 1, 2, 3, 4, 5, 6, 7]",93.01580810546875,38.86540412902832,46.9561767578125,143,93.01580810546875,0.0,46.44097900390625,141
2025-07-17T20:43:38.655304,2,12,"[0, 1, 2, 3, 4, 5, 6, 7]",93.01580810546875,38.86540412902832,46.9561767578125,143,93.01580810546875,0.0,46.44097900390625,141
2025-07-17T20:43:38.662373,3,12,"[0, 1, 2, 3, 4, 5, 6, 7]",93.01580810546875,38.86540412902832,46.9561767578125,143,93.01580810546875,0.0,46.44097900390625,141
2025-07-17T20:43:38.668060,4,12,"[0, 1, 2, 3, 4, 5, 6, 7]",93.01580810546875,38.86540412902832,46.9561767578125,143,93.01580810546875,0.0,46.44097900390625,141
2025-07-17T20:43:38.674933,0,13,"[0, 1, 2, 3, 4, 5, 6, 7]",93.01580810546875,38.86540412902832,46.9561767578125,143,93.01580810546875,0.0,46.44097900390625,141
2025-07-17T20:43:38.681492,1,13,"[0, 1, 2, 3, 5, 7]",93.01580810546875,38.86540412902832,46.9561767578125,143,93.01580810546875,0.0,46.44097900390625,141
2025-07-17T20:43:38.687940,2,13,"[0, 1, 2, 3, 4, 5, 6, 7]",93.01580810546875,38.86540412902832,46.9561767578125,143,93.01580810546875,0.0,46.44097900390625,141
2025-07-17T20:43:38.694754,3,13,"[0, 1, 2, 3, 5, 7]",93.01580810546875,38.86540412902832,46.9561767578125,143,93.01580810546875,0.0,46.44097900390625,141
2025-07-17T20:43:38.701485,4,13,"[0, 1, 2, 3, 5, 7]",93.01580810546875,38.86540412902832,46.9561767578125,143,93.01580810546875,0.0,46.44097900390625,141
2025-07-17T20:43:38.708666,0,14,"[0, 1, 2, 3, 4, 5, 6, 7]",93.01580810546875,38.86540412902832,46.9561767578125,143,93.01580810546875,0.0,46.44097900390625,141
2025-07-17T20:43:38.715597,1,14,"[0, 1, 2, 3, 4, 5, 6, 7]",93.01580810546875,38.86540412902832,46.9561767578125,143,93.01580810546875,0.0,46.44097900390625,141
2025-07-17T20:43:38.727982,2,14,"[0, 1, 2, 3, 4, 5, 6, 7]",93.01580810546875,38.86540412902832,46.9561767578125,143,93.01580810546875,0.0,46.44097900390625,141
2025-07-17T20:43:38.735816,3,14,"[0, 1, 2, 3, 4, 5, 6, 7]",93.01580810546875,38.86540412902832,46.9561767578125,143,93.01580810546875,0.0,46.44097900390625,141
2025-07-17T20:43:38.743954,4,14,"[0, 1, 2, 3, 4, 5, 6, 7]",93.01580810546875,38.86540412902832,46.9561767578125,143,93.01580810546875,0.0,46.44097900390625,141
2025-07-17T20:43:38.746202,0,15,"[0, 1, 2, 3, 4, 5, 6, 7]",93.01580810546875,38.86540412902832,46.9561767578125,143,93.01580810546875,0.0,46.44097900390625,141
2025-07-17T20:43:38.759219,1,15,"[0, 1, 2, 3, 4, 5, 6, 7]",93.01580810546875,38.86540412902832,46.9561767578125,143,93.01580810546875,0.0,46.44097900390625,141
2025-07-17T20:43:38.761003,2,15,"[0, 1, 2, 3, 4, 5, 6, 7]",93.01580810546875,38.86540412902832,46.9561767578125,143,93.01580810546875,0.0,46.44097900390625,141
2025-07-17T20:43:38.768477,3,15,"[0, 1, 2, 3, 4, 5, 6, 7]",93.01580810546875,38.86540412902832,46.9561767578125,143,93.01580810546875,0.0,46.44097900390625,141
2025-07-17T20:43:38.775414,4,15,"[0, 1, 2, 3, 4, 5, 6, 7]",93.01580810546875,38.86540412902832,46.9561767578125,143,93.01580810546875,0.0,46.44097900390625,141
2025-07-17T20:43:38.782035,0,16,"[0, 1, 2, 3, 4, 5, 6, 7]",93.01580810546875,38.86540412902832,46.9561767578125,143,93.01580810546875,0.0,46.44097900390625,141
2025-07-17T20:43:38.793763,1,16,"[0, 1, 2, 3, 5, 6, 7]",93.01580810546875,38.86540412902832,46.9561767578125,143,93.01580810546875,0.0,46.44097900390625,141
2025-07-17T20:43:38.796089,2,16,"[0, 1, 2, 3, 4, 5, 6, 7]",93.01580810546875,38.86540412902832,46.9561767578125,143,93.01580810546875,0.0,46.44097900390625,141
2025-07-17T20:43:38.807484,3,16,"[0, 1, 2, 3, 5, 6, 7]",93.01580810546875,38.86540412902832,46.9561767578125,143,93.01580810546875,0.0,46.44097900390625,141
2025-07-17T20:43:38.809852,4,16,"[0, 1, 2, 3, 5, 6, 7]",93.01580810546875,38.86540412902832,46.9561767578125,143,93.01580810546875,0.0,46.44097900390625,141
2025-07-17T20:43:38.818413,0,17,"[0, 1, 2, 3, 4, 5, 6, 7]",93.01580810546875,38.86540412902832,46.9561767578125,143,93.01580810546875,0.0,46.44097900390625,141
2025-07-17T20:43:38.830510,1,17,"[1, 2, 3, 4, 5, 6, 7]",93.01580810546875,38.86540412902832,46.9561767578125,143,93.01580810546875,0.0,46.44097900390625,141
2025-07-17T20:43:38.832935,2,17,"[0, 1, 3, 4, 5, 6, 7]",93.01580810546875,38.86540412902832,46.9561767578125,143,93.01580810546875,0.0,46.44097900390625,141
2025-07-17T20:43:38.840625,3,17,"[1, 2, 3, 4, 5, 6, 7]",93.01580810546875,38.86540412902832,46.9561767578125,143,93.01580810546875,0.0,46.44097900390625,141
2025-07-17T20:43:38.847600,4,17,"[1, 2, 3, 4, 5, 6, 7]",93.01580810546875,38.86540412902832,46.9561767578125,143,93.01580810546875,0.0,46.44097900390625,141
2025-07-17T20:43:38.854478,0,18,"[0, 1, 2, 3, 4, 5, 6, 7]",93.01580810546875,38.86540412902832,46.9561767578125,143,93.01580810546875,0.0,46.44097900390625,141
2025-07-17T20:43:38.866835,1,18,"[0, 1, 2, 3, 4, 5, 6, 7]",93.01580810546875,38.86540412902832,46.9561767578125,143,93.01580810546875,0.0,46.44097900390625,141
2025-07-17T20:43:38.874987,2,18,"[0, 1, 2, 3, 4, 5, 6, 7]",93.01580810546875,38.86540412902832,46.9561767578125,143,93.01580810546875,0.0,46.44097900390625,141
2025-07-17T20:43:38.877361,3,18,"[0, 1, 2, 3, 4, 5, 6, 7]",93.01580810546875,38.86540412902832,46.9561767578125,143,93.01580810546875,0.0,46.44097900390625,141
2025-07-17T20:43:38.884586,4,18,"[0, 1, 2, 3, 4, 5, 6, 7]",93.01580810546875,38.86540412902832,46.9561767578125,143,93.01580810546875,0.0,46.44097900390625,141
2025-07-17T20:43:38.897140,0,19,"[0, 1, 2, 3, 4, 5, 6, 7]",93.01580810546875,38.86540412902832,46.9561767578125,143,93.01580810546875,0.0,46.44097900390625,141
2025-07-17T20:43:38.899200,1,19,"[0, 1, 2, 3, 4, 5, 6, 7]",93.01580810546875,38.86540412902832,46.9561767578125,143,93.01580810546875,0.0,46.44097900390625,141
2025-07-17T20:43:38.906869,2,19,"[0, 1, 2, 3, 4, 5, 6, 7]",93.01580810546875,38.86540412902832,46.9561767578125,143,93.01580810546875,0.0,46.44097900390625,141
2025-07-17T20:43:38.913622,3,19,"[0, 1, 2, 3, 4, 5, 6, 7]",93.01580810546875,38.86540412902832,46.9561767578125,143,93.01580810546875,0.0,46.44097900390625,141
2025-07-17T20:43:38.920099,4,19,"[0, 1, 2, 3, 4, 5, 6, 7]",93.01580810546875,38.86540412902832,46.9561767578125,143,93.01580810546875,0.0,46.44097900390625,141
2025-07-17T20:43:38.927016,0,20,"[0, 1, 2, 3, 4, 5, 6, 7]",93.01580810546875,38.86540412902832,46.9561767578125,143,93.01580810546875,0.0,46.44097900390625,141
2025-07-17T20:43:38.933494,1,20,"[0, 1, 2, 3, 4, 5, 6, 7]",93.01580810546875,38.86540412902832,46.9561767578125,143,93.01580810546875,0.0,46.44097900390625,141
2025-07-17T20:43:38.940191,2,20,"[0, 1, 2, 3, 4, 5, 6, 7]",93.01580810546875,38.86540412902832,46.9561767578125,143,93.01580810546875,0.0,46.44097900390625,141
2025-07-17T20:43:38.946387,3,20,"[0, 1, 2, 3, 4, 5, 6, 7]",93.01580810546875,38.86540412902832,46.9561767578125,143,93.01580810546875,0.0,46.44097900390625,141
2025-07-17T20:43:38.953997,4,20,"[0, 1, 2, 3, 4, 5, 6, 7]",93.01580810546875,38.86540412902832,46.9561767578125,143,93.01580810546875,0.0,46.44097900390625,141
2025-07-17T20:43:38.961573,0,21,"[0, 1, 2, 3, 4, 5, 6, 7]",93.01580810546875,38.86540412902832,46.9561767578125,143,93.01580810546875,0.0,46.44097900390625,141
2025-07-17T20:43:38.967911,1,21,"[0, 1, 2, 3, 4, 5, 6, 7]",93.01580810546875,38.86540412902832,46.9561767578125,143,93.01580810546875,0.0,46.44097900390625,141
2025-07-17T20:43:38.980943,2,21,"[0, 1, 2, 3, 4, 5, 6, 7]",93.01580810546875,38.86540412902832,46.9561767578125,143,93.01580810546875,0.0,46.44097900390625,141
2025-07-17T20:43:38.983101,3,21,"[0, 1, 2, 3, 4, 5, 6, 7]",93.01580810546875,38.86540412902832,46.9561767578125,143,93.01580810546875,0.0,46.44097900390625,141
2025-07-17T20:43:38.990761,4,21,"[0, 1, 2, 3, 4, 5, 6, 7]",93.01580810546875,38.86540412902832,46.9561767578125,143,93.01580810546875,0.0,46.44097900390625,141
2025-07-17T20:43:38.998201,0,22,"[0, 1, 2, 3, 4, 5, 6, 7]",93.01580810546875,38.86540412902832,46.9561767578125,143,93.01580810546875,0.0,46.44097900390625,141
2025-07-17T20:43:39.004825,1,22,"[0, 1, 2, 4, 5, 6, 7]",93.01580810546875,38.86540412902832,46.9561767578125,143,93.01580810546875,0.0,46.44097900390625,141
2025-07-17T20:43:39.011420,2,22,"[0, 1, 2, 3, 4, 5, 6, 7]",93.01580810546875,38.86540412902832,46.9561767578125,143,93.01580810546875,0.0,46.44097900390625,141
2025-07-17T20:43:39.024610,3,22,"[0, 1, 2, 4, 5, 6, 7]",93.01580810546875,38.86540412902832,46.9561767578125,143,93.01580810546875,0.0,46.44097900390625,141
2025-07-17T20:43:39.026827,4,22,"[0, 1, 2, 4, 5, 6, 7]",93.01580810546875,38.86540412902832,46.9561767578125,143,93.01580810546875,0.0,46.44097900390625,141
2025-07-17T20:43:39.038742,0,23,"[0, 1, 2, 3, 4, 5, 6, 7]",93.01580810546875,38.86540412902832,46.9561767578125,143,93.01580810546875,0.0,46.44097900390625,141
2025-07-17T20:43:39.042280,1,23,"[0, 1, 2, 3, 4, 5, 6, 7]",93.01580810546875,38.86540412902832,46.9561767578125,143,93.01580810546875,0.0,46.44097900390625,141
2025-07-17T20:43:39.049056,2,23,"[0, 1, 2, 3, 4, 5, 6, 7]",93.01580810546875,38.86540412902832,46.9561767578125,143,93.01580810546875,0.0,46.44097900390625,141
2025-07-17T20:43:39.055652,3,23,"[0, 1, 2, 3, 4, 5, 6, 7]",93.01580810546875,38.86540412902832,46.9561767578125,143,93.01580810546875,0.0,46.44097900390625,141
2025-07-17T20:43:39.062455,4,23,"[0, 1, 2, 3, 4, 5, 6, 7]",93.01580810546875,38.86540412902832,46.9561767578125,143,93.01580810546875,0.0,46.44097900390625,141
2025-07-17T20:43:39.075372,0,24,"[0, 1, 2, 3, 4, 5, 6, 7]",93.01580810546875,38.86540412902832,46.9561767578125,143,93.01580810546875,0.0,46.44097900390625,141
2025-07-17T20:43:39.077499,1,24,"[0, 1, 2, 3, 4, 6, 7]",93.01580810546875,38.86540412902832,46.9561767578125,143,93.01580810546875,0.0,46.44097900390625,141
2025-07-17T20:43:39.085669,2,24,"[0, 1, 2, 3, 4, 5, 6, 7]",93.01580810546875,38.86540412902832,46.9561767578125,143,93.01580810546875,0.0,46.44097900390625,141
2025-07-17T20:43:39.092638,3,24,"[0, 1, 2, 3, 4, 6, 7]",93.01580810546875,38.86540412902832,46.9561767578125,143,93.01580810546875,0.0,46.44097900390625,141
2025-07-17T20:43:39.104369,4,24,"[0, 1, 2, 3, 4, 6, 7]",93.01580810546875,38.86540412902832,46.9561767578125,143,93.01580810546875,0.0,46.44097900390625,141
2025-07-17T20:43:39.106849,0,25,"[0, 1, 2, 3, 4, 5, 6, 7]",93.01580810546875,38.86540412902832,46.9561767578125,143,93.01580810546875,0.0,46.44097900390625,141
2025-07-17T20:43:39.114723,1,25,"[0, 1, 3, 4, 5, 6, 7]",93.01580810546875,38.86540412902832,46.9561767578125,143,93.01580810546875,0.0,46.44097900390625,141
2025-07-17T20:43:39.121922,2,25,"[0, 1, 2, 3, 4, 5, 6, 7]",93.01580810546875,38.86540412902832,46.9561767578125,143,93.01580810546875,0.0,46.44097900390625,141
2025-07-17T20:43:39.129677,3,25,"[0, 1, 3, 4, 5, 6, 7]",93.01580810546875,38.86540412902832,46.9561767578125,143,93.01580810546875,0.0,46.44097900390625,141
2025-07-17T20:43:39.135984,4,25,"[0, 1, 3, 4, 5, 6, 7]",93.01580810546875,38.86540412902832,46.9561767578125,143,93.01580810546875,0.0,46.44097900390625,141
2025-07-17T20:43:39.142827,0,26,"[0, 1, 2, 3, 4, 5, 6, 7]",93.01580810546875,38.86540412902832,46.9561767578125,143,93.01580810546875,0.0,46.44097900390625,141
2025-07-17T20:43:39.149612,1,26,"[0, 2, 3, 4, 5, 6, 7]",93.01580810546875,38.86540412902832,46.9561767578125,143,93.01580810546875,0.0,46.44097900390625,141
2025-07-17T20:43:39.156166,2,26,"[0, 1, 2, 3, 4, 5, 6, 7]",93.01580810546875,38.86540412902832,46.9561767578125,143,93.01580810546875,0.0,46.44097900390625,141
2025-07-17T20:43:39.163977,3,26,"[0, 2, 3, 4, 5, 6, 7]",93.01580810546875,38.86540412902832,46.9561767578125,143,93.01580810546875,0.0,46.44097900390625,141
2025-07-17T20:43:39.171505,4,26,"[0, 2, 3, 4, 5, 6, 7]",93.01580810546875,38.86540412902832,46.9561767578125,143,93.01580810546875,0.0,46.44097900390625,141
2025-07-17T20:43:39.178336,0,27,"[0, 1, 2, 3, 4, 5, 6, 7]",93.01580810546875,38.86540412902832,46.9561767578125,143,93.01580810546875,0.0,46.44097900390625,141
2025-07-17T20:43:39.191191,1,27,"[0, 1, 2, 3, 4, 5, 6, 7]",93.01580810546875,38.86540412902832,46.9561767578125,143,93.01580810546875,0.0,46.44097900390625,141
2025-07-17T20:43:39.198893,2,27,"[0, 1, 2, 3, 4, 5, 6, 7]",93.01580810546875,38.86540412902832,46.9561767578125,143,93.01580810546875,0.0,46.44097900390625,141
2025-07-17T20:43:39.201534,3,27,"[0, 1, 2, 3, 4, 5, 6, 7]",93.01580810546875,38.86540412902832,46.9561767578125,143,93.01580810546875,0.0,46.44097900390625,141
2025-07-17T20:43:39.208095,4,27,"[0, 1, 2, 3, 4, 5, 6, 7]",93.01580810546875,38.86540412902832,46.9561767578125,143,93.01580810546875,0.0,46.44097900390625,141
2025-07-17T20:43:39.216135,0,28,"[0, 1, 2, 3, 4, 5, 6, 7]",93.01580810546875,38.86540412902832,46.9561767578125,143,93.01580810546875,0.0,46.44097900390625,141
2025-07-17T20:43:39.228088,1,28,"[0, 1, 2, 3, 4, 5, 6, 7]",93.01580810546875,38.86540412902832,46.9561767578125,143,93.01580810546875,0.0,46.44097900390625,141
2025-07-17T20:43:39.230789,2,28,"[0, 1, 2, 3, 4, 5, 6, 7]",93.01580810546875,38.86540412902832,46.9561767578125,143,93.01580810546875,0.0,46.44097900390625,141
2025-07-17T20:43:39.237902,3,28,"[0, 1, 2, 3, 4, 5, 6, 7]",93.01580810546875,38.86540412902832,46.9561767578125,143,93.01580810546875,0.0,46.44097900390625,141
2025-07-17T20:43:39.244939,4,28,"[0, 1, 2, 3, 4, 5, 6, 7]",93.01580810546875,38.86540412902832,46.9561767578125,143,93.01580810546875,0.0,46.44097900390625,141
2025-07-17T20:43:39.258013,0,29,"[0, 1, 2, 3, 4, 5, 6, 7]",93.01580810546875,38.86540412902832,46.9561767578125,143,93.01580810546875,0.0,46.44097900390625,141
2025-07-17T20:43:39.260124,1,29,"[0, 1, 2, 3, 4, 5, 6, 7]",93.01580810546875,38.86540412902832,46.9561767578125,143,93.01580810546875,0.0,46.44097900390625,141
2025-07-17T20:43:39.272185,2,29,"[0, 1, 2, 3, 4, 5, 6, 7]",93.01580810546875,38.86540412902832,46.9561767578125,143,93.01580810546875,0.0,46.44097900390625,141
2025-07-17T20:43:39.275991,3,29,"[0, 1, 2, 3, 4, 5, 6, 7]",93.01580810546875,38.86540412902832,46.9561767578125,143,93.01580810546875,0.0,46.44097900390625,141
2025-07-17T20:43:39.288520,4,29,"[0, 1, 2, 3, 4, 5, 6, 7]",93.01580810546875,38.86540412902832,46.9561767578125,143,93.01580810546875,0.0,46.44097900390625,141
2025-07-17T20:43:39.295375,0,30,"[0, 1, 2, 3, 4, 5, 6, 7]",93.01580810546875,38.86540412902832,46.9561767578125,143,93.01580810546875,0.0,46.44097900390625,141
2025-07-17T20:43:39.302811,1,30,"[0, 2, 3, 4, 5, 6, 7]",93.01580810546875,38.86540412902832,46.9561767578125,143,93.01580810546875,0.0,46.44097900390625,141
2025-07-17T20:43:39.310376,2,30,"[0, 2, 3, 4, 5, 6, 7]",93.01580810546875,38.86540412902832,46.9561767578125,143,93.01580810546875,0.0,46.44097900390625,141
2025-07-17T20:43:39.318227,3,30,"[0, 2, 3, 4, 5, 6, 7]",93.01580810546875,38.86540412902832,46.9561767578125,143,93.01580810546875,0.0,46.44097900390625,141
2025-07-17T20:43:39.322065,4,30,"[0, 2, 3, 4, 5, 6, 7]",93.01580810546875,38.86540412902832,46.9561767578125,143,93.01580810546875,0.0,46.44097900390625,141
2025-07-17T20:43:39.333451,0,31,"[0, 1, 2, 3, 4, 5, 6, 7]",93.01580810546875,38.87229824066162,46.9561767578125,143,93.01580810546875,0.0,46.44097900390625,141
2025-07-17T20:43:39.337417,1,31,"[1, 2, 3, 4, 5, 6, 7]",93.01580810546875,38.8688325881958,46.9561767578125,143,93.01580810546875,0.0,46.44097900390625,141
2025-07-17T20:43:39.346251,2,31,"[0, 1, 2, 3, 4, 5, 6, 7]",93.01580810546875,38.86620616912842,46.9561767578125,143,93.01580810546875,0.0,46.44097900390625,141
2025-07-17T20:43:39.359268,3,31,"[1, 2, 3, 4, 5, 6, 7]",93.01580810546875,38.86299800872803,46.9561767578125,143,93.01580810546875,0.0,46.44097900390625,141
2025-07-17T20:43:39.361763,4,31,"[1, 2, 3, 4, 5, 6, 7]",93.01580810546875,38.86002254486084,46.9561767578125,143,93.01580810546875,0.0,46.44097900390625,141
2025-07-17T20:43:39.376072,0,0,"[0, 1, 2, 3, 4, 5, 6, 7]",93.01580810546875,38.85531425476074,46.9561767578125,143,93.01580810546875,0.0,46.44097900390625,141
2025-07-17T20:43:39.383885,1,0,"[0, 1, 2, 3, 4, 5, 6, 7]",93.01580810546875,38.85852241516113,46.9561767578125,143,93.01580810546875,0.0,46.44097900390625,141
2025-07-17T20:43:39.386392,2,0,"[0, 1, 2, 3, 4, 5, 6, 7]",93.01580810546875,38.86149787902832,46.9561767578125,143,93.01580810546875,0.0,46.44097900390625,141
2025-07-17T20:43:39.397456,3,0,"[0, 1, 2, 3, 4, 5, 6, 7]",93.01580810546875,38.86438179016113,46.9561767578125,143,93.01580810546875,0.0,46.44097900390625,141
2025-07-17T20:43:39.400376,4,0,"[0, 1, 2, 3, 4, 5, 6, 7]",93.01580810546875,38.86540412902832,46.9561767578125,143,93.01580810546875,0.0,46.44097900390625,141
2025-07-17T20:43:39.412163,0,1,"[0, 1, 2, 3, 4, 5, 6, 7]",93.01580810546875,38.86540412902832,46.9561767578125,143,93.01580810546875,0.0,46.44097900390625,141
2025-07-17T20:43:39.414774,1,1,"[0, 1, 2, 3, 4, 5, 6, 7]",93.01580810546875,38.86540412902832,46.9561767578125,143,93.01580810546875,0.0,46.44097900390625,141
2025-07-17T20:43:39.426476,2,1,"[0, 1, 2, 4, 5, 6, 7]",93.01580810546875,38.86540412902832,46.9561767578125,143,93.01580810546875,0.0,46.44097900390625,141
2025-07-17T20:43:39.433726,3,1,"[0, 1, 2, 3, 4, 5, 6, 7]",93.01580810546875,38.86540412902832,46.9561767578125,143,93.01580810546875,0.0,46.44097900390625,141
2025-07-17T20:43:39.440764,4,1,"[0, 1, 2, 3, 4, 5, 6, 7]",93.01580810546875,38.86540412902832,46.9561767578125,143,93.01580810546875,0.0,46.44097900390625,141
2025-07-17T20:43:39.448583,0,2,"[0, 1, 2, 3, 4, 5, 6, 7]",93.01580810546875,38.86540412902832,46.9561767578125,143,93.01580810546875,0.0,46.44097900390625,141
2025-07-17T20:43:39.456589,1,2,"[0, 1, 2, 3, 4, 5, 6, 7]",93.01580810546875,38.86540412902832,46.9561767578125,143,93.01580810546875,0.0,46.44097900390625,141
2025-07-17T20:43:39.459087,2,2,"[0, 1, 2, 3, 4, 5, 6, 7]",93.01580810546875,38.86540412902832,46.9561767578125,143,93.01580810546875,0.0,46.44097900390625,141
2025-07-17T20:43:39.470378,3,2,"[0, 1, 2, 3, 4, 5, 6, 7]",93.01580810546875,38.86540412902832,46.9561767578125,143,93.01580810546875,0.0,46.44097900390625,141
2025-07-17T20:43:39.477454,4,2,"[0, 1, 2, 3, 4, 5, 6, 7]",93.01580810546875,38.86540412902832,46.9561767578125,143,93.01580810546875,0.0,46.44097900390625,141
2025-07-17T20:43:39.485014,0,3,"[0, 1, 2, 3, 4, 5, 6, 7]",93.01580810546875,38.86540412902832,46.9561767578125,143,93.01580810546875,0.0,46.44097900390625,141
2025-07-17T20:43:39.492084,1,3,"[0, 1, 2, 3, 4, 5, 6, 7]",93.01580810546875,38.86540412902832,46.9561767578125,143,93.01580810546875,0.0,46.44097900390625,141
2025-07-17T20:43:39.499149,2,3,"[0, 1, 2, 3, 4, 5, 6, 7]",93.01580810546875,38.86540412902832,46.9561767578125,143,93.01580810546875,0.0,46.44097900390625,141
2025-07-17T20:43:39.501426,3,3,"[0, 1, 2, 3, 4, 5, 6, 7]",93.01580810546875,38.86540412902832,46.9561767578125,143,93.01580810546875,0.0,46.44097900390625,141
2025-07-17T20:43:39.513456,4,3,"[0, 1, 2, 3, 4, 5, 6, 7]",93.01580810546875,38.86540412902832,46.9561767578125,143,93.01580810546875,0.0,46.44097900390625,141
2025-07-17T20:43:39.520706,0,4,"[0, 1, 2, 3, 4, 5, 6, 7]",93.01580810546875,38.86540412902832,46.9561767578125,143,93.01580810546875,0.0,46.44097900390625,141
2025-07-17T20:43:39.523720,1,4,"[1, 2, 3, 4, 5, 6, 7]",93.01580810546875,38.86540412902832,46.9561767578125,143,93.01580810546875,0.0,46.44097900390625,141
2025-07-17T20:43:39.531332,2,4,"[0, 1, 2, 3, 4, 5, 6, 7]",93.01580810546875,38.86540412902832,46.9561767578125,143,93.01580810546875,0.0,46.44097900390625,141
2025-07-17T20:43:39.544045,3,4,"[1, 2, 3, 4, 5, 6, 7]",93.01580810546875,38.86540412902832,46.9561767578125,143,93.01580810546875,0.0,46.44097900390625,141
2025-07-17T20:43:39.551902,4,4,"[1, 2, 3, 4, 5, 6, 7]",93.01580810546875,38.86540412902832,46.9561767578125,143,93.01580810546875,0.0,46.44097900390625,141
2025-07-17T20:43:39.554089,0,5,"[0, 1, 2, 3, 4, 5, 6, 7]",93.01580810546875,38.86540412902832,46.9561767578125,143,93.01580810546875,0.0,46.44097900390625,141
2025-07-17T20:43:39.561457,1,5,"[0, 1, 2, 3, 4, 5, 6, 7]",93.01580810546875,38.86540412902832,46.9561767578125,143,93.01580810546875,0.0,46.44097900390625,141
2025-07-17T20:43:39.567595,2,5,"[0, 1, 2, 3, 4, 5, 6, 7]",93.01580810546875,38.86540412902832,46.9561767578125,143,93.01580810546875,0.0,46.44097900390625,141
2025-07-17T20:43:39.574664,3,5,"[0, 1, 2, 3, 4, 5, 6, 7]",93.01580810546875,38.86540412902832,46.9561767578125,143,93.01580810546875,0.0,46.44097900390625,141
2025-07-17T20:43:39.581232,4,5,"[0, 1, 2, 3, 4, 5, 6, 7]",93.01580810546875,38.86540412902832,46.9561767578125,143,93.01580810546875,0.0,46.44097900390625,141
2025-07-17T20:43:39.588584,0,6,"[0, 1, 2, 3, 4, 5, 6, 7]",93.01580810546875,38.86540412902832,46.9561767578125,143,93.01580810546875,0.0,46.44097900390625,141
2025-07-17T20:43:39.601537,1,6,"[0, 1, 2, 3, 4, 5, 6, 7]",93.01580810546875,38.86540412902832,46.9561767578125,143,93.01580810546875,0.0,46.44097900390625,141
2025-07-17T20:43:39.604191,2,6,"[0, 1, 2, 3, 4, 5, 6, 7]",93.01580810546875,38.86540412902832,46.9561767578125,143,93.01580810546875,0.0,46.44097900390625,141
2025-07-17T20:43:39.611893,3,6,"[0, 1, 2, 3, 4, 5, 6, 7]",93.01580810546875,38.86540412902832,46.9561767578125,143,93.01580810546875,0.0,46.44097900390625,141
2025-07-17T20:43:39.618618,4,6,"[0, 1, 2, 3, 4, 5, 6, 7]",93.01580810546875,38.86540412902832,46.9561767578125,143,93.01580810546875,0.0,46.44097900390625,141
2025-07-17T20:43:39.626047,0,7,"[0, 1, 2, 3, 4, 5, 6, 7]",93.01580810546875,38.86540412902832,46.9561767578125,143,93.01580810546875,0.0,46.44097900390625,141
2025-07-17T20:43:39.632797,1,7,"[0, 1, 2, 3, 4, 5, 6]",93.01580810546875,38.86540412902832,46.9561767578125,143,93.01580810546875,0.0,46.44097900390625,141
2025-07-17T20:43:39.639701,2,7,"[0, 1, 2, 3, 4, 5, 6, 7]",93.01580810546875,38.86540412902832,46.9561767578125,143,93.01580810546875,0.0,46.44097900390625,141
2025-07-17T20:43:39.646561,3,7,"[0, 1, 2, 3, 4, 5, 6]",93.01580810546875,38.86540412902832,46.9561767578125,143,93.01580810546875,0.0,46.44097900390625,141
2025-07-17T20:43:39.653998,4,7,"[0, 1, 2, 3, 4, 5, 6]",93.01580810546875,38.86540412902832,46.9561767578125,143,93.01580810546875,0.0,46.44097900390625,141
2025-07-17T20:43:39.666079,0,8,"[0, 1, 2, 3, 4, 5, 6, 7]",93.01580810546875,38.86540412902832,46.9561767578125,143,93.01580810546875,0.0,46.44097900390625,141
2025-07-17T20:43:39.668935,1,8,"[0, 1, 2, 3, 4, 5, 6, 7]",93.01580810546875,38.86540412902832,46.9561767578125,143,93.01580810546875,0.0,46.44097900390625,141
2025-07-17T20:43:39.681134,2,8,"[0, 1, 2, 3, 4, 5, 6, 7]",93.01580810546875,38.86540412902832,46.9561767578125,143,93.01580810546875,0.0,46.44097900390625,141
2025-07-17T20:43:39.683884,3,8,"[0, 1, 2, 3, 4, 5, 6, 7]",93.01580810546875,38.86540412902832,46.9561767578125,143,93.01580810546875,0.0,46.44097900390625,141
2025-07-17T20:43:39.696448,4,8,"[0, 1, 2, 3, 4, 5, 6, 7]",93.01580810546875,38.86540412902832,46.9561767578125,143,93.01580810546875,0.0,46.44097900390625,141
2025-07-17T20:43:39.698798,0,9,"[0, 1, 2, 3, 4, 5, 6, 7]",93.01580810546875,38.86540412902832,46.9561767578125,143,93.01580810546875,0.0,46.44097900390625,141
2025-07-17T20:43:39.705850,1,9,"[0, 1, 2, 3, 4, 5, 6, 7]",93.01580810546875,38.86540412902832,46.9561767578125,143,93.01580810546875,0.0,46.44097900390625,141
2025-07-17T20:43:39.712657,2,9,"[0, 1, 2, 3, 4, 5, 6, 7]",93.01580810546875,38.86540412902832,46.9561767578125,143,93.01580810546875,0.0,46.44097900390625,141
2025-07-17T20:43:39.724979,3,9,"[0, 1, 2, 3, 4, 5, 6, 7]",93.01580810546875,38.86540412902832,46.9561767578125,143,93.01580810546875,0.0,46.44097900390625,141
2025-07-17T20:43:39.727058,4,9,"[0, 1, 2, 3, 4, 5, 6, 7]",93.01580810546875,38.86540412902832,46.9561767578125,143,93.01580810546875,0.0,46.44097900390625,141
2025-07-17T20:43:39.734192,0,10,"[0, 1, 2, 3, 4, 5, 6, 7]",93.01580810546875,38.86540412902832,46.9561767578125,143,93.01580810546875,0.0,46.44097900390625,141
2025-07-17T20:43:39.741812,1,10,"[0, 1, 2, 3, 4, 5, 6, 7]",93.01580810546875,38.86540412902832,46.9561767578125,143,93.01580810546875,0.0,46.44097900390625,141
2025-07-17T20:43:39.748837,2,10,"[0, 1, 2, 3, 4, 5, 6, 7]",93.01580810546875,38.86540412902832,46.9561767578125,143,93.01580810546875,0.0,46.44097900390625,141
2025-07-17T20:43:39.756821,3,10,"[0, 1, 2, 3, 4, 5, 6, 7]",93.01580810546875,38.86540412902832,46.9561767578125,143,93.01580810546875,0.0,46.44097900390625,141
2025-07-17T20:43:39.763835,4,10,"[0, 1, 2, 3, 4, 5, 6, 7]",93.01580810546875,38.86540412902832,46.9561767578125,143,93.01580810546875,0.0,46.44097900390625,141
2025-07-17T20:43:39.771045,0,11,"[0, 1, 2, 4, 5, 6, 7]",93.01580810546875,38.86540412902832,46.9561767578125,143,93.01580810546875,0.0,46.44097900390625,141
2025-07-17T20:43:39.778293,1,11,"[0, 1, 2, 3, 4, 5, 6, 7]",93.01580810546875,38.86540412902832,46.9561767578125,143,93.01580810546875,0.0,46.44097900390625,141
2025-07-17T20:43:39.790454,2,11,"[0, 1, 2, 3, 4, 5, 6, 7]",93.01580810546875,38.86540412902832,46.9561767578125,143,93.01580810546875,0.0,46.44097900390625,141
2025-07-17T20:43:39.792454,3,11,"[0, 1, 2, 3, 4, 5, 6, 7]",93.01580810546875,38.86540412902832,46.9561767578125,143,93.01580810546875,0.0,46.44097900390625,141
2025-07-17T20:43:39.799698,4,11,"[0, 1, 2, 3, 4, 5, 6, 7]",93.01580810546875,38.86540412902832,46.9561767578125,143,93.01580810546875,0.0,46.44097900390625,141
2025-07-17T20:43:39.806084,0,12,"[0, 1, 2, 3, 4, 5, 6, 7]",93.01580810546875,38.86540412902832,46.9561767578125,143,93.01580810546875,0.0,46.44097900390625,141
2025-07-17T20:43:39.812274,1,12,"[0, 1, 2, 3, 4, 5, 6, 7]",93.01580810546875,38.86540412902832,46.9561767578125,143,93.01580810546875,0.0,46.44097900390625,141
2025-07-17T20:43:39.819917,2,12,"[0, 1, 2, 3, 4, 6, 7]",93.01580810546875,38.86540412902832,46.9561767578125,143,93.01580810546875,0.0,46.44097900390625,141
2025-07-17T20:43:39.827652,3,12,"[0, 1, 2, 3, 4, 5, 6, 7]",93.01580810546875,38.86540412902832,46.9561767578125,143,93.01580810546875,0.0,46.44097900390625,141
2025-07-17T20:43:39.834950,4,12,"[0, 1, 2, 3, 4, 5, 6, 7]",93.01580810546875,38.86540412902832,46.9561767578125,143,93.01580810546875,0.0,46.44097900390625,141
2025-07-17T20:43:39.841918,0,13,"[0, 1, 2, 3, 4, 5, 6, 7]",93.01580810546875,38.86540412902832,46.9561767578125,143,93.01580810546875,0.0,46.44097900390625,141
2025-07-17T20:43:39.849685,1,13,"[1, 2, 3, 4, 5, 6, 7]",93.01580810546875,38.86540412902832,46.9561767578125,143,93.01580810546875,0.0,46.44097900390625,141
2025-07-17T20:43:39.861316,2,13,"[0, 1, 2, 3, 4, 6, 7]",93.01580810546875,38.86540412902832,46.9561767578125,143,93.01580810546875,0.0,46.44097900390625,141
2025-07-17T20:43:39.863583,3,13,"[1, 2, 3, 4, 5, 6, 7]",93.01580810546875,38.86540412902832,46.9561767578125,143,93.01580810546875,0.0,46.44097900390625,141
2025-07-17T20:43:39.871150,4,13,"[1, 2, 3, 4, 5, 6, 7]",93.01580810546875,38.86540412902832,46.9561767578125,143,93.01580810546875,0.0,46.44097900390625,141
2025-07-17T20:43:39.883786,0,14,"[0, 1, 3, 4, 5, 6, 7]",93.01580810546875,38.86540412902832,46.9561767578125,143,93.01580810546875,0.0,46.44097900390625,141
2025-07-17T20:43:39.885823,1,14,"[0, 1, 2, 3, 4, 5, 6, 7]",93.01580810546875,38.86540412902832,46.9561767578125,143,93.01580810546875,0.0,46.44097900390625,141
2025-07-17T20:43:39.892958,2,14,"[0, 1, 2, 3, 4, 5, 6, 7]",93.01580810546875,38.86540412902832,46.9561767578125,143,93.01580810546875,0.0,46.44097900390625,141
2025-07-17T20:43:39.900580,3,14,"[0, 1, 2, 3, 4, 5, 6, 7]",93.01580810546875,38.86540412902832,46.9561767578125,143,93.01580810546875,0.0,46.44097900390625,141
2025-07-17T20:43:39.912942,4,14,"[0, 1, 2, 3, 4, 5, 6, 7]",93.01580810546875,38.86540412902832,46.9561767578125,143,93.01580810546875,0.0,46.44097900390625,141
2025-07-17T20:43:39.915252,0,15,"[0, 1, 2, 3, 4, 5, 6, 7]",93.01580810546875,38.86540412902832,46.9561767578125,143,93.01580810546875,0.0,46.44097900390625,141
2025-07-17T20:43:39.923250,1,15,"[0, 1, 2, 3, 4, 5, 6, 7]",93.01580810546875,38.86540412902832,46.9561767578125,143,93.01580810546875,0.0,46.44097900390625,141
2025-07-17T20:43:39.930516,2,15,"[0, 1, 2, 3, 4, 5, 6, 7]",93.01580810546875,38.86540412902832,46.9561767578125,143,93.01580810546875,0.0,46.44097900390625,141
2025-07-17T20:43:39.936854,3,15,"[0, 1, 2, 3, 4, 5, 6, 7]",93.01580810546875,38.86540412902832,46.9561767578125,143,93.01580810546875,0.0,46.44097900390625,141
2025-07-17T20:43:39.944362,4,15,"[0, 1, 2, 3, 4, 5, 6, 7]",93.01580810546875,38.86540412902832,46.9561767578125,143,93.01580810546875,0.0,46.44097900390625,141
2025-07-17T20:43:39.951382,0,16,"[0, 1, 2, 3, 4, 5, 6, 7]",93.01580810546875,38.86540412902832,46.9561767578125,143,93.01580810546875,0.0,46.44097900390625,141
2025-07-17T20:43:39.957248,1,16,"[0, 1, 2, 3, 4, 5, 6, 7]",93.01580810546875,38.86540412902832,46.9561767578125,143,93.01580810546875,0.0,46.44097900390625,141
2025-07-17T20:43:39.964577,2,16,"[0, 1, 2, 3, 4, 5, 6, 7]",93.01580810546875,38.86540412902832,46.9561767578125,143,93.01580810546875,0.0,46.44097900390625,141
2025-07-17T20:43:39.971136,3,16,"[0, 1, 2, 3, 4, 5, 6, 7]",93.01580810546875,38.86540412902832,46.9561767578125,143,93.01580810546875,0.0,46.44097900390625,141
2025-07-17T20:43:39.977280,4,16,"[0, 1, 2, 3, 4, 5, 6, 7]",93.01580810546875,38.86540412902832,46.9561767578125,143,93.01580810546875,0.0,46.44097900390625,141
2025-07-17T20:43:39.984243,0,17,"[0, 1, 2, 3, 4, 5, 6, 7]",93.01580810546875,38.86540412902832,46.9561767578125,143,93.01580810546875,0.0,46.44097900390625,141
2025-07-17T20:43:39.991604,1,17,"[0, 1, 2, 3, 4, 5, 6, 7]",93.01580810546875,38.86540412902832,46.9561767578125,143,93.01580810546875,0.0,46.44097900390625,141
2025-07-17T20:43:39.998374,2,17,"[0, 1, 2, 3, 4, 5, 6, 7]",93.01580810546875,38.86540412902832,46.9561767578125,143,93.01580810546875,0.0,46.44097900390625,141
2025-07-17T20:43:40.004912,3,17,"[0, 1, 2, 3, 4, 5, 6, 7]",93.01580810546875,38.86540412902832,46.9561767578125,143,93.01580810546875,0.0,46.44097900390625,141
2025-07-17T20:43:40.011971,4,17,"[0, 1, 2, 3, 4, 5, 6, 7]",93.01580810546875,38.86540412902832,46.9561767578125,143,93.01580810546875,0.0,46.44097900390625,141
2025-07-17T20:43:40.019680,0,18,"[0, 1, 2, 3, 4, 5, 6, 7]",93.01580810546875,38.86540412902832,46.9561767578125,143,93.01580810546875,0.0,46.44097900390625,141
2025-07-17T20:43:40.026697,1,18,"[0, 2, 3, 4, 5, 6, 7]",93.01580810546875,38.86540412902832,46.9561767578125,143,93.01580810546875,0.0,46.44097900390625,141
2025-07-17T20:43:40.034161,2,18,"[0, 1, 2, 3, 4, 5, 6, 7]",93.01580810546875,38.86540412902832,46.9561767578125,143,93.01580810546875,0.0,46.44097900390625,141
2025-07-17T20:43:40.047006,3,18,"[0, 2, 3, 4, 5, 6, 7]",93.01580810546875,38.86540412902832,46.9561767578125,143,93.01580810546875,0.0,46.44097900390625,141
2025-07-17T20:43:40.049405,4,18,"[0, 2, 3, 4, 5, 6, 7]",93.01580810546875,38.86540412902832,46.9561767578125,143,93.01580810546875,0.0,46.44097900390625,141
2025-07-17T20:43:40.061511,0,19,"[0, 1, 2, 3, 4, 5, 6, 7]",93.01580810546875,38.86540412902832,46.9561767578125,143,93.01580810546875,0.0,46.44097900390625,141
2025-07-17T20:43:40.069950,1,19,"[0, 1, 2, 3, 4, 5, 6, 7]",93.01580810546875,38.86540412902832,46.9561767578125,143,93.01580810546875,0.0,46.44097900390625,141
2025-07-17T20:43:40.071989,2,19,"[0, 1, 2, 3, 4, 5, 6, 7]",93.01580810546875,38.86540412902832,46.9561767578125,143,93.01580810546875,0.0,46.44097900390625,141
2025-07-17T20:43:40.084594,3,19,"[0, 1, 2, 3, 4, 5, 6, 7]",93.01580810546875,38.86540412902832,46.9561767578125,143,93.01580810546875,0.0,46.44097900390625,141
2025-07-17T20:43:40.087236,4,19,"[0, 1, 2, 3, 4, 5, 6, 7]",93.01580810546875,38.86540412902832,46.9561767578125,143,93.01580810546875,0.0,46.44097900390625,141
2025-07-17T20:43:40.096031,0,20,"[0, 1, 2, 3, 4, 5, 6, 7]",93.01580810546875,38.86540412902832,46.9561767578125,143,93.01580810546875,0.0,46.44097900390625,141
2025-07-17T20:43:40.103001,1,20,"[0, 1, 2, 3, 4, 5, 6, 7]",93.01580810546875,38.86540412902832,46.9561767578125,143,93.01580810546875,0.0,46.44097900390625,141
2025-07-17T20:43:40.115640,2,20,"[0, 1, 2, 3, 4, 5, 6, 7]",93.01580810546875,38.86540412902832,46.9561767578125,143,93.01580810546875,0.0,46.44097900390625,141
2025-07-17T20:43:40.123716,3,20,"[0, 1, 2, 3, 4, 5, 6, 7]",93.01580810546875,38.86540412902832,46.9561767578125,143,93.01580810546875,0.0,46.44097900390625,141
2025-07-17T20:43:40.130816,4,20,"[0, 1, 2, 3, 4, 5, 6, 7]",93.01580810546875,38.86540412902832,46.9561767578125,143,93.01580810546875,0.0,46.44097900390625,141
2025-07-17T20:43:40.138563,0,21,"[0, 1, 2, 3, 4, 5, 6, 7]",93.01580810546875,38.86540412902832,46.9561767578125,143,93.01580810546875,0.0,46.44097900390625,141
2025-07-17T20:43:40.140953,1,21,"[0, 1, 2, 3, 4, 5, 6, 7]",93.01580810546875,38.86540412902832,46.9561767578125,143,93.01580810546875,0.0,46.44097900390625,141
2025-07-17T20:43:40.149148,2,21,"[0, 1, 2, 3, 4, 5, 6, 7]",93.01580810546875,38.86540412902832,46.9561767578125,143,93.01580810546875,0.0,46.44097900390625,141
2025-07-17T20:43:40.157573,3,21,"[0, 1, 2, 3, 4, 5, 6, 7]",93.01580810546875,38.86540412902832,46.9561767578125,143,93.01580810546875,0.0,46.44097900390625,141
2025-07-17T20:43:40.170481,4,21,"[0, 1, 2, 3, 4, 5, 6, 7]",93.01580810546875,38.86540412902832,46.9561767578125,143,93.01580810546875,0.0,46.44097900390625,141
2025-07-17T20:43:40.177599,0,22,"[0, 1, 2, 3, 4, 5, 6, 7]",93.01580810546875,38.86540412902832,46.9561767578125,143,93.01580810546875,0.0,46.44097900390625,141
2025-07-17T20:43:40.179641,1,22,"[0, 1, 2, 3, 4, 5, 6, 7]",93.01580810546875,38.86540412902832,46.9561767578125,143,93.01580810546875,0.0,46.44097900390625,141
2025-07-17T20:43:40.185964,2,22,"[0, 1, 2, 3, 4, 5, 6, 7]",93.01580810546875,38.86540412902832,46.9561767578125,143,93.01580810546875,0.0,46.44097900390625,141
2025-07-17T20:43:40.193734,3,22,"[0, 1, 2, 3, 4, 5, 6, 7]",93.01580810546875,38.86540412902832,46.9561767578125,143,93.01580810546875,0.0,46.44097900390625,141
2025-07-17T20:43:40.205958,4,22,"[0, 1, 2, 3, 4, 5, 6, 7]",93.01580810546875,38.86540412902832,46.9561767578125,143,93.01580810546875,0.0,46.44097900390625,141
2025-07-17T20:43:40.207918,0,23,"[0, 1, 2, 3, 4, 5, 6, 7]",93.01580810546875,38.86540412902832,46.9561767578125,143,93.01580810546875,0.0,46.44097900390625,141
2025-07-17T20:43:40.220938,1,23,"[0, 1, 2, 3, 4, 5, 6, 7]",93.01580810546875,38.86540412902832,46.9561767578125,143,93.01580810546875,0.0,46.44097900390625,141
2025-07-17T20:43:40.222814,2,23,"[0, 1, 2, 3, 4, 5, 6, 7]",93.01580810546875,38.86540412902832,46.9561767578125,143,93.01580810546875,0.0,46.44097900390625,141
2025-07-17T20:43:40.229817,3,23,"[0, 1, 2, 3, 4, 5, 6, 7]",93.01580810546875,38.86540412902832,46.9561767578125,143,93.01580810546875,0.0,46.44097900390625,141
2025-07-17T20:43:40.237331,4,23,"[0, 1, 2, 3, 4, 5, 6, 7]",93.01580810546875,38.86540412902832,46.9561767578125,143,93.01580810546875,0.0,46.44097900390625,141
2025-07-17T20:43:40.245812,0,24,"[0, 1, 2, 3, 4, 5, 6, 7]",93.01580810546875,38.86540412902832,46.9561767578125,143,93.01580810546875,0.0,46.44097900390625,141
2025-07-17T20:43:40.258001,1,24,"[0, 1, 2, 3, 4, 5, 6, 7]",93.01580810546875,38.86540412902832,46.9561767578125,143,93.01580810546875,0.0,46.44097900390625,141
2025-07-17T20:43:40.260395,2,24,"[0, 1, 2, 3, 4, 5, 6, 7]",93.01580810546875,38.86540412902832,46.9561767578125,143,93.01580810546875,0.0,46.44097900390625,141
2025-07-17T20:43:40.268184,3,24,"[0, 1, 2, 3, 4, 5, 6, 7]",93.01580810546875,38.86540412902832,46.9561767578125,143,93.01580810546875,0.0,46.44097900390625,141
2025-07-17T20:43:40.275653,4,24,"[0, 1, 2, 3, 4, 5, 6, 7]",93.01580810546875,38.86540412902832,46.9561767578125,143,93.01580810546875,0.0,46.44097900390625,141
2025-07-17T20:43:40.282013,0,25,"[0, 1, 2, 3, 4, 5, 6, 7]",93.01580810546875,38.86540412902832,46.9561767578125,143,93.01580810546875,0.0,46.44097900390625,141
2025-07-17T20:43:40.290174,1,25,"[0, 1, 2, 3, 4, 6, 7]",93.01580810546875,38.86540412902832,46.9561767578125,143,93.01580810546875,0.0,46.44097900390625,141
2025-07-17T20:43:40.296811,2,25,"[0, 1, 2, 3, 4, 5, 6]",93.01580810546875,38.86540412902832,46.9561767578125,143,93.01580810546875,0.0,46.44097900390625,141
2025-07-17T20:43:40.303888,3,25,"[0, 1, 2, 3, 4, 6, 7]",93.01580810546875,38.86540412902832,46.9561767578125,143,93.01580810546875,0.0,46.44097900390625,141
2025-07-17T20:43:40.317383,4,25,"[0, 1, 2, 3, 4, 6, 7]",93.01580810546875,38.86540412902832,46.9561767578125,143,93.01580810546875,0.0,46.44097900390625,141
2025-07-17T20:43:40.326684,0,26,"[0, 1, 2, 3, 4, 5, 6, 7]",93.01580810546875,38.86540412902832,46.9561767578125,143,93.01580810546875,0.0,46.44097900390625,141
2025-07-17T20:43:40.329806,1,26,"[0, 2, 3, 4, 5, 6, 7]",93.01580810546875,38.86540412902832,46.9561767578125,143,93.01580810546875,0.0,46.44097900390625,141
2025-07-17T20:43:40.335994,2,26,"[0, 1, 2, 3, 4, 5, 6, 7]",93.01580810546875,38.86540412902832,46.9561767578125,143,93.01580810546875,0.0,46.44097900390625,141
2025-07-17T20:43:40.348480,3,26,"[0, 2, 3, 4, 5, 6, 7]",93.01580810546875,38.86540412902832,46.9561767578125,143,93.01580810546875,0.0,46.44097900390625,141
2025-07-17T20:43:40.350533,4,26,"[0, 2, 3, 4, 5, 6, 7]",93.01580810546875,38.86540412902832,46.9561767578125,143,93.01580810546875,0.0,46.44097900390625,141
2025-07-17T20:43:40.357321,0,27,"[0, 1, 2, 3, 4, 5, 6, 7]",93.01580810546875,38.86540412902832,46.9561767578125,143,93.01580810546875,0.0,46.44097900390625,141
2025-07-17T20:43:40.365218,1,27,"[0, 1, 2, 3, 4, 5, 6, 7]",93.01580810546875,38.86540412902832,46.9561767578125,143,93.01580810546875,0.0,46.44097900390625,141
2025-07-17T20:43:40.371914,2,27,"[0, 1, 2, 3, 4, 5, 6, 7]",93.01580810546875,38.86540412902832,46.9561767578125,143,93.01580810546875,0.0,46.44097900390625,141
2025-07-17T20:43:40.379839,3,27,"[0, 1, 2, 3, 4, 5, 6, 7]",93.01580810546875,38.86540412902832,46.9561767578125,143,93.01580810546875,0.0,46.44097900390625,141
2025-07-17T20:43:40.392547,4,27,"[0, 1, 2, 3, 4, 5, 6, 7]",93.01580810546875,38.86540412902832,46.9561767578125,143,93.01580810546875,0.0,46.44097900390625,141
2025-07-17T20:43:40.394992,0,28,"[0, 1, 2, 3, 4, 5, 6, 7]",93.01580810546875,38.86540412902832,46.9561767578125,143,93.01580810546875,0.0,46.44097900390625,141
2025-07-17T20:43:40.401925,1,28,"[0, 1, 2, 3, 4, 5, 6, 7]",93.01580810546875,38.86540412902832,46.9561767578125,143,93.01580810546875,0.0,46.44097900390625,141
2025-07-17T20:43:40.408868,2,28,"[0, 1, 2, 3, 4, 5, 6, 7]",93.01580810546875,38.86540412902832,46.9561767578125,143,93.01580810546875,0.0,46.44097900390625,141
2025-07-17T20:43:40.417502,3,28,"[0, 1, 2, 3, 4, 5, 6, 7]",93.01580810546875,38.86540412902832,46.9561767578125,143,93.01580810546875,0.0,46.44097900390625,141
2025-07-17T20:43:40.430676,4,28,"[0, 1, 2, 3, 4, 5, 6, 7]",93.01580810546875,38.86540412902832,46.9561767578125,143,93.01580810546875,0.0,46.44097900390625,141
2025-07-17T20:43:40.432812,0,29,"[0, 1, 2, 3, 4, 5, 6, 7]",93.01580810546875,38.86540412902832,46.9561767578125,143,93.01580810546875,0.0,46.44097900390625,141
2025-07-17T20:43:40.440024,1,29,"[0, 1, 2, 3, 5, 6, 7]",93.01580810546875,38.86540412902832,46.9561767578125,143,93.01580810546875,0.0,46.44097900390625,141
2025-07-17T20:43:40.447221,2,29,"[0, 1, 2, 3, 4, 5, 6, 7]",93.01580810546875,38.86540412902832,46.9561767578125,143,93.01580810546875,0.0,46.44097900390625,141
2025-07-17T20:43:40.454187,3,29,"[0, 1, 2, 3, 5, 6, 7]",93.01580810546875,38.86540412902832,46.9561767578125,143,93.01580810546875,0.0,46.44097900390625,141
2025-07-17T20:43:40.460944,4,29,"[0, 1, 2, 3, 5, 6, 7]",93.01580810546875,38.86540412902832,46.9561767578125,143,93.01580810546875,0.0,46.44097900390625,141
2025-07-17T20:43:40.469095,0,30,"[0, 1, 2, 3, 4, 5, 6, 7]",93.01580810546875,38.86540412902832,46.9561767578125,143,93.01580810546875,0.0,46.44097900390625,141
2025-07-17T20:43:40.475359,1,30,"[0, 1, 2, 3, 4, 5, 7]",93.01580810546875,38.86540412902832,46.9561767578125,143,93.01580810546875,0.0,46.44097900390625,141
2025-07-17T20:43:40.483290,2,30,"[0, 1, 2, 3, 4, 5, 6, 7]",93.01580810546875,38.86540412902832,46.9561767578125,143,93.01580810546875,0.0,46.44097900390625,141
2025-07-17T20:43:40.495724,3,30,"[0, 1, 2, 3, 4, 5, 7]",93.01580810546875,38.86540412902832,46.9561767578125,143,93.01580810546875,0.0,46.44097900390625,141
2025-07-17T20:43:40.497808,4,30,"[0, 1, 2, 3, 4, 5, 7]",93.01580810546875,38.86540412902832,46.9561767578125,143,93.01580810546875,0.0,46.44097900390625,141
2025-07-17T20:43:40.510304,0,31,"[0, 1, 2, 3, 4, 5, 6, 7]",93.01580810546875,38.87229824066162,46.9561767578125,143,93.01580810546875,0.0,46.44097900390625,141
2025-07-17T20:43:40.519343,1,31,"[0, 1, 2, 3, 4, 5, 6, 7]",93.01580810546875,38.86909008026123,46.9561767578125,143,93.01580810546875,0.0,46.44097900390625,141
2025-07-17T20:43:40.523230,2,31,"[0, 1, 2, 3, 4, 5, 6, 7]",93.01580810546875,38.86646366119385,46.9561767578125,143,93.01580810546875,0.0,46.44097900390625,141
2025-07-17T20:43:40.532753,3,31,"[0, 1, 2, 3, 4, 5, 6, 7]",93.01580810546875,38.86299800872803,46.9561767578125,143,93.01580810546875,0.0,46.44097900390625,141
2025-07-17T20:43:40.539492,4,31,"[0, 1, 2, 3, 4, 5, 6, 7]",93.01580810546875,38.86002254486084,46.9561767578125,143,93.01580810546875,0.0,46.44097900390625,141
2025-07-17T20:43:40.555288,0,0,"[0, 1, 2, 3, 4, 5, 6, 7]",93.01580810546875,38.85531425476074,46.9561767578125,143,93.01580810546875,0.0,46.44097900390625,141
2025-07-17T20:43:40.557200,1,0,"[0, 1, 2, 4, 5, 6, 7]",93.01580810546875,38.85852241516113,46.9561767578125,143,93.01580810546875,0.0,46.44097900390625,141
2025-07-17T20:43:40.564435,2,0,"[0, 1, 2, 3, 4, 5, 6, 7]",93.01580810546875,38.86149787902832,46.9561767578125,143,93.01580810546875,0.0,46.44097900390625,141
2025-07-17T20:43:40.571215,3,0,"[0, 1, 2, 4, 5, 6, 7]",93.01580810546875,38.86438179016113,46.9561767578125,143,93.01580810546875,0.0,46.44097900390625,141
2025-07-17T20:43:40.578697,4,0,"[0, 1, 2, 4, 5, 6, 7]",93.01580810546875,38.86540412902832,46.9561767578125,143,93.01580810546875,0.0,46.44097900390625,141
2025-07-17T20:43:40.585938,0,1,"[0, 1, 2, 3, 4, 5, 6, 7]",93.01580810546875,38.86540412902832,46.9561767578125,143,93.01580810546875,0.0,46.44097900390625,141
2025-07-17T20:43:40.592709,1,1,"[0, 1, 2, 3, 4, 5, 6, 7]",93.01580810546875,38.86540412902832,46.9561767578125,143,93.01580810546875,0.0,46.44097900390625,141
2025-07-17T20:43:40.599750,2,1,"[0, 1, 2, 4, 5, 6, 7]",93.01580810546875,38.86540412902832,46.9561767578125,143,93.01580810546875,0.0,46.44097900390625,141
2025-07-17T20:43:40.607426,3,1,"[0, 1, 2, 3, 4, 5, 6, 7]",93.01580810546875,38.86540412902832,46.9561767578125,143,93.01580810546875,0.0,46.44097900390625,141
2025-07-17T20:43:40.614198,4,1,"[0, 1, 2, 3, 4, 5, 6, 7]",93.01580810546875,38.86540412902832,46.9561767578125,143,93.01580810546875,0.0,46.44097900390625,141
2025-07-17T20:43:40.620721,0,2,"[0, 1, 2, 3, 4, 5, 6, 7]",93.01580810546875,38.86540412902832,46.9561767578125,143,93.01580810546875,0.0,46.44097900390625,141
2025-07-17T20:43:40.628114,1,2,"[0, 1, 2, 3, 4, 5, 6, 7]",93.01580810546875,38.86540412902832,46.9561767578125,143,93.01580810546875,0.0,46.44097900390625,141
2025-07-17T20:43:40.635064,2,2,"[0, 1, 2, 3, 4, 5, 6, 7]",93.01580810546875,38.86540412902832,46.9561767578125,143,93.01580810546875,0.0,46.44097900390625,141
2025-07-17T20:43:40.646410,3,2,"[0, 1, 2, 3, 4, 5, 6, 7]",93.01580810546875,38.86540412902832,46.9561767578125,143,93.01580810546875,0.0,46.44097900390625,141
2025-07-17T20:43:40.649215,4,2,"[0, 1, 2, 3, 4, 5, 6, 7]",93.01580810546875,38.86540412902832,46.9561767578125,143,93.01580810546875,0.0,46.44097900390625,141
2025-07-17T20:43:40.656833,0,3,"[0, 1, 2, 3, 4, 5, 6, 7]",93.01580810546875,38.86540412902832,46.9561767578125,143,93.01580810546875,0.0,46.44097900390625,141
2025-07-17T20:43:40.663649,1,3,"[0, 1, 3, 4, 5, 6, 7]",93.01580810546875,38.86540412902832,46.9561767578125,143,93.01580810546875,0.0,46.44097900390625,141
2025-07-17T20:43:40.671258,2,3,"[0, 1, 2, 3, 4, 5, 6, 7]",93.01580810546875,38.86540412902832,46.9561767578125,143,93.01580810546875,0.0,46.44097900390625,141
2025-07-17T20:43:40.677802,3,3,"[0, 1, 3, 4, 5, 6, 7]",93.01580810546875,38.86540412902832,46.9561767578125,143,93.01580810546875,0.0,46.44097900390625,141
2025-07-17T20:43:40.685202,4,3,"[0, 1, 3, 4, 5, 6, 7]",93.01580810546875,38.86540412902832,46.9561767578125,143,93.01580810546875,0.0,46.44097900390625,141
2025-07-17T20:43:40.697892,0,4,"[0, 1, 2, 3, 4, 5, 6, 7]",93.01580810546875,38.86540412902832,46.9561767578125,143,93.01580810546875,0.0,46.44097900390625,141
2025-07-17T20:43:40.705735,1,4,"[0, 1, 2, 3, 4, 5, 6, 7]",93.01580810546875,38.86540412902832,46.9561767578125,143,93.01580810546875,0.0,46.44097900390625,141
2025-07-17T20:43:40.707767,2,4,"[0, 1, 2, 3, 4, 5, 6, 7]",93.01580810546875,38.86540412902832,46.9561767578125,143,93.01580810546875,0.0,46.44097900390625,141
2025-07-17T20:43:40.715322,3,4,"[0, 1, 2, 3, 4, 5, 6, 7]",93.01580810546875,38.86540412902832,46.9561767578125,143,93.01580810546875,0.0,46.44097900390625,141
2025-07-17T20:43:40.722836,4,4,"[0, 1, 2, 3, 4, 5, 6, 7]",93.01580810546875,38.86540412902832,46.9561767578125,143,93.01580810546875,0.0,46.44097900390625,141
2025-07-17T20:43:40.729981,0,5,"[0, 1, 2, 3, 4, 5, 6, 7]",93.01580810546875,38.86540412902832,46.9561767578125,143,93.01580810546875,0.0,46.44097900390625,141
2025-07-17T20:43:40.736182,1,5,"[0, 1, 2, 3, 4, 5, 6, 7]",93.01580810546875,38.86540412902832,46.9561767578125,143,93.01580810546875,0.0,46.44097900390625,141
2025-07-17T20:43:40.743123,2,5,"[0, 1, 2, 3, 4, 5, 6, 7]",93.01580810546875,38.86540412902832,46.9561767578125,143,93.01580810546875,0.0,46.44097900390625,141
2025-07-17T20:43:40.750131,3,5,"[0, 1, 2, 3, 4, 5, 6, 7]",93.01580810546875,38.86540412902832,46.9561767578125,143,93.01580810546875,0.0,46.44097900390625,141
2025-07-17T20:43:40.756214,4,5,"[0, 1, 2, 3, 4, 5, 6, 7]",93.01580810546875,38.86540412902832,46.9561767578125,143,93.01580810546875,0.0,46.44097900390625,141
2025-07-17T20:43:40.763673,0,6,"[0, 1, 2, 3, 4, 5, 6, 7]",93.01580810546875,38.86540412902832,46.9561767578125,143,93.01580810546875,0.0,46.44097900390625,141
2025-07-17T20:43:40.777867,1,6,"[0, 1, 2, 3, 4, 5, 6, 7]",93.01580810546875,38.86540412902832,46.9561767578125,143,93.01580810546875,0.0,46.44097900390625,141
2025-07-17T20:43:40.784946,2,6,"[0, 1, 2, 3, 4, 5, 6, 7]",93.01580810546875,38.86540412902832,46.9561767578125,143,93.01580810546875,0.0,46.44097900390625,141
2025-07-17T20:43:40.787357,3,6,"[0, 1, 2, 3, 4, 5, 6, 7]",93.01580810546875,38.86540412902832,46.9561767578125,143,93.01580810546875,0.0,46.44097900390625,141
2025-07-17T20:43:40.793869,4,6,"[0, 1, 2, 3, 4, 5, 6, 7]",93.01580810546875,38.86540412902832,46.9561767578125,143,93.01580810546875,0.0,46.44097900390625,141
2025-07-17T20:43:40.800875,0,7,"[0, 1, 2, 3, 4, 5, 6, 7]",93.01580810546875,38.86540412902832,46.9561767578125,143,93.01580810546875,0.0,46.44097900390625,141
2025-07-17T20:43:40.812359,1,7,"[0, 1, 2, 3, 4, 5, 6, 7]",93.01580810546875,38.86540412902832,46.9561767578125,143,93.01580810546875,0.0,46.44097900390625,141
2025-07-17T20:43:40.814743,2,7,"[0, 1, 2, 3, 4, 5, 6, 7]",93.01580810546875,38.86540412902832,46.9561767578125,143,93.01580810546875,0.0,46.44097900390625,141
2025-07-17T20:43:40.821142,3,7,"[0, 1, 2, 3, 4, 5, 6, 7]",93.01580810546875,38.86540412902832,46.9561767578125,143,93.01580810546875,0.0,46.44097900390625,141
2025-07-17T20:43:40.833407,4,7,"[0, 1, 2, 3, 4, 5, 6, 7]",93.01580810546875,38.86540412902832,46.9561767578125,143,93.01580810546875,0.0,46.44097900390625,141
2025-07-17T20:43:40.839910,0,8,"[0, 1, 2, 3, 4, 5, 6, 7]",93.01580810546875,38.86540412902832,46.9561767578125,143,93.01580810546875,0.0,46.44097900390625,141
2025-07-17T20:43:40.846674,1,8,"[0, 1, 2, 3, 4, 5, 6, 7]",93.01580810546875,38.86540412902832,46.9561767578125,143,93.01580810546875,0.0,46.44097900390625,141
2025-07-17T20:43:40.848761,2,8,"[0, 1, 2, 3, 4, 5, 6, 7]",93.01580810546875,38.86540412902832,46.9561767578125,143,93.01580810546875,0.0,46.44097900390625,141
2025-07-17T20:43:40.856286,3,8,"[0, 1, 2, 3, 4, 5, 6, 7]",93.01580810546875,38.86540412902832,46.9561767578125,143,93.01580810546875,0.0,46.44097900390625,141
2025-07-17T20:43:40.863043,4,8,"[0, 1, 2, 3, 4, 5, 6, 7]",93.01580810546875,38.86540412902832,46.9561767578125,143,93.01580810546875,0.0,46.44097900390625,141
2025-07-17T20:43:40.875398,0,9,"[0, 1, 2, 3, 4, 5, 6, 7]",93.01580810546875,38.86540412902832,46.9561767578125,143,93.01580810546875,0.0,46.44097900390625,141
2025-07-17T20:43:40.878556,1,9,"[0, 1, 2, 3, 4, 5, 6, 7]",93.01580810546875,38.86540412902832,46.9561767578125,143,93.01580810546875,0.0,46.44097900390625,141
2025-07-17T20:43:40.884634,2,9,"[0, 1, 2, 3, 4, 5, 6, 7]",93.01580810546875,38.86540412902832,46.9561767578125,143,93.01580810546875,0.0,46.44097900390625,141
2025-07-17T20:43:40.890979,3,9,"[0, 1, 2, 3, 4, 5, 6, 7]",93.01580810546875,38.86540412902832,46.9561767578125,143,93.01580810546875,0.0,46.44097900390625,141
2025-07-17T20:43:40.902600,4,9,"[0, 1, 2, 3, 4, 5, 6, 7]",93.01580810546875,38.86540412902832,46.9561767578125,143,93.01580810546875,0.0,46.44097900390625,141
2025-07-17T20:43:40.905336,0,10,"[0, 1, 2, 3, 4, 5, 6, 7]",93.01580810546875,38.86540412902832,46.9561767578125,143,93.01580810546875,0.0,46.44097900390625,141
2025-07-17T20:43:40.917238,1,10,"[0, 1, 2, 3, 4, 5, 6, 7]",93.01580810546875,38.86540412902832,46.9561767578125,143,93.01580810546875,0.0,46.44097900390625,141
2025-07-17T20:43:40.919456,2,10,"[0, 1, 2, 3, 4, 5, 6, 7]",93.01580810546875,38.86540412902832,46.9561767578125,143,93.01580810546875,0.0,46.44097900390625,141
2025-07-17T20:43:40.926404,3,10,"[0, 1, 2, 3, 4, 5, 6, 7]",93.01580810546875,38.86540412902832,46.9561767578125,143,93.01580810546875,0.0,46.44097900390625,141
2025-07-17T20:43:40.933549,4,10,"[0, 1, 2, 3, 4, 5, 6, 7]",93.01580810546875,38.86540412902832,46.9561767578125,143,93.01580810546875,0.0,46.44097900390625,141
2025-07-17T20:43:40.941043,0,11,"[0, 1, 2, 3, 4, 5, 6, 7]",93.01580810546875,38.86540412902832,46.9561767578125,143,93.01580810546875,0.0,46.44097900390625,141
2025-07-17T20:43:40.948725,1,11,"[0, 1, 2, 3, 4, 5, 6, 7]",93.01580810546875,38.86540412902832,46.9561767578125,143,93.01580810546875,0.0,46.44097900390625,141
2025-07-17T20:43:40.956232,2,11,"[0, 1, 2, 3, 4, 5, 6, 7]",93.01580810546875,38.86540412902832,46.9561767578125,143,93.01580810546875,0.0,46.44097900390625,141
2025-07-17T20:43:40.962918,3,11,"[0, 1, 2, 3, 4, 5, 6, 7]",93.01580810546875,38.86540412902832,46.9561767578125,143,93.01580810546875,0.0,46.44097900390625,141
2025-07-17T20:43:40.969584,4,11,"[0, 1, 2, 3, 4, 5, 6, 7]",93.01580810546875,38.86540412902832,46.9561767578125,143,93.01580810546875,0.0,46.44097900390625,141
2025-07-17T20:43:40.981941,0,12,"[0, 1, 2, 3, 4, 5, 6, 7]",93.01580810546875,38.86540412902832,46.9561767578125,143,93.01580810546875,0.0,46.44097900390625,141
2025-07-17T20:43:40.984185,1,12,"[0, 1, 2, 3, 4, 5]",93.01580810546875,38.86540412902832,46.9561767578125,143,93.01580810546875,0.0,46.44097900390625,141
2025-07-17T20:43:40.991703,2,12,"[0, 1, 2, 3, 4, 5, 6, 7]",93.01580810546875,38.86540412902832,46.9561767578125,143,93.01580810546875,0.0,46.44097900390625,141
2025-07-17T20:43:40.998718,3,12,"[0, 1, 2, 3, 4, 5]",93.01580810546875,38.86540412902832,46.9561767578125,143,93.01580810546875,0.0,46.44097900390625,141
2025-07-17T20:43:41.006145,4,12,"[0, 1, 2, 3, 4, 5]",93.01580810546875,38.86540412902832,46.9561767578125,143,93.01580810546875,0.0,46.44097900390625,141
2025-07-17T20:43:41.014216,0,13,"[0, 1, 2, 3, 4, 5, 6, 7]",93.01580810546875,38.86540412902832,46.9561767578125,143,93.01580810546875,0.0,46.44097900390625,141
2025-07-17T20:43:41.021782,1,13,"[0, 1, 2, 4, 5, 6, 7]",93.01580810546875,38.86540412902832,46.9561767578125,143,93.01580810546875,0.0,46.44097900390625,141
2025-07-17T20:43:41.029008,2,13,"[0, 1, 2, 3, 4, 5, 6, 7]",93.01580810546875,38.86540412902832,46.9561767578125,143,93.01580810546875,0.0,46.44097900390625,141
2025-07-17T20:43:41.041831,3,13,"[0, 1, 2, 4, 5, 6, 7]",93.01580810546875,38.86540412902832,46.9561767578125,143,93.01580810546875,0.0,46.44097900390625,141
2025-07-17T20:43:41.044015,4,13,"[0, 1, 2, 4, 5, 6, 7]",93.01580810546875,38.86540412902832,46.9561767578125,143,93.01580810546875,0.0,46.44097900390625,141
2025-07-17T20:43:41.051708,0,14,"[0, 1, 2, 3, 4, 5, 6, 7]",93.01580810546875,38.86540412902832,46.9561767578125,143,93.01580810546875,0.0,46.44097900390625,141
2025-07-17T20:43:41.063829,1,14,"[0, 1, 2, 3, 4, 5, 6, 7]",93.01580810546875,38.86540412902832,46.9561767578125,143,93.01580810546875,0.0,46.44097900390625,141
2025-07-17T20:43:41.071560,2,14,"[0, 1, 2, 3, 4, 5, 6, 7]",93.01580810546875,38.86540412902832,46.9561767578125,143,93.01580810546875,0.0,46.44097900390625,141
2025-07-17T20:43:41.079309,3,14,"[0, 1, 2, 3, 4, 5, 6, 7]",93.01580810546875,38.86540412902832,46.9561767578125,143,93.01580810546875,0.0,46.44097900390625,141
2025-07-17T20:43:41.081915,4,14,"[0, 1, 2, 3, 4, 5, 6, 7]",93.01580810546875,38.86540412902832,46.9561767578125,143,93.01580810546875,0.0,46.44097900390625,141
2025-07-17T20:43:41.088902,0,15,"[0, 1, 2, 3, 4, 5, 6, 7]",93.01580810546875,38.86540412902832,46.9561767578125,143,93.01580810546875,0.0,46.44097900390625,141
2025-07-17T20:43:41.095727,1,15,"[0, 1, 2, 3, 4, 5, 6, 7]",93.01580810546875,38.86540412902832,46.9561767578125,143,93.01580810546875,0.0,46.44097900390625,141
2025-07-17T20:43:41.107938,2,15,"[0, 1, 2, 3, 4, 5, 6, 7]",93.01580810546875,38.86540412902832,46.9561767578125,143,93.01580810546875,0.0,46.44097900390625,141
2025-07-17T20:43:41.110167,3,15,"[0, 1, 2, 3, 4, 5, 6, 7]",93.01580810546875,38.86540412902832,46.9561767578125,143,93.01580810546875,0.0,46.44097900390625,141
2025-07-17T20:43:41.118543,4,15,"[0, 1, 2, 3, 4, 5, 6, 7]",93.01580810546875,38.86540412902832,46.9561767578125,143,93.01580810546875,0.0,46.44097900390625,141
2025-07-17T20:43:41.124622,0,16,"[0, 1, 2, 3, 4, 5, 6, 7]",93.01580810546875,38.86540412902832,46.9561767578125,143,93.01580810546875,0.0,46.44097900390625,141
2025-07-17T20:43:41.131524,1,16,"[0, 1, 2, 3, 4, 5, 6, 7]",93.01580810546875,38.86540412902832,46.9561767578125,143,93.01580810546875,0.0,46.44097900390625,141
2025-07-17T20:43:41.143457,2,16,"[0, 1, 2, 3, 4, 5, 6, 7]",93.01580810546875,38.86540412902832,46.9561767578125,143,93.01580810546875,0.0,46.44097900390625,141
2025-07-17T20:43:41.145374,3,16,"[0, 1, 2, 3, 4, 5, 6, 7]",93.01580810546875,38.86540412902832,46.9561767578125,143,93.01580810546875,0.0,46.44097900390625,141
2025-07-17T20:43:41.152543,4,16,"[0, 1, 2, 3, 4, 5, 6, 7]",93.01580810546875,38.86540412902832,46.9561767578125,143,93.01580810546875,0.0,46.44097900390625,141
2025-07-17T20:43:41.159184,0,17,"[0, 1, 2, 3, 4, 5, 6, 7]",93.01580810546875,38.86540412902832,46.9561767578125,143,93.01580810546875,0.0,46.44097900390625,141
2025-07-17T20:43:41.171766,1,17,"[0, 1, 2, 3, 4, 5, 6, 7]",93.01580810546875,38.86540412902832,46.9561767578125,143,93.01580810546875,0.0,46.44097900390625,141
2025-07-17T20:43:41.173564,2,17,"[0, 1, 2, 3, 4, 5, 6, 7]",93.01580810546875,38.86540412902832,46.9561767578125,143,93.01580810546875,0.0,46.44097900390625,141
2025-07-17T20:43:41.180856,3,17,"[0, 1, 2, 3, 4, 5, 6, 7]",93.01580810546875,38.86540412902832,46.9561767578125,143,93.01580810546875,0.0,46.44097900390625,141
2025-07-17T20:43:41.188439,4,17,"[0, 1, 2, 3, 4, 5, 6, 7]",93.01580810546875,38.86540412902832,46.9561767578125,143,93.01580810546875,0.0,46.44097900390625,141
2025-07-17T20:43:41.195853,0,18,"[0, 1, 2, 3, 4, 5, 6, 7]",93.01580810546875,38.86540412902832,46.9561767578125,143,93.01580810546875,0.0,46.44097900390625,141
2025-07-17T20:43:41.203244,1,18,"[0, 1, 2, 3, 4, 5, 6, 7]",93.01580810546875,38.86540412902832,46.9561767578125,143,93.01580810546875,0.0,46.44097900390625,141
2025-07-17T20:43:41.210014,2,18,"[0, 1, 2, 3, 4, 5, 6, 7]",93.01580810546875,38.86540412902832,46.9561767578125,143,93.01580810546875,0.0,46.44097900390625,141
2025-07-17T20:43:41.217949,3,18,"[0, 1, 2, 3, 4, 5, 6, 7]",93.01580810546875,38.86540412902832,46.9561767578125,143,93.01580810546875,0.0,46.44097900390625,141
2025-07-17T20:43:41.225401,4,18,"[0, 1, 2, 3, 4, 5, 6, 7]",93.01580810546875,38.86540412902832,46.9561767578125,143,93.01580810546875,0.0,46.44097900390625,141
2025-07-17T20:43:41.231950,0,19,"[0, 1, 2, 3, 4, 5, 6, 7]",93.01580810546875,38.86540412902832,46.9561767578125,143,93.01580810546875,0.0,46.44097900390625,141
2025-07-17T20:43:41.239436,1,19,"[0, 1, 2, 3, 4, 5, 6, 7]",93.01580810546875,38.86540412902832,46.9561767578125,143,93.01580810546875,0.0,46.44097900390625,141
2025-07-17T20:43:41.246458,2,19,"[0, 1, 2, 3, 4, 5, 6, 7]",93.01580810546875,38.86540412902832,46.9561767578125,143,93.01580810546875,0.0,46.44097900390625,141
2025-07-17T20:43:41.253418,3,19,"[0, 1, 2, 3, 4, 5, 6, 7]",93.01580810546875,38.86540412902832,46.9561767578125,143,93.01580810546875,0.0,46.44097900390625,141
2025-07-17T20:43:41.265712,4,19,"[0, 1, 2, 3, 4, 5, 6, 7]",93.01580810546875,38.86540412902832,46.9561767578125,143,93.01580810546875,0.0,46.44097900390625,141
2025-07-17T20:43:41.267744,0,20,"[0, 1, 2, 3, 4, 5, 6, 7]",93.01580810546875,38.86540412902832,46.9561767578125,143,93.01580810546875,0.0,46.44097900390625,141
2025-07-17T20:43:41.280348,1,20,"[0, 1, 2, 3, 4, 5, 6, 7]",93.01580810546875,38.86540412902832,46.9561767578125,143,93.01580810546875,0.0,46.44097900390625,141
2025-07-17T20:43:41.282651,2,20,"[0, 1, 2, 3, 4, 5, 6, 7]",93.01580810546875,38.86540412902832,46.9561767578125,143,93.01580810546875,0.0,46.44097900390625,141
2025-07-17T20:43:41.288788,3,20,"[0, 1, 2, 3, 4, 5, 6, 7]",93.01580810546875,38.86540412902832,46.9561767578125,143,93.01580810546875,0.0,46.44097900390625,141
2025-07-17T20:43:41.300320,4,20,"[0, 1, 2, 3, 4, 5, 6, 7]",93.01580810546875,38.86540412902832,46.9561767578125,143,93.01580810546875,0.0,46.44097900390625,141
2025-07-17T20:43:41.302359,0,21,"[0, 1, 2, 3, 4, 5, 6, 7]",93.01580810546875,38.86540412902832,46.9561767578125,143,93.01580810546875,0.0,46.44097900390625,141
2025-07-17T20:43:41.314371,1,21,"[0, 1, 2, 3, 4, 5, 7]",93.01580810546875,38.86540412902832,46.9561767578125,143,93.01580810546875,0.0,46.44097900390625,141
2025-07-17T20:43:41.317047,2,21,"[0, 1, 2, 3, 4, 5, 6, 7]",93.01580810546875,38.86540412902832,46.9561767578125,143,93.01580810546875,0.0,46.44097900390625,141
2025-07-17T20:43:41.329773,3,21,"[0, 1, 2, 3, 4, 5, 7]",93.01580810546875,38.86540412902832,46.9561767578125,143,93.01580810546875,0.0,46.44097900390625,141
2025-07-17T20:43:41.332044,4,21,"[0, 1, 2, 3, 4, 5, 7]",93.01580810546875,38.86540412902832,46.9561767578125,143,93.01580810546875,0.0,46.44097900390625,141
2025-07-17T20:43:41.345011,0,22,"[0, 1, 2, 3, 4, 5, 6, 7]",93.01580810546875,38.86540412902832,46.9561767578125,143,93.01580810546875,0.0,46.44097900390625,141
2025-07-17T20:43:41.353425,1,22,"[1, 2, 3, 4, 5, 6]",93.01580810546875,38.86540412902832,46.9561767578125,143,93.01580810546875,0.0,46.44097900390625,141
2025-07-17T20:43:41.361503,2,22,"[0, 1, 2, 3, 4, 5, 6, 7]",93.01580810546875,38.86540412902832,46.9561767578125,143,93.01580810546875,0.0,46.44097900390625,141
2025-07-17T20:43:41.369752,3,22,"[1, 2, 3, 4, 5, 6]",93.01580810546875,38.86540412902832,46.9561767578125,143,93.01580810546875,0.0,46.44097900390625,141
2025-07-17T20:43:41.377937,4,22,"[1, 2, 3, 4, 5, 6]",93.01580810546875,38.86540412902832,46.9561767578125,143,93.01580810546875,0.0,46.44097900390625,141
2025-07-17T20:43:41.380196,0,23,"[0, 1, 2, 3, 4, 5, 6, 7]",93.01580810546875,38.86540412902832,46.9561767578125,143,93.01580810546875,0.0,46.44097900390625,141
2025-07-17T20:43:41.393049,1,23,"[0, 1, 2, 3, 4, 5, 6, 7]",93.01580810546875,38.86540412902832,46.9561767578125,143,93.01580810546875,0.0,46.44097900390625,141
2025-07-17T20:43:41.395290,2,23,"[0, 1, 2, 3, 4, 5, 6, 7]",93.01580810546875,38.86540412902832,46.9561767578125,143,93.01580810546875,0.0,46.44097900390625,141
2025-07-17T20:43:41.403020,3,23,"[0, 1, 2, 3, 4, 5, 6, 7]",93.01580810546875,38.86540412902832,46.9561767578125,143,93.01580810546875,0.0,46.44097900390625,141
2025-07-17T20:43:41.415726,4,23,"[0, 1, 2, 3, 4, 5, 6, 7]",93.01580810546875,38.86540412902832,46.9561767578125,143,93.01580810546875,0.0,46.44097900390625,141
2025-07-17T20:43:41.423375,0,24,"[0, 1, 2, 3, 4, 5, 6, 7]",93.01580810546875,38.86540412902832,46.9561767578125,143,93.01580810546875,0.0,46.44097900390625,141
2025-07-17T20:43:41.425566,1,24,"[0, 1, 2, 3, 4, 5, 6, 7]",93.01580810546875,38.86540412902832,46.9561767578125,143,93.01580810546875,0.0,46.44097900390625,141
2025-07-17T20:43:41.432394,2,24,"[0, 1, 2, 3, 4, 5, 6, 7]",93.01580810546875,38.86540412902832,46.9561767578125,143,93.01580810546875,0.0,46.44097900390625,141
2025-07-17T20:43:41.440346,3,24,"[0, 1, 2, 3, 4, 5, 6, 7]",93.01580810546875,38.86540412902832,46.9561767578125,143,93.01580810546875,0.0,46.44097900390625,141
2025-07-17T20:43:41.453420,4,24,"[0, 1, 2, 3, 4, 5, 6, 7]",93.01580810546875,38.86540412902832,46.9561767578125,143,93.01580810546875,0.0,46.44097900390625,141
2025-07-17T20:43:41.455589,0,25,"[0, 1, 2, 3, 4, 5, 6, 7]",93.01580810546875,38.86540412902832,46.9561767578125,143,93.01580810546875,0.0,46.44097900390625,141
2025-07-17T20:43:41.463040,1,25,"[0, 1, 2, 3, 4, 5, 6, 7]",93.01580810546875,38.86540412902832,46.9561767578125,143,93.01580810546875,0.0,46.44097900390625,141
2025-07-17T20:43:41.469995,2,25,"[0, 1, 2, 3, 4, 5, 6, 7]",93.01580810546875,38.86540412902832,46.9561767578125,143,93.01580810546875,0.0,46.44097900390625,141
2025-07-17T20:43:41.476891,3,25,"[0, 1, 2, 3, 4, 5, 6, 7]",93.01580810546875,38.86540412902832,46.9561767578125,143,93.01580810546875,0.0,46.44097900390625,141
2025-07-17T20:43:41.484364,4,25,"[0, 1, 2, 3, 4, 5, 6, 7]",93.01580810546875,38.86540412902832,46.9561767578125,143,93.01580810546875,0.0,46.44097900390625,141
2025-07-17T20:43:41.497365,0,26,"[0, 1, 2, 3, 4, 5, 6, 7]",93.01580810546875,38.86540412902832,46.9561767578125,143,93.01580810546875,0.0,46.44097900390625,141
2025-07-17T20:43:41.499788,1,26,"[0, 1, 2, 3, 4, 5, 6, 7]",93.01580810546875,38.86540412902832,46.9561767578125,143,93.01580810546875,0.0,46.44097900390625,141
2025-07-17T20:43:41.505337,2,26,"[0, 1, 2, 3, 4, 5, 6, 7]",93.01580810546875,38.86540412902832,46.9561767578125,143,93.01580810546875,0.0,46.44097900390625,141
2025-07-17T20:43:41.518138,3,26,"[0, 1, 2, 3, 4, 5, 6, 7]",93.01580810546875,38.86540412902832,46.9561767578125,143,93.01580810546875,0.0,46.44097900390625,141
2025-07-17T20:43:41.520421,4,26,"[0, 1, 2, 3, 4, 5, 6, 7]",93.01580810546875,38.86540412902832,46.9561767578125,143,93.01580810546875,0.0,46.44097900390625,141
2025-07-17T20:43:41.531560,0,27,"[0, 1, 2, 3, 4, 5, 6, 7]",93.01580810546875,38.86540412902832,46.9561767578125,143,93.01580810546875,0.0,46.44097900390625,141
2025-07-17T20:43:41.533399,1,27,"[0, 1, 2, 3, 4, 5, 6, 7]",93.01580810546875,38.86540412902832,46.9561767578125,143,93.01580810546875,0.0,46.44097900390625,141
2025-07-17T20:43:41.540974,2,27,"[0, 1, 2, 3, 4, 5, 6, 7]",93.01580810546875,38.86540412902832,46.9561767578125,143,93.01580810546875,0.0,46.44097900390625,141
2025-07-17T20:43:41.548390,3,27,"[0, 1, 2, 3, 4, 5, 6, 7]",93.01580810546875,38.86540412902832,46.9561767578125,143,93.01580810546875,0.0,46.44097900390625,141
2025-07-17T20:43:41.561173,4,27,"[0, 1, 2, 3, 4, 5, 6, 7]",93.01580810546875,38.86540412902832,46.9561767578125,143,93.01580810546875,0.0,46.44097900390625,141
2025-07-17T20:43:41.563316,0,28,"[0, 1, 2, 3, 4, 5, 6, 7]",93.01580810546875,38.86540412902832,46.9561767578125,143,93.01580810546875,0.0,46.44097900390625,141
2025-07-17T20:43:41.574739,1,28,"[0, 1, 2, 3, 4, 5, 6, 7]",93.01580810546875,38.86540412902832,46.9561767578125,143,93.01580810546875,0.0,46.44097900390625,141
2025-07-17T20:43:41.577285,2,28,"[0, 1, 2, 3, 4, 5, 6, 7]",93.01580810546875,38.86540412902832,46.9561767578125,143,93.01580810546875,0.0,46.44097900390625,141
2025-07-17T20:43:41.584726,3,28,"[0, 1, 2, 3, 4, 5, 6, 7]",93.01580810546875,38.86540412902832,46.9561767578125,143,93.01580810546875,0.0,46.44097900390625,141
2025-07-17T20:43:41.591844,4,28,"[0, 1, 2, 3, 4, 5, 6, 7]",93.01580810546875,38.86540412902832,46.9561767578125,143,93.01580810546875,0.0,46.44097900390625,141
2025-07-17T20:43:41.598390,0,29,"[0, 1, 2, 3, 4, 5, 6, 7]",93.01580810546875,38.86540412902832,46.9561767578125,143,93.01580810546875,0.0,46.44097900390625,141
2025-07-17T20:43:41.611556,1,29,"[0, 1, 2, 3, 4, 5, 6, 7]",93.01580810546875,38.86540412902832,46.9561767578125,143,93.01580810546875,0.0,46.44097900390625,141
2025-07-17T20:43:41.613808,2,29,"[0, 1, 2, 3, 4, 5, 6, 7]",93.01580810546875,38.86540412902832,46.9561767578125,143,93.01580810546875,0.0,46.44097900390625,141
2025-07-17T20:43:41.621173,3,29,"[0, 1, 2, 3, 4, 5, 6, 7]",93.01580810546875,38.86540412902832,46.9561767578125,143,93.01580810546875,0.0,46.44097900390625,141
2025-07-17T20:43:41.628019,4,29,"[0, 1, 2, 3, 4, 5, 6, 7]",93.01580810546875,38.86540412902832,46.9561767578125,143,93.01580810546875,0.0,46.44097900390625,141
2025-07-17T20:43:41.635372,0,30,"[0, 1, 2, 3, 4, 5, 6, 7]",93.01580810546875,38.86540412902832,46.9561767578125,143,93.01580810546875,0.0,46.44097900390625,141
2025-07-17T20:43:41.647786,1,30,"[0, 1, 2, 3, 4, 5, 6, 7]",93.01580810546875,38.86540412902832,46.9561767578125,143,93.01580810546875,0.0,46.44097900390625,141
2025-07-17T20:43:41.655174,2,30,"[0, 1, 2, 3, 4, 5, 6, 7]",93.01580810546875,38.86540412902832,46.9561767578125,143,93.01580810546875,0.0,46.44097900390625,141
2025-07-17T20:43:41.663089,3,30,"[0, 1, 2, 3, 4, 5, 6, 7]",93.01580810546875,38.86540412902832,46.9561767578125,143,93.01580810546875,0.0,46.44097900390625,141
2025-07-17T20:43:41.665187,4,30,"[0, 1, 2, 3, 4, 5, 6, 7]",93.01580810546875,38.86540412902832,46.9561767578125,143,93.01580810546875,0.0,46.44097900390625,141
2025-07-17T20:43:41.677203,0,31,"[0, 1, 2, 3, 4, 5, 6, 7]",93.01580810546875,38.87229824066162,46.9561767578125,143,93.01580810546875,0.0,46.44097900390625,141
2025-07-17T20:43:41.681005,1,31,"[0, 1, 2, 3, 4, 5, 6, 7]",93.01580810546875,38.86909008026123,46.9561767578125,143,93.01580810546875,0.0,46.44097900390625,141
2025-07-17T20:43:41.690626,2,31,"[0, 1, 2, 3, 4, 5, 6, 7]",93.01580810546875,38.86646366119385,46.9561767578125,143,93.01580810546875,0.0,46.44097900390625,141
2025-07-17T20:43:41.698414,3,31,"[0, 1, 2, 3, 4, 5, 6, 7]",93.01580810546875,38.86299800872803,46.9561767578125,143,93.01580810546875,0.0,46.44097900390625,141
2025-07-17T20:43:41.706954,4,31,"[0, 1, 2, 3, 4, 5, 6, 7]",93.01580810546875,38.86002254486084,46.9561767578125,143,93.01580810546875,0.0,46.44097900390625,141
2025-07-17T20:43:41.718055,0,0,"[0, 1, 2, 3, 4, 5, 6, 7]",93.01580810546875,38.85531425476074,46.9561767578125,143,93.01580810546875,0.0,46.44097900390625,141
2025-07-17T20:43:41.725790,1,0,"[0, 1, 2, 3, 4, 5, 6, 7]",93.01580810546875,38.85852241516113,46.9561767578125,143,93.01580810546875,0.0,46.44097900390625,141
2025-07-17T20:43:41.739836,2,0,"[0, 1, 2, 3, 4, 5, 6, 7]",93.01580810546875,38.86149787902832,46.9561767578125,143,93.01580810546875,0.0,46.44097900390625,141
2025-07-17T20:43:41.742262,3,0,"[0, 1, 2, 3, 4, 5, 6, 7]",93.01580810546875,38.86438179016113,46.9561767578125,143,93.01580810546875,0.0,46.44097900390625,141
2025-07-17T20:43:41.749710,4,0,"[0, 1, 2, 3, 4, 5, 6, 7]",93.01580810546875,38.86540412902832,46.9561767578125,143,93.01580810546875,0.0,46.44097900390625,141
2025-07-17T20:43:41.756191,0,1,"[0, 1, 2, 4, 5, 6, 7]",93.01580810546875,38.86540412902832,46.9561767578125,143,93.01580810546875,0.0,46.44097900390625,141
2025-07-17T20:43:41.763182,1,1,"[0, 1, 2, 3, 4, 5, 6, 7]",93.01580810546875,38.86540412902832,46.9561767578125,143,93.01580810546875,0.0,46.44097900390625,141
2025-07-17T20:43:41.770588,2,1,"[0, 1, 2, 4, 5, 6, 7]",93.01580810546875,38.86540412902832,46.9561767578125,143,93.01580810546875,0.0,46.44097900390625,141
2025-07-17T20:43:41.778099,3,1,"[0, 1, 2, 3, 4, 5, 6, 7]",93.01580810546875,38.86540412902832,46.9561767578125,143,93.01580810546875,0.0,46.44097900390625,141
2025-07-17T20:43:41.790060,4,1,"[0, 1, 2, 3, 4, 5, 6, 7]",93.01580810546875,38.86540412902832,46.9561767578125,143,93.01580810546875,0.0,46.44097900390625,141
2025-07-17T20:43:41.792058,0,2,"[0, 1, 2, 3, 4, 5, 6, 7]",93.01580810546875,38.86540412902832,46.9561767578125,143,93.01580810546875,0.0,46.44097900390625,141
2025-07-17T20:43:41.800217,1,2,"[0, 1, 2, 3, 4, 5, 6, 7]",93.01580810546875,38.86540412902832,46.9561767578125,143,93.01580810546875,0.0,46.44097900390625,141
2025-07-17T20:43:41.806926,2,2,"[0, 1, 2, 3, 4, 5, 6, 7]",93.01580810546875,38.86540412902832,46.9561767578125,143,93.01580810546875,0.0,46.44097900390625,141
2025-07-17T20:43:41.820157,3,2,"[0, 1, 2, 3, 4, 5, 6, 7]",93.01580810546875,38.86540412902832,46.9561767578125,143,93.01580810546875,0.0,46.44097900390625,141
2025-07-17T20:43:41.822563,4,2,"[0, 1, 2, 3, 4, 5, 6, 7]",93.01580810546875,38.86540412902832,46.9561767578125,143,93.01580810546875,0.0,46.44097900390625,141
2025-07-17T20:43:41.830591,0,3,"[0, 1, 2, 3, 4, 5, 6, 7]",93.01580810546875,38.86540412902832,46.9561767578125,143,93.01580810546875,0.0,46.44097900390625,141
2025-07-17T20:43:41.837252,1,3,"[0, 1, 2, 3, 4, 5, 6, 7]",93.01580810546875,38.86540412902832,46.9561767578125,143,93.01580810546875,0.0,46.44097900390625,141
2025-07-17T20:43:41.844117,2,3,"[0, 1, 2, 3, 4, 5, 6, 7]",93.01580810546875,38.86540412902832,46.9561767578125,143,93.01580810546875,0.0,46.44097900390625,141
2025-07-17T20:43:41.850538,3,3,"[0, 1, 2, 3, 4, 5, 6, 7]",93.01580810546875,38.86540412902832,46.9561767578125,143,93.01580810546875,0.0,46.44097900390625,141
2025-07-17T20:43:41.857174,4,3,"[0, 1, 2, 3, 4, 5, 6, 7]",93.01580810546875,38.86540412902832,46.9561767578125,143,93.01580810546875,0.0,46.44097900390625,141
2025-07-17T20:43:41.863757,0,4,"[0, 1, 2, 3, 4, 5, 6, 7]",93.01580810546875,38.86540412902832,46.9561767578125,143,93.01580810546875,0.0,46.44097900390625,141
2025-07-17T20:43:41.870515,1,4,"[0, 1, 2, 3, 4, 5, 6, 7]",93.01580810546875,38.86540412902832,46.9561767578125,143,93.01580810546875,0.0,46.44097900390625,141
2025-07-17T20:43:41.877394,2,4,"[0, 1, 2, 3, 4, 5, 6, 7]",93.01580810546875,38.86540412902832,46.9561767578125,143,93.01580810546875,0.0,46.44097900390625,141
2025-07-17T20:43:41.884209,3,4,"[0, 1, 2, 3, 4, 5, 6, 7]",93.01580810546875,38.86540412902832,46.9561767578125,143,93.01580810546875,0.0,46.44097900390625,141
2025-07-17T20:43:41.891751,4,4,"[0, 1, 2, 3, 4, 5, 6, 7]",93.01580810546875,38.86540412902832,46.9561767578125,143,93.01580810546875,0.0,46.44097900390625,141
2025-07-17T20:43:41.903265,0,5,"[0, 1, 2, 3, 4, 5, 6, 7]",93.01580810546875,38.86540412902832,46.9561767578125,143,93.01580810546875,0.0,46.44097900390625,141
2025-07-17T20:43:41.905970,1,5,"[0, 1, 2, 3, 4, 5, 6, 7]",93.01580810546875,38.86540412902832,46.9561767578125,143,93.01580810546875,0.0,46.44097900390625,141
2025-07-17T20:43:41.913252,2,5,"[0, 1, 2, 3, 4, 5, 6, 7]",93.01580810546875,38.86540412902832,46.9561767578125,143,93.01580810546875,0.0,46.44097900390625,141
2025-07-17T20:43:41.919640,3,5,"[0, 1, 2, 3, 4, 5, 6, 7]",93.01580810546875,38.86540412902832,46.9561767578125,143,93.01580810546875,0.0,46.44097900390625,141
2025-07-17T20:43:41.926313,4,5,"[0, 1, 2, 3, 4, 5, 6, 7]",93.01580810546875,38.86540412902832,46.9561767578125,143,93.01580810546875,0.0,46.44097900390625,141
2025-07-17T20:43:41.932199,0,6,"[0, 1, 2, 3, 4, 5, 6, 7]",93.01580810546875,38.86540412902832,46.9561767578125,143,93.01580810546875,0.0,46.44097900390625,141
2025-07-17T20:43:41.945384,1,6,"[0, 1, 2, 3, 4, 5, 6, 7]",93.01580810546875,38.86540412902832,46.9561767578125,143,93.01580810546875,0.0,46.44097900390625,141
2025-07-17T20:43:41.947362,2,6,"[0, 1, 2, 3, 4, 5, 6, 7]",93.01580810546875,38.86540412902832,46.9561767578125,143,93.01580810546875,0.0,46.44097900390625,141
2025-07-17T20:43:41.954251,3,6,"[0, 1, 2, 3, 4, 5, 6, 7]",93.01580810546875,38.86540412902832,46.9561767578125,143,93.01580810546875,0.0,46.44097900390625,141
2025-07-17T20:43:41.960533,4,6,"[0, 1, 2, 3, 4, 5, 6, 7]",93.01580810546875,38.86540412902832,46.9561767578125,143,93.01580810546875,0.0,46.44097900390625,141
2025-07-17T20:43:41.969110,0,7,"[0, 1, 2, 3, 4, 5, 6, 7]",93.01580810546875,38.86540412902832,46.9561767578125,143,93.01580810546875,0.0,46.44097900390625,141
2025-07-17T20:43:41.981164,1,7,"[0, 1, 2, 3, 4, 5, 6, 7]",93.01580810546875,38.86540412902832,46.9561767578125,143,93.01580810546875,0.0,46.44097900390625,141
2025-07-17T20:43:41.989256,2,7,"[0, 1, 2, 3, 4, 5, 6, 7]",93.01580810546875,38.86540412902832,46.9561767578125,143,93.01580810546875,0.0,46.44097900390625,141
2025-07-17T20:43:41.997596,3,7,"[0, 1, 2, 3, 4, 5, 6, 7]",93.01580810546875,38.86540412902832,46.9561767578125,143,93.01580810546875,0.0,46.44097900390625,141
2025-07-17T20:43:42.006002,4,7,"[0, 1, 2, 3, 4, 5, 6, 7]",93.01580810546875,38.86540412902832,46.9561767578125,143,93.01580810546875,0.0,46.44097900390625,141
2025-07-17T20:43:42.013224,0,8,"[0, 1, 2, 3, 4, 5, 6, 7]",93.01580810546875,38.86540412902832,46.9561767578125,143,93.01580810546875,0.0,46.44097900390625,141
2025-07-17T20:43:42.020665,1,8,"[0, 1, 2, 3, 4, 5, 6, 7]",93.01580810546875,38.86540412902832,46.9561767578125,143,93.01580810546875,0.0,46.44097900390625,141
2025-07-17T20:43:42.022945,2,8,"[0, 1, 2, 3, 4, 5, 6, 7]",93.01580810546875,38.86540412902832,46.9561767578125,143,93.01580810546875,0.0,46.44097900390625,141
2025-07-17T20:43:42.030539,3,8,"[0, 1, 2, 3, 4, 5, 6, 7]",93.01580810546875,38.86540412902832,46.9561767578125,143,93.01580810546875,0.0,46.44097900390625,141
2025-07-17T20:43:42.037184,4,8,"[0, 1, 2, 3, 4, 5, 6, 7]",93.01580810546875,38.86540412902832,46.9561767578125,143,93.01580810546875,0.0,46.44097900390625,141
2025-07-17T20:43:42.044780,0,9,"[0, 1, 2, 3, 4, 5, 6, 7]",93.01580810546875,38.86540412902832,46.9561767578125,143,93.01580810546875,0.0,46.44097900390625,141
2025-07-17T20:43:42.052757,1,9,"[0, 1, 2, 3, 4, 5, 7]",93.01580810546875,38.86540412902832,46.9561767578125,143,93.01580810546875,0.0,46.44097900390625,141
2025-07-17T20:43:42.065830,2,9,"[0, 1, 2, 3, 4, 5, 6, 7]",93.01580810546875,38.86540412902832,46.9561767578125,143,93.01580810546875,0.0,46.44097900390625,141
2025-07-17T20:43:42.067782,3,9,"[0, 1, 2, 3, 4, 5, 7]",93.01580810546875,38.86540412902832,46.9561767578125,143,93.01580810546875,0.0,46.44097900390625,141
2025-07-17T20:43:42.075473,4,9,"[0, 1, 2, 3, 4, 5, 7]",93.01580810546875,38.86540412902832,46.9561767578125,143,93.01580810546875,0.0,46.44097900390625,141
2025-07-17T20:43:42.082695,0,10,"[0, 1, 2, 3, 4, 5, 6, 7]",93.01580810546875,38.86540412902832,46.9561767578125,143,93.01580810546875,0.0,46.44097900390625,141
2025-07-17T20:43:42.094848,1,10,"[0, 1, 2, 3, 4, 5, 7]",93.01580810546875,38.86540412902832,46.9561767578125,143,93.01580810546875,0.0,46.44097900390625,141
2025-07-17T20:43:42.103179,2,10,"[0, 1, 2, 3, 4, 5, 6, 7]",93.01580810546875,38.86540412902832,46.9561767578125,143,93.01580810546875,0.0,46.44097900390625,141
2025-07-17T20:43:42.105450,3,10,"[0, 1, 2, 3, 4, 5, 7]",93.01580810546875,38.86540412902832,46.9561767578125,143,93.01580810546875,0.0,46.44097900390625,141
2025-07-17T20:43:42.113608,4,10,"[0, 1, 2, 3, 4, 5, 7]",93.01580810546875,38.86540412902832,46.9561767578125,143,93.01580810546875,0.0,46.44097900390625,141
2025-07-17T20:43:42.119997,0,11,"[0, 1, 2, 4, 5, 6, 7]",93.01580810546875,38.86540412902832,46.9561767578125,143,93.01580810546875,0.0,46.44097900390625,141
2025-07-17T20:43:42.127578,1,11,"[0, 1, 2, 3, 4, 5, 6, 7]",93.01580810546875,38.86540412902832,46.9561767578125,143,93.01580810546875,0.0,46.44097900390625,141
2025-07-17T20:43:42.134253,2,11,"[0, 1, 2, 3, 4, 5, 6, 7]",93.01580810546875,38.86540412902832,46.9561767578125,143,93.01580810546875,0.0,46.44097900390625,141
2025-07-17T20:43:42.141401,3,11,"[0, 1, 2, 3, 4, 5, 6, 7]",93.01580810546875,38.86540412902832,46.9561767578125,143,93.01580810546875,0.0,46.44097900390625,141
2025-07-17T20:43:42.150816,4,11,"[0, 1, 2, 3, 4, 5, 6, 7]",93.01580810546875,38.86540412902832,46.9561767578125,143,93.01580810546875,0.0,46.44097900390625,141
2025-07-17T20:43:42.164155,0,12,"[0, 1, 2, 3, 4, 5, 6, 7]",93.01580810546875,38.86540412902832,46.9561767578125,143,93.01580810546875,0.0,46.44097900390625,141
2025-07-17T20:43:42.166513,1,12,"[0, 1, 2, 3, 4, 5, 6]",93.01580810546875,38.86540412902832,46.9561767578125,143,93.01580810546875,0.0,46.44097900390625,141
2025-07-17T20:43:42.178320,2,12,"[0, 1, 2, 3, 4, 5, 6, 7]",93.01580810546875,38.86540412902832,46.9561767578125,143,93.01580810546875,0.0,46.44097900390625,141
2025-07-17T20:43:42.181002,3,12,"[0, 1, 2, 3, 4, 5, 6]",93.01580810546875,38.86540412902832,46.9561767578125,143,93.01580810546875,0.0,46.44097900390625,141
2025-07-17T20:43:42.187652,4,12,"[0, 1, 2, 3, 4, 5, 6]",93.01580810546875,38.86540412902832,46.9561767578125,143,93.01580810546875,0.0,46.44097900390625,141
2025-07-17T20:43:42.194533,0,13,"[0, 1, 2, 3, 4, 5, 6, 7]",93.01580810546875,38.86540412902832,46.9561767578125,143,93.01580810546875,0.0,46.44097900390625,141
2025-07-17T20:43:42.207956,1,13,"[0, 1, 2, 3, 4, 5, 6, 7]",93.01580810546875,38.86540412902832,46.9561767578125,143,93.01580810546875,0.0,46.44097900390625,141
2025-07-17T20:43:42.210062,2,13,"[0, 1, 2, 3, 4, 5, 6, 7]",93.01580810546875,38.86540412902832,46.9561767578125,143,93.01580810546875,0.0,46.44097900390625,141
2025-07-17T20:43:42.216923,3,13,"[0, 1, 2, 3, 4, 5, 6, 7]",93.01580810546875,38.86540412902832,46.9561767578125,143,93.01580810546875,0.0,46.44097900390625,141
2025-07-17T20:43:42.224284,4,13,"[0, 1, 2, 3, 4, 5, 6, 7]",93.01580810546875,38.86540412902832,46.9561767578125,143,93.01580810546875,0.0,46.44097900390625,141
2025-07-17T20:43:42.231590,0,14,"[0, 1, 2, 3, 4, 5, 6, 7]",93.01580810546875,38.86540412902832,46.9561767578125,143,93.01580810546875,0.0,46.44097900390625,141
2025-07-17T20:43:42.239169,1,14,"[0, 1, 2, 3, 4, 5, 6, 7]",93.01580810546875,38.86540412902832,46.9561767578125,143,93.01580810546875,0.0,46.44097900390625,141
2025-07-17T20:43:42.247008,2,14,"[0, 1, 2, 3, 4, 5, 6, 7]",93.01580810546875,38.86540412902832,46.9561767578125,143,93.01580810546875,0.0,46.44097900390625,141
2025-07-17T20:43:42.253752,3,14,"[0, 1, 2, 3, 4, 5, 6, 7]",93.01580810546875,38.86540412902832,46.9561767578125,143,93.01580810546875,0.0,46.44097900390625,141
2025-07-17T20:43:42.260400,4,14,"[0, 1, 2, 3, 4, 5, 6, 7]",93.01580810546875,38.86540412902832,46.9561767578125,143,93.01580810546875,0.0,46.44097900390625,141
2025-07-17T20:43:42.269341,0,15,"[0, 1, 2, 3, 4, 5, 6, 7]",93.01580810546875,38.86540412902832,46.9561767578125,143,93.01580810546875,0.0,46.44097900390625,141
2025-07-17T20:43:42.275418,1,15,"[0, 1, 2, 3, 4, 5, 6, 7]",93.01580810546875,38.86540412902832,46.9561767578125,143,93.01580810546875,0.0,46.44097900390625,141
2025-07-17T20:43:42.282076,2,15,"[0, 1, 2, 3, 4, 5, 6, 7]",93.01580810546875,38.86540412902832,46.9561767578125,143,93.01580810546875,0.0,46.44097900390625,141
2025-07-17T20:43:42.289016,3,15,"[0, 1, 2, 3, 4, 5, 6, 7]",93.01580810546875,38.86540412902832,46.9561767578125,143,93.01580810546875,0.0,46.44097900390625,141
2025-07-17T20:43:42.296154,4,15,"[0, 1, 2, 3, 4, 5, 6, 7]",93.01580810546875,38.86540412902832,46.9561767578125,143,93.01580810546875,0.0,46.44097900390625,141
2025-07-17T20:43:42.303374,0,16,"[0, 1, 2, 3, 4, 5, 6, 7]",93.01580810546875,38.86540412902832,46.9561767578125,143,93.01580810546875,0.0,46.44097900390625,141
2025-07-17T20:43:42.311146,1,16,"[0, 1, 2, 3, 4, 5, 6, 7]",93.01580810546875,38.86540412902832,46.9561767578125,143,93.01580810546875,0.0,46.44097900390625,141
2025-07-17T20:43:42.318404,2,16,"[0, 1, 2, 3, 4, 5, 6, 7]",93.01580810546875,38.86540412902832,46.9561767578125,143,93.01580810546875,0.0,46.44097900390625,141
2025-07-17T20:43:42.325398,3,16,"[0, 1, 2, 3, 4, 5, 6, 7]",93.01580810546875,38.86540412902832,46.9561767578125,143,93.01580810546875,0.0,46.44097900390625,141
2025-07-17T20:43:42.331989,4,16,"[0, 1, 2, 3, 4, 5, 6, 7]",93.01580810546875,38.86540412902832,46.9561767578125,143,93.01580810546875,0.0,46.44097900390625,141
2025-07-17T20:43:42.338735,0,17,"[0, 1, 2, 3, 4, 5, 6, 7]",93.01580810546875,38.86540412902832,46.9561767578125,143,93.01580810546875,0.0,46.44097900390625,141
2025-07-17T20:43:42.350533,1,17,"[0, 1, 2, 3, 4, 5, 6, 7]",93.01580810546875,38.86540412902832,46.9561767578125,143,93.01580810546875,0.0,46.44097900390625,141
2025-07-17T20:43:42.354813,2,17,"[0, 1, 2, 3, 4, 5, 6, 7]",93.01580810546875,38.86540412902832,46.9561767578125,143,93.01580810546875,0.0,46.44097900390625,141
2025-07-17T20:43:42.366669,3,17,"[0, 1, 2, 3, 4, 5, 6, 7]",93.01580810546875,38.86540412902832,46.9561767578125,143,93.01580810546875,0.0,46.44097900390625,141
2025-07-17T20:43:42.369072,4,17,"[0, 1, 2, 3, 4, 5, 6, 7]",93.01580810546875,38.86540412902832,46.9561767578125,143,93.01580810546875,0.0,46.44097900390625,141
2025-07-17T20:43:42.382908,0,18,"[0, 1, 2, 3, 4, 5, 6, 7]",93.01580810546875,38.86540412902832,46.9561767578125,143,93.01580810546875,0.0,46.44097900390625,141
2025-07-17T20:43:42.391027,1,18,"[0, 1, 2, 3, 4, 5, 6, 7]",93.01580810546875,38.86540412902832,46.9561767578125,143,93.01580810546875,0.0,46.44097900390625,141
2025-07-17T20:43:42.393320,2,18,"[0, 1, 2, 3, 4, 5, 6, 7]",93.01580810546875,38.86540412902832,46.9561767578125,143,93.01580810546875,0.0,46.44097900390625,141
2025-07-17T20:43:42.400798,3,18,"[0, 1, 2, 3, 4, 5, 6, 7]",93.01580810546875,38.86540412902832,46.9561767578125,143,93.01580810546875,0.0,46.44097900390625,141
2025-07-17T20:43:42.408496,4,18,"[0, 1, 2, 3, 4, 5, 6, 7]",93.01580810546875,38.86540412902832,46.9561767578125,143,93.01580810546875,0.0,46.44097900390625,141
2025-07-17T20:43:42.415109,0,19,"[0, 1, 2, 3, 4, 5, 6, 7]",93.01580810546875,38.86540412902832,46.9561767578125,143,93.01580810546875,0.0,46.44097900390625,141
2025-07-17T20:43:42.422575,1,19,"[0, 1, 2, 3, 4, 5, 6, 7]",93.01580810546875,38.86540412902832,46.9561767578125,143,93.01580810546875,0.0,46.44097900390625,141
2025-07-17T20:43:42.430496,2,19,"[0, 1, 2, 3, 4, 5, 6, 7]",93.01580810546875,38.86540412902832,46.9561767578125,143,93.01580810546875,0.0,46.44097900390625,141
2025-07-17T20:43:42.442126,3,19,"[0, 1, 2, 3, 4, 5, 6, 7]",93.01580810546875,38.86540412902832,46.9561767578125,143,93.01580810546875,0.0,46.44097900390625,141
2025-07-17T20:43:42.444331,4,19,"[0, 1, 2, 3, 4, 5, 6, 7]",93.01580810546875,38.86540412902832,46.9561767578125,143,93.01580810546875,0.0,46.44097900390625,141
2025-07-17T20:43:42.451363,0,20,"[0, 1, 2, 3, 4, 5, 6, 7]",93.01580810546875,38.86540412902832,46.9561767578125,143,93.01580810546875,0.0,46.44097900390625,141
2025-07-17T20:43:42.458387,1,20,"[0, 1, 2, 3, 4, 5, 6, 7]",93.01580810546875,38.86540412902832,46.9561767578125,143,93.01580810546875,0.0,46.44097900390625,141
2025-07-17T20:43:42.465050,2,20,"[0, 1, 2, 3, 4, 5, 6, 7]",93.01580810546875,38.86540412902832,46.9561767578125,143,93.01580810546875,0.0,46.44097900390625,141
2025-07-17T20:43:42.472569,3,20,"[0, 1, 2, 3, 4, 5, 6, 7]",93.01580810546875,38.86540412902832,46.9561767578125,143,93.01580810546875,0.0,46.44097900390625,141
2025-07-17T20:43:42.479675,4,20,"[0, 1, 2, 3, 4, 5, 6, 7]",93.01580810546875,38.86540412902832,46.9561767578125,143,93.01580810546875,0.0,46.44097900390625,141
2025-07-17T20:43:42.486693,0,21,"[0, 1, 2, 3, 4, 5, 6, 7]",93.01580810546875,38.86540412902832,46.9561767578125,143,93.01580810546875,0.0,46.44097900390625,141
2025-07-17T20:43:42.494752,1,21,"[0, 1, 2, 3, 4, 5, 6, 7]",93.01580810546875,38.86540412902832,46.9561767578125,143,93.01580810546875,0.0,46.44097900390625,141
2025-07-17T20:43:42.506916,2,21,"[0, 1, 2, 3, 4, 5, 6, 7]",93.01580810546875,38.86540412902832,46.9561767578125,143,93.01580810546875,0.0,46.44097900390625,141
2025-07-17T20:43:42.509379,3,21,"[0, 1, 2, 3, 4, 5, 6, 7]",93.01580810546875,38.86540412902832,46.9561767578125,143,93.01580810546875,0.0,46.44097900390625,141
2025-07-17T20:43:42.517021,4,21,"[0, 1, 2, 3, 4, 5, 6, 7]",93.01580810546875,38.86540412902832,46.9561767578125,143,93.01580810546875,0.0,46.44097900390625,141
2025-07-17T20:43:42.530139,0,22,"[0, 1, 2, 3, 4, 5, 6, 7]",93.01580810546875,38.86540412902832,46.9561767578125,143,93.01580810546875,0.0,46.44097900390625,141
2025-07-17T20:43:42.532502,1,22,"[0, 1, 3, 4, 5, 6, 7]",93.01580810546875,38.86540412902832,46.9561767578125,143,93.01580810546875,0.0,46.44097900390625,141
2025-07-17T20:43:42.541832,2,22,"[0, 1, 2, 3, 4, 5, 6, 7]",93.01580810546875,38.86540412902832,46.9561767578125,143,93.01580810546875,0.0,46.44097900390625,141
2025-07-17T20:43:42.553669,3,22,"[0, 1, 3, 4, 5, 6, 7]",93.01580810546875,38.86540412902832,46.9561767578125,143,93.01580810546875,0.0,46.44097900390625,141
2025-07-17T20:43:42.556300,4,22,"[0, 1, 3, 4, 5, 6, 7]",93.01580810546875,38.86540412902832,46.9561767578125,143,93.01580810546875,0.0,46.44097900390625,141
2025-07-17T20:43:42.563813,0,23,"[0, 1, 2, 3, 4, 5, 6, 7]",93.01580810546875,38.86540412902832,46.9561767578125,143,93.01580810546875,0.0,46.44097900390625,141
2025-07-17T20:43:42.570730,1,23,"[0, 1, 2, 3, 4, 5, 6, 7]",93.01580810546875,38.86540412902832,46.9561767578125,143,93.01580810546875,0.0,46.44097900390625,141
2025-07-17T20:43:42.583333,2,23,"[0, 1, 2, 3, 4, 5, 6, 7]",93.01580810546875,38.86540412902832,46.9561767578125,143,93.01580810546875,0.0,46.44097900390625,141
2025-07-17T20:43:42.585361,3,23,"[0, 1, 2, 3, 4, 5, 6, 7]",93.01580810546875,38.86540412902832,46.9561767578125,143,93.01580810546875,0.0,46.44097900390625,141
2025-07-17T20:43:42.593747,4,23,"[0, 1, 2, 3, 4, 5, 6, 7]",93.01580810546875,38.86540412902832,46.9561767578125,143,93.01580810546875,0.0,46.44097900390625,141
2025-07-17T20:43:42.600824,0,24,"[0, 1, 2, 3, 4, 5, 6, 7]",93.01580810546875,38.86540412902832,46.9561767578125,143,93.01580810546875,0.0,46.44097900390625,141
2025-07-17T20:43:42.613053,1,24,"[0, 1, 2, 3, 5, 6, 7]",93.01580810546875,38.86540412902832,46.9561767578125,143,93.01580810546875,0.0,46.44097900390625,141
2025-07-17T20:43:42.621780,2,24,"[0, 1, 2, 3, 4, 5, 6, 7]",93.01580810546875,38.86540412902832,46.9561767578125,143,93.01580810546875,0.0,46.44097900390625,141
2025-07-17T20:43:42.624207,3,24,"[0, 1, 2, 3, 5, 6, 7]",93.01580810546875,38.86540412902832,46.9561767578125,143,93.01580810546875,0.0,46.44097900390625,141
2025-07-17T20:43:42.631681,4,24,"[0, 1, 2, 3, 5, 6, 7]",93.01580810546875,38.86540412902832,46.9561767578125,143,93.01580810546875,0.0,46.44097900390625,141
2025-07-17T20:43:42.639738,0,25,"[0, 1, 2, 3, 4, 5, 6, 7]",93.01580810546875,38.86540412902832,46.9561767578125,143,93.01580810546875,0.0,46.44097900390625,141
2025-07-17T20:43:42.646631,1,25,"[0, 1, 2, 3, 4, 5, 6, 7]",93.01580810546875,38.86540412902832,46.9561767578125,143,93.01580810546875,0.0,46.44097900390625,141
2025-07-17T20:43:42.659872,2,25,"[0, 1, 2, 3, 4, 5, 6, 7]",93.01580810546875,38.86540412902832,46.9561767578125,143,93.01580810546875,0.0,46.44097900390625,141
2025-07-17T20:43:42.661965,3,25,"[0, 1, 2, 3, 4, 5, 6, 7]",93.01580810546875,38.86540412902832,46.9561767578125,143,93.01580810546875,0.0,46.44097900390625,141
2025-07-17T20:43:42.670036,4,25,"[0, 1, 2, 3, 4, 5, 6, 7]",93.01580810546875,38.86540412902832,46.9561767578125,143,93.01580810546875,0.0,46.44097900390625,141
2025-07-17T20:43:42.677350,0,26,"[0, 1, 2, 3, 4, 5, 6, 7]",93.01580810546875,38.86540412902832,46.9561767578125,143,93.01580810546875,0.0,46.44097900390625,141
2025-07-17T20:43:42.684971,1,26,"[0, 1, 2, 3, 4, 5, 6, 7]",93.01580810546875,38.86540412902832,46.9561767578125,143,93.01580810546875,0.0,46.44097900390625,141
2025-07-17T20:43:42.696602,2,26,"[0, 1, 2, 3, 4, 5, 6, 7]",93.01580810546875,38.86540412902832,46.9561767578125,143,93.01580810546875,0.0,46.44097900390625,141
2025-07-17T20:43:42.698799,3,26,"[0, 1, 2, 3, 4, 5, 6, 7]",93.01580810546875,38.86540412902832,46.9561767578125,143,93.01580810546875,0.0,46.44097900390625,141
2025-07-17T20:43:42.710594,4,26,"[0, 1, 2, 3, 4, 5, 6, 7]",93.01580810546875,38.86540412902832,46.9561767578125,143,93.01580810546875,0.0,46.44097900390625,141
2025-07-17T20:43:42.712738,0,27,"[0, 1, 2, 3, 4, 5, 6, 7]",93.01580810546875,38.86540412902832,46.9561767578125,143,93.01580810546875,0.0,46.44097900390625,141
2025-07-17T20:43:42.721719,1,27,"[0, 1, 2, 3, 4, 5, 6, 7]",93.01580810546875,38.86540412902832,46.9561767578125,143,93.01580810546875,0.0,46.44097900390625,141
2025-07-17T20:43:42.728872,2,27,"[0, 1, 2, 3, 4, 5, 6, 7]",93.01580810546875,38.86540412902832,46.9561767578125,143,93.01580810546875,0.0,46.44097900390625,141
2025-07-17T20:43:42.736167,3,27,"[0, 1, 2, 3, 4, 5, 6, 7]",93.01580810546875,38.86540412902832,46.9561767578125,143,93.01580810546875,0.0,46.44097900390625,141
2025-07-17T20:43:42.743089,4,27,"[0, 1, 2, 3, 4, 5, 6, 7]",93.01580810546875,38.86540412902832,46.9561767578125,143,93.01580810546875,0.0,46.44097900390625,141
2025-07-17T20:43:42.755719,0,28,"[0, 1, 2, 3, 4, 5, 6, 7]",93.01580810546875,38.86540412902832,46.9561767578125,143,93.01580810546875,0.0,46.44097900390625,141
2025-07-17T20:43:42.757987,1,28,"[0, 1, 2, 3, 4, 5, 6, 7]",93.01580810546875,38.86540412902832,46.9561767578125,143,93.01580810546875,0.0,46.44097900390625,141
2025-07-17T20:43:42.765334,2,28,"[0, 1, 2, 3, 4, 5, 6, 7]",93.01580810546875,38.86540412902832,46.9561767578125,143,93.01580810546875,0.0,46.44097900390625,141
2025-07-17T20:43:42.772148,3,28,"[0, 1, 2, 3, 4, 5, 6, 7]",93.01580810546875,38.86540412902832,46.9561767578125,143,93.01580810546875,0.0,46.44097900390625,141
2025-07-17T20:43:42.780594,4,28,"[0, 1, 2, 3, 4, 5, 6, 7]",93.01580810546875,38.86540412902832,46.9561767578125,143,93.01580810546875,0.0,46.44097900390625,141
2025-07-17T20:43:42.787231,0,29,"[0, 1, 2, 3, 4, 5, 6, 7]",93.01580810546875,38.86540412902832,46.9561767578125,143,93.01580810546875,0.0,46.44097900390625,141
2025-07-17T20:43:42.793704,1,29,"[0, 1, 2, 3, 4, 5, 6, 7]",93.01580810546875,38.86540412902832,46.9561767578125,143,93.01580810546875,0.0,46.44097900390625,141
2025-07-17T20:43:42.801313,2,29,"[0, 1, 2, 3, 4, 5, 6, 7]",93.01580810546875,38.86540412902832,46.9561767578125,143,93.01580810546875,0.0,46.44097900390625,141
2025-07-17T20:43:42.814943,3,29,"[0, 1, 2, 3, 4, 5, 6, 7]",93.01580810546875,38.86540412902832,46.9561767578125,143,93.01580810546875,0.0,46.44097900390625,141
2025-07-17T20:43:42.817436,4,29,"[0, 1, 2, 3, 4, 5, 6, 7]",93.01580810546875,38.86540412902832,46.9561767578125,143,93.01580810546875,0.0,46.44097900390625,141
2025-07-17T20:43:42.829401,0,30,"[0, 1, 2, 3, 4, 5, 6, 7]",93.01580810546875,38.86540412902832,46.9561767578125,143,93.01580810546875,0.0,46.44097900390625,141
2025-07-17T20:43:42.831673,1,30,"[0, 1, 3, 4, 5, 6, 7]",93.01580810546875,38.86540412902832,46.9561767578125,143,93.01580810546875,0.0,46.44097900390625,141
2025-07-17T20:43:42.839305,2,30,"[0, 1, 2, 3, 4, 5, 6, 7]",93.01580810546875,38.86540412902832,46.9561767578125,143,93.01580810546875,0.0,46.44097900390625,141
2025-07-17T20:43:42.845894,3,30,"[0, 1, 3, 4, 5, 6, 7]",93.01580810546875,38.86540412902832,46.9561767578125,143,93.01580810546875,0.0,46.44097900390625,141
2025-07-17T20:43:42.859655,4,30,"[0, 1, 3, 4, 5, 6, 7]",93.01580810546875,38.86540412902832,46.9561767578125,143,93.01580810546875,0.0,46.44097900390625,141
2025-07-17T20:43:42.867395,0,31,"[0, 1, 2, 3, 4, 5, 6, 7]",93.01580810546875,38.87229824066162,46.9561767578125,143,93.01580810546875,0.0,46.44097900390625,141
2025-07-17T20:43:42.871363,1,31,"[0, 1, 2, 3, 4, 5, 6, 7]",93.01580810546875,38.86909008026123,46.9561767578125,143,93.01580810546875,0.0,46.44097900390625,141
2025-07-17T20:43:42.881648,2,31,"[0, 1, 2, 3, 4, 5, 6, 7]",93.01580810546875,38.86646366119385,46.9561767578125,143,93.01580810546875,0.0,46.44097900390625,141
2025-07-17T20:43:42.894291,3,31,"[0, 1, 2, 3, 4, 5, 6, 7]",93.01580810546875,38.86299800872803,46.9561767578125,143,93.01580810546875,0.0,46.44097900390625,141
2025-07-17T20:43:42.897011,4,31,"[0, 1, 2, 3, 4, 5, 6, 7]",93.01580810546875,38.86002254486084,46.9561767578125,143,93.01580810546875,0.0,46.44097900390625,141
2025-07-17T20:43:42.911794,0,0,"[0, 1, 2, 3, 4, 5, 6, 7]",93.01580810546875,38.85531425476074,46.9561767578125,143,93.01580810546875,0.0,46.44097900390625,141
2025-07-17T20:43:42.914879,1,0,"[0, 1, 2, 3, 4, 5, 6, 7]",93.01580810546875,38.85852241516113,46.9561767578125,143,93.01580810546875,0.0,46.44097900390625,141
2025-07-17T20:43:42.926277,2,0,"[0, 2, 3, 4, 5, 6, 7]",93.01580810546875,38.86149787902832,46.9561767578125,143,93.01580810546875,0.0,46.44097900390625,141
2025-07-17T20:43:42.935479,3,0,"[0, 1, 2, 3, 4, 5, 6, 7]",93.01580810546875,38.86438179016113,46.9561767578125,143,93.01580810546875,0.0,46.44097900390625,141
2025-07-17T20:43:42.937521,4,0,"[0, 1, 2, 3, 4, 5, 6, 7]",93.01580810546875,38.86540412902832,46.9561767578125,143,93.01580810546875,0.0,46.44097900390625,141
2025-07-17T20:43:42.944396,0,1,"[0, 1, 2, 3, 4, 5, 6, 7]",93.01580810546875,38.86540412902832,46.9561767578125,143,93.01580810546875,0.0,46.44097900390625,141
2025-07-17T20:43:42.951441,1,1,"[0, 1, 2, 3, 4, 5, 6, 7]",93.01580810546875,38.86540412902832,46.9561767578125,143,93.01580810546875,0.0,46.44097900390625,141
2025-07-17T20:43:42.963779,2,1,"[0, 1, 2, 3, 4, 5, 6, 7]",93.01580810546875,38.86540412902832,46.9561767578125,143,93.01580810546875,0.0,46.44097900390625,141
2025-07-17T20:43:42.965948,3,1,"[0, 1, 2, 3, 4, 5, 6, 7]",93.01580810546875,38.86540412902832,46.9561767578125,143,93.01580810546875,0.0,46.44097900390625,141
2025-07-17T20:43:42.973480,4,1,"[0, 1, 2, 3, 4, 5, 6, 7]",93.01580810546875,38.86540412902832,46.9561767578125,143,93.01580810546875,0.0,46.44097900390625,141
2025-07-17T20:43:42.979796,0,2,"[0, 1, 2, 3, 4, 5, 6, 7]",93.01580810546875,38.86540412902832,46.9561767578125,143,93.01580810546875,0.0,46.44097900390625,141
2025-07-17T20:43:42.986910,1,2,"[0, 1, 2, 3, 4, 5, 6, 7]",93.01580810546875,38.86540412902832,46.9561767578125,143,93.01580810546875,0.0,46.44097900390625,141
2025-07-17T20:43:42.994520,2,2,"[0, 1, 2, 3, 4, 5, 6, 7]",93.01580810546875,38.86540412902832,46.9561767578125,143,93.01580810546875,0.0,46.44097900390625,141
2025-07-17T20:43:43.001296,3,2,"[0, 1, 2, 3, 4, 5, 6, 7]",93.01580810546875,38.86540412902832,46.9561767578125,143,93.01580810546875,0.0,46.44097900390625,141
2025-07-17T20:43:43.008129,4,2,"[0, 1, 2, 3, 4, 5, 6, 7]",93.01580810546875,38.86540412902832,46.9561767578125,143,93.01580810546875,0.0,46.44097900390625,141
2025-07-17T20:43:43.020915,0,3,"[0, 1, 2, 3, 4, 5, 6, 7]",93.01580810546875,38.86540412902832,46.9561767578125,143,93.01580810546875,0.0,46.44097900390625,141
2025-07-17T20:43:43.028719,1,3,"[0, 1, 2, 3, 4, 5, 6, 7]",93.01580810546875,38.86540412902832,46.9561767578125,143,93.01580810546875,0.0,46.44097900390625,141
2025-07-17T20:43:43.030941,2,3,"[0, 1, 2, 3, 4, 5, 6, 7]",93.01580810546875,38.86540412902832,46.9561767578125,143,93.01580810546875,0.0,46.44097900390625,141
2025-07-17T20:43:43.038382,3,3,"[0, 1, 2, 3, 4, 5, 6, 7]",93.01580810546875,38.86540412902832,46.9561767578125,143,93.01580810546875,0.0,46.44097900390625,141
2025-07-17T20:43:43.051157,4,3,"[0, 1, 2, 3, 4, 5, 6, 7]",93.01580810546875,38.86540412902832,46.9561767578125,143,93.01580810546875,0.0,46.44097900390625,141
2025-07-17T20:43:43.053393,0,4,"[0, 1, 2, 3, 4, 5, 6, 7]",93.01580810546875,38.86540412902832,46.9561767578125,143,93.01580810546875,0.0,46.44097900390625,141
2025-07-17T20:43:43.061034,1,4,"[0, 1, 2, 3, 4, 5, 6, 7]",93.01580810546875,38.86540412902832,46.9561767578125,143,93.01580810546875,0.0,46.44097900390625,141
2025-07-17T20:43:43.073116,2,4,"[0, 1, 2, 3, 4, 5, 6, 7]",93.01580810546875,38.86540412902832,46.9561767578125,143,93.01580810546875,0.0,46.44097900390625,141
2025-07-17T20:43:43.075351,3,4,"[0, 1, 2, 3, 4, 5, 6, 7]",93.01580810546875,38.86540412902832,46.9561767578125,143,93.01580810546875,0.0,46.44097900390625,141
2025-07-17T20:43:43.083251,4,4,"[0, 1, 2, 3, 4, 5, 6, 7]",93.01580810546875,38.86540412902832,46.9561767578125,143,93.01580810546875,0.0,46.44097900390625,141
2025-07-17T20:43:43.090715,0,5,"[0, 1, 2, 3, 4, 5, 6, 7]",93.01580810546875,38.86540412902832,46.9561767578125,143,93.01580810546875,0.0,46.44097900390625,141
2025-07-17T20:43:43.102706,1,5,"[0, 1, 2, 3, 4, 5, 6, 7]",93.01580810546875,38.86540412902832,46.9561767578125,143,93.01580810546875,0.0,46.44097900390625,141
2025-07-17T20:43:43.104887,2,5,"[0, 1, 2, 3, 4, 5, 6, 7]",93.01580810546875,38.86540412902832,46.9561767578125,143,93.01580810546875,0.0,46.44097900390625,141
2025-07-17T20:43:43.112744,3,5,"[0, 1, 2, 3, 4, 5, 6, 7]",93.01580810546875,38.86540412902832,46.9561767578125,143,93.01580810546875,0.0,46.44097900390625,141
2025-07-17T20:43:43.119321,4,5,"[0, 1, 2, 3, 4, 5, 6, 7]",93.01580810546875,38.86540412902832,46.9561767578125,143,93.01580810546875,0.0,46.44097900390625,141
2025-07-17T20:43:43.132203,0,6,"[0, 1, 2, 3, 4, 5, 6, 7]",93.01580810546875,38.86540412902832,46.9561767578125,143,93.01580810546875,0.0,46.44097900390625,141
2025-07-17T20:43:43.134315,1,6,"[0, 1, 2, 4, 5, 6, 7]",93.01580810546875,38.86540412902832,46.9561767578125,143,93.01580810546875,0.0,46.44097900390625,141
2025-07-17T20:43:43.141743,2,6,"[0, 1, 2, 3, 4, 5, 6, 7]",93.01580810546875,38.86540412902832,46.9561767578125,143,93.01580810546875,0.0,46.44097900390625,141
2025-07-17T20:43:43.149846,3,6,"[0, 1, 2, 4, 5, 6, 7]",93.01580810546875,38.86540412902832,46.9561767578125,143,93.01580810546875,0.0,46.44097900390625,141
2025-07-17T20:43:43.161734,4,6,"[0, 1, 2, 4, 5, 6, 7]",93.01580810546875,38.86540412902832,46.9561767578125,143,93.01580810546875,0.0,46.44097900390625,141
2025-07-17T20:43:43.163937,0,7,"[0, 1, 2, 3, 4, 5, 6, 7]",93.01580810546875,38.86540412902832,46.9561767578125,143,93.01580810546875,0.0,46.44097900390625,141
2025-07-17T20:43:43.176645,1,7,"[0, 1, 2, 4, 5, 6, 7]",93.01580810546875,38.86540412902832,46.9561767578125,143,93.01580810546875,0.0,46.44097900390625,141
2025-07-17T20:43:43.178715,2,7,"[0, 1, 2, 3, 4, 5, 6, 7]",93.01580810546875,38.86540412902832,46.9561767578125,143,93.01580810546875,0.0,46.44097900390625,141
2025-07-17T20:43:43.191067,3,7,"[0, 1, 2, 4, 5, 6, 7]",93.01580810546875,38.86540412902832,46.9561767578125,143,93.01580810546875,0.0,46.44097900390625,141
2025-07-17T20:43:43.193490,4,7,"[0, 1, 2, 4, 5, 6, 7]",93.01580810546875,38.86540412902832,46.9561767578125,143,93.01580810546875,0.0,46.44097900390625,141
2025-07-17T20:43:43.205411,0,8,"[0, 1, 2, 3, 4, 5, 6, 7]",93.01580810546875,38.86540412902832,46.9561767578125,143,93.01580810546875,0.0,46.44097900390625,141
2025-07-17T20:43:43.207987,1,8,"[0, 1, 2, 3, 4, 5, 6, 7]",93.01580810546875,38.86540412902832,46.9561767578125,143,93.01580810546875,0.0,46.44097900390625,141
2025-07-17T20:43:43.220274,2,8,"[0, 1, 2, 3, 4, 5, 6, 7]",93.01580810546875,38.86540412902832,46.9561767578125,143,93.01580810546875,0.0,46.44097900390625,141
2025-07-17T20:43:43.222334,3,8,"[0, 1, 2, 3, 4, 5, 6, 7]",93.01580810546875,38.86540412902832,46.9561767578125,143,93.01580810546875,0.0,46.44097900390625,141
2025-07-17T20:43:43.229977,4,8,"[0, 1, 2, 3, 4, 5, 6, 7]",93.01580810546875,38.86540412902832,46.9561767578125,143,93.01580810546875,0.0,46.44097900390625,141
2025-07-17T20:43:43.237013,0,9,"[0, 1, 2, 3, 4, 5, 6, 7]",93.01580810546875,38.86540412902832,46.9561767578125,143,93.01580810546875,0.0,46.44097900390625,141
2025-07-17T20:43:43.243660,1,9,"[0, 1, 2, 4, 5, 6, 7]",93.01580810546875,38.86540412902832,46.9561767578125,143,93.01580810546875,0.0,46.44097900390625,141
2025-07-17T20:43:43.250341,2,9,"[0, 1, 2, 3, 4, 5, 6, 7]",93.01580810546875,38.86540412902832,46.9561767578125,143,93.01580810546875,0.0,46.44097900390625,141
2025-07-17T20:43:43.257059,3,9,"[0, 1, 2, 4, 5, 6, 7]",93.01580810546875,38.86540412902832,46.9561767578125,143,93.01580810546875,0.0,46.44097900390625,141
2025-07-17T20:43:43.264561,4,9,"[0, 1, 2, 4, 5, 6, 7]",93.01580810546875,38.86540412902832,46.9561767578125,143,93.01580810546875,0.0,46.44097900390625,141
2025-07-17T20:43:43.272112,0,10,"[0, 1, 2, 3, 4, 5, 6, 7]",93.01580810546875,38.86540412902832,46.9561767578125,143,93.01580810546875,0.0,46.44097900390625,141
2025-07-17T20:43:43.279338,1,10,"[0, 1, 2, 3, 4, 5, 6, 7]",93.01580810546875,38.86540412902832,46.9561767578125,143,93.01580810546875,0.0,46.44097900390625,141
2025-07-17T20:43:43.291405,2,10,"[0, 1, 2, 3, 4, 5, 6, 7]",93.01580810546875,38.86540412902832,46.9561767578125,143,93.01580810546875,0.0,46.44097900390625,141
2025-07-17T20:43:43.293270,3,10,"[0, 1, 2, 3, 4, 5, 6, 7]",93.01580810546875,38.86540412902832,46.9561767578125,143,93.01580810546875,0.0,46.44097900390625,141
2025-07-17T20:43:43.299847,4,10,"[0, 1, 2, 3, 4, 5, 6, 7]",93.01580810546875,38.86540412902832,46.9561767578125,143,93.01580810546875,0.0,46.44097900390625,141
2025-07-17T20:43:43.307638,0,11,"[0, 1, 2, 4, 5, 6, 7]",93.01580810546875,38.86540412902832,46.9561767578125,143,93.01580810546875,0.0,46.44097900390625,141
2025-07-17T20:43:43.314912,1,11,"[0, 1, 2, 3, 4, 5, 6, 7]",93.01580810546875,38.86540412902832,46.9561767578125,143,93.01580810546875,0.0,46.44097900390625,141
2025-07-17T20:43:43.320981,2,11,"[0, 1, 2, 3, 4, 5, 6, 7]",93.01580810546875,38.86540412902832,46.9561767578125,143,93.01580810546875,0.0,46.44097900390625,141
2025-07-17T20:43:43.327835,3,11,"[0, 1, 2, 3, 4, 5, 6, 7]",93.01580810546875,38.86540412902832,46.9561767578125,143,93.01580810546875,0.0,46.44097900390625,141
2025-07-17T20:43:43.339995,4,11,"[0, 1, 2, 3, 4, 5, 6, 7]",93.01580810546875,38.86540412902832,46.9561767578125,143,93.01580810546875,0.0,46.44097900390625,141
2025-07-17T20:43:43.342420,0,12,"[0, 1, 2, 3, 4, 5, 6, 7]",93.01580810546875,38.86540412902832,46.9561767578125,143,93.01580810546875,0.0,46.44097900390625,141
2025-07-17T20:43:43.349973,1,12,"[0, 1, 2, 3, 4, 5, 6]",93.01580810546875,38.86540412902832,46.9561767578125,143,93.01580810546875,0.0,46.44097900390625,141
2025-07-17T20:43:43.356492,2,12,"[0, 1, 2, 3, 4, 5, 6, 7]",93.01580810546875,38.86540412902832,46.9561767578125,143,93.01580810546875,0.0,46.44097900390625,141
2025-07-17T20:43:43.363858,3,12,"[0, 1, 2, 3, 4, 5, 6]",93.01580810546875,38.86540412902832,46.9561767578125,143,93.01580810546875,0.0,46.44097900390625,141
2025-07-17T20:43:43.371421,4,12,"[0, 1, 2, 3, 4, 5, 6]",93.01580810546875,38.86540412902832,46.9561767578125,143,93.01580810546875,0.0,46.44097900390625,141
2025-07-17T20:43:43.383579,0,13,"[0, 1, 2, 3, 4, 5, 6, 7]",93.01580810546875,38.86540412902832,46.9561767578125,143,93.01580810546875,0.0,46.44097900390625,141
2025-07-17T20:43:43.385944,1,13,"[0, 1, 2, 3, 4, 5, 6, 7]",93.01580810546875,38.86540412902832,46.9561767578125,143,93.01580810546875,0.0,46.44097900390625,141
2025-07-17T20:43:43.393313,2,13,"[0, 1, 2, 3, 4, 5, 6, 7]",93.01580810546875,38.86540412902832,46.9561767578125,143,93.01580810546875,0.0,46.44097900390625,141
2025-07-17T20:43:43.406025,3,13,"[0, 1, 2, 3, 4, 5, 6, 7]",93.01580810546875,38.86540412902832,46.9561767578125,143,93.01580810546875,0.0,46.44097900390625,141
2025-07-17T20:43:43.408431,4,13,"[0, 1, 2, 3, 4, 5, 6, 7]",93.01580810546875,38.86540412902832,46.9561767578125,143,93.01580810546875,0.0,46.44097900390625,141
2025-07-17T20:43:43.416161,0,14,"[0, 1, 2, 3, 4, 5, 6, 7]",93.01580810546875,38.86540412902832,46.9561767578125,143,93.01580810546875,0.0,46.44097900390625,141
2025-07-17T20:43:43.428225,1,14,"[0, 1, 2, 3, 4, 5, 6, 7]",93.01580810546875,38.86540412902832,46.9561767578125,143,93.01580810546875,0.0,46.44097900390625,141
2025-07-17T20:43:43.430203,2,14,"[0, 1, 2, 3, 4, 5, 6, 7]",93.01580810546875,38.86540412902832,46.9561767578125,143,93.01580810546875,0.0,46.44097900390625,141
2025-07-17T20:43:43.438156,3,14,"[0, 1, 2, 3, 4, 5, 6, 7]",93.01580810546875,38.86540412902832,46.9561767578125,143,93.01580810546875,0.0,46.44097900390625,141
2025-07-17T20:43:43.445455,4,14,"[0, 1, 2, 3, 4, 5, 6, 7]",93.01580810546875,38.86540412902832,46.9561767578125,143,93.01580810546875,0.0,46.44097900390625,141
2025-07-17T20:43:43.452227,0,15,"[0, 1, 2, 3, 4, 5, 6, 7]",93.01580810546875,38.86540412902832,46.9561767578125,143,93.01580810546875,0.0,46.44097900390625,141
2025-07-17T20:43:43.464359,1,15,"[0, 1, 2, 3, 4, 5, 6, 7]",93.01580810546875,38.86540412902832,46.9561767578125,143,93.01580810546875,0.0,46.44097900390625,141
2025-07-17T20:43:43.466204,2,15,"[0, 1, 2, 3, 4, 5, 6, 7]",93.01580810546875,38.86540412902832,46.9561767578125,143,93.01580810546875,0.0,46.44097900390625,141
2025-07-17T20:43:43.474121,3,15,"[0, 1, 2, 3, 4, 5, 6, 7]",93.01580810546875,38.86540412902832,46.9561767578125,143,93.01580810546875,0.0,46.44097900390625,141
2025-07-17T20:43:43.482703,4,15,"[0, 1, 2, 3, 4, 5, 6, 7]",93.01580810546875,38.86540412902832,46.9561767578125,143,93.01580810546875,0.0,46.44097900390625,141
2025-07-17T20:43:43.488981,0,16,"[0, 1, 2, 3, 4, 5, 6, 7]",93.01580810546875,38.86540412902832,46.9561767578125,143,93.01580810546875,0.0,46.44097900390625,141
2025-07-17T20:43:43.495578,1,16,"[0, 1, 2, 3, 4, 5, 6, 7]",93.01580810546875,38.86540412902832,46.9561767578125,143,93.01580810546875,0.0,46.44097900390625,141
2025-07-17T20:43:43.502772,2,16,"[0, 1, 2, 3, 4, 5, 6, 7]",93.01580810546875,38.86540412902832,46.9561767578125,143,93.01580810546875,0.0,46.44097900390625,141
2025-07-17T20:43:43.509575,3,16,"[0, 1, 2, 3, 4, 5, 6, 7]",93.01580810546875,38.86540412902832,46.9561767578125,143,93.01580810546875,0.0,46.44097900390625,141
2025-07-17T20:43:43.517578,4,16,"[0, 1, 2, 3, 4, 5, 6, 7]",93.01580810546875,38.86540412902832,46.9561767578125,143,93.01580810546875,0.0,46.44097900390625,141
2025-07-17T20:43:43.530383,0,17,"[0, 1, 2, 3, 4, 5, 6, 7]",93.01580810546875,38.86540412902832,46.9561767578125,143,93.01580810546875,0.0,46.44097900390625,141
2025-07-17T20:43:43.532521,1,17,"[0, 1, 2, 4, 5, 6, 7]",93.01580810546875,38.86540412902832,46.9561767578125,143,93.01580810546875,0.0,46.44097900390625,141
2025-07-17T20:43:43.540824,2,17,"[0, 1, 2, 3, 4, 5, 6, 7]",93.01580810546875,38.86540412902832,46.9561767578125,143,93.01580810546875,0.0,46.44097900390625,141
2025-07-17T20:43:43.548655,3,17,"[0, 1, 2, 4, 5, 6, 7]",93.01580810546875,38.86540412902832,46.9561767578125,143,93.01580810546875,0.0,46.44097900390625,141
2025-07-17T20:43:43.560322,4,17,"[0, 1, 2, 4, 5, 6, 7]",93.01580810546875,38.86540412902832,46.9561767578125,143,93.01580810546875,0.0,46.44097900390625,141
2025-07-17T20:43:43.567373,0,18,"[0, 1, 2, 3, 4, 5, 6, 7]",93.01580810546875,38.86540412902832,46.9561767578125,143,93.01580810546875,0.0,46.44097900390625,141
2025-07-17T20:43:43.575587,1,18,"[0, 1, 2, 3, 4, 5, 6, 7]",93.01580810546875,38.86540412902832,46.9561767578125,143,93.01580810546875,0.0,46.44097900390625,141
2025-07-17T20:43:43.577677,2,18,"[0, 1, 2, 3, 4, 5, 6, 7]",93.01580810546875,38.86540412902832,46.9561767578125,143,93.01580810546875,0.0,46.44097900390625,141
2025-07-17T20:43:43.584749,3,18,"[0, 1, 2, 3, 4, 5, 6, 7]",93.01580810546875,38.86540412902832,46.9561767578125,143,93.01580810546875,0.0,46.44097900390625,141
2025-07-17T20:43:43.597496,4,18,"[0, 1, 2, 3, 4, 5, 6, 7]",93.01580810546875,38.86540412902832,46.9561767578125,143,93.01580810546875,0.0,46.44097900390625,141
2025-07-17T20:43:43.600125,0,19,"[0, 1, 2, 3, 4, 5, 6, 7]",93.01580810546875,38.86540412902832,46.9561767578125,143,93.01580810546875,0.0,46.44097900390625,141
2025-07-17T20:43:43.609176,1,19,"[0, 1, 2, 3, 4, 5, 6, 7]",93.01580810546875,38.86540412902832,46.9561767578125,143,93.01580810546875,0.0,46.44097900390625,141
2025-07-17T20:43:43.621902,2,19,"[0, 1, 2, 3, 4, 5, 6, 7]",93.01580810546875,38.86540412902832,46.9561767578125,143,93.01580810546875,0.0,46.44097900390625,141
2025-07-17T20:43:43.624518,3,19,"[0, 1, 2, 3, 4, 5, 6, 7]",93.01580810546875,38.86540412902832,46.9561767578125,143,93.01580810546875,0.0,46.44097900390625,141
2025-07-17T20:43:43.631517,4,19,"[0, 1, 2, 3, 4, 5, 6, 7]",93.01580810546875,38.86540412902832,46.9561767578125,143,93.01580810546875,0.0,46.44097900390625,141
2025-07-17T20:43:43.643528,0,20,"[0, 1, 2, 3, 4, 5, 6, 7]",93.01580810546875,38.86540412902832,46.9561767578125,143,93.01580810546875,0.0,46.44097900390625,141
2025-07-17T20:43:43.645855,1,20,"[0, 1, 2, 3, 4, 5, 6, 7]",93.01580810546875,38.86540412902832,46.9561767578125,143,93.01580810546875,0.0,46.44097900390625,141
2025-07-17T20:43:43.652589,2,20,"[0, 1, 2, 3, 4, 5, 6, 7]",93.01580810546875,38.86540412902832,46.9561767578125,143,93.01580810546875,0.0,46.44097900390625,141
2025-07-17T20:43:43.658980,3,20,"[0, 1, 2, 3, 4, 5, 6, 7]",93.01580810546875,38.86540412902832,46.9561767578125,143,93.01580810546875,0.0,46.44097900390625,141
2025-07-17T20:43:43.671171,4,20,"[0, 1, 2, 3, 4, 5, 6, 7]",93.01580810546875,38.86540412902832,46.9561767578125,143,93.01580810546875,0.0,46.44097900390625,141
2025-07-17T20:43:43.673357,0,21,"[0, 1, 2, 3, 4, 5, 6, 7]",93.01580810546875,38.86540412902832,46.9561767578125,143,93.01580810546875,0.0,46.44097900390625,141
2025-07-17T20:43:43.680638,1,21,"[0, 1, 2, 3, 4, 5, 6, 7]",93.01580810546875,38.86540412902832,46.9561767578125,143,93.01580810546875,0.0,46.44097900390625,141
2025-07-17T20:43:43.687435,2,21,"[0, 1, 2, 3, 4, 5, 6, 7]",93.01580810546875,38.86540412902832,46.9561767578125,143,93.01580810546875,0.0,46.44097900390625,141
2025-07-17T20:43:43.699527,3,21,"[0, 1, 2, 3, 4, 5, 6, 7]",93.01580810546875,38.86540412902832,46.9561767578125,143,93.01580810546875,0.0,46.44097900390625,141
2025-07-17T20:43:43.701989,4,21,"[0, 1, 2, 3, 4, 5, 6, 7]",93.01580810546875,38.86540412902832,46.9561767578125,143,93.01580810546875,0.0,46.44097900390625,141
2025-07-17T20:43:43.715030,0,22,"[0, 1, 3, 4, 5, 6, 7]",93.01580810546875,38.86540412902832,46.9561767578125,143,93.01580810546875,0.0,46.44097900390625,141
2025-07-17T20:43:43.717346,1,22,"[1, 2, 3, 4, 5, 6, 7]",93.01580810546875,38.86540412902832,46.9561767578125,143,93.01580810546875,0.0,46.44097900390625,141
2025-07-17T20:43:43.724534,2,22,"[0, 1, 2, 3, 4, 5, 6, 7]",93.01580810546875,38.86540412902832,46.9561767578125,143,93.01580810546875,0.0,46.44097900390625,141
2025-07-17T20:43:43.731172,3,22,"[1, 2, 3, 4, 5, 6, 7]",93.01580810546875,38.86540412902832,46.9561767578125,143,93.01580810546875,0.0,46.44097900390625,141
2025-07-17T20:43:43.738777,4,22,"[1, 2, 3, 4, 5, 6, 7]",93.01580810546875,38.86540412902832,46.9561767578125,143,93.01580810546875,0.0,46.44097900390625,141
2025-07-17T20:43:43.744928,0,23,"[0, 1, 2, 3, 4, 5, 6, 7]",93.01580810546875,38.86540412902832,46.9561767578125,143,93.01580810546875,0.0,46.44097900390625,141
2025-07-17T20:43:43.751974,1,23,"[0, 1, 2, 3, 4, 5, 6, 7]",93.01580810546875,38.86540412902832,46.9561767578125,143,93.01580810546875,0.0,46.44097900390625,141
2025-07-17T20:43:43.759504,2,23,"[0, 1, 2, 3, 4, 5, 6, 7]",93.01580810546875,38.86540412902832,46.9561767578125,143,93.01580810546875,0.0,46.44097900390625,141
2025-07-17T20:43:43.766388,3,23,"[0, 1, 2, 3, 4, 5, 6, 7]",93.01580810546875,38.86540412902832,46.9561767578125,143,93.01580810546875,0.0,46.44097900390625,141
2025-07-17T20:43:43.773820,4,23,"[0, 1, 2, 3, 4, 5, 6, 7]",93.01580810546875,38.86540412902832,46.9561767578125,143,93.01580810546875,0.0,46.44097900390625,141
2025-07-17T20:43:43.780582,0,24,"[0, 1, 2, 3, 4, 5, 6, 7]",93.01580810546875,38.86540412902832,46.9561767578125,143,93.01580810546875,0.0,46.44097900390625,141
2025-07-17T20:43:43.787207,1,24,"[0, 1, 2, 3, 4, 5, 6, 7]",93.01580810546875,38.86540412902832,46.9561767578125,143,93.01580810546875,0.0,46.44097900390625,141
2025-07-17T20:43:43.795013,2,24,"[0, 1, 2, 3, 4, 5, 6, 7]",93.01580810546875,38.86540412902832,46.9561767578125,143,93.01580810546875,0.0,46.44097900390625,141
2025-07-17T20:43:43.808138,3,24,"[0, 1, 2, 3, 4, 5, 6, 7]",93.01580810546875,38.86540412902832,46.9561767578125,143,93.01580810546875,0.0,46.44097900390625,141
2025-07-17T20:43:43.810790,4,24,"[0, 1, 2, 3, 4, 5, 6, 7]",93.01580810546875,38.86540412902832,46.9561767578125,143,93.01580810546875,0.0,46.44097900390625,141
2025-07-17T20:43:43.817643,0,25,"[0, 1, 2, 3, 4, 5, 6, 7]",93.01580810546875,38.86540412902832,46.9561767578125,143,93.01580810546875,0.0,46.44097900390625,141
2025-07-17T20:43:43.830618,1,25,"[0, 1, 2, 3, 4, 6, 7]",93.01580810546875,38.86540412902832,46.9561767578125,143,93.01580810546875,0.0,46.44097900390625,141
2025-07-17T20:43:43.833300,2,25,"[0, 1, 2, 3, 4, 5, 6, 7]",93.01580810546875,38.86540412902832,46.9561767578125,143,93.01580810546875,0.0,46.44097900390625,141
2025-07-17T20:43:43.840739,3,25,"[0, 1, 2, 3, 4, 6, 7]",93.01580810546875,38.86540412902832,46.9561767578125,143,93.01580810546875,0.0,46.44097900390625,141
2025-07-17T20:43:43.847242,4,25,"[0, 1, 2, 3, 4, 6, 7]",93.01580810546875,38.86540412902832,46.9561767578125,143,93.01580810546875,0.0,46.44097900390625,141
2025-07-17T20:43:43.854284,0,26,"[0, 1, 2, 3, 4, 5, 6, 7]",93.01580810546875,38.86540412902832,46.9561767578125,143,93.01580810546875,0.0,46.44097900390625,141
2025-07-17T20:43:43.860690,1,26,"[0, 1, 2, 3, 4, 5, 6, 7]",93.01580810546875,38.86540412902832,46.9561767578125,143,93.01580810546875,0.0,46.44097900390625,141
2025-07-17T20:43:43.868225,2,26,"[0, 1, 2, 3, 4, 5, 6, 7]",93.01580810546875,38.86540412902832,46.9561767578125,143,93.01580810546875,0.0,46.44097900390625,141
2025-07-17T20:43:43.874747,3,26,"[0, 1, 2, 3, 4, 5, 6, 7]",93.01580810546875,38.86540412902832,46.9561767578125,143,93.01580810546875,0.0,46.44097900390625,141
2025-07-17T20:43:43.883195,4,26,"[0, 1, 2, 3, 4, 5, 6, 7]",93.01580810546875,38.86540412902832,46.9561767578125,143,93.01580810546875,0.0,46.44097900390625,141
2025-07-17T20:43:43.889991,0,27,"[0, 1, 2, 3, 4, 5, 6, 7]",93.01580810546875,38.86540412902832,46.9561767578125,143,93.01580810546875,0.0,46.44097900390625,141
2025-07-17T20:43:43.896862,1,27,"[0, 1, 2, 3, 4, 5, 6, 7]",93.01580810546875,38.86540412902832,46.9561767578125,143,93.01580810546875,0.0,46.44097900390625,141
2025-07-17T20:43:43.904231,2,27,"[0, 1, 2, 3, 4, 5, 6, 7]",93.01580810546875,38.86540412902832,46.9561767578125,143,93.01580810546875,0.0,46.44097900390625,141
2025-07-17T20:43:43.911355,3,27,"[0, 1, 2, 3, 4, 5, 6, 7]",93.01580810546875,38.86540412902832,46.9561767578125,143,93.01580810546875,0.0,46.44097900390625,141
2025-07-17T20:43:43.918520,4,27,"[0, 1, 2, 3, 4, 5, 6, 7]",93.01580810546875,38.86540412902832,46.9561767578125,143,93.01580810546875,0.0,46.44097900390625,141
2025-07-17T20:43:43.925049,0,28,"[0, 1, 2, 3, 4, 5, 6, 7]",93.01580810546875,38.86540412902832,46.9561767578125,143,93.01580810546875,0.0,46.44097900390625,141
2025-07-17T20:43:43.932414,1,28,"[0, 1, 2, 3, 4, 5, 6, 7]",93.01580810546875,38.86540412902832,46.9561767578125,143,93.01580810546875,0.0,46.44097900390625,141
2025-07-17T20:43:43.944914,2,28,"[0, 1, 2, 3, 4, 5, 6, 7]",93.01580810546875,38.86540412902832,46.9561767578125,143,93.01580810546875,0.0,46.44097900390625,141
2025-07-17T20:43:43.946619,3,28,"[0, 1, 2, 3, 4, 5, 6, 7]",93.01580810546875,38.86540412902832,46.9561767578125,143,93.01580810546875,0.0,46.44097900390625,141
2025-07-17T20:43:43.953788,4,28,"[0, 1, 2, 3, 4, 5, 6, 7]",93.01580810546875,38.86540412902832,46.9561767578125,143,93.01580810546875,0.0,46.44097900390625,141
2025-07-17T20:43:43.961062,0,29,"[0, 1, 2, 3, 4, 5, 6, 7]",93.01580810546875,38.86540412902832,46.9561767578125,143,93.01580810546875,0.0,46.44097900390625,141
2025-07-17T20:43:43.968545,1,29,"[0, 1, 2, 3, 4, 5, 6, 7]",93.01580810546875,38.86540412902832,46.9561767578125,143,93.01580810546875,0.0,46.44097900390625,141
2025-07-17T20:43:43.975313,2,29,"[0, 1, 2, 3, 4, 5, 6, 7]",93.01580810546875,38.86540412902832,46.9561767578125,143,93.01580810546875,0.0,46.44097900390625,141
2025-07-17T20:43:43.982065,3,29,"[0, 1, 2, 3, 4, 5, 6, 7]",93.01580810546875,38.86540412902832,46.9561767578125,143,93.01580810546875,0.0,46.44097900390625,141
2025-07-17T20:43:43.989211,4,29,"[0, 1, 2, 3, 4, 5, 6, 7]",93.01580810546875,38.86540412902832,46.9561767578125,143,93.01580810546875,0.0,46.44097900390625,141
2025-07-17T20:43:44.002140,0,30,"[0, 1, 2, 3, 4, 5, 6, 7]",93.01580810546875,38.86540412902832,46.9561767578125,143,93.01580810546875,0.0,46.44097900390625,141
2025-07-17T20:43:44.004064,1,30,"[0, 1, 2, 3, 4, 5, 6, 7]",93.01580810546875,38.86540412902832,46.9561767578125,143,93.01580810546875,0.0,46.44097900390625,141
2025-07-17T20:43:44.011652,2,30,"[0, 1, 2, 3, 4, 5, 6, 7]",93.01580810546875,38.86540412902832,46.9561767578125,143,93.01580810546875,0.0,46.44097900390625,141
2025-07-17T20:43:44.017577,3,30,"[0, 1, 2, 3, 4, 5, 6, 7]",93.01580810546875,38.86540412902832,46.9561767578125,143,93.01580810546875,0.0,46.44097900390625,141
2025-07-17T20:43:44.024548,4,30,"[0, 1, 2, 3, 4, 5, 6, 7]",93.01580810546875,38.86540412902832,46.9561767578125,143,93.01580810546875,0.0,46.44097900390625,141
2025-07-17T20:43:44.036439,0,31,"[0, 1, 2, 3, 4, 5, 6, 7]",93.01580810546875,38.87229824066162,46.9561767578125,143,93.01580810546875,0.0,46.44097900390625,141
2025-07-17T20:43:44.040061,1,31,"[0, 1, 2, 3, 4, 5, 6, 7]",93.01580810546875,38.86909008026123,46.9561767578125,143,93.01580810546875,0.0,46.44097900390625,141
2025-07-17T20:43:44.048559,2,31,"[0, 1, 2, 3, 4, 5, 6, 7]",93.01580810546875,38.86646366119385,46.9561767578125,143,93.01580810546875,0.0,46.44097900390625,141
2025-07-17T20:43:44.055634,3,31,"[0, 1, 2, 3, 4, 5, 6, 7]",93.01580810546875,38.86299800872803,46.9561767578125,143,93.01580810546875,0.0,46.44097900390625,141
2025-07-17T20:43:44.063313,4,31,"[0, 1, 2, 3, 4, 5, 6, 7]",93.01580810546875,38.86002254486084,46.9561767578125,143,93.01580810546875,0.0,46.44097900390625,141
2025-07-17T20:43:44.075523,0,0,"[0, 1, 2, 3, 4, 5, 6, 7]",93.01580810546875,38.85531425476074,46.9561767578125,143,93.01580810546875,0.0,46.44097900390625,141
2025-07-17T20:43:44.082583,1,0,"[0, 1, 2, 3, 4, 5, 6, 7]",93.01580810546875,38.85852241516113,46.9561767578125,143,93.01580810546875,0.0,46.44097900390625,141
2025-07-17T20:43:44.090561,2,0,"[0, 1, 2, 3, 4, 5, 6, 7]",93.01580810546875,38.86149787902832,46.9561767578125,143,93.01580810546875,0.0,46.44097900390625,141
2025-07-17T20:43:44.096888,3,0,"[0, 1, 2, 3, 4, 5, 6, 7]",93.01580810546875,38.86438179016113,46.9561767578125,143,93.01580810546875,0.0,46.44097900390625,141
2025-07-17T20:43:44.104787,4,0,"[0, 1, 2, 3, 4, 5, 6, 7]",93.01580810546875,38.86540412902832,46.9561767578125,143,93.01580810546875,0.0,46.44097900390625,141
2025-07-17T20:43:44.111440,0,1,"[0, 1, 2, 3, 4, 5, 6, 7]",93.01580810546875,38.86540412902832,46.9561767578125,143,93.01580810546875,0.0,46.44097900390625,141
2025-07-17T20:43:44.123804,1,1,"[0, 1, 2, 3, 4, 5, 6, 7]",93.01580810546875,38.86540412902832,46.9561767578125,143,93.01580810546875,0.0,46.44097900390625,141
2025-07-17T20:43:44.126027,2,1,"[0, 1, 2, 3, 4, 5, 6, 7]",93.01580810546875,38.86540412902832,46.9561767578125,143,93.01580810546875,0.0,46.44097900390625,141
2025-07-17T20:43:44.137711,3,1,"[0, 1, 2, 3, 4, 5, 6, 7]",93.01580810546875,38.86540412902832,46.9561767578125,143,93.01580810546875,0.0,46.44097900390625,141
2025-07-17T20:43:44.139992,4,1,"[0, 1, 2, 3, 4, 5, 6, 7]",93.01580810546875,38.86540412902832,46.9561767578125,143,93.01580810546875,0.0,46.44097900390625,141
2025-07-17T20:43:44.146733,0,2,"[0, 1, 2, 3, 4, 5, 6, 7]",93.01580810546875,38.86540412902832,46.9561767578125,143,93.01580810546875,0.0,46.44097900390625,141
2025-07-17T20:43:44.154240,1,2,"[0, 1, 2, 3, 4, 5, 6, 7]",93.01580810546875,38.86540412902832,46.9561767578125,143,93.01580810546875,0.0,46.44097900390625,141
2025-07-17T20:43:44.161251,2,2,"[0, 1, 2, 3, 4, 5, 6, 7]",93.01580810546875,38.86540412902832,46.9561767578125,143,93.01580810546875,0.0,46.44097900390625,141
2025-07-17T20:43:44.169042,3,2,"[0, 1, 2, 3, 4, 5, 6, 7]",93.01580810546875,38.86540412902832,46.9561767578125,143,93.01580810546875,0.0,46.44097900390625,141
2025-07-17T20:43:44.175788,4,2,"[0, 1, 2, 3, 4, 5, 6, 7]",93.01580810546875,38.86540412902832,46.9561767578125,143,93.01580810546875,0.0,46.44097900390625,141
2025-07-17T20:43:44.183860,0,3,"[0, 1, 2, 3, 4, 5, 6, 7]",93.01580810546875,38.86540412902832,46.9561767578125,143,93.01580810546875,0.0,46.44097900390625,141
2025-07-17T20:43:44.195882,1,3,"[0, 1, 2, 3, 4, 5, 6, 7]",93.01580810546875,38.86540412902832,46.9561767578125,143,93.01580810546875,0.0,46.44097900390625,141
2025-07-17T20:43:44.197971,2,3,"[0, 1, 2, 3, 4, 5, 6, 7]",93.01580810546875,38.86540412902832,46.9561767578125,143,93.01580810546875,0.0,46.44097900390625,141
2025-07-17T20:43:44.205222,3,3,"[0, 1, 2, 3, 4, 5, 6, 7]",93.01580810546875,38.86540412902832,46.9561767578125,143,93.01580810546875,0.0,46.44097900390625,141
2025-07-17T20:43:44.212706,4,3,"[0, 1, 2, 3, 4, 5, 6, 7]",93.01580810546875,38.86540412902832,46.9561767578125,143,93.01580810546875,0.0,46.44097900390625,141
2025-07-17T20:43:44.219531,0,4,"[0, 1, 2, 3, 4, 5, 6, 7]",93.01580810546875,38.86540412902832,46.9561767578125,143,93.01580810546875,0.0,46.44097900390625,141
2025-07-17T20:43:44.226432,1,4,"[0, 1, 2, 3, 4, 5, 6, 7]",93.01580810546875,38.86540412902832,46.9561767578125,143,93.01580810546875,0.0,46.44097900390625,141
2025-07-17T20:43:44.234517,2,4,"[0, 1, 2, 3, 4, 5, 6, 7]",93.01580810546875,38.86540412902832,46.9561767578125,143,93.01580810546875,0.0,46.44097900390625,141
2025-07-17T20:43:44.241979,3,4,"[0, 1, 2, 3, 4, 5, 6, 7]",93.01580810546875,38.86540412902832,46.9561767578125,143,93.01580810546875,0.0,46.44097900390625,141
2025-07-17T20:43:44.253553,4,4,"[0, 1, 2, 3, 4, 5, 6, 7]",93.01580810546875,38.86540412902832,46.9561767578125,143,93.01580810546875,0.0,46.44097900390625,141
2025-07-17T20:43:44.255576,0,5,"[0, 1, 2, 3, 4, 5, 6, 7]",93.01580810546875,38.86540412902832,46.9561767578125,143,93.01580810546875,0.0,46.44097900390625,141
2025-07-17T20:43:44.268914,1,5,"[0, 1, 2, 3, 4, 5, 6, 7]",93.01580810546875,38.86540412902832,46.9561767578125,143,93.01580810546875,0.0,46.44097900390625,141
2025-07-17T20:43:44.277667,2,5,"[0, 1, 2, 3, 4, 5, 6, 7]",93.01580810546875,38.86540412902832,46.9561767578125,143,93.01580810546875,0.0,46.44097900390625,141
2025-07-17T20:43:44.284780,3,5,"[0, 1, 2, 3, 4, 5, 6, 7]",93.01580810546875,38.86540412902832,46.9561767578125,143,93.01580810546875,0.0,46.44097900390625,141
2025-07-17T20:43:44.291895,4,5,"[0, 1, 2, 3, 4, 5, 6, 7]",93.01580810546875,38.86540412902832,46.9561767578125,143,93.01580810546875,0.0,46.44097900390625,141
2025-07-17T20:43:44.294160,0,6,"[0, 1, 2, 3, 4, 5, 6, 7]",93.01580810546875,38.86540412902832,46.9561767578125,143,93.01580810546875,0.0,46.44097900390625,141
2025-07-17T20:43:44.307253,1,6,"[0, 1, 2, 3, 4, 5, 6, 7]",93.01580810546875,38.86540412902832,46.9561767578125,143,93.01580810546875,0.0,46.44097900390625,141
2025-07-17T20:43:44.315122,2,6,"[0, 1, 2, 3, 4, 5, 6, 7]",93.01580810546875,38.86540412902832,46.9561767578125,143,93.01580810546875,0.0,46.44097900390625,141
2025-07-17T20:43:44.318086,3,6,"[0, 1, 2, 3, 4, 5, 6, 7]",93.01580810546875,38.86540412902832,46.9561767578125,143,93.01580810546875,0.0,46.44097900390625,141
2025-07-17T20:43:44.330867,4,6,"[0, 1, 2, 3, 4, 5, 6, 7]",93.01580810546875,38.86540412902832,46.9561767578125,143,93.01580810546875,0.0,46.44097900390625,141
2025-07-17T20:43:44.332967,0,7,"[0, 1, 2, 3, 4, 5, 6, 7]",93.01580810546875,38.86540412902832,46.9561767578125,143,93.01580810546875,0.0,46.44097900390625,141
2025-07-17T20:43:44.346250,1,7,"[0, 1, 2, 3, 4, 5, 6, 7]",93.01580810546875,38.86540412902832,46.9561767578125,143,93.01580810546875,0.0,46.44097900390625,141
2025-07-17T20:43:44.348524,2,7,"[0, 1, 2, 3, 4, 5, 6, 7]",93.01580810546875,38.86540412902832,46.9561767578125,143,93.01580810546875,0.0,46.44097900390625,141
2025-07-17T20:43:44.355526,3,7,"[0, 1, 2, 3, 4, 5, 6, 7]",93.01580810546875,38.86540412902832,46.9561767578125,143,93.01580810546875,0.0,46.44097900390625,141
2025-07-17T20:43:44.362860,4,7,"[0, 1, 2, 3, 4, 5, 6, 7]",93.01580810546875,38.86540412902832,46.9561767578125,143,93.01580810546875,0.0,46.44097900390625,141
2025-07-17T20:43:44.375485,0,8,"[0, 1, 2, 3, 4, 5, 6, 7]",93.01580810546875,38.86540412902832,46.9561767578125,143,93.01580810546875,0.0,46.44097900390625,141
2025-07-17T20:43:44.377681,1,8,"[0, 1, 2, 3, 4, 5, 6, 7]",93.01580810546875,38.86540412902832,46.9561767578125,143,93.01580810546875,0.0,46.44097900390625,141
2025-07-17T20:43:44.384179,2,8,"[0, 1, 2, 3, 4, 5, 6, 7]",93.01580810546875,38.86540412902832,46.9561767578125,143,93.01580810546875,0.0,46.44097900390625,141
2025-07-17T20:43:44.392523,3,8,"[0, 1, 2, 3, 4, 5, 6, 7]",93.01580810546875,38.86540412902832,46.9561767578125,143,93.01580810546875,0.0,46.44097900390625,141
2025-07-17T20:43:44.399491,4,8,"[0, 1, 2, 3, 4, 5, 6, 7]",93.01580810546875,38.86540412902832,46.9561767578125,143,93.01580810546875,0.0,46.44097900390625,141
2025-07-17T20:43:44.406393,0,9,"[0, 1, 2, 3, 4, 5, 6, 7]",93.01580810546875,38.86540412902832,46.9561767578125,143,93.01580810546875,0.0,46.44097900390625,141
2025-07-17T20:43:44.413330,1,9,"[0, 1, 2, 3, 4, 5, 6, 7]",93.01580810546875,38.86540412902832,46.9561767578125,143,93.01580810546875,0.0,46.44097900390625,141
2025-07-17T20:43:44.421373,2,9,"[0, 1, 2, 3, 4, 5, 6, 7]",93.01580810546875,38.86540412902832,46.9561767578125,143,93.01580810546875,0.0,46.44097900390625,141
2025-07-17T20:43:44.427846,3,9,"[0, 1, 2, 3, 4, 5, 6, 7]",93.01580810546875,38.86540412902832,46.9561767578125,143,93.01580810546875,0.0,46.44097900390625,141
2025-07-17T20:43:44.434985,4,9,"[0, 1, 2, 3, 4, 5, 6, 7]",93.01580810546875,38.86540412902832,46.9561767578125,143,93.01580810546875,0.0,46.44097900390625,141
2025-07-17T20:43:44.443282,0,10,"[0, 1, 2, 3, 4, 5, 6, 7]",93.01580810546875,38.86540412902832,46.9561767578125,143,93.01580810546875,0.0,46.44097900390625,141
2025-07-17T20:43:44.455349,1,10,"[0, 1, 2, 3, 4, 5, 6, 7]",93.01580810546875,38.86540412902832,46.9561767578125,143,93.01580810546875,0.0,46.44097900390625,141
2025-07-17T20:43:44.463525,2,10,"[0, 1, 2, 3, 4, 5, 6, 7]",93.01580810546875,38.86540412902832,46.9561767578125,143,93.01580810546875,0.0,46.44097900390625,141
2025-07-17T20:43:44.465597,3,10,"[0, 1, 2, 3, 4, 5, 6, 7]",93.01580810546875,38.86540412902832,46.9561767578125,143,93.01580810546875,0.0,46.44097900390625,141
2025-07-17T20:43:44.473060,4,10,"[0, 1, 2, 3, 4, 5, 6, 7]",93.01580810546875,38.86540412902832,46.9561767578125,143,93.01580810546875,0.0,46.44097900390625,141
2025-07-17T20:43:44.479879,0,11,"[0, 1, 2, 3, 4, 5, 6, 7]",93.01580810546875,38.86540412902832,46.9561767578125,143,93.01580810546875,0.0,46.44097900390625,141
2025-07-17T20:43:44.487620,1,11,"[0, 1, 2, 3, 4, 5, 6, 7]",93.01580810546875,38.86540412902832,46.9561767578125,143,93.01580810546875,0.0,46.44097900390625,141
2025-07-17T20:43:44.494498,2,11,"[0, 1, 2, 3, 4, 5, 6, 7]",93.01580810546875,38.86540412902832,46.9561767578125,143,93.01580810546875,0.0,46.44097900390625,141
2025-07-17T20:43:44.501781,3,11,"[0, 1, 2, 3, 4, 5, 6, 7]",93.01580810546875,38.86540412902832,46.9561767578125,143,93.01580810546875,0.0,46.44097900390625,141
2025-07-17T20:43:44.508821,4,11,"[0, 1, 2, 3, 4, 5, 6, 7]",93.01580810546875,38.86540412902832,46.9561767578125,143,93.01580810546875,0.0,46.44097900390625,141
2025-07-17T20:43:44.516215,0,12,"[0, 1, 2, 3, 4, 5, 6, 7]",93.01580810546875,38.86540412902832,46.9561767578125,143,93.01580810546875,0.0,46.44097900390625,141
2025-07-17T20:43:44.523282,1,12,"[0, 1, 2, 3, 5, 6, 7]",93.01580810546875,38.86540412902832,46.9561767578125,143,93.01580810546875,0.0,46.44097900390625,141
2025-07-17T20:43:44.529579,2,12,"[0, 1, 2, 3, 4, 5, 6, 7]",93.01580810546875,38.86540412902832,46.9561767578125,143,93.01580810546875,0.0,46.44097900390625,141
2025-07-17T20:43:44.541649,3,12,"[0, 1, 2, 3, 5, 6, 7]",93.01580810546875,38.86540412902832,46.9561767578125,143,93.01580810546875,0.0,46.44097900390625,141
2025-07-17T20:43:44.544035,4,12,"[0, 1, 2, 3, 5, 6, 7]",93.01580810546875,38.86540412902832,46.9561767578125,143,93.01580810546875,0.0,46.44097900390625,141
2025-07-17T20:43:44.557338,0,13,"[0, 1, 2, 3, 4, 5, 6, 7]",93.01580810546875,38.86540412902832,46.9561767578125,143,93.01580810546875,0.0,46.44097900390625,141
2025-07-17T20:43:44.560240,1,13,"[0, 1, 2, 3, 4, 5, 6]",93.01580810546875,38.86540412902832,46.9561767578125,143,93.01580810546875,0.0,46.44097900390625,141
2025-07-17T20:43:44.572397,2,13,"[0, 1, 2, 3, 4, 5, 6, 7]",93.01580810546875,38.86540412902832,46.9561767578125,143,93.01580810546875,0.0,46.44097900390625,141
2025-07-17T20:43:44.574665,3,13,"[0, 1, 2, 3, 4, 5, 6]",93.01580810546875,38.86540412902832,46.9561767578125,143,93.01580810546875,0.0,46.44097900390625,141
2025-07-17T20:43:44.581482,4,13,"[0, 1, 2, 3, 4, 5, 6]",93.01580810546875,38.86540412902832,46.9561767578125,143,93.01580810546875,0.0,46.44097900390625,141
2025-07-17T20:43:44.593810,0,14,"[0, 1, 2, 3, 4, 5, 6, 7]",93.01580810546875,38.86540412902832,46.9561767578125,143,93.01580810546875,0.0,46.44097900390625,141
2025-07-17T20:43:44.596034,1,14,"[0, 1, 2, 3, 4, 5, 6, 7]",93.01580810546875,38.86540412902832,46.9561767578125,143,93.01580810546875,0.0,46.44097900390625,141
2025-07-17T20:43:44.603385,2,14,"[0, 1, 2, 3, 4, 5, 6, 7]",93.01580810546875,38.86540412902832,46.9561767578125,143,93.01580810546875,0.0,46.44097900390625,141
2025-07-17T20:43:44.610394,3,14,"[0, 1, 2, 3, 4, 5, 6, 7]",93.01580810546875,38.86540412902832,46.9561767578125,143,93.01580810546875,0.0,46.44097900390625,141
2025-07-17T20:43:44.616983,4,14,"[0, 1, 2, 3, 4, 5, 6, 7]",93.01580810546875,38.86540412902832,46.9561767578125,143,93.01580810546875,0.0,46.44097900390625,141
2025-07-17T20:43:44.623925,0,15,"[0, 1, 2, 3, 4, 5, 6, 7]",93.01580810546875,38.86540412902832,46.9561767578125,143,93.01580810546875,0.0,46.44097900390625,141
2025-07-17T20:43:44.631775,1,15,"[0, 1, 2, 3, 4, 5, 6]",93.01580810546875,38.86540412902832,46.9561767578125,143,93.01580810546875,0.0,46.44097900390625,141
2025-07-17T20:43:44.639113,2,15,"[0, 1, 2, 3, 4, 5, 6, 7]",93.01580810546875,38.86540412902832,46.9561767578125,143,93.01580810546875,0.0,46.44097900390625,141
2025-07-17T20:43:44.645778,3,15,"[0, 1, 2, 3, 4, 5, 6]",93.01580810546875,38.86540412902832,46.9561767578125,143,93.01580810546875,0.0,46.44097900390625,141
2025-07-17T20:43:44.653009,4,15,"[0, 1, 2, 3, 4, 5, 6]",93.01580810546875,38.86540412902832,46.9561767578125,143,93.01580810546875,0.0,46.44097900390625,141
2025-07-17T20:43:44.666023,0,16,"[0, 1, 2, 3, 4, 5, 6, 7]",93.01580810546875,38.86540412902832,46.9561767578125,143,93.01580810546875,0.0,46.44097900390625,141
2025-07-17T20:43:44.668382,1,16,"[0, 1, 2, 3, 4, 5, 6, 7]",93.01580810546875,38.86540412902832,46.9561767578125,143,93.01580810546875,0.0,46.44097900390625,141
2025-07-17T20:43:44.676353,2,16,"[0, 1, 2, 3, 4, 5, 6, 7]",93.01580810546875,38.86540412902832,46.9561767578125,143,93.01580810546875,0.0,46.44097900390625,141
2025-07-17T20:43:44.683205,3,16,"[0, 1, 2, 3, 4, 5, 6, 7]",93.01580810546875,38.86540412902832,46.9561767578125,143,93.01580810546875,0.0,46.44097900390625,141
2025-07-17T20:43:44.689795,4,16,"[0, 1, 2, 3, 4, 5, 6, 7]",93.01580810546875,38.86540412902832,46.9561767578125,143,93.01580810546875,0.0,46.44097900390625,141
2025-07-17T20:43:44.696122,0,17,"[0, 1, 2, 3, 4, 5, 6, 7]",93.01580810546875,38.86540412902832,46.9561767578125,143,93.01580810546875,0.0,46.44097900390625,141
2025-07-17T20:43:44.703298,1,17,"[1, 2, 3, 4, 5, 6, 7]",93.01580810546875,38.86540412902832,46.9561767578125,143,93.01580810546875,0.0,46.44097900390625,141
2025-07-17T20:43:44.710235,2,17,"[0, 1, 2, 3, 4, 5, 6, 7]",93.01580810546875,38.86540412902832,46.9561767578125,143,93.01580810546875,0.0,46.44097900390625,141
2025-07-17T20:43:44.717115,3,17,"[1, 2, 3, 4, 5, 6, 7]",93.01580810546875,38.86540412902832,46.9561767578125,143,93.01580810546875,0.0,46.44097900390625,141
2025-07-17T20:43:44.730963,4,17,"[1, 2, 3, 4, 5, 6, 7]",93.01580810546875,38.86540412902832,46.9561767578125,143,93.01580810546875,0.0,46.44097900390625,141
2025-07-17T20:43:44.733056,0,18,"[0, 1, 2, 3, 4, 5, 7]",93.01580810546875,38.86540412902832,46.9561767578125,143,93.01580810546875,0.0,46.44097900390625,141
2025-07-17T20:43:44.740007,1,18,"[0, 1, 3, 4, 5, 6, 7]",93.01580810546875,38.86540412902832,46.9561767578125,143,93.01580810546875,0.0,46.44097900390625,141
2025-07-17T20:43:44.747611,2,18,"[0, 1, 2, 3, 4, 5, 6, 7]",93.01580810546875,38.86540412902832,46.9561767578125,143,93.01580810546875,0.0,46.44097900390625,141
2025-07-17T20:43:44.754493,3,18,"[0, 1, 3, 4, 5, 6, 7]",93.01580810546875,38.86540412902832,46.9561767578125,143,93.01580810546875,0.0,46.44097900390625,141
2025-07-17T20:43:44.761711,4,18,"[0, 1, 3, 4, 5, 6, 7]",93.01580810546875,38.86540412902832,46.9561767578125,143,93.01580810546875,0.0,46.44097900390625,141
2025-07-17T20:43:44.769077,0,19,"[0, 1, 2, 3, 4, 5, 6, 7]",93.01580810546875,38.86540412902832,46.9561767578125,143,93.01580810546875,0.0,46.44097900390625,141
2025-07-17T20:43:44.776312,1,19,"[0, 1, 2, 3, 4, 5, 6, 7]",93.01580810546875,38.86540412902832,46.9561767578125,143,93.01580810546875,0.0,46.44097900390625,141
2025-07-17T20:43:44.782768,2,19,"[0, 1, 2, 3, 4, 5, 6, 7]",93.01580810546875,38.86540412902832,46.9561767578125,143,93.01580810546875,0.0,46.44097900390625,141
2025-07-17T20:43:44.795551,3,19,"[0, 1, 2, 3, 4, 5, 6, 7]",93.01580810546875,38.86540412902832,46.9561767578125,143,93.01580810546875,0.0,46.44097900390625,141
2025-07-17T20:43:44.797743,4,19,"[0, 1, 2, 3, 4, 5, 6, 7]",93.01580810546875,38.86540412902832,46.9561767578125,143,93.01580810546875,0.0,46.44097900390625,141
2025-07-17T20:43:44.804771,0,20,"[0, 1, 2, 3, 4, 5, 6, 7]",93.01580810546875,38.86540412902832,46.9561767578125,143,93.01580810546875,0.0,46.44097900390625,141
2025-07-17T20:43:44.811993,1,20,"[0, 1, 2, 3, 4, 5, 6, 7]",93.01580810546875,38.86540412902832,46.9561767578125,143,93.01580810546875,0.0,46.44097900390625,141
2025-07-17T20:43:44.818835,2,20,"[0, 1, 2, 3, 4, 5, 6, 7]",93.01580810546875,38.86540412902832,46.9561767578125,143,93.01580810546875,0.0,46.44097900390625,141
2025-07-17T20:43:44.826535,3,20,"[0, 1, 2, 3, 4, 5, 6, 7]",93.01580810546875,38.86540412902832,46.9561767578125,143,93.01580810546875,0.0,46.44097900390625,141
2025-07-17T20:43:44.833405,4,20,"[0, 1, 2, 3, 4, 5, 6, 7]",93.01580810546875,38.86540412902832,46.9561767578125,143,93.01580810546875,0.0,46.44097900390625,141
2025-07-17T20:43:44.846638,0,21,"[0, 1, 2, 3, 4, 5, 6, 7]",93.01580810546875,38.86540412902832,46.9561767578125,143,93.01580810546875,0.0,46.44097900390625,141
2025-07-17T20:43:44.848846,1,21,"[0, 1, 2, 3, 4, 5, 6, 7]",93.01580810546875,38.86540412902832,46.9561767578125,143,93.01580810546875,0.0,46.44097900390625,141
2025-07-17T20:43:44.856100,2,21,"[0, 1, 2, 3, 4, 5, 6, 7]",93.01580810546875,38.86540412902832,46.9561767578125,143,93.01580810546875,0.0,46.44097900390625,141
2025-07-17T20:43:44.863425,3,21,"[0, 1, 2, 3, 4, 5, 6, 7]",93.01580810546875,38.86540412902832,46.9561767578125,143,93.01580810546875,0.0,46.44097900390625,141
2025-07-17T20:43:44.870021,4,21,"[0, 1, 2, 3, 4, 5, 6, 7]",93.01580810546875,38.86540412902832,46.9561767578125,143,93.01580810546875,0.0,46.44097900390625,141
2025-07-17T20:43:44.877962,0,22,"[0, 1, 2, 3, 4, 5, 6, 7]",93.01580810546875,38.86540412902832,46.9561767578125,143,93.01580810546875,0.0,46.44097900390625,141
2025-07-17T20:43:44.889671,1,22,"[0, 1, 2, 3, 4, 5, 6, 7]",93.01580810546875,38.86540412902832,46.9561767578125,143,93.01580810546875,0.0,46.44097900390625,141
2025-07-17T20:43:44.891912,2,22,"[0, 1, 2, 3, 4, 5, 6, 7]",93.01580810546875,38.86540412902832,46.9561767578125,143,93.01580810546875,0.0,46.44097900390625,141
2025-07-17T20:43:44.898724,3,22,"[0, 1, 2, 3, 4, 5, 6, 7]",93.01580810546875,38.86540412902832,46.9561767578125,143,93.01580810546875,0.0,46.44097900390625,141
2025-07-17T20:43:44.906212,4,22,"[0, 1, 2, 3, 4, 5, 6, 7]",93.01580810546875,38.86540412902832,46.9561767578125,143,93.01580810546875,0.0,46.44097900390625,141
2025-07-17T20:43:44.913057,0,23,"[0, 1, 2, 3, 4, 5, 6, 7]",93.01580810546875,38.86540412902832,46.9561767578125,143,93.01580810546875,0.0,46.44097900390625,141
2025-07-17T20:43:44.925436,1,23,"[0, 1, 2, 3, 4, 5, 6, 7]",93.01580810546875,38.86540412902832,46.9561767578125,143,93.01580810546875,0.0,46.44097900390625,141
2025-07-17T20:43:44.929702,2,23,"[0, 1, 2, 3, 4, 5, 6, 7]",93.01580810546875,38.86540412902832,46.9561767578125,143,93.01580810546875,0.0,46.44097900390625,141
2025-07-17T20:43:44.940804,3,23,"[0, 1, 2, 3, 4, 5, 6, 7]",93.01580810546875,38.86540412902832,46.9561767578125,143,93.01580810546875,0.0,46.44097900390625,141
2025-07-17T20:43:44.942759,4,23,"[0, 1, 2, 3, 4, 5, 6, 7]",93.01580810546875,38.86540412902832,46.9561767578125,143,93.01580810546875,0.0,46.44097900390625,141
2025-07-17T20:43:44.950384,0,24,"[0, 1, 2, 3, 4, 5, 6, 7]",93.01580810546875,38.86540412902832,46.9561767578125,143,93.01580810546875,0.0,46.44097900390625,141
2025-07-17T20:43:44.958355,1,24,"[1, 3, 4, 5, 6, 7]",93.01580810546875,38.86540412902832,46.9561767578125,143,93.01580810546875,0.0,46.44097900390625,141
2025-07-17T20:43:44.964893,2,24,"[0, 1, 2, 3, 4, 5, 6, 7]",93.01580810546875,38.86540412902832,46.9561767578125,143,93.01580810546875,0.0,46.44097900390625,141
2025-07-17T20:43:44.977765,3,24,"[1, 3, 4, 5, 6, 7]",93.01580810546875,38.86540412902832,46.9561767578125,143,93.01580810546875,0.0,46.44097900390625,141
2025-07-17T20:43:44.979887,4,24,"[1, 3, 4, 5, 6, 7]",93.01580810546875,38.86540412902832,46.9561767578125,143,93.01580810546875,0.0,46.44097900390625,141
2025-07-17T20:43:44.986571,0,25,"[0, 1, 2, 3, 4, 5, 6, 7]",93.01580810546875,38.86540412902832,46.9561767578125,143,93.01580810546875,0.0,46.44097900390625,141
2025-07-17T20:43:44.995377,1,25,"[0, 1, 2, 3, 4, 5, 6, 7]",93.01580810546875,38.86540412902832,46.9561767578125,143,93.01580810546875,0.0,46.44097900390625,141
2025-07-17T20:43:45.001444,2,25,"[0, 1, 2, 3, 4, 5, 6, 7]",93.01580810546875,38.86540412902832,46.9561767578125,143,93.01580810546875,0.0,46.44097900390625,141
2025-07-17T20:43:45.008020,3,25,"[0, 1, 2, 3, 4, 5, 6, 7]",93.01580810546875,38.86540412902832,46.9561767578125,143,93.01580810546875,0.0,46.44097900390625,141
2025-07-17T20:43:45.014939,4,25,"[0, 1, 2, 3, 4, 5, 6, 7]",93.01580810546875,38.86540412902832,46.9561767578125,143,93.01580810546875,0.0,46.44097900390625,141
2025-07-17T20:43:45.023150,0,26,"[0, 1, 2, 3, 4, 5, 6, 7]",93.01580810546875,38.86540412902832,46.9561767578125,143,93.01580810546875,0.0,46.44097900390625,141
2025-07-17T20:43:45.036437,1,26,"[0, 1, 2, 3, 4, 5, 6, 7]",93.01580810546875,38.86540412902832,46.9561767578125,143,93.01580810546875,0.0,46.44097900390625,141
2025-07-17T20:43:45.044602,2,26,"[0, 1, 2, 3, 4, 5, 6, 7]",93.01580810546875,38.86540412902832,46.9561767578125,143,93.01580810546875,0.0,46.44097900390625,141
2025-07-17T20:43:45.046568,3,26,"[0, 1, 2, 3, 4, 5, 6, 7]",93.01580810546875,38.86540412902832,46.9561767578125,143,93.01580810546875,0.0,46.44097900390625,141
2025-07-17T20:43:45.053576,4,26,"[0, 1, 2, 3, 4, 5, 6, 7]",93.01580810546875,38.86540412902832,46.9561767578125,143,93.01580810546875,0.0,46.44097900390625,141
2025-07-17T20:43:45.060023,0,27,"[0, 1, 2, 3, 4, 5, 6, 7]",93.01580810546875,38.86540412902832,46.9561767578125,143,93.01580810546875,0.0,46.44097900390625,141
2025-07-17T20:43:45.073151,1,27,"[0, 1, 3, 4, 6, 7]",93.01580810546875,38.86540412902832,46.9561767578125,143,93.01580810546875,0.0,46.44097900390625,141
2025-07-17T20:43:45.075853,2,27,"[0, 1, 2, 3, 4, 5, 6, 7]",93.01580810546875,38.86540412902832,46.9561767578125,143,93.01580810546875,0.0,46.44097900390625,141
2025-07-17T20:43:45.082431,3,27,"[0, 1, 3, 4, 6, 7]",93.01580810546875,38.86540412902832,46.9561767578125,143,93.01580810546875,0.0,46.44097900390625,141
2025-07-17T20:43:45.096207,4,27,"[0, 1, 3, 4, 6, 7]",93.01580810546875,38.86540412902832,46.9561767578125,143,93.01580810546875,0.0,46.44097900390625,141
2025-07-17T20:43:45.100161,0,28,"[0, 1, 2, 3, 4, 5, 6, 7]",93.01580810546875,38.86540412902832,46.9561767578125,143,93.01580810546875,0.0,46.44097900390625,141
2025-07-17T20:43:45.111992,1,28,"[0, 1, 2, 3, 4, 5, 6, 7]",93.01580810546875,38.86540412902832,46.9561767578125,143,93.01580810546875,0.0,46.44097900390625,141
2025-07-17T20:43:45.114537,2,28,"[0, 1, 2, 3, 4, 5, 6, 7]",93.01580810546875,38.86540412902832,46.9561767578125,143,93.01580810546875,0.0,46.44097900390625,141
2025-07-17T20:43:45.126403,3,28,"[0, 1, 2, 3, 4, 5, 6, 7]",93.01580810546875,38.86540412902832,46.9561767578125,143,93.01580810546875,0.0,46.44097900390625,141
2025-07-17T20:43:45.129213,4,28,"[0, 1, 2, 3, 4, 5, 6, 7]",93.01580810546875,38.86540412902832,46.9561767578125,143,93.01580810546875,0.0,46.44097900390625,141
2025-07-17T20:43:45.135950,0,29,"[0, 1, 2, 3, 4, 5, 6, 7]",93.01580810546875,38.86540412902832,46.9561767578125,143,93.01580810546875,0.0,46.44097900390625,141
2025-07-17T20:43:45.148484,1,29,"[0, 1, 2, 3, 4, 5, 6, 7]",93.01580810546875,38.86540412902832,46.9561767578125,143,93.01580810546875,0.0,46.44097900390625,141
2025-07-17T20:43:45.150743,2,29,"[0, 1, 2, 3, 4, 5, 6, 7]",93.01580810546875,38.86540412902832,46.9561767578125,143,93.01580810546875,0.0,46.44097900390625,141
2025-07-17T20:43:45.163967,3,29,"[0, 1, 2, 3, 4, 5, 6, 7]",93.01580810546875,38.86540412902832,46.9561767578125,143,93.01580810546875,0.0,46.44097900390625,141
2025-07-17T20:43:45.166218,4,29,"[0, 1, 2, 3, 4, 5, 6, 7]",93.01580810546875,38.86540412902832,46.9561767578125,143,93.01580810546875,0.0,46.44097900390625,141
2025-07-17T20:43:45.179888,0,30,"[0, 1, 2, 3, 4, 5, 6, 7]",93.01580810546875,38.86540412902832,46.9561767578125,143,93.01580810546875,0.0,46.44097900390625,141
2025-07-17T20:43:45.182710,1,30,"[0, 1, 2, 3, 4, 5, 6, 7]",93.01580810546875,38.86540412902832,46.9561767578125,143,93.01580810546875,0.0,46.44097900390625,141
2025-07-17T20:43:45.190058,2,30,"[0, 1, 2, 3, 4, 5, 6, 7]",93.01580810546875,38.86540412902832,46.9561767578125,143,93.01580810546875,0.0,46.44097900390625,141
2025-07-17T20:43:45.198080,3,30,"[0, 1, 2, 3, 4, 5, 6, 7]",93.01580810546875,38.86540412902832,46.9561767578125,143,93.01580810546875,0.0,46.44097900390625,141
2025-07-17T20:43:45.205100,4,30,"[0, 1, 2, 3, 4, 5, 6, 7]",93.01580810546875,38.86540412902832,46.9561767578125,143,93.01580810546875,0.0,46.44097900390625,141
2025-07-17T20:43:45.217490,0,31,"[0, 1, 2, 3, 4, 5, 6, 7]",93.01580810546875,38.87229824066162,46.9561767578125,143,93.01580810546875,0.0,46.44097900390625,141
2025-07-17T20:43:45.221672,1,31,"[1, 2, 3, 4, 5, 6, 7]",93.01580810546875,38.86909008026123,46.9561767578125,143,93.01580810546875,0.0,46.44097900390625,141
2025-07-17T20:43:45.230663,2,31,"[0, 1, 2, 3, 4, 5, 6, 7]",93.01580810546875,38.86646366119385,46.9561767578125,143,93.01580810546875,0.0,46.44097900390625,141
2025-07-17T20:43:45.244341,3,31,"[1, 2, 3, 4, 5, 6, 7]",93.01580810546875,38.86299800872803,46.9561767578125,143,93.01580810546875,0.0,46.44097900390625,141
2025-07-17T20:43:45.246989,4,31,"[1, 2, 3, 4, 5, 6, 7]",93.01580810546875,38.86002254486084,46.9561767578125,143,93.01580810546875,0.0,46.44097900390625,141
2025-07-17T20:43:45.262850,0,0,"[0, 1, 2, 3, 4, 5, 6, 7]",93.01580810546875,38.85531425476074,46.9561767578125,143,93.01580810546875,0.0,46.44097900390625,141
2025-07-17T20:43:45.270167,1,0,"[0, 1, 2, 3, 5, 6, 7]",93.01580810546875,38.85852241516113,46.9561767578125,143,93.01580810546875,0.0,46.44097900390625,141
2025-07-17T20:43:45.272842,2,0,"[0, 1, 2, 3, 4, 5, 6, 7]",93.01580810546875,38.86149787902832,46.9561767578125,143,93.01580810546875,0.0,46.44097900390625,141
2025-07-17T20:43:45.280340,3,0,"[0, 1, 2, 3, 5, 6, 7]",93.01580810546875,38.86438179016113,46.9561767578125,143,93.01580810546875,0.0,46.44097900390625,141
2025-07-17T20:43:45.293015,4,0,"[0, 1, 2, 3, 5, 6, 7]",93.01580810546875,38.86540412902832,46.9561767578125,143,93.01580810546875,0.0,46.44097900390625,141
2025-07-17T20:43:45.300159,0,1,"[0, 1, 2, 4, 5, 6, 7]",93.01580810546875,38.86540412902832,46.9561767578125,143,93.01580810546875,0.0,46.44097900390625,141
2025-07-17T20:43:45.302563,1,1,"[0, 1, 2, 3, 4, 5, 6, 7]",93.01580810546875,38.86540412902832,46.9561767578125,143,93.01580810546875,0.0,46.44097900390625,141
2025-07-17T20:43:45.310296,2,1,"[0, 1, 2, 3, 4, 5, 6, 7]",93.01580810546875,38.86540412902832,46.9561767578125,143,93.01580810546875,0.0,46.44097900390625,141
2025-07-17T20:43:45.323248,3,1,"[0, 1, 2, 3, 4, 5, 6, 7]",93.01580810546875,38.86540412902832,46.9561767578125,143,93.01580810546875,0.0,46.44097900390625,141
2025-07-17T20:43:45.325252,4,1,"[0, 1, 2, 3, 4, 5, 6, 7]",93.01580810546875,38.86540412902832,46.9561767578125,143,93.01580810546875,0.0,46.44097900390625,141
2025-07-17T20:43:45.332666,0,2,"[0, 1, 2, 3, 4, 5, 6, 7]",93.01580810546875,38.86540412902832,46.9561767578125,143,93.01580810546875,0.0,46.44097900390625,141
2025-07-17T20:43:45.340229,1,2,"[0, 1, 2, 3, 4, 5, 6, 7]",93.01580810546875,38.86540412902832,46.9561767578125,143,93.01580810546875,0.0,46.44097900390625,141
2025-07-17T20:43:45.348689,2,2,"[0, 1, 2, 3, 4, 5, 6, 7]",93.01580810546875,38.86540412902832,46.9561767578125,143,93.01580810546875,0.0,46.44097900390625,141
2025-07-17T20:43:45.355825,3,2,"[0, 1, 2, 3, 4, 5, 6, 7]",93.01580810546875,38.86540412902832,46.9561767578125,143,93.01580810546875,0.0,46.44097900390625,141
2025-07-17T20:43:45.367355,4,2,"[0, 1, 2, 3, 4, 5, 6, 7]",93.01580810546875,38.86540412902832,46.9561767578125,143,93.01580810546875,0.0,46.44097900390625,141
2025-07-17T20:43:45.369782,0,3,"[0, 1, 2, 3, 4, 5, 6, 7]",93.01580810546875,38.86540412902832,46.9561767578125,143,93.01580810546875,0.0,46.44097900390625,141
2025-07-17T20:43:45.377391,1,3,"[0, 1, 2, 3, 4, 5, 6, 7]",93.01580810546875,38.86540412902832,46.9561767578125,143,93.01580810546875,0.0,46.44097900390625,141
2025-07-17T20:43:45.384818,2,3,"[0, 1, 2, 3, 4, 5, 6, 7]",93.01580810546875,38.86540412902832,46.9561767578125,143,93.01580810546875,0.0,46.44097900390625,141
2025-07-17T20:43:45.396833,3,3,"[0, 1, 2, 3, 4, 5, 6, 7]",93.01580810546875,38.86540412902832,46.9561767578125,143,93.01580810546875,0.0,46.44097900390625,141
2025-07-17T20:43:45.399402,4,3,"[0, 1, 2, 3, 4, 5, 6, 7]",93.01580810546875,38.86540412902832,46.9561767578125,143,93.01580810546875,0.0,46.44097900390625,141
2025-07-17T20:43:45.407543,0,4,"[0, 1, 2, 3, 4, 5, 6, 7]",93.01580810546875,38.86540412902832,46.9561767578125,143,93.01580810546875,0.0,46.44097900390625,141
2025-07-17T20:43:45.413964,1,4,"[0, 1, 3, 4, 5, 6, 7]",93.01580810546875,38.86540412902832,46.9561767578125,143,93.01580810546875,0.0,46.44097900390625,141
2025-07-17T20:43:45.420460,2,4,"[0, 1, 2, 3, 4, 5, 6, 7]",93.01580810546875,38.86540412902832,46.9561767578125,143,93.01580810546875,0.0,46.44097900390625,141
2025-07-17T20:43:45.434584,3,4,"[0, 1, 3, 4, 5, 6, 7]",93.01580810546875,38.86540412902832,46.9561767578125,143,93.01580810546875,0.0,46.44097900390625,141
2025-07-17T20:43:45.436818,4,4,"[0, 1, 3, 4, 5, 6, 7]",93.01580810546875,38.86540412902832,46.9561767578125,143,93.01580810546875,0.0,46.44097900390625,141
2025-07-17T20:43:45.444616,0,5,"[0, 1, 2, 3, 4, 5, 6, 7]",93.01580810546875,38.86540412902832,46.9561767578125,143,93.01580810546875,0.0,46.44097900390625,141
2025-07-17T20:43:45.452857,1,5,"[0, 1, 2, 3, 4, 5, 6, 7]",93.01580810546875,38.86540412902832,46.9561767578125,143,93.01580810546875,0.0,46.44097900390625,141
2025-07-17T20:43:45.459712,2,5,"[0, 1, 2, 3, 4, 5, 6, 7]",93.01580810546875,38.86540412902832,46.9561767578125,143,93.01580810546875,0.0,46.44097900390625,141
2025-07-17T20:43:45.467272,3,5,"[0, 1, 2, 3, 4, 5, 6, 7]",93.01580810546875,38.86540412902832,46.9561767578125,143,93.01580810546875,0.0,46.44097900390625,141
2025-07-17T20:43:45.474641,4,5,"[0, 1, 2, 3, 4, 5, 6, 7]",93.01580810546875,38.86540412902832,46.9561767578125,143,93.01580810546875,0.0,46.44097900390625,141
2025-07-17T20:43:45.481098,0,6,"[0, 1, 2, 3, 4, 5, 6, 7]",93.01580810546875,38.86540412902832,46.9561767578125,143,93.01580810546875,0.0,46.44097900390625,141
2025-07-17T20:43:45.488001,1,6,"[0, 1, 2, 3, 4, 5, 6, 7]",93.01580810546875,38.86540412902832,46.9561767578125,143,93.01580810546875,0.0,46.44097900390625,141
2025-07-17T20:43:45.494019,2,6,"[0, 1, 2, 3, 4, 5, 6, 7]",93.01580810546875,38.86540412902832,46.9561767578125,143,93.01580810546875,0.0,46.44097900390625,141
2025-07-17T20:43:45.500617,3,6,"[0, 1, 2, 3, 4, 5, 6, 7]",93.01580810546875,38.86540412902832,46.9561767578125,143,93.01580810546875,0.0,46.44097900390625,141
2025-07-17T20:43:45.507332,4,6,"[0, 1, 2, 3, 4, 5, 6, 7]",93.01580810546875,38.86540412902832,46.9561767578125,143,93.01580810546875,0.0,46.44097900390625,141
2025-07-17T20:43:45.514309,0,7,"[0, 1, 2, 3, 4, 5, 6, 7]",93.01580810546875,38.86540412902832,46.9561767578125,143,93.01580810546875,0.0,46.44097900390625,141
2025-07-17T20:43:45.527587,1,7,"[0, 1, 2, 3, 4, 5, 6, 7]",93.01580810546875,38.86540412902832,46.9561767578125,143,93.01580810546875,0.0,46.44097900390625,141
2025-07-17T20:43:45.529945,2,7,"[0, 1, 2, 3, 4, 5, 6, 7]",93.01580810546875,38.86540412902832,46.9561767578125,143,93.01580810546875,0.0,46.44097900390625,141
2025-07-17T20:43:45.537080,3,7,"[0, 1, 2, 3, 4, 5, 6, 7]",93.01580810546875,38.86540412902832,46.9561767578125,143,93.01580810546875,0.0,46.44097900390625,141
2025-07-17T20:43:45.550485,4,7,"[0, 1, 2, 3, 4, 5, 6, 7]",93.01580810546875,38.86540412902832,46.9561767578125,143,93.01580810546875,0.0,46.44097900390625,141
2025-07-17T20:43:45.552768,0,8,"[0, 1, 2, 3, 4, 5, 6, 7]",93.01580810546875,38.86540412902832,46.9561767578125,143,93.01580810546875,0.0,46.44097900390625,141
2025-07-17T20:43:45.559641,1,8,"[0, 1, 2, 3, 4, 5, 6, 7]",93.01580810546875,38.86540412902832,46.9561767578125,143,93.01580810546875,0.0,46.44097900390625,141
2025-07-17T20:43:45.566695,2,8,"[0, 1, 2, 3, 4, 5, 6, 7]",93.01580810546875,38.86540412902832,46.9561767578125,143,93.01580810546875,0.0,46.44097900390625,141
2025-07-17T20:43:45.574396,3,8,"[0, 1, 2, 3, 4, 5, 6, 7]",93.01580810546875,38.86540412902832,46.9561767578125,143,93.01580810546875,0.0,46.44097900390625,141
2025-07-17T20:43:45.580718,4,8,"[0, 1, 2, 3, 4, 5, 6, 7]",93.01580810546875,38.86540412902832,46.9561767578125,143,93.01580810546875,0.0,46.44097900390625,141
2025-07-17T20:43:45.590352,0,9,"[0, 1, 2, 3, 4, 5, 6, 7]",93.01580810546875,38.86540412902832,46.9561767578125,143,93.01580810546875,0.0,46.44097900390625,141
2025-07-17T20:43:45.597607,1,9,"[0, 1, 2, 3, 4, 5, 6, 7]",93.01580810546875,38.86540412902832,46.9561767578125,143,93.01580810546875,0.0,46.44097900390625,141
2025-07-17T20:43:45.610059,2,9,"[0, 1, 2, 3, 4, 5, 7]",93.01580810546875,38.86540412902832,46.9561767578125,143,93.01580810546875,0.0,46.44097900390625,141
2025-07-17T20:43:45.612441,3,9,"[0, 1, 2, 3, 4, 5, 6, 7]",93.01580810546875,38.86540412902832,46.9561767578125,143,93.01580810546875,0.0,46.44097900390625,141
2025-07-17T20:43:45.619865,4,9,"[0, 1, 2, 3, 4, 5, 6, 7]",93.01580810546875,38.86540412902832,46.9561767578125,143,93.01580810546875,0.0,46.44097900390625,141
2025-07-17T20:43:45.627004,0,10,"[0, 1, 2, 3, 4, 5, 6, 7]",93.01580810546875,38.86540412902832,46.9561767578125,143,93.01580810546875,0.0,46.44097900390625,141
2025-07-17T20:43:45.634759,1,10,"[0, 1, 2, 3, 4, 5, 7]",93.01580810546875,38.86540412902832,46.9561767578125,143,93.01580810546875,0.0,46.44097900390625,141
2025-07-17T20:43:45.641024,2,10,"[0, 1, 2, 3, 4, 5, 6, 7]",93.01580810546875,38.86540412902832,46.9561767578125,143,93.01580810546875,0.0,46.44097900390625,141
2025-07-17T20:43:45.648795,3,10,"[0, 1, 2, 3, 4, 5, 7]",93.01580810546875,38.86540412902832,46.9561767578125,143,93.01580810546875,0.0,46.44097900390625,141
2025-07-17T20:43:45.655857,4,10,"[0, 1, 2, 3, 4, 5, 7]",93.01580810546875,38.86540412902832,46.9561767578125,143,93.01580810546875,0.0,46.44097900390625,141
2025-07-17T20:43:45.669334,0,11,"[0, 1, 2, 4, 5, 6, 7]",93.01580810546875,38.86540412902832,46.9561767578125,143,93.01580810546875,0.0,46.44097900390625,141
2025-07-17T20:43:45.671698,1,11,"[0, 1, 2, 3, 4, 5, 6, 7]",93.01580810546875,38.86540412902832,46.9561767578125,143,93.01580810546875,0.0,46.44097900390625,141
2025-07-17T20:43:45.679030,2,11,"[0, 1, 2, 3, 4, 5, 6, 7]",93.01580810546875,38.86540412902832,46.9561767578125,143,93.01580810546875,0.0,46.44097900390625,141
2025-07-17T20:43:45.687002,3,11,"[0, 1, 2, 3, 4, 5, 6, 7]",93.01580810546875,38.86540412902832,46.9561767578125,143,93.01580810546875,0.0,46.44097900390625,141
2025-07-17T20:43:45.699094,4,11,"[0, 1, 2, 3, 4, 5, 6, 7]",93.01580810546875,38.86540412902832,46.9561767578125,143,93.01580810546875,0.0,46.44097900390625,141
2025-07-17T20:43:45.701325,0,12,"[0, 1, 2, 3, 4, 5, 6, 7]",93.01580810546875,38.86540412902832,46.9561767578125,143,93.01580810546875,0.0,46.44097900390625,141
2025-07-17T20:43:45.708869,1,12,"[0, 1, 2, 3, 4, 5, 6, 7]",93.01580810546875,38.86540412902832,46.9561767578125,143,93.01580810546875,0.0,46.44097900390625,141
2025-07-17T20:43:45.715414,2,12,"[0, 1, 2, 3, 4, 5, 6, 7]",93.01580810546875,38.86540412902832,46.9561767578125,143,93.01580810546875,0.0,46.44097900390625,141
2025-07-17T20:43:45.722165,3,12,"[0, 1, 2, 3, 4, 5, 6, 7]",93.01580810546875,38.86540412902832,46.9561767578125,143,93.01580810546875,0.0,46.44097900390625,141
2025-07-17T20:43:45.729947,4,12,"[0, 1, 2, 3, 4, 5, 6, 7]",93.01580810546875,38.86540412902832,46.9561767578125,143,93.01580810546875,0.0,46.44097900390625,141
2025-07-17T20:43:45.737162,0,13,"[0, 1, 2, 3, 4, 5, 6, 7]",93.01580810546875,38.86540412902832,46.9561767578125,143,93.01580810546875,0.0,46.44097900390625,141
2025-07-17T20:43:45.743902,1,13,"[0, 1, 2, 3, 4, 5, 6, 7]",93.01580810546875,38.86540412902832,46.9561767578125,143,93.01580810546875,0.0,46.44097900390625,141
2025-07-17T20:43:45.755838,2,13,"[0, 1, 2, 3, 4, 5, 6, 7]",93.01580810546875,38.86540412902832,46.9561767578125,143,93.01580810546875,0.0,46.44097900390625,141
2025-07-17T20:43:45.758252,3,13,"[0, 1, 2, 3, 4, 5, 6, 7]",93.01580810546875,38.86540412902832,46.9561767578125,143,93.01580810546875,0.0,46.44097900390625,141
2025-07-17T20:43:45.765654,4,13,"[0, 1, 2, 3, 4, 5, 6, 7]",93.01580810546875,38.86540412902832,46.9561767578125,143,93.01580810546875,0.0,46.44097900390625,141
2025-07-17T20:43:45.772563,0,14,"[0, 1, 2, 3, 4, 5, 6, 7]",93.01580810546875,38.86540412902832,46.9561767578125,143,93.01580810546875,0.0,46.44097900390625,141
2025-07-17T20:43:45.780120,1,14,"[0, 1, 2, 3, 4, 5, 6, 7]",93.01580810546875,38.86540412902832,46.9561767578125,143,93.01580810546875,0.0,46.44097900390625,141
2025-07-17T20:43:45.786920,2,14,"[0, 1, 2, 3, 4, 5, 6, 7]",93.01580810546875,38.86540412902832,46.9561767578125,143,93.01580810546875,0.0,46.44097900390625,141
2025-07-17T20:43:45.793969,3,14,"[0, 1, 2, 3, 4, 5, 6, 7]",93.01580810546875,38.86540412902832,46.9561767578125,143,93.01580810546875,0.0,46.44097900390625,141
2025-07-17T20:43:45.800767,4,14,"[0, 1, 2, 3, 4, 5, 6, 7]",93.01580810546875,38.86540412902832,46.9561767578125,143,93.01580810546875,0.0,46.44097900390625,141
2025-07-17T20:43:45.813709,0,15,"[0, 1, 2, 3, 4, 5, 6, 7]",93.01580810546875,38.86540412902832,46.9561767578125,143,93.01580810546875,0.0,46.44097900390625,141
2025-07-17T20:43:45.821398,1,15,"[0, 1, 2, 3, 4, 5, 6, 7]",93.01580810546875,38.86540412902832,46.9561767578125,143,93.01580810546875,0.0,46.44097900390625,141
2025-07-17T20:43:45.823594,2,15,"[0, 1, 2, 3, 4, 5, 6, 7]",93.01580810546875,38.86540412902832,46.9561767578125,143,93.01580810546875,0.0,46.44097900390625,141
2025-07-17T20:43:45.831351,3,15,"[0, 1, 2, 3, 4, 5, 6, 7]",93.01580810546875,38.86540412902832,46.9561767578125,143,93.01580810546875,0.0,46.44097900390625,141
2025-07-17T20:43:45.839425,4,15,"[0, 1, 2, 3, 4, 5, 6, 7]",93.01580810546875,38.86540412902832,46.9561767578125,143,93.01580810546875,0.0,46.44097900390625,141
2025-07-17T20:43:45.846782,0,16,"[0, 1, 2, 3, 4, 5, 6, 7]",93.01580810546875,38.86540412902832,46.9561767578125,143,93.01580810546875,0.0,46.44097900390625,141
2025-07-17T20:43:45.852998,1,16,"[0, 1, 2, 3, 4, 5, 6, 7]",93.01580810546875,38.86540412902832,46.9561767578125,143,93.01580810546875,0.0,46.44097900390625,141
2025-07-17T20:43:45.859687,2,16,"[0, 1, 2, 3, 4, 5, 6, 7]",93.01580810546875,38.86540412902832,46.9561767578125,143,93.01580810546875,0.0,46.44097900390625,141
2025-07-17T20:43:45.866236,3,16,"[0, 1, 2, 3, 4, 5, 6, 7]",93.01580810546875,38.86540412902832,46.9561767578125,143,93.01580810546875,0.0,46.44097900390625,141
2025-07-17T20:43:45.872994,4,16,"[0, 1, 2, 3, 4, 5, 6, 7]",93.01580810546875,38.86540412902832,46.9561767578125,143,93.01580810546875,0.0,46.44097900390625,141
2025-07-17T20:43:45.886218,0,17,"[0, 1, 2, 3, 4, 5, 6, 7]",93.01580810546875,38.86540412902832,46.9561767578125,143,93.01580810546875,0.0,46.44097900390625,141
2025-07-17T20:43:45.888336,1,17,"[0, 1, 2, 3, 4, 5, 6, 7]",93.01580810546875,38.86540412902832,46.9561767578125,143,93.01580810546875,0.0,46.44097900390625,141
2025-07-17T20:43:45.894951,2,17,"[0, 1, 2, 3, 4, 5, 6, 7]",93.01580810546875,38.86540412902832,46.9561767578125,143,93.01580810546875,0.0,46.44097900390625,141
2025-07-17T20:43:45.908889,3,17,"[0, 1, 2, 3, 4, 5, 6, 7]",93.01580810546875,38.86540412902832,46.9561767578125,143,93.01580810546875,0.0,46.44097900390625,141
2025-07-17T20:43:45.910625,4,17,"[0, 1, 2, 3, 4, 5, 6, 7]",93.01580810546875,38.86540412902832,46.9561767578125,143,93.01580810546875,0.0,46.44097900390625,141
2025-07-17T20:43:45.918802,0,18,"[0, 1, 2, 3, 4, 5, 6, 7]",93.01580810546875,38.86540412902832,46.9561767578125,143,93.01580810546875,0.0,46.44097900390625,141
2025-07-17T20:43:45.925905,1,18,"[0, 1, 2, 3, 4, 5, 6, 7]",93.01580810546875,38.86540412902832,46.9561767578125,143,93.01580810546875,0.0,46.44097900390625,141
2025-07-17T20:43:45.937864,2,18,"[0, 1, 2, 3, 4, 5, 6, 7]",93.01580810546875,38.86540412902832,46.9561767578125,143,93.01580810546875,0.0,46.44097900390625,141
2025-07-17T20:43:45.940984,3,18,"[0, 1, 2, 3, 4, 5, 6, 7]",93.01580810546875,38.86540412902832,46.9561767578125,143,93.01580810546875,0.0,46.44097900390625,141
2025-07-17T20:43:45.947203,4,18,"[0, 1, 2, 3, 4, 5, 6, 7]",93.01580810546875,38.86540412902832,46.9561767578125,143,93.01580810546875,0.0,46.44097900390625,141
2025-07-17T20:43:45.955068,0,19,"[0, 1, 2, 3, 4, 5, 6, 7]",93.01580810546875,38.86540412902832,46.9561767578125,143,93.01580810546875,0.0,46.44097900390625,141
2025-07-17T20:43:45.962387,1,19,"[0, 1, 2, 3, 4, 5, 6, 7]",93.01580810546875,38.86540412902832,46.9561767578125,143,93.01580810546875,0.0,46.44097900390625,141
2025-07-17T20:43:45.968903,2,19,"[0, 1, 2, 3, 4, 5, 6, 7]",93.01580810546875,38.86540412902832,46.9561767578125,143,93.01580810546875,0.0,46.44097900390625,141
2025-07-17T20:43:45.981800,3,19,"[0, 1, 2, 3, 4, 5, 6, 7]",93.01580810546875,38.86540412902832,46.9561767578125,143,93.01580810546875,0.0,46.44097900390625,141
2025-07-17T20:43:45.984108,4,19,"[0, 1, 2, 3, 4, 5, 6, 7]",93.01580810546875,38.86540412902832,46.9561767578125,143,93.01580810546875,0.0,46.44097900390625,141
2025-07-17T20:43:45.991726,0,20,"[0, 1, 2, 3, 4, 5, 6, 7]",93.01580810546875,38.86540412902832,46.9561767578125,143,93.01580810546875,0.0,46.44097900390625,141
2025-07-17T20:43:45.999141,1,20,"[0, 1, 2, 3, 4, 5, 6, 7]",93.01580810546875,38.86540412902832,46.9561767578125,143,93.01580810546875,0.0,46.44097900390625,141
2025-07-17T20:43:46.011418,2,20,"[0, 1, 2, 3, 4, 5, 6, 7]",93.01580810546875,38.86540412902832,46.9561767578125,143,93.01580810546875,0.0,46.44097900390625,141
2025-07-17T20:43:46.013771,3,20,"[0, 1, 2, 3, 4, 5, 6, 7]",93.01580810546875,38.86540412902832,46.9561767578125,143,93.01580810546875,0.0,46.44097900390625,141
2025-07-17T20:43:46.020433,4,20,"[0, 1, 2, 3, 4, 5, 6, 7]",93.01580810546875,38.86540412902832,46.9561767578125,143,93.01580810546875,0.0,46.44097900390625,141
2025-07-17T20:43:46.027423,0,21,"[0, 1, 2, 3, 4, 5, 6, 7]",93.01580810546875,38.86540412902832,46.9561767578125,143,93.01580810546875,0.0,46.44097900390625,141
2025-07-17T20:43:46.033846,1,21,"[0, 1, 2, 3, 4, 5, 7]",93.01580810546875,38.86540412902832,46.9561767578125,143,93.01580810546875,0.0,46.44097900390625,141
2025-07-17T20:43:46.047540,2,21,"[0, 1, 2, 3, 4, 5, 6, 7]",93.01580810546875,38.86540412902832,46.9561767578125,143,93.01580810546875,0.0,46.44097900390625,141
2025-07-17T20:43:46.049629,3,21,"[0, 1, 2, 3, 4, 5, 7]",93.01580810546875,38.86540412902832,46.9561767578125,143,93.01580810546875,0.0,46.44097900390625,141
2025-07-17T20:43:46.062697,4,21,"[0, 1, 2, 3, 4, 5, 7]",93.01580810546875,38.86540412902832,46.9561767578125,143,93.01580810546875,0.0,46.44097900390625,141
2025-07-17T20:43:46.065155,0,22,"[0, 1, 2, 3, 4, 5, 6, 7]",93.01580810546875,38.86540412902832,46.9561767578125,143,93.01580810546875,0.0,46.44097900390625,141
2025-07-17T20:43:46.077842,1,22,"[0, 1, 2, 3, 4, 5, 6, 7]",93.01580810546875,38.86540412902832,46.9561767578125,143,93.01580810546875,0.0,46.44097900390625,141
2025-07-17T20:43:46.080742,2,22,"[0, 1, 2, 3, 4, 5, 6, 7]",93.01580810546875,38.86540412902832,46.9561767578125,143,93.01580810546875,0.0,46.44097900390625,141
2025-07-17T20:43:46.087177,3,22,"[0, 1, 2, 3, 4, 5, 6, 7]",93.01580810546875,38.86540412902832,46.9561767578125,143,93.01580810546875,0.0,46.44097900390625,141
2025-07-17T20:43:46.096083,4,22,"[0, 1, 2, 3, 4, 5, 6, 7]",93.01580810546875,38.86540412902832,46.9561767578125,143,93.01580810546875,0.0,46.44097900390625,141
2025-07-17T20:43:46.102756,0,23,"[0, 1, 2, 3, 4, 5, 6, 7]",93.01580810546875,38.86540412902832,46.9561767578125,143,93.01580810546875,0.0,46.44097900390625,141
2025-07-17T20:43:46.115878,1,23,"[0, 1, 2, 3, 4, 5, 6]",93.01580810546875,38.86540412902832,46.9561767578125,143,93.01580810546875,0.0,46.44097900390625,141
2025-07-17T20:43:46.117971,2,23,"[0, 1, 2, 3, 4, 5, 6, 7]",93.01580810546875,38.86540412902832,46.9561767578125,143,93.01580810546875,0.0,46.44097900390625,141
2025-07-17T20:43:46.124854,3,23,"[0, 1, 2, 3, 4, 5, 6]",93.01580810546875,38.86540412902832,46.9561767578125,143,93.01580810546875,0.0,46.44097900390625,141
2025-07-17T20:43:46.138034,4,23,"[0, 1, 2, 3, 4, 5, 6]",93.01580810546875,38.86540412902832,46.9561767578125,143,93.01580810546875,0.0,46.44097900390625,141
2025-07-17T20:43:46.140127,0,24,"[0, 1, 2, 3, 4, 5, 6, 7]",93.01580810546875,38.86540412902832,46.9561767578125,143,93.01580810546875,0.0,46.44097900390625,141
2025-07-17T20:43:46.147812,1,24,"[0, 1, 2, 3, 4, 5, 6, 7]",93.01580810546875,38.86540412902832,46.9561767578125,143,93.01580810546875,0.0,46.44097900390625,141
2025-07-17T20:43:46.159498,2,24,"[0, 1, 2, 3, 4, 5, 6, 7]",93.01580810546875,38.86540412902832,46.9561767578125,143,93.01580810546875,0.0,46.44097900390625,141
2025-07-17T20:43:46.167683,3,24,"[0, 1, 2, 3, 4, 5, 6, 7]",93.01580810546875,38.86540412902832,46.9561767578125,143,93.01580810546875,0.0,46.44097900390625,141
2025-07-17T20:43:46.169989,4,24,"[0, 1, 2, 3, 4, 5, 6, 7]",93.01580810546875,38.86540412902832,46.9561767578125,143,93.01580810546875,0.0,46.44097900390625,141
2025-07-17T20:43:46.177053,0,25,"[0, 1, 2, 3, 4, 5, 6, 7]",93.01580810546875,38.86540412902832,46.9561767578125,143,93.01580810546875,0.0,46.44097900390625,141
2025-07-17T20:43:46.184168,1,25,"[0, 1, 2, 3, 4, 5, 6, 7]",93.01580810546875,38.86540412902832,46.9561767578125,143,93.01580810546875,0.0,46.44097900390625,141
2025-07-17T20:43:46.190969,2,25,"[0, 1, 2, 3, 4, 5, 6, 7]",93.01580810546875,38.86540412902832,46.9561767578125,143,93.01580810546875,0.0,46.44097900390625,141
2025-07-17T20:43:46.197903,3,25,"[0, 1, 2, 3, 4, 5, 6, 7]",93.01580810546875,38.86540412902832,46.9561767578125,143,93.01580810546875,0.0,46.44097900390625,141
2025-07-17T20:43:46.204889,4,25,"[0, 1, 2, 3, 4, 5, 6, 7]",93.01580810546875,38.86540412902832,46.9561767578125,143,93.01580810546875,0.0,46.44097900390625,141
2025-07-17T20:43:46.212694,0,26,"[0, 1, 2, 3, 4, 5, 6, 7]",93.01580810546875,38.86540412902832,46.9561767578125,143,93.01580810546875,0.0,46.44097900390625,141
2025-07-17T20:43:46.219914,1,26,"[0, 1, 2, 3, 4, 5, 6, 7]",93.01580810546875,38.86540412902832,46.9561767578125,143,93.01580810546875,0.0,46.44097900390625,141
2025-07-17T20:43:46.227349,2,26,"[0, 1, 2, 3, 4, 5, 6, 7]",93.01580810546875,38.86540412902832,46.9561767578125,143,93.01580810546875,0.0,46.44097900390625,141
2025-07-17T20:43:46.234374,3,26,"[0, 1, 2, 3, 4, 5, 6, 7]",93.01580810546875,38.86540412902832,46.9561767578125,143,93.01580810546875,0.0,46.44097900390625,141
2025-07-17T20:43:46.241681,4,26,"[0, 1, 2, 3, 4, 5, 6, 7]",93.01580810546875,38.86540412902832,46.9561767578125,143,93.01580810546875,0.0,46.44097900390625,141
2025-07-17T20:43:46.254321,0,27,"[0, 1, 2, 3, 4, 5, 6, 7]",93.01580810546875,38.86540412902832,46.9561767578125,143,93.01580810546875,0.0,46.44097900390625,141
2025-07-17T20:43:46.256559,1,27,"[0, 1, 2, 3, 4, 5, 6, 7]",93.01580810546875,38.86540412902832,46.9561767578125,143,93.01580810546875,0.0,46.44097900390625,141
2025-07-17T20:43:46.270963,2,27,"[0, 1, 2, 3, 4, 5, 6, 7]",93.01580810546875,38.86540412902832,46.9561767578125,143,93.01580810546875,0.0,46.44097900390625,141
2025-07-17T20:43:46.273190,3,27,"[0, 1, 2, 3, 4, 5, 6, 7]",93.01580810546875,38.86540412902832,46.9561767578125,143,93.01580810546875,0.0,46.44097900390625,141
2025-07-17T20:43:46.280247,4,27,"[0, 1, 2, 3, 4, 5, 6, 7]",93.01580810546875,38.86540412902832,46.9561767578125,143,93.01580810546875,0.0,46.44097900390625,141
2025-07-17T20:43:46.287488,0,28,"[0, 1, 2, 3, 4, 5, 6, 7]",93.01580810546875,38.86540412902832,46.9561767578125,143,93.01580810546875,0.0,46.44097900390625,141
2025-07-17T20:43:46.293977,1,28,"[0, 1, 2, 3, 4, 5, 6, 7]",93.01580810546875,38.86540412902832,46.9561767578125,143,93.01580810546875,0.0,46.44097900390625,141
2025-07-17T20:43:46.301194,2,28,"[0, 1, 2, 3, 4, 5, 6, 7]",93.01580810546875,38.86540412902832,46.9561767578125,143,93.01580810546875,0.0,46.44097900390625,141
2025-07-17T20:43:46.308290,3,28,"[0, 1, 2, 3, 4, 5, 6, 7]",93.01580810546875,38.86540412902832,46.9561767578125,143,93.01580810546875,0.0,46.44097900390625,141
2025-07-17T20:43:46.316742,4,28,"[0, 1, 2, 3, 4, 5, 6, 7]",93.01580810546875,38.86540412902832,46.9561767578125,143,93.01580810546875,0.0,46.44097900390625,141
2025-07-17T20:43:46.328630,0,29,"[0, 1, 2, 3, 4, 5, 6, 7]",93.01580810546875,38.86540412902832,46.9561767578125,143,93.01580810546875,0.0,46.44097900390625,141
2025-07-17T20:43:46.330965,1,29,"[0, 1, 2, 3, 4, 5, 6, 7]",93.01580810546875,38.86540412902832,46.9561767578125,143,93.01580810546875,0.0,46.44097900390625,141
2025-07-17T20:43:46.342298,2,29,"[0, 1, 2, 3, 4, 5, 6, 7]",93.01580810546875,38.86540412902832,46.9561767578125,143,93.01580810546875,0.0,46.44097900390625,141
2025-07-17T20:43:46.350123,3,29,"[0, 1, 2, 3, 4, 5, 6, 7]",93.01580810546875,38.86540412902832,46.9561767578125,143,93.01580810546875,0.0,46.44097900390625,141
2025-07-17T20:43:46.352579,4,29,"[0, 1, 2, 3, 4, 5, 6, 7]",93.01580810546875,38.86540412902832,46.9561767578125,143,93.01580810546875,0.0,46.44097900390625,141
2025-07-17T20:43:46.366203,0,30,"[0, 1, 2, 3, 4, 5, 6, 7]",93.01580810546875,38.86540412902832,46.9561767578125,143,93.01580810546875,0.0,46.44097900390625,141
2025-07-17T20:43:46.368482,1,30,"[0, 1, 2, 3, 4, 5, 6, 7]",93.01580810546875,38.86540412902832,46.9561767578125,143,93.01580810546875,0.0,46.44097900390625,141
2025-07-17T20:43:46.375762,2,30,"[0, 1, 2, 3, 4, 5, 6, 7]",93.01580810546875,38.86540412902832,46.9561767578125,143,93.01580810546875,0.0,46.44097900390625,141
2025-07-17T20:43:46.383239,3,30,"[0, 1, 2, 3, 4, 5, 6, 7]",93.01580810546875,38.86540412902832,46.9561767578125,143,93.01580810546875,0.0,46.44097900390625,141
2025-07-17T20:43:46.396349,4,30,"[0, 1, 2, 3, 4, 5, 6, 7]",93.01580810546875,38.86540412902832,46.9561767578125,143,93.01580810546875,0.0,46.44097900390625,141
2025-07-17T20:43:46.398943,0,31,"[0, 1, 2, 3, 4, 5, 6, 7]",93.01580810546875,38.87229824066162,46.9561767578125,143,93.01580810546875,0.0,46.44097900390625,141
2025-07-17T20:43:46.412356,1,31,"[0, 1, 2, 3, 4, 5, 6, 7]",93.01580810546875,38.86909008026123,46.9561767578125,143,93.01580810546875,0.0,46.44097900390625,141
2025-07-17T20:43:46.416219,2,31,"[0, 1, 2, 3, 4, 5, 6, 7]",93.01580810546875,38.86646366119385,46.9561767578125,143,93.01580810546875,0.0,46.44097900390625,141
2025-07-17T20:43:46.429167,3,31,"[0, 1, 2, 3, 4, 5, 6, 7]",93.01580810546875,38.86299800872803,46.9561767578125,143,93.01580810546875,0.0,46.44097900390625,141
2025-07-17T20:43:46.431760,4,31,"[0, 1, 2, 3, 4, 5, 6, 7]",93.01580810546875,38.86002254486084,46.9561767578125,143,93.01580810546875,0.0,46.44097900390625,141
2025-07-17T20:43:46.447224,0,0,"[0, 1, 2, 3, 4, 5, 6, 7]",93.01580810546875,38.85531425476074,46.9561767578125,143,93.01580810546875,0.0,46.44097900390625,141
2025-07-17T20:43:46.449696,1,0,"[0, 1, 2, 3, 4, 5, 6, 7]",93.01580810546875,38.85852241516113,46.9561767578125,143,93.01580810546875,0.0,46.44097900390625,141
2025-07-17T20:43:46.462826,2,0,"[0, 1, 2, 3, 4, 5, 6, 7]",93.01580810546875,38.86149787902832,46.9561767578125,143,93.01580810546875,0.0,46.44097900390625,141
2025-07-17T20:43:46.465295,3,0,"[0, 1, 2, 3, 4, 5, 6, 7]",93.01580810546875,38.86438179016113,46.9561767578125,143,93.01580810546875,0.0,46.44097900390625,141
2025-07-17T20:43:46.473186,4,0,"[0, 1, 2, 3, 4, 5, 6, 7]",93.01580810546875,38.86540412902832,46.9561767578125,143,93.01580810546875,0.0,46.44097900390625,141
2025-07-17T20:43:46.485943,0,1,"[0, 1, 2, 3, 4, 5, 6, 7]",93.01580810546875,38.86540412902832,46.9561767578125,143,93.01580810546875,0.0,46.44097900390625,141
2025-07-17T20:43:46.494188,1,1,"[0, 1, 2, 3, 4, 5, 6, 7]",93.01580810546875,38.86540412902832,46.9561767578125,143,93.01580810546875,0.0,46.44097900390625,141
2025-07-17T20:43:46.496333,2,1,"[0, 1, 2, 4, 5, 6, 7]",93.01580810546875,38.86540412902832,46.9561767578125,143,93.01580810546875,0.0,46.44097900390625,141
2025-07-17T20:43:46.502945,3,1,"[0, 1, 2, 3, 4, 5, 6, 7]",93.01580810546875,38.86540412902832,46.9561767578125,143,93.01580810546875,0.0,46.44097900390625,141
2025-07-17T20:43:46.510442,4,1,"[0, 1, 2, 3, 4, 5, 6, 7]",93.01580810546875,38.86540412902832,46.9561767578125,143,93.01580810546875,0.0,46.44097900390625,141
2025-07-17T20:43:46.524888,0,2,"[0, 1, 2, 3, 4, 5, 6, 7]",93.01580810546875,38.86540412902832,46.9561767578125,143,93.01580810546875,0.0,46.44097900390625,141
2025-07-17T20:43:46.527226,1,2,"[0, 1, 2, 3, 4, 5, 6, 7]",93.01580810546875,38.86540412902832,46.9561767578125,143,93.01580810546875,0.0,46.44097900390625,141
2025-07-17T20:43:46.535488,2,2,"[0, 1, 2, 3, 4, 5, 6, 7]",93.01580810546875,38.86540412902832,46.9561767578125,143,93.01580810546875,0.0,46.44097900390625,141
2025-07-17T20:43:46.542374,3,2,"[0, 1, 2, 3, 4, 5, 6, 7]",93.01580810546875,38.86540412902832,46.9561767578125,143,93.01580810546875,0.0,46.44097900390625,141
2025-07-17T20:43:46.555024,4,2,"[0, 1, 2, 3, 4, 5, 6, 7]",93.01580810546875,38.86540412902832,46.9561767578125,143,93.01580810546875,0.0,46.44097900390625,141
2025-07-17T20:43:46.557667,0,3,"[0, 1, 2, 3, 4, 5, 6, 7]",93.01580810546875,38.86540412902832,46.9561767578125,143,93.01580810546875,0.0,46.44097900390625,141
2025-07-17T20:43:46.563823,1,3,"[0, 1, 2, 3, 4, 5, 6, 7]",93.01580810546875,38.86540412902832,46.9561767578125,143,93.01580810546875,0.0,46.44097900390625,141
2025-07-17T20:43:46.570914,2,3,"[0, 1, 2, 3, 4, 5, 6, 7]",93.01580810546875,38.86540412902832,46.9561767578125,143,93.01580810546875,0.0,46.44097900390625,141
2025-07-17T20:43:46.583423,3,3,"[0, 1, 2, 3, 4, 5, 6, 7]",93.01580810546875,38.86540412902832,46.9561767578125,143,93.01580810546875,0.0,46.44097900390625,141
2025-07-17T20:43:46.585803,4,3,"[0, 1, 2, 3, 4, 5, 6, 7]",93.01580810546875,38.86540412902832,46.9561767578125,143,93.01580810546875,0.0,46.44097900390625,141
2025-07-17T20:43:46.594528,0,4,"[0, 1, 2, 3, 4, 5, 6, 7]",93.01580810546875,38.86540412902832,46.9561767578125,143,93.01580810546875,0.0,46.44097900390625,141
2025-07-17T20:43:46.600848,1,4,"[0, 1, 2, 3, 4, 5, 6, 7]",93.01580810546875,38.86540412902832,46.9561767578125,143,93.01580810546875,0.0,46.44097900390625,141
2025-07-17T20:43:46.608518,2,4,"[0, 1, 2, 3, 4, 5, 6, 7]",93.01580810546875,38.86540412902832,46.9561767578125,143,93.01580810546875,0.0,46.44097900390625,141
2025-07-17T20:43:46.615239,3,4,"[0, 1, 2, 3, 4, 5, 6, 7]",93.01580810546875,38.86540412902832,46.9561767578125,143,93.01580810546875,0.0,46.44097900390625,141
2025-07-17T20:43:46.622099,4,4,"[0, 1, 2, 3, 4, 5, 6, 7]",93.01580810546875,38.86540412902832,46.9561767578125,143,93.01580810546875,0.0,46.44097900390625,141
2025-07-17T20:43:46.628638,0,5,"[0, 1, 2, 3, 4, 5, 6, 7]",93.01580810546875,38.86540412902832,46.9561767578125,143,93.01580810546875,0.0,46.44097900390625,141
2025-07-17T20:43:46.635821,1,5,"[0, 1, 2, 3, 4, 5, 6, 7]",93.01580810546875,38.86540412902832,46.9561767578125,143,93.01580810546875,0.0,46.44097900390625,141
2025-07-17T20:43:46.642786,2,5,"[0, 1, 2, 3, 4, 5, 6, 7]",93.01580810546875,38.86540412902832,46.9561767578125,143,93.01580810546875,0.0,46.44097900390625,141
2025-07-17T20:43:46.650426,3,5,"[0, 1, 2, 3, 4, 5, 6, 7]",93.01580810546875,38.86540412902832,46.9561767578125,143,93.01580810546875,0.0,46.44097900390625,141
2025-07-17T20:43:46.664126,4,5,"[0, 1, 2, 3, 4, 5, 6, 7]",93.01580810546875,38.86540412902832,46.9561767578125,143,93.01580810546875,0.0,46.44097900390625,141
2025-07-17T20:43:46.667109,0,6,"[0, 1, 2, 3, 4, 5, 6, 7]",93.01580810546875,38.86540412902832,46.9561767578125,143,93.01580810546875,0.0,46.44097900390625,141
2025-07-17T20:43:46.673677,1,6,"[1, 2, 3, 4, 5, 6, 7]",93.01580810546875,38.86540412902832,46.9561767578125,143,93.01580810546875,0.0,46.44097900390625,141
2025-07-17T20:43:46.685803,2,6,"[0, 1, 2, 3, 4, 5, 6, 7]",93.01580810546875,38.86540412902832,46.9561767578125,143,93.01580810546875,0.0,46.44097900390625,141
2025-07-17T20:43:46.688012,3,6,"[1, 2, 3, 4, 5, 6, 7]",93.01580810546875,38.86540412902832,46.9561767578125,143,93.01580810546875,0.0,46.44097900390625,141
2025-07-17T20:43:46.695792,4,6,"[1, 2, 3, 4, 5, 6, 7]",93.01580810546875,38.86540412902832,46.9561767578125,143,93.01580810546875,0.0,46.44097900390625,141
2025-07-17T20:43:46.702828,0,7,"[0, 1, 2, 3, 4, 5, 6, 7]",93.01580810546875,38.86540412902832,46.9561767578125,143,93.01580810546875,0.0,46.44097900390625,141
2025-07-17T20:43:46.710406,1,7,"[0, 1, 2, 3, 4, 5, 6, 7]",93.01580810546875,38.86540412902832,46.9561767578125,143,93.01580810546875,0.0,46.44097900390625,141
2025-07-17T20:43:46.716650,2,7,"[0, 1, 2, 3, 4, 5, 6, 7]",93.01580810546875,38.86540412902832,46.9561767578125,143,93.01580810546875,0.0,46.44097900390625,141
2025-07-17T20:43:46.724381,3,7,"[0, 1, 2, 3, 4, 5, 6, 7]",93.01580810546875,38.86540412902832,46.9561767578125,143,93.01580810546875,0.0,46.44097900390625,141
2025-07-17T20:43:46.731610,4,7,"[0, 1, 2, 3, 4, 5, 6, 7]",93.01580810546875,38.86540412902832,46.9561767578125,143,93.01580810546875,0.0,46.44097900390625,141
2025-07-17T20:43:46.738671,0,8,"[0, 1, 2, 3, 4, 5, 6, 7]",93.01580810546875,38.86540412902832,46.9561767578125,143,93.01580810546875,0.0,46.44097900390625,141
2025-07-17T20:43:46.751631,1,8,"[0, 1, 2, 3, 4, 5, 6, 7]",93.01580810546875,38.86540412902832,46.9561767578125,143,93.01580810546875,0.0,46.44097900390625,141
2025-07-17T20:43:46.759718,2,8,"[0, 1, 2, 3, 4, 5, 6, 7]",93.01580810546875,38.86540412902832,46.9561767578125,143,93.01580810546875,0.0,46.44097900390625,141
2025-07-17T20:43:46.762344,3,8,"[0, 1, 2, 3, 4, 5, 6, 7]",93.01580810546875,38.86540412902832,46.9561767578125,143,93.01580810546875,0.0,46.44097900390625,141
2025-07-17T20:43:46.769387,4,8,"[0, 1, 2, 3, 4, 5, 6, 7]",93.01580810546875,38.86540412902832,46.9561767578125,143,93.01580810546875,0.0,46.44097900390625,141
2025-07-17T20:43:46.776024,0,9,"[0, 1, 2, 3, 4, 5, 6, 7]",93.01580810546875,38.86540412902832,46.9561767578125,143,93.01580810546875,0.0,46.44097900390625,141
2025-07-17T20:43:46.788676,1,9,"[0, 1, 2, 3, 4, 5, 6, 7]",93.01580810546875,38.86540412902832,46.9561767578125,143,93.01580810546875,0.0,46.44097900390625,141
2025-07-17T20:43:46.790412,2,9,"[0, 1, 2, 3, 4, 5, 6, 7]",93.01580810546875,38.86540412902832,46.9561767578125,143,93.01580810546875,0.0,46.44097900390625,141
2025-07-17T20:43:46.803035,3,9,"[0, 1, 2, 3, 4, 5, 6, 7]",93.01580810546875,38.86540412902832,46.9561767578125,143,93.01580810546875,0.0,46.44097900390625,141
2025-07-17T20:43:46.805510,4,9,"[0, 1, 2, 3, 4, 5, 6, 7]",93.01580810546875,38.86540412902832,46.9561767578125,143,93.01580810546875,0.0,46.44097900390625,141
2025-07-17T20:43:46.812844,0,10,"[0, 1, 2, 3, 4, 5, 6, 7]",93.01580810546875,38.86540412902832,46.9561767578125,143,93.01580810546875,0.0,46.44097900390625,141
2025-07-17T20:43:46.819625,1,10,"[0, 1, 2, 3, 4, 5, 6, 7]",93.01580810546875,38.86540412902832,46.9561767578125,143,93.01580810546875,0.0,46.44097900390625,141
2025-07-17T20:43:46.826497,2,10,"[0, 1, 2, 3, 4, 5, 6, 7]",93.01580810546875,38.86540412902832,46.9561767578125,143,93.01580810546875,0.0,46.44097900390625,141
2025-07-17T20:43:46.833579,3,10,"[0, 1, 2, 3, 4, 5, 6, 7]",93.01580810546875,38.86540412902832,46.9561767578125,143,93.01580810546875,0.0,46.44097900390625,141
2025-07-17T20:43:46.841341,4,10,"[0, 1, 2, 3, 4, 5, 6, 7]",93.01580810546875,38.86540412902832,46.9561767578125,143,93.01580810546875,0.0,46.44097900390625,141
2025-07-17T20:43:46.854612,0,11,"[0, 1, 2, 3, 4, 5, 6, 7]",93.01580810546875,38.86540412902832,46.9561767578125,143,93.01580810546875,0.0,46.44097900390625,141
2025-07-17T20:43:46.856894,1,11,"[0, 1, 2, 3, 4, 5, 6, 7]",93.01580810546875,38.86540412902832,46.9561767578125,143,93.01580810546875,0.0,46.44097900390625,141
2025-07-17T20:43:46.864197,2,11,"[0, 1, 2, 3, 4, 5, 6, 7]",93.01580810546875,38.86540412902832,46.9561767578125,143,93.01580810546875,0.0,46.44097900390625,141
2025-07-17T20:43:46.870954,3,11,"[0, 1, 2, 3, 4, 5, 6, 7]",93.01580810546875,38.86540412902832,46.9561767578125,143,93.01580810546875,0.0,46.44097900390625,141
2025-07-17T20:43:46.877776,4,11,"[0, 1, 2, 3, 4, 5, 6, 7]",93.01580810546875,38.86540412902832,46.9561767578125,143,93.01580810546875,0.0,46.44097900390625,141
2025-07-17T20:43:46.884331,0,12,"[0, 1, 2, 3, 4, 5, 6, 7]",93.01580810546875,38.86540412902832,46.9561767578125,143,93.01580810546875,0.0,46.44097900390625,141
2025-07-17T20:43:46.892197,1,12,"[0, 1, 2, 3, 4, 5, 6, 7]",93.01580810546875,38.86540412902832,46.9561767578125,143,93.01580810546875,0.0,46.44097900390625,141
2025-07-17T20:43:46.899372,2,12,"[0, 1, 2, 3, 4, 5, 6, 7]",93.01580810546875,38.86540412902832,46.9561767578125,143,93.01580810546875,0.0,46.44097900390625,141
2025-07-17T20:43:46.906047,3,12,"[0, 1, 2, 3, 4, 5, 6, 7]",93.01580810546875,38.86540412902832,46.9561767578125,143,93.01580810546875,0.0,46.44097900390625,141
2025-07-17T20:43:46.913007,4,12,"[0, 1, 2, 3, 4, 5, 6, 7]",93.01580810546875,38.86540412902832,46.9561767578125,143,93.01580810546875,0.0,46.44097900390625,141
2025-07-17T20:43:46.919646,0,13,"[0, 1, 2, 3, 4, 5, 6, 7]",93.01580810546875,38.86540412902832,46.9561767578125,143,93.01580810546875,0.0,46.44097900390625,141
2025-07-17T20:43:46.933417,1,13,"[0, 1, 2, 3, 4, 5, 6, 7]",93.01580810546875,38.86540412902832,46.9561767578125,143,93.01580810546875,0.0,46.44097900390625,141
2025-07-17T20:43:46.936047,2,13,"[0, 1, 2, 3, 4, 5, 6, 7]",93.01580810546875,38.86540412902832,46.9561767578125,143,93.01580810546875,0.0,46.44097900390625,141
2025-07-17T20:43:46.942835,3,13,"[0, 1, 2, 3, 4, 5, 6, 7]",93.01580810546875,38.86540412902832,46.9561767578125,143,93.01580810546875,0.0,46.44097900390625,141
2025-07-17T20:43:46.950406,4,13,"[0, 1, 2, 3, 4, 5, 6, 7]",93.01580810546875,38.86540412902832,46.9561767578125,143,93.01580810546875,0.0,46.44097900390625,141
2025-07-17T20:43:46.957940,0,14,"[0, 1, 2, 3, 4, 5, 6, 7]",93.01580810546875,38.86540412902832,46.9561767578125,143,93.01580810546875,0.0,46.44097900390625,141
2025-07-17T20:43:46.970856,1,14,"[0, 1, 3, 4, 5, 6, 7]",93.01580810546875,38.86540412902832,46.9561767578125,143,93.01580810546875,0.0,46.44097900390625,141
2025-07-17T20:43:46.972740,2,14,"[0, 1, 2, 3, 4, 5, 6, 7]",93.01580810546875,38.86540412902832,46.9561767578125,143,93.01580810546875,0.0,46.44097900390625,141
2025-07-17T20:43:46.980356,3,14,"[0, 1, 3, 4, 5, 6, 7]",93.01580810546875,38.86540412902832,46.9561767578125,143,93.01580810546875,0.0,46.44097900390625,141
2025-07-17T20:43:46.986849,4,14,"[0, 1, 3, 4, 5, 6, 7]",93.01580810546875,38.86540412902832,46.9561767578125,143,93.01580810546875,0.0,46.44097900390625,141
2025-07-17T20:43:46.994212,0,15,"[0, 1, 2, 3, 4, 5, 6, 7]",93.01580810546875,38.86540412902832,46.9561767578125,143,93.01580810546875,0.0,46.44097900390625,141
2025-07-17T20:43:47.007325,1,15,"[0, 1, 2, 3, 4, 5, 6, 7]",93.01580810546875,38.86540412902832,46.9561767578125,143,93.01580810546875,0.0,46.44097900390625,141
2025-07-17T20:43:47.009149,2,15,"[0, 1, 2, 3, 4, 5, 6, 7]",93.01580810546875,38.86540412902832,46.9561767578125,143,93.01580810546875,0.0,46.44097900390625,141
2025-07-17T20:43:47.015870,3,15,"[0, 1, 2, 3, 4, 5, 6, 7]",93.01580810546875,38.86540412902832,46.9561767578125,143,93.01580810546875,0.0,46.44097900390625,141
2025-07-17T20:43:47.023387,4,15,"[0, 1, 2, 3, 4, 5, 6, 7]",93.01580810546875,38.86540412902832,46.9561767578125,143,93.01580810546875,0.0,46.44097900390625,141
2025-07-17T20:43:47.036317,0,16,"[0, 1, 2, 3, 4, 5, 6, 7]",93.01580810546875,38.86540412902832,46.9561767578125,143,93.01580810546875,0.0,46.44097900390625,141
2025-07-17T20:43:47.038644,1,16,"[0, 1, 2, 3, 4, 5, 6, 7]",93.01580810546875,38.86540412902832,46.9561767578125,143,93.01580810546875,0.0,46.44097900390625,141
2025-07-17T20:43:47.046076,2,16,"[0, 1, 2, 3, 4, 5, 6, 7]",93.01580810546875,38.86540412902832,46.9561767578125,143,93.01580810546875,0.0,46.44097900390625,141
2025-07-17T20:43:47.054857,3,16,"[0, 1, 2, 3, 4, 5, 6, 7]",93.01580810546875,38.86540412902832,46.9561767578125,143,93.01580810546875,0.0,46.44097900390625,141
2025-07-17T20:43:47.062044,4,16,"[0, 1, 2, 3, 4, 5, 6, 7]",93.01580810546875,38.86540412902832,46.9561767578125,143,93.01580810546875,0.0,46.44097900390625,141
2025-07-17T20:43:47.069349,0,17,"[0, 1, 2, 3, 4, 5, 6, 7]",93.01580810546875,38.86540412902832,46.9561767578125,143,93.01580810546875,0.0,46.44097900390625,141
2025-07-17T20:43:47.075679,1,17,"[0, 1, 2, 3, 4, 5, 6, 7]",93.01580810546875,38.86540412902832,46.9561767578125,143,93.01580810546875,0.0,46.44097900390625,141
2025-07-17T20:43:47.089619,2,17,"[0, 1, 2, 3, 4, 5, 6, 7]",93.01580810546875,38.86540412902832,46.9561767578125,143,93.01580810546875,0.0,46.44097900390625,141
2025-07-17T20:43:47.092110,3,17,"[0, 1, 2, 3, 4, 5, 6, 7]",93.01580810546875,38.86540412902832,46.9561767578125,143,93.01580810546875,0.0,46.44097900390625,141
2025-07-17T20:43:47.099356,4,17,"[0, 1, 2, 3, 4, 5, 6, 7]",93.01580810546875,38.86540412902832,46.9561767578125,143,93.01580810546875,0.0,46.44097900390625,141
2025-07-17T20:43:47.107476,0,18,"[0, 1, 2, 3, 4, 5, 6, 7]",93.01580810546875,38.86540412902832,46.9561767578125,143,93.01580810546875,0.0,46.44097900390625,141
2025-07-17T20:43:47.115007,1,18,"[0, 1, 2, 3, 4, 5, 6, 7]",93.01580810546875,38.86540412902832,46.9561767578125,143,93.01580810546875,0.0,46.44097900390625,141
2025-07-17T20:43:47.121740,2,18,"[0, 1, 2, 3, 4, 5, 6, 7]",93.01580810546875,38.86540412902832,46.9561767578125,143,93.01580810546875,0.0,46.44097900390625,141
2025-07-17T20:43:47.130415,3,18,"[0, 1, 2, 3, 4, 5, 6, 7]",93.01580810546875,38.86540412902832,46.9561767578125,143,93.01580810546875,0.0,46.44097900390625,141
2025-07-17T20:43:47.142784,4,18,"[0, 1, 2, 3, 4, 5, 6, 7]",93.01580810546875,38.86540412902832,46.9561767578125,143,93.01580810546875,0.0,46.44097900390625,141
2025-07-17T20:43:47.144977,0,19,"[0, 1, 2, 3, 4, 5, 6, 7]",93.01580810546875,38.86540412902832,46.9561767578125,143,93.01580810546875,0.0,46.44097900390625,141
2025-07-17T20:43:47.157807,1,19,"[1, 2, 4, 5, 6, 7]",93.01580810546875,38.86540412902832,46.9561767578125,143,93.01580810546875,0.0,46.44097900390625,141
2025-07-17T20:43:47.160343,2,19,"[0, 1, 2, 3, 4, 5, 6, 7]",93.01580810546875,38.86540412902832,46.9561767578125,143,93.01580810546875,0.0,46.44097900390625,141
2025-07-17T20:43:47.166896,3,19,"[1, 2, 4, 5, 6, 7]",93.01580810546875,38.86540412902832,46.9561767578125,143,93.01580810546875,0.0,46.44097900390625,141
2025-07-17T20:43:47.173478,4,19,"[1, 2, 4, 5, 6, 7]",93.01580810546875,38.86540412902832,46.9561767578125,143,93.01580810546875,0.0,46.44097900390625,141
2025-07-17T20:43:47.180387,0,20,"[0, 1, 2, 3, 4, 5, 6, 7]",93.01580810546875,38.86540412902832,46.9561767578125,143,93.01580810546875,0.0,46.44097900390625,141
2025-07-17T20:43:47.193896,1,20,"[0, 1, 2, 3, 4, 5, 6, 7]",93.01580810546875,38.86540412902832,46.9561767578125,143,93.01580810546875,0.0,46.44097900390625,141
2025-07-17T20:43:47.196427,2,20,"[0, 1, 2, 3, 4, 5, 6, 7]",93.01580810546875,38.86540412902832,46.9561767578125,143,93.01580810546875,0.0,46.44097900390625,141
2025-07-17T20:43:47.204384,3,20,"[0, 1, 2, 3, 4, 5, 6, 7]",93.01580810546875,38.86540412902832,46.9561767578125,143,93.01580810546875,0.0,46.44097900390625,141
2025-07-17T20:43:47.211706,4,20,"[0, 1, 2, 3, 4, 5, 6, 7]",93.01580810546875,38.86540412902832,46.9561767578125,143,93.01580810546875,0.0,46.44097900390625,141
2025-07-17T20:43:47.218645,0,21,"[0, 1, 2, 3, 4, 5, 6, 7]",93.01580810546875,38.86540412902832,46.9561767578125,143,93.01580810546875,0.0,46.44097900390625,141
2025-07-17T20:43:47.225621,1,21,"[0, 1, 2, 3, 4, 5, 6]",93.01580810546875,38.86540412902832,46.9561767578125,143,93.01580810546875,0.0,46.44097900390625,141
2025-07-17T20:43:47.233450,2,21,"[0, 1, 2, 3, 4, 5, 6, 7]",93.01580810546875,38.86540412902832,46.9561767578125,143,93.01580810546875,0.0,46.44097900390625,141
2025-07-17T20:43:47.240304,3,21,"[0, 1, 2, 3, 4, 5, 6]",93.01580810546875,38.86540412902832,46.9561767578125,143,93.01580810546875,0.0,46.44097900390625,141
2025-07-17T20:43:47.253330,4,21,"[0, 1, 2, 3, 4, 5, 6]",93.01580810546875,38.86540412902832,46.9561767578125,143,93.01580810546875,0.0,46.44097900390625,141
2025-07-17T20:43:47.255680,0,22,"[0, 1, 2, 3, 4, 5, 6, 7]",93.01580810546875,38.86540412902832,46.9561767578125,143,93.01580810546875,0.0,46.44097900390625,141
2025-07-17T20:43:47.263144,1,22,"[0, 1, 2, 3, 4, 5, 6, 7]",93.01580810546875,38.86540412902832,46.9561767578125,143,93.01580810546875,0.0,46.44097900390625,141
2025-07-17T20:43:47.275986,2,22,"[0, 1, 2, 3, 4, 5, 6, 7]",93.01580810546875,38.86540412902832,46.9561767578125,143,93.01580810546875,0.0,46.44097900390625,141
2025-07-17T20:43:47.278227,3,22,"[0, 1, 2, 3, 4, 5, 6, 7]",93.01580810546875,38.86540412902832,46.9561767578125,143,93.01580810546875,0.0,46.44097900390625,141
2025-07-17T20:43:47.286341,4,22,"[0, 1, 2, 3, 4, 5, 6, 7]",93.01580810546875,38.86540412902832,46.9561767578125,143,93.01580810546875,0.0,46.44097900390625,141
2025-07-17T20:43:47.299011,0,23,"[0, 1, 2, 3, 4, 5, 6, 7]",93.01580810546875,38.86540412902832,46.9561767578125,143,93.01580810546875,0.0,46.44097900390625,141
2025-07-17T20:43:47.300945,1,23,"[0, 1, 2, 3, 4, 5, 6]",93.01580810546875,38.86540412902832,46.9561767578125,143,93.01580810546875,0.0,46.44097900390625,141
2025-07-17T20:43:47.308646,2,23,"[0, 1, 2, 3, 4, 5, 6, 7]",93.01580810546875,38.86540412902832,46.9561767578125,143,93.01580810546875,0.0,46.44097900390625,141
2025-07-17T20:43:47.315597,3,23,"[0, 1, 2, 3, 4, 5, 6]",93.01580810546875,38.86540412902832,46.9561767578125,143,93.01580810546875,0.0,46.44097900390625,141
2025-07-17T20:43:47.324915,4,23,"[0, 1, 2, 3, 4, 5, 6]",93.01580810546875,38.86540412902832,46.9561767578125,143,93.01580810546875,0.0,46.44097900390625,141
2025-07-17T20:43:47.331406,0,24,"[0, 1, 2, 3, 4, 5, 6, 7]",93.01580810546875,38.86540412902832,46.9561767578125,143,93.01580810546875,0.0,46.44097900390625,141
2025-07-17T20:43:47.339747,1,24,"[0, 1, 2, 4, 5, 6, 7]",93.01580810546875,38.86540412902832,46.9561767578125,143,93.01580810546875,0.0,46.44097900390625,141
2025-07-17T20:43:47.347779,2,24,"[0, 1, 2, 3, 4, 5, 6, 7]",93.01580810546875,38.86540412902832,46.9561767578125,143,93.01580810546875,0.0,46.44097900390625,141
2025-07-17T20:43:47.361803,3,24,"[0, 1, 2, 4, 5, 6, 7]",93.01580810546875,38.86540412902832,46.9561767578125,143,93.01580810546875,0.0,46.44097900390625,141
2025-07-17T20:43:47.364261,4,24,"[0, 1, 2, 4, 5, 6, 7]",93.01580810546875,38.86540412902832,46.9561767578125,143,93.01580810546875,0.0,46.44097900390625,141
2025-07-17T20:43:47.371826,0,25,"[0, 1, 2, 3, 4, 5, 6, 7]",93.01580810546875,38.86540412902832,46.9561767578125,143,93.01580810546875,0.0,46.44097900390625,141
2025-07-17T20:43:47.379754,1,25,"[0, 1, 2, 3, 4, 6, 7]",93.01580810546875,38.86540412902832,46.9561767578125,143,93.01580810546875,0.0,46.44097900390625,141
2025-07-17T20:43:47.386069,2,25,"[0, 1, 2, 3, 4, 5, 6, 7]",93.01580810546875,38.86540412902832,46.9561767578125,143,93.01580810546875,0.0,46.44097900390625,141
2025-07-17T20:43:47.392794,3,25,"[0, 1, 2, 3, 4, 6, 7]",93.01580810546875,38.86540412902832,46.9561767578125,143,93.01580810546875,0.0,46.44097900390625,141
2025-07-17T20:43:47.399872,4,25,"[0, 1, 2, 3, 4, 6, 7]",93.01580810546875,38.86540412902832,46.9561767578125,143,93.01580810546875,0.0,46.44097900390625,141
2025-07-17T20:43:47.413126,0,26,"[0, 1, 2, 3, 4, 5, 6, 7]",93.01580810546875,38.86540412902832,46.9561767578125,143,93.01580810546875,0.0,46.44097900390625,141
2025-07-17T20:43:47.420645,1,26,"[0, 1, 2, 3, 4, 5, 6, 7]",93.01580810546875,38.86540412902832,46.9561767578125,143,93.01580810546875,0.0,46.44097900390625,141
2025-07-17T20:43:47.422772,2,26,"[0, 1, 2, 3, 4, 5, 6, 7]",93.01580810546875,38.86540412902832,46.9561767578125,143,93.01580810546875,0.0,46.44097900390625,141
2025-07-17T20:43:47.429744,3,26,"[0, 1, 2, 3, 4, 5, 6, 7]",93.01580810546875,38.86540412902832,46.9561767578125,143,93.01580810546875,0.0,46.44097900390625,141
2025-07-17T20:43:47.436229,4,26,"[0, 1, 2, 3, 4, 5, 6, 7]",93.01580810546875,38.86540412902832,46.9561767578125,143,93.01580810546875,0.0,46.44097900390625,141
2025-07-17T20:43:47.444807,0,27,"[0, 1, 2, 3, 4, 5, 6, 7]",93.01580810546875,38.86540412902832,46.9561767578125,143,93.01580810546875,0.0,46.44097900390625,141
2025-07-17T20:43:47.452385,1,27,"[0, 1, 2, 3, 4, 5, 6, 7]",93.01580810546875,38.86540412902832,46.9561767578125,143,93.01580810546875,0.0,46.44097900390625,141
2025-07-17T20:43:47.464987,2,27,"[0, 1, 2, 3, 4, 5, 6, 7]",93.01580810546875,38.86540412902832,46.9561767578125,143,93.01580810546875,0.0,46.44097900390625,141
2025-07-17T20:43:47.472443,3,27,"[0, 1, 2, 3, 4, 5, 6, 7]",93.01580810546875,38.86540412902832,46.9561767578125,143,93.01580810546875,0.0,46.44097900390625,141
2025-07-17T20:43:47.475041,4,27,"[0, 1, 2, 3, 4, 5, 6, 7]",93.01580810546875,38.86540412902832,46.9561767578125,143,93.01580810546875,0.0,46.44097900390625,141
2025-07-17T20:43:47.481956,0,28,"[0, 1, 2, 3, 4, 5, 6, 7]",93.01580810546875,38.86540412902832,46.9561767578125,143,93.01580810546875,0.0,46.44097900390625,141
2025-07-17T20:43:47.488830,1,28,"[0, 1, 2, 3, 4, 5, 6, 7]",93.01580810546875,38.86540412902832,46.9561767578125,143,93.01580810546875,0.0,46.44097900390625,141
2025-07-17T20:43:47.495817,2,28,"[0, 1, 2, 3, 4, 5, 6, 7]",93.01580810546875,38.86540412902832,46.9561767578125,143,93.01580810546875,0.0,46.44097900390625,141
2025-07-17T20:43:47.502287,3,28,"[0, 1, 2, 3, 4, 5, 6, 7]",93.01580810546875,38.86540412902832,46.9561767578125,143,93.01580810546875,0.0,46.44097900390625,141
2025-07-17T20:43:47.514785,4,28,"[0, 1, 2, 3, 4, 5, 6, 7]",93.01580810546875,38.86540412902832,46.9561767578125,143,93.01580810546875,0.0,46.44097900390625,141
2025-07-17T20:43:47.517273,0,29,"[0, 1, 2, 3, 4, 5, 6, 7]",93.01580810546875,38.86540412902832,46.9561767578125,143,93.01580810546875,0.0,46.44097900390625,141
2025-07-17T20:43:47.529728,1,29,"[0, 1, 2, 3, 4, 5, 6, 7]",93.01580810546875,38.86540412902832,46.9561767578125,143,93.01580810546875,0.0,46.44097900390625,141
2025-07-17T20:43:47.533635,2,29,"[0, 1, 2, 3, 4, 5, 6, 7]",93.01580810546875,38.86540412902832,46.9561767578125,143,93.01580810546875,0.0,46.44097900390625,141
2025-07-17T20:43:47.540106,3,29,"[0, 1, 2, 3, 4, 5, 6, 7]",93.01580810546875,38.86540412902832,46.9561767578125,143,93.01580810546875,0.0,46.44097900390625,141
2025-07-17T20:43:47.553696,4,29,"[0, 1, 2, 3, 4, 5, 6, 7]",93.01580810546875,38.86540412902832,46.9561767578125,143,93.01580810546875,0.0,46.44097900390625,141
2025-07-17T20:43:47.562184,0,30,"[0, 1, 2, 3, 4, 5, 6, 7]",93.01580810546875,38.86540412902832,46.9561767578125,143,93.01580810546875,0.0,46.44097900390625,141
2025-07-17T20:43:47.564193,1,30,"[0, 1, 2, 3, 4, 5, 6, 7]",93.01580810546875,38.86540412902832,46.9561767578125,143,93.01580810546875,0.0,46.44097900390625,141
2025-07-17T20:43:47.571886,2,30,"[0, 1, 2, 3, 4, 5, 6, 7]",93.01580810546875,38.86540412902832,46.9561767578125,143,93.01580810546875,0.0,46.44097900390625,141
2025-07-17T20:43:47.578391,3,30,"[0, 1, 2, 3, 4, 5, 6, 7]",93.01580810546875,38.86540412902832,46.9561767578125,143,93.01580810546875,0.0,46.44097900390625,141
2025-07-17T20:43:47.585817,4,30,"[0, 1, 2, 3, 4, 5, 6, 7]",93.01580810546875,38.86540412902832,46.9561767578125,143,93.01580810546875,0.0,46.44097900390625,141
2025-07-17T20:43:47.592918,0,31,"[0, 1, 2, 3, 4, 5, 6, 7]",93.01580810546875,38.87229824066162,46.9561767578125,143,93.01580810546875,0.0,46.44097900390625,141
2025-07-17T20:43:47.605928,1,31,"[0, 1, 2, 3, 4, 5, 6, 7]",93.01580810546875,38.86909008026123,46.9561767578125,143,93.01580810546875,0.0,46.44097900390625,141
2025-07-17T20:43:47.615203,2,31,"[0, 1, 2, 3, 4, 5, 6, 7]",93.01580810546875,38.86646366119385,46.9561767578125,143,93.01580810546875,0.0,46.44097900390625,141
2025-07-17T20:43:47.624670,3,31,"[0, 1, 2, 3, 4, 5, 6, 7]",93.01580810546875,38.86299800872803,46.9561767578125,143,93.01580810546875,0.0,46.44097900390625,141
2025-07-17T20:43:47.627165,4,31,"[0, 1, 2, 3, 4, 5, 6, 7]",93.01580810546875,38.86002254486084,46.9561767578125,143,93.01580810546875,0.0,46.44097900390625,141
2025-07-17T20:43:47.642432,0,0,"[0, 1, 2, 3, 4, 5, 6, 7]",93.01580810546875,38.85531425476074,46.9561767578125,143,93.01580810546875,0.0,46.44097900390625,141
2025-07-17T20:43:47.649919,1,0,"[0, 1, 2, 3, 4, 5, 6, 7]",93.01580810546875,38.85852241516113,46.9561767578125,143,93.01580810546875,0.0,46.44097900390625,141
2025-07-17T20:43:47.657411,2,0,"[0, 1, 2, 3, 4, 5, 6, 7]",93.01580810546875,38.86149787902832,46.9561767578125,143,93.01580810546875,0.0,46.44097900390625,141
2025-07-17T20:43:47.665773,3,0,"[0, 1, 2, 3, 4, 5, 6, 7]",93.01580810546875,38.86438179016113,46.9561767578125,143,93.01580810546875,0.0,46.44097900390625,141
2025-07-17T20:43:47.668272,4,0,"[0, 1, 2, 3, 4, 5, 6, 7]",93.01580810546875,38.86540412902832,46.9561767578125,143,93.01580810546875,0.0,46.44097900390625,141
2025-07-17T20:43:47.675448,0,1,"[0, 1, 2, 3, 4, 5, 6, 7]",93.01580810546875,38.86540412902832,46.9561767578125,143,93.01580810546875,0.0,46.44097900390625,141
2025-07-17T20:43:47.689917,1,1,"[0, 1, 2, 3, 4, 5, 6, 7]",93.01580810546875,38.86540412902832,46.9561767578125,143,93.01580810546875,0.0,46.44097900390625,141
2025-07-17T20:43:47.691990,2,1,"[0, 1, 2, 3, 4, 5, 6, 7]",93.01580810546875,38.86540412902832,46.9561767578125,143,93.01580810546875,0.0,46.44097900390625,141
2025-07-17T20:43:47.699798,3,1,"[0, 1, 2, 3, 4, 5, 6, 7]",93.01580810546875,38.86540412902832,46.9561767578125,143,93.01580810546875,0.0,46.44097900390625,141
2025-07-17T20:43:47.712065,4,1,"[0, 1, 2, 3, 4, 5, 6, 7]",93.01580810546875,38.86540412902832,46.9561767578125,143,93.01580810546875,0.0,46.44097900390625,141
2025-07-17T20:43:47.714361,0,2,"[0, 1, 2, 3, 4, 5, 6, 7]",93.01580810546875,38.86540412902832,46.9561767578125,143,93.01580810546875,0.0,46.44097900390625,141
2025-07-17T20:43:47.720890,1,2,"[0, 1, 2, 3, 4, 5, 6, 7]",93.01580810546875,38.86540412902832,46.9561767578125,143,93.01580810546875,0.0,46.44097900390625,141
2025-07-17T20:43:47.729349,2,2,"[0, 1, 2, 3, 4, 5, 6, 7]",93.01580810546875,38.86540412902832,46.9561767578125,143,93.01580810546875,0.0,46.44097900390625,141
2025-07-17T20:43:47.735892,3,2,"[0, 1, 2, 3, 4, 5, 6, 7]",93.01580810546875,38.86540412902832,46.9561767578125,143,93.01580810546875,0.0,46.44097900390625,141
2025-07-17T20:43:47.747261,4,2,"[0, 1, 2, 3, 4, 5, 6, 7]",93.01580810546875,38.86540412902832,46.9561767578125,143,93.01580810546875,0.0,46.44097900390625,141
2025-07-17T20:43:47.749274,0,3,"[0, 1, 2, 3, 4, 5, 6, 7]",93.01580810546875,38.86540412902832,46.9561767578125,143,93.01580810546875,0.0,46.44097900390625,141
2025-07-17T20:43:47.756479,1,3,"[0, 1, 2, 3, 4, 5, 6, 7]",93.01580810546875,38.86540412902832,46.9561767578125,143,93.01580810546875,0.0,46.44097900390625,141
2025-07-17T20:43:47.769355,2,3,"[0, 1, 2, 3, 4, 6, 7]",93.01580810546875,38.86540412902832,46.9561767578125,143,93.01580810546875,0.0,46.44097900390625,141
2025-07-17T20:43:47.777753,3,3,"[0, 1, 2, 3, 4, 5, 6, 7]",93.01580810546875,38.86540412902832,46.9561767578125,143,93.01580810546875,0.0,46.44097900390625,141
2025-07-17T20:43:47.780030,4,3,"[0, 1, 2, 3, 4, 5, 6, 7]",93.01580810546875,38.86540412902832,46.9561767578125,143,93.01580810546875,0.0,46.44097900390625,141
2025-07-17T20:43:47.788042,0,4,"[0, 1, 2, 3, 4, 5, 6, 7]",93.01580810546875,38.86540412902832,46.9561767578125,143,93.01580810546875,0.0,46.44097900390625,141
2025-07-17T20:43:47.794683,1,4,"[0, 1, 2, 3, 4, 5, 6, 7]",93.01580810546875,38.86540412902832,46.9561767578125,143,93.01580810546875,0.0,46.44097900390625,141
2025-07-17T20:43:47.801627,2,4,"[0, 1, 2, 3, 4, 5, 6, 7]",93.01580810546875,38.86540412902832,46.9561767578125,143,93.01580810546875,0.0,46.44097900390625,141
2025-07-17T20:43:47.808566,3,4,"[0, 1, 2, 3, 4, 5, 6, 7]",93.01580810546875,38.86540412902832,46.9561767578125,143,93.01580810546875,0.0,46.44097900390625,141
2025-07-17T20:43:47.821298,4,4,"[0, 1, 2, 3, 4, 5, 6, 7]",93.01580810546875,38.86540412902832,46.9561767578125,143,93.01580810546875,0.0,46.44097900390625,141
2025-07-17T20:43:47.824034,0,5,"[0, 1, 2, 3, 4, 5, 6, 7]",93.01580810546875,38.86540412902832,46.9561767578125,143,93.01580810546875,0.0,46.44097900390625,141
2025-07-17T20:43:47.836861,1,5,"[0, 1, 2, 3, 4, 5, 6, 7]",93.01580810546875,38.86540412902832,46.9561767578125,143,93.01580810546875,0.0,46.44097900390625,141
2025-07-17T20:43:47.844908,2,5,"[0, 1, 2, 3, 4, 5, 6, 7]",93.01580810546875,38.86540412902832,46.9561767578125,143,93.01580810546875,0.0,46.44097900390625,141
2025-07-17T20:43:47.847108,3,5,"[0, 1, 2, 3, 4, 5, 6, 7]",93.01580810546875,38.86540412902832,46.9561767578125,143,93.01580810546875,0.0,46.44097900390625,141
2025-07-17T20:43:47.854735,4,5,"[0, 1, 2, 3, 4, 5, 6, 7]",93.01580810546875,38.86540412902832,46.9561767578125,143,93.01580810546875,0.0,46.44097900390625,141
2025-07-17T20:43:47.861685,0,6,"[0, 1, 2, 3, 4, 5, 6, 7]",93.01580810546875,38.86540412902832,46.9561767578125,143,93.01580810546875,0.0,46.44097900390625,141
2025-07-17T20:43:47.874265,1,6,"[0, 1, 2, 3, 4, 5, 6, 7]",93.01580810546875,38.86540412902832,46.9561767578125,143,93.01580810546875,0.0,46.44097900390625,141
2025-07-17T20:43:47.876837,2,6,"[0, 1, 2, 3, 4, 5, 6, 7]",93.01580810546875,38.86540412902832,46.9561767578125,143,93.01580810546875,0.0,46.44097900390625,141
2025-07-17T20:43:47.882423,3,6,"[0, 1, 2, 3, 4, 5, 6, 7]",93.01580810546875,38.86540412902832,46.9561767578125,143,93.01580810546875,0.0,46.44097900390625,141
2025-07-17T20:43:47.896902,4,6,"[0, 1, 2, 3, 4, 5, 6, 7]",93.01580810546875,38.86540412902832,46.9561767578125,143,93.01580810546875,0.0,46.44097900390625,141
2025-07-17T20:43:47.899204,0,7,"[0, 1, 2, 3, 4, 5, 6, 7]",93.01580810546875,38.86540412902832,46.9561767578125,143,93.01580810546875,0.0,46.44097900390625,141
2025-07-17T20:43:47.906831,1,7,"[0, 1, 2, 3, 4, 5, 6, 7]",93.01580810546875,38.86540412902832,46.9561767578125,143,93.01580810546875,0.0,46.44097900390625,141
2025-07-17T20:43:47.913868,2,7,"[0, 1, 2, 3, 4, 5, 6, 7]",93.01580810546875,38.86540412902832,46.9561767578125,143,93.01580810546875,0.0,46.44097900390625,141
2025-07-17T20:43:47.920373,3,7,"[0, 1, 2, 3, 4, 5, 6, 7]",93.01580810546875,38.86540412902832,46.9561767578125,143,93.01580810546875,0.0,46.44097900390625,141
2025-07-17T20:43:47.928006,4,7,"[0, 1, 2, 3, 4, 5, 6, 7]",93.01580810546875,38.86540412902832,46.9561767578125,143,93.01580810546875,0.0,46.44097900390625,141
2025-07-17T20:43:47.935275,0,8,"[0, 1, 2, 3, 4, 5, 6, 7]",93.01580810546875,38.86540412902832,46.9561767578125,143,93.01580810546875,0.0,46.44097900390625,141
2025-07-17T20:43:47.943360,1,8,"[1, 2, 3, 4, 5, 6, 7]",93.01580810546875,38.86540412902832,46.9561767578125,143,93.01580810546875,0.0,46.44097900390625,141
2025-07-17T20:43:47.950859,2,8,"[0, 1, 2, 3, 4, 5, 6, 7]",93.01580810546875,38.86540412902832,46.9561767578125,143,93.01580810546875,0.0,46.44097900390625,141
2025-07-17T20:43:47.958638,3,8,"[1, 2, 3, 4, 5, 6, 7]",93.01580810546875,38.86540412902832,46.9561767578125,143,93.01580810546875,0.0,46.44097900390625,141
2025-07-17T20:43:47.966231,4,8,"[1, 2, 3, 4, 5, 6, 7]",93.01580810546875,38.86540412902832,46.9561767578125,143,93.01580810546875,0.0,46.44097900390625,141
2025-07-17T20:43:47.974025,0,9,"[0, 1, 2, 3, 4, 5, 6, 7]",93.01580810546875,38.86540412902832,46.9561767578125,143,93.01580810546875,0.0,46.44097900390625,141
2025-07-17T20:43:47.986314,1,9,"[0, 1, 2, 3, 4, 5, 6, 7]",93.01580810546875,38.86540412902832,46.9561767578125,143,93.01580810546875,0.0,46.44097900390625,141
2025-07-17T20:43:47.988852,2,9,"[0, 1, 2, 3, 4, 5, 6, 7]",93.01580810546875,38.86540412902832,46.9561767578125,143,93.01580810546875,0.0,46.44097900390625,141
2025-07-17T20:43:47.996205,3,9,"[0, 1, 2, 3, 4, 5, 6, 7]",93.01580810546875,38.86540412902832,46.9561767578125,143,93.01580810546875,0.0,46.44097900390625,141
2025-07-17T20:43:48.003431,4,9,"[0, 1, 2, 3, 4, 5, 6, 7]",93.01580810546875,38.86540412902832,46.9561767578125,143,93.01580810546875,0.0,46.44097900390625,141
2025-07-17T20:43:48.010404,0,10,"[0, 1, 2, 3, 4, 5, 6, 7]",93.01580810546875,38.86540412902832,46.9561767578125,143,93.01580810546875,0.0,46.44097900390625,141
2025-07-17T20:43:48.023097,1,10,"[0, 1, 2, 3, 4, 5, 6, 7]",93.01580810546875,38.86540412902832,46.9561767578125,143,93.01580810546875,0.0,46.44097900390625,141
2025-07-17T20:43:48.025314,2,10,"[0, 1, 2, 3, 4, 5, 6, 7]",93.01580810546875,38.86540412902832,46.9561767578125,143,93.01580810546875,0.0,46.44097900390625,141
2025-07-17T20:43:48.033339,3,10,"[0, 1, 2, 3, 4, 5, 6, 7]",93.01580810546875,38.86540412902832,46.9561767578125,143,93.01580810546875,0.0,46.44097900390625,141
2025-07-17T20:43:48.045797,4,10,"[0, 1, 2, 3, 4, 5, 6, 7]",93.01580810546875,38.86540412902832,46.9561767578125,143,93.01580810546875,0.0,46.44097900390625,141
2025-07-17T20:43:48.048101,0,11,"[0, 1, 2, 3, 4, 5, 6, 7]",93.01580810546875,38.86540412902832,46.9561767578125,143,93.01580810546875,0.0,46.44097900390625,141
2025-07-17T20:43:48.055998,1,11,"[0, 1, 2, 3, 4, 5, 6, 7]",93.01580810546875,38.86540412902832,46.9561767578125,143,93.01580810546875,0.0,46.44097900390625,141
2025-07-17T20:43:48.062839,2,11,"[0, 1, 2, 3, 4, 5, 6, 7]",93.01580810546875,38.86540412902832,46.9561767578125,143,93.01580810546875,0.0,46.44097900390625,141
2025-07-17T20:43:48.075567,3,11,"[0, 1, 2, 3, 4, 5, 6, 7]",93.01580810546875,38.86540412902832,46.9561767578125,143,93.01580810546875,0.0,46.44097900390625,141
2025-07-17T20:43:48.077880,4,11,"[0, 1, 2, 3, 4, 5, 6, 7]",93.01580810546875,38.86540412902832,46.9561767578125,143,93.01580810546875,0.0,46.44097900390625,141
2025-07-17T20:43:48.089321,0,12,"[0, 1, 2, 3, 4, 5, 6, 7]",93.01580810546875,38.86540412902832,46.9561767578125,143,93.01580810546875,0.0,46.44097900390625,141
2025-07-17T20:43:48.091711,1,12,"[0, 1, 2, 3, 4, 5, 6]",93.01580810546875,38.86540412902832,46.9561767578125,143,93.01580810546875,0.0,46.44097900390625,141
2025-07-17T20:43:48.099703,2,12,"[0, 1, 2, 3, 4, 5, 6, 7]",93.01580810546875,38.86540412902832,46.9561767578125,143,93.01580810546875,0.0,46.44097900390625,141
2025-07-17T20:43:48.113026,3,12,"[0, 1, 2, 3, 4, 5, 6]",93.01580810546875,38.86540412902832,46.9561767578125,143,93.01580810546875,0.0,46.44097900390625,141
2025-07-17T20:43:48.115115,4,12,"[0, 1, 2, 3, 4, 5, 6]",93.01580810546875,38.86540412902832,46.9561767578125,143,93.01580810546875,0.0,46.44097900390625,141
2025-07-17T20:43:48.123005,0,13,"[0, 1, 2, 3, 4, 5, 6, 7]",93.01580810546875,38.86540412902832,46.9561767578125,143,93.01580810546875,0.0,46.44097900390625,141
2025-07-17T20:43:48.130529,1,13,"[0, 1, 2, 3, 4, 6, 7]",93.01580810546875,38.86540412902832,46.9561767578125,143,93.01580810546875,0.0,46.44097900390625,141
2025-07-17T20:43:48.143521,2,13,"[0, 1, 2, 3, 4, 5, 6, 7]",93.01580810546875,38.86540412902832,46.9561767578125,143,93.01580810546875,0.0,46.44097900390625,141
2025-07-17T20:43:48.152354,3,13,"[0, 1, 2, 3, 4, 6, 7]",93.01580810546875,38.86540412902832,46.9561767578125,143,93.01580810546875,0.0,46.44097900390625,141
2025-07-17T20:43:48.154693,4,13,"[0, 1, 2, 3, 4, 6, 7]",93.01580810546875,38.86540412902832,46.9561767578125,143,93.01580810546875,0.0,46.44097900390625,141
2025-07-17T20:43:48.168223,0,14,"[0, 1, 2, 3, 4, 5, 6, 7]",93.01580810546875,38.86540412902832,46.9561767578125,143,93.01580810546875,0.0,46.44097900390625,141
2025-07-17T20:43:48.171034,1,14,"[0, 1, 2, 3, 4, 5, 6, 7]",93.01580810546875,38.86540412902832,46.9561767578125,143,93.01580810546875,0.0,46.44097900390625,141
2025-07-17T20:43:48.184025,2,14,"[0, 1, 2, 3, 4, 5, 6, 7]",93.01580810546875,38.86540412902832,46.9561767578125,143,93.01580810546875,0.0,46.44097900390625,141
2025-07-17T20:43:48.193179,3,14,"[0, 1, 2, 3, 4, 5, 6, 7]",93.01580810546875,38.86540412902832,46.9561767578125,143,93.01580810546875,0.0,46.44097900390625,141
2025-07-17T20:43:48.196480,4,14,"[0, 1, 2, 3, 4, 5, 6, 7]",93.01580810546875,38.86540412902832,46.9561767578125,143,93.01580810546875,0.0,46.44097900390625,141
2025-07-17T20:43:48.209112,0,15,"[0, 1, 2, 3, 4, 5, 6, 7]",93.01580810546875,38.86540412902832,46.9561767578125,143,93.01580810546875,0.0,46.44097900390625,141
2025-07-17T20:43:48.211211,1,15,"[0, 1, 2, 3, 4, 5, 6, 7]",93.01580810546875,38.86540412902832,46.9561767578125,143,93.01580810546875,0.0,46.44097900390625,141
2025-07-17T20:43:48.218538,2,15,"[0, 1, 2, 3, 4, 5, 6, 7]",93.01580810546875,38.86540412902832,46.9561767578125,143,93.01580810546875,0.0,46.44097900390625,141
2025-07-17T20:43:48.232002,3,15,"[0, 1, 2, 3, 4, 5, 6, 7]",93.01580810546875,38.86540412902832,46.9561767578125,143,93.01580810546875,0.0,46.44097900390625,141
2025-07-17T20:43:48.234437,4,15,"[0, 1, 2, 3, 4, 5, 6, 7]",93.01580810546875,38.86540412902832,46.9561767578125,143,93.01580810546875,0.0,46.44097900390625,141
2025-07-17T20:43:48.242138,0,16,"[0, 1, 2, 3, 4, 5, 6, 7]",93.01580810546875,38.86540412902832,46.9561767578125,143,93.01580810546875,0.0,46.44097900390625,141
2025-07-17T20:43:48.248709,1,16,"[0, 1, 3, 4, 5, 6, 7]",93.01580810546875,38.86540412902832,46.9561767578125,143,93.01580810546875,0.0,46.44097900390625,141
2025-07-17T20:43:48.257212,2,16,"[0, 1, 2, 3, 4, 5, 6, 7]",93.01580810546875,38.86540412902832,46.9561767578125,143,93.01580810546875,0.0,46.44097900390625,141
2025-07-17T20:43:48.264309,3,16,"[0, 1, 3, 4, 5, 6, 7]",93.01580810546875,38.86540412902832,46.9561767578125,143,93.01580810546875,0.0,46.44097900390625,141
2025-07-17T20:43:48.271452,4,16,"[0, 1, 3, 4, 5, 6, 7]",93.01580810546875,38.86540412902832,46.9561767578125,143,93.01580810546875,0.0,46.44097900390625,141
2025-07-17T20:43:48.279672,0,17,"[0, 1, 2, 3, 4, 5, 6, 7]",93.01580810546875,38.86540412902832,46.9561767578125,143,93.01580810546875,0.0,46.44097900390625,141
2025-07-17T20:43:48.287152,1,17,"[0, 1, 2, 3, 4, 5, 6, 7]",93.01580810546875,38.86540412902832,46.9561767578125,143,93.01580810546875,0.0,46.44097900390625,141
2025-07-17T20:43:48.299036,2,17,"[0, 1, 2, 3, 5, 6, 7]",93.01580810546875,38.86540412902832,46.9561767578125,143,93.01580810546875,0.0,46.44097900390625,141
2025-07-17T20:43:48.301135,3,17,"[0, 1, 2, 3, 4, 5, 6, 7]",93.01580810546875,38.86540412902832,46.9561767578125,143,93.01580810546875,0.0,46.44097900390625,141
2025-07-17T20:43:48.308500,4,17,"[0, 1, 2, 3, 4, 5, 6, 7]",93.01580810546875,38.86540412902832,46.9561767578125,143,93.01580810546875,0.0,46.44097900390625,141
2025-07-17T20:43:48.316996,0,18,"[0, 1, 2, 3, 4, 5, 6, 7]",93.01580810546875,38.86540412902832,46.9561767578125,143,93.01580810546875,0.0,46.44097900390625,141
2025-07-17T20:43:48.324582,1,18,"[0, 1, 2, 3, 4, 5, 6, 7]",93.01580810546875,38.86540412902832,46.9561767578125,143,93.01580810546875,0.0,46.44097900390625,141
2025-07-17T20:43:48.330388,2,18,"[0, 1, 2, 3, 4, 5, 6, 7]",93.01580810546875,38.86540412902832,46.9561767578125,143,93.01580810546875,0.0,46.44097900390625,141
2025-07-17T20:43:48.337868,3,18,"[0, 1, 2, 3, 4, 5, 6, 7]",93.01580810546875,38.86540412902832,46.9561767578125,143,93.01580810546875,0.0,46.44097900390625,141
2025-07-17T20:43:48.345820,4,18,"[0, 1, 2, 3, 4, 5, 6, 7]",93.01580810546875,38.86540412902832,46.9561767578125,143,93.01580810546875,0.0,46.44097900390625,141
2025-07-17T20:43:48.353168,0,19,"[0, 1, 2, 3, 4, 5, 6, 7]",93.01580810546875,38.86540412902832,46.9561767578125,143,93.01580810546875,0.0,46.44097900390625,141
2025-07-17T20:43:48.364861,1,19,"[0, 1, 2, 3, 4, 5, 6, 7]",93.01580810546875,38.86540412902832,46.9561767578125,143,93.01580810546875,0.0,46.44097900390625,141
2025-07-17T20:43:48.367250,2,19,"[0, 1, 2, 3, 4, 5, 6]",93.01580810546875,38.86540412902832,46.9561767578125,143,93.01580810546875,0.0,46.44097900390625,141
2025-07-17T20:43:48.375296,3,19,"[0, 1, 2, 3, 4, 5, 6, 7]",93.01580810546875,38.86540412902832,46.9561767578125,143,93.01580810546875,0.0,46.44097900390625,141
2025-07-17T20:43:48.383365,4,19,"[0, 1, 2, 3, 4, 5, 6, 7]",93.01580810546875,38.86540412902832,46.9561767578125,143,93.01580810546875,0.0,46.44097900390625,141
2025-07-17T20:43:48.391162,0,20,"[0, 1, 2, 3, 4, 5, 6, 7]",93.01580810546875,38.86540412902832,46.9561767578125,143,93.01580810546875,0.0,46.44097900390625,141
2025-07-17T20:43:48.398548,1,20,"[0, 1, 2, 3, 4, 5, 6, 7]",93.01580810546875,38.86540412902832,46.9561767578125,143,93.01580810546875,0.0,46.44097900390625,141
2025-07-17T20:43:48.404797,2,20,"[0, 1, 2, 3, 4, 5, 6, 7]",93.01580810546875,38.86540412902832,46.9561767578125,143,93.01580810546875,0.0,46.44097900390625,141
2025-07-17T20:43:48.413423,3,20,"[0, 1, 2, 3, 4, 5, 6, 7]",93.01580810546875,38.86540412902832,46.9561767578125,143,93.01580810546875,0.0,46.44097900390625,141
2025-07-17T20:43:48.420042,4,20,"[0, 1, 2, 3, 4, 5, 6, 7]",93.01580810546875,38.86540412902832,46.9561767578125,143,93.01580810546875,0.0,46.44097900390625,141
2025-07-17T20:43:48.426968,0,21,"[0, 1, 2, 3, 4, 5, 6, 7]",93.01580810546875,38.86540412902832,46.9561767578125,143,93.01580810546875,0.0,46.44097900390625,141
2025-07-17T20:43:48.434520,1,21,"[0, 1, 2, 3, 4, 5, 6, 7]",93.01580810546875,38.86540412902832,46.9561767578125,143,93.01580810546875,0.0,46.44097900390625,141
2025-07-17T20:43:48.447327,2,21,"[0, 1, 2, 3, 4, 5, 6, 7]",93.01580810546875,38.86540412902832,46.9561767578125,143,93.01580810546875,0.0,46.44097900390625,141
2025-07-17T20:43:48.449361,3,21,"[0, 1, 2, 3, 4, 5, 6, 7]",93.01580810546875,38.86540412902832,46.9561767578125,143,93.01580810546875,0.0,46.44097900390625,141
2025-07-17T20:43:48.457180,4,21,"[0, 1, 2, 3, 4, 5, 6, 7]",93.01580810546875,38.86540412902832,46.9561767578125,143,93.01580810546875,0.0,46.44097900390625,141
2025-07-17T20:43:48.463971,0,22,"[0, 1, 2, 3, 4, 5, 6, 7]",93.01580810546875,38.86540412902832,46.9561767578125,143,93.01580810546875,0.0,46.44097900390625,141
2025-07-17T20:43:48.471026,1,22,"[0, 1, 2, 3, 4, 5, 6, 7]",93.01580810546875,38.86540412902832,46.9561767578125,143,93.01580810546875,0.0,46.44097900390625,141
2025-07-17T20:43:48.483451,2,22,"[0, 1, 2, 3, 4, 5, 6, 7]",93.01580810546875,38.86540412902832,46.9561767578125,143,93.01580810546875,0.0,46.44097900390625,141
2025-07-17T20:43:48.491259,3,22,"[0, 1, 2, 3, 4, 5, 6, 7]",93.01580810546875,38.86540412902832,46.9561767578125,143,93.01580810546875,0.0,46.44097900390625,141
2025-07-17T20:43:48.493523,4,22,"[0, 1, 2, 3, 4, 5, 6, 7]",93.01580810546875,38.86540412902832,46.9561767578125,143,93.01580810546875,0.0,46.44097900390625,141
2025-07-17T20:43:48.501077,0,23,"[0, 1, 2, 3, 4, 5, 6, 7]",93.01580810546875,38.86540412902832,46.9561767578125,143,93.01580810546875,0.0,46.44097900390625,141
2025-07-17T20:43:48.507665,1,23,"[0, 1, 2, 3, 4, 5, 6, 7]",93.01580810546875,38.86540412902832,46.9561767578125,143,93.01580810546875,0.0,46.44097900390625,141
2025-07-17T20:43:48.521429,2,23,"[0, 1, 2, 3, 4, 5, 6, 7]",93.01580810546875,38.86540412902832,46.9561767578125,143,93.01580810546875,0.0,46.44097900390625,141
2025-07-17T20:43:48.523974,3,23,"[0, 1, 2, 3, 4, 5, 6, 7]",93.01580810546875,38.86540412902832,46.9561767578125,143,93.01580810546875,0.0,46.44097900390625,141
2025-07-17T20:43:48.531560,4,23,"[0, 1, 2, 3, 4, 5, 6, 7]",93.01580810546875,38.86540412902832,46.9561767578125,143,93.01580810546875,0.0,46.44097900390625,141
2025-07-17T20:43:48.540638,0,24,"[0, 1, 2, 3, 4, 5, 6, 7]",93.01580810546875,38.86540412902832,46.9561767578125,143,93.01580810546875,0.0,46.44097900390625,141
2025-07-17T20:43:48.547929,1,24,"[0, 1, 2, 3, 4, 5, 6, 7]",93.01580810546875,38.86540412902832,46.9561767578125,143,93.01580810546875,0.0,46.44097900390625,141
2025-07-17T20:43:48.555961,2,24,"[0, 1, 2, 3, 4, 5, 6, 7]",93.01580810546875,38.86540412902832,46.9561767578125,143,93.01580810546875,0.0,46.44097900390625,141
2025-07-17T20:43:48.567445,3,24,"[0, 1, 2, 3, 4, 5, 6, 7]",93.01580810546875,38.86540412902832,46.9561767578125,143,93.01580810546875,0.0,46.44097900390625,141
2025-07-17T20:43:48.569666,4,24,"[0, 1, 2, 3, 4, 5, 6, 7]",93.01580810546875,38.86540412902832,46.9561767578125,143,93.01580810546875,0.0,46.44097900390625,141
2025-07-17T20:43:48.577779,0,25,"[0, 1, 2, 3, 4, 5, 6, 7]",93.01580810546875,38.86540412902832,46.9561767578125,143,93.01580810546875,0.0,46.44097900390625,141
2025-07-17T20:43:48.584764,1,25,"[0, 1, 2, 3, 4, 5, 6, 7]",93.01580810546875,38.86540412902832,46.9561767578125,143,93.01580810546875,0.0,46.44097900390625,141
2025-07-17T20:43:48.591147,2,25,"[0, 1, 2, 3, 4, 5, 6, 7]",93.01580810546875,38.86540412902832,46.9561767578125,143,93.01580810546875,0.0,46.44097900390625,141
2025-07-17T20:43:48.598919,3,25,"[0, 1, 2, 3, 4, 5, 6, 7]",93.01580810546875,38.86540412902832,46.9561767578125,143,93.01580810546875,0.0,46.44097900390625,141
2025-07-17T20:43:48.611921,4,25,"[0, 1, 2, 3, 4, 5, 6, 7]",93.01580810546875,38.86540412902832,46.9561767578125,143,93.01580810546875,0.0,46.44097900390625,141
2025-07-17T20:43:48.614587,0,26,"[0, 1, 2, 3, 4, 5, 6, 7]",93.01580810546875,38.86540412902832,46.9561767578125,143,93.01580810546875,0.0,46.44097900390625,141
2025-07-17T20:43:48.621580,1,26,"[0, 1, 2, 3, 4, 5, 6, 7]",93.01580810546875,38.86540412902832,46.9561767578125,143,93.01580810546875,0.0,46.44097900390625,141
2025-07-17T20:43:48.629002,2,26,"[0, 1, 2, 3, 4, 5, 6, 7]",93.01580810546875,38.86540412902832,46.9561767578125,143,93.01580810546875,0.0,46.44097900390625,141
2025-07-17T20:43:48.636805,3,26,"[0, 1, 2, 3, 4, 5, 6, 7]",93.01580810546875,38.86540412902832,46.9561767578125,143,93.01580810546875,0.0,46.44097900390625,141
2025-07-17T20:43:48.643191,4,26,"[0, 1, 2, 3, 4, 5, 6, 7]",93.01580810546875,38.86540412902832,46.9561767578125,143,93.01580810546875,0.0,46.44097900390625,141
2025-07-17T20:43:48.655158,0,27,"[0, 1, 2, 3, 4, 5, 6, 7]",93.01580810546875,38.86540412902832,46.9561767578125,143,93.01580810546875,0.0,46.44097900390625,141
2025-07-17T20:43:48.656979,1,27,"[0, 1, 2, 3, 4, 6, 7]",93.01580810546875,38.86540412902832,46.9561767578125,143,93.01580810546875,0.0,46.44097900390625,141
2025-07-17T20:43:48.664378,2,27,"[0, 1, 2, 3, 4, 5, 6, 7]",93.01580810546875,38.86540412902832,46.9561767578125,143,93.01580810546875,0.0,46.44097900390625,141
2025-07-17T20:43:48.676894,3,27,"[0, 1, 2, 3, 4, 6, 7]",93.01580810546875,38.86540412902832,46.9561767578125,143,93.01580810546875,0.0,46.44097900390625,141
2025-07-17T20:43:48.679350,4,27,"[0, 1, 2, 3, 4, 6, 7]",93.01580810546875,38.86540412902832,46.9561767578125,143,93.01580810546875,0.0,46.44097900390625,141
2025-07-17T20:43:48.690707,0,28,"[0, 1, 2, 3, 4, 5, 6, 7]",93.01580810546875,38.86540412902832,46.9561767578125,143,93.01580810546875,0.0,46.44097900390625,141
2025-07-17T20:43:48.698178,1,28,"[0, 1, 2, 3, 4, 5, 6, 7]",93.01580810546875,38.86540412902832,46.9561767578125,143,93.01580810546875,0.0,46.44097900390625,141
2025-07-17T20:43:48.704749,2,28,"[0, 1, 2, 3, 4, 5, 6, 7]",93.01580810546875,38.86540412902832,46.9561767578125,143,93.01580810546875,0.0,46.44097900390625,141
2025-07-17T20:43:48.711717,3,28,"[0, 1, 2, 3, 4, 5, 6, 7]",93.01580810546875,38.86540412902832,46.9561767578125,143,93.01580810546875,0.0,46.44097900390625,141
2025-07-17T20:43:48.719227,4,28,"[0, 1, 2, 3, 4, 5, 6, 7]",93.01580810546875,38.86540412902832,46.9561767578125,143,93.01580810546875,0.0,46.44097900390625,141
2025-07-17T20:43:48.727426,0,29,"[0, 1, 2, 3, 4, 5, 6, 7]",93.01580810546875,38.86540412902832,46.9561767578125,143,93.01580810546875,0.0,46.44097900390625,141
2025-07-17T20:43:48.729887,1,29,"[0, 1, 2, 3, 4, 5, 6, 7]",93.01580810546875,38.86540412902832,46.9561767578125,143,93.01580810546875,0.0,46.44097900390625,141
2025-07-17T20:43:48.741344,2,29,"[0, 1, 2, 3, 4, 5, 6, 7]",93.01580810546875,38.86540412902832,46.9561767578125,143,93.01580810546875,0.0,46.44097900390625,141
2025-07-17T20:43:48.743496,3,29,"[0, 1, 2, 3, 4, 5, 6, 7]",93.01580810546875,38.86540412902832,46.9561767578125,143,93.01580810546875,0.0,46.44097900390625,141
2025-07-17T20:43:48.751214,4,29,"[0, 1, 2, 3, 4, 5, 6, 7]",93.01580810546875,38.86540412902832,46.9561767578125,143,93.01580810546875,0.0,46.44097900390625,141
2025-07-17T20:43:48.757928,0,30,"[0, 1, 2, 3, 4, 5, 6, 7]",93.01580810546875,38.86540412902832,46.9561767578125,143,93.01580810546875,0.0,46.44097900390625,141
2025-07-17T20:43:48.764567,1,30,"[0, 1, 2, 3, 4, 5, 6, 7]",93.01580810546875,38.86540412902832,46.9561767578125,143,93.01580810546875,0.0,46.44097900390625,141
2025-07-17T20:43:48.770738,2,30,"[0, 1, 2, 3, 4, 5, 6, 7]",93.01580810546875,38.86540412902832,46.9561767578125,143,93.01580810546875,0.0,46.44097900390625,141
2025-07-17T20:43:48.778172,3,30,"[0, 1, 2, 3, 4, 5, 6, 7]",93.01580810546875,38.86540412902832,46.9561767578125,143,93.01580810546875,0.0,46.44097900390625,141
2025-07-17T20:43:48.785136,4,30,"[0, 1, 2, 3, 4, 5, 6, 7]",93.01580810546875,38.86540412902832,46.9561767578125,143,93.01580810546875,0.0,46.44097900390625,141
2025-07-17T20:43:48.793066,0,31,"[0, 1, 2, 3, 4, 5, 6, 7]",93.01580810546875,38.87229824066162,46.9561767578125,143,93.01580810546875,0.0,46.44097900390625,141
2025-07-17T20:43:48.806144,1,31,"[0, 1, 2, 3, 4, 5, 6, 7]",93.01580810546875,38.86909008026123,46.9561767578125,143,93.01580810546875,0.0,46.44097900390625,141
2025-07-17T20:43:48.809961,2,31,"[0, 1, 2, 3, 4, 5, 6, 7]",93.01580810546875,38.86646366119385,46.9561767578125,143,93.01580810546875,0.0,46.44097900390625,141
2025-07-17T20:43:48.818221,3,31,"[0, 1, 2, 3, 4, 5, 6, 7]",93.01580810546875,38.86299800872803,46.9561767578125,143,93.01580810546875,0.0,46.44097900390625,141
2025-07-17T20:43:48.824328,4,31,"[0, 1, 2, 3, 4, 5, 6, 7]",93.01580810546875,38.86002254486084,46.9561767578125,143,93.01580810546875,0.0,46.44097900390625,141
2025-07-17T20:43:48.839693,0,0,"[0, 1, 2, 3, 4, 5, 6, 7]",93.01580810546875,38.85531425476074,46.9561767578125,143,93.01580810546875,0.0,46.44097900390625,141
2025-07-17T20:43:48.848238,1,0,"[0, 1, 2, 3, 4, 5, 6, 7]",93.01580810546875,38.85852241516113,46.9561767578125,143,93.01580810546875,0.0,46.44097900390625,141
2025-07-17T20:43:48.855791,2,0,"[0, 1, 2, 3, 4, 5, 6, 7]",93.01580810546875,38.86149787902832,46.9561767578125,143,93.01580810546875,0.0,46.44097900390625,141
2025-07-17T20:43:48.863177,3,0,"[0, 1, 2, 3, 4, 5, 6, 7]",93.01580810546875,38.86438179016113,46.9561767578125,143,93.01580810546875,0.0,46.44097900390625,141
2025-07-17T20:43:48.870457,4,0,"[0, 1, 2, 3, 4, 5, 6, 7]",93.01580810546875,38.86540412902832,46.9561767578125,143,93.01580810546875,0.0,46.44097900390625,141
2025-07-17T20:43:48.878092,0,1,"[0, 1, 2, 3, 4, 5, 6, 7]",93.01580810546875,38.86540412902832,46.9561767578125,143,93.01580810546875,0.0,46.44097900390625,141
2025-07-17T20:43:48.885779,1,1,"[0, 1, 2, 3, 4, 5, 6, 7]",93.01580810546875,38.86540412902832,46.9561767578125,143,93.01580810546875,0.0,46.44097900390625,141
2025-07-17T20:43:48.888263,2,1,"[0, 1, 2, 4, 5, 6, 7]",93.01580810546875,38.86540412902832,46.9561767578125,143,93.01580810546875,0.0,46.44097900390625,141
2025-07-17T20:43:48.894963,3,1,"[0, 1, 2, 3, 4, 5, 6, 7]",93.01580810546875,38.86540412902832,46.9561767578125,143,93.01580810546875,0.0,46.44097900390625,141
2025-07-17T20:43:48.902107,4,1,"[0, 1, 2, 3, 4, 5, 6, 7]",93.01580810546875,38.86540412902832,46.9561767578125,143,93.01580810546875,0.0,46.44097900390625,141
2025-07-17T20:43:48.908790,0,2,"[0, 1, 2, 3, 4, 5, 6, 7]",93.01580810546875,38.86540412902832,46.9561767578125,143,93.01580810546875,0.0,46.44097900390625,141
2025-07-17T20:43:48.916024,1,2,"[0, 1, 2, 3, 4, 5, 6, 7]",93.01580810546875,38.86540412902832,46.9561767578125,143,93.01580810546875,0.0,46.44097900390625,141
2025-07-17T20:43:48.924579,2,2,"[0, 1, 2, 3, 4, 5, 6, 7]",93.01580810546875,38.86540412902832,46.9561767578125,143,93.01580810546875,0.0,46.44097900390625,141
2025-07-17T20:43:48.932183,3,2,"[0, 1, 2, 3, 4, 5, 6, 7]",93.01580810546875,38.86540412902832,46.9561767578125,143,93.01580810546875,0.0,46.44097900390625,141
2025-07-17T20:43:48.944238,4,2,"[0, 1, 2, 3, 4, 5, 6, 7]",93.01580810546875,38.86540412902832,46.9561767578125,143,93.01580810546875,0.0,46.44097900390625,141
2025-07-17T20:43:48.946685,0,3,"[0, 1, 2, 3, 4, 5, 6, 7]",93.01580810546875,38.86540412902832,46.9561767578125,143,93.01580810546875,0.0,46.44097900390625,141
2025-07-17T20:43:48.953615,1,3,"[0, 1, 2, 3, 4, 6, 7]",93.01580810546875,38.86540412902832,46.9561767578125,143,93.01580810546875,0.0,46.44097900390625,141
2025-07-17T20:43:48.960842,2,3,"[0, 1, 2, 3, 4, 5, 6, 7]",93.01580810546875,38.86540412902832,46.9561767578125,143,93.01580810546875,0.0,46.44097900390625,141
2025-07-17T20:43:48.968168,3,3,"[0, 1, 2, 3, 4, 6, 7]",93.01580810546875,38.86540412902832,46.9561767578125,143,93.01580810546875,0.0,46.44097900390625,141
2025-07-17T20:43:48.981012,4,3,"[0, 1, 2, 3, 4, 6, 7]",93.01580810546875,38.86540412902832,46.9561767578125,143,93.01580810546875,0.0,46.44097900390625,141
2025-07-17T20:43:48.989848,0,4,"[0, 1, 2, 3, 4, 5, 6, 7]",93.01580810546875,38.86540412902832,46.9561767578125,143,93.01580810546875,0.0,46.44097900390625,141
2025-07-17T20:43:48.992099,1,4,"[0, 1, 2, 3, 4, 5, 6, 7]",93.01580810546875,38.86540412902832,46.9561767578125,143,93.01580810546875,0.0,46.44097900390625,141
2025-07-17T20:43:48.999633,2,4,"[0, 1, 2, 3, 4, 5, 6, 7]",93.01580810546875,38.86540412902832,46.9561767578125,143,93.01580810546875,0.0,46.44097900390625,141
2025-07-17T20:43:49.006773,3,4,"[0, 1, 2, 3, 4, 5, 6, 7]",93.01580810546875,38.86540412902832,46.9561767578125,143,93.01580810546875,0.0,46.44097900390625,141
2025-07-17T20:43:49.013986,4,4,"[0, 1, 2, 3, 4, 5, 6, 7]",93.01580810546875,38.86540412902832,46.9561767578125,143,93.01580810546875,0.0,46.44097900390625,141
2025-07-17T20:43:49.020610,0,5,"[0, 1, 2, 3, 4, 5, 6, 7]",93.01580810546875,38.86540412902832,46.9561767578125,143,93.01580810546875,0.0,46.44097900390625,141
2025-07-17T20:43:49.034270,1,5,"[0, 1, 2, 3, 4, 5, 6, 7]",93.01580810546875,38.86540412902832,46.9561767578125,143,93.01580810546875,0.0,46.44097900390625,141
2025-07-17T20:43:49.036662,2,5,"[0, 1, 2, 3, 4, 5, 6, 7]",93.01580810546875,38.86540412902832,46.9561767578125,143,93.01580810546875,0.0,46.44097900390625,141
2025-07-17T20:43:49.052139,3,5,"[0, 1, 2, 3, 4, 5, 6, 7]",93.01580810546875,38.86540412902832,46.9561767578125,143,93.01580810546875,0.0,46.44097900390625,141
2025-07-17T20:43:49.054569,4,5,"[0, 1, 2, 3, 4, 5, 6, 7]",93.01580810546875,38.86540412902832,46.9561767578125,143,93.01580810546875,0.0,46.44097900390625,141
2025-07-17T20:43:49.068275,0,6,"[0, 1, 2, 3, 4, 5, 6, 7]",93.01580810546875,38.86540412902832,46.9561767578125,143,93.01580810546875,0.0,46.44097900390625,141
2025-07-17T20:43:49.069777,1,6,"[0, 1, 2, 3, 4, 5, 6, 7]",93.01580810546875,38.86540412902832,46.9561767578125,143,93.01580810546875,0.0,46.44097900390625,141
2025-07-17T20:43:49.084694,2,6,"[0, 1, 2, 3, 4, 5, 6, 7]",93.01580810546875,38.86540412902832,46.9561767578125,143,93.01580810546875,0.0,46.44097900390625,141
2025-07-17T20:43:49.092280,3,6,"[0, 1, 2, 3, 4, 5, 6, 7]",93.01580810546875,38.86540412902832,46.9561767578125,143,93.01580810546875,0.0,46.44097900390625,141
2025-07-17T20:43:49.095151,4,6,"[0, 1, 2, 3, 4, 5, 6, 7]",93.01580810546875,38.86540412902832,46.9561767578125,143,93.01580810546875,0.0,46.44097900390625,141
2025-07-17T20:43:49.107440,0,7,"[0, 1, 2, 3, 4, 5, 6, 7]",93.01580810546875,38.86540412902832,46.9561767578125,143,93.01580810546875,0.0,46.44097900390625,141
2025-07-17T20:43:49.109580,1,7,"[0, 2, 3, 4, 5, 6, 7]",93.01580810546875,38.86540412902832,46.9561767578125,143,93.01580810546875,0.0,46.44097900390625,141
2025-07-17T20:43:49.116263,2,7,"[0, 1, 2, 4, 5, 6, 7]",93.01580810546875,38.86540412902832,46.9561767578125,143,93.01580810546875,0.0,46.44097900390625,141
2025-07-17T20:43:49.128940,3,7,"[0, 2, 3, 4, 5, 6, 7]",93.01580810546875,38.86540412902832,46.9561767578125,143,93.01580810546875,0.0,46.44097900390625,141
2025-07-17T20:43:49.136337,4,7,"[0, 2, 3, 4, 5, 6, 7]",93.01580810546875,38.86540412902832,46.9561767578125,143,93.01580810546875,0.0,46.44097900390625,141
2025-07-17T20:43:49.139196,0,8,"[0, 1, 2, 3, 4, 5, 6, 7]",93.01580810546875,38.86540412902832,46.9561767578125,143,93.01580810546875,0.0,46.44097900390625,141
2025-07-17T20:43:49.145903,1,8,"[0, 2, 3, 4, 5, 6, 7]",93.01580810546875,38.86540412902832,46.9561767578125,143,93.01580810546875,0.0,46.44097900390625,141
2025-07-17T20:43:49.158552,2,8,"[0, 1, 2, 3, 4, 5, 6, 7]",93.01580810546875,38.86540412902832,46.9561767578125,143,93.01580810546875,0.0,46.44097900390625,141
2025-07-17T20:43:49.160885,3,8,"[0, 2, 3, 4, 5, 6, 7]",93.01580810546875,38.86540412902832,46.9561767578125,143,93.01580810546875,0.0,46.44097900390625,141
2025-07-17T20:43:49.173628,4,8,"[0, 2, 3, 4, 5, 6, 7]",93.01580810546875,38.86540412902832,46.9561767578125,143,93.01580810546875,0.0,46.44097900390625,141
2025-07-17T20:43:49.176414,0,9,"[0, 1, 2, 3, 4, 5, 6, 7]",93.01580810546875,38.86540412902832,46.9561767578125,143,93.01580810546875,0.0,46.44097900390625,141
2025-07-17T20:43:49.183112,1,9,"[0, 1, 2, 3, 4, 5, 6, 7]",93.01580810546875,38.86540412902832,46.9561767578125,143,93.01580810546875,0.0,46.44097900390625,141
2025-07-17T20:43:49.190280,2,9,"[0, 1, 2, 3, 4, 5, 6, 7]",93.01580810546875,38.86540412902832,46.9561767578125,143,93.01580810546875,0.0,46.44097900390625,141
2025-07-17T20:43:49.196989,3,9,"[0, 1, 2, 3, 4, 5, 6, 7]",93.01580810546875,38.86540412902832,46.9561767578125,143,93.01580810546875,0.0,46.44097900390625,141
2025-07-17T20:43:49.204373,4,9,"[0, 1, 2, 3, 4, 5, 6, 7]",93.01580810546875,38.86540412902832,46.9561767578125,143,93.01580810546875,0.0,46.44097900390625,141
2025-07-17T20:43:49.211276,0,10,"[0, 1, 2, 3, 4, 5, 6, 7]",93.01580810546875,38.86540412902832,46.9561767578125,143,93.01580810546875,0.0,46.44097900390625,141
2025-07-17T20:43:49.218777,1,10,"[0, 1, 2, 3, 4, 6, 7]",93.01580810546875,38.86540412902832,46.9561767578125,143,93.01580810546875,0.0,46.44097900390625,141
2025-07-17T20:43:49.227221,2,10,"[0, 1, 2, 3, 4, 5, 6, 7]",93.01580810546875,38.86540412902832,46.9561767578125,143,93.01580810546875,0.0,46.44097900390625,141
2025-07-17T20:43:49.239045,3,10,"[0, 1, 2, 3, 4, 6, 7]",93.01580810546875,38.86540412902832,46.9561767578125,143,93.01580810546875,0.0,46.44097900390625,141
2025-07-17T20:43:49.241206,4,10,"[0, 1, 2, 3, 4, 6, 7]",93.01580810546875,38.86540412902832,46.9561767578125,143,93.01580810546875,0.0,46.44097900390625,141
2025-07-17T20:43:49.248093,0,11,"[0, 1, 2, 3, 4, 5, 6, 7]",93.01580810546875,38.86540412902832,46.9561767578125,143,93.01580810546875,0.0,46.44097900390625,141
2025-07-17T20:43:49.256259,1,11,"[0, 1, 2, 3, 4, 5, 6, 7]",93.01580810546875,38.86540412902832,46.9561767578125,143,93.01580810546875,0.0,46.44097900390625,141
2025-07-17T20:43:49.264105,2,11,"[0, 1, 2, 3, 4, 5, 6, 7]",93.01580810546875,38.86540412902832,46.9561767578125,143,93.01580810546875,0.0,46.44097900390625,141
2025-07-17T20:43:49.276552,3,11,"[0, 1, 2, 3, 4, 5, 6, 7]",93.01580810546875,38.86540412902832,46.9561767578125,143,93.01580810546875,0.0,46.44097900390625,141
2025-07-17T20:43:49.278863,4,11,"[0, 1, 2, 3, 4, 5, 6, 7]",93.01580810546875,38.86540412902832,46.9561767578125,143,93.01580810546875,0.0,46.44097900390625,141
2025-07-17T20:43:49.290917,0,12,"[0, 1, 2, 3, 4, 5, 6, 7]",93.01580810546875,38.86540412902832,46.9561767578125,143,93.01580810546875,0.0,46.44097900390625,141
2025-07-17T20:43:49.298824,1,12,"[0, 1, 2, 3, 4, 5, 6]",93.01580810546875,38.86540412902832,46.9561767578125,143,93.01580810546875,0.0,46.44097900390625,141
2025-07-17T20:43:49.300930,2,12,"[0, 1, 2, 3, 4, 5, 6, 7]",93.01580810546875,38.86540412902832,46.9561767578125,143,93.01580810546875,0.0,46.44097900390625,141
2025-07-17T20:43:49.308624,3,12,"[0, 1, 2, 3, 4, 5, 6]",93.01580810546875,38.86540412902832,46.9561767578125,143,93.01580810546875,0.0,46.44097900390625,141
2025-07-17T20:43:49.321666,4,12,"[0, 1, 2, 3, 4, 5, 6]",93.01580810546875,38.86540412902832,46.9561767578125,143,93.01580810546875,0.0,46.44097900390625,141
2025-07-17T20:43:49.323795,0,13,"[0, 1, 2, 3, 4, 5, 6, 7]",93.01580810546875,38.86540412902832,46.9561767578125,143,93.01580810546875,0.0,46.44097900390625,141
2025-07-17T20:43:49.331736,1,13,"[0, 1, 2, 3, 4, 5, 6, 7]",93.01580810546875,38.86540412902832,46.9561767578125,143,93.01580810546875,0.0,46.44097900390625,141
2025-07-17T20:43:49.338875,2,13,"[0, 1, 2, 3, 4, 5, 6, 7]",93.01580810546875,38.86540412902832,46.9561767578125,143,93.01580810546875,0.0,46.44097900390625,141
2025-07-17T20:43:49.346856,3,13,"[0, 1, 2, 3, 4, 5, 6, 7]",93.01580810546875,38.86540412902832,46.9561767578125,143,93.01580810546875,0.0,46.44097900390625,141
2025-07-17T20:43:49.359483,4,13,"[0, 1, 2, 3, 4, 5, 6, 7]",93.01580810546875,38.86540412902832,46.9561767578125,143,93.01580810546875,0.0,46.44097900390625,141
2025-07-17T20:43:49.361604,0,14,"[0, 1, 2, 3, 4, 5, 6, 7]",93.01580810546875,38.86540412902832,46.9561767578125,143,93.01580810546875,0.0,46.44097900390625,141
2025-07-17T20:43:49.368508,1,14,"[0, 1, 2, 3, 4, 5, 6]",93.01580810546875,38.86540412902832,46.9561767578125,143,93.01580810546875,0.0,46.44097900390625,141
2025-07-17T20:43:49.377002,2,14,"[0, 1, 2, 3, 4, 5, 6, 7]",93.01580810546875,38.86540412902832,46.9561767578125,143,93.01580810546875,0.0,46.44097900390625,141
2025-07-17T20:43:49.383594,3,14,"[0, 1, 2, 3, 4, 5, 6]",93.01580810546875,38.86540412902832,46.9561767578125,143,93.01580810546875,0.0,46.44097900390625,141
2025-07-17T20:43:49.396377,4,14,"[0, 1, 2, 3, 4, 5, 6]",93.01580810546875,38.86540412902832,46.9561767578125,143,93.01580810546875,0.0,46.44097900390625,141
2025-07-17T20:43:49.398959,0,15,"[0, 1, 2, 3, 4, 5, 6, 7]",93.01580810546875,38.86540412902832,46.9561767578125,143,93.01580810546875,0.0,46.44097900390625,141
2025-07-17T20:43:49.406548,1,15,"[0, 1, 2, 3, 4, 5, 7]",93.01580810546875,38.86540412902832,46.9561767578125,143,93.01580810546875,0.0,46.44097900390625,141
2025-07-17T20:43:49.413198,2,15,"[0, 1, 2, 3, 4, 5, 6, 7]",93.01580810546875,38.86540412902832,46.9561767578125,143,93.01580810546875,0.0,46.44097900390625,141
2025-07-17T20:43:49.420359,3,15,"[0, 1, 2, 3, 4, 5, 7]",93.01580810546875,38.86540412902832,46.9561767578125,143,93.01580810546875,0.0,46.44097900390625,141
2025-07-17T20:43:49.432679,4,15,"[0, 1, 2, 3, 4, 5, 7]",93.01580810546875,38.86540412902832,46.9561767578125,143,93.01580810546875,0.0,46.44097900390625,141
2025-07-17T20:43:49.434884,0,16,"[0, 1, 2, 3, 4, 5, 6, 7]",93.01580810546875,38.86540412902832,46.9561767578125,143,93.01580810546875,0.0,46.44097900390625,141
2025-07-17T20:43:49.447263,1,16,"[0, 1, 2, 3, 4, 5, 6, 7]",93.01580810546875,38.86540412902832,46.9561767578125,143,93.01580810546875,0.0,46.44097900390625,141
2025-07-17T20:43:49.455191,2,16,"[0, 1, 2, 3, 4, 5, 6, 7]",93.01580810546875,38.86540412902832,46.9561767578125,143,93.01580810546875,0.0,46.44097900390625,141
2025-07-17T20:43:49.457426,3,16,"[0, 1, 2, 3, 4, 5, 6, 7]",93.01580810546875,38.86540412902832,46.9561767578125,143,93.01580810546875,0.0,46.44097900390625,141
2025-07-17T20:43:49.464437,4,16,"[0, 1, 2, 3, 4, 5, 6, 7]",93.01580810546875,38.86540412902832,46.9561767578125,143,93.01580810546875,0.0,46.44097900390625,141
2025-07-17T20:43:49.471551,0,17,"[0, 1, 2, 3, 4, 5, 6, 7]",93.01580810546875,38.86540412902832,46.9561767578125,143,93.01580810546875,0.0,46.44097900390625,141
2025-07-17T20:43:49.480009,1,17,"[0, 1, 2, 3, 4, 5, 6, 7]",93.01580810546875,38.86540412902832,46.9561767578125,143,93.01580810546875,0.0,46.44097900390625,141
2025-07-17T20:43:49.487812,2,17,"[0, 1, 2, 3, 4, 5, 6, 7]",93.01580810546875,38.86540412902832,46.9561767578125,143,93.01580810546875,0.0,46.44097900390625,141
2025-07-17T20:43:49.500298,3,17,"[0, 1, 2, 3, 4, 5, 6, 7]",93.01580810546875,38.86540412902832,46.9561767578125,143,93.01580810546875,0.0,46.44097900390625,141
2025-07-17T20:43:49.502476,4,17,"[0, 1, 2, 3, 4, 5, 6, 7]",93.01580810546875,38.86540412902832,46.9561767578125,143,93.01580810546875,0.0,46.44097900390625,141
2025-07-17T20:43:49.510418,0,18,"[0, 1, 2, 3, 4, 5, 6, 7]",93.01580810546875,38.86540412902832,46.9561767578125,143,93.01580810546875,0.0,46.44097900390625,141
2025-07-17T20:43:49.523094,1,18,"[0, 1, 2, 3, 4, 5, 6, 7]",93.01580810546875,38.86540412902832,46.9561767578125,143,93.01580810546875,0.0,46.44097900390625,141
2025-07-17T20:43:49.525248,2,18,"[0, 1, 2, 3, 4, 5, 6, 7]",93.01580810546875,38.86540412902832,46.9561767578125,143,93.01580810546875,0.0,46.44097900390625,141
2025-07-17T20:43:49.532786,3,18,"[0, 1, 2, 3, 4, 5, 6, 7]",93.01580810546875,38.86540412902832,46.9561767578125,143,93.01580810546875,0.0,46.44097900390625,141
2025-07-17T20:43:49.539821,4,18,"[0, 1, 2, 3, 4, 5, 6, 7]",93.01580810546875,38.86540412902832,46.9561767578125,143,93.01580810546875,0.0,46.44097900390625,141
2025-07-17T20:43:49.553314,0,19,"[0, 1, 2, 3, 4, 5, 6, 7]",93.01580810546875,38.86540412902832,46.9561767578125,143,93.01580810546875,0.0,46.44097900390625,141
2025-07-17T20:43:49.555446,1,19,"[0, 1, 2, 3, 4, 5, 6, 7]",93.01580810546875,38.86540412902832,46.9561767578125,143,93.01580810546875,0.0,46.44097900390625,141
2025-07-17T20:43:49.568879,2,19,"[0, 1, 2, 3, 4, 5, 6, 7]",93.01580810546875,38.86540412902832,46.9561767578125,143,93.01580810546875,0.0,46.44097900390625,141
2025-07-17T20:43:49.571099,3,19,"[0, 1, 2, 3, 4, 5, 6, 7]",93.01580810546875,38.86540412902832,46.9561767578125,143,93.01580810546875,0.0,46.44097900390625,141
2025-07-17T20:43:49.585304,4,19,"[0, 1, 2, 3, 4, 5, 6, 7]",93.01580810546875,38.86540412902832,46.9561767578125,143,93.01580810546875,0.0,46.44097900390625,141
2025-07-17T20:43:49.587777,0,20,"[0, 1, 2, 3, 4, 5, 6, 7]",93.01580810546875,38.86540412902832,46.9561767578125,143,93.01580810546875,0.0,46.44097900390625,141
2025-07-17T20:43:49.595251,1,20,"[0, 1, 2, 3, 4, 5, 6, 7]",93.01580810546875,38.86540412902832,46.9561767578125,143,93.01580810546875,0.0,46.44097900390625,141
2025-07-17T20:43:49.602035,2,20,"[0, 1, 2, 3, 4, 5, 6, 7]",93.01580810546875,38.86540412902832,46.9561767578125,143,93.01580810546875,0.0,46.44097900390625,141
2025-07-17T20:43:49.608983,3,20,"[0, 1, 2, 3, 4, 5, 6, 7]",93.01580810546875,38.86540412902832,46.9561767578125,143,93.01580810546875,0.0,46.44097900390625,141
2025-07-17T20:43:49.623337,4,20,"[0, 1, 2, 3, 4, 5, 6, 7]",93.01580810546875,38.86540412902832,46.9561767578125,143,93.01580810546875,0.0,46.44097900390625,141
2025-07-17T20:43:49.625612,0,21,"[0, 1, 2, 3, 4, 5, 6, 7]",93.01580810546875,38.86540412902832,46.9561767578125,143,93.01580810546875,0.0,46.44097900390625,141
2025-07-17T20:43:49.633923,1,21,"[0, 1, 2, 3, 5, 7]",93.01580810546875,38.86540412902832,46.9561767578125,143,93.01580810546875,0.0,46.44097900390625,141
2025-07-17T20:43:49.640853,2,21,"[0, 1, 2, 3, 4, 5, 6, 7]",93.01580810546875,38.86540412902832,46.9561767578125,143,93.01580810546875,0.0,46.44097900390625,141
2025-07-17T20:43:49.653484,3,21,"[0, 1, 2, 3, 5, 7]",93.01580810546875,38.86540412902832,46.9561767578125,143,93.01580810546875,0.0,46.44097900390625,141
2025-07-17T20:43:49.656009,4,21,"[0, 1, 2, 3, 5, 7]",93.01580810546875,38.86540412902832,46.9561767578125,143,93.01580810546875,0.0,46.44097900390625,141
2025-07-17T20:43:49.669187,0,22,"[0, 1, 2, 3, 4, 5, 6, 7]",93.01580810546875,38.86540412902832,46.9561767578125,143,93.01580810546875,0.0,46.44097900390625,141
2025-07-17T20:43:49.677516,1,22,"[0, 1, 2, 3, 4, 6, 7]",93.01580810546875,38.86540412902832,46.9561767578125,143,93.01580810546875,0.0,46.44097900390625,141
2025-07-17T20:43:49.679603,2,22,"[0, 1, 2, 3, 4, 5, 6, 7]",93.01580810546875,38.86540412902832,46.9561767578125,143,93.01580810546875,0.0,46.44097900390625,141
2025-07-17T20:43:49.687014,3,22,"[0, 1, 2, 3, 4, 6, 7]",93.01580810546875,38.86540412902832,46.9561767578125,143,93.01580810546875,0.0,46.44097900390625,141
2025-07-17T20:43:49.694108,4,22,"[0, 1, 2, 3, 4, 6, 7]",93.01580810546875,38.86540412902832,46.9561767578125,143,93.01580810546875,0.0,46.44097900390625,141
2025-07-17T20:43:49.706907,0,23,"[0, 1, 2, 3, 4, 5, 6, 7]",93.01580810546875,38.86540412902832,46.9561767578125,143,93.01580810546875,0.0,46.44097900390625,141
2025-07-17T20:43:49.709920,1,23,"[0, 1, 2, 3, 4, 5, 6]",93.01580810546875,38.86540412902832,46.9561767578125,143,93.01580810546875,0.0,46.44097900390625,141
2025-07-17T20:43:49.716417,2,23,"[0, 1, 2, 3, 4, 5, 6, 7]",93.01580810546875,38.86540412902832,46.9561767578125,143,93.01580810546875,0.0,46.44097900390625,141
2025-07-17T20:43:49.728059,3,23,"[0, 1, 2, 3, 4, 5, 6]",93.01580810546875,38.86540412902832,46.9561767578125,143,93.01580810546875,0.0,46.44097900390625,141
2025-07-17T20:43:49.730145,4,23,"[0, 1, 2, 3, 4, 5, 6]",93.01580810546875,38.86540412902832,46.9561767578125,143,93.01580810546875,0.0,46.44097900390625,141
2025-07-17T20:43:49.743794,0,24,"[0, 1, 2, 3, 4, 5, 6, 7]",93.01580810546875,38.86540412902832,46.9561767578125,143,93.01580810546875,0.0,46.44097900390625,141
2025-07-17T20:43:49.746383,1,24,"[0, 1, 3, 4, 5, 6, 7]",93.01580810546875,38.86540412902832,46.9561767578125,143,93.01580810546875,0.0,46.44097900390625,141
2025-07-17T20:43:49.752949,2,24,"[0, 1, 2, 3, 4, 5, 6, 7]",93.01580810546875,38.86540412902832,46.9561767578125,143,93.01580810546875,0.0,46.44097900390625,141
2025-07-17T20:43:49.759926,3,24,"[0, 1, 3, 4, 5, 6, 7]",93.01580810546875,38.86540412902832,46.9561767578125,143,93.01580810546875,0.0,46.44097900390625,141
2025-07-17T20:43:49.772821,4,24,"[0, 1, 3, 4, 5, 6, 7]",93.01580810546875,38.86540412902832,46.9561767578125,143,93.01580810546875,0.0,46.44097900390625,141
2025-07-17T20:43:49.774930,0,25,"[0, 1, 2, 3, 4, 5, 6, 7]",93.01580810546875,38.86540412902832,46.9561767578125,143,93.01580810546875,0.0,46.44097900390625,141
2025-07-17T20:43:49.782517,1,25,"[0, 1, 2, 3, 4, 6, 7]",93.01580810546875,38.86540412902832,46.9561767578125,143,93.01580810546875,0.0,46.44097900390625,141
2025-07-17T20:43:49.789646,2,25,"[0, 1, 2, 3, 4, 5, 6, 7]",93.01580810546875,38.86540412902832,46.9561767578125,143,93.01580810546875,0.0,46.44097900390625,141
2025-07-17T20:43:49.802618,3,25,"[0, 1, 2, 3, 4, 6, 7]",93.01580810546875,38.86540412902832,46.9561767578125,143,93.01580810546875,0.0,46.44097900390625,141
2025-07-17T20:43:49.804863,4,25,"[0, 1, 2, 3, 4, 6, 7]",93.01580810546875,38.86540412902832,46.9561767578125,143,93.01580810546875,0.0,46.44097900390625,141
2025-07-17T20:43:49.811951,0,26,"[0, 1, 2, 3, 4, 5, 6, 7]",93.01580810546875,38.86540412902832,46.9561767578125,143,93.01580810546875,0.0,46.44097900390625,141
2025-07-17T20:43:49.824504,1,26,"[0, 1, 2, 3, 4, 5, 6, 7]",93.01580810546875,38.86540412902832,46.9561767578125,143,93.01580810546875,0.0,46.44097900390625,141
2025-07-17T20:43:49.826897,2,26,"[0, 1, 2, 3, 4, 5, 6, 7]",93.01580810546875,38.86540412902832,46.9561767578125,143,93.01580810546875,0.0,46.44097900390625,141
2025-07-17T20:43:49.834367,3,26,"[0, 1, 2, 3, 4, 5, 6, 7]",93.01580810546875,38.86540412902832,46.9561767578125,143,93.01580810546875,0.0,46.44097900390625,141
2025-07-17T20:43:49.841493,4,26,"[0, 1, 2, 3, 4, 5, 6, 7]",93.01580810546875,38.86540412902832,46.9561767578125,143,93.01580810546875,0.0,46.44097900390625,141
2025-07-17T20:43:49.848608,0,27,"[0, 1, 2, 3, 4, 5, 6, 7]",93.01580810546875,38.86540412902832,46.9561767578125,143,93.01580810546875,0.0,46.44097900390625,141
2025-07-17T20:43:49.860621,1,27,"[0, 1, 2, 3, 4, 5, 6, 7]",93.01580810546875,38.86540412902832,46.9561767578125,143,93.01580810546875,0.0,46.44097900390625,141
2025-07-17T20:43:49.862630,2,27,"[0, 1, 2, 3, 4, 5, 6, 7]",93.01580810546875,38.86540412902832,46.9561767578125,143,93.01580810546875,0.0,46.44097900390625,141
2025-07-17T20:43:49.868968,3,27,"[0, 1, 2, 3, 4, 5, 6, 7]",93.01580810546875,38.86540412902832,46.9561767578125,143,93.01580810546875,0.0,46.44097900390625,141
2025-07-17T20:43:49.875673,4,27,"[0, 1, 2, 3, 4, 5, 6, 7]",93.01580810546875,38.86540412902832,46.9561767578125,143,93.01580810546875,0.0,46.44097900390625,141
2025-07-17T20:43:49.882370,0,28,"[0, 1, 2, 3, 4, 5, 6, 7]",93.01580810546875,38.86540412902832,46.9561767578125,143,93.01580810546875,0.0,46.44097900390625,141
2025-07-17T20:43:49.895294,1,28,"[0, 1, 2, 3, 4, 5, 6, 7]",93.01580810546875,38.86540412902832,46.9561767578125,143,93.01580810546875,0.0,46.44097900390625,141
2025-07-17T20:43:49.897673,2,28,"[0, 1, 2, 3, 4, 5, 6, 7]",93.01580810546875,38.86540412902832,46.9561767578125,143,93.01580810546875,0.0,46.44097900390625,141
2025-07-17T20:43:49.910599,3,28,"[0, 1, 2, 3, 4, 5, 6, 7]",93.01580810546875,38.86540412902832,46.9561767578125,143,93.01580810546875,0.0,46.44097900390625,141
2025-07-17T20:43:49.912738,4,28,"[0, 1, 2, 3, 4, 5, 6, 7]",93.01580810546875,38.86540412902832,46.9561767578125,143,93.01580810546875,0.0,46.44097900390625,141
2025-07-17T20:43:49.920423,0,29,"[0, 1, 2, 3, 4, 5, 6, 7]",93.01580810546875,38.86540412902832,46.9561767578125,143,93.01580810546875,0.0,46.44097900390625,141
2025-07-17T20:43:49.927276,1,29,"[0, 2, 3, 4, 5, 7]",93.01580810546875,38.86540412902832,46.9561767578125,143,93.01580810546875,0.0,46.44097900390625,141
2025-07-17T20:43:49.935779,2,29,"[0, 1, 2, 3, 4, 5, 6, 7]",93.01580810546875,38.86540412902832,46.9561767578125,143,93.01580810546875,0.0,46.44097900390625,141
2025-07-17T20:43:49.942545,3,29,"[0, 2, 3, 4, 5, 7]",93.01580810546875,38.86540412902832,46.9561767578125,143,93.01580810546875,0.0,46.44097900390625,141
2025-07-17T20:43:49.949320,4,29,"[0, 2, 3, 4, 5, 7]",93.01580810546875,38.86540412902832,46.9561767578125,143,93.01580810546875,0.0,46.44097900390625,141
2025-07-17T20:43:49.957194,0,30,"[0, 1, 2, 3, 4, 5, 6, 7]",93.01580810546875,38.86540412902832,46.9561767578125,143,93.01580810546875,0.0,46.44097900390625,141
2025-07-17T20:43:49.965753,1,30,"[0, 2, 3, 4, 5, 6, 7]",93.01580810546875,38.86540412902832,46.9561767578125,143,93.01580810546875,0.0,46.44097900390625,141
2025-07-17T20:43:49.973593,2,30,"[0, 1, 2, 3, 4, 5, 6, 7]",93.01580810546875,38.86540412902832,46.9561767578125,143,93.01580810546875,0.0,46.44097900390625,141
2025-07-17T20:43:49.986103,3,30,"[0, 2, 3, 4, 5, 6, 7]",93.01580810546875,38.86540412902832,46.9561767578125,143,93.01580810546875,0.0,46.44097900390625,141
2025-07-17T20:43:49.988399,4,30,"[0, 2, 3, 4, 5, 6, 7]",93.01580810546875,38.86540412902832,46.9561767578125,143,93.01580810546875,0.0,46.44097900390625,141
2025-07-17T20:43:49.995946,0,31,"[0, 1, 2, 3, 4, 5, 6, 7]",93.01580810546875,38.87229824066162,46.9561767578125,143,93.01580810546875,0.0,46.44097900390625,141
2025-07-17T20:43:50.007440,1,31,"[0, 1, 2, 4, 5, 6, 7]",93.01580810546875,38.86909008026123,46.9561767578125,143,93.01580810546875,0.0,46.44097900390625,141
2025-07-17T20:43:50.016856,2,31,"[0, 1, 2, 3, 4, 5, 6, 7]",93.01580810546875,38.86646366119385,46.9561767578125,143,93.01580810546875,0.0,46.44097900390625,141
2025-07-17T20:43:50.026050,3,31,"[0, 1, 2, 4, 5, 6, 7]",93.01580810546875,38.86299800872803,46.9561767578125,143,93.01580810546875,0.0,46.44097900390625,141
2025-07-17T20:43:50.028601,4,31,"[0, 1, 2, 4, 5, 6, 7]",93.01580810546875,38.86002254486084,46.9561767578125,143,93.01580810546875,0.0,46.44097900390625,141
2025-07-17T20:43:50.040589,0,0,"[0, 1, 2, 3, 4, 5, 6, 7]",93.01580810546875,38.85531425476074,46.9561767578125,143,93.01580810546875,0.0,46.44097900390625,141
2025-07-17T20:43:50.047351,1,0,"[0, 1, 2, 3, 4, 5, 6]",93.01580810546875,38.85852241516113,46.9561767578125,143,93.01580810546875,0.0,46.44097900390625,141
2025-07-17T20:43:50.055237,2,0,"[0, 1, 2, 3, 4, 5, 6, 7]",93.01580810546875,38.86149787902832,46.9561767578125,143,93.01580810546875,0.0,46.44097900390625,141
2025-07-17T20:43:50.062994,3,0,"[0, 1, 2, 3, 4, 5, 6]",93.01580810546875,38.86438179016113,46.9561767578125,143,93.01580810546875,0.0,46.44097900390625,141
2025-07-17T20:43:50.071775,4,0,"[0, 1, 2, 3, 4, 5, 6]",93.01580810546875,38.86540412902832,46.9561767578125,143,93.01580810546875,0.0,46.44097900390625,141
2025-07-17T20:43:50.078336,0,1,"[0, 1, 2, 3, 4, 5, 6, 7]",93.01580810546875,38.86540412902832,46.9561767578125,143,93.01580810546875,0.0,46.44097900390625,141
2025-07-17T20:43:50.085651,1,1,"[0, 1, 2, 3, 4, 5, 6, 7]",93.01580810546875,38.86540412902832,46.9561767578125,143,93.01580810546875,0.0,46.44097900390625,141
2025-07-17T20:43:50.094519,2,1,"[0, 1, 2, 4, 5, 6, 7]",93.01580810546875,38.86540412902832,46.9561767578125,143,93.01580810546875,0.0,46.44097900390625,141
2025-07-17T20:43:50.108043,3,1,"[0, 1, 2, 3, 4, 5, 6, 7]",93.01580810546875,38.86540412902832,46.9561767578125,143,93.01580810546875,0.0,46.44097900390625,141
2025-07-17T20:43:50.110392,4,1,"[0, 1, 2, 3, 4, 5, 6, 7]",93.01580810546875,38.86540412902832,46.9561767578125,143,93.01580810546875,0.0,46.44097900390625,141
2025-07-17T20:43:50.117629,0,2,"[0, 1, 2, 3, 4, 5, 6, 7]",93.01580810546875,38.86540412902832,46.9561767578125,143,93.01580810546875,0.0,46.44097900390625,141
2025-07-17T20:43:50.124042,1,2,"[0, 1, 2, 3, 4, 5, 6, 7]",93.01580810546875,38.86540412902832,46.9561767578125,143,93.01580810546875,0.0,46.44097900390625,141
2025-07-17T20:43:50.130612,2,2,"[0, 1, 2, 3, 4, 6, 7]",93.01580810546875,38.86540412902832,46.9561767578125,143,93.01580810546875,0.0,46.44097900390625,141
2025-07-17T20:43:50.139092,3,2,"[0, 1, 2, 3, 4, 5, 6, 7]",93.01580810546875,38.86540412902832,46.9561767578125,143,93.01580810546875,0.0,46.44097900390625,141
2025-07-17T20:43:50.146319,4,2,"[0, 1, 2, 3, 4, 5, 6, 7]",93.01580810546875,38.86540412902832,46.9561767578125,143,93.01580810546875,0.0,46.44097900390625,141
2025-07-17T20:43:50.153325,0,3,"[0, 1, 2, 3, 4, 5, 6, 7]",93.01580810546875,38.86540412902832,46.9561767578125,143,93.01580810546875,0.0,46.44097900390625,141
2025-07-17T20:43:50.161369,1,3,"[0, 1, 2, 3, 4, 5, 6, 7]",93.01580810546875,38.86540412902832,46.9561767578125,143,93.01580810546875,0.0,46.44097900390625,141
2025-07-17T20:43:50.174955,2,3,"[0, 1, 2, 3, 4, 5, 6, 7]",93.01580810546875,38.86540412902832,46.9561767578125,143,93.01580810546875,0.0,46.44097900390625,141
2025-07-17T20:43:50.177103,3,3,"[0, 1, 2, 3, 4, 5, 6, 7]",93.01580810546875,38.86540412902832,46.9561767578125,143,93.01580810546875,0.0,46.44097900390625,141
2025-07-17T20:43:50.184568,4,3,"[0, 1, 2, 3, 4, 5, 6, 7]",93.01580810546875,38.86540412902832,46.9561767578125,143,93.01580810546875,0.0,46.44097900390625,141
2025-07-17T20:43:50.190926,0,4,"[0, 1, 2, 3, 4, 5, 6, 7]",93.01580810546875,38.86540412902832,46.9561767578125,143,93.01580810546875,0.0,46.44097900390625,141
2025-07-17T20:43:50.197920,1,4,"[0, 1, 2, 3, 4, 5, 6, 7]",93.01580810546875,38.86540412902832,46.9561767578125,143,93.01580810546875,0.0,46.44097900390625,141
2025-07-17T20:43:50.205437,2,4,"[0, 1, 2, 3, 4, 5, 6, 7]",93.01580810546875,38.86540412902832,46.9561767578125,143,93.01580810546875,0.0,46.44097900390625,141
2025-07-17T20:43:50.213414,3,4,"[0, 1, 2, 3, 4, 5, 6, 7]",93.01580810546875,38.86540412902832,46.9561767578125,143,93.01580810546875,0.0,46.44097900390625,141
2025-07-17T20:43:50.220626,4,4,"[0, 1, 2, 3, 4, 5, 6, 7]",93.01580810546875,38.86540412902832,46.9561767578125,143,93.01580810546875,0.0,46.44097900390625,141
2025-07-17T20:43:50.228752,0,5,"[0, 1, 2, 3, 4, 5, 6, 7]",93.01580810546875,38.86540412902832,46.9561767578125,143,93.01580810546875,0.0,46.44097900390625,141
2025-07-17T20:43:50.235676,1,5,"[0, 1, 2, 3, 4, 5, 6, 7]",93.01580810546875,38.86540412902832,46.9561767578125,143,93.01580810546875,0.0,46.44097900390625,141
2025-07-17T20:43:50.242975,2,5,"[0, 1, 2, 3, 4, 5, 6, 7]",93.01580810546875,38.86540412902832,46.9561767578125,143,93.01580810546875,0.0,46.44097900390625,141
2025-07-17T20:43:50.250761,3,5,"[0, 1, 2, 3, 4, 5, 6, 7]",93.01580810546875,38.86540412902832,46.9561767578125,143,93.01580810546875,0.0,46.44097900390625,141
2025-07-17T20:43:50.262266,4,5,"[0, 1, 2, 3, 4, 5, 6, 7]",93.01580810546875,38.86540412902832,46.9561767578125,143,93.01580810546875,0.0,46.44097900390625,141
2025-07-17T20:43:50.264574,0,6,"[0, 1, 2, 3, 4, 5, 6, 7]",93.01580810546875,38.86540412902832,46.9561767578125,143,93.01580810546875,0.0,46.44097900390625,141
2025-07-17T20:43:50.271695,1,6,"[0, 1, 2, 3, 4, 5, 6, 7]",93.01580810546875,38.86540412902832,46.9561767578125,143,93.01580810546875,0.0,46.44097900390625,141
2025-07-17T20:43:50.284558,2,6,"[0, 1, 2, 3, 4, 5, 6, 7]",93.01580810546875,38.86540412902832,46.9561767578125,143,93.01580810546875,0.0,46.44097900390625,141
2025-07-17T20:43:50.286919,3,6,"[0, 1, 2, 3, 4, 5, 6, 7]",93.01580810546875,38.86540412902832,46.9561767578125,143,93.01580810546875,0.0,46.44097900390625,141
2025-07-17T20:43:50.300243,4,6,"[0, 1, 2, 3, 4, 5, 6, 7]",93.01580810546875,38.86540412902832,46.9561767578125,143,93.01580810546875,0.0,46.44097900390625,141
2025-07-17T20:43:50.309111,0,7,"[0, 1, 2, 3, 4, 5, 6, 7]",93.01580810546875,38.86540412902832,46.9561767578125,143,93.01580810546875,0.0,46.44097900390625,141
2025-07-17T20:43:50.311333,1,7,"[0, 1, 2, 3, 4, 5, 6, 7]",93.01580810546875,38.86540412902832,46.9561767578125,143,93.01580810546875,0.0,46.44097900390625,141
2025-07-17T20:43:50.324246,2,7,"[0, 1, 2, 3, 4, 5, 6, 7]",93.01580810546875,38.86540412902832,46.9561767578125,143,93.01580810546875,0.0,46.44097900390625,141
2025-07-17T20:43:50.326625,3,7,"[0, 1, 2, 3, 4, 5, 6, 7]",93.01580810546875,38.86540412902832,46.9561767578125,143,93.01580810546875,0.0,46.44097900390625,141
2025-07-17T20:43:50.338680,4,7,"[0, 1, 2, 3, 4, 5, 6, 7]",93.01580810546875,38.86540412902832,46.9561767578125,143,93.01580810546875,0.0,46.44097900390625,141
2025-07-17T20:43:50.341101,0,8,"[0, 1, 2, 3, 4, 5, 6, 7]",93.01580810546875,38.86540412902832,46.9561767578125,143,93.01580810546875,0.0,46.44097900390625,141
2025-07-17T20:43:50.347689,1,8,"[0, 1, 2, 3, 4, 5, 6, 7]",93.01580810546875,38.86540412902832,46.9561767578125,143,93.01580810546875,0.0,46.44097900390625,141
2025-07-17T20:43:50.360697,2,8,"[0, 1, 2, 3, 4, 5, 6, 7]",93.01580810546875,38.86540412902832,46.9561767578125,143,93.01580810546875,0.0,46.44097900390625,141
2025-07-17T20:43:50.368376,3,8,"[0, 1, 2, 3, 4, 5, 6, 7]",93.01580810546875,38.86540412902832,46.9561767578125,143,93.01580810546875,0.0,46.44097900390625,141
2025-07-17T20:43:50.370712,4,8,"[0, 1, 2, 3, 4, 5, 6, 7]",93.01580810546875,38.86540412902832,46.9561767578125,143,93.01580810546875,0.0,46.44097900390625,141
2025-07-17T20:43:50.377979,0,9,"[0, 1, 2, 3, 4, 5, 6, 7]",93.01580810546875,38.86540412902832,46.9561767578125,143,93.01580810546875,0.0,46.44097900390625,141
2025-07-17T20:43:50.384562,1,9,"[0, 1, 2, 3, 4, 5, 6, 7]",93.01580810546875,38.86540412902832,46.9561767578125,143,93.01580810546875,0.0,46.44097900390625,141
2025-07-17T20:43:50.391485,2,9,"[0, 1, 2, 3, 4, 5, 6, 7]",93.01580810546875,38.86540412902832,46.9561767578125,143,93.01580810546875,0.0,46.44097900390625,141
2025-07-17T20:43:50.398521,3,9,"[0, 1, 2, 3, 4, 5, 6, 7]",93.01580810546875,38.86540412902832,46.9561767578125,143,93.01580810546875,0.0,46.44097900390625,141
2025-07-17T20:43:50.405589,4,9,"[0, 1, 2, 3, 4, 5, 6, 7]",93.01580810546875,38.86540412902832,46.9561767578125,143,93.01580810546875,0.0,46.44097900390625,141
2025-07-17T20:43:50.412486,0,10,"[0, 1, 2, 3, 4, 5, 6, 7]",93.01580810546875,38.86540412902832,46.9561767578125,143,93.01580810546875,0.0,46.44097900390625,141
2025-07-17T20:43:50.419745,1,10,"[0, 1, 2, 3, 4, 5, 6, 7]",93.01580810546875,38.86540412902832,46.9561767578125,143,93.01580810546875,0.0,46.44097900390625,141
2025-07-17T20:43:50.426067,2,10,"[0, 1, 2, 3, 4, 5, 6, 7]",93.01580810546875,38.86540412902832,46.9561767578125,143,93.01580810546875,0.0,46.44097900390625,141
2025-07-17T20:43:50.432450,3,10,"[0, 1, 2, 3, 4, 5, 6, 7]",93.01580810546875,38.86540412902832,46.9561767578125,143,93.01580810546875,0.0,46.44097900390625,141
2025-07-17T20:43:50.445470,4,10,"[0, 1, 2, 3, 4, 5, 6, 7]",93.01580810546875,38.86540412902832,46.9561767578125,143,93.01580810546875,0.0,46.44097900390625,141
2025-07-17T20:43:50.453273,0,11,"[0, 1, 2, 3, 4, 5, 6, 7]",93.01580810546875,38.86540412902832,46.9561767578125,143,93.01580810546875,0.0,46.44097900390625,141
2025-07-17T20:43:50.455577,1,11,"[0, 1, 2, 3, 4, 5, 6, 7]",93.01580810546875,38.86540412902832,46.9561767578125,143,93.01580810546875,0.0,46.44097900390625,141
2025-07-17T20:43:50.461931,2,11,"[0, 1, 2, 3, 4, 5, 6, 7]",93.01580810546875,38.86540412902832,46.9561767578125,143,93.01580810546875,0.0,46.44097900390625,141
2025-07-17T20:43:50.468482,3,11,"[0, 1, 2, 3, 4, 5, 6, 7]",93.01580810546875,38.86540412902832,46.9561767578125,143,93.01580810546875,0.0,46.44097900390625,141
2025-07-17T20:43:50.476258,4,11,"[0, 1, 2, 3, 4, 5, 6, 7]",93.01580810546875,38.86540412902832,46.9561767578125,143,93.01580810546875,0.0,46.44097900390625,141
2025-07-17T20:43:50.483359,0,12,"[0, 1, 2, 3, 4, 5, 6]",93.01580810546875,38.86540412902832,46.9561767578125,143,93.01580810546875,0.0,46.44097900390625,141
2025-07-17T20:43:50.495106,1,12,"[0, 1, 2, 3, 4, 5, 6]",93.01580810546875,38.86540412902832,46.9561767578125,143,93.01580810546875,0.0,46.44097900390625,141
2025-07-17T20:43:50.497506,2,12,"[0, 1, 2, 3, 4, 5, 6, 7]",93.01580810546875,38.86540412902832,46.9561767578125,143,93.01580810546875,0.0,46.44097900390625,141
2025-07-17T20:43:50.504380,3,12,"[0, 1, 2, 3, 4, 5, 6]",93.01580810546875,38.86540412902832,46.9561767578125,143,93.01580810546875,0.0,46.44097900390625,141
2025-07-17T20:43:50.511485,4,12,"[0, 1, 2, 3, 4, 5, 6]",93.01580810546875,38.86540412902832,46.9561767578125,143,93.01580810546875,0.0,46.44097900390625,141
2025-07-17T20:43:50.518641,0,13,"[0, 1, 2, 3, 4, 5, 6, 7]",93.01580810546875,38.86540412902832,46.9561767578125,143,93.01580810546875,0.0,46.44097900390625,141
2025-07-17T20:43:50.524953,1,13,"[0, 1, 2, 3, 4, 6, 7]",93.01580810546875,38.86540412902832,46.9561767578125,143,93.01580810546875,0.0,46.44097900390625,141
2025-07-17T20:43:50.532307,2,13,"[0, 1, 2, 3, 4, 5, 6, 7]",93.01580810546875,38.86540412902832,46.9561767578125,143,93.01580810546875,0.0,46.44097900390625,141
2025-07-17T20:43:50.538979,3,13,"[0, 1, 2, 3, 4, 6, 7]",93.01580810546875,38.86540412902832,46.9561767578125,143,93.01580810546875,0.0,46.44097900390625,141
2025-07-17T20:43:50.551734,4,13,"[0, 1, 2, 3, 4, 6, 7]",93.01580810546875,38.86540412902832,46.9561767578125,143,93.01580810546875,0.0,46.44097900390625,141
2025-07-17T20:43:50.553841,0,14,"[0, 1, 2, 3, 4, 5, 6, 7]",93.01580810546875,38.86540412902832,46.9561767578125,143,93.01580810546875,0.0,46.44097900390625,141
2025-07-17T20:43:50.561368,1,14,"[0, 1, 2, 3, 4, 5, 6, 7]",93.01580810546875,38.86540412902832,46.9561767578125,143,93.01580810546875,0.0,46.44097900390625,141
2025-07-17T20:43:50.569062,2,14,"[0, 1, 2, 3, 4, 5, 6, 7]",93.01580810546875,38.86540412902832,46.9561767578125,143,93.01580810546875,0.0,46.44097900390625,141
2025-07-17T20:43:50.582960,3,14,"[0, 1, 2, 3, 4, 5, 6, 7]",93.01580810546875,38.86540412902832,46.9561767578125,143,93.01580810546875,0.0,46.44097900390625,141
2025-07-17T20:43:50.585471,4,14,"[0, 1, 2, 3, 4, 5, 6, 7]",93.01580810546875,38.86540412902832,46.9561767578125,143,93.01580810546875,0.0,46.44097900390625,141
2025-07-17T20:43:50.593420,0,15,"[0, 1, 2, 3, 4, 5, 6, 7]",93.01580810546875,38.86540412902832,46.9561767578125,143,93.01580810546875,0.0,46.44097900390625,141
2025-07-17T20:43:50.600718,1,15,"[0, 1, 2, 3, 4, 5, 6, 7]",93.01580810546875,38.86540412902832,46.9561767578125,143,93.01580810546875,0.0,46.44097900390625,141
2025-07-17T20:43:50.612752,2,15,"[0, 1, 2, 3, 4, 5, 6, 7]",93.01580810546875,38.86540412902832,46.9561767578125,143,93.01580810546875,0.0,46.44097900390625,141
2025-07-17T20:43:50.614757,3,15,"[0, 1, 2, 3, 4, 5, 6, 7]",93.01580810546875,38.86540412902832,46.9561767578125,143,93.01580810546875,0.0,46.44097900390625,141
2025-07-17T20:43:50.622503,4,15,"[0, 1, 2, 3, 4, 5, 6, 7]",93.01580810546875,38.86540412902832,46.9561767578125,143,93.01580810546875,0.0,46.44097900390625,141
2025-07-17T20:43:50.630920,0,16,"[0, 1, 2, 3, 4, 5, 6, 7]",93.01580810546875,38.86540412902832,46.9561767578125,143,93.01580810546875,0.0,46.44097900390625,141
2025-07-17T20:43:50.637649,1,16,"[0, 1, 2, 3, 4, 5, 6, 7]",93.01580810546875,38.86540412902832,46.9561767578125,143,93.01580810546875,0.0,46.44097900390625,141
2025-07-17T20:43:50.650416,2,16,"[0, 1, 2, 3, 4, 5, 6, 7]",93.01580810546875,38.86540412902832,46.9561767578125,143,93.01580810546875,0.0,46.44097900390625,141
2025-07-17T20:43:50.653032,3,16,"[0, 1, 2, 3, 4, 5, 6, 7]",93.01580810546875,38.86540412902832,46.9561767578125,143,93.01580810546875,0.0,46.44097900390625,141
2025-07-17T20:43:50.660075,4,16,"[0, 1, 2, 3, 4, 5, 6, 7]",93.01580810546875,38.86540412902832,46.9561767578125,143,93.01580810546875,0.0,46.44097900390625,141
2025-07-17T20:43:50.667529,0,17,"[0, 1, 2, 3, 4, 5, 6, 7]",93.01580810546875,38.86540412902832,46.9561767578125,143,93.01580810546875,0.0,46.44097900390625,141
2025-07-17T20:43:50.674101,1,17,"[0, 1, 2, 3, 4, 5, 6, 7]",93.01580810546875,38.86540412902832,46.9561767578125,143,93.01580810546875,0.0,46.44097900390625,141
2025-07-17T20:43:50.686303,2,17,"[0, 1, 2, 3, 4, 5, 6, 7]",93.01580810546875,38.86540412902832,46.9561767578125,143,93.01580810546875,0.0,46.44097900390625,141
2025-07-17T20:43:50.688657,3,17,"[0, 1, 2, 3, 4, 5, 6, 7]",93.01580810546875,38.86540412902832,46.9561767578125,143,93.01580810546875,0.0,46.44097900390625,141
2025-07-17T20:43:50.696298,4,17,"[0, 1, 2, 3, 4, 5, 6, 7]",93.01580810546875,38.86540412902832,46.9561767578125,143,93.01580810546875,0.0,46.44097900390625,141
2025-07-17T20:43:50.703607,0,18,"[0, 1, 2, 3, 4, 5, 6, 7]",93.01580810546875,38.86540412902832,46.9561767578125,143,93.01580810546875,0.0,46.44097900390625,141
2025-07-17T20:43:50.710720,1,18,"[0, 1, 2, 3, 4, 5, 7]",93.01580810546875,38.86540412902832,46.9561767578125,143,93.01580810546875,0.0,46.44097900390625,141
2025-07-17T20:43:50.717889,2,18,"[0, 1, 2, 3, 4, 5, 6, 7]",93.01580810546875,38.86540412902832,46.9561767578125,143,93.01580810546875,0.0,46.44097900390625,141
2025-07-17T20:43:50.724775,3,18,"[0, 1, 2, 3, 4, 5, 7]",93.01580810546875,38.86540412902832,46.9561767578125,143,93.01580810546875,0.0,46.44097900390625,141
2025-07-17T20:43:50.737189,4,18,"[0, 1, 2, 3, 4, 5, 7]",93.01580810546875,38.86540412902832,46.9561767578125,143,93.01580810546875,0.0,46.44097900390625,141
2025-07-17T20:43:50.739670,0,19,"[0, 1, 2, 3, 4, 5, 6, 7]",93.01580810546875,38.86540412902832,46.9561767578125,143,93.01580810546875,0.0,46.44097900390625,141
2025-07-17T20:43:50.753005,1,19,"[0, 2, 3, 4, 5, 6, 7]",93.01580810546875,38.86540412902832,46.9561767578125,143,93.01580810546875,0.0,46.44097900390625,141
2025-07-17T20:43:50.761072,2,19,"[0, 1, 2, 3, 4, 5, 6, 7]",93.01580810546875,38.86540412902832,46.9561767578125,143,93.01580810546875,0.0,46.44097900390625,141
2025-07-17T20:43:50.769845,3,19,"[0, 2, 3, 4, 5, 6, 7]",93.01580810546875,38.86540412902832,46.9561767578125,143,93.01580810546875,0.0,46.44097900390625,141
2025-07-17T20:43:50.779370,4,19,"[0, 2, 3, 4, 5, 6, 7]",93.01580810546875,38.86540412902832,46.9561767578125,143,93.01580810546875,0.0,46.44097900390625,141
2025-07-17T20:43:50.781572,0,20,"[0, 1, 2, 3, 4, 5, 6, 7]",93.01580810546875,38.86540412902832,46.9561767578125,143,93.01580810546875,0.0,46.44097900390625,141
2025-07-17T20:43:50.790387,1,20,"[0, 1, 2, 3, 4, 5, 6, 7]",93.01580810546875,38.86540412902832,46.9561767578125,143,93.01580810546875,0.0,46.44097900390625,141
2025-07-17T20:43:50.798446,2,20,"[0, 1, 2, 3, 4, 5, 6, 7]",93.01580810546875,38.86540412902832,46.9561767578125,143,93.01580810546875,0.0,46.44097900390625,141
2025-07-17T20:43:50.806443,3,20,"[0, 1, 2, 3, 4, 5, 6, 7]",93.01580810546875,38.86540412902832,46.9561767578125,143,93.01580810546875,0.0,46.44097900390625,141
2025-07-17T20:43:50.818272,4,20,"[0, 1, 2, 3, 4, 5, 6, 7]",93.01580810546875,38.86540412902832,46.9561767578125,143,93.01580810546875,0.0,46.44097900390625,141
2025-07-17T20:43:50.820607,0,21,"[0, 1, 2, 3, 4, 5, 6, 7]",93.01580810546875,38.86540412902832,46.9561767578125,143,93.01580810546875,0.0,46.44097900390625,141
2025-07-17T20:43:50.833690,1,21,"[0, 1, 2, 3, 5, 7]",93.01580810546875,38.86540412902832,46.9561767578125,143,93.01580810546875,0.0,46.44097900390625,141
2025-07-17T20:43:50.835858,2,21,"[0, 1, 2, 3, 4, 5, 6, 7]",93.01580810546875,38.86540412902832,46.9561767578125,143,93.01580810546875,0.0,46.44097900390625,141
2025-07-17T20:43:50.843765,3,21,"[0, 1, 2, 3, 5, 7]",93.01580810546875,38.86540412902832,46.9561767578125,143,93.01580810546875,0.0,46.44097900390625,141
2025-07-17T20:43:50.850183,4,21,"[0, 1, 2, 3, 5, 7]",93.01580810546875,38.86540412902832,46.9561767578125,143,93.01580810546875,0.0,46.44097900390625,141
2025-07-17T20:43:50.858157,0,22,"[0, 1, 2, 3, 4, 5, 6, 7]",93.01580810546875,38.86540412902832,46.9561767578125,143,93.01580810546875,0.0,46.44097900390625,141
2025-07-17T20:43:50.865050,1,22,"[0, 1, 2, 3, 4, 5, 6, 7]",93.01580810546875,38.86540412902832,46.9561767578125,143,93.01580810546875,0.0,46.44097900390625,141
2025-07-17T20:43:50.872155,2,22,"[0, 1, 2, 3, 4, 5, 6, 7]",93.01580810546875,38.86540412902832,46.9561767578125,143,93.01580810546875,0.0,46.44097900390625,141
2025-07-17T20:43:50.885640,3,22,"[0, 1, 2, 3, 4, 5, 6, 7]",93.01580810546875,38.86540412902832,46.9561767578125,143,93.01580810546875,0.0,46.44097900390625,141
2025-07-17T20:43:50.887852,4,22,"[0, 1, 2, 3, 4, 5, 6, 7]",93.01580810546875,38.86540412902832,46.9561767578125,143,93.01580810546875,0.0,46.44097900390625,141
2025-07-17T20:43:50.895861,0,23,"[0, 1, 2, 3, 4, 5, 6, 7]",93.01580810546875,38.86540412902832,46.9561767578125,143,93.01580810546875,0.0,46.44097900390625,141
2025-07-17T20:43:50.902566,1,23,"[0, 2, 3, 4, 6, 7]",93.01580810546875,38.86540412902832,46.9561767578125,143,93.01580810546875,0.0,46.44097900390625,141
2025-07-17T20:43:50.911067,2,23,"[0, 1, 2, 3, 4, 5, 6, 7]",93.01580810546875,38.86540412902832,46.9561767578125,143,93.01580810546875,0.0,46.44097900390625,141
2025-07-17T20:43:50.918454,3,23,"[0, 2, 3, 4, 6, 7]",93.01580810546875,38.86540412902832,46.9561767578125,143,93.01580810546875,0.0,46.44097900390625,141
2025-07-17T20:43:50.931742,4,23,"[0, 2, 3, 4, 6, 7]",93.01580810546875,38.86540412902832,46.9561767578125,143,93.01580810546875,0.0,46.44097900390625,141
2025-07-17T20:43:50.933891,0,24,"[0, 1, 2, 3, 4, 5, 6, 7]",93.01580810546875,38.86540412902832,46.9561767578125,143,93.01580810546875,0.0,46.44097900390625,141
2025-07-17T20:43:50.941733,1,24,"[0, 1, 2, 3, 4, 5, 6, 7]",93.01580810546875,38.86540412902832,46.9561767578125,143,93.01580810546875,0.0,46.44097900390625,141
2025-07-17T20:43:50.954915,2,24,"[0, 1, 2, 3, 4, 5, 6, 7]",93.01580810546875,38.86540412902832,46.9561767578125,143,93.01580810546875,0.0,46.44097900390625,141
2025-07-17T20:43:50.957090,3,24,"[0, 1, 2, 3, 4, 5, 6, 7]",93.01580810546875,38.86540412902832,46.9561767578125,143,93.01580810546875,0.0,46.44097900390625,141
2025-07-17T20:43:50.965871,4,24,"[0, 1, 2, 3, 4, 5, 6, 7]",93.01580810546875,38.86540412902832,46.9561767578125,143,93.01580810546875,0.0,46.44097900390625,141
2025-07-17T20:43:50.978705,0,25,"[0, 1, 2, 3, 4, 5, 6]",93.01580810546875,38.86540412902832,46.9561767578125,143,93.01580810546875,0.0,46.44097900390625,141
2025-07-17T20:43:50.986148,1,25,"[0, 1, 2, 3, 5, 6, 7]",93.01580810546875,38.86540412902832,46.9561767578125,143,93.01580810546875,0.0,46.44097900390625,141
2025-07-17T20:43:50.988401,2,25,"[0, 1, 2, 3, 4, 5, 6, 7]",93.01580810546875,38.86540412902832,46.9561767578125,143,93.01580810546875,0.0,46.44097900390625,141
2025-07-17T20:43:50.996268,3,25,"[0, 1, 2, 3, 5, 6, 7]",93.01580810546875,38.86540412902832,46.9561767578125,143,93.01580810546875,0.0,46.44097900390625,141
2025-07-17T20:43:51.003132,4,25,"[0, 1, 2, 3, 5, 6, 7]",93.01580810546875,38.86540412902832,46.9561767578125,143,93.01580810546875,0.0,46.44097900390625,141
2025-07-17T20:43:51.010115,0,26,"[0, 1, 2, 3, 4, 5, 6, 7]",93.01580810546875,38.86540412902832,46.9561767578125,143,93.01580810546875,0.0,46.44097900390625,141
2025-07-17T20:43:51.023292,1,26,"[0, 1, 2, 3, 5, 7]",93.01580810546875,38.86540412902832,46.9561767578125,143,93.01580810546875,0.0,46.44097900390625,141
2025-07-17T20:43:51.025610,2,26,"[0, 1, 2, 3, 4, 5, 6, 7]",93.01580810546875,38.86540412902832,46.9561767578125,143,93.01580810546875,0.0,46.44097900390625,141
2025-07-17T20:43:51.033312,3,26,"[0, 1, 2, 3, 5, 7]",93.01580810546875,38.86540412902832,46.9561767578125,143,93.01580810546875,0.0,46.44097900390625,141
2025-07-17T20:43:51.040656,4,26,"[0, 1, 2, 3, 5, 7]",93.01580810546875,38.86540412902832,46.9561767578125,143,93.01580810546875,0.0,46.44097900390625,141
2025-07-17T20:43:51.048415,0,27,"[0, 1, 2, 3, 4, 5, 6, 7]",93.01580810546875,38.86540412902832,46.9561767578125,143,93.01580810546875,0.0,46.44097900390625,141
2025-07-17T20:43:51.056422,1,27,"[0, 1, 2, 3, 4, 5, 6, 7]",93.01580810546875,38.86540412902832,46.9561767578125,143,93.01580810546875,0.0,46.44097900390625,141
2025-07-17T20:43:51.063604,2,27,"[0, 1, 2, 3, 4, 5, 6, 7]",93.01580810546875,38.86540412902832,46.9561767578125,143,93.01580810546875,0.0,46.44097900390625,141
2025-07-17T20:43:51.071330,3,27,"[0, 1, 2, 3, 4, 5, 6, 7]",93.01580810546875,38.86540412902832,46.9561767578125,143,93.01580810546875,0.0,46.44097900390625,141
2025-07-17T20:43:51.078119,4,27,"[0, 1, 2, 3, 4, 5, 6, 7]",93.01580810546875,38.86540412902832,46.9561767578125,143,93.01580810546875,0.0,46.44097900390625,141
2025-07-17T20:43:51.084735,0,28,"[0, 1, 2, 3, 4, 5, 6, 7]",93.01580810546875,38.86540412902832,46.9561767578125,143,93.01580810546875,0.0,46.44097900390625,141
2025-07-17T20:43:51.092276,1,28,"[0, 1, 2, 3, 4, 5, 6, 7]",93.01580810546875,38.86540412902832,46.9561767578125,143,93.01580810546875,0.0,46.44097900390625,141
2025-07-17T20:43:51.099234,2,28,"[0, 1, 2, 3, 4, 5, 6, 7]",93.01580810546875,38.86540412902832,46.9561767578125,143,93.01580810546875,0.0,46.44097900390625,141
2025-07-17T20:43:51.111167,3,28,"[0, 1, 2, 3, 4, 5, 6, 7]",93.01580810546875,38.86540412902832,46.9561767578125,143,93.01580810546875,0.0,46.44097900390625,141
2025-07-17T20:43:51.113116,4,28,"[0, 1, 2, 3, 4, 5, 6, 7]",93.01580810546875,38.86540412902832,46.9561767578125,143,93.01580810546875,0.0,46.44097900390625,141
2025-07-17T20:43:51.127778,0,29,"[0, 1, 2, 3, 4, 5, 6, 7]",93.01580810546875,38.86540412902832,46.9561767578125,143,93.01580810546875,0.0,46.44097900390625,141
2025-07-17T20:43:51.129896,1,29,"[0, 1, 2, 3, 4, 5, 6, 7]",93.01580810546875,38.86540412902832,46.9561767578125,143,93.01580810546875,0.0,46.44097900390625,141
2025-07-17T20:43:51.143582,2,29,"[0, 1, 2, 3, 4, 5, 6, 7]",93.01580810546875,38.86540412902832,46.9561767578125,143,93.01580810546875,0.0,46.44097900390625,141
2025-07-17T20:43:51.146626,3,29,"[0, 1, 2, 3, 4, 5, 6, 7]",93.01580810546875,38.86540412902832,46.9561767578125,143,93.01580810546875,0.0,46.44097900390625,141
2025-07-17T20:43:51.153575,4,29,"[0, 1, 2, 3, 4, 5, 6, 7]",93.01580810546875,38.86540412902832,46.9561767578125,143,93.01580810546875,0.0,46.44097900390625,141
2025-07-17T20:43:51.165711,0,30,"[0, 1, 2, 3, 4, 5, 6, 7]",93.01580810546875,38.86540412902832,46.9561767578125,143,93.01580810546875,0.0,46.44097900390625,141
2025-07-17T20:43:51.168003,1,30,"[0, 1, 2, 3, 4, 5, 6, 7]",93.01580810546875,38.86540412902832,46.9561767578125,143,93.01580810546875,0.0,46.44097900390625,141
2025-07-17T20:43:51.174965,2,30,"[0, 1, 2, 3, 4, 5, 6, 7]",93.01580810546875,38.86540412902832,46.9561767578125,143,93.01580810546875,0.0,46.44097900390625,141
2025-07-17T20:43:51.181843,3,30,"[0, 1, 2, 3, 4, 5, 6, 7]",93.01580810546875,38.86540412902832,46.9561767578125,143,93.01580810546875,0.0,46.44097900390625,141
2025-07-17T20:43:51.194332,4,30,"[0, 1, 2, 3, 4, 5, 6, 7]",93.01580810546875,38.86540412902832,46.9561767578125,143,93.01580810546875,0.0,46.44097900390625,141
2025-07-17T20:43:51.196630,0,31,"[0, 1, 2, 3, 4, 5, 6, 7]",93.01580810546875,38.87229824066162,46.9561767578125,143,93.01580810546875,0.0,46.44097900390625,141
2025-07-17T20:43:51.206171,1,31,"[0, 1, 2, 3, 4, 5, 6, 7]",93.01580810546875,38.86909008026123,46.9561767578125,143,93.01580810546875,0.0,46.44097900390625,141
2025-07-17T20:43:51.220485,2,31,"[0, 1, 2, 3, 4, 5, 6, 7]",93.01580810546875,38.86646366119385,46.9561767578125,143,93.01580810546875,0.0,46.44097900390625,141
2025-07-17T20:43:51.224686,3,31,"[0, 1, 2, 3, 4, 5, 6, 7]",93.01580810546875,38.86299800872803,46.9561767578125,143,93.01580810546875,0.0,46.44097900390625,141
2025-07-17T20:43:51.231767,4,31,"[0, 1, 2, 3, 4, 5, 6, 7]",93.01580810546875,38.86002254486084,46.9561767578125,143,93.01580810546875,0.0,46.44097900390625,141
2025-07-17T20:43:51.247745,0,0,"[0, 1, 2, 3, 4, 5, 6, 7]",93.01580810546875,38.85531425476074,46.9561767578125,143,93.01580810546875,0.0,46.44097900390625,141
2025-07-17T20:43:51.255889,1,0,"[0, 1, 2, 3, 4, 5, 6]",93.01580810546875,38.85852241516113,46.9561767578125,143,93.01580810546875,0.0,46.44097900390625,141
2025-07-17T20:43:51.258313,2,0,"[0, 1, 2, 3, 4, 5, 6, 7]",93.01580810546875,38.86149787902832,46.9561767578125,143,93.01580810546875,0.0,46.44097900390625,141
2025-07-17T20:43:51.266231,3,0,"[0, 1, 2, 3, 4, 5, 6]",93.01580810546875,38.86438179016113,46.9561767578125,143,93.01580810546875,0.0,46.44097900390625,141
2025-07-17T20:43:51.274234,4,0,"[0, 1, 2, 3, 4, 5, 6]",93.01580810546875,38.86540412902832,46.9561767578125,143,93.01580810546875,0.0,46.44097900390625,141
2025-07-17T20:43:51.286770,0,1,"[0, 1, 2, 3, 4, 5, 6, 7]",93.01580810546875,38.86540412902832,46.9561767578125,143,93.01580810546875,0.0,46.44097900390625,141
2025-07-17T20:43:51.289117,1,1,"[0, 1, 2, 4, 5, 6, 7]",93.01580810546875,38.86540412902832,46.9561767578125,143,93.01580810546875,0.0,46.44097900390625,141
2025-07-17T20:43:51.296803,2,1,"[0, 1, 2, 4, 5, 6, 7]",93.01580810546875,38.86540412902832,46.9561767578125,143,93.01580810546875,0.0,46.44097900390625,141
2025-07-17T20:43:51.309878,3,1,"[0, 1, 2, 4, 5, 6, 7]",93.01580810546875,38.86540412902832,46.9561767578125,143,93.01580810546875,0.0,46.44097900390625,141
2025-07-17T20:43:51.311953,4,1,"[0, 1, 2, 4, 5, 6, 7]",93.01580810546875,38.86540412902832,46.9561767578125,143,93.01580810546875,0.0,46.44097900390625,141
2025-07-17T20:43:51.319739,0,2,"[0, 1, 2, 3, 4, 5, 6, 7]",93.01580810546875,38.86540412902832,46.9561767578125,143,93.01580810546875,0.0,46.44097900390625,141
2025-07-17T20:43:51.326210,1,2,"[0, 1, 2, 3, 4, 5, 6, 7]",93.01580810546875,38.86540412902832,46.9561767578125,143,93.01580810546875,0.0,46.44097900390625,141
2025-07-17T20:43:51.332884,2,2,"[0, 1, 2, 3, 4, 5, 6, 7]",93.01580810546875,38.86540412902832,46.9561767578125,143,93.01580810546875,0.0,46.44097900390625,141
2025-07-17T20:43:51.345346,3,2,"[0, 1, 2, 3, 4, 5, 6, 7]",93.01580810546875,38.86540412902832,46.9561767578125,143,93.01580810546875,0.0,46.44097900390625,141
2025-07-17T20:43:51.347496,4,2,"[0, 1, 2, 3, 4, 5, 6, 7]",93.01580810546875,38.86540412902832,46.9561767578125,143,93.01580810546875,0.0,46.44097900390625,141
2025-07-17T20:43:51.354321,0,3,"[0, 1, 2, 3, 4, 5, 6, 7]",93.01580810546875,38.86540412902832,46.9561767578125,143,93.01580810546875,0.0,46.44097900390625,141
2025-07-17T20:43:51.360656,1,3,"[0, 1, 2, 3, 4, 5, 6, 7]",93.01580810546875,38.86540412902832,46.9561767578125,143,93.01580810546875,0.0,46.44097900390625,141
2025-07-17T20:43:51.367217,2,3,"[0, 1, 2, 3, 4, 5, 6, 7]",93.01580810546875,38.86540412902832,46.9561767578125,143,93.01580810546875,0.0,46.44097900390625,141
2025-07-17T20:43:51.374184,3,3,"[0, 1, 2, 3, 4, 5, 6, 7]",93.01580810546875,38.86540412902832,46.9561767578125,143,93.01580810546875,0.0,46.44097900390625,141
2025-07-17T20:43:51.381189,4,3,"[0, 1, 2, 3, 4, 5, 6, 7]",93.01580810546875,38.86540412902832,46.9561767578125,143,93.01580810546875,0.0,46.44097900390625,141
2025-07-17T20:43:51.388025,0,4,"[0, 1, 2, 3, 4, 5, 6, 7]",93.01580810546875,38.86540412902832,46.9561767578125,143,93.01580810546875,0.0,46.44097900390625,141
2025-07-17T20:43:51.394987,1,4,"[0, 1, 2, 3, 4, 5, 6, 7]",93.01580810546875,38.86540412902832,46.9561767578125,143,93.01580810546875,0.0,46.44097900390625,141
2025-07-17T20:43:51.402611,2,4,"[0, 1, 2, 3, 4, 5, 6, 7]",93.01580810546875,38.86540412902832,46.9561767578125,143,93.01580810546875,0.0,46.44097900390625,141
2025-07-17T20:43:51.409596,3,4,"[0, 1, 2, 3, 4, 5, 6, 7]",93.01580810546875,38.86540412902832,46.9561767578125,143,93.01580810546875,0.0,46.44097900390625,141
2025-07-17T20:43:51.422409,4,4,"[0, 1, 2, 3, 4, 5, 6, 7]",93.01580810546875,38.86540412902832,46.9561767578125,143,93.01580810546875,0.0,46.44097900390625,141
2025-07-17T20:43:51.424036,0,5,"[0, 1, 2, 3, 4, 5, 6, 7]",93.01580810546875,38.86540412902832,46.9561767578125,143,93.01580810546875,0.0,46.44097900390625,141
2025-07-17T20:43:51.432089,1,5,"[0, 1, 2, 3, 4, 5, 6, 7]",93.01580810546875,38.86540412902832,46.9561767578125,143,93.01580810546875,0.0,46.44097900390625,141
2025-07-17T20:43:51.444534,2,5,"[0, 1, 2, 3, 4, 5, 6, 7]",93.01580810546875,38.86540412902832,46.9561767578125,143,93.01580810546875,0.0,46.44097900390625,141
2025-07-17T20:43:51.446997,3,5,"[0, 1, 2, 3, 4, 5, 6, 7]",93.01580810546875,38.86540412902832,46.9561767578125,143,93.01580810546875,0.0,46.44097900390625,141
2025-07-17T20:43:51.454446,4,5,"[0, 1, 2, 3, 4, 5, 6, 7]",93.01580810546875,38.86540412902832,46.9561767578125,143,93.01580810546875,0.0,46.44097900390625,141
2025-07-17T20:43:51.461181,0,6,"[0, 1, 2, 3, 4, 5, 6, 7]",93.01580810546875,38.86540412902832,46.9561767578125,143,93.01580810546875,0.0,46.44097900390625,141
2025-07-17T20:43:51.470844,1,6,"[0, 2, 3, 4, 5, 6, 7]",93.01580810546875,38.86540412902832,46.9561767578125,143,93.01580810546875,0.0,46.44097900390625,141
2025-07-17T20:43:51.482450,2,6,"[0, 1, 2, 3, 4, 5, 6, 7]",93.01580810546875,38.86540412902832,46.9561767578125,143,93.01580810546875,0.0,46.44097900390625,141
2025-07-17T20:43:51.484965,3,6,"[0, 2, 3, 4, 5, 6, 7]",93.01580810546875,38.86540412902832,46.9561767578125,143,93.01580810546875,0.0,46.44097900390625,141
2025-07-17T20:43:51.497571,4,6,"[0, 2, 3, 4, 5, 6, 7]",93.01580810546875,38.86540412902832,46.9561767578125,143,93.01580810546875,0.0,46.44097900390625,141
2025-07-17T20:43:51.500129,0,7,"[0, 1, 2, 3, 4, 5, 6, 7]",93.01580810546875,38.86540412902832,46.9561767578125,143,93.01580810546875,0.0,46.44097900390625,141
2025-07-17T20:43:51.506769,1,7,"[0, 1, 2, 3, 4, 5, 6, 7]",93.01580810546875,38.86540412902832,46.9561767578125,143,93.01580810546875,0.0,46.44097900390625,141
2025-07-17T20:43:51.514165,2,7,"[0, 1, 2, 3, 4, 5, 6, 7]",93.01580810546875,38.86540412902832,46.9561767578125,143,93.01580810546875,0.0,46.44097900390625,141
2025-07-17T20:43:51.528075,3,7,"[0, 1, 2, 3, 4, 5, 6, 7]",93.01580810546875,38.86540412902832,46.9561767578125,143,93.01580810546875,0.0,46.44097900390625,141
2025-07-17T20:43:51.530440,4,7,"[0, 1, 2, 3, 4, 5, 6, 7]",93.01580810546875,38.86540412902832,46.9561767578125,143,93.01580810546875,0.0,46.44097900390625,141
2025-07-17T20:43:51.543146,0,8,"[0, 1, 2, 3, 4, 5, 6, 7]",93.01580810546875,38.86540412902832,46.9561767578125,143,93.01580810546875,0.0,46.44097900390625,141
2025-07-17T20:43:51.545394,1,8,"[1, 2, 3, 4, 5, 6, 7]",93.01580810546875,38.86540412902832,46.9561767578125,143,93.01580810546875,0.0,46.44097900390625,141
2025-07-17T20:43:51.551799,2,8,"[0, 1, 2, 3, 4, 5, 6, 7]",93.01580810546875,38.86540412902832,46.9561767578125,143,93.01580810546875,0.0,46.44097900390625,141
2025-07-17T20:43:51.563663,3,8,"[1, 2, 3, 4, 5, 6, 7]",93.01580810546875,38.86540412902832,46.9561767578125,143,93.01580810546875,0.0,46.44097900390625,141
2025-07-17T20:43:51.571974,4,8,"[1, 2, 3, 4, 5, 6, 7]",93.01580810546875,38.86540412902832,46.9561767578125,143,93.01580810546875,0.0,46.44097900390625,141
2025-07-17T20:43:51.574346,0,9,"[0, 1, 2, 3, 4, 5, 6, 7]",93.01580810546875,38.86540412902832,46.9561767578125,143,93.01580810546875,0.0,46.44097900390625,141
2025-07-17T20:43:51.587265,1,9,"[0, 1, 2, 3, 4, 5, 6, 7]",93.01580810546875,38.86540412902832,46.9561767578125,143,93.01580810546875,0.0,46.44097900390625,141
2025-07-17T20:43:51.595485,2,9,"[0, 1, 2, 3, 4, 5, 6, 7]",93.01580810546875,38.86540412902832,46.9561767578125,143,93.01580810546875,0.0,46.44097900390625,141
2025-07-17T20:43:51.597700,3,9,"[0, 1, 2, 3, 4, 5, 6, 7]",93.01580810546875,38.86540412902832,46.9561767578125,143,93.01580810546875,0.0,46.44097900390625,141
2025-07-17T20:43:51.610339,4,9,"[0, 1, 2, 3, 4, 5, 6, 7]",93.01580810546875,38.86540412902832,46.9561767578125,143,93.01580810546875,0.0,46.44097900390625,141
2025-07-17T20:43:51.612639,0,10,"[0, 1, 2, 3, 4, 5, 6, 7]",93.01580810546875,38.86540412902832,46.9561767578125,143,93.01580810546875,0.0,46.44097900390625,141
2025-07-17T20:43:51.619803,1,10,"[0, 1, 2, 3, 4, 5, 6, 7]",93.01580810546875,38.86540412902832,46.9561767578125,143,93.01580810546875,0.0,46.44097900390625,141
2025-07-17T20:43:51.626200,2,10,"[0, 1, 2, 3, 4, 5, 6, 7]",93.01580810546875,38.86540412902832,46.9561767578125,143,93.01580810546875,0.0,46.44097900390625,141
2025-07-17T20:43:51.633209,3,10,"[0, 1, 2, 3, 4, 5, 6, 7]",93.01580810546875,38.86540412902832,46.9561767578125,143,93.01580810546875,0.0,46.44097900390625,141
2025-07-17T20:43:51.640183,4,10,"[0, 1, 2, 3, 4, 5, 6, 7]",93.01580810546875,38.86540412902832,46.9561767578125,143,93.01580810546875,0.0,46.44097900390625,141
2025-07-17T20:43:51.647395,0,11,"[0, 1, 2, 3, 4, 5, 6, 7]",93.01580810546875,38.86540412902832,46.9561767578125,143,93.01580810546875,0.0,46.44097900390625,141
2025-07-17T20:43:51.653900,1,11,"[0, 1, 2, 3, 4, 5, 6, 7]",93.01580810546875,38.86540412902832,46.9561767578125,143,93.01580810546875,0.0,46.44097900390625,141
2025-07-17T20:43:51.661025,2,11,"[0, 1, 2, 3, 4, 5, 6, 7]",93.01580810546875,38.86540412902832,46.9561767578125,143,93.01580810546875,0.0,46.44097900390625,141
2025-07-17T20:43:51.673951,3,11,"[0, 1, 2, 3, 4, 5, 6, 7]",93.01580810546875,38.86540412902832,46.9561767578125,143,93.01580810546875,0.0,46.44097900390625,141
2025-07-17T20:43:51.681401,4,11,"[0, 1, 2, 3, 4, 5, 6, 7]",93.01580810546875,38.86540412902832,46.9561767578125,143,93.01580810546875,0.0,46.44097900390625,141
2025-07-17T20:43:51.683686,0,12,"[0, 1, 2, 3, 4, 5, 6, 7]",93.01580810546875,38.86540412902832,46.9561767578125,143,93.01580810546875,0.0,46.44097900390625,141
2025-07-17T20:43:51.692121,1,12,"[0, 1, 2, 3, 4, 5, 6]",93.01580810546875,38.86540412902832,46.9561767578125,143,93.01580810546875,0.0,46.44097900390625,141
2025-07-17T20:43:51.698401,2,12,"[0, 1, 2, 3, 4, 6, 7]",93.01580810546875,38.86540412902832,46.9561767578125,143,93.01580810546875,0.0,46.44097900390625,141
2025-07-17T20:43:51.711743,3,12,"[0, 1, 2, 3, 4, 5, 6]",93.01580810546875,38.86540412902832,46.9561767578125,143,93.01580810546875,0.0,46.44097900390625,141
2025-07-17T20:43:51.714229,4,12,"[0, 1, 2, 3, 4, 5, 6]",93.01580810546875,38.86540412902832,46.9561767578125,143,93.01580810546875,0.0,46.44097900390625,141
2025-07-17T20:43:51.728295,0,13,"[0, 1, 2, 3, 4, 5, 6, 7]",93.01580810546875,38.86540412902832,46.9561767578125,143,93.01580810546875,0.0,46.44097900390625,141
2025-07-17T20:43:51.730547,1,13,"[0, 1, 2, 3, 4, 5, 7]",93.01580810546875,38.86540412902832,46.9561767578125,143,93.01580810546875,0.0,46.44097900390625,141
2025-07-17T20:43:51.737717,2,13,"[0, 1, 2, 3, 4, 5, 6, 7]",93.01580810546875,38.86540412902832,46.9561767578125,143,93.01580810546875,0.0,46.44097900390625,141
2025-07-17T20:43:51.744484,3,13,"[0, 1, 2, 3, 4, 5, 7]",93.01580810546875,38.86540412902832,46.9561767578125,143,93.01580810546875,0.0,46.44097900390625,141
2025-07-17T20:43:51.752745,4,13,"[0, 1, 2, 3, 4, 5, 7]",93.01580810546875,38.86540412902832,46.9561767578125,143,93.01580810546875,0.0,46.44097900390625,141
2025-07-17T20:43:51.759199,0,14,"[0, 1, 2, 3, 4, 5, 6, 7]",93.01580810546875,38.86540412902832,46.9561767578125,143,93.01580810546875,0.0,46.44097900390625,141
2025-07-17T20:43:51.766761,1,14,"[0, 1, 2, 3, 4, 5, 7]",93.01580810546875,38.86540412902832,46.9561767578125,143,93.01580810546875,0.0,46.44097900390625,141
2025-07-17T20:43:51.779688,2,14,"[0, 1, 2, 3, 4, 5, 6, 7]",93.01580810546875,38.86540412902832,46.9561767578125,143,93.01580810546875,0.0,46.44097900390625,141
2025-07-17T20:43:51.782053,3,14,"[0, 1, 2, 3, 4, 5, 7]",93.01580810546875,38.86540412902832,46.9561767578125,143,93.01580810546875,0.0,46.44097900390625,141
2025-07-17T20:43:51.788585,4,14,"[0, 1, 2, 3, 4, 5, 7]",93.01580810546875,38.86540412902832,46.9561767578125,143,93.01580810546875,0.0,46.44097900390625,141
2025-07-17T20:43:51.795622,0,15,"[0, 1, 2, 3, 4, 5, 6, 7]",93.01580810546875,38.86540412902832,46.9561767578125,143,93.01580810546875,0.0,46.44097900390625,141
2025-07-17T20:43:51.802217,1,15,"[1, 2, 3, 4, 5, 6, 7]",93.01580810546875,38.86540412902832,46.9561767578125,143,93.01580810546875,0.0,46.44097900390625,141
2025-07-17T20:43:51.810008,2,15,"[0, 1, 2, 3, 4, 5, 6, 7]",93.01580810546875,38.86540412902832,46.9561767578125,143,93.01580810546875,0.0,46.44097900390625,141
2025-07-17T20:43:51.822929,3,15,"[1, 2, 3, 4, 5, 6, 7]",93.01580810546875,38.86540412902832,46.9561767578125,143,93.01580810546875,0.0,46.44097900390625,141
2025-07-17T20:43:51.831531,4,15,"[1, 2, 3, 4, 5, 6, 7]",93.01580810546875,38.86540412902832,46.9561767578125,143,93.01580810546875,0.0,46.44097900390625,141
2025-07-17T20:43:51.833609,0,16,"[0, 1, 2, 3, 4, 5, 6, 7]",93.01580810546875,38.86540412902832,46.9561767578125,143,93.01580810546875,0.0,46.44097900390625,141
2025-07-17T20:43:51.841196,1,16,"[0, 1, 3, 4, 5, 6, 7]",93.01580810546875,38.86540412902832,46.9561767578125,143,93.01580810546875,0.0,46.44097900390625,141
2025-07-17T20:43:51.854817,2,16,"[0, 1, 2, 3, 4, 5, 6, 7]",93.01580810546875,38.86540412902832,46.9561767578125,143,93.01580810546875,0.0,46.44097900390625,141
2025-07-17T20:43:51.857054,3,16,"[0, 1, 3, 4, 5, 6, 7]",93.01580810546875,38.86540412902832,46.9561767578125,143,93.01580810546875,0.0,46.44097900390625,141
2025-07-17T20:43:51.870096,4,16,"[0, 1, 3, 4, 5, 6, 7]",93.01580810546875,38.86540412902832,46.9561767578125,143,93.01580810546875,0.0,46.44097900390625,141
2025-07-17T20:43:51.872250,0,17,"[0, 1, 2, 4, 5, 6, 7]",93.01580810546875,38.86540412902832,46.9561767578125,143,93.01580810546875,0.0,46.44097900390625,141
2025-07-17T20:43:51.880162,1,17,"[0, 1, 2, 4, 5, 6, 7]",93.01580810546875,38.86540412902832,46.9561767578125,143,93.01580810546875,0.0,46.44097900390625,141
2025-07-17T20:43:51.887752,2,17,"[0, 1, 2, 3, 4, 5, 6, 7]",93.01580810546875,38.86540412902832,46.9561767578125,143,93.01580810546875,0.0,46.44097900390625,141
2025-07-17T20:43:51.900418,3,17,"[0, 1, 2, 4, 5, 6, 7]",93.01580810546875,38.86540412902832,46.9561767578125,143,93.01580810546875,0.0,46.44097900390625,141
2025-07-17T20:43:51.902388,4,17,"[0, 1, 2, 4, 5, 6, 7]",93.01580810546875,38.86540412902832,46.9561767578125,143,93.01580810546875,0.0,46.44097900390625,141
2025-07-17T20:43:51.909528,0,18,"[0, 1, 2, 3, 4, 5, 6, 7]",93.01580810546875,38.86540412902832,46.9561767578125,143,93.01580810546875,0.0,46.44097900390625,141
2025-07-17T20:43:51.916791,1,18,"[0, 1, 2, 4, 5, 6, 7]",93.01580810546875,38.86540412902832,46.9561767578125,143,93.01580810546875,0.0,46.44097900390625,141
2025-07-17T20:43:51.930771,2,18,"[0, 1, 2, 3, 4, 5, 6, 7]",93.01580810546875,38.86540412902832,46.9561767578125,143,93.01580810546875,0.0,46.44097900390625,141
2025-07-17T20:43:51.932736,3,18,"[0, 1, 2, 4, 5, 6, 7]",93.01580810546875,38.86540412902832,46.9561767578125,143,93.01580810546875,0.0,46.44097900390625,141
2025-07-17T20:43:51.942068,4,18,"[0, 1, 2, 4, 5, 6, 7]",93.01580810546875,38.86540412902832,46.9561767578125,143,93.01580810546875,0.0,46.44097900390625,141
2025-07-17T20:43:51.948758,0,19,"[0, 1, 2, 3, 4, 5, 6, 7]",93.01580810546875,38.86540412902832,46.9561767578125,143,93.01580810546875,0.0,46.44097900390625,141
2025-07-17T20:43:51.954928,1,19,"[0, 1, 2, 3, 4, 5, 6, 7]",93.01580810546875,38.86540412902832,46.9561767578125,143,93.01580810546875,0.0,46.44097900390625,141
2025-07-17T20:43:51.961708,2,19,"[0, 1, 2, 3, 4, 5, 6, 7]",93.01580810546875,38.86540412902832,46.9561767578125,143,93.01580810546875,0.0,46.44097900390625,141
2025-07-17T20:43:51.968498,3,19,"[0, 1, 2, 3, 4, 5, 6, 7]",93.01580810546875,38.86540412902832,46.9561767578125,143,93.01580810546875,0.0,46.44097900390625,141
2025-07-17T20:43:51.976406,4,19,"[0, 1, 2, 3, 4, 5, 6, 7]",93.01580810546875,38.86540412902832,46.9561767578125,143,93.01580810546875,0.0,46.44097900390625,141
2025-07-17T20:43:51.984019,0,20,"[0, 1, 2, 3, 4, 5, 6, 7]",93.01580810546875,38.86540412902832,46.9561767578125,143,93.01580810546875,0.0,46.44097900390625,141
2025-07-17T20:43:51.996671,1,20,"[0, 2, 3, 4, 5, 6, 7]",93.01580810546875,38.86540412902832,46.9561767578125,143,93.01580810546875,0.0,46.44097900390625,141
2025-07-17T20:43:52.004432,2,20,"[0, 1, 2, 3, 4, 5, 6, 7]",93.01580810546875,38.86540412902832,46.9561767578125,143,93.01580810546875,0.0,46.44097900390625,141
2025-07-17T20:43:52.006841,3,20,"[0, 2, 3, 4, 5, 6, 7]",93.01580810546875,38.86540412902832,46.9561767578125,143,93.01580810546875,0.0,46.44097900390625,141
2025-07-17T20:43:52.013714,4,20,"[0, 2, 3, 4, 5, 6, 7]",93.01580810546875,38.86540412902832,46.9561767578125,143,93.01580810546875,0.0,46.44097900390625,141
2025-07-17T20:43:52.021426,0,21,"[0, 1, 2, 3, 4, 5, 6, 7]",93.01580810546875,38.86540412902832,46.9561767578125,143,93.01580810546875,0.0,46.44097900390625,141
2025-07-17T20:43:52.029120,1,21,"[0, 1, 2, 3, 4, 5, 6, 7]",93.01580810546875,38.86540412902832,46.9561767578125,143,93.01580810546875,0.0,46.44097900390625,141
2025-07-17T20:43:52.035994,2,21,"[0, 1, 2, 3, 4, 5, 6, 7]",93.01580810546875,38.86540412902832,46.9561767578125,143,93.01580810546875,0.0,46.44097900390625,141
2025-07-17T20:43:52.042596,3,21,"[0, 1, 2, 3, 4, 5, 6, 7]",93.01580810546875,38.86540412902832,46.9561767578125,143,93.01580810546875,0.0,46.44097900390625,141
2025-07-17T20:43:52.056525,4,21,"[0, 1, 2, 3, 4, 5, 6, 7]",93.01580810546875,38.86540412902832,46.9561767578125,143,93.01580810546875,0.0,46.44097900390625,141
2025-07-17T20:43:52.058866,0,22,"[0, 1, 2, 3, 4, 5, 6, 7]",93.01580810546875,38.86540412902832,46.9561767578125,143,93.01580810546875,0.0,46.44097900390625,141
2025-07-17T20:43:52.065972,1,22,"[0, 1, 2, 3, 4, 5, 6, 7]",93.01580810546875,38.86540412902832,46.9561767578125,143,93.01580810546875,0.0,46.44097900390625,141
2025-07-17T20:43:52.072895,2,22,"[0, 1, 2, 3, 4, 5, 6, 7]",93.01580810546875,38.86540412902832,46.9561767578125,143,93.01580810546875,0.0,46.44097900390625,141
2025-07-17T20:43:52.079510,3,22,"[0, 1, 2, 3, 4, 5, 6, 7]",93.01580810546875,38.86540412902832,46.9561767578125,143,93.01580810546875,0.0,46.44097900390625,141
2025-07-17T20:43:52.087535,4,22,"[0, 1, 2, 3, 4, 5, 6, 7]",93.01580810546875,38.86540412902832,46.9561767578125,143,93.01580810546875,0.0,46.44097900390625,141
2025-07-17T20:43:52.100325,0,23,"[0, 1, 2, 3, 4, 5, 6, 7]",93.01580810546875,38.86540412902832,46.9561767578125,143,93.01580810546875,0.0,46.44097900390625,141
2025-07-17T20:43:52.108000,1,23,"[0, 1, 2, 3, 4, 5, 6, 7]",93.01580810546875,38.86540412902832,46.9561767578125,143,93.01580810546875,0.0,46.44097900390625,141
2025-07-17T20:43:52.115493,2,23,"[0, 1, 2, 3, 4, 5, 6, 7]",93.01580810546875,38.86540412902832,46.9561767578125,143,93.01580810546875,0.0,46.44097900390625,141
2025-07-17T20:43:52.122037,3,23,"[0, 1, 2, 3, 4, 5, 6, 7]",93.01580810546875,38.86540412902832,46.9561767578125,143,93.01580810546875,0.0,46.44097900390625,141
2025-07-17T20:43:52.130046,4,23,"[0, 1, 2, 3, 4, 5, 6, 7]",93.01580810546875,38.86540412902832,46.9561767578125,143,93.01580810546875,0.0,46.44097900390625,141
2025-07-17T20:43:52.138300,0,24,"[0, 1, 2, 3, 4, 5, 6, 7]",93.01580810546875,38.86540412902832,46.9561767578125,143,93.01580810546875,0.0,46.44097900390625,141
2025-07-17T20:43:52.140522,1,24,"[0, 1, 2, 3, 4, 5, 6, 7]",93.01580810546875,38.86540412902832,46.9561767578125,143,93.01580810546875,0.0,46.44097900390625,141
2025-07-17T20:43:52.147356,2,24,"[0, 1, 2, 3, 4, 5, 6, 7]",93.01580810546875,38.86540412902832,46.9561767578125,143,93.01580810546875,0.0,46.44097900390625,141
2025-07-17T20:43:52.154316,3,24,"[0, 1, 2, 3, 4, 5, 6, 7]",93.01580810546875,38.86540412902832,46.9561767578125,143,93.01580810546875,0.0,46.44097900390625,141
2025-07-17T20:43:52.162052,4,24,"[0, 1, 2, 3, 4, 5, 6, 7]",93.01580810546875,38.86540412902832,46.9561767578125,143,93.01580810546875,0.0,46.44097900390625,141
2025-07-17T20:43:52.168808,0,25,"[0, 1, 2, 3, 4, 5, 6, 7]",93.01580810546875,38.86540412902832,46.9561767578125,143,93.01580810546875,0.0,46.44097900390625,141
2025-07-17T20:43:52.175746,1,25,"[0, 1, 2, 3, 4, 5, 6, 7]",93.01580810546875,38.86540412902832,46.9561767578125,143,93.01580810546875,0.0,46.44097900390625,141
2025-07-17T20:43:52.182805,2,25,"[0, 1, 2, 3, 4, 5, 6, 7]",93.01580810546875,38.86540412902832,46.9561767578125,143,93.01580810546875,0.0,46.44097900390625,141
2025-07-17T20:43:52.189789,3,25,"[0, 1, 2, 3, 4, 5, 6, 7]",93.01580810546875,38.86540412902832,46.9561767578125,143,93.01580810546875,0.0,46.44097900390625,141
2025-07-17T20:43:52.196966,4,25,"[0, 1, 2, 3, 4, 5, 6, 7]",93.01580810546875,38.86540412902832,46.9561767578125,143,93.01580810546875,0.0,46.44097900390625,141
2025-07-17T20:43:52.203807,0,26,"[0, 1, 2, 3, 4, 5, 6, 7]",93.01580810546875,38.86540412902832,46.9561767578125,143,93.01580810546875,0.0,46.44097900390625,141
2025-07-17T20:43:52.214507,1,26,"[0, 2, 3, 4, 5, 6, 7]",93.01580810546875,38.86540412902832,46.9561767578125,143,93.01580810546875,0.0,46.44097900390625,141
2025-07-17T20:43:52.222832,2,26,"[0, 1, 2, 3, 4, 5, 6, 7]",93.01580810546875,38.86540412902832,46.9561767578125,143,93.01580810546875,0.0,46.44097900390625,141
2025-07-17T20:43:52.230589,3,26,"[0, 2, 3, 4, 5, 6, 7]",93.01580810546875,38.86456489562988,46.9561767578125,143,93.01580810546875,0.0,46.44097900390625,141
2025-07-17T20:43:52.237645,4,26,"[0, 2, 3, 4, 5, 6, 7]",93.01580810546875,38.86456489562988,46.9561767578125,143,93.01580810546875,0.0,46.44097900390625,141
2025-07-17T20:43:52.246221,0,27,"[0, 1, 2, 3, 4, 5, 6, 7]",93.01580810546875,38.86456489562988,46.9561767578125,143,93.01580810546875,0.0,46.44097900390625,141
2025-07-17T20:43:52.248690,1,27,"[0, 1, 2, 3, 4, 5, 6, 7]",93.01580810546875,38.86456489562988,46.9561767578125,143,93.01580810546875,0.0,46.44097900390625,141
2025-07-17T20:43:52.263139,2,27,"[0, 1, 2, 3, 4, 5, 6, 7]",93.01580810546875,38.86540412902832,46.9561767578125,143,93.01580810546875,0.0,46.44097900390625,141
2025-07-17T20:43:52.270923,3,27,"[0, 1, 2, 3, 4, 5, 6, 7]",93.01580810546875,38.86540412902832,46.9561767578125,143,93.01580810546875,0.0,46.44097900390625,141
2025-07-17T20:43:52.274456,4,27,"[0, 1, 2, 3, 4, 5, 6, 7]",93.01580810546875,38.86540412902832,46.9561767578125,143,93.01580810546875,0.0,46.44097900390625,141
2025-07-17T20:43:52.281070,0,28,"[0, 1, 2, 3, 4, 5, 6, 7]",93.01580810546875,38.86540412902832,46.9561767578125,143,93.01580810546875,0.0,46.44097900390625,141
2025-07-17T20:43:52.289610,1,28,"[0, 2, 3, 5, 6, 7]",93.01580810546875,38.86540412902832,46.9561767578125,143,93.01580810546875,0.0,46.44097900390625,141
2025-07-17T20:43:52.302018,2,28,"[0, 1, 2, 3, 4, 5, 6, 7]",93.01580810546875,38.86540412902832,46.9561767578125,143,93.01580810546875,0.0,46.44097900390625,141
2025-07-17T20:43:52.309382,3,28,"[0, 2, 3, 5, 6, 7]",93.01580810546875,38.86540412902832,46.9561767578125,143,93.01580810546875,0.0,46.44097900390625,141
2025-07-17T20:43:52.317000,4,28,"[0, 2, 3, 5, 6, 7]",93.01580810546875,38.86540412902832,46.9561767578125,143,93.01580810546875,0.0,46.44097900390625,141
2025-07-17T20:43:52.319641,0,29,"[0, 1, 2, 3, 4, 5, 6, 7]",93.01580810546875,38.86540412902832,46.9561767578125,143,93.01580810546875,0.0,46.44097900390625,141
2025-07-17T20:43:52.327041,1,29,"[0, 1, 2, 3, 4, 5, 6, 7]",93.01580810546875,38.86540412902832,46.9561767578125,143,93.01580810546875,0.0,46.44097900390625,141
2025-07-17T20:43:52.333593,2,29,"[0, 1, 2, 3, 4, 5, 6, 7]",93.01580810546875,38.86540412902832,46.9561767578125,143,93.01580810546875,0.0,46.44097900390625,141
2025-07-17T20:43:52.340764,3,29,"[0, 1, 2, 3, 4, 5, 6, 7]",93.01580810546875,38.86540412902832,46.9561767578125,143,93.01580810546875,0.0,46.44097900390625,141
2025-07-17T20:43:52.355305,4,29,"[0, 1, 2, 3, 4, 5, 6, 7]",93.01580810546875,38.86540412902832,46.9561767578125,143,93.01580810546875,0.0,46.44097900390625,141
2025-07-17T20:43:52.357725,0,30,"[0, 1, 2, 3, 4, 5, 6, 7]",93.01580810546875,38.86540412902832,46.9561767578125,143,93.01580810546875,0.0,46.44097900390625,141
2025-07-17T20:43:52.370913,1,30,"[0, 1, 2, 3, 4, 5, 7]",93.01580810546875,38.86540412902832,46.9561767578125,143,93.01580810546875,0.0,46.44097900390625,141
2025-07-17T20:43:52.378650,2,30,"[0, 1, 2, 3, 4, 5, 6, 7]",93.01580810546875,38.86540412902832,46.9561767578125,143,93.01580810546875,0.0,46.44097900390625,141
2025-07-17T20:43:52.385741,3,30,"[0, 1, 2, 3, 4, 5, 7]",93.01580810546875,38.86540412902832,46.9561767578125,143,93.01580810546875,0.0,46.44097900390625,141
2025-07-17T20:43:52.388130,4,30,"[0, 1, 2, 3, 4, 5, 7]",93.01580810546875,38.86540412902832,46.9561767578125,143,93.01580810546875,0.0,46.44097900390625,141
2025-07-17T20:43:52.396384,0,31,"[0, 1, 2, 3, 4, 5, 6, 7]",93.01580810546875,38.87229824066162,46.9561767578125,143,93.01580810546875,0.0,46.44097900390625,141
2025-07-17T20:43:52.410955,1,31,"[0, 1, 2, 3, 4, 5, 6, 7]",93.01580810546875,38.86909008026123,46.9561767578125,143,93.01580810546875,0.0,46.44097900390625,141
2025-07-17T20:43:52.414914,2,31,"[0, 1, 2, 3, 4, 5, 6, 7]",93.01580810546875,38.86562442779541,46.9561767578125,143,93.01580810546875,0.0,46.44097900390625,141
2025-07-17T20:43:52.429682,3,31,"[0, 1, 2, 3, 4, 5, 6, 7]",93.01580810546875,38.86299800872803,46.9561767578125,143,93.01580810546875,0.0,46.44097900390625,141
2025-07-17T20:43:52.432826,4,31,"[0, 1, 2, 3, 4, 5, 6, 7]",93.01580810546875,38.86002254486084,46.9561767578125,143,93.01580810546875,0.0,46.44097900390625,141
2025-07-17T20:43:52.444443,0,0,"[0, 1, 2, 3, 4, 5, 6, 7]",93.01580810546875,38.85531425476074,46.9561767578125,143,93.01580810546875,0.0,46.44097900390625,141
2025-07-17T20:43:52.452161,1,0,"[0, 1, 2, 4, 5, 6]",93.01580810546875,38.85852241516113,46.9561767578125,143,93.01580810546875,0.0,46.44097900390625,141
2025-07-17T20:43:52.459783,2,0,"[0, 1, 2, 3, 4, 5, 6, 7]",93.01580810546875,38.86149787902832,46.9561767578125,143,93.01580810546875,0.0,46.44097900390625,141
2025-07-17T20:43:52.467328,3,0,"[0, 1, 2, 4, 5, 6]",93.01580810546875,38.86438179016113,46.9561767578125,143,93.01580810546875,0.0,46.44097900390625,141
2025-07-17T20:43:52.475011,4,0,"[0, 1, 2, 4, 5, 6]",93.01580810546875,38.86540412902832,46.9561767578125,143,93.01580810546875,0.0,46.44097900390625,141
2025-07-17T20:43:52.486914,0,1,"[0, 1, 2, 3, 4, 5, 6, 7]",93.01580810546875,38.86540412902832,46.9561767578125,143,93.01580810546875,0.0,46.44097900390625,141
2025-07-17T20:43:52.496127,1,1,"[0, 1, 2, 3, 4, 5, 6, 7]",93.01580810546875,38.86540412902832,46.9561767578125,143,93.01580810546875,0.0,46.44097900390625,141
2025-07-17T20:43:52.498633,2,1,"[0, 1, 2, 3, 4, 5, 6, 7]",93.01580810546875,38.86540412902832,46.9561767578125,143,93.01580810546875,0.0,46.44097900390625,141
2025-07-17T20:43:52.506029,3,1,"[0, 1, 2, 3, 4, 5, 6, 7]",93.01580810546875,38.86540412902832,46.9561767578125,143,93.01580810546875,0.0,46.44097900390625,141
2025-07-17T20:43:52.518015,4,1,"[0, 1, 2, 3, 4, 5, 6, 7]",93.01580810546875,38.86540412902832,46.9561767578125,143,93.01580810546875,0.0,46.44097900390625,141
2025-07-17T20:43:52.526958,0,2,"[0, 1, 2, 3, 4, 5, 6, 7]",93.01580810546875,38.86540412902832,46.9561767578125,143,93.01580810546875,0.0,46.44097900390625,141
2025-07-17T20:43:52.529071,1,2,"[0, 1, 2, 3, 4, 5, 6, 7]",93.01580810546875,38.86540412902832,46.9561767578125,143,93.01580810546875,0.0,46.44097900390625,141
2025-07-17T20:43:52.536730,2,2,"[0, 1, 2, 3, 4, 5, 6, 7]",93.01580810546875,38.86540412902832,46.9561767578125,143,93.01580810546875,0.0,46.44097900390625,141
2025-07-17T20:43:52.544336,3,2,"[0, 1, 2, 3, 4, 5, 6, 7]",93.01580810546875,38.86540412902832,46.9561767578125,143,93.01580810546875,0.0,46.44097900390625,141
2025-07-17T20:43:52.551131,4,2,"[0, 1, 2, 3, 4, 5, 6, 7]",93.01580810546875,38.86540412902832,46.9561767578125,143,93.01580810546875,0.0,46.44097900390625,141
2025-07-17T20:43:52.558208,0,3,"[0, 1, 2, 3, 4, 5, 6, 7]",93.01580810546875,38.86540412902832,46.9561767578125,143,93.01580810546875,0.0,46.44097900390625,141
2025-07-17T20:43:52.565876,1,3,"[0, 1, 2, 3, 4, 5, 7]",93.01580810546875,38.86540412902832,46.9561767578125,143,93.01580810546875,0.0,46.44097900390625,141
2025-07-17T20:43:52.573613,2,3,"[0, 1, 2, 3, 4, 5, 6, 7]",93.01580810546875,38.86540412902832,46.9561767578125,143,93.01580810546875,0.0,46.44097900390625,141
2025-07-17T20:43:52.580325,3,3,"[0, 1, 2, 3, 4, 5, 7]",93.01580810546875,38.86540412902832,46.9561767578125,143,93.01580810546875,0.0,46.44097900390625,141
2025-07-17T20:43:52.587527,4,3,"[0, 1, 2, 3, 4, 5, 7]",93.01580810546875,38.86540412902832,46.9561767578125,143,93.01580810546875,0.0,46.44097900390625,141
2025-07-17T20:43:52.593846,0,4,"[0, 1, 2, 3, 4, 5, 6, 7]",93.01580810546875,38.86540412902832,46.9561767578125,143,93.01580810546875,0.0,46.44097900390625,141
2025-07-17T20:43:52.602954,1,4,"[0, 1, 2, 3, 4, 5, 6, 7]",93.01580810546875,38.86540412902832,46.9561767578125,143,93.01580810546875,0.0,46.44097900390625,141
2025-07-17T20:43:52.614748,2,4,"[0, 1, 2, 3, 4, 5, 6, 7]",93.01580810546875,38.86540412902832,46.9561767578125,143,93.01580810546875,0.0,46.44097900390625,141
2025-07-17T20:43:52.621529,3,4,"[0, 1, 2, 3, 4, 5, 6, 7]",93.01580810546875,38.86540412902832,46.9561767578125,143,93.01580810546875,0.0,46.44097900390625,141
2025-07-17T20:43:52.623947,4,4,"[0, 1, 2, 3, 4, 5, 6, 7]",93.01580810546875,38.86540412902832,46.9561767578125,143,93.01580810546875,0.0,46.44097900390625,141
2025-07-17T20:43:52.631437,0,5,"[0, 1, 2, 3, 4, 5, 6, 7]",93.01580810546875,38.86540412902832,46.9561767578125,143,93.01580810546875,0.0,46.44097900390625,141
2025-07-17T20:43:52.639211,1,5,"[0, 1, 2, 3, 4, 5, 6]",93.01580810546875,38.86540412902832,46.9561767578125,143,93.01580810546875,0.0,46.44097900390625,141
2025-07-17T20:43:52.646245,2,5,"[0, 1, 2, 3, 4, 6, 7]",93.01580810546875,38.86540412902832,46.9561767578125,143,93.01580810546875,0.0,46.44097900390625,141
2025-07-17T20:43:52.653208,3,5,"[0, 1, 2, 3, 4, 5, 6]",93.01580810546875,38.86540412902832,46.9561767578125,143,93.01580810546875,0.0,46.44097900390625,141
2025-07-17T20:43:52.666276,4,5,"[0, 1, 2, 3, 4, 5, 6]",93.01580810546875,38.86540412902832,46.9561767578125,143,93.01580810546875,0.0,46.44097900390625,141
2025-07-17T20:43:52.668272,0,6,"[0, 1, 2, 3, 4, 5, 6, 7]",93.01580810546875,38.86540412902832,46.9561767578125,143,93.01580810546875,0.0,46.44097900390625,141
2025-07-17T20:43:52.681038,1,6,"[0, 1, 2, 3, 4, 5, 6, 7]",93.01580810546875,38.86540412902832,46.9561767578125,143,93.01580810546875,0.0,46.44097900390625,141
2025-07-17T20:43:52.683672,2,6,"[0, 1, 2, 3, 4, 5, 6, 7]",93.01580810546875,38.86540412902832,46.9561767578125,143,93.01580810546875,0.0,46.44097900390625,141
2025-07-17T20:43:52.691285,3,6,"[0, 1, 2, 3, 4, 5, 6, 7]",93.01580810546875,38.86540412902832,46.9561767578125,143,93.01580810546875,0.0,46.44097900390625,141
2025-07-17T20:43:52.697763,4,6,"[0, 1, 2, 3, 4, 5, 6, 7]",93.01580810546875,38.86540412902832,46.9561767578125,143,93.01580810546875,0.0,46.44097900390625,141
2025-07-17T20:43:52.704177,0,7,"[0, 1, 2, 3, 4, 5, 6, 7]",93.01580810546875,38.86540412902832,46.9561767578125,143,93.01580810546875,0.0,46.44097900390625,141
2025-07-17T20:43:52.711508,1,7,"[0, 1, 2, 3, 4, 5, 6, 7]",93.01580810546875,38.86540412902832,46.9561767578125,143,93.01580810546875,0.0,46.44097900390625,141
2025-07-17T20:43:52.718550,2,7,"[0, 1, 2, 3, 4, 5, 6, 7]",93.01580810546875,38.86540412902832,46.9561767578125,143,93.01580810546875,0.0,46.44097900390625,141
2025-07-17T20:43:52.725271,3,7,"[0, 1, 2, 3, 4, 5, 6, 7]",93.01580810546875,38.86540412902832,46.9561767578125,143,93.01580810546875,0.0,46.44097900390625,141
2025-07-17T20:43:52.732259,4,7,"[0, 1, 2, 3, 4, 5, 6, 7]",93.01580810546875,38.86540412902832,46.9561767578125,143,93.01580810546875,0.0,46.44097900390625,141
2025-07-17T20:43:52.744968,0,8,"[0, 1, 2, 3, 4, 5, 6, 7]",93.01580810546875,38.86540412902832,46.9561767578125,143,93.01580810546875,0.0,46.44097900390625,141
2025-07-17T20:43:52.747340,1,8,"[0, 1, 2, 3, 4, 5, 6, 7]",93.01580810546875,38.86540412902832,46.9561767578125,143,93.01580810546875,0.0,46.44097900390625,141
2025-07-17T20:43:52.760278,2,8,"[0, 1, 2, 3, 4, 5, 6, 7]",93.01580810546875,38.86540412902832,46.9561767578125,143,93.01580810546875,0.0,46.44097900390625,141
2025-07-17T20:43:52.763109,3,8,"[0, 1, 2, 3, 4, 5, 6, 7]",93.01580810546875,38.86540412902832,46.9561767578125,143,93.01580810546875,0.0,46.44097900390625,141
2025-07-17T20:43:52.770526,4,8,"[0, 1, 2, 3, 4, 5, 6, 7]",93.01580810546875,38.86540412902832,46.9561767578125,143,93.01580810546875,0.0,46.44097900390625,141
2025-07-17T20:43:52.783523,0,9,"[0, 1, 2, 3, 4, 5, 6, 7]",93.01580810546875,38.86540412902832,46.9561767578125,143,93.01580810546875,0.0,46.44097900390625,141
2025-07-17T20:43:52.785945,1,9,"[0, 1, 2, 3, 4, 5, 6, 7]",93.01580810546875,38.86540412902832,46.9561767578125,143,93.01580810546875,0.0,46.44097900390625,141
2025-07-17T20:43:52.793486,2,9,"[0, 1, 2, 3, 4, 5, 6, 7]",93.01580810546875,38.86540412902832,46.9561767578125,143,93.01580810546875,0.0,46.44097900390625,141
2025-07-17T20:43:52.800423,3,9,"[0, 1, 2, 3, 4, 5, 6, 7]",93.01580810546875,38.86540412902832,46.9561767578125,143,93.01580810546875,0.0,46.44097900390625,141
2025-07-17T20:43:52.806942,4,9,"[0, 1, 2, 3, 4, 5, 6, 7]",93.01580810546875,38.86540412902832,46.9561767578125,143,93.01580810546875,0.0,46.44097900390625,141
2025-07-17T20:43:52.814586,0,10,"[0, 1, 2, 3, 4, 5, 6, 7]",93.01580810546875,38.86540412902832,46.9561767578125,143,93.01580810546875,0.0,46.44097900390625,141
2025-07-17T20:43:52.821573,1,10,"[0, 1, 2, 3, 4, 5, 6, 7]",93.01580810546875,38.86540412902832,46.9561767578125,143,93.01580810546875,0.0,46.44097900390625,141
2025-07-17T20:43:52.829102,2,10,"[0, 1, 2, 3, 4, 5, 6, 7]",93.01580810546875,38.86540412902832,46.9561767578125,143,93.01580810546875,0.0,46.44097900390625,141
2025-07-17T20:43:52.840680,3,10,"[0, 1, 2, 3, 4, 5, 6, 7]",93.01580810546875,38.86540412902832,46.9561767578125,143,93.01580810546875,0.0,46.44097900390625,141
2025-07-17T20:43:52.843757,4,10,"[0, 1, 2, 3, 4, 5, 6, 7]",93.01580810546875,38.86540412902832,46.9561767578125,143,93.01580810546875,0.0,46.44097900390625,141
2025-07-17T20:43:52.857257,0,11,"[0, 1, 2, 3, 4, 5, 6, 7]",93.01580810546875,38.86540412902832,46.9561767578125,143,93.01580810546875,0.0,46.44097900390625,141
2025-07-17T20:43:52.865392,1,11,"[0, 1, 2, 3, 4, 5, 6, 7]",93.01580810546875,38.86540412902832,46.9561767578125,143,93.01580810546875,0.0,46.44097900390625,141
2025-07-17T20:43:52.867903,2,11,"[0, 1, 2, 3, 4, 5, 6, 7]",93.01580810546875,38.86540412902832,46.9561767578125,143,93.01580810546875,0.0,46.44097900390625,141
2025-07-17T20:43:52.880911,3,11,"[0, 1, 2, 3, 4, 5, 6, 7]",93.01580810546875,38.86540412902832,46.9561767578125,143,93.01580810546875,0.0,46.44097900390625,141
2025-07-17T20:43:52.883670,4,11,"[0, 1, 2, 3, 4, 5, 6, 7]",93.01580810546875,38.86540412902832,46.9561767578125,143,93.01580810546875,0.0,46.44097900390625,141
2025-07-17T20:43:52.896438,0,12,"[0, 1, 2, 3, 4, 5, 6, 7]",93.01580810546875,38.86540412902832,46.9561767578125,143,93.01580810546875,0.0,46.44097900390625,141
2025-07-17T20:43:52.898858,1,12,"[0, 1, 2, 3, 4, 5, 6]",93.01580810546875,38.86540412902832,46.9561767578125,143,93.01580810546875,0.0,46.44097900390625,141
2025-07-17T20:43:52.910502,2,12,"[0, 1, 2, 3, 4, 5, 6, 7]",93.01580810546875,38.86540412902832,46.9561767578125,143,93.01580810546875,0.0,46.44097900390625,141
2025-07-17T20:43:52.916828,3,12,"[0, 1, 2, 3, 4, 5, 6]",93.01580810546875,38.86540412902832,46.9561767578125,143,93.01580810546875,0.0,46.44097900390625,141
2025-07-17T20:43:52.925293,4,12,"[0, 1, 2, 3, 4, 5, 6]",93.01580810546875,38.86540412902832,46.9561767578125,143,93.01580810546875,0.0,46.44097900390625,141
2025-07-17T20:43:52.928215,0,13,"[0, 1, 2, 3, 4, 5, 6, 7]",93.01580810546875,38.86540412902832,46.9561767578125,143,93.01580810546875,0.0,46.44097900390625,141
2025-07-17T20:43:52.940968,1,13,"[0, 1, 2, 3, 5, 7]",93.01580810546875,38.86540412902832,46.9561767578125,143,93.01580810546875,0.0,46.44097900390625,141
2025-07-17T20:43:52.943197,2,13,"[0, 1, 2, 3, 4, 5, 6, 7]",93.01580810546875,38.86540412902832,46.9561767578125,143,93.01580810546875,0.0,46.44097900390625,141
2025-07-17T20:43:52.954718,3,13,"[0, 1, 2, 3, 5, 7]",93.01580810546875,38.86540412902832,46.9561767578125,143,93.01580810546875,0.0,46.44097900390625,141
2025-07-17T20:43:52.957011,4,13,"[0, 1, 2, 3, 5, 7]",93.01580810546875,38.86540412902832,46.9561767578125,143,93.01580810546875,0.0,46.44097900390625,141
2025-07-17T20:43:52.969287,0,14,"[0, 1, 2, 3, 4, 5, 6, 7]",93.01580810546875,38.86540412902832,46.9561767578125,143,93.01580810546875,0.0,46.44097900390625,141
2025-07-17T20:43:52.971573,1,14,"[0, 1, 2, 3, 4, 5, 6]",93.01580810546875,38.86540412902832,46.9561767578125,143,93.01580810546875,0.0,46.44097900390625,141
2025-07-17T20:43:52.980114,2,14,"[0, 1, 2, 4, 5, 6, 7]",93.01580810546875,38.86540412902832,46.9561767578125,143,93.01580810546875,0.0,46.44097900390625,141
2025-07-17T20:43:52.986942,3,14,"[0, 1, 2, 3, 4, 5, 6]",93.01580810546875,38.86540412902832,46.9561767578125,143,93.01580810546875,0.0,46.44097900390625,141
2025-07-17T20:43:52.993853,4,14,"[0, 1, 2, 3, 4, 5, 6]",93.01580810546875,38.86540412902832,46.9561767578125,143,93.01580810546875,0.0,46.44097900390625,141
2025-07-17T20:43:53.000726,0,15,"[0, 1, 2, 3, 4, 5, 6, 7]",93.01580810546875,38.86540412902832,46.9561767578125,143,93.01580810546875,0.0,46.44097900390625,141
2025-07-17T20:43:53.013702,1,15,"[0, 1, 2, 3, 4, 5, 6, 7]",93.01580810546875,38.86540412902832,46.9561767578125,143,93.01580810546875,0.0,46.44097900390625,141
2025-07-17T20:43:53.016170,2,15,"[0, 1, 2, 3, 4, 5, 6, 7]",93.01580810546875,38.86540412902832,46.9561767578125,143,93.01580810546875,0.0,46.44097900390625,141
2025-07-17T20:43:53.023673,3,15,"[0, 1, 2, 3, 4, 5, 6, 7]",93.01580810546875,38.86540412902832,46.9561767578125,143,93.01580810546875,0.0,46.44097900390625,141
2025-07-17T20:43:53.031636,4,15,"[0, 1, 2, 3, 4, 5, 6, 7]",93.01580810546875,38.86540412902832,46.9561767578125,143,93.01580810546875,0.0,46.44097900390625,141
2025-07-17T20:43:53.038668,0,16,"[0, 1, 2, 3, 4, 5, 6, 7]",93.01580810546875,38.86540412902832,46.9561767578125,143,93.01580810546875,0.0,46.44097900390625,141
2025-07-17T20:43:53.045255,1,16,"[0, 2, 3, 4, 5, 6, 7]",93.01580810546875,38.86540412902832,46.9561767578125,143,93.01580810546875,0.0,46.44097900390625,141
2025-07-17T20:43:53.052279,2,16,"[0, 1, 2, 3, 4, 5, 6, 7]",93.01580810546875,38.86540412902832,46.9561767578125,143,93.01580810546875,0.0,46.44097900390625,141
2025-07-17T20:43:53.059009,3,16,"[0, 2, 3, 4, 5, 6, 7]",93.01580810546875,38.86540412902832,46.9561767578125,143,93.01580810546875,0.0,46.44097900390625,141
2025-07-17T20:43:53.065984,4,16,"[0, 2, 3, 4, 5, 6, 7]",93.01580810546875,38.86540412902832,46.9561767578125,143,93.01580810546875,0.0,46.44097900390625,141
2025-07-17T20:43:53.072756,0,17,"[0, 1, 2, 3, 4, 5, 6, 7]",93.01580810546875,38.86540412902832,46.9561767578125,143,93.01580810546875,0.0,46.44097900390625,141
2025-07-17T20:43:53.081703,1,17,"[1, 2, 4, 5, 6, 7]",93.01580810546875,38.86540412902832,46.9561767578125,143,93.01580810546875,0.0,46.44097900390625,141
2025-07-17T20:43:53.093796,2,17,"[0, 1, 2, 3, 4, 5, 6, 7]",93.01580810546875,38.86540412902832,46.9561767578125,143,93.01580810546875,0.0,46.44097900390625,141
2025-07-17T20:43:53.096048,3,17,"[1, 2, 4, 5, 6, 7]",93.01580810546875,38.86540412902832,46.9561767578125,143,93.01580810546875,0.0,46.44097900390625,141
2025-07-17T20:43:53.103730,4,17,"[1, 2, 4, 5, 6, 7]",93.01580810546875,38.86540412902832,46.9561767578125,143,93.01580810546875,0.0,46.44097900390625,141
2025-07-17T20:43:53.110740,0,18,"[0, 1, 2, 3, 4, 5, 6, 7]",93.01580810546875,38.86540412902832,46.9561767578125,143,93.01580810546875,0.0,46.44097900390625,141
2025-07-17T20:43:53.123606,1,18,"[0, 1, 2, 3, 4, 5, 6]",93.01580810546875,38.86540412902832,46.9561767578125,143,93.01580810546875,0.0,46.44097900390625,141
2025-07-17T20:43:53.125809,2,18,"[0, 1, 2, 3, 4, 5, 6, 7]",93.01580810546875,38.86540412902832,46.9561767578125,143,93.01580810546875,0.0,46.44097900390625,141
2025-07-17T20:43:53.134383,3,18,"[0, 1, 2, 3, 4, 5, 6]",93.01580810546875,38.86540412902832,46.9561767578125,143,93.01580810546875,0.0,46.44097900390625,141
2025-07-17T20:43:53.141352,4,18,"[0, 1, 2, 3, 4, 5, 6]",93.01580810546875,38.86540412902832,46.9561767578125,143,93.01580810546875,0.0,46.44097900390625,141
2025-07-17T20:43:53.154157,0,19,"[0, 1, 2, 3, 4, 5, 6, 7]",93.01580810546875,38.86540412902832,46.9561767578125,143,93.01580810546875,0.0,46.44097900390625,141
2025-07-17T20:43:53.155783,1,19,"[0, 2, 3, 4, 5, 6, 7]",93.01580810546875,38.86540412902832,46.9561767578125,143,93.01580810546875,0.0,46.44097900390625,141
2025-07-17T20:43:53.164527,2,19,"[0, 1, 2, 3, 4, 5, 6, 7]",93.01580810546875,38.86540412902832,46.9561767578125,143,93.01580810546875,0.0,46.44097900390625,141
2025-07-17T20:43:53.176660,3,19,"[0, 2, 3, 4, 5, 6, 7]",93.01580810546875,38.86540412902832,46.9561767578125,143,93.01580810546875,0.0,46.44097900390625,141
2025-07-17T20:43:53.178716,4,19,"[0, 2, 3, 4, 5, 6, 7]",93.01580810546875,38.86540412902832,46.9561767578125,143,93.01580810546875,0.0,46.44097900390625,141
2025-07-17T20:43:53.187349,0,20,"[0, 1, 2, 3, 4, 5, 6, 7]",93.01580810546875,38.86540412902832,46.9561767578125,143,93.01580810546875,0.0,46.44097900390625,141
2025-07-17T20:43:53.194514,1,20,"[0, 1, 2, 3, 4, 5, 6, 7]",93.01580810546875,38.86540412902832,46.9561767578125,143,93.01580810546875,0.0,46.44097900390625,141
2025-07-17T20:43:53.201741,2,20,"[0, 1, 2, 3, 4, 5, 6, 7]",93.01580810546875,38.86540412902832,46.9561767578125,143,93.01580810546875,0.0,46.44097900390625,141
2025-07-17T20:43:53.209182,3,20,"[0, 1, 2, 3, 4, 5, 6, 7]",93.01580810546875,38.86540412902832,46.9561767578125,143,93.01580810546875,0.0,46.44097900390625,141
2025-07-17T20:43:53.216028,4,20,"[0, 1, 2, 3, 4, 5, 6, 7]",93.01580810546875,38.86540412902832,46.9561767578125,143,93.01580810546875,0.0,46.44097900390625,141
2025-07-17T20:43:53.223506,0,21,"[0, 1, 2, 3, 4, 5, 6, 7]",93.01580810546875,38.86540412902832,46.9561767578125,143,93.01580810546875,0.0,46.44097900390625,141
2025-07-17T20:43:53.230374,1,21,"[0, 1, 2, 3, 4, 5, 6, 7]",93.01580810546875,38.86540412902832,46.9561767578125,143,93.01580810546875,0.0,46.44097900390625,141
2025-07-17T20:43:53.237536,2,21,"[0, 1, 2, 3, 4, 5, 6, 7]",93.01580810546875,38.86540412902832,46.9561767578125,143,93.01580810546875,0.0,46.44097900390625,141
2025-07-17T20:43:53.246403,3,21,"[0, 1, 2, 3, 4, 5, 6, 7]",93.01580810546875,38.86540412902832,46.9561767578125,143,93.01580810546875,0.0,46.44097900390625,141
2025-07-17T20:43:53.253558,4,21,"[0, 1, 2, 3, 4, 5, 6, 7]",93.01580810546875,38.86540412902832,46.9561767578125,143,93.01580810546875,0.0,46.44097900390625,141
2025-07-17T20:43:53.266745,0,22,"[0, 1, 2, 3, 4, 5, 6, 7]",93.01580810546875,38.86540412902832,46.9561767578125,143,93.01580810546875,0.0,46.44097900390625,141
2025-07-17T20:43:53.275131,1,22,"[0, 1, 2, 3, 4, 5, 6, 7]",93.01580810546875,38.86540412902832,46.9561767578125,143,93.01580810546875,0.0,46.44097900390625,141
2025-07-17T20:43:53.277375,2,22,"[0, 1, 2, 3, 4, 5, 6, 7]",93.01580810546875,38.86540412902832,46.9561767578125,143,93.01580810546875,0.0,46.44097900390625,141
2025-07-17T20:43:53.285196,3,22,"[0, 1, 2, 3, 4, 5, 6, 7]",93.01580810546875,38.86540412902832,46.9561767578125,143,93.01580810546875,0.0,46.44097900390625,141
2025-07-17T20:43:53.292755,4,22,"[0, 1, 2, 3, 4, 5, 6, 7]",93.01580810546875,38.86540412902832,46.9561767578125,143,93.01580810546875,0.0,46.44097900390625,141
2025-07-17T20:43:53.300856,0,23,"[0, 1, 2, 3, 4, 5, 6, 7]",93.01580810546875,38.86540412902832,46.9561767578125,143,93.01580810546875,0.0,46.44097900390625,141
2025-07-17T20:43:53.308190,1,23,"[0, 2, 3, 4, 5, 7]",93.01580810546875,38.86540412902832,46.9561767578125,143,93.01580810546875,0.0,46.44097900390625,141
2025-07-17T20:43:53.315737,2,23,"[0, 1, 2, 3, 4, 5, 6, 7]",93.01580810546875,38.86540412902832,46.9561767578125,143,93.01580810546875,0.0,46.44097900390625,141
2025-07-17T20:43:53.323635,3,23,"[0, 2, 3, 4, 5, 7]",93.01580810546875,38.86540412902832,46.9561767578125,143,93.01580810546875,0.0,46.44097900390625,141
2025-07-17T20:43:53.331149,4,23,"[0, 2, 3, 4, 5, 7]",93.01580810546875,38.86540412902832,46.9561767578125,143,93.01580810546875,0.0,46.44097900390625,141
2025-07-17T20:43:53.338814,0,24,"[0, 1, 2, 3, 4, 5, 6, 7]",93.01580810546875,38.86540412902832,46.9561767578125,143,93.01580810546875,0.0,46.44097900390625,141
2025-07-17T20:43:53.345337,1,24,"[0, 1, 2, 3, 4, 5, 6, 7]",93.01580810546875,38.86540412902832,46.9561767578125,143,93.01580810546875,0.0,46.44097900390625,141
2025-07-17T20:43:53.354106,2,24,"[0, 1, 2, 3, 4, 5, 6, 7]",93.01580810546875,38.86540412902832,46.9561767578125,143,93.01580810546875,0.0,46.44097900390625,141
2025-07-17T20:43:53.362508,3,24,"[0, 1, 2, 3, 4, 5, 6, 7]",93.01580810546875,38.86540412902832,46.9561767578125,143,93.01580810546875,0.0,46.44097900390625,141
2025-07-17T20:43:53.369426,4,24,"[0, 1, 2, 3, 4, 5, 6, 7]",93.01580810546875,38.86540412902832,46.9561767578125,143,93.01580810546875,0.0,46.44097900390625,141
2025-07-17T20:43:53.376046,0,25,"[0, 1, 2, 3, 4, 5, 6, 7]",93.01580810546875,38.86540412902832,46.9561767578125,143,93.01580810546875,0.0,46.44097900390625,141
2025-07-17T20:43:53.388208,1,25,"[0, 1, 2, 3, 5, 6, 7]",93.01580810546875,38.86540412902832,46.9561767578125,143,93.01580810546875,0.0,46.44097900390625,141
2025-07-17T20:43:53.390251,2,25,"[0, 1, 2, 3, 5, 6, 7]",93.01580810546875,38.86540412902832,46.9561767578125,143,93.01580810546875,0.0,46.44097900390625,141
2025-07-17T20:43:53.404804,3,25,"[0, 1, 2, 3, 5, 6, 7]",93.01580810546875,38.86540412902832,46.9561767578125,143,93.01580810546875,0.0,46.44097900390625,141
2025-07-17T20:43:53.413718,4,25,"[0, 1, 2, 3, 5, 6, 7]",93.01580810546875,38.86540412902832,46.9561767578125,143,93.01580810546875,0.0,46.44097900390625,141
2025-07-17T20:43:53.416383,0,26,"[0, 1, 2, 3, 4, 5, 6, 7]",93.01580810546875,38.86540412902832,46.9561767578125,143,93.01580810546875,0.0,46.44097900390625,141
2025-07-17T20:43:53.429723,1,26,"[0, 1, 2, 3, 4, 5, 6, 7]",93.01580810546875,38.86540412902832,46.9561767578125,143,93.01580810546875,0.0,46.44097900390625,141
2025-07-17T20:43:53.432064,2,26,"[0, 1, 2, 3, 4, 5, 6, 7]",93.01580810546875,38.86540412902832,46.9561767578125,143,93.01580810546875,0.0,46.44097900390625,141
2025-07-17T20:43:53.439166,3,26,"[0, 1, 2, 3, 4, 5, 6, 7]",93.01580810546875,38.86540412902832,46.9561767578125,143,93.01580810546875,0.0,46.44097900390625,141
2025-07-17T20:43:53.446411,4,26,"[0, 1, 2, 3, 4, 5, 6, 7]",93.01580810546875,38.86540412902832,46.9561767578125,143,93.01580810546875,0.0,46.44097900390625,141
2025-07-17T20:43:53.454269,0,27,"[0, 1, 2, 3, 4, 5, 6, 7]",93.01580810546875,38.86540412902832,46.9561767578125,143,93.01580810546875,0.0,46.44097900390625,141
2025-07-17T20:43:53.461158,1,27,"[0, 1, 2, 3, 4, 5, 6, 7]",93.01580810546875,38.86540412902832,46.9561767578125,143,93.01580810546875,0.0,46.44097900390625,141
2025-07-17T20:43:53.468217,2,27,"[0, 1, 2, 3, 4, 5, 6, 7]",93.01580810546875,38.86540412902832,46.9561767578125,143,93.01580810546875,0.0,46.44097900390625,141
2025-07-17T20:43:53.475438,3,27,"[0, 1, 2, 3, 4, 5, 6, 7]",93.01580810546875,38.86540412902832,46.9561767578125,143,93.01580810546875,0.0,46.44097900390625,141
2025-07-17T20:43:53.487840,4,27,"[0, 1, 2, 3, 4, 5, 6, 7]",93.01580810546875,38.86540412902832,46.9561767578125,143,93.01580810546875,0.0,46.44097900390625,141
2025-07-17T20:43:53.489835,0,28,"[0, 1, 2, 3, 4, 5, 6, 7]",93.01580810546875,38.86540412902832,46.9561767578125,143,93.01580810546875,0.0,46.44097900390625,141
2025-07-17T20:43:53.497684,1,28,"[0, 1, 2, 3, 4, 5, 6, 7]",93.01580810546875,38.86540412902832,46.9561767578125,143,93.01580810546875,0.0,46.44097900390625,141
2025-07-17T20:43:53.504652,2,28,"[0, 1, 2, 3, 4, 5, 6, 7]",93.01580810546875,38.86540412902832,46.9561767578125,143,93.01580810546875,0.0,46.44097900390625,141
2025-07-17T20:43:53.517248,3,28,"[0, 1, 2, 3, 4, 5, 6, 7]",93.01580810546875,38.86540412902832,46.9561767578125,143,93.01580810546875,0.0,46.44097900390625,141
2025-07-17T20:43:53.519221,4,28,"[0, 1, 2, 3, 4, 5, 6, 7]",93.01580810546875,38.86540412902832,46.9561767578125,143,93.01580810546875,0.0,46.44097900390625,141
2025-07-17T20:43:53.527264,0,29,"[0, 1, 2, 3, 4, 5, 6, 7]",93.01580810546875,38.86540412902832,46.9561767578125,143,93.01580810546875,0.0,46.44097900390625,141
2025-07-17T20:43:53.535568,1,29,"[0, 2, 3, 4, 5, 7]",93.01580810546875,38.86540412902832,46.9561767578125,143,93.01580810546875,0.0,46.44097900390625,141
2025-07-17T20:43:53.548589,2,29,"[0, 1, 2, 3, 4, 5, 6, 7]",93.01580810546875,38.86540412902832,46.9561767578125,143,93.01580810546875,0.0,46.44097900390625,141
2025-07-17T20:43:53.551216,3,29,"[0, 2, 3, 4, 5, 7]",93.01580810546875,38.86540412902832,46.9561767578125,143,93.01580810546875,0.0,46.44097900390625,141
2025-07-17T20:43:53.563411,4,29,"[0, 2, 3, 4, 5, 7]",93.01580810546875,38.86540412902832,46.9561767578125,143,93.01580810546875,0.0,46.44097900390625,141
2025-07-17T20:43:53.565560,0,30,"[0, 1, 2, 3, 4, 5, 6, 7]",93.01580810546875,38.86540412902832,46.9561767578125,143,93.01580810546875,0.0,46.44097900390625,141
2025-07-17T20:43:53.572602,1,30,"[0, 1, 2, 3, 4, 5, 7]",93.01580810546875,38.86540412902832,46.9561767578125,143,93.01580810546875,0.0,46.44097900390625,141
2025-07-17T20:43:53.579965,2,30,"[0, 1, 3, 4, 5, 7]",93.01580810546875,38.86540412902832,46.9561767578125,143,93.01580810546875,0.0,46.44097900390625,141
2025-07-17T20:43:53.587172,3,30,"[0, 1, 2, 3, 4, 5, 7]",93.01580810546875,38.86540412902832,46.9561767578125,143,93.01580810546875,0.0,46.44097900390625,141
2025-07-17T20:43:53.594931,4,30,"[0, 1, 2, 3, 4, 5, 7]",93.01580810546875,38.86540412902832,46.9561767578125,143,93.01580810546875,0.0,46.44097900390625,141
2025-07-17T20:43:53.603137,0,31,"[0, 1, 2, 3, 4, 5, 6, 7]",93.01580810546875,38.87229824066162,46.9561767578125,143,93.01580810546875,0.0,46.44097900390625,141
2025-07-17T20:43:53.611621,1,31,"[0, 1, 2, 3, 4, 5, 6, 7]",93.01580810546875,38.86909008026123,46.9561767578125,143,93.01580810546875,0.0,46.44097900390625,141
2025-07-17T20:43:53.624606,2,31,"[0, 1, 2, 3, 4, 5, 6, 7]",93.01580810546875,38.86646366119385,46.9561767578125,143,93.01580810546875,0.0,46.44097900390625,141
2025-07-17T20:43:53.632682,3,31,"[0, 1, 2, 3, 4, 5, 6, 7]",93.01580810546875,38.86299800872803,46.9561767578125,143,93.01580810546875,0.0,46.44097900390625,141
2025-07-17T20:43:53.634913,4,31,"[0, 1, 2, 3, 4, 5, 6, 7]",93.01580810546875,38.86002254486084,46.9561767578125,143,93.01580810546875,0.0,46.44097900390625,141
