2025-07-17T20:32:08.984498,1,25,"[0, 1, 2, 6, 7]",93.01580810546875,0.0,46.44097900390625,141,93.01580810546875,38.86540412902832,46.44097900390625,141
2025-07-17T20:32:08.991726,2,25,"[0, 1, 2, 3, 4, 5, 6, 7]",93.01580810546875,0.0,46.44097900390625,141,93.01580810546875,38.86540412902832,46.44097900390625,141
2025-07-17T20:32:08.998690,3,25,"[0, 1, 2, 6, 7]",93.01580810546875,0.0,46.44097900390625,141,93.01580810546875,38.86540412902832,46.44097900390625,141
2025-07-17T20:32:09.005507,4,25,"[0, 1, 2, 6, 7]",93.01580810546875,0.0,46.44097900390625,141,93.01580810546875,38.86540412902832,46.44097900390625,141
2025-07-17T20:32:09.018457,0,26,"[0, 2, 3, 4, 5, 7]",93.01580810546875,0.0,46.44097900390625,141,93.01580810546875,38.86540412902832,46.44097900390625,141
2025-07-17T20:32:09.026541,1,26,"[0, 2, 3, 4, 5, 6]",93.01580810546875,0.0,46.44097900390625,141,93.01580810546875,38.86540412902832,46.44097900390625,141
2025-07-17T20:32:09.028576,2,26,"[0, 2, 3, 4, 5, 7]",93.01580810546875,0.0,46.44097900390625,141,93.01580810546875,38.86540412902832,46.44097900390625,141
2025-07-17T20:32:09.040686,3,26,"[0, 2, 3, 4, 5, 6]",93.01580810546875,0.0,46.44097900390625,141,93.01580810546875,38.86540412902832,46.44097900390625,141
2025-07-17T20:32:09.042498,4,26,"[0, 2, 3, 4, 5, 6]",93.01580810546875,0.0,46.44097900390625,141,93.01580810546875,38.86540412902832,46.44097900390625,141
2025-07-17T20:32:09.049381,0,27,"[0, 1, 2, 3, 4, 5, 6, 7]",93.01580810546875,0.0,46.44097900390625,141,93.01580810546875,38.86540412902832,46.44097900390625,141
2025-07-17T20:32:09.059835,1,27,"[1, 2, 3, 6, 7]",93.01580810546875,0.0,46.44097900390625,141,93.01580810546875,38.86540412902832,46.44097900390625,141
2025-07-17T20:32:09.067056,2,27,"[0, 1, 2, 3, 4, 5, 6, 7]",93.01580810546875,0.0,46.44097900390625,141,93.01580810546875,38.86540412902832,46.44097900390625,141
2025-07-17T20:32:09.073869,3,27,"[1, 2, 3, 6, 7]",93.01580810546875,0.0,46.44097900390625,141,93.01580810546875,38.86540412902832,46.44097900390625,141
2025-07-17T20:32:09.081474,4,27,"[1, 2, 3, 6, 7]",93.01580810546875,0.0,46.44097900390625,141,93.01580810546875,38.86540412902832,46.44097900390625,141
2025-07-17T20:32:09.089238,0,28,"[0, 1, 2, 3, 5, 6, 7]",93.01580810546875,0.0,46.44097900390625,141,93.01580810546875,38.86540412902832,46.44097900390625,141
2025-07-17T20:32:09.091726,1,28,"[0, 1, 2, 3, 5, 7]",93.01580810546875,0.0,46.44097900390625,141,93.01580810546875,38.86540412902832,46.44097900390625,141
2025-07-17T20:32:09.098952,2,28,"[0, 1, 2, 3, 5, 6, 7]",93.01580810546875,0.0,46.44097900390625,141,93.01580810546875,38.86540412902832,46.44097900390625,141
2025-07-17T20:32:09.105971,3,28,"[0, 1, 2, 3, 5, 7]",93.01580810546875,0.0,46.44097900390625,141,93.01580810546875,38.86540412902832,46.44097900390625,141
2025-07-17T20:32:09.116707,4,28,"[0, 1, 2, 3, 5, 7]",93.01580810546875,0.0,46.44097900390625,141,93.01580810546875,38.86540412902832,46.44097900390625,141
2025-07-17T20:32:09.124029,0,29,"[0, 1, 2, 3, 4, 5, 6, 7]",93.01580810546875,0.0,46.44097900390625,141,93.01580810546875,38.86540412902832,46.44097900390625,141
2025-07-17T20:32:09.131327,1,29,"[2, 3, 4, 5, 7]",93.01580810546875,0.0,46.44097900390625,141,93.01580810546875,38.86540412902832,46.44097900390625,141
2025-07-17T20:32:09.138830,2,29,"[0, 1, 2, 3, 4, 5, 6, 7]",93.01580810546875,0.0,46.44097900390625,141,93.01580810546875,38.86540412902832,46.44097900390625,141
2025-07-17T20:32:09.145996,3,29,"[2, 3, 4, 5, 7]",93.01580810546875,0.0,46.44097900390625,141,93.01580810546875,38.86540412902832,46.44097900390625,141
2025-07-17T20:32:09.153273,4,29,"[2, 3, 4, 5, 7]",93.01580810546875,0.0,46.44097900390625,141,93.01580810546875,38.86540412902832,46.44097900390625,141
2025-07-17T20:32:09.160838,0,30,"[0, 3, 4, 5, 7]",93.01580810546875,0.0,46.44097900390625,141,93.01580810546875,38.86540412902832,46.44097900390625,141
2025-07-17T20:32:09.162863,1,30,"[0, 4, 5, 7]",93.01580810546875,0.0,46.44097900390625,141,93.01580810546875,38.86540412902832,46.44097900390625,141
2025-07-17T20:32:09.170240,2,30,"[0, 1, 3, 4, 5, 6, 7]",93.01580810546875,0.0,46.44097900390625,141,93.01580810546875,38.86540412902832,46.44097900390625,141
2025-07-17T20:32:09.177872,3,30,"[0, 4, 5, 7]",93.01580810546875,0.0,46.44097900390625,141,93.01580810546875,38.86540412902832,46.44097900390625,141
2025-07-17T20:32:09.185907,4,30,"[0, 4, 5, 7]",93.01580810546875,0.0,46.44097900390625,141,93.01580810546875,38.86540412902832,46.44097900390625,141
2025-07-17T20:32:09.197849,0,31,"[0, 1, 2, 4, 5, 6, 7]",93.01580810546875,0.0,46.44097900390625,141,93.01580810546875,38.87229824066162,46.44097900390625,141
2025-07-17T20:32:09.201957,1,31,"[0, 1, 2, 7]",93.01580810546875,0.0,46.44097900390625,141,93.01580810546875,38.86909008026123,46.44097900390625,141
2025-07-17T20:32:09.209916,2,31,"[0, 1, 2, 3, 4, 6, 7]",93.01580810546875,0.0,46.44097900390625,141,93.01580810546875,38.86562442779541,46.44097900390625,141
2025-07-17T20:32:09.219435,3,31,"[0, 1, 2, 7]",93.01580810546875,0.0,46.44097900390625,141,93.01580810546875,38.86299800872803,46.44097900390625,141
2025-07-17T20:32:09.226832,4,31,"[0, 1, 2, 7]",93.01580810546875,0.0,46.44097900390625,141,93.01580810546875,38.86002254486084,46.44097900390625,141
2025-07-17T20:32:09.238341,0,0,"[0, 2, 3, 4, 5, 6, 7]",93.01580810546875,0.0,46.44097900390625,141,93.01580810546875,38.85531425476074,46.44097900390625,141
2025-07-17T20:32:09.246485,1,0,"[0, 2, 3, 4, 5, 6]",93.01580810546875,0.0,46.44097900390625,141,93.01580810546875,38.85852241516113,46.44097900390625,141
2025-07-17T20:32:09.253977,2,0,"[0, 1, 2, 3, 4, 5, 6, 7]",93.01580810546875,0.0,46.44097900390625,141,93.01580810546875,38.86149787902832,46.44097900390625,141
2025-07-17T20:32:09.261958,3,0,"[0, 2, 3, 4, 5, 6]",93.01580810546875,0.0,46.44097900390625,141,93.01580810546875,38.86438179016113,46.44097900390625,141
2025-07-17T20:32:09.269790,4,0,"[0, 2, 3, 4, 5, 6]",93.01580810546875,0.0,46.44097900390625,141,93.01580810546875,38.86540412902832,46.44097900390625,141
2025-07-17T20:32:09.276596,0,1,"[0, 1, 2, 4, 5, 6, 7]",93.01580810546875,0.0,46.44097900390625,141,93.01580810546875,38.86540412902832,46.44097900390625,141
2025-07-17T20:32:09.283361,1,1,"[0, 1, 2, 4, 5, 6, 7]",93.01580810546875,0.0,46.44097900390625,141,93.01580810546875,38.86540412902832,46.44097900390625,141
2025-07-17T20:32:09.289982,2,1,"[0, 1, 2, 3, 4, 5, 6, 7]",93.01580810546875,0.0,46.44097900390625,141,93.01580810546875,38.86540412902832,46.44097900390625,141
2025-07-17T20:32:09.298035,3,1,"[0, 1, 2, 4, 5, 6, 7]",93.01580810546875,0.0,46.44097900390625,141,93.01580810546875,38.86540412902832,46.44097900390625,141
2025-07-17T20:32:09.304563,4,1,"[0, 1, 2, 4, 5, 6, 7]",93.01580810546875,0.0,46.44097900390625,141,93.01580810546875,38.86540412902832,46.44097900390625,141
2025-07-17T20:32:09.311520,0,2,"[0, 1, 2, 3, 4, 6, 7]",93.01580810546875,0.0,46.44097900390625,141,93.01580810546875,38.86540412902832,46.44097900390625,141
2025-07-17T20:32:09.325536,1,2,"[0, 2, 3, 5, 6, 7]",93.01580810546875,0.0,46.44097900390625,141,93.01580810546875,38.86540412902832,46.44097900390625,141
2025-07-17T20:32:09.332720,2,2,"[0, 1, 2, 3, 4, 5, 6, 7]",93.01580810546875,0.0,46.44097900390625,141,93.01580810546875,38.86540412902832,46.44097900390625,141
2025-07-17T20:32:09.334758,3,2,"[0, 2, 3, 5, 6, 7]",93.01580810546875,0.0,46.44097900390625,141,93.01580810546875,38.86540412902832,46.44097900390625,141
2025-07-17T20:32:09.342069,4,2,"[0, 2, 3, 5, 6, 7]",93.01580810546875,0.0,46.44097900390625,141,93.01580810546875,38.86540412902832,46.44097900390625,141
2025-07-17T20:32:09.349304,0,3,"[1, 2, 3, 4, 5, 6, 7]",93.01580810546875,0.0,46.44097900390625,141,93.01580810546875,38.86540412902832,46.44097900390625,141
2025-07-17T20:32:09.360388,1,3,"[1, 2, 3, 4, 5, 6, 7]",93.01580810546875,0.0,46.44097900390625,141,93.01580810546875,38.86540412902832,46.44097900390625,141
2025-07-17T20:32:09.367846,2,3,"[0, 1, 2, 3, 4, 5, 7]",93.01580810546875,0.0,46.44097900390625,141,93.01580810546875,38.86540412902832,46.44097900390625,141
2025-07-17T20:32:09.370521,3,3,"[1, 2, 3, 4, 5, 6, 7]",93.01580810546875,0.0,46.44097900390625,141,93.01580810546875,38.86456489562988,46.44097900390625,141
2025-07-17T20:32:09.384900,4,3,"[1, 2, 3, 4, 5, 6, 7]",93.01580810546875,0.0,46.44097900390625,141,93.01580810546875,38.86456489562988,46.44097900390625,141
2025-07-17T20:32:09.387385,0,4,"[0, 1, 2, 3, 4, 5, 6, 7]",93.01580810546875,0.0,46.44097900390625,141,93.01580810546875,38.86456489562988,46.44097900390625,141
2025-07-17T20:32:09.394621,1,4,"[0, 1, 2, 3, 4, 5, 6, 7]",93.01580810546875,0.0,46.44097900390625,141,93.01580810546875,38.86456489562988,46.44097900390625,141
2025-07-17T20:32:09.401396,2,4,"[0, 1, 2, 3, 4, 5, 6, 7]",93.01580810546875,0.0,46.44097900390625,141,93.01580810546875,38.86540412902832,46.44097900390625,141
2025-07-17T20:32:09.408343,3,4,"[0, 1, 2, 3, 4, 5, 6, 7]",93.01580810546875,0.0,46.44097900390625,141,93.01580810546875,38.86540412902832,46.44097900390625,141
2025-07-17T20:32:09.415594,4,4,"[0, 1, 2, 3, 4, 5, 6, 7]",93.01580810546875,0.0,46.44097900390625,141,93.01580810546875,38.86540412902832,46.44097900390625,141
2025-07-17T20:32:09.421772,0,5,"[0, 1, 2, 3, 4, 5, 6, 7]",93.01580810546875,0.0,46.44097900390625,141,93.01580810546875,38.86540412902832,46.44097900390625,141
2025-07-17T20:32:09.428954,1,5,"[0, 1, 2, 3, 4, 5, 6, 7]",93.01580810546875,0.0,46.44097900390625,141,93.01580810546875,38.86540412902832,46.44097900390625,141
2025-07-17T20:32:09.436139,2,5,"[0, 1, 2, 3, 5, 6, 7]",93.01580810546875,0.0,46.44097900390625,141,93.01580810546875,38.86540412902832,46.44097900390625,141
2025-07-17T20:32:09.448781,3,5,"[0, 1, 2, 3, 4, 5, 6, 7]",93.01580810546875,0.0,46.44097900390625,141,93.01580810546875,38.86540412902832,46.44097900390625,141
2025-07-17T20:32:09.450662,4,5,"[0, 1, 2, 3, 4, 5, 6, 7]",93.01580810546875,0.0,46.44097900390625,141,93.01580810546875,38.86540412902832,46.44097900390625,141
2025-07-17T20:32:09.458098,0,6,"[0, 1, 2, 3, 5, 6, 7]",93.01580810546875,0.0,46.44097900390625,141,93.01580810546875,38.86540412902832,46.44097900390625,141
2025-07-17T20:32:09.465237,1,6,"[1, 2, 3, 4, 5, 6, 7]",93.01580810546875,0.0,46.44097900390625,141,93.01580810546875,38.86540412902832,46.44097900390625,141
2025-07-17T20:32:09.477901,2,6,"[0, 1, 2, 3, 4, 5, 6, 7]",93.01580810546875,0.0,46.44097900390625,141,93.01580810546875,38.86540412902832,46.44097900390625,141
2025-07-17T20:32:09.480050,3,6,"[1, 2, 3, 4, 5, 6, 7]",93.01580810546875,0.0,46.44097900390625,141,93.01580810546875,38.86540412902832,46.44097900390625,141
2025-07-17T20:32:09.486209,4,6,"[1, 2, 3, 4, 5, 6, 7]",93.01580810546875,0.0,46.44097900390625,141,93.01580810546875,38.86540412902832,46.44097900390625,141
2025-07-17T20:32:09.493104,0,7,"[0, 1, 2, 3, 4, 5, 7]",93.01580810546875,0.0,46.44097900390625,141,93.01580810546875,38.86540412902832,46.44097900390625,141
2025-07-17T20:32:09.504714,1,7,"[0, 1, 2, 3, 4, 5, 6, 7]",93.01580810546875,0.0,46.44097900390625,141,93.01580810546875,38.86540412902832,46.44097900390625,141
2025-07-17T20:32:09.507155,2,7,"[0, 1, 2, 3, 5, 6, 7]",93.01580810546875,0.0,46.44097900390625,141,93.01580810546875,38.86540412902832,46.44097900390625,141
2025-07-17T20:32:09.516146,3,7,"[0, 1, 2, 3, 4, 5, 6, 7]",93.01580810546875,0.0,46.44097900390625,141,93.01580810546875,38.86540412902832,46.44097900390625,141
2025-07-17T20:32:09.528692,4,7,"[0, 1, 2, 3, 4, 5, 6, 7]",93.01580810546875,0.0,46.44097900390625,141,93.01580810546875,38.86540412902832,46.44097900390625,141
2025-07-17T20:32:09.536879,0,8,"[1, 2, 3, 4, 5, 6, 7]",93.01580810546875,0.0,46.44097900390625,141,93.01580810546875,38.86540412902832,46.44097900390625,141
2025-07-17T20:32:09.539169,1,8,"[2, 3, 4, 5, 6, 7]",93.01580810546875,0.0,46.44097900390625,141,93.01580810546875,38.86540412902832,46.44097900390625,141
2025-07-17T20:32:09.546156,2,8,"[1, 2, 3, 4, 5, 6, 7]",93.01580810546875,0.0,46.44097900390625,141,93.01580810546875,38.86540412902832,46.44097900390625,141
2025-07-17T20:32:09.552187,3,8,"[2, 3, 4, 5, 6, 7]",93.01580810546875,0.0,46.44097900390625,141,93.01580810546875,38.86540412902832,46.44097900390625,141
2025-07-17T20:32:09.559212,4,8,"[2, 3, 4, 5, 6, 7]",93.01580810546875,0.0,46.44097900390625,141,93.01580810546875,38.86540412902832,46.44097900390625,141
2025-07-17T20:32:09.566271,0,9,"[0, 1, 2, 3, 4, 5, 6, 7]",93.01580810546875,0.0,46.44097900390625,141,93.01580810546875,38.86540412902832,46.44097900390625,141
2025-07-17T20:32:09.578673,1,9,"[0, 1, 2, 4, 5, 6, 7]",93.01580810546875,0.0,46.44097900390625,141,93.01580810546875,38.86540412902832,46.44097900390625,141
2025-07-17T20:32:09.580599,2,9,"[0, 1, 2, 5, 6, 7]",93.01580810546875,0.0,46.44097900390625,141,93.01580810546875,38.86540412902832,46.44097900390625,141
2025-07-17T20:32:09.587012,3,9,"[0, 1, 2, 4, 5, 6, 7]",93.01580810546875,0.0,46.44097900390625,141,93.01580810546875,38.86540412902832,46.44097900390625,141
2025-07-17T20:32:09.594821,4,9,"[0, 1, 2, 4, 5, 6, 7]",93.01580810546875,0.0,46.44097900390625,141,93.01580810546875,38.86540412902832,46.44097900390625,141
2025-07-17T20:32:09.601633,0,10,"[0, 2, 3, 4, 5, 6, 7]",93.01580810546875,0.0,46.44097900390625,141,93.01580810546875,38.86540412902832,46.44097900390625,141
2025-07-17T20:32:09.608590,1,10,"[0, 2, 3, 4, 5, 7]",93.01580810546875,0.0,46.44097900390625,141,93.01580810546875,38.86540412902832,46.44097900390625,141
2025-07-17T20:32:09.615775,2,10,"[0, 2, 3, 4, 5, 6, 7]",93.01580810546875,0.0,46.44097900390625,141,93.01580810546875,38.86540412902832,46.44097900390625,141
2025-07-17T20:32:09.623112,3,10,"[0, 2, 3, 4, 5, 7]",93.01580810546875,0.0,46.44097900390625,141,93.01580810546875,38.86540412902832,46.44097900390625,141
2025-07-17T20:32:09.631279,4,10,"[0, 2, 3, 4, 5, 7]",93.01580810546875,0.0,46.44097900390625,141,93.01580810546875,38.86540412902832,46.44097900390625,141
2025-07-17T20:32:09.643703,0,11,"[0, 1, 2, 4, 5, 7]",93.01580810546875,0.0,46.44097900390625,141,93.01580810546875,38.86540412902832,46.44097900390625,141
2025-07-17T20:32:09.651389,1,11,"[0, 1, 2, 4, 5, 6, 7]",93.01580810546875,0.0,46.44097900390625,141,93.01580810546875,38.86540412902832,46.44097900390625,141
2025-07-17T20:32:09.653447,2,11,"[0, 1, 2, 3, 4, 5, 6, 7]",93.01580810546875,0.0,46.44097900390625,141,93.01580810546875,38.86540412902832,46.44097900390625,141
2025-07-17T20:32:09.659917,3,11,"[0, 1, 2, 4, 5, 6, 7]",93.01580810546875,0.0,46.44097900390625,141,93.01580810546875,38.86540412902832,46.44097900390625,141
2025-07-17T20:32:09.672308,4,11,"[0, 1, 2, 4, 5, 6, 7]",93.01580810546875,0.0,46.44097900390625,141,93.01580810546875,38.86540412902832,46.44097900390625,141
2025-07-17T20:32:09.674426,0,12,"[0, 1, 2, 3, 4, 5, 6, 7]",93.01580810546875,0.0,46.44097900390625,141,93.01580810546875,38.86540412902832,46.44097900390625,141
2025-07-17T20:32:09.682016,1,12,"[0, 1, 3, 4, 5, 6]",93.01580810546875,0.0,46.44097900390625,141,93.01580810546875,38.86540412902832,46.44097900390625,141
2025-07-17T20:32:09.694227,2,12,"[0, 1, 3, 4, 5, 6, 7]",93.01580810546875,0.0,46.44097900390625,141,93.01580810546875,38.86540412902832,46.44097900390625,141
2025-07-17T20:32:09.696800,3,12,"[0, 1, 3, 4, 5, 6]",93.01580810546875,0.0,46.44097900390625,141,93.01580810546875,38.86540412902832,46.44097900390625,141
2025-07-17T20:32:09.703489,4,12,"[0, 1, 3, 4, 5, 6]",93.01580810546875,0.0,46.44097900390625,141,93.01580810546875,38.86540412902832,46.44097900390625,141
2025-07-17T20:32:09.710745,0,13,"[0, 1, 2, 3, 5, 6, 7]",93.01580810546875,0.0,46.44097900390625,141,93.01580810546875,38.86540412902832,46.44097900390625,141
2025-07-17T20:32:09.717346,1,13,"[0, 2, 3, 4, 5, 7]",93.01580810546875,0.0,46.44097900390625,141,93.01580810546875,38.86540412902832,46.44097900390625,141
2025-07-17T20:32:09.723991,2,13,"[0, 1, 2, 3, 5, 6]",93.01580810546875,0.0,46.44097900390625,141,93.01580810546875,38.86540412902832,46.44097900390625,141
2025-07-17T20:32:09.730133,3,13,"[0, 2, 3, 4, 5, 7]",93.01580810546875,0.0,46.44097900390625,141,93.01580810546875,38.86540412902832,46.44097900390625,141
2025-07-17T20:32:09.736903,4,13,"[0, 2, 3, 4, 5, 7]",93.01580810546875,0.0,46.44097900390625,141,93.01580810546875,38.86540412902832,46.44097900390625,141
2025-07-17T20:32:09.743795,0,14,"[0, 1, 2, 3, 4, 5, 6, 7]",93.01580810546875,0.0,46.44097900390625,141,93.01580810546875,38.86540412902832,46.44097900390625,141
2025-07-17T20:32:09.750911,1,14,"[0, 1, 4, 5, 7]",93.01580810546875,0.0,46.44097900390625,141,93.01580810546875,38.86540412902832,46.44097900390625,141
2025-07-17T20:32:09.758296,2,14,"[0, 1, 2, 4, 5, 6, 7]",93.01580810546875,0.0,46.44097900390625,141,93.01580810546875,38.86540412902832,46.44097900390625,141
2025-07-17T20:32:09.765149,3,14,"[0, 1, 4, 5, 7]",93.01580810546875,0.0,46.44097900390625,141,93.01580810546875,38.86540412902832,46.44097900390625,141
2025-07-17T20:32:09.771859,4,14,"[0, 1, 4, 5, 7]",93.01580810546875,0.0,46.44097900390625,141,93.01580810546875,38.86540412902832,46.44097900390625,141
2025-07-17T20:32:09.782700,0,15,"[0, 1, 2, 3, 4, 5, 6, 7]",93.01580810546875,0.0,46.44097900390625,141,93.01580810546875,38.86540412902832,46.44097900390625,141
2025-07-17T20:32:09.790176,1,15,"[0, 1, 2, 3, 4, 5, 6]",93.01580810546875,0.0,46.44097900390625,141,93.01580810546875,38.86540412902832,46.44097900390625,141
2025-07-17T20:32:09.796732,2,15,"[0, 1, 2, 3, 4, 5, 6, 7]",93.01580810546875,0.0,46.44097900390625,141,93.01580810546875,38.86540412902832,46.44097900390625,141
2025-07-17T20:32:09.803761,3,15,"[0, 1, 2, 3, 4, 5, 6]",93.01580810546875,0.0,46.44097900390625,141,93.01580810546875,38.86540412902832,46.44097900390625,141
2025-07-17T20:32:09.806264,4,15,"[0, 1, 2, 3, 4, 5, 6]",93.01580810546875,0.0,46.44097900390625,141,93.01580810546875,38.86540412902832,46.44097900390625,141
2025-07-17T20:32:09.817035,0,16,"[0, 1, 2, 3, 4, 5, 6, 7]",93.01580810546875,0.0,46.44097900390625,141,93.01580810546875,38.86540412902832,46.44097900390625,141
2025-07-17T20:32:09.824056,1,16,"[0, 3, 4, 5, 6, 7]",93.01580810546875,0.0,46.44097900390625,141,93.01580810546875,38.86540412902832,46.44097900390625,141
2025-07-17T20:32:09.831148,2,16,"[0, 1, 2, 3, 4, 5, 6, 7]",93.01580810546875,0.0,46.44097900390625,141,93.01580810546875,38.86540412902832,46.44097900390625,141
2025-07-17T20:32:09.839076,3,16,"[0, 3, 4, 5, 6, 7]",93.01580810546875,0.0,46.44097900390625,141,93.01580810546875,38.86540412902832,46.44097900390625,141
2025-07-17T20:32:09.842414,4,16,"[0, 3, 4, 5, 6, 7]",93.01580810546875,0.0,46.44097900390625,141,93.01580810546875,38.86540412902832,46.44097900390625,141
2025-07-17T20:32:09.849509,0,17,"[0, 1, 2, 3, 4, 5, 6, 7]",93.01580810546875,0.0,46.44097900390625,141,93.01580810546875,38.86540412902832,46.44097900390625,141
2025-07-17T20:32:09.856828,1,17,"[0, 1, 2, 4, 5, 6, 7]",93.01580810546875,0.0,46.44097900390625,141,93.01580810546875,38.86540412902832,46.44097900390625,141
2025-07-17T20:32:09.864210,2,17,"[0, 1, 2, 3, 4, 5, 6, 7]",93.01580810546875,0.0,46.44097900390625,141,93.01580810546875,38.86540412902832,46.44097900390625,141
2025-07-17T20:32:09.871804,3,17,"[0, 1, 2, 4, 5, 6, 7]",93.01580810546875,0.0,46.44097900390625,141,93.01580810546875,38.86540412902832,46.44097900390625,141
2025-07-17T20:32:09.878754,4,17,"[0, 1, 2, 4, 5, 6, 7]",93.01580810546875,0.0,46.44097900390625,141,93.01580810546875,38.86540412902832,46.44097900390625,141
2025-07-17T20:32:09.884895,0,18,"[0, 1, 2, 3, 4, 5, 6, 7]",93.01580810546875,0.0,46.44097900390625,141,93.01580810546875,38.86540412902832,46.44097900390625,141
2025-07-17T20:32:09.892378,1,18,"[0, 1, 2, 3, 4, 5, 6, 7]",93.01580810546875,0.0,46.44097900390625,141,93.01580810546875,38.86540412902832,46.44097900390625,141
2025-07-17T20:32:09.900383,2,18,"[0, 1, 2, 3, 4, 5, 6, 7]",93.01580810546875,0.0,46.44097900390625,141,93.01580810546875,38.86540412902832,46.44097900390625,141
2025-07-17T20:32:09.907254,3,18,"[0, 1, 2, 3, 4, 5, 6, 7]",93.01580810546875,0.0,46.44097900390625,141,93.01580810546875,38.86540412902832,46.44097900390625,141
2025-07-17T20:32:09.914950,4,18,"[0, 1, 2, 3, 4, 5, 6, 7]",93.01580810546875,0.0,46.44097900390625,141,93.01580810546875,38.86540412902832,46.44097900390625,141
2025-07-17T20:32:09.922310,0,19,"[0, 1, 2, 3, 4, 5, 6, 7]",93.01580810546875,0.0,46.44097900390625,141,93.01580810546875,38.86540412902832,46.44097900390625,141
2025-07-17T20:32:09.928655,1,19,"[0, 1, 2, 3, 4, 5, 6, 7]",93.01580810546875,0.0,46.44097900390625,141,93.01580810546875,38.86540412902832,46.44097900390625,141
2025-07-17T20:32:09.935937,2,19,"[0, 1, 2, 3, 4, 5, 6, 7]",93.01580810546875,0.0,46.44097900390625,141,93.01580810546875,38.86540412902832,46.44097900390625,141
2025-07-17T20:32:09.942575,3,19,"[0, 1, 2, 3, 4, 5, 6, 7]",93.01580810546875,0.0,46.44097900390625,141,93.01580810546875,38.86540412902832,46.44097900390625,141
2025-07-17T20:32:09.949730,4,19,"[0, 1, 2, 3, 4, 5, 6, 7]",93.01580810546875,0.0,46.44097900390625,141,93.01580810546875,38.86540412902832,46.44097900390625,141
2025-07-17T20:32:09.956949,0,20,"[0, 1, 2, 3, 4, 5, 6, 7]",93.01580810546875,0.0,46.44097900390625,141,93.01580810546875,38.86540412902832,46.44097900390625,141
2025-07-17T20:32:09.963261,1,20,"[0, 1, 2, 3, 4, 5, 6]",93.01580810546875,0.0,46.44097900390625,141,93.01580810546875,38.86540412902832,46.44097900390625,141
2025-07-17T20:32:09.970026,2,20,"[0, 1, 2, 3, 4, 5, 6]",93.01580810546875,0.0,46.44097900390625,141,93.01580810546875,38.86540412902832,46.44097900390625,141
2025-07-17T20:32:09.976711,3,20,"[0, 1, 2, 3, 4, 5, 6]",93.01580810546875,0.0,46.44097900390625,141,93.01580810546875,38.86540412902832,46.44097900390625,141
2025-07-17T20:32:09.989052,4,20,"[0, 1, 2, 3, 4, 5, 6]",93.01580810546875,0.0,46.44097900390625,141,93.01580810546875,38.86540412902832,46.44097900390625,141
2025-07-17T20:32:09.991157,0,21,"[0, 1, 2, 3, 4, 5, 6, 7]",93.01580810546875,0.0,46.44097900390625,141,93.01580810546875,38.86540412902832,46.44097900390625,141
2025-07-17T20:32:09.997787,1,21,"[0, 1, 2, 3, 4, 5, 6, 7]",93.01580810546875,0.0,46.44097900390625,141,93.01580810546875,38.86540412902832,46.44097900390625,141
2025-07-17T20:32:10.004726,2,21,"[0, 1, 2, 3, 4, 5, 6, 7]",93.01580810546875,0.0,46.44097900390625,141,93.01580810546875,38.86540412902832,46.44097900390625,141
2025-07-17T20:32:10.011234,3,21,"[0, 1, 2, 3, 4, 5, 6, 7]",93.01580810546875,0.0,46.44097900390625,141,93.01580810546875,38.86540412902832,46.44097900390625,141
2025-07-17T20:32:10.024430,4,21,"[0, 1, 2, 3, 4, 5, 6, 7]",93.01580810546875,0.0,46.44097900390625,141,93.01580810546875,38.86540412902832,46.44097900390625,141
2025-07-17T20:32:10.026496,0,22,"[0, 1, 2, 3, 4, 5, 6, 7]",93.01580810546875,0.0,46.44097900390625,141,93.01580810546875,38.86540412902832,46.44097900390625,141
2025-07-17T20:32:10.037326,1,22,"[0, 1, 2, 4, 5, 6, 7]",93.01580810546875,0.0,46.44097900390625,141,93.01580810546875,38.86540412902832,46.44097900390625,141
2025-07-17T20:32:10.044577,2,22,"[0, 1, 2, 3, 4, 5, 6, 7]",93.01580810546875,0.0,46.44097900390625,141,93.01580810546875,38.86540412902832,46.44097900390625,141
2025-07-17T20:32:10.051917,3,22,"[0, 1, 2, 4, 5, 6, 7]",93.01580810546875,0.0,46.44097900390625,141,93.01580810546875,38.86540412902832,46.44097900390625,141
2025-07-17T20:32:10.058608,4,22,"[0, 1, 2, 4, 5, 6, 7]",93.01580810546875,0.0,46.44097900390625,141,93.01580810546875,38.86540412902832,46.44097900390625,141
2025-07-17T20:32:10.065059,0,23,"[0, 1, 2, 3, 4, 5, 6, 7]",93.01580810546875,0.0,46.44097900390625,141,93.01580810546875,38.86540412902832,46.44097900390625,141
2025-07-17T20:32:10.072262,1,23,"[0, 1, 2, 3, 4, 5, 7]",93.01580810546875,0.0,46.44097900390625,141,93.01580810546875,38.86540412902832,46.44097900390625,141
2025-07-17T20:32:10.079788,2,23,"[0, 1, 2, 3, 4, 5, 6, 7]",93.01580810546875,0.0,46.44097900390625,141,93.01580810546875,38.86540412902832,46.44097900390625,141
2025-07-17T20:32:10.082142,3,23,"[0, 1, 2, 3, 4, 5, 7]",93.01580810546875,0.0,46.44097900390625,141,93.01580810546875,38.86540412902832,46.44097900390625,141
2025-07-17T20:32:10.092852,4,23,"[0, 1, 2, 3, 4, 5, 7]",93.01580810546875,0.0,46.44097900390625,141,93.01580810546875,38.86540412902832,46.44097900390625,141
2025-07-17T20:32:10.099847,0,24,"[0, 1, 2, 3, 4, 5, 6, 7]",93.01580810546875,0.0,46.44097900390625,141,93.01580810546875,38.86540412902832,46.44097900390625,141
2025-07-17T20:32:10.106740,1,24,"[1, 2, 3, 4, 5, 6, 7]",93.01580810546875,0.0,46.44097900390625,141,93.01580810546875,38.86540412902832,46.44097900390625,141
2025-07-17T20:32:10.113337,2,24,"[0, 1, 2, 3, 4, 5, 6, 7]",93.01580810546875,0.0,46.44097900390625,141,93.01580810546875,38.86540412902832,46.44097900390625,141
2025-07-17T20:32:10.119960,3,24,"[1, 2, 3, 4, 5, 6, 7]",93.01580810546875,0.0,46.44097900390625,141,93.01580810546875,38.86540412902832,46.44097900390625,141
2025-07-17T20:32:10.127458,4,24,"[1, 2, 3, 4, 5, 6, 7]",93.01580810546875,0.0,46.44097900390625,141,93.01580810546875,38.86540412902832,46.44097900390625,141
2025-07-17T20:32:10.134898,0,25,"[0, 1, 2, 3, 5, 6, 7]",93.01580810546875,0.0,46.44097900390625,141,93.01580810546875,38.86540412902832,46.44097900390625,141
2025-07-17T20:32:10.142000,1,25,"[0, 1, 2, 3, 5, 6, 7]",93.01580810546875,0.0,46.44097900390625,141,93.01580810546875,38.86540412902832,46.44097900390625,141
2025-07-17T20:32:10.149564,2,25,"[0, 1, 2, 3, 5, 6, 7]",93.01580810546875,0.0,46.44097900390625,141,93.01580810546875,38.86540412902832,46.44097900390625,141
2025-07-17T20:32:10.155835,3,25,"[0, 1, 2, 3, 5, 6, 7]",93.01580810546875,0.0,46.44097900390625,141,93.01580810546875,38.86540412902832,46.44097900390625,141
2025-07-17T20:32:10.162873,4,25,"[0, 1, 2, 3, 5, 6, 7]",93.01580810546875,0.0,46.44097900390625,141,93.01580810546875,38.86540412902832,46.44097900390625,141
2025-07-17T20:32:10.169587,0,26,"[0, 1, 2, 3, 4, 5, 7]",93.01580810546875,0.0,46.44097900390625,141,93.01580810546875,38.86540412902832,46.44097900390625,141
2025-07-17T20:32:10.176965,1,26,"[0, 2, 3, 4, 5, 7]",93.01580810546875,0.0,46.44097900390625,141,93.01580810546875,38.86540412902832,46.44097900390625,141
2025-07-17T20:32:10.183805,2,26,"[0, 1, 2, 3, 4, 5, 7]",93.01580810546875,0.0,46.44097900390625,141,93.01580810546875,38.86540412902832,46.44097900390625,141
2025-07-17T20:32:10.190902,3,26,"[0, 2, 3, 4, 5, 7]",93.01580810546875,0.0,46.44097900390625,141,93.01580810546875,38.86540412902832,46.44097900390625,141
2025-07-17T20:32:10.197672,4,26,"[0, 2, 3, 4, 5, 7]",93.01580810546875,0.0,46.44097900390625,141,93.01580810546875,38.86540412902832,46.44097900390625,141
2025-07-17T20:32:10.204666,0,27,"[0, 1, 2, 3, 4, 5, 6, 7]",93.01580810546875,0.0,46.44097900390625,141,93.01580810546875,38.86540412902832,46.44097900390625,141
2025-07-17T20:32:10.211485,1,27,"[0, 1, 2, 3, 5, 6, 7]",93.01580810546875,0.0,46.44097900390625,141,93.01580810546875,38.86540412902832,46.44097900390625,141
2025-07-17T20:32:10.217800,2,27,"[0, 1, 2, 3, 4, 5, 6, 7]",93.01580810546875,0.0,46.44097900390625,141,93.01580810546875,38.86540412902832,46.44097900390625,141
2025-07-17T20:32:10.224713,3,27,"[0, 1, 2, 3, 5, 6, 7]",93.01580810546875,0.0,46.44097900390625,141,93.01580810546875,38.86540412902832,46.44097900390625,141
2025-07-17T20:32:10.231178,4,27,"[0, 1, 2, 3, 5, 6, 7]",93.01580810546875,0.0,46.44097900390625,141,93.01580810546875,38.86540412902832,46.44097900390625,141
2025-07-17T20:32:10.240778,0,28,"[0, 1, 2, 3, 4, 5, 6, 7]",93.01580810546875,0.0,46.44097900390625,141,93.01580810546875,38.86482238769531,46.44097900390625,141
2025-07-17T20:32:10.247254,1,28,"[0, 1, 2, 3, 5, 6, 7]",93.01580810546875,0.0,46.44097900390625,141,93.01580810546875,38.86482238769531,46.44097900390625,141
2025-07-17T20:32:10.253778,2,28,"[0, 1, 2, 3, 4, 5, 6, 7]",93.01580810546875,0.0,46.44097900390625,141,93.01580810546875,38.86456489562988,46.44097900390625,141
2025-07-17T20:32:10.260908,3,28,"[0, 1, 2, 3, 5, 6, 7]",93.01580810546875,0.0,46.44097900390625,141,93.01580810546875,38.86456489562988,46.44097900390625,141
2025-07-17T20:32:10.269908,4,28,"[0, 1, 2, 3, 5, 6, 7]",93.01580810546875,0.0,46.44097900390625,141,93.01580810546875,38.86540412902832,46.44097900390625,141
2025-07-17T20:32:10.276396,0,29,"[0, 1, 2, 3, 4, 5, 6, 7]",93.01580810546875,0.0,46.44097900390625,141,93.01580810546875,38.86540412902832,46.44097900390625,141
2025-07-17T20:32:10.283500,1,29,"[0, 1, 2, 3, 4, 5, 6, 7]",93.01580810546875,0.0,46.44097900390625,141,93.01580810546875,38.86540412902832,46.44097900390625,141
2025-07-17T20:32:10.290814,2,29,"[0, 1, 2, 3, 4, 5, 6, 7]",93.01580810546875,0.0,46.44097900390625,141,93.01580810546875,38.86540412902832,46.44097900390625,141
2025-07-17T20:32:10.298282,3,29,"[0, 1, 2, 3, 4, 5, 6, 7]",93.01580810546875,0.0,46.44097900390625,141,93.01580810546875,38.86540412902832,46.44097900390625,141
2025-07-17T20:32:10.305869,4,29,"[0, 1, 2, 3, 4, 5, 6, 7]",93.01580810546875,0.0,46.44097900390625,141,93.01580810546875,38.86540412902832,46.44097900390625,141
2025-07-17T20:32:10.312096,0,30,"[0, 1, 2, 3, 4, 5, 7]",93.01580810546875,0.0,46.44097900390625,141,93.01580810546875,38.86540412902832,46.44097900390625,141
2025-07-17T20:32:10.318957,1,30,"[0, 1, 2, 3, 4, 5, 6, 7]",93.01580810546875,0.0,46.44097900390625,141,93.01580810546875,38.86540412902832,46.44097900390625,141
2025-07-17T20:32:10.326388,2,30,"[0, 1, 2, 3, 4, 5, 7]",93.01580810546875,0.0,46.44097900390625,141,93.01580810546875,38.86540412902832,46.44097900390625,141
2025-07-17T20:32:10.328785,3,30,"[0, 1, 2, 3, 4, 5, 6, 7]",93.01580810546875,0.0,46.44097900390625,141,93.01580810546875,38.86540412902832,46.44097900390625,141
2025-07-17T20:32:10.335931,4,30,"[0, 1, 2, 3, 4, 5, 6, 7]",93.01580810546875,0.0,46.44097900390625,141,93.01580810546875,38.86540412902832,46.44097900390625,141
2025-07-17T20:32:10.343120,0,31,"[0, 1, 2, 3, 4, 5, 6, 7]",93.01580810546875,0.0,46.44097900390625,141,93.01580810546875,38.87287998199463,46.44097900390625,141
2025-07-17T20:32:10.355867,1,31,"[0, 1, 2, 3, 4, 5, 6, 7]",93.01580810546875,0.0,46.44097900390625,141,93.01580810546875,38.86967182159424,46.44097900390625,141
2025-07-17T20:32:10.359621,2,31,"[0, 1, 2, 3, 4, 5, 6, 7]",93.01580810546875,0.0,46.44097900390625,141,93.01580810546875,38.86646366119385,46.44097900390625,141
2025-07-17T20:32:10.373639,3,31,"[0, 1, 2, 3, 4, 5, 6, 7]",93.01580810546875,0.0,46.44097900390625,141,93.01580810546875,38.863837242126465,46.44097900390625,141
2025-07-17T20:32:10.376256,4,31,"[0, 1, 2, 3, 4, 5, 6, 7]",93.01580810546875,0.0,46.44097900390625,141,93.01580810546875,38.86002254486084,46.44097900390625,141
2025-07-17T20:32:10.393264,0,0,"[0, 1, 2, 3, 4, 5, 6, 7]",93.01580810546875,0.0,46.44097900390625,141,93.01580810546875,38.85531425476074,46.44097900390625,141
2025-07-17T20:32:10.401679,1,0,"[0, 1, 2, 3, 5, 6, 7]",93.01580810546875,0.0,46.44097900390625,141,93.01580810546875,38.85852241516113,46.44097900390625,141
2025-07-17T20:32:10.404077,2,0,"[0, 1, 2, 3, 4, 5, 6, 7]",93.01580810546875,0.0,46.44097900390625,141,93.01580810546875,38.86149787902832,46.44097900390625,141
2025-07-17T20:32:10.412125,3,0,"[0, 1, 2, 3, 5, 6, 7]",93.01580810546875,0.0,46.44097900390625,141,93.01580810546875,38.86438179016113,46.44097900390625,141
2025-07-17T20:32:10.424839,4,0,"[0, 1, 2, 3, 5, 6, 7]",93.01580810546875,0.0,46.44097900390625,141,93.01580810546875,38.86540412902832,46.44097900390625,141
2025-07-17T20:32:10.427049,0,1,"[0, 1, 2, 3, 4, 5, 6, 7]",93.01580810546875,0.0,46.44097900390625,141,93.01580810546875,38.86540412902832,46.44097900390625,141
2025-07-17T20:32:10.440206,1,1,"[0, 1, 2, 3, 4, 5, 6, 7]",93.01580810546875,0.0,46.44097900390625,141,93.01580810546875,38.86540412902832,46.44097900390625,141
2025-07-17T20:32:10.442407,2,1,"[0, 1, 2, 3, 4, 5, 6, 7]",93.01580810546875,0.0,46.44097900390625,141,93.01580810546875,38.86540412902832,46.44097900390625,141
2025-07-17T20:32:10.449878,3,1,"[0, 1, 2, 3, 4, 5, 6, 7]",93.01580810546875,0.0,46.44097900390625,141,93.01580810546875,38.86540412902832,46.44097900390625,141
2025-07-17T20:32:10.456357,4,1,"[0, 1, 2, 3, 4, 5, 6, 7]",93.01580810546875,0.0,46.44097900390625,141,93.01580810546875,38.86540412902832,46.44097900390625,141
2025-07-17T20:32:10.463075,0,2,"[0, 1, 2, 3, 4, 5, 6, 7]",93.01580810546875,0.0,46.44097900390625,141,93.01580810546875,38.86540412902832,46.44097900390625,141
2025-07-17T20:32:10.470517,1,2,"[0, 1, 2, 3, 4, 5, 6, 7]",93.01580810546875,0.0,46.44097900390625,141,93.01580810546875,38.86540412902832,46.44097900390625,141
2025-07-17T20:32:10.478146,2,2,"[0, 1, 2, 3, 4, 5, 6, 7]",93.01580810546875,0.0,46.44097900390625,141,93.01580810546875,38.86540412902832,46.44097900390625,141
2025-07-17T20:32:10.490703,3,2,"[0, 1, 2, 3, 4, 5, 6, 7]",93.01580810546875,0.0,46.44097900390625,141,93.01580810546875,38.86540412902832,46.44097900390625,141
2025-07-17T20:32:10.498924,4,2,"[0, 1, 2, 3, 4, 5, 6, 7]",93.01580810546875,0.0,46.44097900390625,141,93.01580810546875,38.86540412902832,46.44097900390625,141
2025-07-17T20:32:10.501044,0,3,"[0, 1, 2, 3, 4, 5, 6, 7]",93.01580810546875,0.0,46.44097900390625,141,93.01580810546875,38.86540412902832,46.44097900390625,141
2025-07-17T20:32:10.508424,1,3,"[0, 1, 2, 3, 4, 5, 6, 7]",93.01580810546875,0.0,46.44097900390625,141,93.01580810546875,38.86540412902832,46.44097900390625,141
2025-07-17T20:32:10.515830,2,3,"[0, 1, 2, 3, 4, 5, 6, 7]",93.01580810546875,0.0,46.44097900390625,141,93.01580810546875,38.86540412902832,46.44097900390625,141
2025-07-17T20:32:10.522367,3,3,"[0, 1, 2, 3, 4, 5, 6, 7]",93.01580810546875,0.0,46.44097900390625,141,93.01580810546875,38.86540412902832,46.44097900390625,141
2025-07-17T20:32:10.530298,4,3,"[0, 1, 2, 3, 4, 5, 6, 7]",93.01580810546875,0.0,46.44097900390625,141,93.01580810546875,38.86540412902832,46.44097900390625,141
2025-07-17T20:32:10.537806,0,4,"[0, 1, 2, 3, 4, 5, 6, 7]",93.01580810546875,0.0,46.44097900390625,141,93.01580810546875,38.86540412902832,46.44097900390625,141
2025-07-17T20:32:10.545696,1,4,"[0, 1, 2, 3, 4, 5, 6, 7]",93.01580810546875,0.0,46.44097900390625,141,93.01580810546875,38.86540412902832,46.44097900390625,141
2025-07-17T20:32:10.552431,2,4,"[0, 1, 2, 3, 4, 5, 6, 7]",93.01580810546875,0.0,46.44097900390625,141,93.01580810546875,38.86540412902832,46.44097900390625,141
2025-07-17T20:32:10.564395,3,4,"[0, 1, 2, 3, 4, 5, 6, 7]",93.01580810546875,0.0,46.44097900390625,141,93.01580810546875,38.86540412902832,46.44097900390625,141
2025-07-17T20:32:10.566452,4,4,"[0, 1, 2, 3, 4, 5, 6, 7]",93.01580810546875,0.0,46.44097900390625,141,93.01580810546875,38.86540412902832,46.44097900390625,141
2025-07-17T20:32:10.574135,0,5,"[0, 1, 2, 3, 4, 5, 6, 7]",93.01580810546875,0.0,46.44097900390625,141,93.01580810546875,38.86540412902832,46.44097900390625,141
2025-07-17T20:32:10.586332,1,5,"[0, 1, 2, 4, 5, 6, 7]",93.01580810546875,0.0,46.44097900390625,141,93.01580810546875,38.86540412902832,46.44097900390625,141
2025-07-17T20:32:10.593985,2,5,"[0, 1, 2, 3, 4, 5, 6, 7]",93.01580810546875,0.0,46.44097900390625,141,93.01580810546875,38.86540412902832,46.44097900390625,141
2025-07-17T20:32:10.596324,3,5,"[0, 1, 2, 4, 5, 6, 7]",93.01580810546875,0.0,46.44097900390625,141,93.01580810546875,38.86540412902832,46.44097900390625,141
2025-07-17T20:32:10.603168,4,5,"[0, 1, 2, 4, 5, 6, 7]",93.01580810546875,0.0,46.44097900390625,141,93.01580810546875,38.86540412902832,46.44097900390625,141
2025-07-17T20:32:10.610906,0,6,"[0, 1, 2, 3, 4, 5, 6, 7]",93.01580810546875,0.0,46.44097900390625,141,93.01580810546875,38.86540412902832,46.44097900390625,141
2025-07-17T20:32:10.617258,1,6,"[0, 2, 3, 4, 5, 6, 7]",93.01580810546875,0.0,46.44097900390625,141,93.01580810546875,38.86540412902832,46.44097900390625,141
2025-07-17T20:32:10.625436,2,6,"[0, 1, 2, 3, 4, 5, 6, 7]",93.01580810546875,0.0,46.44097900390625,141,93.01580810546875,38.86540412902832,46.44097900390625,141
2025-07-17T20:32:10.638597,3,6,"[0, 2, 3, 4, 5, 6, 7]",93.01580810546875,0.0,46.44097900390625,141,93.01580810546875,38.86540412902832,46.44097900390625,141
2025-07-17T20:32:10.641265,4,6,"[0, 2, 3, 4, 5, 6, 7]",93.01580810546875,0.0,46.44097900390625,141,93.01580810546875,38.86540412902832,46.44097900390625,141
2025-07-17T20:32:10.648230,0,7,"[0, 1, 2, 3, 4, 5, 6, 7]",93.01580810546875,0.0,46.44097900390625,141,93.01580810546875,38.86540412902832,46.44097900390625,141
2025-07-17T20:32:10.660273,1,7,"[0, 1, 2, 3, 4, 5, 6, 7]",93.01580810546875,0.0,46.44097900390625,141,93.01580810546875,38.86540412902832,46.44097900390625,141
2025-07-17T20:32:10.662575,2,7,"[0, 1, 2, 3, 4, 5, 6, 7]",93.01580810546875,0.0,46.44097900390625,141,93.01580810546875,38.86540412902832,46.44097900390625,141
2025-07-17T20:32:10.669458,3,7,"[0, 1, 2, 3, 4, 5, 6, 7]",93.01580810546875,0.0,46.44097900390625,141,93.01580810546875,38.86540412902832,46.44097900390625,141
2025-07-17T20:32:10.676202,4,7,"[0, 1, 2, 3, 4, 5, 6, 7]",93.01580810546875,0.0,46.44097900390625,141,93.01580810546875,38.86540412902832,46.44097900390625,141
2025-07-17T20:32:10.683574,0,8,"[1, 2, 3, 4, 5, 6, 7]",93.01580810546875,0.0,46.44097900390625,141,93.01580810546875,38.86540412902832,46.44097900390625,141
2025-07-17T20:32:10.689929,1,8,"[0, 1, 2, 3, 4, 5, 6, 7]",93.01580810546875,0.0,46.44097900390625,141,93.01580810546875,38.86540412902832,46.44097900390625,141
2025-07-17T20:32:10.702759,2,8,"[0, 1, 2, 3, 4, 5, 6, 7]",93.01580810546875,0.0,46.44097900390625,141,93.01580810546875,38.86540412902832,46.44097900390625,141
2025-07-17T20:32:10.705140,3,8,"[0, 1, 2, 3, 4, 5, 6, 7]",93.01580810546875,0.0,46.44097900390625,141,93.01580810546875,38.86540412902832,46.44097900390625,141
2025-07-17T20:32:10.712292,4,8,"[0, 1, 2, 3, 4, 5, 6, 7]",93.01580810546875,0.0,46.44097900390625,141,93.01580810546875,38.86540412902832,46.44097900390625,141
2025-07-17T20:32:10.719296,0,9,"[0, 1, 2, 3, 4, 5, 6, 7]",93.01580810546875,0.0,46.44097900390625,141,93.01580810546875,38.86540412902832,46.44097900390625,141
2025-07-17T20:32:10.727062,1,9,"[0, 1, 2, 4, 6, 7]",93.01580810546875,0.0,46.44097900390625,141,93.01580810546875,38.86540412902832,46.44097900390625,141
2025-07-17T20:32:10.732412,2,9,"[0, 1, 2, 3, 4, 5, 6, 7]",93.01580810546875,0.0,46.44097900390625,141,93.01580810546875,38.86540412902832,46.44097900390625,141
2025-07-17T20:32:10.739376,3,9,"[0, 1, 2, 4, 6, 7]",93.01580810546875,0.0,46.44097900390625,141,93.01580810546875,38.86540412902832,46.44097900390625,141
2025-07-17T20:32:10.746668,4,9,"[0, 1, 2, 4, 6, 7]",93.01580810546875,0.0,46.44097900390625,141,93.01580810546875,38.86540412902832,46.44097900390625,141
2025-07-17T20:32:10.753857,0,10,"[0, 1, 2, 3, 4, 5, 6, 7]",93.01580810546875,0.0,46.44097900390625,141,93.01580810546875,38.86540412902832,46.44097900390625,141
2025-07-17T20:32:10.761076,1,10,"[0, 1, 2, 3, 4, 5, 6, 7]",93.01580810546875,0.0,46.44097900390625,141,93.01580810546875,38.86540412902832,46.44097900390625,141
2025-07-17T20:32:10.768080,2,10,"[0, 1, 2, 3, 4, 5, 6, 7]",93.01580810546875,0.0,46.44097900390625,141,93.01580810546875,38.86540412902832,46.44097900390625,141
2025-07-17T20:32:10.775319,3,10,"[0, 1, 2, 3, 4, 5, 6, 7]",93.01580810546875,0.0,46.44097900390625,141,93.01580810546875,38.86540412902832,46.44097900390625,141
2025-07-17T20:32:10.789091,4,10,"[0, 1, 2, 3, 4, 5, 6, 7]",93.01580810546875,0.0,46.44097900390625,141,93.01580810546875,38.86540412902832,46.44097900390625,141
2025-07-17T20:32:10.791134,0,11,"[0, 1, 2, 3, 4, 5, 6, 7]",93.01580810546875,0.0,46.44097900390625,141,93.01580810546875,38.86540412902832,46.44097900390625,141
2025-07-17T20:32:10.801775,1,11,"[0, 1, 2, 3, 4, 5, 6, 7]",93.01580810546875,0.0,46.44097900390625,141,93.01580810546875,38.86540412902832,46.44097900390625,141
2025-07-17T20:32:10.810454,2,11,"[0, 1, 2, 3, 4, 5, 6, 7]",93.01580810546875,0.0,46.44097900390625,141,93.01580810546875,38.86540412902832,46.44097900390625,141
2025-07-17T20:32:10.817384,3,11,"[0, 1, 2, 3, 4, 5, 6, 7]",93.01580810546875,0.0,46.44097900390625,141,93.01580810546875,38.86540412902832,46.44097900390625,141
2025-07-17T20:32:10.824037,4,11,"[0, 1, 2, 3, 4, 5, 6, 7]",93.01580810546875,0.0,46.44097900390625,141,93.01580810546875,38.86540412902832,46.44097900390625,141
2025-07-17T20:32:10.831576,0,12,"[0, 1, 2, 3, 4, 5, 6, 7]",93.01580810546875,0.0,46.44097900390625,141,93.01580810546875,38.86540412902832,46.44097900390625,141
2025-07-17T20:32:10.840216,1,12,"[0, 1, 2, 3, 4, 5, 6]",93.01580810546875,0.0,46.44097900390625,141,93.01580810546875,38.86540412902832,46.44097900390625,141
2025-07-17T20:32:10.842401,2,12,"[0, 1, 2, 3, 4, 5, 6, 7]",93.01580810546875,0.0,46.44097900390625,141,93.01580810546875,38.86540412902832,46.44097900390625,141
2025-07-17T20:32:10.849026,3,12,"[0, 1, 2, 3, 4, 5, 6]",93.01580810546875,0.0,46.44097900390625,141,93.01580810546875,38.86540412902832,46.44097900390625,141
2025-07-17T20:32:10.856038,4,12,"[0, 1, 2, 3, 4, 5, 6]",93.01580810546875,0.0,46.44097900390625,141,93.01580810546875,38.86540412902832,46.44097900390625,141
2025-07-17T20:32:10.863359,0,13,"[0, 1, 2, 3, 4, 5, 6, 7]",93.01580810546875,0.0,46.44097900390625,141,93.01580810546875,38.86540412902832,46.44097900390625,141
2025-07-17T20:32:10.870311,1,13,"[0, 1, 2, 3, 5, 6]",93.01580810546875,0.0,46.44097900390625,141,93.01580810546875,38.86540412902832,46.44097900390625,141
2025-07-17T20:32:10.880920,2,13,"[0, 1, 2, 3, 5, 6]",93.01580810546875,0.0,46.44097900390625,141,93.01580810546875,38.86540412902832,46.44097900390625,141
2025-07-17T20:32:10.887368,3,13,"[0, 1, 2, 3, 5, 6]",93.01580810546875,0.0,46.44097900390625,141,93.01580810546875,38.86540412902832,46.44097900390625,141
2025-07-17T20:32:10.893851,4,13,"[0, 1, 2, 3, 5, 6]",93.01580810546875,0.0,46.44097900390625,141,93.01580810546875,38.86540412902832,46.44097900390625,141
2025-07-17T20:32:10.900594,0,14,"[0, 1, 2, 3, 4, 5, 6, 7]",93.01580810546875,0.0,46.44097900390625,141,93.01580810546875,38.86540412902832,46.44097900390625,141
2025-07-17T20:32:10.907734,1,14,"[0, 1, 2, 3, 4, 5, 6, 7]",93.01580810546875,0.0,46.44097900390625,141,93.01580810546875,38.86540412902832,46.44097900390625,141
2025-07-17T20:32:10.914938,2,14,"[1, 2, 3, 4, 5, 6, 7]",93.01580810546875,0.0,46.44097900390625,141,93.01580810546875,38.86540412902832,46.44097900390625,141
2025-07-17T20:32:10.921420,3,14,"[0, 1, 2, 3, 4, 5, 6, 7]",93.01580810546875,0.0,46.44097900390625,141,93.01580810546875,38.86540412902832,46.44097900390625,141
2025-07-17T20:32:10.928904,4,14,"[0, 1, 2, 3, 4, 5, 6, 7]",93.01580810546875,0.0,46.44097900390625,141,93.01580810546875,38.86540412902832,46.44097900390625,141
2025-07-17T20:32:10.937174,0,15,"[0, 1, 2, 3, 4, 5, 6, 7]",93.01580810546875,0.0,46.44097900390625,141,93.01580810546875,38.86540412902832,46.44097900390625,141
2025-07-17T20:32:10.945452,1,15,"[0, 1, 2, 3, 4, 5, 6, 7]",93.01580810546875,0.0,46.44097900390625,141,93.01580810546875,38.86540412902832,46.44097900390625,141
2025-07-17T20:32:10.947732,2,15,"[0, 1, 2, 3, 4, 5, 6, 7]",93.01580810546875,0.0,46.44097900390625,141,93.01580810546875,38.86540412902832,46.44097900390625,141
2025-07-17T20:32:10.955297,3,15,"[0, 1, 2, 3, 4, 5, 6, 7]",93.01580810546875,0.0,46.44097900390625,141,93.01580810546875,38.86540412902832,46.44097900390625,141
2025-07-17T20:32:10.962383,4,15,"[0, 1, 2, 3, 4, 5, 6, 7]",93.01580810546875,0.0,46.44097900390625,141,93.01580810546875,38.86540412902832,46.44097900390625,141
2025-07-17T20:32:10.969724,0,16,"[0, 1, 3, 4, 5, 6, 7]",93.01580810546875,0.0,46.44097900390625,141,93.01580810546875,38.86540412902832,46.44097900390625,141
2025-07-17T20:32:10.977152,1,16,"[0, 1, 2, 3, 4, 5, 6, 7]",93.01580810546875,0.0,46.44097900390625,141,93.01580810546875,38.86540412902832,46.44097900390625,141
2025-07-17T20:32:10.983625,2,16,"[0, 1, 2, 3, 4, 5, 6, 7]",93.01580810546875,0.0,46.44097900390625,141,93.01580810546875,38.86540412902832,46.44097900390625,141
2025-07-17T20:32:10.991274,3,16,"[0, 1, 2, 3, 4, 5, 6, 7]",93.01580810546875,0.0,46.44097900390625,141,93.01580810546875,38.86540412902832,46.44097900390625,141
2025-07-17T20:32:10.998027,4,16,"[0, 1, 2, 3, 4, 5, 6, 7]",93.01580810546875,0.0,46.44097900390625,141,93.01580810546875,38.86540412902832,46.44097900390625,141
2025-07-17T20:32:11.010754,0,17,"[0, 1, 2, 3, 4, 5, 6, 7]",93.01580810546875,0.0,46.44097900390625,141,93.01580810546875,38.86540412902832,46.44097900390625,141
2025-07-17T20:32:11.013161,1,17,"[0, 1, 2, 3, 4, 5, 6, 7]",93.01580810546875,0.0,46.44097900390625,141,93.01580810546875,38.86540412902832,46.44097900390625,141
2025-07-17T20:32:11.020016,2,17,"[0, 1, 2, 3, 4, 5, 6, 7]",93.01580810546875,0.0,46.44097900390625,141,93.01580810546875,38.86540412902832,46.44097900390625,141
2025-07-17T20:32:11.026872,3,17,"[0, 1, 2, 3, 4, 5, 6, 7]",93.01580810546875,0.0,46.44097900390625,141,93.01580810546875,38.86540412902832,46.44097900390625,141
2025-07-17T20:32:11.034132,4,17,"[0, 1, 2, 3, 4, 5, 6, 7]",93.01580810546875,0.0,46.44097900390625,141,93.01580810546875,38.86540412902832,46.44097900390625,141
2025-07-17T20:32:11.040640,0,18,"[0, 1, 2, 3, 4, 5, 6, 7]",93.01580810546875,0.0,46.44097900390625,141,93.01580810546875,38.86540412902832,46.44097900390625,141
2025-07-17T20:32:11.046988,1,18,"[0, 1, 2, 3, 4, 5, 6, 7]",93.01580810546875,0.0,46.44097900390625,141,93.01580810546875,38.86540412902832,46.44097900390625,141
2025-07-17T20:32:11.059678,2,18,"[0, 1, 2, 3, 4, 5, 6, 7]",93.01580810546875,0.0,46.44097900390625,141,93.01580810546875,38.86540412902832,46.44097900390625,141
2025-07-17T20:32:11.062066,3,18,"[0, 1, 2, 3, 4, 5, 6, 7]",93.01580810546875,0.0,46.44097900390625,141,93.01580810546875,38.86540412902832,46.44097900390625,141
2025-07-17T20:32:11.068423,4,18,"[0, 1, 2, 3, 4, 5, 6, 7]",93.01580810546875,0.0,46.44097900390625,141,93.01580810546875,38.86540412902832,46.44097900390625,141
2025-07-17T20:32:11.083557,0,19,"[0, 1, 2, 3, 4, 5, 6, 7]",93.01580810546875,0.0,46.44097900390625,141,93.01580810546875,38.86540412902832,46.44097900390625,141
2025-07-17T20:32:11.085807,1,19,"[0, 2, 3, 4, 5, 6, 7]",93.01580810546875,0.0,46.44097900390625,141,93.01580810546875,38.86540412902832,46.44097900390625,141
2025-07-17T20:32:11.093241,2,19,"[0, 1, 2, 3, 4, 5, 6, 7]",93.01580810546875,0.0,46.44097900390625,141,93.01580810546875,38.86540412902832,46.44097900390625,141
2025-07-17T20:32:11.106246,3,19,"[0, 2, 3, 4, 5, 6, 7]",93.01580810546875,0.0,46.44097900390625,141,93.01580810546875,38.86540412902832,46.44097900390625,141
2025-07-17T20:32:11.114791,4,19,"[0, 2, 3, 4, 5, 6, 7]",93.01580810546875,0.0,46.44097900390625,141,93.01580810546875,38.86540412902832,46.44097900390625,141
2025-07-17T20:32:11.116727,0,20,"[0, 1, 2, 3, 4, 5, 6, 7]",93.01580810546875,0.0,46.44097900390625,141,93.01580810546875,38.86540412902832,46.44097900390625,141
2025-07-17T20:32:11.123713,1,20,"[0, 2, 3, 4, 5, 6, 7]",93.01580810546875,0.0,46.44097900390625,141,93.01580810546875,38.86540412902832,46.44097900390625,141
2025-07-17T20:32:11.129759,2,20,"[0, 1, 2, 3, 4, 5, 6, 7]",93.01580810546875,0.0,46.44097900390625,141,93.01580810546875,38.86540412902832,46.44097900390625,141
2025-07-17T20:32:11.137031,3,20,"[0, 2, 3, 4, 5, 6, 7]",93.01580810546875,0.0,46.44097900390625,141,93.01580810546875,38.86540412902832,46.44097900390625,141
2025-07-17T20:32:11.147363,4,20,"[0, 2, 3, 4, 5, 6, 7]",93.01580810546875,0.0,46.44097900390625,141,93.01580810546875,38.86540412902832,46.44097900390625,141
2025-07-17T20:32:11.153972,0,21,"[0, 1, 2, 3, 4, 5, 6, 7]",93.01580810546875,0.0,46.44097900390625,141,93.01580810546875,38.86540412902832,46.44097900390625,141
2025-07-17T20:32:11.161624,1,21,"[0, 1, 2, 3, 4, 5, 6, 7]",93.01580810546875,0.0,46.44097900390625,141,93.01580810546875,38.86540412902832,46.44097900390625,141
2025-07-17T20:32:11.168625,2,21,"[0, 1, 2, 3, 4, 5, 6, 7]",93.01580810546875,0.0,46.44097900390625,141,93.01580810546875,38.86540412902832,46.44097900390625,141
2025-07-17T20:32:11.177286,3,21,"[0, 1, 2, 3, 4, 5, 6, 7]",93.01580810546875,0.0,46.44097900390625,141,93.01580810546875,38.86540412902832,46.44097900390625,141
2025-07-17T20:32:11.180555,4,21,"[0, 1, 2, 3, 4, 5, 6, 7]",93.01580810546875,0.0,46.44097900390625,141,93.01580810546875,38.86540412902832,46.44097900390625,141
2025-07-17T20:32:11.192537,0,22,"[0, 1, 2, 3, 4, 5, 6, 7]",93.01580810546875,0.0,46.44097900390625,141,93.01580810546875,38.86540412902832,46.44097900390625,141
2025-07-17T20:32:11.200660,1,22,"[0, 1, 3, 4, 5, 6, 7]",93.01580810546875,0.0,46.44097900390625,141,93.01580810546875,38.86540412902832,46.44097900390625,141
2025-07-17T20:32:11.202755,2,22,"[0, 1, 2, 3, 4, 5, 6, 7]",93.01580810546875,0.0,46.44097900390625,141,93.01580810546875,38.86540412902832,46.44097900390625,141
2025-07-17T20:32:11.209715,3,22,"[0, 1, 3, 4, 5, 6, 7]",93.01580810546875,0.0,46.44097900390625,141,93.01580810546875,38.86540412902832,46.44097900390625,141
2025-07-17T20:32:11.217357,4,22,"[0, 1, 3, 4, 5, 6, 7]",93.01580810546875,0.0,46.44097900390625,141,93.01580810546875,38.86540412902832,46.44097900390625,141
2025-07-17T20:32:11.223485,0,23,"[0, 1, 2, 3, 4, 5, 6, 7]",93.01580810546875,0.0,46.44097900390625,141,93.01580810546875,38.86540412902832,46.44097900390625,141
2025-07-17T20:32:11.231222,1,23,"[0, 1, 2, 4, 5, 6, 7]",93.01580810546875,0.0,46.44097900390625,141,93.01580810546875,38.86540412902832,46.44097900390625,141
2025-07-17T20:32:11.238659,2,23,"[0, 1, 2, 3, 4, 5, 6, 7]",93.01580810546875,0.0,46.44097900390625,141,93.01580810546875,38.86540412902832,46.44097900390625,141
2025-07-17T20:32:11.244946,3,23,"[0, 1, 2, 4, 5, 6, 7]",93.01580810546875,0.0,46.44097900390625,141,93.01580810546875,38.86540412902832,46.44097900390625,141
2025-07-17T20:32:11.252393,4,23,"[0, 1, 2, 4, 5, 6, 7]",93.01580810546875,0.0,46.44097900390625,141,93.01580810546875,38.86540412902832,46.44097900390625,141
2025-07-17T20:32:11.259393,0,24,"[0, 1, 2, 3, 4, 5, 6, 7]",93.01580810546875,0.0,46.44097900390625,141,93.01580810546875,38.86540412902832,46.44097900390625,141
2025-07-17T20:32:11.271377,1,24,"[0, 1, 3, 4, 6, 7]",93.01580810546875,0.0,46.44097900390625,141,93.01580810546875,38.86540412902832,46.44097900390625,141
2025-07-17T20:32:11.274167,2,24,"[0, 1, 2, 3, 4, 5, 6, 7]",93.01580810546875,0.0,46.44097900390625,141,93.01580810546875,38.86540412902832,46.44097900390625,141
2025-07-17T20:32:11.281047,3,24,"[0, 1, 3, 4, 6, 7]",93.01580810546875,0.0,46.44097900390625,141,93.01580810546875,38.86540412902832,46.44097900390625,141
2025-07-17T20:32:11.289014,4,24,"[0, 1, 3, 4, 6, 7]",93.01580810546875,0.0,46.44097900390625,141,93.01580810546875,38.86540412902832,46.44097900390625,141
2025-07-17T20:32:11.295742,0,25,"[0, 1, 2, 3, 4, 5, 6, 7]",93.01580810546875,0.0,46.44097900390625,141,93.01580810546875,38.86540412902832,46.44097900390625,141
2025-07-17T20:32:11.308056,1,25,"[0, 1, 2, 3, 4, 6, 7]",93.01580810546875,0.0,46.44097900390625,141,93.01580810546875,38.86540412902832,46.44097900390625,141
2025-07-17T20:32:11.310730,2,25,"[0, 1, 2, 3, 4, 5, 6, 7]",93.01580810546875,0.0,46.44097900390625,141,93.01580810546875,38.86540412902832,46.44097900390625,141
2025-07-17T20:32:11.323669,3,25,"[0, 1, 2, 3, 4, 6, 7]",93.01580810546875,0.0,46.44097900390625,141,93.01580810546875,38.86540412902832,46.44097900390625,141
2025-07-17T20:32:11.331686,4,25,"[0, 1, 2, 3, 4, 6, 7]",93.01580810546875,0.0,46.44097900390625,141,93.01580810546875,38.86540412902832,46.44097900390625,141
2025-07-17T20:32:11.334199,0,26,"[0, 1, 2, 3, 4, 5, 6, 7]",93.01580810546875,0.0,46.44097900390625,141,93.01580810546875,38.86540412902832,46.44097900390625,141
2025-07-17T20:32:11.341202,1,26,"[0, 1, 2, 3, 4, 5, 6, 7]",93.01580810546875,0.0,46.44097900390625,141,93.01580810546875,38.86540412902832,46.44097900390625,141
2025-07-17T20:32:11.347486,2,26,"[0, 1, 2, 3, 4, 5, 6, 7]",93.01580810546875,0.0,46.44097900390625,141,93.01580810546875,38.86540412902832,46.44097900390625,141
2025-07-17T20:32:11.355078,3,26,"[0, 1, 2, 3, 4, 5, 6, 7]",93.01580810546875,0.0,46.44097900390625,141,93.01580810546875,38.86540412902832,46.44097900390625,141
2025-07-17T20:32:11.362712,4,26,"[0, 1, 2, 3, 4, 5, 6, 7]",93.01580810546875,0.0,46.44097900390625,141,93.01580810546875,38.86540412902832,46.44097900390625,141
2025-07-17T20:32:11.369738,0,27,"[0, 1, 2, 3, 4, 5, 6, 7]",93.01580810546875,0.0,46.44097900390625,141,93.01580810546875,38.86540412902832,46.44097900390625,141
2025-07-17T20:32:11.377146,1,27,"[0, 1, 2, 3, 4, 5, 6, 7]",93.01580810546875,0.0,46.44097900390625,141,93.01580810546875,38.86540412902832,46.44097900390625,141
2025-07-17T20:32:11.389563,2,27,"[0, 1, 2, 3, 4, 5, 6, 7]",93.01580810546875,0.0,46.44097900390625,141,93.01580810546875,38.86540412902832,46.44097900390625,141
2025-07-17T20:32:11.391649,3,27,"[0, 1, 2, 3, 4, 5, 6, 7]",93.01580810546875,0.0,46.44097900390625,141,93.01580810546875,38.86540412902832,46.44097900390625,141
2025-07-17T20:32:11.398826,4,27,"[0, 1, 2, 3, 4, 5, 6, 7]",93.01580810546875,0.0,46.44097900390625,141,93.01580810546875,38.86540412902832,46.44097900390625,141
2025-07-17T20:32:11.405259,0,28,"[0, 1, 2, 3, 4, 5, 6, 7]",93.01580810546875,0.0,46.44097900390625,141,93.01580810546875,38.86540412902832,46.44097900390625,141
2025-07-17T20:32:11.418528,1,28,"[0, 1, 2, 3, 4, 5, 6, 7]",93.01580810546875,0.0,46.44097900390625,141,93.01580810546875,38.86540412902832,46.44097900390625,141
2025-07-17T20:32:11.425758,2,28,"[0, 1, 2, 3, 4, 5, 6, 7]",93.01580810546875,0.0,46.44097900390625,141,93.01580810546875,38.86540412902832,46.44097900390625,141
2025-07-17T20:32:11.428089,3,28,"[0, 1, 2, 3, 4, 5, 6, 7]",93.01580810546875,0.0,46.44097900390625,141,93.01580810546875,38.86540412902832,46.44097900390625,141
2025-07-17T20:32:11.435187,4,28,"[0, 1, 2, 3, 4, 5, 6, 7]",93.01580810546875,0.0,46.44097900390625,141,93.01580810546875,38.86540412902832,46.44097900390625,141
2025-07-17T20:32:11.442310,0,29,"[0, 1, 2, 3, 4, 5, 6, 7]",93.01580810546875,0.0,46.44097900390625,141,93.01580810546875,38.86540412902832,46.44097900390625,141
2025-07-17T20:32:11.449592,1,29,"[0, 1, 2, 3, 4, 5, 6, 7]",93.01580810546875,0.0,46.44097900390625,141,93.01580810546875,38.86540412902832,46.44097900390625,141
2025-07-17T20:32:11.458243,2,29,"[0, 1, 2, 3, 4, 5, 6, 7]",93.01580810546875,0.0,46.44097900390625,141,93.01580810546875,38.86540412902832,46.44097900390625,141
2025-07-17T20:32:11.464393,3,29,"[0, 1, 2, 3, 4, 5, 6, 7]",93.01580810546875,0.0,46.44097900390625,141,93.01580810546875,38.86540412902832,46.44097900390625,141
2025-07-17T20:32:11.471124,4,29,"[0, 1, 2, 3, 4, 5, 6, 7]",93.01580810546875,0.0,46.44097900390625,141,93.01580810546875,38.86540412902832,46.44097900390625,141
2025-07-17T20:32:11.478124,0,30,"[0, 1, 2, 3, 4, 5, 6, 7]",93.01580810546875,0.0,46.44097900390625,141,93.01580810546875,38.86540412902832,46.44097900390625,141
2025-07-17T20:32:11.485778,1,30,"[0, 1, 2, 3, 4, 5, 6, 7]",93.01580810546875,0.0,46.44097900390625,141,93.01580810546875,38.86540412902832,46.44097900390625,141
2025-07-17T20:32:11.493016,2,30,"[0, 1, 2, 3, 4, 5, 6, 7]",93.01580810546875,0.0,46.44097900390625,141,93.01580810546875,38.86540412902832,46.44097900390625,141
2025-07-17T20:32:11.499535,3,30,"[0, 1, 2, 3, 4, 5, 6, 7]",93.01580810546875,0.0,46.44097900390625,141,93.01580810546875,38.86540412902832,46.44097900390625,141
2025-07-17T20:32:11.510402,4,30,"[0, 1, 2, 3, 4, 5, 6, 7]",93.01580810546875,0.0,46.44097900390625,141,93.01580810546875,38.86540412902832,46.44097900390625,141
2025-07-17T20:32:11.517688,0,31,"[0, 1, 2, 3, 4, 5, 6, 7]",93.01580810546875,0.0,46.44097900390625,141,93.01580810546875,38.87229824066162,46.44097900390625,141
2025-07-17T20:32:11.527176,1,31,"[0, 1, 2, 3, 4, 5, 6, 7]",93.01580810546875,0.0,46.44097900390625,141,93.01580810546875,38.86909008026123,46.44097900390625,141
2025-07-17T20:32:11.531434,2,31,"[0, 1, 2, 3, 4, 5, 6, 7]",93.01580810546875,0.0,46.44097900390625,141,93.01580810546875,38.86646366119385,46.44097900390625,141
2025-07-17T20:32:11.544256,3,31,"[0, 1, 2, 3, 4, 5, 6, 7]",93.01580810546875,0.0,46.44097900390625,141,93.01580810546875,38.86299800872803,46.44097900390625,141
2025-07-17T20:32:11.547224,4,31,"[0, 1, 2, 3, 4, 5, 6, 7]",93.01580810546875,0.0,46.44097900390625,141,93.01580810546875,38.86002254486084,46.44097900390625,141
2025-07-17T20:32:11.564242,0,0,"[0, 1, 2, 3, 4, 5, 6, 7]",93.01580810546875,0.0,46.44097900390625,141,93.01580810546875,38.85531425476074,46.44097900390625,141
2025-07-17T20:32:11.566699,1,0,"[0, 1, 2, 3, 4, 5, 6, 7]",93.01580810546875,0.0,46.44097900390625,141,93.01580810546875,38.85852241516113,46.44097900390625,141
2025-07-17T20:32:11.574217,2,0,"[0, 1, 2, 3, 4, 5, 6, 7]",93.01580810546875,0.0,46.44097900390625,141,93.01580810546875,38.86149787902832,46.44097900390625,141
2025-07-17T20:32:11.581762,3,0,"[0, 1, 2, 3, 4, 5, 6, 7]",93.01580810546875,0.0,46.44097900390625,141,93.01580810546875,38.86438179016113,46.44097900390625,141
2025-07-17T20:32:11.589720,4,0,"[0, 1, 2, 3, 4, 5, 6, 7]",93.01580810546875,0.0,46.44097900390625,141,93.01580810546875,38.86540412902832,46.44097900390625,141
2025-07-17T20:32:11.596824,0,1,"[0, 1, 2, 4, 5, 6, 7]",93.01580810546875,0.0,46.44097900390625,141,93.01580810546875,38.86540412902832,46.44097900390625,141
2025-07-17T20:32:11.604406,1,1,"[0, 1, 2, 3, 4, 6, 7]",93.01580810546875,0.0,46.44097900390625,141,93.01580810546875,38.86540412902832,46.44097900390625,141
2025-07-17T20:32:11.611029,2,1,"[0, 1, 2, 3, 4, 5, 6, 7]",93.01580810546875,0.0,46.44097900390625,141,93.01580810546875,38.86540412902832,46.44097900390625,141
2025-07-17T20:32:11.623201,3,1,"[0, 1, 2, 3, 4, 6, 7]",93.01580810546875,0.0,46.44097900390625,141,93.01580810546875,38.86540412902832,46.44097900390625,141
2025-07-17T20:32:11.630804,4,1,"[0, 1, 2, 3, 4, 6, 7]",93.01580810546875,0.0,46.44097900390625,141,93.01580810546875,38.86540412902832,46.44097900390625,141
2025-07-17T20:32:11.638417,0,2,"[0, 1, 2, 3, 4, 5, 6, 7]",93.01580810546875,0.0,46.44097900390625,141,93.01580810546875,38.86540412902832,46.44097900390625,141
2025-07-17T20:32:11.645861,1,2,"[0, 1, 3, 4, 5, 6, 7]",93.01580810546875,0.0,46.44097900390625,141,93.01580810546875,38.86540412902832,46.44097900390625,141
2025-07-17T20:32:11.652956,2,2,"[0, 1, 2, 3, 4, 5, 6, 7]",93.01580810546875,0.0,46.44097900390625,141,93.01580810546875,38.86540412902832,46.44097900390625,141
2025-07-17T20:32:11.655160,3,2,"[0, 1, 3, 4, 5, 6, 7]",93.01580810546875,0.0,46.44097900390625,141,93.01580810546875,38.86540412902832,46.44097900390625,141
2025-07-17T20:32:11.662674,4,2,"[0, 1, 3, 4, 5, 6, 7]",93.01580810546875,0.0,46.44097900390625,141,93.01580810546875,38.86540412902832,46.44097900390625,141
2025-07-17T20:32:11.669940,0,3,"[0, 1, 2, 3, 4, 5, 6, 7]",93.01580810546875,0.0,46.44097900390625,141,93.01580810546875,38.86540412902832,46.44097900390625,141
2025-07-17T20:32:11.678335,1,3,"[1, 2, 3, 4, 5, 6, 7]",93.01580810546875,0.0,46.44097900390625,141,93.01580810546875,38.86540412902832,46.44097900390625,141
2025-07-17T20:32:11.684967,2,3,"[0, 1, 2, 3, 4, 5, 6, 7]",93.01580810546875,0.0,46.44097900390625,141,93.01580810546875,38.86540412902832,46.44097900390625,141
2025-07-17T20:32:11.697764,3,3,"[1, 2, 3, 4, 5, 6, 7]",93.01580810546875,0.0,46.44097900390625,141,93.01580810546875,38.86540412902832,46.44097900390625,141
2025-07-17T20:32:11.699952,4,3,"[1, 2, 3, 4, 5, 6, 7]",93.01580810546875,0.0,46.44097900390625,141,93.01580810546875,38.86540412902832,46.44097900390625,141
2025-07-17T20:32:11.708161,0,4,"[0, 1, 2, 3, 4, 5, 6, 7]",93.01580810546875,0.0,46.44097900390625,141,93.01580810546875,38.86540412902832,46.44097900390625,141
2025-07-17T20:32:11.721036,1,4,"[0, 1, 2, 3, 4, 5, 6, 7]",93.01580810546875,0.0,46.44097900390625,141,93.01580810546875,38.86540412902832,46.44097900390625,141
2025-07-17T20:32:11.723135,2,4,"[0, 1, 2, 3, 4, 5, 6, 7]",93.01580810546875,0.0,46.44097900390625,141,93.01580810546875,38.86540412902832,46.44097900390625,141
2025-07-17T20:32:11.739408,3,4,"[0, 1, 2, 3, 4, 5, 6, 7]",93.01580810546875,0.0,46.44097900390625,141,93.01580810546875,38.86540412902832,46.44097900390625,141
2025-07-17T20:32:11.741480,4,4,"[0, 1, 2, 3, 4, 5, 6, 7]",93.01580810546875,0.0,46.44097900390625,141,93.01580810546875,38.86540412902832,46.44097900390625,141
2025-07-17T20:32:11.749611,0,5,"[0, 1, 2, 3, 4, 5, 6, 7]",93.01580810546875,0.0,46.44097900390625,141,93.01580810546875,38.86540412902832,46.44097900390625,141
2025-07-17T20:32:11.756899,1,5,"[0, 1, 2, 3, 4, 5, 6, 7]",93.01580810546875,0.0,46.44097900390625,141,93.01580810546875,38.86540412902832,46.44097900390625,141
2025-07-17T20:32:11.762669,2,5,"[0, 1, 2, 3, 4, 5, 6, 7]",93.01580810546875,0.0,46.44097900390625,141,93.01580810546875,38.86540412902832,46.44097900390625,141
2025-07-17T20:32:11.769853,3,5,"[0, 1, 2, 3, 4, 5, 6, 7]",93.01580810546875,0.0,46.44097900390625,141,93.01580810546875,38.86540412902832,46.44097900390625,141
2025-07-17T20:32:11.776575,4,5,"[0, 1, 2, 3, 4, 5, 6, 7]",93.01580810546875,0.0,46.44097900390625,141,93.01580810546875,38.86540412902832,46.44097900390625,141
2025-07-17T20:32:11.784327,0,6,"[0, 1, 2, 3, 4, 5, 6, 7]",93.01580810546875,0.0,46.44097900390625,141,93.01580810546875,38.86540412902832,46.44097900390625,141
2025-07-17T20:32:11.793207,1,6,"[0, 2, 3, 4, 5, 6, 7]",93.01580810546875,0.0,46.44097900390625,141,93.01580810546875,38.86540412902832,46.44097900390625,141
2025-07-17T20:32:11.800336,2,6,"[0, 1, 2, 3, 4, 5, 7]",93.01580810546875,0.0,46.44097900390625,141,93.01580810546875,38.86540412902832,46.44097900390625,141
2025-07-17T20:32:11.806929,3,6,"[0, 2, 3, 4, 5, 6, 7]",93.01580810546875,0.0,46.44097900390625,141,93.01580810546875,38.86540412902832,46.44097900390625,141
2025-07-17T20:32:11.818142,4,6,"[0, 2, 3, 4, 5, 6, 7]",93.01580810546875,0.0,46.44097900390625,141,93.01580810546875,38.86540412902832,46.44097900390625,141
2025-07-17T20:32:11.826178,0,7,"[0, 1, 2, 3, 4, 5, 6, 7]",93.01580810546875,0.0,46.44097900390625,141,93.01580810546875,38.86482238769531,46.44097900390625,141
2025-07-17T20:32:11.833380,1,7,"[0, 1, 2, 3, 5, 6, 7]",93.01580810546875,0.0,46.44097900390625,141,93.01580810546875,38.86482238769531,46.44097900390625,141
2025-07-17T20:32:11.840515,2,7,"[0, 1, 2, 3, 4, 5, 6, 7]",93.01580810546875,0.0,46.44097900390625,141,93.01580810546875,38.86482238769531,46.44097900390625,141
2025-07-17T20:32:11.847848,3,7,"[0, 1, 2, 3, 5, 6, 7]",93.01580810546875,0.0,46.44097900390625,141,93.01580810546875,38.86456489562988,46.44097900390625,141
2025-07-17T20:32:11.854987,4,7,"[0, 1, 2, 3, 5, 6, 7]",93.01580810546875,0.0,46.44097900390625,141,93.01580810546875,38.86456489562988,46.44097900390625,141
2025-07-17T20:32:11.862306,0,8,"[1, 2, 3, 4, 5, 6, 7]",93.01580810546875,0.0,46.44097900390625,141,93.01580810546875,38.86540412902832,46.44097900390625,141
2025-07-17T20:32:11.869434,1,8,"[1, 2, 3, 4, 5, 6]",93.01580810546875,0.0,46.44097900390625,141,93.01580810546875,38.86540412902832,46.44097900390625,141
2025-07-17T20:32:11.876307,2,8,"[0, 1, 2, 3, 4, 5, 6, 7]",93.01580810546875,0.0,46.44097900390625,141,93.01580810546875,38.86540412902832,46.44097900390625,141
2025-07-17T20:32:11.884086,3,8,"[1, 2, 3, 4, 5, 6]",93.01580810546875,0.0,46.44097900390625,141,93.01580810546875,38.86540412902832,46.44097900390625,141
2025-07-17T20:32:11.891155,4,8,"[1, 2, 3, 4, 5, 6]",93.01580810546875,0.0,46.44097900390625,141,93.01580810546875,38.86540412902832,46.44097900390625,141
2025-07-17T20:32:11.898836,0,9,"[0, 1, 2, 3, 4, 5, 6, 7]",93.01580810546875,0.0,46.44097900390625,141,93.01580810546875,38.86540412902832,46.44097900390625,141
2025-07-17T20:32:11.906833,1,9,"[0, 1, 2, 3, 4, 5, 6, 7]",93.01580810546875,0.0,46.44097900390625,141,93.01580810546875,38.86540412902832,46.44097900390625,141
2025-07-17T20:32:11.909698,2,9,"[0, 1, 2, 3, 4, 5, 6, 7]",93.01580810546875,0.0,46.44097900390625,141,93.01580810546875,38.86540412902832,46.44097900390625,141
2025-07-17T20:32:11.916304,3,9,"[0, 1, 2, 3, 4, 5, 6, 7]",93.01580810546875,0.0,46.44097900390625,141,93.01580810546875,38.86540412902832,46.44097900390625,141
2025-07-17T20:32:11.923976,4,9,"[0, 1, 2, 3, 4, 5, 6, 7]",93.01580810546875,0.0,46.44097900390625,141,93.01580810546875,38.86540412902832,46.44097900390625,141
2025-07-17T20:32:11.931475,0,10,"[0, 1, 2, 3, 4, 5, 6, 7]",93.01580810546875,0.0,46.44097900390625,141,93.01580810546875,38.86540412902832,46.44097900390625,141
2025-07-17T20:32:11.944326,1,10,"[0, 2, 3, 4, 5, 6, 7]",93.01580810546875,0.0,46.44097900390625,141,93.01580810546875,38.86540412902832,46.44097900390625,141
2025-07-17T20:32:11.951868,2,10,"[0, 1, 2, 3, 4, 5, 6, 7]",93.01580810546875,0.0,46.44097900390625,141,93.01580810546875,38.86540412902832,46.44097900390625,141
2025-07-17T20:32:11.959663,3,10,"[0, 2, 3, 4, 5, 6, 7]",93.01580810546875,0.0,46.44097900390625,141,93.01580810546875,38.86540412902832,46.44097900390625,141
2025-07-17T20:32:11.962246,4,10,"[0, 2, 3, 4, 5, 6, 7]",93.01580810546875,0.0,46.44097900390625,141,93.01580810546875,38.86540412902832,46.44097900390625,141
2025-07-17T20:32:11.968363,0,11,"[0, 1, 2, 4, 5, 6, 7]",93.01580810546875,0.0,46.44097900390625,141,93.01580810546875,38.86540412902832,46.44097900390625,141
2025-07-17T20:32:11.975498,1,11,"[0, 1, 2, 3, 5, 6, 7]",93.01580810546875,0.0,46.44097900390625,141,93.01580810546875,38.86540412902832,46.44097900390625,141
2025-07-17T20:32:11.982018,2,11,"[0, 1, 2, 3, 4, 5, 6, 7]",93.01580810546875,0.0,46.44097900390625,141,93.01580810546875,38.86540412902832,46.44097900390625,141
2025-07-17T20:32:11.989975,3,11,"[0, 1, 2, 3, 5, 6, 7]",93.01580810546875,0.0,46.44097900390625,141,93.01580810546875,38.86540412902832,46.44097900390625,141
2025-07-17T20:32:11.996231,4,11,"[0, 1, 2, 3, 5, 6, 7]",93.01580810546875,0.0,46.44097900390625,141,93.01580810546875,38.86540412902832,46.44097900390625,141
2025-07-17T20:32:12.003054,0,12,"[0, 1, 2, 3, 4, 5, 6]",93.01580810546875,0.0,46.44097900390625,141,93.01580810546875,38.86540412902832,46.44097900390625,141
2025-07-17T20:32:12.010525,1,12,"[0, 1, 3, 4, 5, 6]",93.01580810546875,0.0,46.44097900390625,141,93.01580810546875,38.86540412902832,46.44097900390625,141
2025-07-17T20:32:12.017172,2,12,"[0, 1, 3, 4, 5, 6, 7]",93.01580810546875,0.0,46.44097900390625,141,93.01580810546875,38.86540412902832,46.44097900390625,141
2025-07-17T20:32:12.024646,3,12,"[0, 1, 3, 4, 5, 6]",93.01580810546875,0.0,46.44097900390625,141,93.01580810546875,38.86540412902832,46.44097900390625,141
2025-07-17T20:32:12.031388,4,12,"[0, 1, 3, 4, 5, 6]",93.01580810546875,0.0,46.44097900390625,141,93.01580810546875,38.86540412902832,46.44097900390625,141
2025-07-17T20:32:12.038499,0,13,"[0, 1, 2, 3, 5, 6, 7]",93.01580810546875,0.0,46.44097900390625,141,93.01580810546875,38.86540412902832,46.44097900390625,141
2025-07-17T20:32:12.045396,1,13,"[0, 1, 2, 3, 5, 6]",93.01580810546875,0.0,46.44097900390625,141,93.01580810546875,38.86540412902832,46.44097900390625,141
2025-07-17T20:32:12.052366,2,13,"[0, 1, 2, 3, 5, 6, 7]",93.01580810546875,0.0,46.44097900390625,141,93.01580810546875,38.86540412902832,46.44097900390625,141
2025-07-17T20:32:12.060178,3,13,"[0, 1, 2, 3, 5, 6]",93.01580810546875,0.0,46.44097900390625,141,93.01580810546875,38.86540412902832,46.44097900390625,141
2025-07-17T20:32:12.066770,4,13,"[0, 1, 2, 3, 5, 6]",93.01580810546875,0.0,46.44097900390625,141,93.01580810546875,38.86540412902832,46.44097900390625,141
2025-07-17T20:32:12.073514,0,14,"[0, 1, 2, 3, 4, 5, 6, 7]",93.01580810546875,0.0,46.44097900390625,141,93.01580810546875,38.86540412902832,46.44097900390625,141
2025-07-17T20:32:12.081754,1,14,"[0, 1, 2, 3, 4, 5, 6, 7]",93.01580810546875,0.0,46.44097900390625,141,93.01580810546875,38.86540412902832,46.44097900390625,141
2025-07-17T20:32:12.088379,2,14,"[0, 1, 2, 3, 4, 5, 6, 7]",93.01580810546875,0.0,46.44097900390625,141,93.01580810546875,38.86540412902832,46.44097900390625,141
2025-07-17T20:32:12.094922,3,14,"[0, 1, 2, 3, 4, 5, 6, 7]",93.01580810546875,0.0,46.44097900390625,141,93.01580810546875,38.86540412902832,46.44097900390625,141
2025-07-17T20:32:12.101400,4,14,"[0, 1, 2, 3, 4, 5, 6, 7]",93.01580810546875,0.0,46.44097900390625,141,93.01580810546875,38.86540412902832,46.44097900390625,141
2025-07-17T20:32:12.108268,0,15,"[0, 1, 2, 3, 4, 5, 6, 7]",93.01580810546875,0.0,46.44097900390625,141,93.01580810546875,38.86540412902832,46.44097900390625,141
2025-07-17T20:32:12.115866,1,15,"[0, 1, 2, 3, 4, 5, 6, 7]",93.01580810546875,0.0,46.44097900390625,141,93.01580810546875,38.86540412902832,46.44097900390625,141
2025-07-17T20:32:12.127337,2,15,"[0, 1, 2, 3, 4, 5, 6, 7]",93.01580810546875,0.0,46.44097900390625,141,93.01580810546875,38.86540412902832,46.44097900390625,141
2025-07-17T20:32:12.129488,3,15,"[0, 1, 2, 3, 4, 5, 6, 7]",93.01580810546875,0.0,46.44097900390625,141,93.01580810546875,38.86540412902832,46.44097900390625,141
2025-07-17T20:32:12.136425,4,15,"[0, 1, 2, 3, 4, 5, 6, 7]",93.01580810546875,0.0,46.44097900390625,141,93.01580810546875,38.86540412902832,46.44097900390625,141
2025-07-17T20:32:12.149097,0,16,"[0, 1, 2, 3, 4, 5, 6, 7]",93.01580810546875,0.0,46.44097900390625,141,93.01580810546875,38.86540412902832,46.44097900390625,141
2025-07-17T20:32:12.151486,1,16,"[0, 1, 2, 3, 4, 5, 6, 7]",93.01580810546875,0.0,46.44097900390625,141,93.01580810546875,38.86540412902832,46.44097900390625,141
2025-07-17T20:32:12.157633,2,16,"[0, 1, 2, 3, 4, 5, 6, 7]",93.01580810546875,0.0,46.44097900390625,141,93.01580810546875,38.86540412902832,46.44097900390625,141
2025-07-17T20:32:12.170368,3,16,"[0, 1, 2, 3, 4, 5, 6, 7]",93.01580810546875,0.0,46.44097900390625,141,93.01580810546875,38.86540412902832,46.44097900390625,141
2025-07-17T20:32:12.179180,4,16,"[0, 1, 2, 3, 4, 5, 6, 7]",93.01580810546875,0.0,46.44097900390625,141,93.01580810546875,38.86540412902832,46.44097900390625,141
2025-07-17T20:32:12.181732,0,17,"[0, 1, 2, 3, 4, 5, 6, 7]",93.01580810546875,0.0,46.44097900390625,141,93.01580810546875,38.86540412902832,46.44097900390625,141
2025-07-17T20:32:12.188577,1,17,"[0, 1, 2, 3, 4, 5, 6, 7]",93.01580810546875,0.0,46.44097900390625,141,93.01580810546875,38.86540412902832,46.44097900390625,141
2025-07-17T20:32:12.200382,2,17,"[0, 1, 2, 3, 4, 5, 6, 7]",93.01580810546875,0.0,46.44097900390625,141,93.01580810546875,38.86540412902832,46.44097900390625,141
2025-07-17T20:32:12.207273,3,17,"[0, 1, 2, 3, 4, 5, 6, 7]",93.01580810546875,0.0,46.44097900390625,141,93.01580810546875,38.86540412902832,46.44097900390625,141
2025-07-17T20:32:12.215038,4,17,"[0, 1, 2, 3, 4, 5, 6, 7]",93.01580810546875,0.0,46.44097900390625,141,93.01580810546875,38.86540412902832,46.44097900390625,141
2025-07-17T20:32:12.217944,0,18,"[0, 1, 2, 3, 4, 5, 6, 7]",93.01580810546875,0.0,46.44097900390625,141,93.01580810546875,38.86540412902832,46.44097900390625,141
2025-07-17T20:32:12.224794,1,18,"[0, 1, 2, 3, 5, 6, 7]",93.01580810546875,0.0,46.44097900390625,141,93.01580810546875,38.86540412902832,46.44097900390625,141
2025-07-17T20:32:12.231644,2,18,"[0, 1, 2, 3, 4, 5, 6, 7]",93.01580810546875,0.0,46.44097900390625,141,93.01580810546875,38.86540412902832,46.44097900390625,141
2025-07-17T20:32:12.239217,3,18,"[0, 1, 2, 3, 5, 6, 7]",93.01580810546875,0.0,46.44097900390625,141,93.01580810546875,38.86540412902832,46.44097900390625,141
2025-07-17T20:32:12.245430,4,18,"[0, 1, 2, 3, 5, 6, 7]",93.01580810546875,0.0,46.44097900390625,141,93.01580810546875,38.86540412902832,46.44097900390625,141
2025-07-17T20:32:12.251969,0,19,"[0, 1, 2, 3, 4, 5, 6, 7]",93.01580810546875,0.0,46.44097900390625,141,93.01580810546875,38.86540412902832,46.44097900390625,141
2025-07-17T20:32:12.265289,1,19,"[0, 1, 2, 3, 4, 5, 6, 7]",93.01580810546875,0.0,46.44097900390625,141,93.01580810546875,38.86540412902832,46.44097900390625,141
2025-07-17T20:32:12.267397,2,19,"[0, 1, 2, 3, 4, 5, 6, 7]",93.01580810546875,0.0,46.44097900390625,141,93.01580810546875,38.86540412902832,46.44097900390625,141
2025-07-17T20:32:12.279981,3,19,"[0, 1, 2, 3, 4, 5, 6, 7]",93.01580810546875,0.0,46.44097900390625,141,93.01580810546875,38.86540412902832,46.44097900390625,141
2025-07-17T20:32:12.282115,4,19,"[0, 1, 2, 3, 4, 5, 6, 7]",93.01580810546875,0.0,46.44097900390625,141,93.01580810546875,38.86540412902832,46.44097900390625,141
2025-07-17T20:32:12.295122,0,20,"[0, 1, 2, 3, 4, 5, 6, 7]",93.01580810546875,0.0,46.44097900390625,141,93.01580810546875,38.86540412902832,46.44097900390625,141
2025-07-17T20:32:12.297485,1,20,"[0, 1, 3, 4, 5, 6, 7]",93.01580810546875,0.0,46.44097900390625,141,93.01580810546875,38.86540412902832,46.44097900390625,141
2025-07-17T20:32:12.304336,2,20,"[0, 1, 2, 3, 4, 5, 6, 7]",93.01580810546875,0.0,46.44097900390625,141,93.01580810546875,38.86540412902832,46.44097900390625,141
2025-07-17T20:32:12.311209,3,20,"[0, 1, 3, 4, 5, 6, 7]",93.01580810546875,0.0,46.44097900390625,141,93.01580810546875,38.86540412902832,46.44097900390625,141
2025-07-17T20:32:12.318564,4,20,"[0, 1, 3, 4, 5, 6, 7]",93.01580810546875,0.0,46.44097900390625,141,93.01580810546875,38.86540412902832,46.44097900390625,141
2025-07-17T20:32:12.324762,0,21,"[0, 1, 2, 3, 4, 5, 6, 7]",93.01580810546875,0.0,46.44097900390625,141,93.01580810546875,38.86540412902832,46.44097900390625,141
2025-07-17T20:32:12.331369,1,21,"[0, 1, 2, 4, 5, 6, 7]",93.01580810546875,0.0,46.44097900390625,141,93.01580810546875,38.86540412902832,46.44097900390625,141
2025-07-17T20:32:12.337999,2,21,"[0, 1, 2, 3, 4, 5, 6, 7]",93.01580810546875,0.0,46.44097900390625,141,93.01580810546875,38.86540412902832,46.44097900390625,141
2025-07-17T20:32:12.350448,3,21,"[0, 1, 2, 4, 5, 6, 7]",93.01580810546875,0.0,46.44097900390625,141,93.01580810546875,38.86540412902832,46.44097900390625,141
2025-07-17T20:32:12.352546,4,21,"[0, 1, 2, 4, 5, 6, 7]",93.01580810546875,0.0,46.44097900390625,141,93.01580810546875,38.86540412902832,46.44097900390625,141
2025-07-17T20:32:12.359617,0,22,"[0, 1, 2, 3, 4, 5, 6, 7]",93.01580810546875,0.0,46.44097900390625,141,93.01580810546875,38.86540412902832,46.44097900390625,141
2025-07-17T20:32:12.366968,1,22,"[0, 1, 2, 3, 4, 5, 6, 7]",93.01580810546875,0.0,46.44097900390625,141,93.01580810546875,38.86540412902832,46.44097900390625,141
2025-07-17T20:32:12.373797,2,22,"[0, 1, 2, 3, 4, 5, 6, 7]",93.01580810546875,0.0,46.44097900390625,141,93.01580810546875,38.86540412902832,46.44097900390625,141
2025-07-17T20:32:12.380858,3,22,"[0, 1, 2, 3, 4, 5, 6, 7]",93.01580810546875,0.0,46.44097900390625,141,93.01580810546875,38.86540412902832,46.44097900390625,141
2025-07-17T20:32:12.387622,4,22,"[0, 1, 2, 3, 4, 5, 6, 7]",93.01580810546875,0.0,46.44097900390625,141,93.01580810546875,38.86540412902832,46.44097900390625,141
2025-07-17T20:32:12.394275,0,23,"[0, 1, 2, 3, 4, 5, 6, 7]",93.01580810546875,0.0,46.44097900390625,141,93.01580810546875,38.86540412902832,46.44097900390625,141
2025-07-17T20:32:12.401571,1,23,"[0, 1, 2, 3, 4, 5]",93.01580810546875,0.0,46.44097900390625,141,93.01580810546875,38.86540412902832,46.44097900390625,141
2025-07-17T20:32:12.407946,2,23,"[0, 1, 2, 3, 4, 5, 6, 7]",93.01580810546875,0.0,46.44097900390625,141,93.01580810546875,38.86540412902832,46.44097900390625,141
2025-07-17T20:32:12.414432,3,23,"[0, 1, 2, 3, 4, 5]",93.01580810546875,0.0,46.44097900390625,141,93.01580810546875,38.86540412902832,46.44097900390625,141
2025-07-17T20:32:12.422082,4,23,"[0, 1, 2, 3, 4, 5]",93.01580810546875,0.0,46.44097900390625,141,93.01580810546875,38.86540412902832,46.44097900390625,141
2025-07-17T20:32:12.428318,0,24,"[0, 1, 2, 3, 4, 5, 6, 7]",93.01580810546875,0.0,46.44097900390625,141,93.01580810546875,38.86540412902832,46.44097900390625,141
2025-07-17T20:32:12.435819,1,24,"[0, 1, 2, 3, 4, 5, 6, 7]",93.01580810546875,0.0,46.44097900390625,141,93.01580810546875,38.86540412902832,46.44097900390625,141
2025-07-17T20:32:12.443042,2,24,"[0, 1, 2, 3, 4, 5, 6, 7]",93.01580810546875,0.0,46.44097900390625,141,93.01580810546875,38.86540412902832,46.44097900390625,141
2025-07-17T20:32:12.449829,3,24,"[0, 1, 2, 3, 4, 5, 6, 7]",93.01580810546875,0.0,46.44097900390625,141,93.01580810546875,38.86540412902832,46.44097900390625,141
2025-07-17T20:32:12.456599,4,24,"[0, 1, 2, 3, 4, 5, 6, 7]",93.01580810546875,0.0,46.44097900390625,141,93.01580810546875,38.86540412902832,46.44097900390625,141
2025-07-17T20:32:12.463921,0,25,"[0, 1, 2, 3, 4, 5, 6, 7]",93.01580810546875,0.0,46.44097900390625,141,93.01580810546875,38.86540412902832,46.44097900390625,141
2025-07-17T20:32:12.474315,1,25,"[0, 1, 2, 3, 4, 5, 6, 7]",93.01580810546875,0.0,46.44097900390625,141,93.01580810546875,38.86540412902832,46.44097900390625,141
2025-07-17T20:32:12.481566,2,25,"[0, 1, 2, 3, 4, 5, 6, 7]",93.01580810546875,0.0,46.44097900390625,141,93.01580810546875,38.86540412902832,46.44097900390625,141
2025-07-17T20:32:12.489130,3,25,"[0, 1, 2, 3, 4, 5, 6, 7]",93.01580810546875,0.0,46.44097900390625,141,93.01580810546875,38.86540412902832,46.44097900390625,141
2025-07-17T20:32:12.496611,4,25,"[0, 1, 2, 3, 4, 5, 6, 7]",93.01580810546875,0.0,46.44097900390625,141,93.01580810546875,38.86540412902832,46.44097900390625,141
2025-07-17T20:32:12.503905,0,26,"[0, 1, 2, 3, 4, 5, 6, 7]",93.01580810546875,0.0,46.44097900390625,141,93.01580810546875,38.86540412902832,46.44097900390625,141
2025-07-17T20:32:12.510250,1,26,"[0, 1, 2, 3, 4, 5, 7]",93.01580810546875,0.0,46.44097900390625,141,93.01580810546875,38.86540412902832,46.44097900390625,141
2025-07-17T20:32:12.516953,2,26,"[0, 1, 2, 3, 4, 5, 6, 7]",93.01580810546875,0.0,46.44097900390625,141,93.01580810546875,38.86540412902832,46.44097900390625,141
2025-07-17T20:32:12.523587,3,26,"[0, 1, 2, 3, 4, 5, 7]",93.01580810546875,0.0,46.44097900390625,141,93.01580810546875,38.86540412902832,46.44097900390625,141
2025-07-17T20:32:12.533417,4,26,"[0, 1, 2, 3, 4, 5, 7]",93.01580810546875,0.0,46.44097900390625,141,93.01580810546875,38.86540412902832,46.44097900390625,141
2025-07-17T20:32:12.540382,0,27,"[0, 1, 2, 3, 4, 5, 6, 7]",93.01580810546875,0.0,46.44097900390625,141,93.01580810546875,38.86456489562988,46.44097900390625,141
2025-07-17T20:32:12.547365,1,27,"[0, 1, 2, 3, 4, 5, 6, 7]",93.01580810546875,0.0,46.44097900390625,141,93.01580810546875,38.86456489562988,46.44097900390625,141
2025-07-17T20:32:12.553790,2,27,"[0, 1, 2, 3, 4, 5, 6, 7]",93.01580810546875,0.0,46.44097900390625,141,93.01580810546875,38.86456489562988,46.44097900390625,141
2025-07-17T20:32:12.561281,3,27,"[0, 1, 2, 3, 4, 5, 6, 7]",93.01580810546875,0.0,46.44097900390625,141,93.01580810546875,38.86456489562988,46.44097900390625,141
2025-07-17T20:32:12.568784,4,27,"[0, 1, 2, 3, 4, 5, 6, 7]",93.01580810546875,0.0,46.44097900390625,141,93.01580810546875,38.86540412902832,46.44097900390625,141
2025-07-17T20:32:12.576198,0,28,"[0, 1, 2, 3, 4, 5, 6, 7]",93.01580810546875,0.0,46.44097900390625,141,93.01580810546875,38.86540412902832,46.44097900390625,141
2025-07-17T20:32:12.583378,1,28,"[0, 1, 2, 3, 4, 5, 6, 7]",93.01580810546875,0.0,46.44097900390625,141,93.01580810546875,38.86540412902832,46.44097900390625,141
2025-07-17T20:32:12.590607,2,28,"[0, 1, 2, 3, 4, 5, 6, 7]",93.01580810546875,0.0,46.44097900390625,141,93.01580810546875,38.86540412902832,46.44097900390625,141
2025-07-17T20:32:12.597141,3,28,"[0, 1, 2, 3, 4, 5, 6, 7]",93.01580810546875,0.0,46.44097900390625,141,93.01580810546875,38.86540412902832,46.44097900390625,141
2025-07-17T20:32:12.603730,4,28,"[0, 1, 2, 3, 4, 5, 6, 7]",93.01580810546875,0.0,46.44097900390625,141,93.01580810546875,38.86540412902832,46.44097900390625,141
2025-07-17T20:32:12.611439,0,29,"[0, 1, 2, 3, 4, 5, 6, 7]",93.01580810546875,0.0,46.44097900390625,141,93.01580810546875,38.86540412902832,46.44097900390625,141
2025-07-17T20:32:12.618370,1,29,"[0, 1, 2, 3, 4, 5, 6, 7]",93.01580810546875,0.0,46.44097900390625,141,93.01580810546875,38.86540412902832,46.44097900390625,141
2025-07-17T20:32:12.626717,2,29,"[0, 1, 2, 3, 4, 5, 6, 7]",93.01580810546875,0.0,46.44097900390625,141,93.01580810546875,38.86540412902832,46.44097900390625,141
2025-07-17T20:32:12.633290,3,29,"[0, 1, 2, 3, 4, 5, 6, 7]",93.01580810546875,0.0,46.44097900390625,141,93.01580810546875,38.86540412902832,46.44097900390625,141
2025-07-17T20:32:12.640429,4,29,"[0, 1, 2, 3, 4, 5, 6, 7]",93.01580810546875,0.0,46.44097900390625,141,93.01580810546875,38.86540412902832,46.44097900390625,141
2025-07-17T20:32:12.647634,0,30,"[0, 1, 2, 3, 4, 5, 6, 7]",93.01580810546875,0.0,46.44097900390625,141,93.01580810546875,38.86540412902832,46.44097900390625,141
2025-07-17T20:32:12.654832,1,30,"[0, 1, 2, 3, 4, 5, 6, 7]",93.01580810546875,0.0,46.44097900390625,141,93.01580810546875,38.86540412902832,46.44097900390625,141
2025-07-17T20:32:12.661896,2,30,"[0, 1, 2, 3, 4, 5, 6, 7]",93.01580810546875,0.0,46.44097900390625,141,93.01580810546875,38.86540412902832,46.44097900390625,141
2025-07-17T20:32:12.668622,3,30,"[0, 1, 2, 3, 4, 5, 6, 7]",93.01580810546875,0.0,46.44097900390625,141,93.01580810546875,38.86540412902832,46.44097900390625,141
2025-07-17T20:32:12.676069,4,30,"[0, 1, 2, 3, 4, 5, 6, 7]",93.01580810546875,0.0,46.44097900390625,141,93.01580810546875,38.86540412902832,46.44097900390625,141
2025-07-17T20:32:12.683649,0,31,"[0, 1, 2, 3, 4, 5, 6, 7]",93.01580810546875,0.0,46.44097900390625,141,93.01580810546875,38.87287998199463,46.44097900390625,141
2025-07-17T20:32:12.688116,1,31,"[0, 1, 2, 3, 4, 5, 6, 7]",93.01580810546875,0.0,46.44097900390625,141,93.01580810546875,38.86967182159424,46.44097900390625,141
2025-07-17T20:32:12.700752,2,31,"[0, 1, 2, 3, 4, 5, 6, 7]",93.01580810546875,0.0,46.44097900390625,141,93.01580810546875,38.867045402526855,46.44097900390625,141
2025-07-17T20:32:12.709430,3,31,"[0, 1, 2, 3, 4, 5, 6, 7]",93.01580810546875,0.0,46.44097900390625,141,93.01580810546875,38.863837242126465,46.44097900390625,141
2025-07-17T20:32:12.716743,4,31,"[0, 1, 2, 3, 4, 5, 6, 7]",93.01580810546875,0.0,46.44097900390625,141,93.01580810546875,38.86002254486084,46.44097900390625,141
2025-07-17T20:32:12.732119,0,0,"[0, 1, 2, 3, 4, 5, 6, 7]",93.01580810546875,0.0,46.44097900390625,141,93.01580810546875,38.85531425476074,46.44097900390625,141
2025-07-17T20:32:12.739855,1,0,"[0, 1, 2, 3, 4, 5, 6, 7]",93.01580810546875,0.0,46.44097900390625,141,93.01580810546875,38.85852241516113,46.44097900390625,141
2025-07-17T20:32:12.742857,2,0,"[0, 1, 2, 3, 4, 5, 6, 7]",93.01580810546875,0.0,46.44097900390625,141,93.01580810546875,38.86149787902832,46.44097900390625,141
2025-07-17T20:32:12.753996,3,0,"[0, 1, 2, 3, 4, 5, 6, 7]",93.01580810546875,0.0,46.44097900390625,141,93.01580810546875,38.86438179016113,46.44097900390625,141
2025-07-17T20:32:12.761299,4,0,"[0, 1, 2, 3, 4, 5, 6, 7]",93.01580810546875,0.0,46.44097900390625,141,93.01580810546875,38.86540412902832,46.44097900390625,141
2025-07-17T20:32:12.767922,0,1,"[0, 1, 2, 3, 4, 5, 6, 7]",93.01580810546875,0.0,46.44097900390625,141,93.01580810546875,38.86540412902832,46.44097900390625,141
2025-07-17T20:32:12.775070,1,1,"[0, 1, 2, 3, 4, 5, 6, 7]",93.01580810546875,0.0,46.44097900390625,141,93.01580810546875,38.86540412902832,46.44097900390625,141
2025-07-17T20:32:12.782431,2,1,"[0, 1, 2, 3, 4, 6, 7]",93.01580810546875,0.0,46.44097900390625,141,93.01580810546875,38.86540412902832,46.44097900390625,141
2025-07-17T20:32:12.784915,3,1,"[0, 1, 2, 3, 4, 5, 6, 7]",93.01580810546875,0.0,46.44097900390625,141,93.01580810546875,38.86540412902832,46.44097900390625,141
2025-07-17T20:32:12.796302,4,1,"[0, 1, 2, 3, 4, 5, 6, 7]",93.01580810546875,0.0,46.44097900390625,141,93.01580810546875,38.86540412902832,46.44097900390625,141
2025-07-17T20:32:12.804059,0,2,"[0, 1, 2, 3, 4, 5, 6, 7]",93.01580810546875,0.0,46.44097900390625,141,93.01580810546875,38.86540412902832,46.44097900390625,141
2025-07-17T20:32:12.810950,1,2,"[0, 1, 2, 3, 4, 5, 6, 7]",93.01580810546875,0.0,46.44097900390625,141,93.01580810546875,38.86540412902832,46.44097900390625,141
2025-07-17T20:32:12.817604,2,2,"[0, 1, 2, 3, 4, 5, 6, 7]",93.01580810546875,0.0,46.44097900390625,141,93.01580810546875,38.86540412902832,46.44097900390625,141
2025-07-17T20:32:12.825932,3,2,"[0, 1, 2, 3, 4, 5, 6, 7]",93.01580810546875,0.0,46.44097900390625,141,93.01580810546875,38.86540412902832,46.44097900390625,141
2025-07-17T20:32:12.832220,4,2,"[0, 1, 2, 3, 4, 5, 6, 7]",93.01580810546875,0.0,46.44097900390625,141,93.01580810546875,38.86540412902832,46.44097900390625,141
2025-07-17T20:32:12.839108,0,3,"[0, 1, 2, 3, 4, 5, 6, 7]",93.01580810546875,0.0,46.44097900390625,141,93.01580810546875,38.86540412902832,46.44097900390625,141
2025-07-17T20:32:12.845429,1,3,"[1, 2, 3, 4, 5, 6, 7]",93.01580810546875,0.0,46.44097900390625,141,93.01580810546875,38.86540412902832,46.44097900390625,141
2025-07-17T20:32:12.852266,2,3,"[0, 1, 2, 3, 4, 5, 6, 7]",93.01580810546875,0.0,46.44097900390625,141,93.01580810546875,38.86540412902832,46.44097900390625,141
2025-07-17T20:32:12.860114,3,3,"[1, 2, 3, 4, 5, 6, 7]",93.01580810546875,0.0,46.44097900390625,141,93.01580810546875,38.86540412902832,46.44097900390625,141
2025-07-17T20:32:12.866494,4,3,"[1, 2, 3, 4, 5, 6, 7]",93.01580810546875,0.0,46.44097900390625,141,93.01580810546875,38.86540412902832,46.44097900390625,141
2025-07-17T20:32:12.873663,0,4,"[0, 1, 2, 3, 4, 5, 6, 7]",93.01580810546875,0.0,46.44097900390625,141,93.01580810546875,38.86540412902832,46.44097900390625,141
2025-07-17T20:32:12.881943,1,4,"[0, 1, 3, 4, 5, 6, 7]",93.01580810546875,0.0,46.44097900390625,141,93.01580810546875,38.86482238769531,46.44097900390625,141
2025-07-17T20:32:12.888818,2,4,"[0, 1, 2, 3, 4, 5, 6, 7]",93.01580810546875,0.0,46.44097900390625,141,93.01580810546875,38.86482238769531,46.44097900390625,141
2025-07-17T20:32:12.895553,3,4,"[0, 1, 3, 4, 5, 6, 7]",93.01580810546875,0.0,46.44097900390625,141,93.01580810546875,38.86456489562988,46.44097900390625,141
2025-07-17T20:32:12.902174,4,4,"[0, 1, 3, 4, 5, 6, 7]",93.01580810546875,0.0,46.44097900390625,141,93.01580810546875,38.86456489562988,46.44097900390625,141
2025-07-17T20:32:12.909226,0,5,"[0, 1, 2, 3, 4, 5, 6, 7]",93.01580810546875,0.0,46.44097900390625,141,93.01580810546875,38.86456489562988,46.44097900390625,141
2025-07-17T20:32:12.916652,1,5,"[0, 1, 2, 4, 5, 6, 7]",93.01580810546875,0.0,46.44097900390625,141,93.01580810546875,38.86540412902832,46.44097900390625,141
2025-07-17T20:32:12.923556,2,5,"[0, 1, 2, 3, 4, 5, 6, 7]",93.01580810546875,0.0,46.44097900390625,141,93.01580810546875,38.86540412902832,46.44097900390625,141
2025-07-17T20:32:12.931061,3,5,"[0, 1, 2, 4, 5, 6, 7]",93.01580810546875,0.0,46.44097900390625,141,93.01580810546875,38.86540412902832,46.44097900390625,141
2025-07-17T20:32:12.938822,4,5,"[0, 1, 2, 4, 5, 6, 7]",93.01580810546875,0.0,46.44097900390625,141,93.01580810546875,38.86540412902832,46.44097900390625,141
2025-07-17T20:32:12.946192,0,6,"[0, 1, 2, 3, 4, 5, 6, 7]",93.01580810546875,0.0,46.44097900390625,141,93.01580810546875,38.86540412902832,46.44097900390625,141
2025-07-17T20:32:12.953828,1,6,"[0, 1, 2, 3, 4, 5, 6]",93.01580810546875,0.0,46.44097900390625,141,93.01580810546875,38.86456489562988,46.44097900390625,141
2025-07-17T20:32:12.960371,2,6,"[0, 1, 2, 3, 4, 5, 7]",93.01580810546875,0.0,46.44097900390625,141,93.01580810546875,38.86456489562988,46.44097900390625,141
2025-07-17T20:32:12.967058,3,6,"[0, 1, 2, 3, 4, 5, 6]",93.01580810546875,0.0,46.44097900390625,141,93.01580810546875,38.86456489562988,46.44097900390625,141
2025-07-17T20:32:12.973622,4,6,"[0, 1, 2, 3, 4, 5, 6]",93.01580810546875,0.0,46.44097900390625,141,93.01580810546875,38.86456489562988,46.44097900390625,141
2025-07-17T20:32:12.981908,0,7,"[0, 1, 2, 3, 4, 5, 6, 7]",93.01580810546875,0.0,46.44097900390625,141,93.01580810546875,38.86456489562988,46.44097900390625,141
2025-07-17T20:32:12.988696,1,7,"[0, 1, 2, 3, 4, 5, 7]",93.01580810546875,0.0,46.44097900390625,141,93.01580810546875,38.86540412902832,46.44097900390625,141
2025-07-17T20:32:12.996044,2,7,"[0, 1, 2, 3, 4, 5, 6, 7]",93.01580810546875,0.0,46.44097900390625,141,93.01580810546875,38.86540412902832,46.44097900390625,141
2025-07-17T20:32:13.004964,3,7,"[0, 1, 2, 3, 4, 5, 7]",93.01580810546875,0.0,46.44097900390625,141,93.01580810546875,38.86482238769531,46.44097900390625,141
2025-07-17T20:32:13.012315,4,7,"[0, 1, 2, 3, 4, 5, 7]",93.01580810546875,0.0,46.44097900390625,141,93.01580810546875,38.86482238769531,46.44097900390625,141
2025-07-17T20:32:13.014973,0,8,"[0, 1, 2, 3, 4, 5, 6, 7]",93.01580810546875,0.0,46.44097900390625,141,93.01580810546875,38.86482238769531,46.44097900390625,141
2025-07-17T20:32:13.026190,1,8,"[0, 1, 2, 3, 4, 5, 6, 7]",93.01580810546875,0.0,46.44097900390625,141,93.01580810546875,38.86456489562988,46.44097900390625,141
2025-07-17T20:32:13.033195,2,8,"[0, 1, 2, 3, 4, 5, 6, 7]",93.01580810546875,0.0,46.44097900390625,141,93.01580810546875,38.86456489562988,46.44097900390625,141
2025-07-17T20:32:13.039834,3,8,"[0, 1, 2, 3, 4, 5, 6, 7]",93.01580810546875,0.0,46.44097900390625,141,93.01580810546875,38.86540412902832,46.44097900390625,141
2025-07-17T20:32:13.047862,4,8,"[0, 1, 2, 3, 4, 5, 6, 7]",93.01580810546875,0.0,46.44097900390625,141,93.01580810546875,38.86540412902832,46.44097900390625,141
2025-07-17T20:32:13.055066,0,9,"[0, 1, 2, 3, 4, 5, 6, 7]",93.01580810546875,0.0,46.44097900390625,141,93.01580810546875,38.86540412902832,46.44097900390625,141
2025-07-17T20:32:13.062171,1,9,"[0, 1, 2, 4, 5, 6, 7]",93.01580810546875,0.0,46.44097900390625,141,93.01580810546875,38.86540412902832,46.44097900390625,141
2025-07-17T20:32:13.068903,2,9,"[0, 1, 2, 3, 4, 5, 6, 7]",93.01580810546875,0.0,46.44097900390625,141,93.01580810546875,38.86540412902832,46.44097900390625,141
2025-07-17T20:32:13.075846,3,9,"[0, 1, 2, 4, 5, 6, 7]",93.01580810546875,0.0,46.44097900390625,141,93.01580810546875,38.86540412902832,46.44097900390625,141
2025-07-17T20:32:13.083028,4,9,"[0, 1, 2, 4, 5, 6, 7]",93.01580810546875,0.0,46.44097900390625,141,93.01580810546875,38.86540412902832,46.44097900390625,141
2025-07-17T20:32:13.086004,0,10,"[0, 1, 2, 3, 4, 5, 6, 7]",93.01580810546875,0.0,46.44097900390625,141,93.01580810546875,38.86540412902832,46.44097900390625,141
2025-07-17T20:32:13.098050,1,10,"[0, 1, 2, 3, 4, 5, 6]",93.01580810546875,0.0,46.44097900390625,141,93.01580810546875,38.86540412902832,46.44097900390625,141
2025-07-17T20:32:13.105303,2,10,"[0, 1, 2, 3, 4, 5, 6, 7]",93.01580810546875,0.0,46.44097900390625,141,93.01580810546875,38.86540412902832,46.44097900390625,141
2025-07-17T20:32:13.107322,3,10,"[0, 1, 2, 3, 4, 5, 6]",93.01580810546875,0.0,46.44097900390625,141,93.01580810546875,38.86540412902832,46.44097900390625,141
2025-07-17T20:32:13.114548,4,10,"[0, 1, 2, 3, 4, 5, 6]",93.01580810546875,0.0,46.44097900390625,141,93.01580810546875,38.86540412902832,46.44097900390625,141
2025-07-17T20:32:13.121798,0,11,"[0, 1, 2, 3, 4, 5, 6, 7]",93.01580810546875,0.0,46.44097900390625,141,93.01580810546875,38.86540412902832,46.44097900390625,141
2025-07-17T20:32:13.128371,1,11,"[0, 1, 2, 4, 5, 6, 7]",93.01580810546875,0.0,46.44097900390625,141,93.01580810546875,38.86540412902832,46.44097900390625,141
2025-07-17T20:32:13.135640,2,11,"[0, 1, 2, 3, 4, 5, 6, 7]",93.01580810546875,0.0,46.44097900390625,141,93.01580810546875,38.86540412902832,46.44097900390625,141
2025-07-17T20:32:13.142917,3,11,"[0, 1, 2, 4, 5, 6, 7]",93.01580810546875,0.0,46.44097900390625,141,93.01580810546875,38.86540412902832,46.44097900390625,141
2025-07-17T20:32:13.150143,4,11,"[0, 1, 2, 4, 5, 6, 7]",93.01580810546875,0.0,46.44097900390625,141,93.01580810546875,38.86540412902832,46.44097900390625,141
2025-07-17T20:32:13.156986,0,12,"[0, 1, 2, 3, 4, 5, 6, 7]",93.01580810546875,0.0,46.44097900390625,141,93.01580810546875,38.86540412902832,46.44097900390625,141
2025-07-17T20:32:13.165615,1,12,"[0, 1, 2, 3, 4, 5, 6]",93.01580810546875,0.0,46.44097900390625,141,93.01580810546875,38.86540412902832,46.44097900390625,141
2025-07-17T20:32:13.172500,2,12,"[0, 1, 2, 3, 4, 5, 6, 7]",93.01580810546875,0.0,46.44097900390625,141,93.01580810546875,38.86540412902832,46.44097900390625,141
2025-07-17T20:32:13.178780,3,12,"[0, 1, 2, 3, 4, 5, 6]",93.01580810546875,0.0,46.44097900390625,141,93.01580810546875,38.86540412902832,46.44097900390625,141
2025-07-17T20:32:13.185913,4,12,"[0, 1, 2, 3, 4, 5, 6]",93.01580810546875,0.0,46.44097900390625,141,93.01580810546875,38.86540412902832,46.44097900390625,141
2025-07-17T20:32:13.192729,0,13,"[0, 1, 2, 3, 5, 6, 7]",93.01580810546875,0.0,46.44097900390625,141,93.01580810546875,38.86540412902832,46.44097900390625,141
2025-07-17T20:32:13.200582,1,13,"[0, 1, 2, 3, 5, 7]",93.01580810546875,0.0,46.44097900390625,141,93.01580810546875,38.86540412902832,46.44097900390625,141
2025-07-17T20:32:13.207254,2,13,"[0, 1, 2, 3, 4, 5, 6, 7]",93.01580810546875,0.0,46.44097900390625,141,93.01580810546875,38.86540412902832,46.44097900390625,141
2025-07-17T20:32:13.214386,3,13,"[0, 1, 2, 3, 5, 7]",93.01580810546875,0.0,46.44097900390625,141,93.01580810546875,38.86540412902832,46.44097900390625,141
2025-07-17T20:32:13.222142,4,13,"[0, 1, 2, 3, 5, 7]",93.01580810546875,0.0,46.44097900390625,141,93.01580810546875,38.86540412902832,46.44097900390625,141
2025-07-17T20:32:13.229513,0,14,"[0, 1, 2, 3, 4, 5, 6, 7]",93.01580810546875,0.0,46.44097900390625,141,93.01580810546875,38.86540412902832,46.44097900390625,141
2025-07-17T20:32:13.241764,1,14,"[0, 1, 2, 3, 4, 5, 6, 7]",93.01580810546875,0.0,46.44097900390625,141,93.01580810546875,38.86540412902832,46.44097900390625,141
2025-07-17T20:32:13.244033,2,14,"[0, 1, 2, 3, 4, 5, 6, 7]",93.01580810546875,0.0,46.44097900390625,141,93.01580810546875,38.86540412902832,46.44097900390625,141
2025-07-17T20:32:13.250627,3,14,"[0, 1, 2, 3, 4, 5, 6, 7]",93.01580810546875,0.0,46.44097900390625,141,93.01580810546875,38.86540412902832,46.44097900390625,141
2025-07-17T20:32:13.257394,4,14,"[0, 1, 2, 3, 4, 5, 6, 7]",93.01580810546875,0.0,46.44097900390625,141,93.01580810546875,38.86540412902832,46.44097900390625,141
2025-07-17T20:32:13.265195,0,15,"[0, 1, 2, 3, 4, 5, 6, 7]",93.01580810546875,0.0,46.44097900390625,141,93.01580810546875,38.86540412902832,46.44097900390625,141
2025-07-17T20:32:13.271879,1,15,"[1, 2, 4, 5, 6, 7]",93.01580810546875,0.0,46.44097900390625,141,93.01580810546875,38.86540412902832,46.44097900390625,141
2025-07-17T20:32:13.278962,2,15,"[0, 1, 2, 3, 4, 5, 6, 7]",93.01580810546875,0.0,46.44097900390625,141,93.01580810546875,38.86540412902832,46.44097900390625,141
2025-07-17T20:32:13.285818,3,15,"[1, 2, 4, 5, 6, 7]",93.01580810546875,0.0,46.44097900390625,141,93.01580810546875,38.86540412902832,46.44097900390625,141
2025-07-17T20:32:13.292932,4,15,"[1, 2, 4, 5, 6, 7]",93.01580810546875,0.0,46.44097900390625,141,93.01580810546875,38.86540412902832,46.44097900390625,141
2025-07-17T20:32:13.300084,0,16,"[0, 1, 2, 3, 4, 5, 6, 7]",93.01580810546875,0.0,46.44097900390625,141,93.01580810546875,38.86540412902832,46.44097900390625,141
2025-07-17T20:32:13.306822,1,16,"[0, 1, 2, 3, 4, 5, 6, 7]",93.01580810546875,0.0,46.44097900390625,141,93.01580810546875,38.86540412902832,46.44097900390625,141
2025-07-17T20:32:13.314161,2,16,"[0, 1, 2, 3, 4, 5, 6, 7]",93.01580810546875,0.0,46.44097900390625,141,93.01580810546875,38.86540412902832,46.44097900390625,141
2025-07-17T20:32:13.325335,3,16,"[0, 1, 2, 3, 4, 5, 6, 7]",93.01580810546875,0.0,46.44097900390625,141,93.01580810546875,38.86540412902832,46.44097900390625,141
2025-07-17T20:32:13.332879,4,16,"[0, 1, 2, 3, 4, 5, 6, 7]",93.01580810546875,0.0,46.44097900390625,141,93.01580810546875,38.86540412902832,46.44097900390625,141
2025-07-17T20:32:13.340387,0,17,"[0, 1, 2, 3, 4, 5, 6, 7]",93.01580810546875,0.0,46.44097900390625,141,93.01580810546875,38.86540412902832,46.44097900390625,141
2025-07-17T20:32:13.342960,1,17,"[0, 1, 2, 3, 4, 5, 6, 7]",93.01580810546875,0.0,46.44097900390625,141,93.01580810546875,38.86540412902832,46.44097900390625,141
2025-07-17T20:32:13.354747,2,17,"[0, 1, 2, 3, 4, 5, 6, 7]",93.01580810546875,0.0,46.44097900390625,141,93.01580810546875,38.86540412902832,46.44097900390625,141
2025-07-17T20:32:13.362307,3,17,"[0, 1, 2, 3, 4, 5, 6, 7]",93.01580810546875,0.0,46.44097900390625,141,93.01580810546875,38.86540412902832,46.44097900390625,141
2025-07-17T20:32:13.370062,4,17,"[0, 1, 2, 3, 4, 5, 6, 7]",93.01580810546875,0.0,46.44097900390625,141,93.01580810546875,38.86540412902832,46.44097900390625,141
2025-07-17T20:32:13.376606,0,18,"[0, 1, 2, 3, 4, 5, 6, 7]",93.01580810546875,0.0,46.44097900390625,141,93.01580810546875,38.86540412902832,46.44097900390625,141
2025-07-17T20:32:13.382987,1,18,"[0, 1, 2, 3, 4, 5, 6, 7]",93.01580810546875,0.0,46.44097900390625,141,93.01580810546875,38.86540412902832,46.44097900390625,141
2025-07-17T20:32:13.391008,2,18,"[0, 1, 2, 3, 4, 5, 6, 7]",93.01580810546875,0.0,46.44097900390625,141,93.01580810546875,38.86540412902832,46.44097900390625,141
2025-07-17T20:32:13.397849,3,18,"[0, 1, 2, 3, 4, 5, 6, 7]",93.01580810546875,0.0,46.44097900390625,141,93.01580810546875,38.86540412902832,46.44097900390625,141
2025-07-17T20:32:13.405050,4,18,"[0, 1, 2, 3, 4, 5, 6, 7]",93.01580810546875,0.0,46.44097900390625,141,93.01580810546875,38.86540412902832,46.44097900390625,141
2025-07-17T20:32:13.411581,0,19,"[0, 1, 2, 3, 4, 5, 6, 7]",93.01580810546875,0.0,46.44097900390625,141,93.01580810546875,38.86540412902832,46.44097900390625,141
2025-07-17T20:32:13.418650,1,19,"[0, 1, 2, 3, 4, 5, 6, 7]",93.01580810546875,0.0,46.44097900390625,141,93.01580810546875,38.86540412902832,46.44097900390625,141
2025-07-17T20:32:13.425206,2,19,"[0, 1, 2, 3, 4, 5, 6, 7]",93.01580810546875,0.0,46.44097900390625,141,93.01580810546875,38.86540412902832,46.44097900390625,141
2025-07-17T20:32:13.431962,3,19,"[0, 1, 2, 3, 4, 5, 6, 7]",93.01580810546875,0.0,46.44097900390625,141,93.01580810546875,38.86540412902832,46.44097900390625,141
2025-07-17T20:32:13.439298,4,19,"[0, 1, 2, 3, 4, 5, 6, 7]",93.01580810546875,0.0,46.44097900390625,141,93.01580810546875,38.86540412902832,46.44097900390625,141
2025-07-17T20:32:13.447496,0,20,"[0, 1, 2, 3, 4, 5, 6, 7]",93.01580810546875,0.0,46.44097900390625,141,93.01580810546875,38.86540412902832,46.44097900390625,141
2025-07-17T20:32:13.453771,1,20,"[0, 2, 3, 4, 5, 6, 7]",93.01580810546875,0.0,46.44097900390625,141,93.01580810546875,38.86540412902832,46.44097900390625,141
2025-07-17T20:32:13.455992,2,20,"[0, 1, 2, 3, 4, 5, 6, 7]",93.01580810546875,0.0,46.44097900390625,141,93.01580810546875,38.86540412902832,46.44097900390625,141
2025-07-17T20:32:13.467430,3,20,"[0, 2, 3, 4, 5, 6, 7]",93.01580810546875,0.0,46.44097900390625,141,93.01580810546875,38.86540412902832,46.44097900390625,141
2025-07-17T20:32:13.474534,4,20,"[0, 2, 3, 4, 5, 6, 7]",93.01580810546875,0.0,46.44097900390625,141,93.01580810546875,38.86540412902832,46.44097900390625,141
2025-07-17T20:32:13.481731,0,21,"[0, 1, 2, 3, 4, 5, 6, 7]",93.01580810546875,0.0,46.44097900390625,141,93.01580810546875,38.86540412902832,46.44097900390625,141
2025-07-17T20:32:13.488182,1,21,"[0, 1, 2, 3, 4, 5, 6, 7]",93.01580810546875,0.0,46.44097900390625,141,93.01580810546875,38.86540412902832,46.44097900390625,141
2025-07-17T20:32:13.494944,2,21,"[0, 1, 2, 3, 4, 5, 6, 7]",93.01580810546875,0.0,46.44097900390625,141,93.01580810546875,38.86540412902832,46.44097900390625,141
2025-07-17T20:32:13.501578,3,21,"[0, 1, 2, 3, 4, 5, 6, 7]",93.01580810546875,0.0,46.44097900390625,141,93.01580810546875,38.86540412902832,46.44097900390625,141
2025-07-17T20:32:13.508638,4,21,"[0, 1, 2, 3, 4, 5, 6, 7]",93.01580810546875,0.0,46.44097900390625,141,93.01580810546875,38.86540412902832,46.44097900390625,141
2025-07-17T20:32:13.514753,0,22,"[0, 1, 2, 3, 4, 5, 6, 7]",93.01580810546875,0.0,46.44097900390625,141,93.01580810546875,38.86540412902832,46.44097900390625,141
2025-07-17T20:32:13.520924,1,22,"[0, 1, 2, 3, 4, 5, 6, 7]",93.01580810546875,0.0,46.44097900390625,141,93.01580810546875,38.86540412902832,46.44097900390625,141
2025-07-17T20:32:13.527575,2,22,"[0, 1, 2, 3, 4, 5, 6, 7]",93.01580810546875,0.0,46.44097900390625,141,93.01580810546875,38.86540412902832,46.44097900390625,141
2025-07-17T20:32:13.534742,3,22,"[0, 1, 2, 3, 4, 5, 6, 7]",93.01580810546875,0.0,46.44097900390625,141,93.01580810546875,38.86540412902832,46.44097900390625,141
2025-07-17T20:32:13.542064,4,22,"[0, 1, 2, 3, 4, 5, 6, 7]",93.01580810546875,0.0,46.44097900390625,141,93.01580810546875,38.86540412902832,46.44097900390625,141
2025-07-17T20:32:13.548906,0,23,"[0, 1, 2, 3, 4, 5, 6, 7]",93.01580810546875,0.0,46.44097900390625,141,93.01580810546875,38.86540412902832,46.44097900390625,141
2025-07-17T20:32:13.555921,1,23,"[0, 1, 2, 3, 4, 5, 6, 7]",93.01580810546875,0.0,46.44097900390625,141,93.01580810546875,38.86540412902832,46.44097900390625,141
2025-07-17T20:32:13.563936,2,23,"[0, 1, 2, 3, 4, 5, 6, 7]",93.01580810546875,0.0,46.44097900390625,141,93.01580810546875,38.86540412902832,46.44097900390625,141
2025-07-17T20:32:13.572959,3,23,"[0, 1, 2, 3, 4, 5, 6, 7]",93.01580810546875,0.0,46.44097900390625,141,93.01580810546875,38.86456489562988,46.44097900390625,141
2025-07-17T20:32:13.574867,4,23,"[0, 1, 2, 3, 4, 5, 6, 7]",93.01580810546875,0.0,46.44097900390625,141,93.01580810546875,38.86456489562988,46.44097900390625,141
2025-07-17T20:32:13.582182,0,24,"[0, 1, 2, 3, 4, 5, 6, 7]",93.01580810546875,0.0,46.44097900390625,141,93.01580810546875,38.86456489562988,46.44097900390625,141
2025-07-17T20:32:13.589431,1,24,"[0, 1, 2, 3, 4, 5, 6, 7]",93.01580810546875,0.0,46.44097900390625,141,93.01580810546875,38.86456489562988,46.44097900390625,141
2025-07-17T20:32:13.601167,2,24,"[0, 1, 2, 3, 4, 5, 6, 7]",93.01580810546875,0.0,46.44097900390625,141,93.01580810546875,38.86540412902832,46.44097900390625,141
2025-07-17T20:32:13.608187,3,24,"[0, 1, 2, 3, 4, 5, 6, 7]",93.01580810546875,0.0,46.44097900390625,141,93.01580810546875,38.86540412902832,46.44097900390625,141
2025-07-17T20:32:13.615285,4,24,"[0, 1, 2, 3, 4, 5, 6, 7]",93.01580810546875,0.0,46.44097900390625,141,93.01580810546875,38.86540412902832,46.44097900390625,141
2025-07-17T20:32:13.621920,0,25,"[0, 1, 2, 3, 4, 5, 6, 7]",93.01580810546875,0.0,46.44097900390625,141,93.01580810546875,38.86540412902832,46.44097900390625,141
2025-07-17T20:32:13.628637,1,25,"[0, 1, 2, 3, 4, 6, 7]",93.01580810546875,0.0,46.44097900390625,141,93.01580810546875,38.86540412902832,46.44097900390625,141
2025-07-17T20:32:13.638111,2,25,"[0, 1, 2, 3, 4, 5, 6, 7]",93.01580810546875,0.0,46.44097900390625,141,93.01580810546875,38.86456489562988,46.44097900390625,141
2025-07-17T20:32:13.644413,3,25,"[0, 1, 2, 3, 4, 6, 7]",93.01580810546875,0.0,46.44097900390625,141,93.01580810546875,38.86456489562988,46.44097900390625,141
2025-07-17T20:32:13.651550,4,25,"[0, 1, 2, 3, 4, 6, 7]",93.01580810546875,0.0,46.44097900390625,141,93.01580810546875,38.86456489562988,46.44097900390625,141
2025-07-17T20:32:13.659903,0,26,"[0, 1, 2, 3, 4, 5, 6, 7]",93.01580810546875,0.0,46.44097900390625,141,93.01580810546875,38.86456489562988,46.44097900390625,141
2025-07-17T20:32:13.667040,1,26,"[0, 1, 2, 3, 4, 5, 6, 7]",93.01580810546875,0.0,46.44097900390625,141,93.01580810546875,38.86456489562988,46.44097900390625,141
2025-07-17T20:32:13.674103,2,26,"[0, 1, 2, 3, 4, 5, 6, 7]",93.01580810546875,0.0,46.44097900390625,141,93.01580810546875,38.86540412902832,46.44097900390625,141
2025-07-17T20:32:13.681088,3,26,"[0, 1, 2, 3, 4, 5, 6, 7]",93.01580810546875,0.0,46.44097900390625,141,93.01580810546875,38.86540412902832,46.44097900390625,141
2025-07-17T20:32:13.688377,4,26,"[0, 1, 2, 3, 4, 5, 6, 7]",93.01580810546875,0.0,46.44097900390625,141,93.01580810546875,38.86540412902832,46.44097900390625,141
2025-07-17T20:32:13.695729,0,27,"[0, 1, 2, 3, 4, 5, 6, 7]",93.01580810546875,0.0,46.44097900390625,141,93.01580810546875,38.86540412902832,46.44097900390625,141
2025-07-17T20:32:13.703242,1,27,"[0, 1, 2, 3, 4, 6, 7]",93.01580810546875,0.0,46.44097900390625,141,93.01580810546875,38.86540412902832,46.44097900390625,141
2025-07-17T20:32:13.710919,2,27,"[0, 1, 2, 3, 4, 5, 6, 7]",93.01580810546875,0.0,46.44097900390625,141,93.01580810546875,38.86540412902832,46.44097900390625,141
2025-07-17T20:32:13.717752,3,27,"[0, 1, 2, 3, 4, 6, 7]",93.01580810546875,0.0,46.44097900390625,141,93.01580810546875,38.86540412902832,46.44097900390625,141
2025-07-17T20:32:13.725159,4,27,"[0, 1, 2, 3, 4, 6, 7]",93.01580810546875,0.0,46.44097900390625,141,93.01580810546875,38.86540412902832,46.44097900390625,141
2025-07-17T20:32:13.732015,0,28,"[0, 1, 2, 3, 4, 5, 6, 7]",93.01580810546875,0.0,46.44097900390625,141,93.01580810546875,38.86540412902832,46.44097900390625,141
2025-07-17T20:32:13.738585,1,28,"[0, 1, 2, 3, 4, 5, 6, 7]",93.01580810546875,0.0,46.44097900390625,141,93.01580810546875,38.86540412902832,46.44097900390625,141
2025-07-17T20:32:13.745358,2,28,"[0, 1, 2, 3, 4, 5, 6, 7]",93.01580810546875,0.0,46.44097900390625,141,93.01580810546875,38.86540412902832,46.44097900390625,141
2025-07-17T20:32:13.751903,3,28,"[0, 1, 2, 3, 4, 5, 6, 7]",93.01580810546875,0.0,46.44097900390625,141,93.01580810546875,38.86540412902832,46.44097900390625,141
2025-07-17T20:32:13.759143,4,28,"[0, 1, 2, 3, 4, 5, 6, 7]",93.01580810546875,0.0,46.44097900390625,141,93.01580810546875,38.86540412902832,46.44097900390625,141
2025-07-17T20:32:13.765722,0,29,"[0, 1, 2, 3, 4, 5, 6, 7]",93.01580810546875,0.0,46.44097900390625,141,93.01580810546875,38.86540412902832,46.44097900390625,141
2025-07-17T20:32:13.772331,1,29,"[0, 1, 2, 3, 4, 5, 6, 7]",93.01580810546875,0.0,46.44097900390625,141,93.01580810546875,38.86540412902832,46.44097900390625,141
2025-07-17T20:32:13.779003,2,29,"[0, 1, 2, 3, 4, 5, 6, 7]",93.01580810546875,0.0,46.44097900390625,141,93.01580810546875,38.86540412902832,46.44097900390625,141
2025-07-17T20:32:13.785304,3,29,"[0, 1, 2, 3, 4, 5, 6, 7]",93.01580810546875,0.0,46.44097900390625,141,93.01580810546875,38.86540412902832,46.44097900390625,141
2025-07-17T20:32:13.792333,4,29,"[0, 1, 2, 3, 4, 5, 6, 7]",93.01580810546875,0.0,46.44097900390625,141,93.01580810546875,38.86540412902832,46.44097900390625,141
2025-07-17T20:32:13.798903,0,30,"[0, 1, 2, 3, 4, 5, 6, 7]",93.01580810546875,0.0,46.44097900390625,141,93.01580810546875,38.86540412902832,46.44097900390625,141
2025-07-17T20:32:13.805770,1,30,"[0, 1, 2, 3, 4, 5, 6, 7]",93.01580810546875,0.0,46.44097900390625,141,93.01580810546875,38.86540412902832,46.44097900390625,141
2025-07-17T20:32:13.812613,2,30,"[0, 1, 2, 3, 4, 5, 6, 7]",93.01580810546875,0.0,46.44097900390625,141,93.01580810546875,38.86540412902832,46.44097900390625,141
2025-07-17T20:32:13.819550,3,30,"[0, 1, 2, 3, 4, 5, 6, 7]",93.01580810546875,0.0,46.44097900390625,141,93.01580810546875,38.86540412902832,46.44097900390625,141
2025-07-17T20:32:13.826431,4,30,"[0, 1, 2, 3, 4, 5, 6, 7]",93.01580810546875,0.0,46.44097900390625,141,93.01580810546875,38.86540412902832,46.44097900390625,141
2025-07-17T20:32:13.833350,0,31,"[0, 1, 2, 3, 4, 5, 6, 7]",93.01580810546875,0.0,46.44097900390625,141,93.01580810546875,38.87229824066162,46.44097900390625,141
2025-07-17T20:32:13.839368,1,31,"[0, 1, 2, 4, 5, 6, 7]",93.01580810546875,0.0,46.44097900390625,141,93.01580810546875,38.86909008026123,46.44097900390625,141
2025-07-17T20:32:13.853013,2,31,"[0, 1, 2, 4, 5, 6, 7]",93.01580810546875,0.0,46.44097900390625,141,93.01580810546875,38.86562442779541,46.44097900390625,141
2025-07-17T20:32:13.861649,3,31,"[0, 1, 2, 4, 5, 6, 7]",93.01580810546875,0.0,46.44097900390625,141,93.01580810546875,38.86299800872803,46.44097900390625,141
2025-07-17T20:32:13.865215,4,31,"[0, 1, 2, 4, 5, 6, 7]",93.01580810546875,0.0,46.44097900390625,141,93.01580810546875,38.86002254486084,46.44097900390625,141
2025-07-17T20:32:13.880987,0,0,"[0, 1, 2, 3, 4, 5, 6, 7]",93.01580810546875,0.0,46.44097900390625,141,93.01580810546875,38.85531425476074,46.44097900390625,141
2025-07-17T20:32:13.888653,1,0,"[0, 1, 2, 3, 4, 5, 6, 7]",93.01580810546875,0.0,46.44097900390625,141,93.01580810546875,38.85852241516113,46.44097900390625,141
2025-07-17T20:32:13.896095,2,0,"[0, 1, 2, 3, 4, 5, 6, 7]",93.01580810546875,0.0,46.44097900390625,141,93.01580810546875,38.86149787902832,46.44097900390625,141
2025-07-17T20:32:13.904137,3,0,"[0, 1, 2, 3, 4, 5, 6, 7]",93.01580810546875,0.0,46.44097900390625,141,93.01580810546875,38.86438179016113,46.44097900390625,141
2025-07-17T20:32:13.910754,4,0,"[0, 1, 2, 3, 4, 5, 6, 7]",93.01580810546875,0.0,46.44097900390625,141,93.01580810546875,38.86540412902832,46.44097900390625,141
2025-07-17T20:32:13.917490,0,1,"[0, 1, 2, 3, 4, 5, 6, 7]",93.01580810546875,0.0,46.44097900390625,141,93.01580810546875,38.86540412902832,46.44097900390625,141
2025-07-17T20:32:13.924086,1,1,"[0, 1, 2, 3, 5, 6, 7]",93.01580810546875,0.0,46.44097900390625,141,93.01580810546875,38.86540412902832,46.44097900390625,141
2025-07-17T20:32:13.933055,2,1,"[0, 1, 2, 3, 4, 5, 6, 7]",93.01580810546875,0.0,46.44097900390625,141,93.01580810546875,38.86540412902832,46.44097900390625,141
2025-07-17T20:32:13.940523,3,1,"[0, 1, 2, 3, 5, 6, 7]",93.01580810546875,0.0,46.44097900390625,141,93.01580810546875,38.86456489562988,46.44097900390625,141
2025-07-17T20:32:13.947646,4,1,"[0, 1, 2, 3, 5, 6, 7]",93.01580810546875,0.0,46.44097900390625,141,93.01580810546875,38.86456489562988,46.44097900390625,141
2025-07-17T20:32:13.954781,0,2,"[0, 1, 2, 3, 4, 5, 6, 7]",93.01580810546875,0.0,46.44097900390625,141,93.01580810546875,38.86456489562988,46.44097900390625,141
2025-07-17T20:32:13.957008,1,2,"[0, 1, 2, 3, 4, 5, 6, 7]",93.01580810546875,0.0,46.44097900390625,141,93.01580810546875,38.86456489562988,46.44097900390625,141
2025-07-17T20:32:13.968088,2,2,"[0, 1, 2, 3, 4, 5, 6, 7]",93.01580810546875,0.0,46.44097900390625,141,93.01580810546875,38.86540412902832,46.44097900390625,141
2025-07-17T20:32:13.974709,3,2,"[0, 1, 2, 3, 4, 5, 6, 7]",93.01580810546875,0.0,46.44097900390625,141,93.01580810546875,38.86540412902832,46.44097900390625,141
2025-07-17T20:32:13.981234,4,2,"[0, 1, 2, 3, 4, 5, 6, 7]",93.01580810546875,0.0,46.44097900390625,141,93.01580810546875,38.86540412902832,46.44097900390625,141
2025-07-17T20:32:13.988629,0,3,"[0, 1, 2, 3, 4, 5, 6, 7]",93.01580810546875,0.0,46.44097900390625,141,93.01580810546875,38.86540412902832,46.44097900390625,141
2025-07-17T20:32:13.994953,1,3,"[1, 2, 3, 4, 6, 7]",93.01580810546875,0.0,46.44097900390625,141,93.01580810546875,38.86540412902832,46.44097900390625,141
2025-07-17T20:32:14.001924,2,3,"[0, 1, 2, 3, 4, 5, 6, 7]",93.01580810546875,0.0,46.44097900390625,141,93.01580810546875,38.86540412902832,46.44097900390625,141
2025-07-17T20:32:14.008927,3,3,"[1, 2, 3, 4, 6, 7]",93.01580810546875,0.0,46.44097900390625,141,93.01580810546875,38.86540412902832,46.44097900390625,141
2025-07-17T20:32:14.018121,4,3,"[1, 2, 3, 4, 6, 7]",93.01580810546875,0.0,46.44097900390625,141,93.01580810546875,38.86540412902832,46.44097900390625,141
2025-07-17T20:32:14.020619,0,4,"[0, 1, 2, 3, 4, 5, 6, 7]",93.01580810546875,0.0,46.44097900390625,141,93.01580810546875,38.86540412902832,46.44097900390625,141
2025-07-17T20:32:14.031752,1,4,"[0, 1, 2, 3, 4, 5, 6]",93.01580810546875,0.0,46.44097900390625,141,93.01580810546875,38.86540412902832,46.44097900390625,141
2025-07-17T20:32:14.040021,2,4,"[0, 1, 2, 3, 4, 5, 6, 7]",93.01580810546875,0.0,46.44097900390625,141,93.01580810546875,38.86540412902832,46.44097900390625,141
2025-07-17T20:32:14.047074,3,4,"[0, 1, 2, 3, 4, 5, 6]",93.01580810546875,0.0,46.44097900390625,141,93.01580810546875,38.86540412902832,46.44097900390625,141
2025-07-17T20:32:14.050123,4,4,"[0, 1, 2, 3, 4, 5, 6]",93.01580810546875,0.0,46.44097900390625,141,93.01580810546875,38.86540412902832,46.44097900390625,141
2025-07-17T20:32:14.056714,0,5,"[0, 1, 3, 4, 5, 6, 7]",93.01580810546875,0.0,46.44097900390625,141,93.01580810546875,38.86540412902832,46.44097900390625,141
2025-07-17T20:32:14.063323,1,5,"[0, 1, 2, 3, 4, 5, 6, 7]",93.01580810546875,0.0,46.44097900390625,141,93.01580810546875,38.86540412902832,46.44097900390625,141
2025-07-17T20:32:14.071348,2,5,"[0, 1, 2, 3, 4, 5, 6, 7]",93.01580810546875,0.0,46.44097900390625,141,93.01580810546875,38.86540412902832,46.44097900390625,141
2025-07-17T20:32:14.078198,3,5,"[0, 1, 2, 3, 4, 5, 6, 7]",93.01580810546875,0.0,46.44097900390625,141,93.01580810546875,38.86540412902832,46.44097900390625,141
2025-07-17T20:32:14.085519,4,5,"[0, 1, 2, 3, 4, 5, 6, 7]",93.01580810546875,0.0,46.44097900390625,141,93.01580810546875,38.86540412902832,46.44097900390625,141
2025-07-17T20:32:14.093147,0,6,"[0, 1, 2, 3, 4, 5, 6, 7]",93.01580810546875,0.0,46.44097900390625,141,93.01580810546875,38.86540412902832,46.44097900390625,141
2025-07-17T20:32:14.099889,1,6,"[0, 1, 2, 3, 4, 5, 6, 7]",93.01580810546875,0.0,46.44097900390625,141,93.01580810546875,38.86540412902832,46.44097900390625,141
2025-07-17T20:32:14.111694,2,6,"[0, 1, 2, 3, 4, 5, 6, 7]",93.01580810546875,0.0,46.44097900390625,141,93.01580810546875,38.86540412902832,46.44097900390625,141
2025-07-17T20:32:14.114960,3,6,"[0, 1, 2, 3, 4, 5, 6, 7]",93.01580810546875,0.0,46.44097900390625,141,93.01580810546875,38.86540412902832,46.44097900390625,141
2025-07-17T20:32:14.122798,4,6,"[0, 1, 2, 3, 4, 5, 6, 7]",93.01580810546875,0.0,46.44097900390625,141,93.01580810546875,38.86540412902832,46.44097900390625,141
2025-07-17T20:32:14.131316,0,7,"[0, 1, 2, 3, 4, 5, 6, 7]",93.01580810546875,0.0,46.44097900390625,141,93.01580810546875,38.86540412902832,46.44097900390625,141
2025-07-17T20:32:14.138128,1,7,"[0, 1, 2, 4, 5, 6, 7]",93.01580810546875,0.0,46.44097900390625,141,93.01580810546875,38.86540412902832,46.44097900390625,141
2025-07-17T20:32:14.145439,2,7,"[0, 1, 2, 3, 4, 5, 6, 7]",93.01580810546875,0.0,46.44097900390625,141,93.01580810546875,38.86540412902832,46.44097900390625,141
2025-07-17T20:32:14.152891,3,7,"[0, 1, 2, 4, 5, 6, 7]",93.01580810546875,0.0,46.44097900390625,141,93.01580810546875,38.86540412902832,46.44097900390625,141
2025-07-17T20:32:14.161424,4,7,"[0, 1, 2, 4, 5, 6, 7]",93.01580810546875,0.0,46.44097900390625,141,93.01580810546875,38.86540412902832,46.44097900390625,141
2025-07-17T20:32:14.168644,0,8,"[0, 1, 2, 3, 4, 5, 6, 7]",93.01580810546875,0.0,46.44097900390625,141,93.01580810546875,38.86540412902832,46.44097900390625,141
2025-07-17T20:32:14.175522,1,8,"[0, 2, 3, 4, 5, 6, 7]",93.01580810546875,0.0,46.44097900390625,141,93.01580810546875,38.86540412902832,46.44097900390625,141
2025-07-17T20:32:14.187955,2,8,"[0, 1, 2, 3, 4, 5, 6, 7]",93.01580810546875,0.0,46.44097900390625,141,93.01580810546875,38.86540412902832,46.44097900390625,141
2025-07-17T20:32:14.190995,3,8,"[0, 2, 3, 4, 5, 6, 7]",93.01580810546875,0.0,46.44097900390625,141,93.01580810546875,38.86540412902832,46.44097900390625,141
2025-07-17T20:32:14.198428,4,8,"[0, 2, 3, 4, 5, 6, 7]",93.01580810546875,0.0,46.44097900390625,141,93.01580810546875,38.86540412902832,46.44097900390625,141
2025-07-17T20:32:14.204892,0,9,"[0, 1, 2, 3, 4, 5, 6, 7]",93.01580810546875,0.0,46.44097900390625,141,93.01580810546875,38.86540412902832,46.44097900390625,141
2025-07-17T20:32:14.211644,1,9,"[0, 1, 2, 4, 5, 6, 7]",93.01580810546875,0.0,46.44097900390625,141,93.01580810546875,38.86540412902832,46.44097900390625,141
2025-07-17T20:32:14.219286,2,9,"[0, 1, 2, 3, 4, 5, 6, 7]",93.01580810546875,0.0,46.44097900390625,141,93.01580810546875,38.86540412902832,46.44097900390625,141
2025-07-17T20:32:14.226101,3,9,"[0, 1, 2, 4, 5, 6, 7]",93.01580810546875,0.0,46.44097900390625,141,93.01580810546875,38.86540412902832,46.44097900390625,141
2025-07-17T20:32:14.238172,4,9,"[0, 1, 2, 4, 5, 6, 7]",93.01580810546875,0.0,46.44097900390625,141,93.01580810546875,38.86540412902832,46.44097900390625,141
2025-07-17T20:32:14.240327,0,10,"[0, 1, 2, 3, 4, 5, 6, 7]",93.01580810546875,0.0,46.44097900390625,141,93.01580810546875,38.86540412902832,46.44097900390625,141
2025-07-17T20:32:14.247302,1,10,"[0, 1, 2, 3, 4, 5, 6, 7]",93.01580810546875,0.0,46.44097900390625,141,93.01580810546875,38.86540412902832,46.44097900390625,141
2025-07-17T20:32:14.253791,2,10,"[0, 1, 2, 3, 4, 6, 7]",93.01580810546875,0.0,46.44097900390625,141,93.01580810546875,38.86540412902832,46.44097900390625,141
2025-07-17T20:32:14.260363,3,10,"[0, 1, 2, 3, 4, 5, 6, 7]",93.01580810546875,0.0,46.44097900390625,141,93.01580810546875,38.86540412902832,46.44097900390625,141
2025-07-17T20:32:14.266849,4,10,"[0, 1, 2, 3, 4, 5, 6, 7]",93.01580810546875,0.0,46.44097900390625,141,93.01580810546875,38.86540412902832,46.44097900390625,141
2025-07-17T20:32:14.274157,0,11,"[0, 1, 2, 3, 4, 5, 6, 7]",93.01580810546875,0.0,46.44097900390625,141,93.01580810546875,38.86540412902832,46.44097900390625,141
2025-07-17T20:32:14.281139,1,11,"[0, 1, 2, 3, 4, 5, 6, 7]",93.01580810546875,0.0,46.44097900390625,141,93.01580810546875,38.86540412902832,46.44097900390625,141
2025-07-17T20:32:14.288065,2,11,"[0, 1, 2, 3, 4, 5, 6, 7]",93.01580810546875,0.0,46.44097900390625,141,93.01580810546875,38.86540412902832,46.44097900390625,141
2025-07-17T20:32:14.295720,3,11,"[0, 1, 2, 3, 4, 5, 6, 7]",93.01580810546875,0.0,46.44097900390625,141,93.01580810546875,38.86540412902832,46.44097900390625,141
2025-07-17T20:32:14.303454,4,11,"[0, 1, 2, 3, 4, 5, 6, 7]",93.01580810546875,0.0,46.44097900390625,141,93.01580810546875,38.86540412902832,46.44097900390625,141
2025-07-17T20:32:14.314764,0,12,"[0, 1, 2, 3, 4, 5, 6, 7]",93.01580810546875,0.0,46.44097900390625,141,93.01580810546875,38.86540412902832,46.44097900390625,141
2025-07-17T20:32:14.316988,1,12,"[0, 1, 2, 3, 4, 5, 6, 7]",93.01580810546875,0.0,46.44097900390625,141,93.01580810546875,38.86540412902832,46.44097900390625,141
2025-07-17T20:32:14.323653,2,12,"[0, 1, 2, 3, 4, 5, 6, 7]",93.01580810546875,0.0,46.44097900390625,141,93.01580810546875,38.86540412902832,46.44097900390625,141
2025-07-17T20:32:14.331108,3,12,"[0, 1, 2, 3, 4, 5, 6, 7]",93.01580810546875,0.0,46.44097900390625,141,93.01580810546875,38.86540412902832,46.44097900390625,141
2025-07-17T20:32:14.337738,4,12,"[0, 1, 2, 3, 4, 5, 6, 7]",93.01580810546875,0.0,46.44097900390625,141,93.01580810546875,38.86540412902832,46.44097900390625,141
2025-07-17T20:32:14.349001,0,13,"[0, 1, 2, 3, 5, 6, 7]",93.01580810546875,0.0,46.44097900390625,141,93.01580810546875,38.86540412902832,46.44097900390625,141
2025-07-17T20:32:14.356766,1,13,"[0, 1, 2, 3, 4, 5, 6, 7]",93.01580810546875,0.0,46.44097900390625,141,93.01580810546875,38.86540412902832,46.44097900390625,141
2025-07-17T20:32:14.358632,2,13,"[0, 1, 2, 3, 4, 5, 6, 7]",93.01580810546875,0.0,46.44097900390625,141,93.01580810546875,38.86540412902832,46.44097900390625,141
2025-07-17T20:32:14.366155,3,13,"[0, 1, 2, 3, 4, 5, 6, 7]",93.01580810546875,0.0,46.44097900390625,141,93.01580810546875,38.86540412902832,46.44097900390625,141
2025-07-17T20:32:14.373515,4,13,"[0, 1, 2, 3, 4, 5, 6, 7]",93.01580810546875,0.0,46.44097900390625,141,93.01580810546875,38.86540412902832,46.44097900390625,141
2025-07-17T20:32:14.380557,0,14,"[0, 1, 2, 3, 4, 5, 6, 7]",93.01580810546875,0.0,46.44097900390625,141,93.01580810546875,38.86540412902832,46.44097900390625,141
2025-07-17T20:32:14.387253,1,14,"[0, 1, 2, 3, 4, 5, 6]",93.01580810546875,0.0,46.44097900390625,141,93.01580810546875,38.86540412902832,46.44097900390625,141
2025-07-17T20:32:14.393741,2,14,"[0, 1, 2, 3, 4, 5, 6, 7]",93.01580810546875,0.0,46.44097900390625,141,93.01580810546875,38.86540412902832,46.44097900390625,141
2025-07-17T20:32:14.400795,3,14,"[0, 1, 2, 3, 4, 5, 6]",93.01580810546875,0.0,46.44097900390625,141,93.01580810546875,38.86540412902832,46.44097900390625,141
2025-07-17T20:32:14.407629,4,14,"[0, 1, 2, 3, 4, 5, 6]",93.01580810546875,0.0,46.44097900390625,141,93.01580810546875,38.86540412902832,46.44097900390625,141
2025-07-17T20:32:14.415262,0,15,"[0, 1, 2, 3, 4, 5, 6, 7]",93.01580810546875,0.0,46.44097900390625,141,93.01580810546875,38.86540412902832,46.44097900390625,141
2025-07-17T20:32:14.421955,1,15,"[0, 1, 2, 4, 5, 6, 7]",93.01580810546875,0.0,46.44097900390625,141,93.01580810546875,38.86540412902832,46.44097900390625,141
2025-07-17T20:32:14.428708,2,15,"[0, 1, 2, 3, 4, 5, 6, 7]",93.01580810546875,0.0,46.44097900390625,141,93.01580810546875,38.86540412902832,46.44097900390625,141
2025-07-17T20:32:14.435810,3,15,"[0, 1, 2, 4, 5, 6, 7]",93.01580810546875,0.0,46.44097900390625,141,93.01580810546875,38.86540412902832,46.44097900390625,141
2025-07-17T20:32:14.448109,4,15,"[0, 1, 2, 4, 5, 6, 7]",93.01580810546875,0.0,46.44097900390625,141,93.01580810546875,38.86540412902832,46.44097900390625,141
2025-07-17T20:32:14.450290,0,16,"[0, 1, 2, 3, 4, 5, 6, 7]",93.01580810546875,0.0,46.44097900390625,141,93.01580810546875,38.86540412902832,46.44097900390625,141
2025-07-17T20:32:14.457185,1,16,"[0, 1, 2, 3, 4, 5, 6, 7]",93.01580810546875,0.0,46.44097900390625,141,93.01580810546875,38.86540412902832,46.44097900390625,141
2025-07-17T20:32:14.464154,2,16,"[0, 1, 2, 3, 4, 5, 6, 7]",93.01580810546875,0.0,46.44097900390625,141,93.01580810546875,38.86540412902832,46.44097900390625,141
2025-07-17T20:32:14.476737,3,16,"[0, 1, 2, 3, 4, 5, 6, 7]",93.01580810546875,0.0,46.44097900390625,141,93.01580810546875,38.86540412902832,46.44097900390625,141
2025-07-17T20:32:14.478726,4,16,"[0, 1, 2, 3, 4, 5, 6, 7]",93.01580810546875,0.0,46.44097900390625,141,93.01580810546875,38.86540412902832,46.44097900390625,141
2025-07-17T20:32:14.490681,0,17,"[0, 1, 2, 3, 4, 5, 6, 7]",93.01580810546875,0.0,46.44097900390625,141,93.01580810546875,38.86540412902832,46.44097900390625,141
2025-07-17T20:32:14.492751,1,17,"[0, 1, 2, 3, 5, 6, 7]",93.01580810546875,0.0,46.44097900390625,141,93.01580810546875,38.86540412902832,46.44097900390625,141
2025-07-17T20:32:14.500343,2,17,"[0, 1, 3, 4, 5, 6, 7]",93.01580810546875,0.0,46.44097900390625,141,93.01580810546875,38.86540412902832,46.44097900390625,141
2025-07-17T20:32:14.511739,3,17,"[0, 1, 2, 3, 5, 6, 7]",93.01580810546875,0.0,46.44097900390625,141,93.01580810546875,38.86540412902832,46.44097900390625,141
2025-07-17T20:32:14.513916,4,17,"[0, 1, 2, 3, 5, 6, 7]",93.01580810546875,0.0,46.44097900390625,141,93.01580810546875,38.86540412902832,46.44097900390625,141
2025-07-17T20:32:14.520303,0,18,"[0, 1, 2, 3, 4, 5, 6, 7]",93.01580810546875,0.0,46.44097900390625,141,93.01580810546875,38.86540412902832,46.44097900390625,141
2025-07-17T20:32:14.527716,1,18,"[0, 1, 2, 3, 4, 5, 6, 7]",93.01580810546875,0.0,46.44097900390625,141,93.01580810546875,38.86540412902832,46.44097900390625,141
2025-07-17T20:32:14.534902,2,18,"[0, 1, 2, 3, 4, 5, 6, 7]",93.01580810546875,0.0,46.44097900390625,141,93.01580810546875,38.86540412902832,46.44097900390625,141
2025-07-17T20:32:14.541183,3,18,"[0, 1, 2, 3, 4, 5, 6, 7]",93.01580810546875,0.0,46.44097900390625,141,93.01580810546875,38.86540412902832,46.44097900390625,141
2025-07-17T20:32:14.548386,4,18,"[0, 1, 2, 3, 4, 5, 6, 7]",93.01580810546875,0.0,46.44097900390625,141,93.01580810546875,38.86540412902832,46.44097900390625,141
2025-07-17T20:32:14.555739,0,19,"[0, 1, 2, 3, 4, 5, 6, 7]",93.01580810546875,0.0,46.44097900390625,141,93.01580810546875,38.86540412902832,46.44097900390625,141
2025-07-17T20:32:14.567235,1,19,"[0, 2, 3, 4, 5, 6, 7]",93.01580810546875,0.0,46.44097900390625,141,93.01580810546875,38.86540412902832,46.44097900390625,141
2025-07-17T20:32:14.573910,2,19,"[0, 1, 2, 3, 4, 5, 6, 7]",93.01580810546875,0.0,46.44097900390625,141,93.01580810546875,38.86540412902832,46.44097900390625,141
2025-07-17T20:32:14.580991,3,19,"[0, 2, 3, 4, 5, 6, 7]",93.01580810546875,0.0,46.44097900390625,141,93.01580810546875,38.86540412902832,46.44097900390625,141
2025-07-17T20:32:14.588026,4,19,"[0, 2, 3, 4, 5, 6, 7]",93.01580810546875,0.0,46.44097900390625,141,93.01580810546875,38.86540412902832,46.44097900390625,141
2025-07-17T20:32:14.594856,0,20,"[0, 1, 2, 3, 4, 5, 6, 7]",93.01580810546875,0.0,46.44097900390625,141,93.01580810546875,38.86540412902832,46.44097900390625,141
2025-07-17T20:32:14.601781,1,20,"[0, 1, 2, 3, 4, 5, 6, 7]",93.01580810546875,0.0,46.44097900390625,141,93.01580810546875,38.86540412902832,46.44097900390625,141
2025-07-17T20:32:14.608496,2,20,"[0, 1, 2, 3, 4, 5, 6]",93.01580810546875,0.0,46.44097900390625,141,93.01580810546875,38.86540412902832,46.44097900390625,141
2025-07-17T20:32:14.615571,3,20,"[0, 1, 2, 3, 4, 5, 6, 7]",93.01580810546875,0.0,46.44097900390625,141,93.01580810546875,38.86540412902832,46.44097900390625,141
2025-07-17T20:32:14.622119,4,20,"[0, 1, 2, 3, 4, 5, 6, 7]",93.01580810546875,0.0,46.44097900390625,141,93.01580810546875,38.86540412902832,46.44097900390625,141
2025-07-17T20:32:14.630173,0,21,"[0, 1, 2, 3, 4, 5, 6, 7]",93.01580810546875,0.0,46.44097900390625,141,93.01580810546875,38.86540412902832,46.44097900390625,141
2025-07-17T20:32:14.637604,1,21,"[0, 1, 2, 3, 4, 5, 6, 7]",93.01580810546875,0.0,46.44097900390625,141,93.01580810546875,38.86540412902832,46.44097900390625,141
2025-07-17T20:32:14.639742,2,21,"[0, 1, 2, 3, 4, 5, 6, 7]",93.01580810546875,0.0,46.44097900390625,141,93.01580810546875,38.86540412902832,46.44097900390625,141
2025-07-17T20:32:14.647528,3,21,"[0, 1, 2, 3, 4, 5, 6, 7]",93.01580810546875,0.0,46.44097900390625,141,93.01580810546875,38.86540412902832,46.44097900390625,141
2025-07-17T20:32:14.654729,4,21,"[0, 1, 2, 3, 4, 5, 6, 7]",93.01580810546875,0.0,46.44097900390625,141,93.01580810546875,38.86540412902832,46.44097900390625,141
2025-07-17T20:32:14.666778,0,22,"[0, 1, 2, 3, 4, 5, 6, 7]",93.01580810546875,0.0,46.44097900390625,141,93.01580810546875,38.86540412902832,46.44097900390625,141
2025-07-17T20:32:14.668828,1,22,"[0, 1, 2, 3, 4, 5, 6, 7]",93.01580810546875,0.0,46.44097900390625,141,93.01580810546875,38.86540412902832,46.44097900390625,141
2025-07-17T20:32:14.675963,2,22,"[0, 1, 2, 3, 4, 5, 6, 7]",93.01580810546875,0.0,46.44097900390625,141,93.01580810546875,38.86540412902832,46.44097900390625,141
2025-07-17T20:32:14.687700,3,22,"[0, 1, 2, 3, 4, 5, 6, 7]",93.01580810546875,0.0,46.44097900390625,141,93.01580810546875,38.86540412902832,46.44097900390625,141
2025-07-17T20:32:14.689796,4,22,"[0, 1, 2, 3, 4, 5, 6, 7]",93.01580810546875,0.0,46.44097900390625,141,93.01580810546875,38.86540412902832,46.44097900390625,141
2025-07-17T20:32:14.702170,0,23,"[0, 1, 2, 3, 4, 5, 6, 7]",93.01580810546875,0.0,46.44097900390625,141,93.01580810546875,38.86540412902832,46.44097900390625,141
2025-07-17T20:32:14.704732,1,23,"[0, 1, 2, 3, 4, 5, 6, 7]",93.01580810546875,0.0,46.44097900390625,141,93.01580810546875,38.86540412902832,46.44097900390625,141
2025-07-17T20:32:14.716735,2,23,"[0, 1, 2, 3, 4, 5, 6, 7]",93.01580810546875,0.0,46.44097900390625,141,93.01580810546875,38.86540412902832,46.44097900390625,141
2025-07-17T20:32:14.724435,3,23,"[0, 1, 2, 3, 4, 5, 6, 7]",93.01580810546875,0.0,46.44097900390625,141,93.01580810546875,38.86540412902832,46.44097900390625,141
2025-07-17T20:32:14.733023,4,23,"[0, 1, 2, 3, 4, 5, 6, 7]",93.01580810546875,0.0,46.44097900390625,141,93.01580810546875,38.86540412902832,46.44097900390625,141
2025-07-17T20:32:14.734984,0,24,"[0, 1, 2, 3, 4, 5, 6, 7]",93.01580810546875,0.0,46.44097900390625,141,93.01580810546875,38.86540412902832,46.44097900390625,141
2025-07-17T20:32:14.746563,1,24,"[0, 1, 2, 3, 4, 5, 6, 7]",93.01580810546875,0.0,46.44097900390625,141,93.01580810546875,38.86540412902832,46.44097900390625,141
2025-07-17T20:32:14.748967,2,24,"[0, 1, 2, 3, 4, 5, 6, 7]",93.01580810546875,0.0,46.44097900390625,141,93.01580810546875,38.86540412902832,46.44097900390625,141
2025-07-17T20:32:14.759966,3,24,"[0, 1, 2, 3, 4, 5, 6, 7]",93.01580810546875,0.0,46.44097900390625,141,93.01580810546875,38.86540412902832,46.44097900390625,141
2025-07-17T20:32:14.767642,4,24,"[0, 1, 2, 3, 4, 5, 6, 7]",93.01580810546875,0.0,46.44097900390625,141,93.01580810546875,38.86540412902832,46.44097900390625,141
2025-07-17T20:32:14.774924,0,25,"[0, 1, 2, 3, 4, 5, 6, 7]",93.01580810546875,0.0,46.44097900390625,141,93.01580810546875,38.86540412902832,46.44097900390625,141
2025-07-17T20:32:14.781149,1,25,"[0, 1, 2, 3, 4, 5, 6, 7]",93.01580810546875,0.0,46.44097900390625,141,93.01580810546875,38.86540412902832,46.44097900390625,141
2025-07-17T20:32:14.787635,2,25,"[0, 1, 2, 3, 4, 5, 6, 7]",93.01580810546875,0.0,46.44097900390625,141,93.01580810546875,38.86540412902832,46.44097900390625,141
2025-07-17T20:32:14.793945,3,25,"[0, 1, 2, 3, 4, 5, 6, 7]",93.01580810546875,0.0,46.44097900390625,141,93.01580810546875,38.86540412902832,46.44097900390625,141
2025-07-17T20:32:14.801201,4,25,"[0, 1, 2, 3, 4, 5, 6, 7]",93.01580810546875,0.0,46.44097900390625,141,93.01580810546875,38.86540412902832,46.44097900390625,141
2025-07-17T20:32:14.808332,0,26,"[0, 1, 2, 3, 4, 5, 6, 7]",93.01580810546875,0.0,46.44097900390625,141,93.01580810546875,38.86540412902832,46.44097900390625,141
2025-07-17T20:32:14.815066,1,26,"[0, 1, 2, 3, 4, 5, 6, 7]",93.01580810546875,0.0,46.44097900390625,141,93.01580810546875,38.86540412902832,46.44097900390625,141
2025-07-17T20:32:14.821846,2,26,"[0, 1, 2, 3, 4, 5, 6, 7]",93.01580810546875,0.0,46.44097900390625,141,93.01580810546875,38.86540412902832,46.44097900390625,141
2025-07-17T20:32:14.829359,3,26,"[0, 1, 2, 3, 4, 5, 6, 7]",93.01580810546875,0.0,46.44097900390625,141,93.01580810546875,38.86540412902832,46.44097900390625,141
2025-07-17T20:32:14.837075,4,26,"[0, 1, 2, 3, 4, 5, 6, 7]",93.01580810546875,0.0,46.44097900390625,141,93.01580810546875,38.86540412902832,46.44097900390625,141
2025-07-17T20:32:14.844443,0,27,"[0, 1, 2, 3, 4, 5, 6, 7]",93.01580810546875,0.0,46.44097900390625,141,93.01580810546875,38.86540412902832,46.44097900390625,141
2025-07-17T20:32:14.851430,1,27,"[0, 1, 2, 3, 4, 5, 6, 7]",93.01580810546875,0.0,46.44097900390625,141,93.01580810546875,38.86540412902832,46.44097900390625,141
2025-07-17T20:32:14.858748,2,27,"[0, 1, 2, 3, 4, 5, 6, 7]",93.01580810546875,0.0,46.44097900390625,141,93.01580810546875,38.86540412902832,46.44097900390625,141
2025-07-17T20:32:14.865441,3,27,"[0, 1, 2, 3, 4, 5, 6, 7]",93.01580810546875,0.0,46.44097900390625,141,93.01580810546875,38.86540412902832,46.44097900390625,141
2025-07-17T20:32:14.872147,4,27,"[0, 1, 2, 3, 4, 5, 6, 7]",93.01580810546875,0.0,46.44097900390625,141,93.01580810546875,38.86540412902832,46.44097900390625,141
2025-07-17T20:32:14.878825,0,28,"[0, 1, 2, 3, 4, 5, 6, 7]",93.01580810546875,0.0,46.44097900390625,141,93.01580810546875,38.86540412902832,46.44097900390625,141
2025-07-17T20:32:14.885709,1,28,"[0, 1, 2, 3, 4, 5, 6, 7]",93.01580810546875,0.0,46.44097900390625,141,93.01580810546875,38.86540412902832,46.44097900390625,141
2025-07-17T20:32:14.893061,2,28,"[0, 1, 2, 3, 4, 5, 6, 7]",93.01580810546875,0.0,46.44097900390625,141,93.01580810546875,38.86540412902832,46.44097900390625,141
2025-07-17T20:32:14.901950,3,28,"[0, 1, 2, 3, 4, 5, 6, 7]",93.01580810546875,0.0,46.44097900390625,141,93.01580810546875,38.86540412902832,46.44097900390625,141
2025-07-17T20:32:14.908306,4,28,"[0, 1, 2, 3, 4, 5, 6, 7]",93.01580810546875,0.0,46.44097900390625,141,93.01580810546875,38.86540412902832,46.44097900390625,141
2025-07-17T20:32:14.915495,0,29,"[0, 1, 2, 3, 4, 5, 6, 7]",93.01580810546875,0.0,46.44097900390625,141,93.01580810546875,38.86482238769531,46.44097900390625,141
2025-07-17T20:32:14.922904,1,29,"[1, 2, 3, 4, 5, 6, 7]",93.01580810546875,0.0,46.44097900390625,141,93.01580810546875,38.86482238769531,46.44097900390625,141
2025-07-17T20:32:14.929430,2,29,"[0, 1, 2, 3, 4, 5, 6, 7]",93.01580810546875,0.0,46.44097900390625,141,93.01580810546875,38.86456489562988,46.44097900390625,141
2025-07-17T20:32:14.935490,3,29,"[1, 2, 3, 4, 5, 6, 7]",93.01580810546875,0.0,46.44097900390625,141,93.01580810546875,38.86540412902832,46.44097900390625,141
2025-07-17T20:32:14.941793,4,29,"[1, 2, 3, 4, 5, 6, 7]",93.01580810546875,0.0,46.44097900390625,141,93.01580810546875,38.86540412902832,46.44097900390625,141
2025-07-17T20:32:14.948869,0,30,"[0, 1, 2, 3, 4, 5, 6, 7]",93.01580810546875,0.0,46.44097900390625,141,93.01580810546875,38.86540412902832,46.44097900390625,141
2025-07-17T20:32:14.955735,1,30,"[0, 1, 2, 3, 4, 5, 6, 7]",93.01580810546875,0.0,46.44097900390625,141,93.01580810546875,38.86540412902832,46.44097900390625,141
2025-07-17T20:32:14.962965,2,30,"[0, 1, 2, 3, 4, 5, 6, 7]",93.01580810546875,0.0,46.44097900390625,141,93.01580810546875,38.86540412902832,46.44097900390625,141
2025-07-17T20:32:14.969806,3,30,"[0, 1, 2, 3, 4, 5, 6, 7]",93.01580810546875,0.0,46.44097900390625,141,93.01580810546875,38.86540412902832,46.44097900390625,141
2025-07-17T20:32:14.978681,4,30,"[0, 1, 2, 3, 4, 5, 6, 7]",93.01580810546875,0.0,46.44097900390625,141,93.01580810546875,38.86540412902832,46.44097900390625,141
2025-07-17T20:32:14.985349,0,31,"[0, 1, 2, 3, 4, 5, 6, 7]",93.01580810546875,0.0,46.44097900390625,141,93.01580810546875,38.87287998199463,46.44097900390625,141
2025-07-17T20:32:14.993287,1,31,"[0, 1, 2, 3, 4, 5, 6, 7]",93.01580810546875,0.0,46.44097900390625,141,93.01580810546875,38.86967182159424,46.44097900390625,141
2025-07-17T20:32:15.001181,2,31,"[0, 1, 2, 3, 4, 5, 6, 7]",93.01580810546875,0.0,46.44097900390625,141,93.01580810546875,38.86646366119385,46.44097900390625,141
2025-07-17T20:32:15.009196,3,31,"[0, 1, 2, 3, 4, 5, 6, 7]",93.01580810546875,0.0,46.44097900390625,141,93.01580810546875,38.86299800872803,46.44097900390625,141
2025-07-17T20:32:15.014863,4,31,"[0, 1, 2, 3, 4, 5, 6, 7]",93.01580810546875,0.0,46.44097900390625,141,93.01580810546875,38.86002254486084,46.44097900390625,141
2025-07-17T20:32:15.030223,0,0,"[0, 1, 2, 3, 4, 5, 6, 7]",93.01580810546875,0.0,46.44097900390625,141,93.01580810546875,38.85531425476074,46.44097900390625,141
2025-07-17T20:32:15.034251,1,0,"[0, 1, 2, 3, 4, 5, 6, 7]",93.01580810546875,0.0,46.44097900390625,141,93.01580810546875,38.85852241516113,46.44097900390625,141
2025-07-17T20:32:15.046149,2,0,"[0, 1, 2, 3, 4, 5, 6, 7]",93.01580810546875,0.0,46.44097900390625,141,93.01580810546875,38.86149787902832,46.44097900390625,141
2025-07-17T20:32:15.053689,3,0,"[0, 1, 2, 3, 4, 5, 6, 7]",93.01580810546875,0.0,46.44097900390625,141,93.01580810546875,38.86438179016113,46.44097900390625,141
2025-07-17T20:32:15.060389,4,0,"[0, 1, 2, 3, 4, 5, 6, 7]",93.01580810546875,0.0,46.44097900390625,141,93.01580810546875,38.86540412902832,46.44097900390625,141
2025-07-17T20:32:15.067600,0,1,"[0, 1, 2, 3, 4, 5, 6, 7]",93.01580810546875,0.0,46.44097900390625,141,93.01580810546875,38.86540412902832,46.44097900390625,141
2025-07-17T20:32:15.075148,1,1,"[0, 1, 2, 3, 4, 5, 6, 7]",93.01580810546875,0.0,46.44097900390625,141,93.01580810546875,38.86540412902832,46.44097900390625,141
2025-07-17T20:32:15.082987,2,1,"[0, 1, 2, 3, 4, 5, 6, 7]",93.01580810546875,0.0,46.44097900390625,141,93.01580810546875,38.86540412902832,46.44097900390625,141
2025-07-17T20:32:15.090121,3,1,"[0, 1, 2, 3, 4, 5, 6, 7]",93.01580810546875,0.0,46.44097900390625,141,93.01580810546875,38.86540412902832,46.44097900390625,141
2025-07-17T20:32:15.096979,4,1,"[0, 1, 2, 3, 4, 5, 6, 7]",93.01580810546875,0.0,46.44097900390625,141,93.01580810546875,38.86540412902832,46.44097900390625,141
2025-07-17T20:32:15.104482,0,2,"[0, 1, 2, 3, 4, 5, 6, 7]",93.01580810546875,0.0,46.44097900390625,141,93.01580810546875,38.86540412902832,46.44097900390625,141
2025-07-17T20:32:15.111223,1,2,"[0, 1, 2, 3, 4, 5, 6, 7]",93.01580810546875,0.0,46.44097900390625,141,93.01580810546875,38.86540412902832,46.44097900390625,141
2025-07-17T20:32:15.117028,2,2,"[0, 1, 2, 3, 4, 5, 6, 7]",93.01580810546875,0.0,46.44097900390625,141,93.01580810546875,38.86540412902832,46.44097900390625,141
2025-07-17T20:32:15.128846,3,2,"[0, 1, 2, 3, 4, 5, 6, 7]",93.01580810546875,0.0,46.44097900390625,141,93.01580810546875,38.86456489562988,46.44097900390625,141
2025-07-17T20:32:15.131994,4,2,"[0, 1, 2, 3, 4, 5, 6, 7]",93.01580810546875,0.0,46.44097900390625,141,93.01580810546875,38.86456489562988,46.44097900390625,141
2025-07-17T20:32:15.140984,0,3,"[0, 1, 2, 3, 4, 5, 6, 7]",93.01580810546875,0.0,46.44097900390625,141,93.01580810546875,38.86456489562988,46.44097900390625,141
2025-07-17T20:32:15.148913,1,3,"[1, 2, 3, 4, 5, 6, 7]",93.01580810546875,0.0,46.44097900390625,141,93.01580810546875,38.86456489562988,46.44097900390625,141
2025-07-17T20:32:15.155868,2,3,"[0, 1, 2, 3, 4, 5, 6, 7]",93.01580810546875,0.0,46.44097900390625,141,93.01580810546875,38.86540412902832,46.44097900390625,141
2025-07-17T20:32:15.163566,3,3,"[1, 2, 3, 4, 5, 6, 7]",93.01580810546875,0.0,46.44097900390625,141,93.01580810546875,38.86540412902832,46.44097900390625,141
2025-07-17T20:32:15.171031,4,3,"[1, 2, 3, 4, 5, 6, 7]",93.01580810546875,0.0,46.44097900390625,141,93.01580810546875,38.86540412902832,46.44097900390625,141
2025-07-17T20:32:15.178373,0,4,"[0, 1, 2, 3, 4, 5, 6, 7]",93.01580810546875,0.0,46.44097900390625,141,93.01580810546875,38.86540412902832,46.44097900390625,141
2025-07-17T20:32:15.185267,1,4,"[0, 1, 2, 3, 4, 5, 6]",93.01580810546875,0.0,46.44097900390625,141,93.01580810546875,38.86540412902832,46.44097900390625,141
2025-07-17T20:32:15.192041,2,4,"[0, 1, 2, 3, 4, 5, 6, 7]",93.01580810546875,0.0,46.44097900390625,141,93.01580810546875,38.86540412902832,46.44097900390625,141
2025-07-17T20:32:15.198841,3,4,"[0, 1, 2, 3, 4, 5, 6]",93.01580810546875,0.0,46.44097900390625,141,93.01580810546875,38.86540412902832,46.44097900390625,141
2025-07-17T20:32:15.211328,4,4,"[0, 1, 2, 3, 4, 5, 6]",93.01580810546875,0.0,46.44097900390625,141,93.01580810546875,38.86540412902832,46.44097900390625,141
2025-07-17T20:32:15.213986,0,5,"[0, 1, 2, 3, 4, 5, 6, 7]",93.01580810546875,0.0,46.44097900390625,141,93.01580810546875,38.86540412902832,46.44097900390625,141
2025-07-17T20:32:15.221824,1,5,"[0, 1, 2, 3, 4, 5, 6, 7]",93.01580810546875,0.0,46.44097900390625,141,93.01580810546875,38.86540412902832,46.44097900390625,141
2025-07-17T20:32:15.229905,2,5,"[0, 1, 2, 3, 4, 5, 6, 7]",93.01580810546875,0.0,46.44097900390625,141,93.01580810546875,38.86540412902832,46.44097900390625,141
2025-07-17T20:32:15.237378,3,5,"[0, 1, 2, 3, 4, 5, 6, 7]",93.01580810546875,0.0,46.44097900390625,141,93.01580810546875,38.86540412902832,46.44097900390625,141
2025-07-17T20:32:15.244199,4,5,"[0, 1, 2, 3, 4, 5, 6, 7]",93.01580810546875,0.0,46.44097900390625,141,93.01580810546875,38.86540412902832,46.44097900390625,141
2025-07-17T20:32:15.255998,0,6,"[0, 1, 2, 3, 4, 5, 6, 7]",93.01580810546875,0.0,46.44097900390625,141,93.01580810546875,38.86540412902832,46.44097900390625,141
2025-07-17T20:32:15.257886,1,6,"[0, 2, 3, 4, 5, 6, 7]",93.01580810546875,0.0,46.44097900390625,141,93.01580810546875,38.86540412902832,46.44097900390625,141
2025-07-17T20:32:15.265563,2,6,"[0, 2, 3, 4, 5, 6, 7]",93.01580810546875,0.0,46.44097900390625,141,93.01580810546875,38.86540412902832,46.44097900390625,141
2025-07-17T20:32:15.277922,3,6,"[0, 2, 3, 4, 5, 6, 7]",93.01580810546875,0.0,46.44097900390625,141,93.01580810546875,38.86540412902832,46.44097900390625,141
2025-07-17T20:32:15.280008,4,6,"[0, 2, 3, 4, 5, 6, 7]",93.01580810546875,0.0,46.44097900390625,141,93.01580810546875,38.86540412902832,46.44097900390625,141
2025-07-17T20:32:15.290969,0,7,"[0, 1, 2, 3, 4, 5, 6, 7]",93.01580810546875,0.0,46.44097900390625,141,93.01580810546875,38.86540412902832,46.44097900390625,141
2025-07-17T20:32:15.293635,1,7,"[0, 1, 2, 3, 4, 5, 6]",93.01580810546875,0.0,46.44097900390625,141,93.01580810546875,38.86540412902832,46.44097900390625,141
2025-07-17T20:32:15.301102,2,7,"[0, 1, 2, 3, 4, 5, 6, 7]",93.01580810546875,0.0,46.44097900390625,141,93.01580810546875,38.86540412902832,46.44097900390625,141
2025-07-17T20:32:15.307906,3,7,"[0, 1, 2, 3, 4, 5, 6]",93.01580810546875,0.0,46.44097900390625,141,93.01580810546875,38.86540412902832,46.44097900390625,141
2025-07-17T20:32:15.315247,4,7,"[0, 1, 2, 3, 4, 5, 6]",93.01580810546875,0.0,46.44097900390625,141,93.01580810546875,38.86540412902832,46.44097900390625,141
2025-07-17T20:32:15.322902,0,8,"[0, 1, 2, 3, 4, 5, 6, 7]",93.01580810546875,0.0,46.44097900390625,141,93.01580810546875,38.86540412902832,46.44097900390625,141
2025-07-17T20:32:15.330290,1,8,"[0, 1, 2, 3, 4, 5, 6]",93.01580810546875,0.0,46.44097900390625,141,93.01580810546875,38.86540412902832,46.44097900390625,141
2025-07-17T20:32:15.337097,2,8,"[1, 2, 3, 4, 5, 6, 7]",93.01580810546875,0.0,46.44097900390625,141,93.01580810546875,38.86540412902832,46.44097900390625,141
2025-07-17T20:32:15.343546,3,8,"[0, 1, 2, 3, 4, 5, 6]",93.01580810546875,0.0,46.44097900390625,141,93.01580810546875,38.86540412902832,46.44097900390625,141
2025-07-17T20:32:15.350961,4,8,"[0, 1, 2, 3, 4, 5, 6]",93.01580810546875,0.0,46.44097900390625,141,93.01580810546875,38.86540412902832,46.44097900390625,141
2025-07-17T20:32:15.363056,0,9,"[0, 1, 2, 3, 4, 5, 6, 7]",93.01580810546875,0.0,46.44097900390625,141,93.01580810546875,38.86540412902832,46.44097900390625,141
2025-07-17T20:32:15.365055,1,9,"[0, 1, 2, 3, 4, 5, 7]",93.01580810546875,0.0,46.44097900390625,141,93.01580810546875,38.86540412902832,46.44097900390625,141
2025-07-17T20:32:15.371724,2,9,"[0, 1, 2, 3, 4, 5, 6, 7]",93.01580810546875,0.0,46.44097900390625,141,93.01580810546875,38.86540412902832,46.44097900390625,141
2025-07-17T20:32:15.383200,3,9,"[0, 1, 2, 3, 4, 5, 7]",93.01580810546875,0.0,46.44097900390625,141,93.01580810546875,38.86540412902832,46.44097900390625,141
2025-07-17T20:32:15.390220,4,9,"[0, 1, 2, 3, 4, 5, 7]",93.01580810546875,0.0,46.44097900390625,141,93.01580810546875,38.86540412902832,46.44097900390625,141
2025-07-17T20:32:15.396612,0,10,"[0, 1, 2, 3, 4, 5, 6, 7]",93.01580810546875,0.0,46.44097900390625,141,93.01580810546875,38.86540412902832,46.44097900390625,141
2025-07-17T20:32:15.403149,1,10,"[0, 1, 2, 3, 4, 5, 6]",93.01580810546875,0.0,46.44097900390625,141,93.01580810546875,38.86540412902832,46.44097900390625,141
2025-07-17T20:32:15.411027,2,10,"[0, 1, 2, 3, 4, 5, 6, 7]",93.01580810546875,0.0,46.44097900390625,141,93.01580810546875,38.86540412902832,46.44097900390625,141
2025-07-17T20:32:15.420251,3,10,"[0, 1, 2, 3, 4, 5, 6]",93.01580810546875,0.0,46.44097900390625,141,93.01580810546875,38.86540412902832,46.44097900390625,141
2025-07-17T20:32:15.427125,4,10,"[0, 1, 2, 3, 4, 5, 6]",93.01580810546875,0.0,46.44097900390625,141,93.01580810546875,38.86540412902832,46.44097900390625,141
2025-07-17T20:32:15.433643,0,11,"[0, 1, 2, 3, 4, 5, 6, 7]",93.01580810546875,0.0,46.44097900390625,141,93.01580810546875,38.86482238769531,46.44097900390625,141
2025-07-17T20:32:15.440208,1,11,"[0, 1, 2, 4, 5, 6, 7]",93.01580810546875,0.0,46.44097900390625,141,93.01580810546875,38.86482238769531,46.44097900390625,141
2025-07-17T20:32:15.449910,2,11,"[0, 1, 2, 3, 4, 5, 6, 7]",93.01580810546875,0.0,46.44097900390625,141,93.01580810546875,38.86456489562988,46.44097900390625,141
2025-07-17T20:32:15.457146,3,11,"[0, 1, 2, 4, 5, 6, 7]",93.01580810546875,0.0,46.44097900390625,141,93.01580810546875,38.86540412902832,46.44097900390625,141
2025-07-17T20:32:15.464794,4,11,"[0, 1, 2, 4, 5, 6, 7]",93.01580810546875,0.0,46.44097900390625,141,93.01580810546875,38.86540412902832,46.44097900390625,141
2025-07-17T20:32:15.471592,0,12,"[0, 1, 2, 3, 4, 5, 6, 7]",93.01580810546875,0.0,46.44097900390625,141,93.01580810546875,38.86540412902832,46.44097900390625,141
2025-07-17T20:32:15.478001,1,12,"[0, 1, 3, 4, 5, 6]",93.01580810546875,0.0,46.44097900390625,141,93.01580810546875,38.86540412902832,46.44097900390625,141
2025-07-17T20:32:15.484526,2,12,"[0, 1, 2, 3, 4, 5, 6, 7]",93.01580810546875,0.0,46.44097900390625,141,93.01580810546875,38.86540412902832,46.44097900390625,141
2025-07-17T20:32:15.491457,3,12,"[0, 1, 3, 4, 5, 6]",93.01580810546875,0.0,46.44097900390625,141,93.01580810546875,38.86540412902832,46.44097900390625,141
2025-07-17T20:32:15.498613,4,12,"[0, 1, 3, 4, 5, 6]",93.01580810546875,0.0,46.44097900390625,141,93.01580810546875,38.86540412902832,46.44097900390625,141
2025-07-17T20:32:15.505888,0,13,"[0, 1, 2, 3, 4, 5, 6, 7]",93.01580810546875,0.0,46.44097900390625,141,93.01580810546875,38.86540412902832,46.44097900390625,141
2025-07-17T20:32:15.513001,1,13,"[0, 1, 2, 3, 4, 5, 6, 7]",93.01580810546875,0.0,46.44097900390625,141,93.01580810546875,38.86540412902832,46.44097900390625,141
2025-07-17T20:32:15.520989,2,13,"[0, 1, 2, 3, 4, 5, 6, 7]",93.01580810546875,0.0,46.44097900390625,141,93.01580810546875,38.86540412902832,46.44097900390625,141
2025-07-17T20:32:15.527717,3,13,"[0, 1, 2, 3, 4, 5, 6, 7]",93.01580810546875,0.0,46.44097900390625,141,93.01580810546875,38.86540412902832,46.44097900390625,141
2025-07-17T20:32:15.535004,4,13,"[0, 1, 2, 3, 4, 5, 6, 7]",93.01580810546875,0.0,46.44097900390625,141,93.01580810546875,38.86540412902832,46.44097900390625,141
2025-07-17T20:32:15.543490,0,14,"[0, 1, 2, 3, 4, 5, 6, 7]",93.01580810546875,0.0,46.44097900390625,141,93.01580810546875,38.86540412902832,46.44097900390625,141
2025-07-17T20:32:15.545915,1,14,"[0, 1, 2, 3, 4, 5, 6, 7]",93.01580810546875,0.0,46.44097900390625,141,93.01580810546875,38.86482238769531,46.44097900390625,141
2025-07-17T20:32:15.554170,2,14,"[0, 1, 2, 3, 4, 5, 6, 7]",93.01580810546875,0.0,46.44097900390625,141,93.01580810546875,38.86482238769531,46.44097900390625,141
2025-07-17T20:32:15.561697,3,14,"[0, 1, 2, 3, 4, 5, 6, 7]",93.01580810546875,0.0,46.44097900390625,141,93.01580810546875,38.86456489562988,46.44097900390625,141
2025-07-17T20:32:15.569340,4,14,"[0, 1, 2, 3, 4, 5, 6, 7]",93.01580810546875,0.0,46.44097900390625,141,93.01580810546875,38.86456489562988,46.44097900390625,141
2025-07-17T20:32:15.576152,0,15,"[0, 1, 2, 3, 4, 5, 6, 7]",93.01580810546875,0.0,46.44097900390625,141,93.01580810546875,38.86540412902832,46.44097900390625,141
2025-07-17T20:32:15.587339,1,15,"[0, 1, 2, 3, 4, 5, 6, 7]",93.01580810546875,0.0,46.44097900390625,141,93.01580810546875,38.86540412902832,46.44097900390625,141
2025-07-17T20:32:15.589934,2,15,"[0, 1, 2, 3, 4, 5, 6, 7]",93.01580810546875,0.0,46.44097900390625,141,93.01580810546875,38.86540412902832,46.44097900390625,141
2025-07-17T20:32:15.596190,3,15,"[0, 1, 2, 3, 4, 5, 6, 7]",93.01580810546875,0.0,46.44097900390625,141,93.01580810546875,38.86540412902832,46.44097900390625,141
2025-07-17T20:32:15.602688,4,15,"[0, 1, 2, 3, 4, 5, 6, 7]",93.01580810546875,0.0,46.44097900390625,141,93.01580810546875,38.86540412902832,46.44097900390625,141
2025-07-17T20:32:15.610492,0,16,"[0, 1, 3, 4, 5, 6, 7]",93.01580810546875,0.0,46.44097900390625,141,93.01580810546875,38.86540412902832,46.44097900390625,141
2025-07-17T20:32:15.617497,1,16,"[0, 1, 3, 4, 5, 6, 7]",93.01580810546875,0.0,46.44097900390625,141,93.01580810546875,38.86540412902832,46.44097900390625,141
2025-07-17T20:32:15.624223,2,16,"[0, 1, 2, 3, 4, 5, 6, 7]",93.01580810546875,0.0,46.44097900390625,141,93.01580810546875,38.86540412902832,46.44097900390625,141
2025-07-17T20:32:15.631045,3,16,"[0, 1, 3, 4, 5, 6, 7]",93.01580810546875,0.0,46.44097900390625,141,93.01580810546875,38.86540412902832,46.44097900390625,141
2025-07-17T20:32:15.643083,4,16,"[0, 1, 3, 4, 5, 6, 7]",93.01580810546875,0.0,46.44097900390625,141,93.01580810546875,38.86540412902832,46.44097900390625,141
2025-07-17T20:32:15.649768,0,17,"[0, 1, 2, 3, 4, 5, 6, 7]",93.01580810546875,0.0,46.44097900390625,141,93.01580810546875,38.86540412902832,46.44097900390625,141
2025-07-17T20:32:15.656895,1,17,"[0, 1, 2, 4, 5, 6, 7]",93.01580810546875,0.0,46.44097900390625,141,93.01580810546875,38.86540412902832,46.44097900390625,141
2025-07-17T20:32:15.664271,2,17,"[0, 1, 2, 3, 4, 5, 6, 7]",93.01580810546875,0.0,46.44097900390625,141,93.01580810546875,38.86540412902832,46.44097900390625,141
2025-07-17T20:32:15.671358,3,17,"[0, 1, 2, 4, 5, 6, 7]",93.01580810546875,0.0,46.44097900390625,141,93.01580810546875,38.86540412902832,46.44097900390625,141
2025-07-17T20:32:15.678000,4,17,"[0, 1, 2, 4, 5, 6, 7]",93.01580810546875,0.0,46.44097900390625,141,93.01580810546875,38.86540412902832,46.44097900390625,141
2025-07-17T20:32:15.685103,0,18,"[0, 1, 2, 3, 4, 5, 6, 7]",93.01580810546875,0.0,46.44097900390625,141,93.01580810546875,38.86540412902832,46.44097900390625,141
2025-07-17T20:32:15.694226,1,18,"[0, 1, 2, 3, 4, 5, 6, 7]",93.01580810546875,0.0,46.44097900390625,141,93.01580810546875,38.86540412902832,46.44097900390625,141
2025-07-17T20:32:15.700811,2,18,"[0, 1, 2, 3, 4, 5, 6, 7]",93.01580810546875,0.0,46.44097900390625,141,93.01580810546875,38.86540412902832,46.44097900390625,141
2025-07-17T20:32:15.707677,3,18,"[0, 1, 2, 3, 4, 5, 6, 7]",93.01580810546875,0.0,46.44097900390625,141,93.01580810546875,38.86540412902832,46.44097900390625,141
2025-07-17T20:32:15.714686,4,18,"[0, 1, 2, 3, 4, 5, 6, 7]",93.01580810546875,0.0,46.44097900390625,141,93.01580810546875,38.86540412902832,46.44097900390625,141
2025-07-17T20:32:15.721426,0,19,"[0, 1, 2, 3, 4, 5, 6, 7]",93.01580810546875,0.0,46.44097900390625,141,93.01580810546875,38.86540412902832,46.44097900390625,141
2025-07-17T20:32:15.728551,1,19,"[0, 1, 2, 3, 4, 5, 6, 7]",93.01580810546875,0.0,46.44097900390625,141,93.01580810546875,38.86540412902832,46.44097900390625,141
2025-07-17T20:32:15.735356,2,19,"[0, 1, 2, 3, 4, 5, 6, 7]",93.01580810546875,0.0,46.44097900390625,141,93.01580810546875,38.86540412902832,46.44097900390625,141
2025-07-17T20:32:15.741779,3,19,"[0, 1, 2, 3, 4, 5, 6, 7]",93.01580810546875,0.0,46.44097900390625,141,93.01580810546875,38.86540412902832,46.44097900390625,141
2025-07-17T20:32:15.749196,4,19,"[0, 1, 2, 3, 4, 5, 6, 7]",93.01580810546875,0.0,46.44097900390625,141,93.01580810546875,38.86540412902832,46.44097900390625,141
2025-07-17T20:32:15.756027,0,20,"[0, 1, 2, 3, 4, 5, 6, 7]",93.01580810546875,0.0,46.44097900390625,141,93.01580810546875,38.86540412902832,46.44097900390625,141
2025-07-17T20:32:15.766301,1,20,"[0, 1, 2, 3, 4, 5, 6, 7]",93.01580810546875,0.0,46.44097900390625,141,93.01580810546875,38.86540412902832,46.44097900390625,141
2025-07-17T20:32:15.772858,2,20,"[0, 1, 2, 3, 4, 5, 6, 7]",93.01580810546875,0.0,46.44097900390625,141,93.01580810546875,38.86482238769531,46.44097900390625,141
2025-07-17T20:32:15.780090,3,20,"[0, 1, 2, 3, 4, 5, 6, 7]",93.01580810546875,0.0,46.44097900390625,141,93.01580810546875,38.86482238769531,46.44097900390625,141
2025-07-17T20:32:15.787825,4,20,"[0, 1, 2, 3, 4, 5, 6, 7]",93.01580810546875,0.0,46.44097900390625,141,93.01580810546875,38.86482238769531,46.44097900390625,141
2025-07-17T20:32:15.794948,0,21,"[0, 1, 2, 3, 4, 5, 6, 7]",93.01580810546875,0.0,46.44097900390625,141,93.01580810546875,38.86456489562988,46.44097900390625,141
2025-07-17T20:32:15.802071,1,21,"[0, 1, 2, 3, 4, 5, 6, 7]",93.01580810546875,0.0,46.44097900390625,141,93.01580810546875,38.86540412902832,46.44097900390625,141
2025-07-17T20:32:15.809584,2,21,"[0, 1, 2, 3, 4, 5, 7]",93.01580810546875,0.0,46.44097900390625,141,93.01580810546875,38.86540412902832,46.44097900390625,141
2025-07-17T20:32:15.817861,3,21,"[0, 1, 2, 3, 4, 5, 6, 7]",93.01580810546875,0.0,46.44097900390625,141,93.01580810546875,38.86540412902832,46.44097900390625,141
2025-07-17T20:32:15.825212,4,21,"[0, 1, 2, 3, 4, 5, 6, 7]",93.01580810546875,0.0,46.44097900390625,141,93.01580810546875,38.86540412902832,46.44097900390625,141
2025-07-17T20:32:15.831796,0,22,"[0, 1, 2, 3, 4, 5, 6, 7]",93.01580810546875,0.0,46.44097900390625,141,93.01580810546875,38.86482238769531,46.44097900390625,141
2025-07-17T20:32:15.840498,1,22,"[0, 1, 2, 3, 4, 5, 6, 7]",93.01580810546875,0.0,46.44097900390625,141,93.01580810546875,38.86456489562988,46.44097900390625,141
2025-07-17T20:32:15.849010,2,22,"[0, 1, 2, 3, 4, 5, 6, 7]",93.01580810546875,0.0,46.44097900390625,141,93.01580810546875,38.86456489562988,46.44097900390625,141
2025-07-17T20:32:15.851322,3,22,"[0, 1, 2, 3, 4, 5, 6, 7]",93.01580810546875,0.0,46.44097900390625,141,93.01580810546875,38.86456489562988,46.44097900390625,141
2025-07-17T20:32:15.863807,4,22,"[0, 1, 2, 3, 4, 5, 6, 7]",93.01580810546875,0.0,46.44097900390625,141,93.01580810546875,38.86540412902832,46.44097900390625,141
2025-07-17T20:32:15.865744,0,23,"[0, 1, 2, 3, 4, 5, 6, 7]",93.01580810546875,0.0,46.44097900390625,141,93.01580810546875,38.86540412902832,46.44097900390625,141
2025-07-17T20:32:15.872594,1,23,"[0, 1, 2, 3, 4, 5, 6, 7]",93.01580810546875,0.0,46.44097900390625,141,93.01580810546875,38.86540412902832,46.44097900390625,141
2025-07-17T20:32:15.879782,2,23,"[0, 1, 2, 3, 4, 5, 6, 7]",93.01580810546875,0.0,46.44097900390625,141,93.01580810546875,38.86540412902832,46.44097900390625,141
2025-07-17T20:32:15.887259,3,23,"[0, 1, 2, 3, 4, 5, 6, 7]",93.01580810546875,0.0,46.44097900390625,141,93.01580810546875,38.86540412902832,46.44097900390625,141
2025-07-17T20:32:15.893892,4,23,"[0, 1, 2, 3, 4, 5, 6, 7]",93.01580810546875,0.0,46.44097900390625,141,93.01580810546875,38.86540412902832,46.44097900390625,141
2025-07-17T20:32:15.900896,0,24,"[0, 1, 2, 3, 4, 5, 6, 7]",93.01580810546875,0.0,46.44097900390625,141,93.01580810546875,38.86540412902832,46.44097900390625,141
2025-07-17T20:32:15.908768,1,24,"[1, 2, 3, 4, 5, 6, 7]",93.01580810546875,0.0,46.44097900390625,141,93.01580810546875,38.86540412902832,46.44097900390625,141
2025-07-17T20:32:15.915226,2,24,"[0, 1, 2, 3, 4, 5, 6, 7]",93.01580810546875,0.0,46.44097900390625,141,93.01580810546875,38.86540412902832,46.44097900390625,141
2025-07-17T20:32:15.922835,3,24,"[1, 2, 3, 4, 5, 6, 7]",93.01580810546875,0.0,46.44097900390625,141,93.01580810546875,38.86540412902832,46.44097900390625,141
2025-07-17T20:32:15.933524,4,24,"[1, 2, 3, 4, 5, 6, 7]",93.01580810546875,0.0,46.44097900390625,141,93.01580810546875,38.86540412902832,46.44097900390625,141
2025-07-17T20:32:15.940913,0,25,"[0, 1, 2, 3, 4, 5, 6, 7]",93.01580810546875,0.0,46.44097900390625,141,93.01580810546875,38.86540412902832,46.44097900390625,141
2025-07-17T20:32:15.948131,1,25,"[0, 1, 2, 4, 5, 6, 7]",93.01580810546875,0.0,46.44097900390625,141,93.01580810546875,38.86540412902832,46.44097900390625,141
2025-07-17T20:32:15.955537,2,25,"[0, 1, 2, 3, 4, 5, 6, 7]",93.01580810546875,0.0,46.44097900390625,141,93.01580810546875,38.86540412902832,46.44097900390625,141
2025-07-17T20:32:15.963222,3,25,"[0, 1, 2, 4, 5, 6, 7]",93.01580810546875,0.0,46.44097900390625,141,93.01580810546875,38.86482238769531,46.44097900390625,141
2025-07-17T20:32:15.969437,4,25,"[0, 1, 2, 4, 5, 6, 7]",93.01580810546875,0.0,46.44097900390625,141,93.01580810546875,38.86456489562988,46.44097900390625,141
2025-07-17T20:32:15.975613,0,26,"[0, 1, 2, 3, 4, 5, 6, 7]",93.01580810546875,0.0,46.44097900390625,141,93.01580810546875,38.86456489562988,46.44097900390625,141
2025-07-17T20:32:15.985233,1,26,"[0, 1, 2, 3, 4, 5, 7]",93.01580810546875,0.0,46.44097900390625,141,93.01580810546875,38.86482238769531,46.44097900390625,141
2025-07-17T20:32:15.987704,2,26,"[0, 1, 2, 3, 4, 5, 6, 7]",93.01580810546875,0.0,46.44097900390625,141,93.01580810546875,38.86482238769531,46.44097900390625,141
2025-07-17T20:32:15.999941,3,26,"[0, 1, 2, 3, 4, 5, 7]",93.01580810546875,0.0,46.44097900390625,141,93.01580810546875,38.86540412902832,46.44097900390625,141
2025-07-17T20:32:16.007372,4,26,"[0, 1, 2, 3, 4, 5, 7]",93.01580810546875,0.0,46.44097900390625,141,93.01580810546875,38.86540412902832,46.44097900390625,141
2025-07-17T20:32:16.014601,0,27,"[0, 1, 2, 3, 4, 5, 6, 7]",93.01580810546875,0.0,46.44097900390625,141,93.01580810546875,38.86540412902832,46.44097900390625,141
2025-07-17T20:32:16.021809,1,27,"[0, 1, 2, 3, 4, 5, 6, 7]",93.01580810546875,0.0,46.44097900390625,141,93.01580810546875,38.86540412902832,46.44097900390625,141
2025-07-17T20:32:16.028646,2,27,"[0, 1, 2, 3, 4, 5, 6, 7]",93.01580810546875,0.0,46.44097900390625,141,93.01580810546875,38.86540412902832,46.44097900390625,141
2025-07-17T20:32:16.035923,3,27,"[0, 1, 2, 3, 4, 5, 6, 7]",93.01580810546875,0.0,46.44097900390625,141,93.01580810546875,38.86540412902832,46.44097900390625,141
2025-07-17T20:32:16.042176,4,27,"[0, 1, 2, 3, 4, 5, 6, 7]",93.01580810546875,0.0,46.44097900390625,141,93.01580810546875,38.86540412902832,46.44097900390625,141
2025-07-17T20:32:16.048553,0,28,"[0, 1, 2, 3, 4, 5, 6, 7]",93.01580810546875,0.0,46.44097900390625,141,93.01580810546875,38.86540412902832,46.44097900390625,141
2025-07-17T20:32:16.054815,1,28,"[0, 1, 2, 3, 4, 5, 6, 7]",93.01580810546875,0.0,46.44097900390625,141,93.01580810546875,38.86540412902832,46.44097900390625,141
2025-07-17T20:32:16.061545,2,28,"[0, 1, 2, 3, 4, 5, 6, 7]",93.01580810546875,0.0,46.44097900390625,141,93.01580810546875,38.86540412902832,46.44097900390625,141
2025-07-17T20:32:16.071107,3,28,"[0, 1, 2, 3, 4, 5, 6, 7]",93.01580810546875,0.0,46.44097900390625,141,93.01580810546875,38.86482238769531,46.44097900390625,141
2025-07-17T20:32:16.078389,4,28,"[0, 1, 2, 3, 4, 5, 6, 7]",93.01580810546875,0.0,46.44097900390625,141,93.01580810546875,38.86482238769531,46.44097900390625,141
2025-07-17T20:32:16.085787,0,29,"[0, 1, 2, 3, 4, 5, 6, 7]",93.01580810546875,0.0,46.44097900390625,141,93.01580810546875,38.86482238769531,46.44097900390625,141
2025-07-17T20:32:16.093604,1,29,"[0, 1, 2, 3, 4, 5, 6, 7]",93.01580810546875,0.0,46.44097900390625,141,93.01580810546875,38.86456489562988,46.44097900390625,141
2025-07-17T20:32:16.096208,2,29,"[0, 1, 2, 3, 4, 5, 6, 7]",93.01580810546875,0.0,46.44097900390625,141,93.01580810546875,38.86456489562988,46.44097900390625,141
2025-07-17T20:32:16.107635,3,29,"[0, 1, 2, 3, 4, 5, 6, 7]",93.01580810546875,0.0,46.44097900390625,141,93.01580810546875,38.86540412902832,46.44097900390625,141
2025-07-17T20:32:16.114197,4,29,"[0, 1, 2, 3, 4, 5, 6, 7]",93.01580810546875,0.0,46.44097900390625,141,93.01580810546875,38.86540412902832,46.44097900390625,141
2025-07-17T20:32:16.121297,0,30,"[0, 1, 2, 3, 4, 5, 6, 7]",93.01580810546875,0.0,46.44097900390625,141,93.01580810546875,38.86540412902832,46.44097900390625,141
2025-07-17T20:32:16.128381,1,30,"[0, 1, 2, 4, 5, 6, 7]",93.01580810546875,0.0,46.44097900390625,141,93.01580810546875,38.86540412902832,46.44097900390625,141
2025-07-17T20:32:16.135176,2,30,"[0, 1, 2, 3, 4, 5, 6, 7]",93.01580810546875,0.0,46.44097900390625,141,93.01580810546875,38.86540412902832,46.44097900390625,141
2025-07-17T20:32:16.143057,3,30,"[0, 1, 2, 4, 5, 6, 7]",93.01580810546875,0.0,46.44097900390625,141,93.01580810546875,38.86540412902832,46.44097900390625,141
2025-07-17T20:32:16.150124,4,30,"[0, 1, 2, 4, 5, 6, 7]",93.01580810546875,0.0,46.44097900390625,141,93.01580810546875,38.86540412902832,46.44097900390625,141
2025-07-17T20:32:16.157154,0,31,"[0, 1, 2, 3, 4, 5, 6, 7]",93.01580810546875,0.0,46.44097900390625,141,93.01580810546875,38.87287998199463,46.44097900390625,141
2025-07-17T20:32:16.167072,1,31,"[0, 1, 2, 3, 4, 5, 6, 7]",93.01580810546875,0.0,46.44097900390625,141,93.01580810546875,38.86967182159424,46.44097900390625,141
2025-07-17T20:32:16.170878,2,31,"[0, 1, 2, 3, 4, 5, 6, 7]",93.01580810546875,0.0,46.44097900390625,141,93.01580810546875,38.867045402526855,46.44097900390625,141
2025-07-17T20:32:16.179452,3,31,"[0, 1, 2, 3, 4, 5, 6, 7]",93.01580810546875,0.0,46.44097900390625,141,93.01580810546875,38.863579750061035,46.44097900390625,141
2025-07-17T20:32:16.187982,4,31,"[0, 1, 2, 3, 4, 5, 6, 7]",93.01580810546875,0.0,46.44097900390625,141,93.01580810546875,38.86002254486084,46.44097900390625,141
2025-07-17T20:32:16.202858,0,0,"[0, 1, 2, 3, 4, 5, 6, 7]",93.01580810546875,0.0,46.44097900390625,141,93.01580810546875,38.85531425476074,46.44097900390625,141
2025-07-17T20:32:16.210656,1,0,"[0, 1, 2, 3, 5, 6, 7]",93.01580810546875,0.0,46.44097900390625,141,93.01580810546875,38.85852241516113,46.44097900390625,141
2025-07-17T20:32:16.214768,2,0,"[0, 1, 2, 3, 4, 5, 6, 7]",93.01580810546875,0.0,46.44097900390625,141,93.01580810546875,38.86149787902832,46.44097900390625,141
2025-07-17T20:32:16.221935,3,0,"[0, 1, 2, 3, 5, 6, 7]",93.01580810546875,0.0,46.44097900390625,141,93.01580810546875,38.86438179016113,46.44097900390625,141
2025-07-17T20:32:16.234212,4,0,"[0, 1, 2, 3, 5, 6, 7]",93.01580810546875,0.0,46.44097900390625,141,93.01580810546875,38.86540412902832,46.44097900390625,141
2025-07-17T20:32:16.242387,0,1,"[0, 1, 2, 4, 5, 6, 7]",93.01580810546875,0.0,46.44097900390625,141,93.01580810546875,38.86540412902832,46.44097900390625,141
2025-07-17T20:32:16.244850,1,1,"[0, 1, 2, 3, 4, 5, 6, 7]",93.01580810546875,0.0,46.44097900390625,141,93.01580810546875,38.86540412902832,46.44097900390625,141
2025-07-17T20:32:16.251408,2,1,"[0, 1, 2, 3, 4, 5, 6, 7]",93.01580810546875,0.0,46.44097900390625,141,93.01580810546875,38.86540412902832,46.44097900390625,141
2025-07-17T20:32:16.262445,3,1,"[0, 1, 2, 3, 4, 5, 6, 7]",93.01580810546875,0.0,46.44097900390625,141,93.01580810546875,38.86540412902832,46.44097900390625,141
2025-07-17T20:32:16.269901,4,1,"[0, 1, 2, 3, 4, 5, 6, 7]",93.01580810546875,0.0,46.44097900390625,141,93.01580810546875,38.86540412902832,46.44097900390625,141
2025-07-17T20:32:16.276734,0,2,"[0, 1, 2, 3, 4, 5, 6, 7]",93.01580810546875,0.0,46.44097900390625,141,93.01580810546875,38.86540412902832,46.44097900390625,141
2025-07-17T20:32:16.284747,1,2,"[0, 1, 2, 3, 4, 5, 6, 7]",93.01580810546875,0.0,46.44097900390625,141,93.01580810546875,38.86540412902832,46.44097900390625,141
2025-07-17T20:32:16.292438,2,2,"[0, 1, 2, 3, 4, 5, 6, 7]",93.01580810546875,0.0,46.44097900390625,141,93.01580810546875,38.86540412902832,46.44097900390625,141
2025-07-17T20:32:16.299380,3,2,"[0, 1, 2, 3, 4, 5, 6, 7]",93.01580810546875,0.0,46.44097900390625,141,93.01580810546875,38.86540412902832,46.44097900390625,141
2025-07-17T20:32:16.307007,4,2,"[0, 1, 2, 3, 4, 5, 6, 7]",93.01580810546875,0.0,46.44097900390625,141,93.01580810546875,38.86540412902832,46.44097900390625,141
2025-07-17T20:32:16.314278,0,3,"[0, 1, 2, 3, 4, 5, 6, 7]",93.01580810546875,0.0,46.44097900390625,141,93.01580810546875,38.86540412902832,46.44097900390625,141
2025-07-17T20:32:16.322350,1,3,"[0, 1, 2, 3, 4, 5, 6, 7]",93.01580810546875,0.0,46.44097900390625,141,93.01580810546875,38.86540412902832,46.44097900390625,141
2025-07-17T20:32:16.329601,2,3,"[0, 1, 2, 3, 4, 5, 6, 7]",93.01580810546875,0.0,46.44097900390625,141,93.01580810546875,38.86540412902832,46.44097900390625,141
2025-07-17T20:32:16.337530,3,3,"[0, 1, 2, 3, 4, 5, 6, 7]",93.01580810546875,0.0,46.44097900390625,141,93.01580810546875,38.86540412902832,46.44097900390625,141
2025-07-17T20:32:16.345726,4,3,"[0, 1, 2, 3, 4, 5, 6, 7]",93.01580810546875,0.0,46.44097900390625,141,93.01580810546875,38.86540412902832,46.44097900390625,141
2025-07-17T20:32:16.353158,0,4,"[0, 1, 2, 3, 4, 5, 6, 7]",93.01580810546875,0.0,46.44097900390625,141,93.01580810546875,38.86540412902832,46.44097900390625,141
2025-07-17T20:32:16.361102,1,4,"[0, 1, 2, 3, 4, 5, 6, 7]",93.01580810546875,0.0,46.44097900390625,141,93.01580810546875,38.86540412902832,46.44097900390625,141
2025-07-17T20:32:16.368581,2,4,"[0, 1, 2, 3, 4, 5, 6, 7]",93.01580810546875,0.0,46.44097900390625,141,93.01580810546875,38.86540412902832,46.44097900390625,141
2025-07-17T20:32:16.371381,3,4,"[0, 1, 2, 3, 4, 5, 6, 7]",93.01580810546875,0.0,46.44097900390625,141,93.01580810546875,38.86540412902832,46.44097900390625,141
2025-07-17T20:32:16.384147,4,4,"[0, 1, 2, 3, 4, 5, 6, 7]",93.01580810546875,0.0,46.44097900390625,141,93.01580810546875,38.86540412902832,46.44097900390625,141
2025-07-17T20:32:16.391770,0,5,"[0, 1, 2, 3, 4, 5, 6, 7]",93.01580810546875,0.0,46.44097900390625,141,93.01580810546875,38.86540412902832,46.44097900390625,141
2025-07-17T20:32:16.394401,1,5,"[0, 1, 2, 3, 4, 5, 6, 7]",93.01580810546875,0.0,46.44097900390625,141,93.01580810546875,38.86540412902832,46.44097900390625,141
2025-07-17T20:32:16.401912,2,5,"[0, 1, 2, 3, 4, 5, 6, 7]",93.01580810546875,0.0,46.44097900390625,141,93.01580810546875,38.86540412902832,46.44097900390625,141
2025-07-17T20:32:16.409918,3,5,"[0, 1, 2, 3, 4, 5, 6, 7]",93.01580810546875,0.0,46.44097900390625,141,93.01580810546875,38.86540412902832,46.44097900390625,141
2025-07-17T20:32:16.416591,4,5,"[0, 1, 2, 3, 4, 5, 6, 7]",93.01580810546875,0.0,46.44097900390625,141,93.01580810546875,38.86540412902832,46.44097900390625,141
2025-07-17T20:32:16.423054,0,6,"[0, 1, 2, 3, 4, 5, 6, 7]",93.01580810546875,0.0,46.44097900390625,141,93.01580810546875,38.86540412902832,46.44097900390625,141
2025-07-17T20:32:16.430687,1,6,"[0, 2, 3, 4, 5, 6, 7]",93.01580810546875,0.0,46.44097900390625,141,93.01580810546875,38.86540412902832,46.44097900390625,141
2025-07-17T20:32:16.442899,2,6,"[0, 1, 2, 3, 5, 6, 7]",93.01580810546875,0.0,46.44097900390625,141,93.01580810546875,38.86540412902832,46.44097900390625,141
2025-07-17T20:32:16.445364,3,6,"[0, 2, 3, 4, 5, 6, 7]",93.01580810546875,0.0,46.44097900390625,141,93.01580810546875,38.86540412902832,46.44097900390625,141
2025-07-17T20:32:16.458974,4,6,"[0, 2, 3, 4, 5, 6, 7]",93.01580810546875,0.0,46.44097900390625,141,93.01580810546875,38.86540412902832,46.44097900390625,141
2025-07-17T20:32:16.466658,0,7,"[0, 1, 2, 3, 4, 5, 6]",93.01580810546875,0.0,46.44097900390625,141,93.01580810546875,38.86540412902832,46.44097900390625,141
2025-07-17T20:32:16.469257,1,7,"[0, 1, 2, 4, 5, 6]",93.01580810546875,0.0,46.44097900390625,141,93.01580810546875,38.86540412902832,46.44097900390625,141
2025-07-17T20:32:16.482136,2,7,"[0, 1, 2, 3, 4, 5, 6, 7]",93.01580810546875,0.0,46.44097900390625,141,93.01580810546875,38.86540412902832,46.44097900390625,141
2025-07-17T20:32:16.484222,3,7,"[0, 1, 2, 4, 5, 6]",93.01580810546875,0.0,46.44097900390625,141,93.01580810546875,38.86540412902832,46.44097900390625,141
2025-07-17T20:32:16.496911,4,7,"[0, 1, 2, 4, 5, 6]",93.01580810546875,0.0,46.44097900390625,141,93.01580810546875,38.86540412902832,46.44097900390625,141
2025-07-17T20:32:16.499557,0,8,"[0, 1, 2, 3, 4, 5, 6, 7]",93.01580810546875,0.0,46.44097900390625,141,93.01580810546875,38.86540412902832,46.44097900390625,141
2025-07-17T20:32:16.505996,1,8,"[0, 1, 2, 3, 4, 5]",93.01580810546875,0.0,46.44097900390625,141,93.01580810546875,38.86540412902832,46.44097900390625,141
2025-07-17T20:32:16.513368,2,8,"[0, 1, 2, 3, 4, 5, 6, 7]",93.01580810546875,0.0,46.44097900390625,141,93.01580810546875,38.86540412902832,46.44097900390625,141
2025-07-17T20:32:16.526205,3,8,"[0, 1, 2, 3, 4, 5]",93.01580810546875,0.0,46.44097900390625,141,93.01580810546875,38.86540412902832,46.44097900390625,141
2025-07-17T20:32:16.528253,4,8,"[0, 1, 2, 3, 4, 5]",93.01580810546875,0.0,46.44097900390625,141,93.01580810546875,38.86540412902832,46.44097900390625,141
2025-07-17T20:32:16.535517,0,9,"[0, 1, 2, 3, 4, 5, 6, 7]",93.01580810546875,0.0,46.44097900390625,141,93.01580810546875,38.86540412902832,46.44097900390625,141
2025-07-17T20:32:16.543340,1,9,"[0, 1, 2, 4, 5, 6, 7]",93.01580810546875,0.0,46.44097900390625,141,93.01580810546875,38.86540412902832,46.44097900390625,141
2025-07-17T20:32:16.556231,2,9,"[0, 1, 2, 3, 4, 5, 6, 7]",93.01580810546875,0.0,46.44097900390625,141,93.01580810546875,38.86540412902832,46.44097900390625,141
2025-07-17T20:32:16.558236,3,9,"[0, 1, 2, 4, 5, 6, 7]",93.01580810546875,0.0,46.44097900390625,141,93.01580810546875,38.86540412902832,46.44097900390625,141
2025-07-17T20:32:16.570010,4,9,"[0, 1, 2, 4, 5, 6, 7]",93.01580810546875,0.0,46.44097900390625,141,93.01580810546875,38.86540412902832,46.44097900390625,141
2025-07-17T20:32:16.572770,0,10,"[0, 1, 2, 3, 4, 5, 6, 7]",93.01580810546875,0.0,46.44097900390625,141,93.01580810546875,38.86540412902832,46.44097900390625,141
2025-07-17T20:32:16.579371,1,10,"[0, 1, 2, 3, 4, 5, 6, 7]",93.01580810546875,0.0,46.44097900390625,141,93.01580810546875,38.86540412902832,46.44097900390625,141
2025-07-17T20:32:16.586323,2,10,"[0, 1, 2, 3, 4, 5, 6, 7]",93.01580810546875,0.0,46.44097900390625,141,93.01580810546875,38.86540412902832,46.44097900390625,141
2025-07-17T20:32:16.592598,3,10,"[0, 1, 2, 3, 4, 5, 6, 7]",93.01580810546875,0.0,46.44097900390625,141,93.01580810546875,38.86540412902832,46.44097900390625,141
2025-07-17T20:32:16.600082,4,10,"[0, 1, 2, 3, 4, 5, 6, 7]",93.01580810546875,0.0,46.44097900390625,141,93.01580810546875,38.86540412902832,46.44097900390625,141
2025-07-17T20:32:16.611964,0,11,"[0, 1, 2, 4, 5, 6, 7]",93.01580810546875,0.0,46.44097900390625,141,93.01580810546875,38.86540412902832,46.44097900390625,141
2025-07-17T20:32:16.614008,1,11,"[0, 1, 2, 4, 5, 6, 7]",93.01580810546875,0.0,46.44097900390625,141,93.01580810546875,38.86540412902832,46.44097900390625,141
2025-07-17T20:32:16.621338,2,11,"[0, 1, 2, 3, 4, 5, 6, 7]",93.01580810546875,0.0,46.44097900390625,141,93.01580810546875,38.86540412902832,46.44097900390625,141
2025-07-17T20:32:16.628579,3,11,"[0, 1, 2, 4, 5, 6, 7]",93.01580810546875,0.0,46.44097900390625,141,93.01580810546875,38.86540412902832,46.44097900390625,141
2025-07-17T20:32:16.635546,4,11,"[0, 1, 2, 4, 5, 6, 7]",93.01580810546875,0.0,46.44097900390625,141,93.01580810546875,38.86540412902832,46.44097900390625,141
2025-07-17T20:32:16.642035,0,12,"[0, 1, 2, 3, 4, 5, 6]",93.01580810546875,0.0,46.44097900390625,141,93.01580810546875,38.86540412902832,46.44097900390625,141
2025-07-17T20:32:16.648699,1,12,"[0, 1, 3, 4, 5, 6]",93.01580810546875,0.0,46.44097900390625,141,93.01580810546875,38.86540412902832,46.44097900390625,141
2025-07-17T20:32:16.655871,2,12,"[0, 1, 2, 3, 4, 5, 6, 7]",93.01580810546875,0.0,46.44097900390625,141,93.01580810546875,38.86540412902832,46.44097900390625,141
2025-07-17T20:32:16.663100,3,12,"[0, 1, 3, 4, 5, 6]",93.01580810546875,0.0,46.44097900390625,141,93.01580810546875,38.86540412902832,46.44097900390625,141
2025-07-17T20:32:16.674811,4,12,"[0, 1, 3, 4, 5, 6]",93.01580810546875,0.0,46.44097900390625,141,93.01580810546875,38.86540412902832,46.44097900390625,141
2025-07-17T20:32:16.677761,0,13,"[0, 1, 2, 3, 4, 5, 6, 7]",93.01580810546875,0.0,46.44097900390625,141,93.01580810546875,38.86540412902832,46.44097900390625,141
2025-07-17T20:32:16.685443,1,13,"[0, 1, 2, 3, 4, 5, 6, 7]",93.01580810546875,0.0,46.44097900390625,141,93.01580810546875,38.86540412902832,46.44097900390625,141
2025-07-17T20:32:16.696955,2,13,"[0, 1, 2, 3, 4, 5, 6, 7]",93.01580810546875,0.0,46.44097900390625,141,93.01580810546875,38.86540412902832,46.44097900390625,141
2025-07-17T20:32:16.699181,3,13,"[0, 1, 2, 3, 4, 5, 6, 7]",93.01580810546875,0.0,46.44097900390625,141,93.01580810546875,38.86540412902832,46.44097900390625,141
2025-07-17T20:32:16.712128,4,13,"[0, 1, 2, 3, 4, 5, 6, 7]",93.01580810546875,0.0,46.44097900390625,141,93.01580810546875,38.86540412902832,46.44097900390625,141
2025-07-17T20:32:16.714665,0,14,"[0, 1, 2, 3, 4, 5, 6, 7]",93.01580810546875,0.0,46.44097900390625,141,93.01580810546875,38.86540412902832,46.44097900390625,141
2025-07-17T20:32:16.721673,1,14,"[0, 1, 3, 4, 5, 6, 7]",93.01580810546875,0.0,46.44097900390625,141,93.01580810546875,38.86540412902832,46.44097900390625,141
2025-07-17T20:32:16.728273,2,14,"[0, 1, 2, 3, 4, 5, 6, 7]",93.01580810546875,0.0,46.44097900390625,141,93.01580810546875,38.86540412902832,46.44097900390625,141
2025-07-17T20:32:16.735583,3,14,"[0, 1, 3, 4, 5, 6, 7]",93.01580810546875,0.0,46.44097900390625,141,93.01580810546875,38.86540412902832,46.44097900390625,141
2025-07-17T20:32:16.742039,4,14,"[0, 1, 3, 4, 5, 6, 7]",93.01580810546875,0.0,46.44097900390625,141,93.01580810546875,38.86540412902832,46.44097900390625,141
2025-07-17T20:32:16.748413,0,15,"[0, 1, 2, 3, 4, 5, 6, 7]",93.01580810546875,0.0,46.44097900390625,141,93.01580810546875,38.86540412902832,46.44097900390625,141
2025-07-17T20:32:16.756302,1,15,"[0, 1, 2, 3, 4, 5, 6, 7]",93.01580810546875,0.0,46.44097900390625,141,93.01580810546875,38.86540412902832,46.44097900390625,141
2025-07-17T20:32:16.763610,2,15,"[0, 1, 2, 3, 4, 5, 6, 7]",93.01580810546875,0.0,46.44097900390625,141,93.01580810546875,38.86540412902832,46.44097900390625,141
2025-07-17T20:32:16.770956,3,15,"[0, 1, 2, 3, 4, 5, 6, 7]",93.01580810546875,0.0,46.44097900390625,141,93.01580810546875,38.86540412902832,46.44097900390625,141
2025-07-17T20:32:16.778495,4,15,"[0, 1, 2, 3, 4, 5, 6, 7]",93.01580810546875,0.0,46.44097900390625,141,93.01580810546875,38.86540412902832,46.44097900390625,141
2025-07-17T20:32:16.786067,0,16,"[0, 1, 2, 3, 4, 5, 6, 7]",93.01580810546875,0.0,46.44097900390625,141,93.01580810546875,38.86540412902832,46.44097900390625,141
2025-07-17T20:32:16.797963,1,16,"[0, 1, 2, 3, 4, 5, 6, 7]",93.01580810546875,0.0,46.44097900390625,141,93.01580810546875,38.86540412902832,46.44097900390625,141
2025-07-17T20:32:16.800107,2,16,"[0, 1, 2, 3, 4, 5, 6, 7]",93.01580810546875,0.0,46.44097900390625,141,93.01580810546875,38.86540412902832,46.44097900390625,141
2025-07-17T20:32:16.806699,3,16,"[0, 1, 2, 3, 4, 5, 6, 7]",93.01580810546875,0.0,46.44097900390625,141,93.01580810546875,38.86540412902832,46.44097900390625,141
2025-07-17T20:32:16.813702,4,16,"[0, 1, 2, 3, 4, 5, 6, 7]",93.01580810546875,0.0,46.44097900390625,141,93.01580810546875,38.86540412902832,46.44097900390625,141
2025-07-17T20:32:16.821490,0,17,"[0, 1, 2, 3, 4, 5, 6, 7]",93.01580810546875,0.0,46.44097900390625,141,93.01580810546875,38.86540412902832,46.44097900390625,141
2025-07-17T20:32:16.829334,1,17,"[0, 1, 2, 4, 5, 6, 7]",93.01580810546875,0.0,46.44097900390625,141,93.01580810546875,38.86540412902832,46.44097900390625,141
2025-07-17T20:32:16.836654,2,17,"[0, 1, 2, 3, 4, 5, 6, 7]",93.01580810546875,0.0,46.44097900390625,141,93.01580810546875,38.86540412902832,46.44097900390625,141
2025-07-17T20:32:16.843315,3,17,"[0, 1, 2, 4, 5, 6, 7]",93.01580810546875,0.0,46.44097900390625,141,93.01580810546875,38.86540412902832,46.44097900390625,141
2025-07-17T20:32:16.850090,4,17,"[0, 1, 2, 4, 5, 6, 7]",93.01580810546875,0.0,46.44097900390625,141,93.01580810546875,38.86540412902832,46.44097900390625,141
2025-07-17T20:32:16.856140,0,18,"[0, 1, 2, 3, 4, 5, 6, 7]",93.01580810546875,0.0,46.44097900390625,141,93.01580810546875,38.86540412902832,46.44097900390625,141
2025-07-17T20:32:16.866199,1,18,"[0, 1, 2, 3, 4, 5, 6, 7]",93.01580810546875,0.0,46.44097900390625,141,93.01580810546875,38.86540412902832,46.44097900390625,141
2025-07-17T20:32:16.873395,2,18,"[0, 1, 2, 3, 4, 5, 6, 7]",93.01580810546875,0.0,46.44097900390625,141,93.01580810546875,38.86540412902832,46.44097900390625,141
2025-07-17T20:32:16.879453,3,18,"[0, 1, 2, 3, 4, 5, 6, 7]",93.01580810546875,0.0,46.44097900390625,141,93.01580810546875,38.86540412902832,46.44097900390625,141
2025-07-17T20:32:16.886595,4,18,"[0, 1, 2, 3, 4, 5, 6, 7]",93.01580810546875,0.0,46.44097900390625,141,93.01580810546875,38.86540412902832,46.44097900390625,141
2025-07-17T20:32:16.894374,0,19,"[0, 1, 2, 3, 4, 5, 6, 7]",93.01580810546875,0.0,46.44097900390625,141,93.01580810546875,38.86540412902832,46.44097900390625,141
2025-07-17T20:32:16.901262,1,19,"[0, 1, 2, 4, 5, 6, 7]",93.01580810546875,0.0,46.44097900390625,141,93.01580810546875,38.86540412902832,46.44097900390625,141
2025-07-17T20:32:16.909343,2,19,"[0, 1, 2, 3, 4, 5, 6, 7]",93.01580810546875,0.0,46.44097900390625,141,93.01580810546875,38.86540412902832,46.44097900390625,141
2025-07-17T20:32:16.916993,3,19,"[0, 1, 2, 4, 5, 6, 7]",93.01580810546875,0.0,46.44097900390625,141,93.01580810546875,38.86540412902832,46.44097900390625,141
2025-07-17T20:32:16.925953,4,19,"[0, 1, 2, 4, 5, 6, 7]",93.01580810546875,0.0,46.44097900390625,141,93.01580810546875,38.86540412902832,46.44097900390625,141
2025-07-17T20:32:16.928117,0,20,"[0, 1, 2, 3, 4, 5, 6, 7]",93.01580810546875,0.0,46.44097900390625,141,93.01580810546875,38.86540412902832,46.44097900390625,141
2025-07-17T20:32:16.935453,1,20,"[0, 2, 3, 4, 5, 6, 7]",93.01580810546875,0.0,46.44097900390625,141,93.01580810546875,38.86540412902832,46.44097900390625,141
2025-07-17T20:32:16.942569,2,20,"[0, 1, 2, 3, 4, 5, 6, 7]",93.01580810546875,0.0,46.44097900390625,141,93.01580810546875,38.86540412902832,46.44097900390625,141
2025-07-17T20:32:16.949257,3,20,"[0, 2, 3, 4, 5, 6, 7]",93.01580810546875,0.0,46.44097900390625,141,93.01580810546875,38.86540412902832,46.44097900390625,141
2025-07-17T20:32:16.960351,4,20,"[0, 2, 3, 4, 5, 6, 7]",93.01580810546875,0.0,46.44097900390625,141,93.01580810546875,38.86540412902832,46.44097900390625,141
2025-07-17T20:32:16.968126,0,21,"[0, 1, 2, 3, 4, 5, 6, 7]",93.01580810546875,0.0,46.44097900390625,141,93.01580810546875,38.86540412902832,46.44097900390625,141
2025-07-17T20:32:16.975241,1,21,"[0, 1, 2, 3, 4, 5, 6]",93.01580810546875,0.0,46.44097900390625,141,93.01580810546875,38.86540412902832,46.44097900390625,141
2025-07-17T20:32:16.983416,2,21,"[0, 1, 2, 3, 4, 5, 6, 7]",93.01580810546875,0.0,46.44097900390625,141,93.01580810546875,38.86540412902832,46.44097900390625,141
2025-07-17T20:32:16.985736,3,21,"[0, 1, 2, 3, 4, 5, 6]",93.01580810546875,0.0,46.44097900390625,141,93.01580810546875,38.86540412902832,46.44097900390625,141
2025-07-17T20:32:16.993193,4,21,"[0, 1, 2, 3, 4, 5, 6]",93.01580810546875,0.0,46.44097900390625,141,93.01580810546875,38.86540412902832,46.44097900390625,141
2025-07-17T20:32:16.999650,0,22,"[0, 1, 2, 3, 4, 5, 6, 7]",93.01580810546875,0.0,46.44097900390625,141,93.01580810546875,38.86540412902832,46.44097900390625,141
2025-07-17T20:32:17.012513,1,22,"[0, 1, 2, 3, 4, 5, 6]",93.01580810546875,0.0,46.44097900390625,141,93.01580810546875,38.86540412902832,46.44097900390625,141
2025-07-17T20:32:17.014495,2,22,"[0, 1, 2, 3, 4, 5, 6, 7]",93.01580810546875,0.0,46.44097900390625,141,93.01580810546875,38.86540412902832,46.44097900390625,141
2025-07-17T20:32:17.021385,3,22,"[0, 1, 2, 3, 4, 5, 6]",93.01580810546875,0.0,46.44097900390625,141,93.01580810546875,38.86540412902832,46.44097900390625,141
2025-07-17T20:32:17.032727,4,22,"[0, 1, 2, 3, 4, 5, 6]",93.01580810546875,0.0,46.44097900390625,141,93.01580810546875,38.86540412902832,46.44097900390625,141
2025-07-17T20:32:17.039967,0,23,"[0, 1, 2, 3, 4, 5, 6, 7]",93.01580810546875,0.0,46.44097900390625,141,93.01580810546875,38.86540412902832,46.44097900390625,141
2025-07-17T20:32:17.047715,1,23,"[0, 1, 2, 3, 4, 5, 6, 7]",93.01580810546875,0.0,46.44097900390625,141,93.01580810546875,38.86540412902832,46.44097900390625,141
2025-07-17T20:32:17.054732,2,23,"[0, 1, 2, 3, 4, 5, 6, 7]",93.01580810546875,0.0,46.44097900390625,141,93.01580810546875,38.86540412902832,46.44097900390625,141
2025-07-17T20:32:17.061319,3,23,"[0, 1, 2, 3, 4, 5, 6, 7]",93.01580810546875,0.0,46.44097900390625,141,93.01580810546875,38.86540412902832,46.44097900390625,141
2025-07-17T20:32:17.068108,4,23,"[0, 1, 2, 3, 4, 5, 6, 7]",93.01580810546875,0.0,46.44097900390625,141,93.01580810546875,38.86540412902832,46.44097900390625,141
2025-07-17T20:32:17.074564,0,24,"[0, 1, 2, 3, 4, 5, 6, 7]",93.01580810546875,0.0,46.44097900390625,141,93.01580810546875,38.86540412902832,46.44097900390625,141
2025-07-17T20:32:17.081005,1,24,"[0, 1, 2, 3, 4, 5, 6, 7]",93.01580810546875,0.0,46.44097900390625,141,93.01580810546875,38.86540412902832,46.44097900390625,141
2025-07-17T20:32:17.088030,2,24,"[0, 1, 2, 3, 4, 5, 6, 7]",93.01580810546875,0.0,46.44097900390625,141,93.01580810546875,38.86540412902832,46.44097900390625,141
2025-07-17T20:32:17.094915,3,24,"[0, 1, 2, 3, 4, 5, 6, 7]",93.01580810546875,0.0,46.44097900390625,141,93.01580810546875,38.86540412902832,46.44097900390625,141
2025-07-17T20:32:17.101579,4,24,"[0, 1, 2, 3, 4, 5, 6, 7]",93.01580810546875,0.0,46.44097900390625,141,93.01580810546875,38.86540412902832,46.44097900390625,141
2025-07-17T20:32:17.108627,0,25,"[0, 1, 2, 3, 4, 5, 6, 7]",93.01580810546875,0.0,46.44097900390625,141,93.01580810546875,38.86540412902832,46.44097900390625,141
2025-07-17T20:32:17.116067,1,25,"[0, 1, 2, 3, 4, 5, 6, 7]",93.01580810546875,0.0,46.44097900390625,141,93.01580810546875,38.86540412902832,46.44097900390625,141
2025-07-17T20:32:17.123086,2,25,"[0, 1, 2, 3, 4, 5, 6, 7]",93.01580810546875,0.0,46.44097900390625,141,93.01580810546875,38.86540412902832,46.44097900390625,141
2025-07-17T20:32:17.131067,3,25,"[0, 1, 2, 3, 4, 5, 6, 7]",93.01580810546875,0.0,46.44097900390625,141,93.01580810546875,38.86456489562988,46.44097900390625,141
2025-07-17T20:32:17.139205,4,25,"[0, 1, 2, 3, 4, 5, 6, 7]",93.01580810546875,0.0,46.44097900390625,141,93.01580810546875,38.86540412902832,46.44097900390625,141
2025-07-17T20:32:17.146455,0,26,"[0, 1, 2, 3, 4, 5, 6, 7]",93.01580810546875,0.0,46.44097900390625,141,93.01580810546875,38.86482238769531,46.44097900390625,141
2025-07-17T20:32:17.153716,1,26,"[0, 1, 2, 3, 4, 5, 6, 7]",93.01580810546875,0.0,46.44097900390625,141,93.01580810546875,38.86482238769531,46.44097900390625,141
2025-07-17T20:32:17.161075,2,26,"[0, 1, 2, 3, 4, 5, 6, 7]",93.01580810546875,0.0,46.44097900390625,141,93.01580810546875,38.86482238769531,46.44097900390625,141
2025-07-17T20:32:17.168084,3,26,"[0, 1, 2, 3, 4, 5, 6, 7]",93.01580810546875,0.0,46.44097900390625,141,93.01580810546875,38.86540412902832,46.44097900390625,141
2025-07-17T20:32:17.174796,4,26,"[0, 1, 2, 3, 4, 5, 6, 7]",93.01580810546875,0.0,46.44097900390625,141,93.01580810546875,38.86540412902832,46.44097900390625,141
2025-07-17T20:32:17.181423,0,27,"[0, 1, 2, 3, 4, 5, 6, 7]",93.01580810546875,0.0,46.44097900390625,141,93.01580810546875,38.86540412902832,46.44097900390625,141
2025-07-17T20:32:17.188383,1,27,"[0, 1, 2, 3, 5, 6, 7]",93.01580810546875,0.0,46.44097900390625,141,93.01580810546875,38.86540412902832,46.44097900390625,141
2025-07-17T20:32:17.198158,2,27,"[0, 1, 2, 3, 4, 5, 6, 7]",93.01580810546875,0.0,46.44097900390625,141,93.01580810546875,38.86540412902832,46.44097900390625,141
2025-07-17T20:32:17.205523,3,27,"[0, 1, 2, 3, 5, 6, 7]",93.01580810546875,0.0,46.44097900390625,141,93.01580810546875,38.86482238769531,46.44097900390625,141
2025-07-17T20:32:17.212052,4,27,"[0, 1, 2, 3, 5, 6, 7]",93.01580810546875,0.0,46.44097900390625,141,93.01580810546875,38.86456489562988,46.44097900390625,141
2025-07-17T20:32:17.218670,0,28,"[0, 1, 2, 3, 4, 5, 6, 7]",93.01580810546875,0.0,46.44097900390625,141,93.01580810546875,38.86456489562988,46.44097900390625,141
2025-07-17T20:32:17.225506,1,28,"[0, 1, 2, 3, 4, 5, 6, 7]",93.01580810546875,0.0,46.44097900390625,141,93.01580810546875,38.86456489562988,46.44097900390625,141
2025-07-17T20:32:17.234122,2,28,"[0, 1, 2, 3, 4, 5, 6, 7]",93.01580810546875,0.0,46.44097900390625,141,93.01580810546875,38.86540412902832,46.44097900390625,141
2025-07-17T20:32:17.240900,3,28,"[0, 1, 2, 3, 4, 5, 6, 7]",93.01580810546875,0.0,46.44097900390625,141,93.01580810546875,38.86540412902832,46.44097900390625,141
2025-07-17T20:32:17.247511,4,28,"[0, 1, 2, 3, 4, 5, 6, 7]",93.01580810546875,0.0,46.44097900390625,141,93.01580810546875,38.86540412902832,46.44097900390625,141
2025-07-17T20:32:17.255032,0,29,"[0, 1, 2, 3, 4, 5, 6, 7]",93.01580810546875,0.0,46.44097900390625,141,93.01580810546875,38.86540412902832,46.44097900390625,141
2025-07-17T20:32:17.262337,1,29,"[1, 2, 3, 4, 5, 7]",93.01580810546875,0.0,46.44097900390625,141,93.01580810546875,38.86540412902832,46.44097900390625,141
2025-07-17T20:32:17.265018,2,29,"[0, 1, 2, 3, 4, 5, 6, 7]",93.01580810546875,0.0,46.44097900390625,141,93.01580810546875,38.86540412902832,46.44097900390625,141
2025-07-17T20:32:17.276800,3,29,"[1, 2, 3, 4, 5, 7]",93.01580810546875,0.0,46.44097900390625,141,93.01580810546875,38.86540412902832,46.44097900390625,141
2025-07-17T20:32:17.279525,4,29,"[1, 2, 3, 4, 5, 7]",93.01580810546875,0.0,46.44097900390625,141,93.01580810546875,38.86540412902832,46.44097900390625,141
2025-07-17T20:32:17.291923,0,30,"[0, 1, 2, 3, 4, 5, 6, 7]",93.01580810546875,0.0,46.44097900390625,141,93.01580810546875,38.86540412902832,46.44097900390625,141
2025-07-17T20:32:17.299169,1,30,"[0, 1, 2, 3, 4, 5, 6, 7]",93.01580810546875,0.0,46.44097900390625,141,93.01580810546875,38.86482238769531,46.44097900390625,141
2025-07-17T20:32:17.306115,2,30,"[0, 1, 2, 3, 4, 5, 6, 7]",93.01580810546875,0.0,46.44097900390625,141,93.01580810546875,38.86456489562988,46.44097900390625,141
2025-07-17T20:32:17.314765,3,30,"[0, 1, 2, 3, 4, 5, 6, 7]",93.01580810546875,0.0,46.44097900390625,141,93.01580810546875,38.86540412902832,46.44097900390625,141
2025-07-17T20:32:17.317313,4,30,"[0, 1, 2, 3, 4, 5, 6, 7]",93.01580810546875,0.0,46.44097900390625,141,93.01580810546875,38.86482238769531,46.44097900390625,141
2025-07-17T20:32:17.328421,0,31,"[0, 1, 2, 3, 4, 5, 6, 7]",93.01580810546875,0.0,46.44097900390625,141,93.01580810546875,38.87229824066162,46.44097900390625,141
2025-07-17T20:32:17.337584,1,31,"[0, 2, 3, 4, 5, 6, 7]",93.01580810546875,0.0,46.44097900390625,141,93.01580810546875,38.86967182159424,46.44097900390625,141
2025-07-17T20:32:17.341876,2,31,"[0, 1, 2, 3, 4, 5, 6, 7]",93.01580810546875,0.0,46.44097900390625,141,93.01580810546875,38.86646366119385,46.44097900390625,141
2025-07-17T20:32:17.350260,3,31,"[0, 2, 3, 4, 5, 6, 7]",93.01580810546875,0.0,46.44097900390625,141,93.01580810546875,38.86299800872803,46.44097900390625,141
2025-07-17T20:32:17.356638,4,31,"[0, 2, 3, 4, 5, 6, 7]",93.01580810546875,0.0,46.44097900390625,141,93.01580810546875,38.86002254486084,46.44097900390625,141
2025-07-17T20:32:17.372991,0,0,"[0, 1, 2, 3, 4, 5, 6, 7]",93.01580810546875,0.0,46.44097900390625,141,93.01580810546875,38.85531425476074,46.44097900390625,141
2025-07-17T20:32:17.375884,1,0,"[0, 2, 3, 5, 6, 7]",93.01580810546875,0.0,46.44097900390625,141,93.01580810546875,38.85852241516113,46.44097900390625,141
2025-07-17T20:32:17.390810,2,0,"[0, 2, 3, 4, 5, 6, 7]",93.01580810546875,0.0,46.44097900390625,141,93.01580810546875,38.86149787902832,46.44097900390625,141
2025-07-17T20:32:17.393531,3,0,"[0, 2, 3, 5, 6, 7]",93.01580810546875,0.0,46.44097900390625,141,93.01580810546875,38.86438179016113,46.44097900390625,141
2025-07-17T20:32:17.400763,4,0,"[0, 2, 3, 5, 6, 7]",93.01580810546875,0.0,46.44097900390625,141,93.01580810546875,38.86540412902832,46.44097900390625,141
2025-07-17T20:32:17.412027,0,1,"[0, 1, 2, 3, 4, 5, 6, 7]",93.01580810546875,0.0,46.44097900390625,141,93.01580810546875,38.86540412902832,46.44097900390625,141
2025-07-17T20:32:17.414483,1,1,"[0, 1, 2, 3, 4, 5, 6, 7]",93.01580810546875,0.0,46.44097900390625,141,93.01580810546875,38.86540412902832,46.44097900390625,141
2025-07-17T20:32:17.427358,2,1,"[0, 1, 2, 3, 4, 5, 6, 7]",93.01580810546875,0.0,46.44097900390625,141,93.01580810546875,38.86540412902832,46.44097900390625,141
2025-07-17T20:32:17.429695,3,1,"[0, 1, 2, 3, 4, 5, 6, 7]",93.01580810546875,0.0,46.44097900390625,141,93.01580810546875,38.86540412902832,46.44097900390625,141
2025-07-17T20:32:17.436355,4,1,"[0, 1, 2, 3, 4, 5, 6, 7]",93.01580810546875,0.0,46.44097900390625,141,93.01580810546875,38.86540412902832,46.44097900390625,141
2025-07-17T20:32:17.443777,0,2,"[0, 1, 2, 3, 4, 5, 6, 7]",93.01580810546875,0.0,46.44097900390625,141,93.01580810546875,38.86540412902832,46.44097900390625,141
2025-07-17T20:32:17.450708,1,2,"[0, 1, 2, 3, 4, 5, 7]",93.01580810546875,0.0,46.44097900390625,141,93.01580810546875,38.86540412902832,46.44097900390625,141
2025-07-17T20:32:17.462613,2,2,"[0, 1, 2, 3, 4, 5, 6, 7]",93.01580810546875,0.0,46.44097900390625,141,93.01580810546875,38.86540412902832,46.44097900390625,141
2025-07-17T20:32:17.464432,3,2,"[0, 1, 2, 3, 4, 5, 7]",93.01580810546875,0.0,46.44097900390625,141,93.01580810546875,38.86540412902832,46.44097900390625,141
2025-07-17T20:32:17.472365,4,2,"[0, 1, 2, 3, 4, 5, 7]",93.01580810546875,0.0,46.44097900390625,141,93.01580810546875,38.86540412902832,46.44097900390625,141
2025-07-17T20:32:17.479209,0,3,"[0, 1, 2, 3, 4, 5, 6, 7]",93.01580810546875,0.0,46.44097900390625,141,93.01580810546875,38.86540412902832,46.44097900390625,141
2025-07-17T20:32:17.490881,1,3,"[1, 2, 3, 4, 5, 6, 7]",93.01580810546875,0.0,46.44097900390625,141,93.01580810546875,38.86540412902832,46.44097900390625,141
2025-07-17T20:32:17.493386,2,3,"[0, 1, 2, 3, 4, 5, 6, 7]",93.01580810546875,0.0,46.44097900390625,141,93.01580810546875,38.86540412902832,46.44097900390625,141
2025-07-17T20:32:17.505200,3,3,"[1, 2, 3, 4, 5, 6, 7]",93.01580810546875,0.0,46.44097900390625,141,93.01580810546875,38.86540412902832,46.44097900390625,141
2025-07-17T20:32:17.507457,4,3,"[1, 2, 3, 4, 5, 6, 7]",93.01580810546875,0.0,46.44097900390625,141,93.01580810546875,38.86540412902832,46.44097900390625,141
2025-07-17T20:32:17.515529,0,4,"[0, 1, 2, 3, 4, 5, 6, 7]",93.01580810546875,0.0,46.44097900390625,141,93.01580810546875,38.86540412902832,46.44097900390625,141
2025-07-17T20:32:17.522619,1,4,"[0, 1, 2, 3, 4, 5, 6]",93.01580810546875,0.0,46.44097900390625,141,93.01580810546875,38.86540412902832,46.44097900390625,141
2025-07-17T20:32:17.534786,2,4,"[0, 1, 2, 3, 4, 5, 6, 7]",93.01580810546875,0.0,46.44097900390625,141,93.01580810546875,38.86540412902832,46.44097900390625,141
2025-07-17T20:32:17.537386,3,4,"[0, 1, 2, 3, 4, 5, 6]",93.01580810546875,0.0,46.44097900390625,141,93.01580810546875,38.86540412902832,46.44097900390625,141
2025-07-17T20:32:17.544613,4,4,"[0, 1, 2, 3, 4, 5, 6]",93.01580810546875,0.0,46.44097900390625,141,93.01580810546875,38.86540412902832,46.44097900390625,141
2025-07-17T20:32:17.552198,0,5,"[0, 1, 2, 3, 4, 5, 6, 7]",93.01580810546875,0.0,46.44097900390625,141,93.01580810546875,38.86540412902832,46.44097900390625,141
2025-07-17T20:32:17.559693,1,5,"[0, 1, 2, 3, 4, 5, 6, 7]",93.01580810546875,0.0,46.44097900390625,141,93.01580810546875,38.86540412902832,46.44097900390625,141
2025-07-17T20:32:17.566955,2,5,"[0, 1, 2, 3, 4, 5, 6, 7]",93.01580810546875,0.0,46.44097900390625,141,93.01580810546875,38.86540412902832,46.44097900390625,141
2025-07-17T20:32:17.579809,3,5,"[0, 1, 2, 3, 4, 5, 6, 7]",93.01580810546875,0.0,46.44097900390625,141,93.01580810546875,38.86540412902832,46.44097900390625,141
2025-07-17T20:32:17.581931,4,5,"[0, 1, 2, 3, 4, 5, 6, 7]",93.01580810546875,0.0,46.44097900390625,141,93.01580810546875,38.86540412902832,46.44097900390625,141
2025-07-17T20:32:17.588372,0,6,"[0, 1, 2, 3, 4, 5, 6, 7]",93.01580810546875,0.0,46.44097900390625,141,93.01580810546875,38.86540412902832,46.44097900390625,141
2025-07-17T20:32:17.595730,1,6,"[0, 1, 2, 3, 4, 5, 6, 7]",93.01580810546875,0.0,46.44097900390625,141,93.01580810546875,38.86540412902832,46.44097900390625,141
2025-07-17T20:32:17.603103,2,6,"[0, 1, 2, 3, 4, 5, 7]",93.01580810546875,0.0,46.44097900390625,141,93.01580810546875,38.86540412902832,46.44097900390625,141
2025-07-17T20:32:17.609945,3,6,"[0, 1, 2, 3, 4, 5, 6, 7]",93.01580810546875,0.0,46.44097900390625,141,93.01580810546875,38.86540412902832,46.44097900390625,141
2025-07-17T20:32:17.617362,4,6,"[0, 1, 2, 3, 4, 5, 6, 7]",93.01580810546875,0.0,46.44097900390625,141,93.01580810546875,38.86540412902832,46.44097900390625,141
2025-07-17T20:32:17.628554,0,7,"[0, 1, 2, 3, 4, 5, 6, 7]",93.01580810546875,0.0,46.44097900390625,141,93.01580810546875,38.86540412902832,46.44097900390625,141
2025-07-17T20:32:17.636743,1,7,"[0, 1, 2, 3, 4, 5, 6, 7]",93.01580810546875,0.0,46.44097900390625,141,93.01580810546875,38.86540412902832,46.44097900390625,141
2025-07-17T20:32:17.644425,2,7,"[0, 1, 2, 3, 4, 5, 6, 7]",93.01580810546875,0.0,46.44097900390625,141,93.01580810546875,38.86540412902832,46.44097900390625,141
2025-07-17T20:32:17.647170,3,7,"[0, 1, 2, 3, 4, 5, 6, 7]",93.01580810546875,0.0,46.44097900390625,141,93.01580810546875,38.86540412902832,46.44097900390625,141
2025-07-17T20:32:17.659512,4,7,"[0, 1, 2, 3, 4, 5, 6, 7]",93.01580810546875,0.0,46.44097900390625,141,93.01580810546875,38.86540412902832,46.44097900390625,141
2025-07-17T20:32:17.667507,0,8,"[1, 2, 3, 4, 5, 6, 7]",93.01580810546875,0.0,46.44097900390625,141,93.01580810546875,38.86540412902832,46.44097900390625,141
2025-07-17T20:32:17.670063,1,8,"[0, 1, 2, 3, 4, 5, 6, 7]",93.01580810546875,0.0,46.44097900390625,141,93.01580810546875,38.86540412902832,46.44097900390625,141
2025-07-17T20:32:17.681202,2,8,"[0, 1, 2, 3, 4, 5, 6, 7]",93.01580810546875,0.0,46.44097900390625,141,93.01580810546875,38.86540412902832,46.44097900390625,141
2025-07-17T20:32:17.688254,3,8,"[0, 1, 2, 3, 4, 5, 6, 7]",93.01580810546875,0.0,46.44097900390625,141,93.01580810546875,38.86540412902832,46.44097900390625,141
2025-07-17T20:32:17.695313,4,8,"[0, 1, 2, 3, 4, 5, 6, 7]",93.01580810546875,0.0,46.44097900390625,141,93.01580810546875,38.86540412902832,46.44097900390625,141
2025-07-17T20:32:17.702073,0,9,"[0, 1, 2, 3, 4, 5, 6, 7]",93.01580810546875,0.0,46.44097900390625,141,93.01580810546875,38.86540412902832,46.44097900390625,141
2025-07-17T20:32:17.709177,1,9,"[0, 1, 2, 4, 5, 6, 7]",93.01580810546875,0.0,46.44097900390625,141,93.01580810546875,38.86540412902832,46.44097900390625,141
2025-07-17T20:32:17.715768,2,9,"[0, 1, 2, 3, 5, 6, 7]",93.01580810546875,0.0,46.44097900390625,141,93.01580810546875,38.86540412902832,46.44097900390625,141
2025-07-17T20:32:17.722560,3,9,"[0, 1, 2, 4, 5, 6, 7]",93.01580810546875,0.0,46.44097900390625,141,93.01580810546875,38.86540412902832,46.44097900390625,141
2025-07-17T20:32:17.729841,4,9,"[0, 1, 2, 4, 5, 6, 7]",93.01580810546875,0.0,46.44097900390625,141,93.01580810546875,38.86540412902832,46.44097900390625,141
2025-07-17T20:32:17.732268,0,10,"[0, 1, 2, 3, 4, 5, 6, 7]",93.01580810546875,0.0,46.44097900390625,141,93.01580810546875,38.86540412902832,46.44097900390625,141
2025-07-17T20:32:17.743090,1,10,"[0, 1, 2, 3, 4, 5, 6, 7]",93.01580810546875,0.0,46.44097900390625,141,93.01580810546875,38.86540412902832,46.44097900390625,141
2025-07-17T20:32:17.750075,2,10,"[0, 1, 2, 3, 4, 5, 6, 7]",93.01580810546875,0.0,46.44097900390625,141,93.01580810546875,38.86540412902832,46.44097900390625,141
2025-07-17T20:32:17.756601,3,10,"[0, 1, 2, 3, 4, 5, 6, 7]",93.01580810546875,0.0,46.44097900390625,141,93.01580810546875,38.86540412902832,46.44097900390625,141
2025-07-17T20:32:17.763905,4,10,"[0, 1, 2, 3, 4, 5, 6, 7]",93.01580810546875,0.0,46.44097900390625,141,93.01580810546875,38.86540412902832,46.44097900390625,141
2025-07-17T20:32:17.770137,0,11,"[0, 1, 2, 3, 4, 5, 6, 7]",93.01580810546875,0.0,46.44097900390625,141,93.01580810546875,38.86540412902832,46.44097900390625,141
2025-07-17T20:32:17.776818,1,11,"[0, 1, 2, 4, 5, 6, 7]",93.01580810546875,0.0,46.44097900390625,141,93.01580810546875,38.86540412902832,46.44097900390625,141
2025-07-17T20:32:17.783268,2,11,"[0, 1, 2, 3, 4, 5, 6, 7]",93.01580810546875,0.0,46.44097900390625,141,93.01580810546875,38.86540412902832,46.44097900390625,141
2025-07-17T20:32:17.789921,3,11,"[0, 1, 2, 4, 5, 6, 7]",93.01580810546875,0.0,46.44097900390625,141,93.01580810546875,38.86540412902832,46.44097900390625,141
2025-07-17T20:32:17.796540,4,11,"[0, 1, 2, 4, 5, 6, 7]",93.01580810546875,0.0,46.44097900390625,141,93.01580810546875,38.86540412902832,46.44097900390625,141
2025-07-17T20:32:17.803029,0,12,"[0, 1, 2, 3, 4, 5, 6, 7]",93.01580810546875,0.0,46.44097900390625,141,93.01580810546875,38.86540412902832,46.44097900390625,141
2025-07-17T20:32:17.809921,1,12,"[0, 1, 2, 3, 4, 5, 6]",93.01580810546875,0.0,46.44097900390625,141,93.01580810546875,38.86540412902832,46.44097900390625,141
2025-07-17T20:32:17.816235,2,12,"[0, 1, 2, 3, 4, 6, 7]",93.01580810546875,0.0,46.44097900390625,141,93.01580810546875,38.86540412902832,46.44097900390625,141
2025-07-17T20:32:17.822988,3,12,"[0, 1, 2, 3, 4, 5, 6]",93.01580810546875,0.0,46.44097900390625,141,93.01580810546875,38.86540412902832,46.44097900390625,141
2025-07-17T20:32:17.830097,4,12,"[0, 1, 2, 3, 4, 5, 6]",93.01580810546875,0.0,46.44097900390625,141,93.01580810546875,38.86540412902832,46.44097900390625,141
2025-07-17T20:32:17.837714,0,13,"[0, 1, 2, 3, 5, 6, 7]",93.01580810546875,0.0,46.44097900390625,141,93.01580810546875,38.86540412902832,46.44097900390625,141
2025-07-17T20:32:17.844220,1,13,"[0, 1, 2, 3, 4, 5, 6, 7]",93.01580810546875,0.0,46.44097900390625,141,93.01580810546875,38.86540412902832,46.44097900390625,141
2025-07-17T20:32:17.852015,2,13,"[0, 1, 2, 3, 4, 5, 6, 7]",93.01580810546875,0.0,46.44097900390625,141,93.01580810546875,38.86540412902832,46.44097900390625,141
2025-07-17T20:32:17.858954,3,13,"[0, 1, 2, 3, 4, 5, 6, 7]",93.01580810546875,0.0,46.44097900390625,141,93.01580810546875,38.86540412902832,46.44097900390625,141
2025-07-17T20:32:17.865836,4,13,"[0, 1, 2, 3, 4, 5, 6, 7]",93.01580810546875,0.0,46.44097900390625,141,93.01580810546875,38.86540412902832,46.44097900390625,141
2025-07-17T20:32:17.873333,0,14,"[0, 1, 2, 3, 4, 5, 6, 7]",93.01580810546875,0.0,46.44097900390625,141,93.01580810546875,38.86540412902832,46.44097900390625,141
2025-07-17T20:32:17.879659,1,14,"[0, 3, 4, 5, 6, 7]",93.01580810546875,0.0,46.44097900390625,141,93.01580810546875,38.86540412902832,46.44097900390625,141
2025-07-17T20:32:17.886152,2,14,"[0, 1, 2, 3, 4, 5, 6, 7]",93.01580810546875,0.0,46.44097900390625,141,93.01580810546875,38.86540412902832,46.44097900390625,141
2025-07-17T20:32:17.892483,3,14,"[0, 3, 4, 5, 6, 7]",93.01580810546875,0.0,46.44097900390625,141,93.01580810546875,38.86540412902832,46.44097900390625,141
2025-07-17T20:32:17.899103,4,14,"[0, 3, 4, 5, 6, 7]",93.01580810546875,0.0,46.44097900390625,141,93.01580810546875,38.86540412902832,46.44097900390625,141
2025-07-17T20:32:17.907142,0,15,"[0, 1, 2, 3, 4, 5, 6, 7]",93.01580810546875,0.0,46.44097900390625,141,93.01580810546875,38.86540412902832,46.44097900390625,141
2025-07-17T20:32:17.914919,1,15,"[0, 1, 2, 3, 4, 5, 6, 7]",93.01580810546875,0.0,46.44097900390625,141,93.01580810546875,38.86540412902832,46.44097900390625,141
2025-07-17T20:32:17.922442,2,15,"[0, 1, 2, 3, 4, 5, 6, 7]",93.01580810546875,0.0,46.44097900390625,141,93.01580810546875,38.86540412902832,46.44097900390625,141
2025-07-17T20:32:17.930979,3,15,"[0, 1, 2, 3, 4, 5, 6, 7]",93.01580810546875,0.0,46.44097900390625,141,93.01580810546875,38.86540412902832,46.44097900390625,141
2025-07-17T20:32:17.939666,4,15,"[0, 1, 2, 3, 4, 5, 6, 7]",93.01580810546875,0.0,46.44097900390625,141,93.01580810546875,38.86540412902832,46.44097900390625,141
2025-07-17T20:32:17.942049,0,16,"[0, 1, 2, 3, 4, 5, 6, 7]",93.01580810546875,0.0,46.44097900390625,141,93.01580810546875,38.86540412902832,46.44097900390625,141
2025-07-17T20:32:17.949964,1,16,"[0, 1, 2, 3, 4, 5, 6, 7]",93.01580810546875,0.0,46.44097900390625,141,93.01580810546875,38.86540412902832,46.44097900390625,141
2025-07-17T20:32:17.962202,2,16,"[0, 1, 2, 3, 5, 6, 7]",93.01580810546875,0.0,46.44097900390625,141,93.01580810546875,38.86540412902832,46.44097900390625,141
2025-07-17T20:32:17.969442,3,16,"[0, 1, 2, 3, 4, 5, 6, 7]",93.01580810546875,0.0,46.44097900390625,141,93.01580810546875,38.86540412902832,46.44097900390625,141
2025-07-17T20:32:17.971407,4,16,"[0, 1, 2, 3, 4, 5, 6, 7]",93.01580810546875,0.0,46.44097900390625,141,93.01580810546875,38.86540412902832,46.44097900390625,141
2025-07-17T20:32:17.978284,0,17,"[0, 1, 2, 3, 4, 5, 6, 7]",93.01580810546875,0.0,46.44097900390625,141,93.01580810546875,38.86540412902832,46.44097900390625,141
2025-07-17T20:32:17.985422,1,17,"[0, 1, 2, 3, 4, 5, 6, 7]",93.01580810546875,0.0,46.44097900390625,141,93.01580810546875,38.86540412902832,46.44097900390625,141
2025-07-17T20:32:17.992949,2,17,"[0, 1, 2, 3, 4, 5, 6, 7]",93.01580810546875,0.0,46.44097900390625,141,93.01580810546875,38.86540412902832,46.44097900390625,141
2025-07-17T20:32:17.999870,3,17,"[0, 1, 2, 3, 4, 5, 6, 7]",93.01580810546875,0.0,46.44097900390625,141,93.01580810546875,38.86540412902832,46.44097900390625,141
2025-07-17T20:32:18.006773,4,17,"[0, 1, 2, 3, 4, 5, 6, 7]",93.01580810546875,0.0,46.44097900390625,141,93.01580810546875,38.86540412902832,46.44097900390625,141
2025-07-17T20:32:18.014610,0,18,"[0, 1, 2, 3, 4, 5, 6, 7]",93.01580810546875,0.0,46.44097900390625,141,93.01580810546875,38.86540412902832,46.44097900390625,141
2025-07-17T20:32:18.021526,1,18,"[0, 1, 2, 3, 4, 5, 6, 7]",93.01580810546875,0.0,46.44097900390625,141,93.01580810546875,38.86540412902832,46.44097900390625,141
2025-07-17T20:32:18.028208,2,18,"[0, 1, 2, 3, 4, 5, 6, 7]",93.01580810546875,0.0,46.44097900390625,141,93.01580810546875,38.86540412902832,46.44097900390625,141
2025-07-17T20:32:18.034753,3,18,"[0, 1, 2, 3, 4, 5, 6, 7]",93.01580810546875,0.0,46.44097900390625,141,93.01580810546875,38.86540412902832,46.44097900390625,141
2025-07-17T20:32:18.047426,4,18,"[0, 1, 2, 3, 4, 5, 6, 7]",93.01580810546875,0.0,46.44097900390625,141,93.01580810546875,38.86540412902832,46.44097900390625,141
2025-07-17T20:32:18.049574,0,19,"[0, 1, 2, 3, 4, 5, 6, 7]",93.01580810546875,0.0,46.44097900390625,141,93.01580810546875,38.86540412902832,46.44097900390625,141
2025-07-17T20:32:18.062093,1,19,"[0, 1, 2, 3, 4, 5, 6, 7]",93.01580810546875,0.0,46.44097900390625,141,93.01580810546875,38.86540412902832,46.44097900390625,141
2025-07-17T20:32:18.063960,2,19,"[0, 1, 2, 3, 4, 5, 6, 7]",93.01580810546875,0.0,46.44097900390625,141,93.01580810546875,38.86540412902832,46.44097900390625,141
2025-07-17T20:32:18.071936,3,19,"[0, 1, 2, 3, 4, 5, 6, 7]",93.01580810546875,0.0,46.44097900390625,141,93.01580810546875,38.86540412902832,46.44097900390625,141
2025-07-17T20:32:18.078504,4,19,"[0, 1, 2, 3, 4, 5, 6, 7]",93.01580810546875,0.0,46.44097900390625,141,93.01580810546875,38.86540412902832,46.44097900390625,141
2025-07-17T20:32:18.085758,0,20,"[0, 1, 2, 3, 4, 5, 6, 7]",93.01580810546875,0.0,46.44097900390625,141,93.01580810546875,38.86540412902832,46.44097900390625,141
2025-07-17T20:32:18.093183,1,20,"[0, 1, 2, 3, 4, 5, 6, 7]",93.01580810546875,0.0,46.44097900390625,141,93.01580810546875,38.86540412902832,46.44097900390625,141
2025-07-17T20:32:18.100627,2,20,"[0, 1, 2, 3, 4, 5, 6, 7]",93.01580810546875,0.0,46.44097900390625,141,93.01580810546875,38.86540412902832,46.44097900390625,141
2025-07-17T20:32:18.107517,3,20,"[0, 1, 2, 3, 4, 5, 6, 7]",93.01580810546875,0.0,46.44097900390625,141,93.01580810546875,38.86540412902832,46.44097900390625,141
2025-07-17T20:32:18.114719,4,20,"[0, 1, 2, 3, 4, 5, 6, 7]",93.01580810546875,0.0,46.44097900390625,141,93.01580810546875,38.86540412902832,46.44097900390625,141
2025-07-17T20:32:18.121451,0,21,"[0, 1, 2, 3, 4, 5, 6, 7]",93.01580810546875,0.0,46.44097900390625,141,93.01580810546875,38.86540412902832,46.44097900390625,141
2025-07-17T20:32:18.128325,1,21,"[0, 1, 2, 3, 4, 5, 6, 7]",93.01580810546875,0.0,46.44097900390625,141,93.01580810546875,38.86540412902832,46.44097900390625,141
2025-07-17T20:32:18.135616,2,21,"[0, 1, 2, 3, 4, 5, 6, 7]",93.01580810546875,0.0,46.44097900390625,141,93.01580810546875,38.86540412902832,46.44097900390625,141
2025-07-17T20:32:18.143233,3,21,"[0, 1, 2, 3, 4, 5, 6, 7]",93.01580810546875,0.0,46.44097900390625,141,93.01580810546875,38.86540412902832,46.44097900390625,141
2025-07-17T20:32:18.150019,4,21,"[0, 1, 2, 3, 4, 5, 6, 7]",93.01580810546875,0.0,46.44097900390625,141,93.01580810546875,38.86540412902832,46.44097900390625,141
2025-07-17T20:32:18.160966,0,22,"[0, 1, 2, 3, 4, 5, 6, 7]",93.01580810546875,0.0,46.44097900390625,141,93.01580810546875,38.86540412902832,46.44097900390625,141
2025-07-17T20:32:18.168049,1,22,"[1, 2, 3, 4, 5, 6, 7]",93.01580810546875,0.0,46.44097900390625,141,93.01580810546875,38.86482238769531,46.44097900390625,141
2025-07-17T20:32:18.174703,2,22,"[0, 1, 2, 3, 4, 5, 6, 7]",93.01580810546875,0.0,46.44097900390625,141,93.01580810546875,38.86482238769531,46.44097900390625,141
2025-07-17T20:32:18.180916,3,22,"[1, 2, 3, 4, 5, 6, 7]",93.01580810546875,0.0,46.44097900390625,141,93.01580810546875,38.86456489562988,46.44097900390625,141
2025-07-17T20:32:18.188593,4,22,"[1, 2, 3, 4, 5, 6, 7]",93.01580810546875,0.0,46.44097900390625,141,93.01580810546875,38.86456489562988,46.44097900390625,141
2025-07-17T20:32:18.195237,0,23,"[0, 1, 2, 3, 4, 5, 6, 7]",93.01580810546875,0.0,46.44097900390625,141,93.01580810546875,38.86456489562988,46.44097900390625,141
2025-07-17T20:32:18.202781,1,23,"[0, 1, 2, 3, 4, 5, 6]",93.01580810546875,0.0,46.44097900390625,141,93.01580810546875,38.86540412902832,46.44097900390625,141
2025-07-17T20:32:18.210213,2,23,"[0, 1, 2, 3, 4, 5, 6, 7]",93.01580810546875,0.0,46.44097900390625,141,93.01580810546875,38.86540412902832,46.44097900390625,141
2025-07-17T20:32:18.217765,3,23,"[0, 1, 2, 3, 4, 5, 6]",93.01580810546875,0.0,46.44097900390625,141,93.01580810546875,38.86540412902832,46.44097900390625,141
2025-07-17T20:32:18.225235,4,23,"[0, 1, 2, 3, 4, 5, 6]",93.01580810546875,0.0,46.44097900390625,141,93.01580810546875,38.86540412902832,46.44097900390625,141
2025-07-17T20:32:18.228438,0,24,"[0, 1, 2, 3, 4, 5, 6, 7]",93.01580810546875,0.0,46.44097900390625,141,93.01580810546875,38.86540412902832,46.44097900390625,141
2025-07-17T20:32:18.236316,1,24,"[0, 1, 3, 4, 5, 6, 7]",93.01580810546875,0.0,46.44097900390625,141,93.01580810546875,38.86540412902832,46.44097900390625,141
2025-07-17T20:32:18.246879,2,24,"[0, 1, 2, 3, 4, 5, 6, 7]",93.01580810546875,0.0,46.44097900390625,141,93.01580810546875,38.86540412902832,46.44097900390625,141
2025-07-17T20:32:18.253060,3,24,"[0, 1, 3, 4, 5, 6, 7]",93.01580810546875,0.0,46.44097900390625,141,93.01580810546875,38.86540412902832,46.44097900390625,141
2025-07-17T20:32:18.262845,4,24,"[0, 1, 3, 4, 5, 6, 7]",93.01580810546875,0.0,46.44097900390625,141,93.01580810546875,38.86540412902832,46.44097900390625,141
2025-07-17T20:32:18.269741,0,25,"[0, 1, 2, 3, 4, 5, 6, 7]",93.01580810546875,0.0,46.44097900390625,141,93.01580810546875,38.86482238769531,46.44097900390625,141
2025-07-17T20:32:18.277698,1,25,"[0, 1, 2, 3, 4, 5, 6, 7]",93.01580810546875,0.0,46.44097900390625,141,93.01580810546875,38.86456489562988,46.44097900390625,141
2025-07-17T20:32:18.279996,2,25,"[0, 1, 2, 3, 4, 5, 6]",93.01580810546875,0.0,46.44097900390625,141,93.01580810546875,38.86456489562988,46.44097900390625,141
2025-07-17T20:32:18.291304,3,25,"[0, 1, 2, 3, 4, 5, 6, 7]",93.01580810546875,0.0,46.44097900390625,141,93.01580810546875,38.86456489562988,46.44097900390625,141
2025-07-17T20:32:18.297567,4,25,"[0, 1, 2, 3, 4, 5, 6, 7]",93.01580810546875,0.0,46.44097900390625,141,93.01580810546875,38.86540412902832,46.44097900390625,141
2025-07-17T20:32:18.307537,0,26,"[0, 1, 2, 3, 4, 5, 6, 7]",93.01580810546875,0.0,46.44097900390625,141,93.01580810546875,38.86540412902832,46.44097900390625,141
2025-07-17T20:32:18.314251,1,26,"[0, 1, 2, 3, 4, 5, 6, 7]",93.01580810546875,0.0,46.44097900390625,141,93.01580810546875,38.86482238769531,46.44097900390625,141
2025-07-17T20:32:18.320745,2,26,"[0, 1, 2, 3, 4, 5, 6, 7]",93.01580810546875,0.0,46.44097900390625,141,93.01580810546875,38.86482238769531,46.44097900390625,141
2025-07-17T20:32:18.327342,3,26,"[0, 1, 2, 3, 4, 5, 6, 7]",93.01580810546875,0.0,46.44097900390625,141,93.01580810546875,38.86482238769531,46.44097900390625,141
2025-07-17T20:32:18.335159,4,26,"[0, 1, 2, 3, 4, 5, 6, 7]",93.01580810546875,0.0,46.44097900390625,141,93.01580810546875,38.86456489562988,46.44097900390625,141
2025-07-17T20:32:18.342308,0,27,"[0, 1, 2, 3, 4, 5, 6, 7]",93.01580810546875,0.0,46.44097900390625,141,93.01580810546875,38.86540412902832,46.44097900390625,141
2025-07-17T20:32:18.349752,1,27,"[0, 1, 2, 3, 4, 5, 6, 7]",93.01580810546875,0.0,46.44097900390625,141,93.01580810546875,38.86540412902832,46.44097900390625,141
2025-07-17T20:32:18.357060,2,27,"[0, 1, 2, 3, 4, 5, 6, 7]",93.01580810546875,0.0,46.44097900390625,141,93.01580810546875,38.86540412902832,46.44097900390625,141
2025-07-17T20:32:18.363766,3,27,"[0, 1, 2, 3, 4, 5, 6, 7]",93.01580810546875,0.0,46.44097900390625,141,93.01580810546875,38.86540412902832,46.44097900390625,141
2025-07-17T20:32:18.371385,4,27,"[0, 1, 2, 3, 4, 5, 6, 7]",93.01580810546875,0.0,46.44097900390625,141,93.01580810546875,38.86540412902832,46.44097900390625,141
2025-07-17T20:32:18.378989,0,28,"[0, 1, 2, 3, 4, 5, 6, 7]",93.01580810546875,0.0,46.44097900390625,141,93.01580810546875,38.86540412902832,46.44097900390625,141
2025-07-17T20:32:18.386417,1,28,"[1, 2, 3, 4, 5, 6, 7]",93.01580810546875,0.0,46.44097900390625,141,93.01580810546875,38.86540412902832,46.44097900390625,141
2025-07-17T20:32:18.392880,2,28,"[0, 1, 2, 3, 5, 6, 7]",93.01580810546875,0.0,46.44097900390625,141,93.01580810546875,38.86540412902832,46.44097900390625,141
2025-07-17T20:32:18.399723,3,28,"[1, 2, 3, 4, 5, 6, 7]",93.01580810546875,0.0,46.44097900390625,141,93.01580810546875,38.86540412902832,46.44097900390625,141
2025-07-17T20:32:18.406154,4,28,"[1, 2, 3, 4, 5, 6, 7]",93.01580810546875,0.0,46.44097900390625,141,93.01580810546875,38.86540412902832,46.44097900390625,141
2025-07-17T20:32:18.413111,0,29,"[0, 1, 2, 3, 4, 5, 6, 7]",93.01580810546875,0.0,46.44097900390625,141,93.01580810546875,38.86540412902832,46.44097900390625,141
2025-07-17T20:32:18.419762,1,29,"[0, 1, 2, 3, 4, 5, 7]",93.01580810546875,0.0,46.44097900390625,141,93.01580810546875,38.86540412902832,46.44097900390625,141
2025-07-17T20:32:18.426593,2,29,"[0, 1, 2, 3, 5, 6, 7]",93.01580810546875,0.0,46.44097900390625,141,93.01580810546875,38.86540412902832,46.44097900390625,141
2025-07-17T20:32:18.434550,3,29,"[0, 1, 2, 3, 4, 5, 7]",93.01580810546875,0.0,46.44097900390625,141,93.01580810546875,38.86540412902832,46.44097900390625,141
2025-07-17T20:32:18.437001,4,29,"[0, 1, 2, 3, 4, 5, 7]",93.01580810546875,0.0,46.44097900390625,141,93.01580810546875,38.86540412902832,46.44097900390625,141
2025-07-17T20:32:18.444368,0,30,"[0, 1, 2, 3, 4, 5, 6, 7]",93.01580810546875,0.0,46.44097900390625,141,93.01580810546875,38.86540412902832,46.44097900390625,141
2025-07-17T20:32:18.451447,1,30,"[0, 2, 3, 4, 5, 6, 7]",93.01580810546875,0.0,46.44097900390625,141,93.01580810546875,38.86540412902832,46.44097900390625,141
2025-07-17T20:32:18.459150,2,30,"[0, 1, 2, 3, 4, 5, 6, 7]",93.01580810546875,0.0,46.44097900390625,141,93.01580810546875,38.86540412902832,46.44097900390625,141
2025-07-17T20:32:18.473133,3,30,"[0, 2, 3, 4, 5, 6, 7]",93.01580810546875,0.0,46.44097900390625,141,93.01580810546875,38.86540412902832,46.44097900390625,141
2025-07-17T20:32:18.475330,4,30,"[0, 2, 3, 4, 5, 6, 7]",93.01580810546875,0.0,46.44097900390625,141,93.01580810546875,38.86540412902832,46.44097900390625,141
2025-07-17T20:32:18.481814,0,31,"[0, 1, 2, 3, 4, 5, 6, 7]",93.01580810546875,0.0,46.44097900390625,141,93.01580810546875,38.87204074859619,46.44097900390625,141
2025-07-17T20:32:18.495728,1,31,"[0, 1, 2, 4, 5, 7]",93.01580810546875,0.0,46.44097900390625,141,93.01580810546875,38.86941432952881,46.44097900390625,141
2025-07-17T20:32:18.499385,2,31,"[0, 1, 2, 3, 4, 5, 6, 7]",93.01580810546875,0.0,46.44097900390625,141,93.01580810546875,38.866787910461426,46.44097900390625,141
2025-07-17T20:32:18.507605,3,31,"[0, 1, 2, 4, 5, 7]",93.01580810546875,0.0,46.44097900390625,141,93.01580810546875,38.863579750061035,46.44097900390625,141
2025-07-17T20:32:18.515416,4,31,"[0, 1, 2, 4, 5, 7]",93.01580810546875,0.0,46.44097900390625,141,93.01580810546875,38.86002254486084,46.44097900390625,141
2025-07-17T20:32:18.527567,0,0,"[0, 1, 2, 3, 4, 5, 6, 7]",93.01580810546875,0.0,46.44097900390625,141,93.01580810546875,38.85531425476074,46.44097900390625,141
2025-07-17T20:32:18.534135,1,0,"[0, 1, 2, 3, 4, 5, 6, 7]",93.01580810546875,0.0,46.44097900390625,141,93.01580810546875,38.85852241516113,46.44097900390625,141
2025-07-17T20:32:18.541745,2,0,"[0, 1, 2, 3, 4, 5, 6, 7]",93.01580810546875,0.0,46.44097900390625,141,93.01580810546875,38.86149787902832,46.44097900390625,141
2025-07-17T20:32:18.550153,3,0,"[0, 1, 2, 3, 4, 5, 6, 7]",93.01580810546875,0.0,46.44097900390625,141,93.01580810546875,38.86438179016113,46.44097900390625,141
2025-07-17T20:32:18.557404,4,0,"[0, 1, 2, 3, 4, 5, 6, 7]",93.01580810546875,0.0,46.44097900390625,141,93.01580810546875,38.86540412902832,46.44097900390625,141
2025-07-17T20:32:18.565298,0,1,"[0, 1, 2, 3, 4, 5, 6, 7]",93.01580810546875,0.0,46.44097900390625,141,93.01580810546875,38.86540412902832,46.44097900390625,141
2025-07-17T20:32:18.572278,1,1,"[0, 1, 2, 3, 4, 5, 6, 7]",93.01580810546875,0.0,46.44097900390625,141,93.01580810546875,38.86540412902832,46.44097900390625,141
2025-07-17T20:32:18.579603,2,1,"[0, 1, 2, 3, 4, 5, 6, 7]",93.01580810546875,0.0,46.44097900390625,141,93.01580810546875,38.86540412902832,46.44097900390625,141
2025-07-17T20:32:18.587481,3,1,"[0, 1, 2, 3, 4, 5, 6, 7]",93.01580810546875,0.0,46.44097900390625,141,93.01580810546875,38.86540412902832,46.44097900390625,141
2025-07-17T20:32:18.594651,4,1,"[0, 1, 2, 3, 4, 5, 6, 7]",93.01580810546875,0.0,46.44097900390625,141,93.01580810546875,38.86540412902832,46.44097900390625,141
2025-07-17T20:32:18.601851,0,2,"[0, 1, 2, 3, 4, 5, 6, 7]",93.01580810546875,0.0,46.44097900390625,141,93.01580810546875,38.86540412902832,46.44097900390625,141
2025-07-17T20:32:18.607977,1,2,"[0, 1, 2, 3, 4, 5, 6, 7]",93.01580810546875,0.0,46.44097900390625,141,93.01580810546875,38.86540412902832,46.44097900390625,141
2025-07-17T20:32:18.620940,2,2,"[0, 1, 2, 3, 4, 5, 6, 7]",93.01580810546875,0.0,46.44097900390625,141,93.01580810546875,38.86540412902832,46.44097900390625,141
2025-07-17T20:32:18.623220,3,2,"[0, 1, 2, 3, 4, 5, 6, 7]",93.01580810546875,0.0,46.44097900390625,141,93.01580810546875,38.86540412902832,46.44097900390625,141
2025-07-17T20:32:18.629612,4,2,"[0, 1, 2, 3, 4, 5, 6, 7]",93.01580810546875,0.0,46.44097900390625,141,93.01580810546875,38.86540412902832,46.44097900390625,141
2025-07-17T20:32:18.640570,0,3,"[0, 1, 2, 3, 4, 5, 6, 7]",93.01580810546875,0.0,46.44097900390625,141,93.01580810546875,38.86540412902832,46.44097900390625,141
2025-07-17T20:32:18.648500,1,3,"[0, 1, 2, 3, 4, 5, 6, 7]",93.01580810546875,0.0,46.44097900390625,141,93.01580810546875,38.86540412902832,46.44097900390625,141
2025-07-17T20:32:18.655170,2,3,"[0, 1, 2, 3, 4, 5, 6, 7]",93.01580810546875,0.0,46.44097900390625,141,93.01580810546875,38.86540412902832,46.44097900390625,141
2025-07-17T20:32:18.662930,3,3,"[0, 1, 2, 3, 4, 5, 6, 7]",93.01580810546875,0.0,46.44097900390625,141,93.01580810546875,38.86456489562988,46.44097900390625,141
2025-07-17T20:32:18.670093,4,3,"[0, 1, 2, 3, 4, 5, 6, 7]",93.01580810546875,0.0,46.44097900390625,141,93.01580810546875,38.86456489562988,46.44097900390625,141
2025-07-17T20:32:18.676810,0,4,"[0, 1, 2, 3, 4, 5, 6, 7]",93.01580810546875,0.0,46.44097900390625,141,93.01580810546875,38.86456489562988,46.44097900390625,141
2025-07-17T20:32:18.683698,1,4,"[0, 1, 2, 3, 4, 5, 6, 7]",93.01580810546875,0.0,46.44097900390625,141,93.01580810546875,38.86456489562988,46.44097900390625,141
2025-07-17T20:32:18.690597,2,4,"[0, 1, 2, 3, 4, 5, 6, 7]",93.01580810546875,0.0,46.44097900390625,141,93.01580810546875,38.86456489562988,46.44097900390625,141
2025-07-17T20:32:18.698194,3,4,"[0, 1, 2, 3, 4, 5, 6, 7]",93.01580810546875,0.0,46.44097900390625,141,93.01580810546875,38.86540412902832,46.44097900390625,141
2025-07-17T20:32:18.705155,4,4,"[0, 1, 2, 3, 4, 5, 6, 7]",93.01580810546875,0.0,46.44097900390625,141,93.01580810546875,38.86540412902832,46.44097900390625,141
2025-07-17T20:32:18.708116,0,5,"[0, 1, 2, 3, 4, 5, 6, 7]",93.01580810546875,0.0,46.44097900390625,141,93.01580810546875,38.86540412902832,46.44097900390625,141
2025-07-17T20:32:18.719175,1,5,"[0, 1, 2, 3, 4, 5, 6, 7]",93.01580810546875,0.0,46.44097900390625,141,93.01580810546875,38.86540412902832,46.44097900390625,141
2025-07-17T20:32:18.726264,2,5,"[0, 1, 2, 3, 4, 5, 6, 7]",93.01580810546875,0.0,46.44097900390625,141,93.01580810546875,38.86540412902832,46.44097900390625,141
2025-07-17T20:32:18.733265,3,5,"[0, 1, 2, 3, 4, 5, 6, 7]",93.01580810546875,0.0,46.44097900390625,141,93.01580810546875,38.86540412902832,46.44097900390625,141
2025-07-17T20:32:18.740696,4,5,"[0, 1, 2, 3, 4, 5, 6, 7]",93.01580810546875,0.0,46.44097900390625,141,93.01580810546875,38.86540412902832,46.44097900390625,141
2025-07-17T20:32:18.743344,0,6,"[0, 1, 2, 3, 4, 5, 6, 7]",93.01580810546875,0.0,46.44097900390625,141,93.01580810546875,38.86540412902832,46.44097900390625,141
2025-07-17T20:32:18.751299,1,6,"[0, 1, 2, 3, 4, 5, 6, 7]",93.01580810546875,0.0,46.44097900390625,141,93.01580810546875,38.86540412902832,46.44097900390625,141
2025-07-17T20:32:18.758148,2,6,"[0, 1, 2, 3, 4, 5, 7]",93.01580810546875,0.0,46.44097900390625,141,93.01580810546875,38.86540412902832,46.44097900390625,141
2025-07-17T20:32:18.764519,3,6,"[0, 1, 2, 3, 4, 5, 6, 7]",93.01580810546875,0.0,46.44097900390625,141,93.01580810546875,38.86540412902832,46.44097900390625,141
2025-07-17T20:32:18.774125,4,6,"[0, 1, 2, 3, 4, 5, 6, 7]",93.01580810546875,0.0,46.44097900390625,141,93.01580810546875,38.86540412902832,46.44097900390625,141
2025-07-17T20:32:18.780513,0,7,"[0, 1, 2, 3, 4, 5, 6, 7]",93.01580810546875,0.0,46.44097900390625,141,93.01580810546875,38.86540412902832,46.44097900390625,141
2025-07-17T20:32:18.787161,1,7,"[0, 1, 2, 3, 4, 5, 6, 7]",93.01580810546875,0.0,46.44097900390625,141,93.01580810546875,38.86540412902832,46.44097900390625,141
2025-07-17T20:32:18.793290,2,7,"[0, 1, 2, 3, 4, 5, 6, 7]",93.01580810546875,0.0,46.44097900390625,141,93.01580810546875,38.86540412902832,46.44097900390625,141
2025-07-17T20:32:18.801282,3,7,"[0, 1, 2, 3, 4, 5, 6, 7]",93.01580810546875,0.0,46.44097900390625,141,93.01580810546875,38.86540412902832,46.44097900390625,141
2025-07-17T20:32:18.808920,4,7,"[0, 1, 2, 3, 4, 5, 6, 7]",93.01580810546875,0.0,46.44097900390625,141,93.01580810546875,38.86540412902832,46.44097900390625,141
2025-07-17T20:32:18.820453,0,8,"[1, 2, 3, 4, 5, 6, 7]",93.01580810546875,0.0,46.44097900390625,141,93.01580810546875,38.86540412902832,46.44097900390625,141
2025-07-17T20:32:18.822371,1,8,"[1, 2, 3, 4, 5, 6, 7]",93.01580810546875,0.0,46.44097900390625,141,93.01580810546875,38.86540412902832,46.44097900390625,141
2025-07-17T20:32:18.829755,2,8,"[0, 1, 2, 3, 4, 5, 6, 7]",93.01580810546875,0.0,46.44097900390625,141,93.01580810546875,38.86540412902832,46.44097900390625,141
2025-07-17T20:32:18.836709,3,8,"[1, 2, 3, 4, 5, 6, 7]",93.01580810546875,0.0,46.44097900390625,141,93.01580810546875,38.86540412902832,46.44097900390625,141
2025-07-17T20:32:18.843659,4,8,"[1, 2, 3, 4, 5, 6, 7]",93.01580810546875,0.0,46.44097900390625,141,93.01580810546875,38.86540412902832,46.44097900390625,141
2025-07-17T20:32:18.850865,0,9,"[0, 1, 2, 3, 4, 5, 6, 7]",93.01580810546875,0.0,46.44097900390625,141,93.01580810546875,38.86540412902832,46.44097900390625,141
2025-07-17T20:32:18.857705,1,9,"[0, 1, 2, 3, 4, 5, 6, 7]",93.01580810546875,0.0,46.44097900390625,141,93.01580810546875,38.86540412902832,46.44097900390625,141
2025-07-17T20:32:18.871142,2,9,"[0, 1, 2, 3, 4, 5, 6, 7]",93.01580810546875,0.0,46.44097900390625,141,93.01580810546875,38.86540412902832,46.44097900390625,141
2025-07-17T20:32:18.873766,3,9,"[0, 1, 2, 3, 4, 5, 6, 7]",93.01580810546875,0.0,46.44097900390625,141,93.01580810546875,38.86540412902832,46.44097900390625,141
2025-07-17T20:32:18.879763,4,9,"[0, 1, 2, 3, 4, 5, 6, 7]",93.01580810546875,0.0,46.44097900390625,141,93.01580810546875,38.86540412902832,46.44097900390625,141
2025-07-17T20:32:18.890586,0,10,"[0, 1, 2, 3, 4, 5, 6, 7]",93.01580810546875,0.0,46.44097900390625,141,93.01580810546875,38.86540412902832,46.44097900390625,141
2025-07-17T20:32:18.892930,1,10,"[0, 1, 2, 3, 4, 5, 6, 7]",93.01580810546875,0.0,46.44097900390625,141,93.01580810546875,38.86540412902832,46.44097900390625,141
2025-07-17T20:32:18.900032,2,10,"[0, 1, 2, 3, 4, 5, 6, 7]",93.01580810546875,0.0,46.44097900390625,141,93.01580810546875,38.86540412902832,46.44097900390625,141
2025-07-17T20:32:18.910685,3,10,"[0, 1, 2, 3, 4, 5, 6, 7]",93.01580810546875,0.0,46.44097900390625,141,93.01580810546875,38.86540412902832,46.44097900390625,141
2025-07-17T20:32:18.917445,4,10,"[0, 1, 2, 3, 4, 5, 6, 7]",93.01580810546875,0.0,46.44097900390625,141,93.01580810546875,38.86540412902832,46.44097900390625,141
2025-07-17T20:32:18.924258,0,11,"[0, 1, 2, 3, 4, 5, 6, 7]",93.01580810546875,0.0,46.44097900390625,141,93.01580810546875,38.86540412902832,46.44097900390625,141
2025-07-17T20:32:18.930987,1,11,"[0, 1, 2, 3, 4, 5, 6, 7]",93.01580810546875,0.0,46.44097900390625,141,93.01580810546875,38.86540412902832,46.44097900390625,141
2025-07-17T20:32:18.937712,2,11,"[0, 1, 2, 3, 4, 5, 6, 7]",93.01580810546875,0.0,46.44097900390625,141,93.01580810546875,38.86540412902832,46.44097900390625,141
2025-07-17T20:32:18.944951,3,11,"[0, 1, 2, 3, 4, 5, 6, 7]",93.01580810546875,0.0,46.44097900390625,141,93.01580810546875,38.86540412902832,46.44097900390625,141
2025-07-17T20:32:18.951762,4,11,"[0, 1, 2, 3, 4, 5, 6, 7]",93.01580810546875,0.0,46.44097900390625,141,93.01580810546875,38.86540412902832,46.44097900390625,141
2025-07-17T20:32:18.959238,0,12,"[0, 1, 2, 3, 4, 5, 6, 7]",93.01580810546875,0.0,46.44097900390625,141,93.01580810546875,38.86540412902832,46.44097900390625,141
2025-07-17T20:32:18.966179,1,12,"[0, 1, 3, 4, 5, 6, 7]",93.01580810546875,0.0,46.44097900390625,141,93.01580810546875,38.86540412902832,46.44097900390625,141
2025-07-17T20:32:18.972380,2,12,"[0, 1, 2, 3, 4, 5, 6, 7]",93.01580810546875,0.0,46.44097900390625,141,93.01580810546875,38.86540412902832,46.44097900390625,141
2025-07-17T20:32:18.980066,3,12,"[0, 1, 3, 4, 5, 6, 7]",93.01580810546875,0.0,46.44097900390625,141,93.01580810546875,38.86540412902832,46.44097900390625,141
2025-07-17T20:32:18.986536,4,12,"[0, 1, 3, 4, 5, 6, 7]",93.01580810546875,0.0,46.44097900390625,141,93.01580810546875,38.86540412902832,46.44097900390625,141
2025-07-17T20:32:18.991965,0,13,"[0, 1, 2, 3, 4, 5, 6, 7]",93.01580810546875,0.0,46.44097900390625,141,93.01580810546875,38.86482238769531,46.44097900390625,141
2025-07-17T20:32:19.002255,1,13,"[0, 1, 2, 3, 4, 5, 6, 7]",93.01580810546875,0.0,46.44097900390625,141,93.01580810546875,38.86482238769531,46.44097900390625,141
2025-07-17T20:32:19.009362,2,13,"[0, 1, 2, 3, 4, 5, 6, 7]",93.01580810546875,0.0,46.44097900390625,141,93.01580810546875,38.86482238769531,46.44097900390625,141
2025-07-17T20:32:19.016811,3,13,"[0, 1, 2, 3, 4, 5, 6, 7]",93.01580810546875,0.0,46.44097900390625,141,93.01580810546875,38.86456489562988,46.44097900390625,141
2025-07-17T20:32:19.023824,4,13,"[0, 1, 2, 3, 4, 5, 6, 7]",93.01580810546875,0.0,46.44097900390625,141,93.01580810546875,38.86456489562988,46.44097900390625,141
2025-07-17T20:32:19.031178,0,14,"[0, 1, 2, 3, 4, 5, 6, 7]",93.01580810546875,0.0,46.44097900390625,141,93.01580810546875,38.86540412902832,46.44097900390625,141
2025-07-17T20:32:19.038030,1,14,"[0, 1, 2, 3, 4, 5, 6]",93.01580810546875,0.0,46.44097900390625,141,93.01580810546875,38.86540412902832,46.44097900390625,141
2025-07-17T20:32:19.045141,2,14,"[0, 1, 2, 3, 4, 5, 6, 7]",93.01580810546875,0.0,46.44097900390625,141,93.01580810546875,38.86540412902832,46.44097900390625,141
2025-07-17T20:32:19.052059,3,14,"[0, 1, 2, 3, 4, 5, 6]",93.01580810546875,0.0,46.44097900390625,141,93.01580810546875,38.86540412902832,46.44097900390625,141
2025-07-17T20:32:19.058850,4,14,"[0, 1, 2, 3, 4, 5, 6]",93.01580810546875,0.0,46.44097900390625,141,93.01580810546875,38.86540412902832,46.44097900390625,141
2025-07-17T20:32:19.066619,0,15,"[0, 1, 2, 3, 4, 5, 6, 7]",93.01580810546875,0.0,46.44097900390625,141,93.01580810546875,38.86540412902832,46.44097900390625,141
2025-07-17T20:32:19.068671,1,15,"[0, 1, 2, 3, 4, 5, 7]",93.01580810546875,0.0,46.44097900390625,141,93.01580810546875,38.86540412902832,46.44097900390625,141
2025-07-17T20:32:19.081046,2,15,"[0, 1, 2, 3, 4, 5, 6, 7]",93.01580810546875,0.0,46.44097900390625,141,93.01580810546875,38.86540412902832,46.44097900390625,141
2025-07-17T20:32:19.087727,3,15,"[0, 1, 2, 3, 4, 5, 7]",93.01580810546875,0.0,46.44097900390625,141,93.01580810546875,38.86540412902832,46.44097900390625,141
2025-07-17T20:32:19.094747,4,15,"[0, 1, 2, 3, 4, 5, 7]",93.01580810546875,0.0,46.44097900390625,141,93.01580810546875,38.86540412902832,46.44097900390625,141
2025-07-17T20:32:19.101228,0,16,"[0, 1, 2, 3, 4, 5, 6, 7]",93.01580810546875,0.0,46.44097900390625,141,93.01580810546875,38.86540412902832,46.44097900390625,141
2025-07-17T20:32:19.108217,1,16,"[0, 1, 2, 3, 5, 6, 7]",93.01580810546875,0.0,46.44097900390625,141,93.01580810546875,38.86540412902832,46.44097900390625,141
2025-07-17T20:32:19.112901,2,16,"[0, 1, 2, 3, 4, 5, 6, 7]",93.01580810546875,0.0,46.44097900390625,141,93.01580810546875,38.86540412902832,46.44097900390625,141
2025-07-17T20:32:19.124296,3,16,"[0, 1, 2, 3, 5, 6, 7]",93.01580810546875,0.0,46.44097900390625,141,93.01580810546875,38.86482238769531,46.44097900390625,141
2025-07-17T20:32:19.130831,4,16,"[0, 1, 2, 3, 5, 6, 7]",93.01580810546875,0.0,46.44097900390625,141,93.01580810546875,38.86482238769531,46.44097900390625,141
2025-07-17T20:32:19.138846,0,17,"[0, 1, 2, 3, 4, 5, 6, 7]",93.01580810546875,0.0,46.44097900390625,141,93.01580810546875,38.86456489562988,46.44097900390625,141
2025-07-17T20:32:19.145973,1,17,"[0, 1, 3, 4, 5, 6, 7]",93.01580810546875,0.0,46.44097900390625,141,93.01580810546875,38.86456489562988,46.44097900390625,141
2025-07-17T20:32:19.153296,2,17,"[0, 1, 2, 3, 4, 5, 6, 7]",93.01580810546875,0.0,46.44097900390625,141,93.01580810546875,38.86540412902832,46.44097900390625,141
2025-07-17T20:32:19.159949,3,17,"[0, 1, 3, 4, 5, 6, 7]",93.01580810546875,0.0,46.44097900390625,141,93.01580810546875,38.86540412902832,46.44097900390625,141
2025-07-17T20:32:19.167070,4,17,"[0, 1, 3, 4, 5, 6, 7]",93.01580810546875,0.0,46.44097900390625,141,93.01580810546875,38.86540412902832,46.44097900390625,141
2025-07-17T20:32:19.174524,0,18,"[0, 1, 2, 3, 4, 5, 6, 7]",93.01580810546875,0.0,46.44097900390625,141,93.01580810546875,38.86482238769531,46.44097900390625,141
2025-07-17T20:32:19.180734,1,18,"[0, 1, 2, 3, 4, 5, 6, 7]",93.01580810546875,0.0,46.44097900390625,141,93.01580810546875,38.86482238769531,46.44097900390625,141
2025-07-17T20:32:19.187115,2,18,"[0, 1, 2, 3, 4, 5, 6, 7]",93.01580810546875,0.0,46.44097900390625,141,93.01580810546875,38.86456489562988,46.44097900390625,141
2025-07-17T20:32:19.194628,3,18,"[0, 1, 2, 3, 4, 5, 6, 7]",93.01580810546875,0.0,46.44097900390625,141,93.01580810546875,38.86456489562988,46.44097900390625,141
2025-07-17T20:32:19.201310,4,18,"[0, 1, 2, 3, 4, 5, 6, 7]",93.01580810546875,0.0,46.44097900390625,141,93.01580810546875,38.86540412902832,46.44097900390625,141
2025-07-17T20:32:19.207667,0,19,"[0, 1, 2, 3, 4, 5, 6, 7]",93.01580810546875,0.0,46.44097900390625,141,93.01580810546875,38.86540412902832,46.44097900390625,141
2025-07-17T20:32:19.214306,1,19,"[0, 1, 2, 3, 4, 5, 6, 7]",93.01580810546875,0.0,46.44097900390625,141,93.01580810546875,38.86540412902832,46.44097900390625,141
2025-07-17T20:32:19.221248,2,19,"[0, 1, 2, 3, 4, 5, 6, 7]",93.01580810546875,0.0,46.44097900390625,141,93.01580810546875,38.86540412902832,46.44097900390625,141
2025-07-17T20:32:19.228251,3,19,"[0, 1, 2, 3, 4, 5, 6, 7]",93.01580810546875,0.0,46.44097900390625,141,93.01580810546875,38.86540412902832,46.44097900390625,141
2025-07-17T20:32:19.235323,4,19,"[0, 1, 2, 3, 4, 5, 6, 7]",93.01580810546875,0.0,46.44097900390625,141,93.01580810546875,38.86540412902832,46.44097900390625,141
2025-07-17T20:32:19.243699,0,20,"[0, 1, 2, 3, 4, 5, 6, 7]",93.01580810546875,0.0,46.44097900390625,141,93.01580810546875,38.86540412902832,46.44097900390625,141
2025-07-17T20:32:19.246475,1,20,"[0, 1, 2, 3, 4, 6, 7]",93.01580810546875,0.0,46.44097900390625,141,93.01580810546875,38.86482238769531,46.44097900390625,141
2025-07-17T20:32:19.257572,2,20,"[0, 1, 2, 3, 4, 5, 6, 7]",93.01580810546875,0.0,46.44097900390625,141,93.01580810546875,38.86482238769531,46.44097900390625,141
2025-07-17T20:32:19.263973,3,20,"[0, 1, 2, 3, 4, 6, 7]",93.01580810546875,0.0,46.44097900390625,141,93.01580810546875,38.86482238769531,46.44097900390625,141
2025-07-17T20:32:19.270563,4,20,"[0, 1, 2, 3, 4, 6, 7]",93.01580810546875,0.0,46.44097900390625,141,93.01580810546875,38.86456489562988,46.44097900390625,141
2025-07-17T20:32:19.277021,0,21,"[0, 1, 2, 3, 4, 5, 6, 7]",93.01580810546875,0.0,46.44097900390625,141,93.01580810546875,38.86540412902832,46.44097900390625,141
2025-07-17T20:32:19.283740,1,21,"[0, 1, 2, 3, 4, 5, 6, 7]",93.01580810546875,0.0,46.44097900390625,141,93.01580810546875,38.86540412902832,46.44097900390625,141
2025-07-17T20:32:19.290704,2,21,"[0, 1, 2, 3, 4, 5, 6, 7]",93.01580810546875,0.0,46.44097900390625,141,93.01580810546875,38.86540412902832,46.44097900390625,141
2025-07-17T20:32:19.298191,3,21,"[0, 1, 2, 3, 4, 5, 6, 7]",93.01580810546875,0.0,46.44097900390625,141,93.01580810546875,38.86540412902832,46.44097900390625,141
2025-07-17T20:32:19.304743,4,21,"[0, 1, 2, 3, 4, 5, 6, 7]",93.01580810546875,0.0,46.44097900390625,141,93.01580810546875,38.86540412902832,46.44097900390625,141
2025-07-17T20:32:19.312176,0,22,"[0, 1, 2, 3, 4, 5, 6, 7]",93.01580810546875,0.0,46.44097900390625,141,93.01580810546875,38.86540412902832,46.44097900390625,141
2025-07-17T20:32:19.318775,1,22,"[0, 1, 2, 3, 4, 5, 6, 7]",93.01580810546875,0.0,46.44097900390625,141,93.01580810546875,38.86540412902832,46.44097900390625,141
2025-07-17T20:32:19.326054,2,22,"[0, 1, 2, 3, 4, 5, 6, 7]",93.01580810546875,0.0,46.44097900390625,141,93.01580810546875,38.86540412902832,46.44097900390625,141
2025-07-17T20:32:19.332787,3,22,"[0, 1, 2, 3, 4, 5, 6, 7]",93.01580810546875,0.0,46.44097900390625,141,93.01580810546875,38.86540412902832,46.44097900390625,141
2025-07-17T20:32:19.340108,4,22,"[0, 1, 2, 3, 4, 5, 6, 7]",93.01580810546875,0.0,46.44097900390625,141,93.01580810546875,38.86540412902832,46.44097900390625,141
2025-07-17T20:32:19.346614,0,23,"[0, 1, 2, 3, 4, 5, 6, 7]",93.01580810546875,0.0,46.44097900390625,141,93.01580810546875,38.86540412902832,46.44097900390625,141
2025-07-17T20:32:19.352797,1,23,"[0, 1, 2, 3, 4, 5, 6, 7]",93.01580810546875,0.0,46.44097900390625,141,93.01580810546875,38.86540412902832,46.44097900390625,141
2025-07-17T20:32:19.360089,2,23,"[0, 1, 2, 3, 4, 5, 6, 7]",93.01580810546875,0.0,46.44097900390625,141,93.01580810546875,38.86540412902832,46.44097900390625,141
2025-07-17T20:32:19.367510,3,23,"[0, 1, 2, 3, 4, 5, 6, 7]",93.01580810546875,0.0,46.44097900390625,141,93.01580810546875,38.86540412902832,46.44097900390625,141
2025-07-17T20:32:19.374497,4,23,"[0, 1, 2, 3, 4, 5, 6, 7]",93.01580810546875,0.0,46.44097900390625,141,93.01580810546875,38.86540412902832,46.44097900390625,141
2025-07-17T20:32:19.385037,0,24,"[0, 1, 2, 3, 4, 5, 6, 7]",93.01580810546875,0.0,46.44097900390625,141,93.01580810546875,38.86456489562988,46.44097900390625,141
2025-07-17T20:32:19.392413,1,24,"[0, 1, 3, 4, 5, 6, 7]",93.01580810546875,0.0,46.44097900390625,141,93.01580810546875,38.86456489562988,46.44097900390625,141
2025-07-17T20:32:19.400066,2,24,"[0, 1, 2, 3, 4, 5, 6, 7]",93.01580810546875,0.0,46.44097900390625,141,93.01580810546875,38.86456489562988,46.44097900390625,141
2025-07-17T20:32:19.402999,3,24,"[0, 1, 3, 4, 5, 6, 7]",93.01580810546875,0.0,46.44097900390625,141,93.01580810546875,38.86456489562988,46.44097900390625,141
2025-07-17T20:32:19.414848,4,24,"[0, 1, 3, 4, 5, 6, 7]",93.01580810546875,0.0,46.44097900390625,141,93.01580810546875,38.86456489562988,46.44097900390625,141
2025-07-17T20:32:19.421944,0,25,"[0, 1, 2, 3, 4, 5, 6, 7]",93.01580810546875,0.0,46.44097900390625,141,93.01580810546875,38.86540412902832,46.44097900390625,141
2025-07-17T20:32:19.429168,1,25,"[0, 1, 2, 3, 4, 5, 6, 7]",93.01580810546875,0.0,46.44097900390625,141,93.01580810546875,38.86540412902832,46.44097900390625,141
2025-07-17T20:32:19.436507,2,25,"[0, 1, 2, 3, 4, 5, 6, 7]",93.01580810546875,0.0,46.44097900390625,141,93.01580810546875,38.86540412902832,46.44097900390625,141
2025-07-17T20:32:19.443970,3,25,"[0, 1, 2, 3, 4, 5, 6, 7]",93.01580810546875,0.0,46.44097900390625,141,93.01580810546875,38.86540412902832,46.44097900390625,141
2025-07-17T20:32:19.450997,4,25,"[0, 1, 2, 3, 4, 5, 6, 7]",93.01580810546875,0.0,46.44097900390625,141,93.01580810546875,38.86482238769531,46.44097900390625,141
2025-07-17T20:32:19.458255,0,26,"[0, 1, 2, 3, 4, 5, 6, 7]",93.01580810546875,0.0,46.44097900390625,141,93.01580810546875,38.86456489562988,46.44097900390625,141
2025-07-17T20:32:19.464915,1,26,"[0, 1, 2, 3, 4, 5, 6, 7]",93.01580810546875,0.0,46.44097900390625,141,93.01580810546875,38.86456489562988,46.44097900390625,141
2025-07-17T20:32:19.472117,2,26,"[0, 1, 2, 3, 4, 5, 6, 7]",93.01580810546875,0.0,46.44097900390625,141,93.01580810546875,38.86456489562988,46.44097900390625,141
2025-07-17T20:32:19.479534,3,26,"[0, 1, 2, 3, 4, 5, 6, 7]",93.01580810546875,0.0,46.44097900390625,141,93.01580810546875,38.86540412902832,46.44097900390625,141
2025-07-17T20:32:19.487515,4,26,"[0, 1, 2, 3, 4, 5, 6, 7]",93.01580810546875,0.0,46.44097900390625,141,93.01580810546875,38.86540412902832,46.44097900390625,141
2025-07-17T20:32:19.495901,0,27,"[0, 1, 2, 3, 4, 5, 6, 7]",93.01580810546875,0.0,46.44097900390625,141,93.01580810546875,38.86482238769531,46.44097900390625,141
2025-07-17T20:32:19.502970,1,27,"[0, 1, 3, 4, 5, 6, 7]",93.01580810546875,0.0,46.44097900390625,141,93.01580810546875,38.86482238769531,46.44097900390625,141
2025-07-17T20:32:19.509733,2,27,"[0, 1, 2, 3, 4, 5, 6, 7]",93.01580810546875,0.0,46.44097900390625,141,93.01580810546875,38.86482238769531,46.44097900390625,141
2025-07-17T20:32:19.517255,3,27,"[0, 1, 3, 4, 5, 6, 7]",93.01580810546875,0.0,46.44097900390625,141,93.01580810546875,38.86456489562988,46.44097900390625,141
2025-07-17T20:32:19.524114,4,27,"[0, 1, 3, 4, 5, 6, 7]",93.01580810546875,0.0,46.44097900390625,141,93.01580810546875,38.86456489562988,46.44097900390625,141
2025-07-17T20:32:19.531416,0,28,"[0, 1, 2, 3, 4, 5, 6, 7]",93.01580810546875,0.0,46.44097900390625,141,93.01580810546875,38.86540412902832,46.44097900390625,141
2025-07-17T20:32:19.533929,1,28,"[0, 1, 2, 3, 4, 5, 6, 7]",93.01580810546875,0.0,46.44097900390625,141,93.01580810546875,38.86540412902832,46.44097900390625,141
2025-07-17T20:32:19.540886,2,28,"[0, 1, 2, 3, 4, 5, 6, 7]",93.01580810546875,0.0,46.44097900390625,141,93.01580810546875,38.86540412902832,46.44097900390625,141
2025-07-17T20:32:19.552889,3,28,"[0, 1, 2, 3, 4, 5, 6, 7]",93.01580810546875,0.0,46.44097900390625,141,93.01580810546875,38.86540412902832,46.44097900390625,141
2025-07-17T20:32:19.560186,4,28,"[0, 1, 2, 3, 4, 5, 6, 7]",93.01580810546875,0.0,46.44097900390625,141,93.01580810546875,38.86540412902832,46.44097900390625,141
2025-07-17T20:32:19.562905,0,29,"[0, 1, 2, 3, 4, 5, 6, 7]",93.01580810546875,0.0,46.44097900390625,141,93.01580810546875,38.86540412902832,46.44097900390625,141
2025-07-17T20:32:19.574677,1,29,"[0, 1, 2, 3, 4, 5, 6, 7]",93.01580810546875,0.0,46.44097900390625,141,93.01580810546875,38.86540412902832,46.44097900390625,141
2025-07-17T20:32:19.581922,2,29,"[0, 1, 2, 3, 4, 5, 6, 7]",93.01580810546875,0.0,46.44097900390625,141,93.01580810546875,38.86540412902832,46.44097900390625,141
2025-07-17T20:32:19.584490,3,29,"[0, 1, 2, 3, 4, 5, 6, 7]",93.01580810546875,0.0,46.44097900390625,141,93.01580810546875,38.86540412902832,46.44097900390625,141
2025-07-17T20:32:19.594770,4,29,"[0, 1, 2, 3, 4, 5, 6, 7]",93.01580810546875,0.0,46.44097900390625,141,93.01580810546875,38.86540412902832,46.44097900390625,141
2025-07-17T20:32:19.602135,0,30,"[0, 1, 2, 3, 4, 5, 6, 7]",93.01580810546875,0.0,46.44097900390625,141,93.01580810546875,38.86540412902832,46.44097900390625,141
2025-07-17T20:32:19.609454,1,30,"[0, 2, 3, 4, 5, 6, 7]",93.01580810546875,0.0,46.44097900390625,141,93.01580810546875,38.86540412902832,46.44097900390625,141
2025-07-17T20:32:19.616360,2,30,"[0, 1, 2, 3, 4, 5, 6, 7]",93.01580810546875,0.0,46.44097900390625,141,93.01580810546875,38.86540412902832,46.44097900390625,141
2025-07-17T20:32:19.623050,3,30,"[0, 2, 3, 4, 5, 6, 7]",93.01580810546875,0.0,46.44097900390625,141,93.01580810546875,38.86540412902832,46.44097900390625,141
2025-07-17T20:32:19.629856,4,30,"[0, 2, 3, 4, 5, 6, 7]",93.01580810546875,0.0,46.44097900390625,141,93.01580810546875,38.86540412902832,46.44097900390625,141
2025-07-17T20:32:19.636999,0,31,"[0, 1, 2, 3, 4, 5, 6, 7]",93.01580810546875,0.0,46.44097900390625,141,93.01580810546875,38.87204074859619,46.44097900390625,141
2025-07-17T20:32:19.646876,1,31,"[0, 1, 2, 5, 6, 7]",93.01580810546875,0.0,46.44097900390625,141,93.01580810546875,38.86941432952881,46.44097900390625,141
2025-07-17T20:32:19.656090,2,31,"[0, 1, 2, 3, 4, 5, 6, 7]",93.01580810546875,0.0,46.44097900390625,141,93.01580810546875,38.86620616912842,46.44097900390625,141
2025-07-17T20:32:19.665120,3,31,"[0, 1, 2, 5, 6, 7]",93.01580810546875,0.0,46.44097900390625,141,93.01580810546875,38.86299800872803,46.44097900390625,141
2025-07-17T20:32:19.667972,4,31,"[0, 1, 2, 5, 6, 7]",93.01580810546875,0.0,46.44097900390625,141,93.01580810546875,38.86002254486084,46.44097900390625,141
2025-07-17T20:32:19.683589,0,0,"[0, 1, 2, 3, 4, 5, 6, 7]",93.01580810546875,0.0,46.44097900390625,141,93.01580810546875,38.85531425476074,46.44097900390625,141
2025-07-17T20:32:19.690653,1,0,"[0, 1, 2, 3, 4, 5, 6, 7]",93.01580810546875,0.0,46.44097900390625,141,93.01580810546875,38.85852241516113,46.44097900390625,141
2025-07-17T20:32:19.693999,2,0,"[0, 1, 2, 3, 4, 5, 6, 7]",93.01580810546875,0.0,46.44097900390625,141,93.01580810546875,38.86149787902832,46.44097900390625,141
2025-07-17T20:32:19.706720,3,0,"[0, 1, 2, 3, 4, 5, 6, 7]",93.01580810546875,0.0,46.44097900390625,141,93.01580810546875,38.86438179016113,46.44097900390625,141
2025-07-17T20:32:19.709302,4,0,"[0, 1, 2, 3, 4, 5, 6, 7]",93.01580810546875,0.0,46.44097900390625,141,93.01580810546875,38.86540412902832,46.44097900390625,141
2025-07-17T20:32:19.721117,0,1,"[0, 1, 2, 4, 5, 6, 7]",93.01580810546875,0.0,46.44097900390625,141,93.01580810546875,38.86540412902832,46.44097900390625,141
2025-07-17T20:32:19.727713,1,1,"[0, 1, 2, 3, 4, 5, 6, 7]",93.01580810546875,0.0,46.44097900390625,141,93.01580810546875,38.86540412902832,46.44097900390625,141
2025-07-17T20:32:19.735598,2,1,"[0, 1, 2, 3, 4, 5, 6, 7]",93.01580810546875,0.0,46.44097900390625,141,93.01580810546875,38.86540412902832,46.44097900390625,141
2025-07-17T20:32:19.742859,3,1,"[0, 1, 2, 3, 4, 5, 6, 7]",93.01580810546875,0.0,46.44097900390625,141,93.01580810546875,38.86540412902832,46.44097900390625,141
2025-07-17T20:32:19.749831,4,1,"[0, 1, 2, 3, 4, 5, 6, 7]",93.01580810546875,0.0,46.44097900390625,141,93.01580810546875,38.86540412902832,46.44097900390625,141
2025-07-17T20:32:19.753124,0,2,"[0, 1, 2, 3, 4, 5, 6, 7]",93.01580810546875,0.0,46.44097900390625,141,93.01580810546875,38.86482238769531,46.44097900390625,141
2025-07-17T20:32:19.764967,1,2,"[0, 1, 2, 3, 4, 5, 6, 7]",93.01580810546875,0.0,46.44097900390625,141,93.01580810546875,38.86482238769531,46.44097900390625,141
2025-07-17T20:32:19.772289,2,2,"[0, 1, 2, 3, 4, 5, 6, 7]",93.01580810546875,0.0,46.44097900390625,141,93.01580810546875,38.86482238769531,46.44097900390625,141
2025-07-17T20:32:19.779762,3,2,"[0, 1, 2, 3, 4, 5, 6, 7]",93.01580810546875,0.0,46.44097900390625,141,93.01580810546875,38.86456489562988,46.44097900390625,141
2025-07-17T20:32:19.782219,4,2,"[0, 1, 2, 3, 4, 5, 6, 7]",93.01580810546875,0.0,46.44097900390625,141,93.01580810546875,38.86456489562988,46.44097900390625,141
2025-07-17T20:32:19.789526,0,3,"[0, 1, 2, 3, 4, 5, 6, 7]",93.01580810546875,0.0,46.44097900390625,141,93.01580810546875,38.86540412902832,46.44097900390625,141
2025-07-17T20:32:19.801723,1,3,"[0, 1, 2, 3, 4, 5, 6, 7]",93.01580810546875,0.0,46.44097900390625,141,93.01580810546875,38.86540412902832,46.44097900390625,141
2025-07-17T20:32:19.804699,2,3,"[0, 1, 2, 3, 4, 5, 6, 7]",93.01580810546875,0.0,46.44097900390625,141,93.01580810546875,38.86540412902832,46.44097900390625,141
2025-07-17T20:32:19.819080,3,3,"[0, 1, 2, 3, 4, 5, 6, 7]",93.01580810546875,0.0,46.44097900390625,141,93.01580810546875,38.86540412902832,46.44097900390625,141
2025-07-17T20:32:19.821253,4,3,"[0, 1, 2, 3, 4, 5, 6, 7]",93.01580810546875,0.0,46.44097900390625,141,93.01580810546875,38.86540412902832,46.44097900390625,141
2025-07-17T20:32:19.827964,0,4,"[0, 1, 2, 3, 4, 5, 6, 7]",93.01580810546875,0.0,46.44097900390625,141,93.01580810546875,38.86540412902832,46.44097900390625,141
2025-07-17T20:32:19.835824,1,4,"[0, 1, 2, 3, 4, 5, 6, 7]",93.01580810546875,0.0,46.44097900390625,141,93.01580810546875,38.86540412902832,46.44097900390625,141
2025-07-17T20:32:19.847656,2,4,"[0, 1, 2, 3, 4, 5, 6, 7]",93.01580810546875,0.0,46.44097900390625,141,93.01580810546875,38.86540412902832,46.44097900390625,141
2025-07-17T20:32:19.855942,3,4,"[0, 1, 2, 3, 4, 5, 6, 7]",93.01580810546875,0.0,46.44097900390625,141,93.01580810546875,38.86540412902832,46.44097900390625,141
2025-07-17T20:32:19.863209,4,4,"[0, 1, 2, 3, 4, 5, 6, 7]",93.01580810546875,0.0,46.44097900390625,141,93.01580810546875,38.86540412902832,46.44097900390625,141
2025-07-17T20:32:19.865170,0,5,"[0, 1, 2, 3, 4, 5, 6, 7]",93.01580810546875,0.0,46.44097900390625,141,93.01580810546875,38.86540412902832,46.44097900390625,141
2025-07-17T20:32:19.878806,1,5,"[0, 1, 2, 4, 5, 6, 7]",93.01580810546875,0.0,46.44097900390625,141,93.01580810546875,38.86540412902832,46.44097900390625,141
2025-07-17T20:32:19.880841,2,5,"[0, 1, 2, 3, 4, 5, 6, 7]",93.01580810546875,0.0,46.44097900390625,141,93.01580810546875,38.86540412902832,46.44097900390625,141
2025-07-17T20:32:19.893088,3,5,"[0, 1, 2, 4, 5, 6, 7]",93.01580810546875,0.0,46.44097900390625,141,93.01580810546875,38.86540412902832,46.44097900390625,141
2025-07-17T20:32:19.896206,4,5,"[0, 1, 2, 4, 5, 6, 7]",93.01580810546875,0.0,46.44097900390625,141,93.01580810546875,38.86540412902832,46.44097900390625,141
2025-07-17T20:32:19.904432,0,6,"[0, 1, 2, 3, 4, 5, 6, 7]",93.01580810546875,0.0,46.44097900390625,141,93.01580810546875,38.86540412902832,46.44097900390625,141
2025-07-17T20:32:19.911602,1,6,"[0, 2, 3, 4, 5, 6, 7]",93.01580810546875,0.0,46.44097900390625,141,93.01580810546875,38.86540412902832,46.44097900390625,141
2025-07-17T20:32:19.918247,2,6,"[0, 1, 2, 3, 4, 5, 6, 7]",93.01580810546875,0.0,46.44097900390625,141,93.01580810546875,38.86540412902832,46.44097900390625,141
2025-07-17T20:32:19.926105,3,6,"[0, 2, 3, 4, 5, 6, 7]",93.01580810546875,0.0,46.44097900390625,141,93.01580810546875,38.86540412902832,46.44097900390625,141
2025-07-17T20:32:19.934229,4,6,"[0, 2, 3, 4, 5, 6, 7]",93.01580810546875,0.0,46.44097900390625,141,93.01580810546875,38.86540412902832,46.44097900390625,141
2025-07-17T20:32:19.940905,0,7,"[0, 1, 2, 3, 4, 5, 6, 7]",93.01580810546875,0.0,46.44097900390625,141,93.01580810546875,38.86540412902832,46.44097900390625,141
2025-07-17T20:32:19.952675,1,7,"[0, 1, 2, 3, 4, 5, 6]",93.01580810546875,0.0,46.44097900390625,141,93.01580810546875,38.86540412902832,46.44097900390625,141
2025-07-17T20:32:19.959300,2,7,"[0, 1, 2, 3, 4, 5, 6]",93.01580810546875,0.0,46.44097900390625,141,93.01580810546875,38.86540412902832,46.44097900390625,141
2025-07-17T20:32:19.961571,3,7,"[0, 1, 2, 3, 4, 5, 6]",93.01580810546875,0.0,46.44097900390625,141,93.01580810546875,38.86540412902832,46.44097900390625,141
2025-07-17T20:32:19.967811,4,7,"[0, 1, 2, 3, 4, 5, 6]",93.01580810546875,0.0,46.44097900390625,141,93.01580810546875,38.86540412902832,46.44097900390625,141
2025-07-17T20:32:19.975424,0,8,"[0, 1, 2, 3, 4, 5, 6, 7]",93.01580810546875,0.0,46.44097900390625,141,93.01580810546875,38.86540412902832,46.44097900390625,141
2025-07-17T20:32:19.982333,1,8,"[0, 1, 2, 3, 4, 5, 6, 7]",93.01580810546875,0.0,46.44097900390625,141,93.01580810546875,38.86540412902832,46.44097900390625,141
2025-07-17T20:32:19.988938,2,8,"[0, 1, 3, 4, 5, 6, 7]",93.01580810546875,0.0,46.44097900390625,141,93.01580810546875,38.86540412902832,46.44097900390625,141
2025-07-17T20:32:20.000638,3,8,"[0, 1, 2, 3, 4, 5, 6, 7]",93.01580810546875,0.0,46.44097900390625,141,93.01580810546875,38.86540412902832,46.44097900390625,141
2025-07-17T20:32:20.003539,4,8,"[0, 1, 2, 3, 4, 5, 6, 7]",93.01580810546875,0.0,46.44097900390625,141,93.01580810546875,38.86540412902832,46.44097900390625,141
2025-07-17T20:32:20.010932,0,9,"[0, 1, 2, 3, 4, 5, 6, 7]",93.01580810546875,0.0,46.44097900390625,141,93.01580810546875,38.86540412902832,46.44097900390625,141
2025-07-17T20:32:20.018214,1,9,"[0, 1, 2, 3, 4, 5, 6, 7]",93.01580810546875,0.0,46.44097900390625,141,93.01580810546875,38.86540412902832,46.44097900390625,141
2025-07-17T20:32:20.025123,2,9,"[0, 1, 2, 3, 4, 5, 6, 7]",93.01580810546875,0.0,46.44097900390625,141,93.01580810546875,38.86540412902832,46.44097900390625,141
2025-07-17T20:32:20.031739,3,9,"[0, 1, 2, 3, 4, 5, 6, 7]",93.01580810546875,0.0,46.44097900390625,141,93.01580810546875,38.86540412902832,46.44097900390625,141
2025-07-17T20:32:20.038647,4,9,"[0, 1, 2, 3, 4, 5, 6, 7]",93.01580810546875,0.0,46.44097900390625,141,93.01580810546875,38.86540412902832,46.44097900390625,141
2025-07-17T20:32:20.045949,0,10,"[0, 1, 2, 3, 4, 5, 6, 7]",93.01580810546875,0.0,46.44097900390625,141,93.01580810546875,38.86540412902832,46.44097900390625,141
2025-07-17T20:32:20.052326,1,10,"[0, 1, 2, 3, 4, 6, 7]",93.01580810546875,0.0,46.44097900390625,141,93.01580810546875,38.86540412902832,46.44097900390625,141
2025-07-17T20:32:20.059970,2,10,"[0, 1, 2, 3, 4, 5, 6, 7]",93.01580810546875,0.0,46.44097900390625,141,93.01580810546875,38.86540412902832,46.44097900390625,141
2025-07-17T20:32:20.066924,3,10,"[0, 1, 2, 3, 4, 6, 7]",93.01580810546875,0.0,46.44097900390625,141,93.01580810546875,38.86540412902832,46.44097900390625,141
2025-07-17T20:32:20.073902,4,10,"[0, 1, 2, 3, 4, 6, 7]",93.01580810546875,0.0,46.44097900390625,141,93.01580810546875,38.86540412902832,46.44097900390625,141
2025-07-17T20:32:20.080610,0,11,"[0, 1, 2, 3, 4, 5, 6, 7]",93.01580810546875,0.0,46.44097900390625,141,93.01580810546875,38.86540412902832,46.44097900390625,141
2025-07-17T20:32:20.088902,1,11,"[0, 1, 2, 4, 5, 6, 7]",93.01580810546875,0.0,46.44097900390625,141,93.01580810546875,38.86540412902832,46.44097900390625,141
2025-07-17T20:32:20.095499,2,11,"[0, 1, 2, 3, 4, 5, 6, 7]",93.01580810546875,0.0,46.44097900390625,141,93.01580810546875,38.86540412902832,46.44097900390625,141
2025-07-17T20:32:20.102442,3,11,"[0, 1, 2, 4, 5, 6, 7]",93.01580810546875,0.0,46.44097900390625,141,93.01580810546875,38.86540412902832,46.44097900390625,141
2025-07-17T20:32:20.109896,4,11,"[0, 1, 2, 4, 5, 6, 7]",93.01580810546875,0.0,46.44097900390625,141,93.01580810546875,38.86540412902832,46.44097900390625,141
2025-07-17T20:32:20.122716,0,12,"[0, 1, 2, 3, 4, 5, 6]",93.01580810546875,0.0,46.44097900390625,141,93.01580810546875,38.86540412902832,46.44097900390625,141
2025-07-17T20:32:20.125952,1,12,"[0, 1, 3, 4, 5, 6, 7]",93.01580810546875,0.0,46.44097900390625,141,93.01580810546875,38.86540412902832,46.44097900390625,141
2025-07-17T20:32:20.138729,2,12,"[0, 1, 2, 3, 4, 5, 6, 7]",93.01580810546875,0.0,46.44097900390625,141,93.01580810546875,38.86540412902832,46.44097900390625,141
2025-07-17T20:32:20.140760,3,12,"[0, 1, 3, 4, 5, 6, 7]",93.01580810546875,0.0,46.44097900390625,141,93.01580810546875,38.86540412902832,46.44097900390625,141
2025-07-17T20:32:20.147986,4,12,"[0, 1, 3, 4, 5, 6, 7]",93.01580810546875,0.0,46.44097900390625,141,93.01580810546875,38.86540412902832,46.44097900390625,141
2025-07-17T20:32:20.154821,0,13,"[0, 1, 2, 3, 4, 5, 6, 7]",93.01580810546875,0.0,46.44097900390625,141,93.01580810546875,38.86540412902832,46.44097900390625,141
2025-07-17T20:32:20.162187,1,13,"[0, 1, 2, 3, 4, 6, 7]",93.01580810546875,0.0,46.44097900390625,141,93.01580810546875,38.86540412902832,46.44097900390625,141
2025-07-17T20:32:20.168749,2,13,"[0, 1, 2, 3, 4, 5, 6, 7]",93.01580810546875,0.0,46.44097900390625,141,93.01580810546875,38.86540412902832,46.44097900390625,141
2025-07-17T20:32:20.176436,3,13,"[0, 1, 2, 3, 4, 6, 7]",93.01580810546875,0.0,46.44097900390625,141,93.01580810546875,38.86540412902832,46.44097900390625,141
2025-07-17T20:32:20.187206,4,13,"[0, 1, 2, 3, 4, 6, 7]",93.01580810546875,0.0,46.44097900390625,141,93.01580810546875,38.86540412902832,46.44097900390625,141
2025-07-17T20:32:20.194679,0,14,"[0, 1, 2, 3, 4, 5, 6, 7]",93.01580810546875,0.0,46.44097900390625,141,93.01580810546875,38.86540412902832,46.44097900390625,141
2025-07-17T20:32:20.202731,1,14,"[0, 1, 3, 4, 5, 6, 7]",93.01580810546875,0.0,46.44097900390625,141,93.01580810546875,38.86482238769531,46.44097900390625,141
2025-07-17T20:32:20.210826,2,14,"[0, 1, 2, 3, 4, 5, 6, 7]",93.01580810546875,0.0,46.44097900390625,141,93.01580810546875,38.86482238769531,46.44097900390625,141
2025-07-17T20:32:20.217973,3,14,"[0, 1, 3, 4, 5, 6, 7]",93.01580810546875,0.0,46.44097900390625,141,93.01580810546875,38.86482238769531,46.44097900390625,141
2025-07-17T20:32:20.224582,4,14,"[0, 1, 3, 4, 5, 6, 7]",93.01580810546875,0.0,46.44097900390625,141,93.01580810546875,38.86482238769531,46.44097900390625,141
2025-07-17T20:32:20.231202,0,15,"[0, 1, 2, 3, 4, 5, 6, 7]",93.01580810546875,0.0,46.44097900390625,141,93.01580810546875,38.86456489562988,46.44097900390625,141
2025-07-17T20:32:20.237567,1,15,"[0, 1, 2, 3, 4, 5, 6, 7]",93.01580810546875,0.0,46.44097900390625,141,93.01580810546875,38.86540412902832,46.44097900390625,141
2025-07-17T20:32:20.243289,2,15,"[0, 1, 2, 3, 4, 5, 6, 7]",93.01580810546875,0.0,46.44097900390625,141,93.01580810546875,38.86540412902832,46.44097900390625,141
2025-07-17T20:32:20.254124,3,15,"[0, 1, 2, 3, 4, 5, 6, 7]",93.01580810546875,0.0,46.44097900390625,141,93.01580810546875,38.86482238769531,46.44097900390625,141
2025-07-17T20:32:20.260957,4,15,"[0, 1, 2, 3, 4, 5, 6, 7]",93.01580810546875,0.0,46.44097900390625,141,93.01580810546875,38.86482238769531,46.44097900390625,141
2025-07-17T20:32:20.267522,0,16,"[0, 1, 2, 3, 4, 5, 6, 7]",93.01580810546875,0.0,46.44097900390625,141,93.01580810546875,38.86482238769531,46.44097900390625,141
2025-07-17T20:32:20.273802,1,16,"[0, 1, 3, 4, 5, 6, 7]",93.01580810546875,0.0,46.44097900390625,141,93.01580810546875,38.86456489562988,46.44097900390625,141
2025-07-17T20:32:20.281132,2,16,"[0, 1, 2, 3, 4, 5, 6, 7]",93.01580810546875,0.0,46.44097900390625,141,93.01580810546875,38.86540412902832,46.44097900390625,141
2025-07-17T20:32:20.288001,3,16,"[0, 1, 3, 4, 5, 6, 7]",93.01580810546875,0.0,46.44097900390625,141,93.01580810546875,38.86540412902832,46.44097900390625,141
2025-07-17T20:32:20.295052,4,16,"[0, 1, 3, 4, 5, 6, 7]",93.01580810546875,0.0,46.44097900390625,141,93.01580810546875,38.86540412902832,46.44097900390625,141
2025-07-17T20:32:20.302128,0,17,"[0, 1, 2, 3, 4, 5, 6, 7]",93.01580810546875,0.0,46.44097900390625,141,93.01580810546875,38.86540412902832,46.44097900390625,141
2025-07-17T20:32:20.309040,1,17,"[0, 1, 2, 3, 4, 5, 6, 7]",93.01580810546875,0.0,46.44097900390625,141,93.01580810546875,38.86540412902832,46.44097900390625,141
2025-07-17T20:32:20.315671,2,17,"[0, 1, 2, 3, 4, 5, 6, 7]",93.01580810546875,0.0,46.44097900390625,141,93.01580810546875,38.86540412902832,46.44097900390625,141
2025-07-17T20:32:20.323171,3,17,"[0, 1, 2, 3, 4, 5, 6, 7]",93.01580810546875,0.0,46.44097900390625,141,93.01580810546875,38.86540412902832,46.44097900390625,141
2025-07-17T20:32:20.329744,4,17,"[0, 1, 2, 3, 4, 5, 6, 7]",93.01580810546875,0.0,46.44097900390625,141,93.01580810546875,38.86540412902832,46.44097900390625,141
2025-07-17T20:32:20.336962,0,18,"[0, 1, 2, 3, 4, 5, 6, 7]",93.01580810546875,0.0,46.44097900390625,141,93.01580810546875,38.86540412902832,46.44097900390625,141
2025-07-17T20:32:20.343605,1,18,"[0, 1, 2, 3, 4, 5, 6, 7]",93.01580810546875,0.0,46.44097900390625,141,93.01580810546875,38.86540412902832,46.44097900390625,141
2025-07-17T20:32:20.350428,2,18,"[0, 1, 2, 3, 4, 5, 6, 7]",93.01580810546875,0.0,46.44097900390625,141,93.01580810546875,38.86540412902832,46.44097900390625,141
2025-07-17T20:32:20.357789,3,18,"[0, 1, 2, 3, 4, 5, 6, 7]",93.01580810546875,0.0,46.44097900390625,141,93.01580810546875,38.86540412902832,46.44097900390625,141
2025-07-17T20:32:20.365008,4,18,"[0, 1, 2, 3, 4, 5, 6, 7]",93.01580810546875,0.0,46.44097900390625,141,93.01580810546875,38.86540412902832,46.44097900390625,141
2025-07-17T20:32:20.368484,0,19,"[0, 1, 2, 3, 4, 5, 6, 7]",93.01580810546875,0.0,46.44097900390625,141,93.01580810546875,38.86482238769531,46.44097900390625,141
2025-07-17T20:32:20.376222,1,19,"[0, 1, 2, 3, 4, 5, 6, 7]",93.01580810546875,0.0,46.44097900390625,141,93.01580810546875,38.86482238769531,46.44097900390625,141
2025-07-17T20:32:20.387918,2,19,"[0, 1, 2, 3, 4, 5, 6, 7]",93.01580810546875,0.0,46.44097900390625,141,93.01580810546875,38.86456489562988,46.44097900390625,141
2025-07-17T20:32:20.394492,3,19,"[0, 1, 2, 3, 4, 5, 6, 7]",93.01580810546875,0.0,46.44097900390625,141,93.01580810546875,38.86456489562988,46.44097900390625,141
2025-07-17T20:32:20.400807,4,19,"[0, 1, 2, 3, 4, 5, 6, 7]",93.01580810546875,0.0,46.44097900390625,141,93.01580810546875,38.86456489562988,46.44097900390625,141
2025-07-17T20:32:20.410412,0,20,"[0, 1, 2, 3, 4, 5, 6, 7]",93.01580810546875,0.0,46.44097900390625,141,93.01580810546875,38.86540412902832,46.44097900390625,141
2025-07-17T20:32:20.412681,1,20,"[0, 2, 3, 4, 5, 6, 7]",93.01580810546875,0.0,46.44097900390625,141,93.01580810546875,38.86540412902832,46.44097900390625,141
2025-07-17T20:32:20.419086,2,20,"[0, 1, 2, 3, 4, 5, 6, 7]",93.01580810546875,0.0,46.44097900390625,141,93.01580810546875,38.86540412902832,46.44097900390625,141
2025-07-17T20:32:20.432008,3,20,"[0, 2, 3, 4, 5, 6, 7]",93.01580810546875,0.0,46.44097900390625,141,93.01580810546875,38.86540412902832,46.44097900390625,141
2025-07-17T20:32:20.434031,4,20,"[0, 2, 3, 4, 5, 6, 7]",93.01580810546875,0.0,46.44097900390625,141,93.01580810546875,38.86540412902832,46.44097900390625,141
2025-07-17T20:32:20.441182,0,21,"[0, 1, 2, 3, 4, 5, 6, 7]",93.01580810546875,0.0,46.44097900390625,141,93.01580810546875,38.86540412902832,46.44097900390625,141
2025-07-17T20:32:20.448635,1,21,"[0, 1, 2, 3, 4, 5, 6, 7]",93.01580810546875,0.0,46.44097900390625,141,93.01580810546875,38.86540412902832,46.44097900390625,141
2025-07-17T20:32:20.456325,2,21,"[0, 1, 2, 3, 4, 5, 6, 7]",93.01580810546875,0.0,46.44097900390625,141,93.01580810546875,38.86540412902832,46.44097900390625,141
2025-07-17T20:32:20.463443,3,21,"[0, 1, 2, 3, 4, 5, 6, 7]",93.01580810546875,0.0,46.44097900390625,141,93.01580810546875,38.86540412902832,46.44097900390625,141
2025-07-17T20:32:20.470645,4,21,"[0, 1, 2, 3, 4, 5, 6, 7]",93.01580810546875,0.0,46.44097900390625,141,93.01580810546875,38.86540412902832,46.44097900390625,141
2025-07-17T20:32:20.483147,0,22,"[0, 1, 2, 3, 4, 5, 6, 7]",93.01580810546875,0.0,46.44097900390625,141,93.01580810546875,38.86540412902832,46.44097900390625,141
2025-07-17T20:32:20.485233,1,22,"[0, 1, 2, 3, 4, 5, 6, 7]",93.01580810546875,0.0,46.44097900390625,141,93.01580810546875,38.86540412902832,46.44097900390625,141
2025-07-17T20:32:20.492024,2,22,"[0, 1, 2, 3, 4, 5, 6, 7]",93.01580810546875,0.0,46.44097900390625,141,93.01580810546875,38.86540412902832,46.44097900390625,141
2025-07-17T20:32:20.504802,3,22,"[0, 1, 2, 3, 4, 5, 6, 7]",93.01580810546875,0.0,46.44097900390625,141,93.01580810546875,38.86540412902832,46.44097900390625,141
2025-07-17T20:32:20.506912,4,22,"[0, 1, 2, 3, 4, 5, 6, 7]",93.01580810546875,0.0,46.44097900390625,141,93.01580810546875,38.86540412902832,46.44097900390625,141
2025-07-17T20:32:20.514207,0,23,"[0, 1, 2, 3, 4, 5, 6, 7]",93.01580810546875,0.0,46.44097900390625,141,93.01580810546875,38.86540412902832,46.44097900390625,141
2025-07-17T20:32:20.521190,1,23,"[0, 1, 2, 3, 4, 5, 6, 7]",93.01580810546875,0.0,46.44097900390625,141,93.01580810546875,38.86540412902832,46.44097900390625,141
2025-07-17T20:32:20.528852,2,23,"[0, 1, 2, 3, 4, 5, 6, 7]",93.01580810546875,0.0,46.44097900390625,141,93.01580810546875,38.86540412902832,46.44097900390625,141
2025-07-17T20:32:20.536566,3,23,"[0, 1, 2, 3, 4, 5, 6, 7]",93.01580810546875,0.0,46.44097900390625,141,93.01580810546875,38.86540412902832,46.44097900390625,141
2025-07-17T20:32:20.544602,4,23,"[0, 1, 2, 3, 4, 5, 6, 7]",93.01580810546875,0.0,46.44097900390625,141,93.01580810546875,38.86540412902832,46.44097900390625,141
2025-07-17T20:32:20.551760,0,24,"[0, 1, 2, 3, 4, 5, 6, 7]",93.01580810546875,0.0,46.44097900390625,141,93.01580810546875,38.86540412902832,46.44097900390625,141
2025-07-17T20:32:20.560098,1,24,"[0, 1, 2, 3, 4, 5, 6, 7]",93.01580810546875,0.0,46.44097900390625,141,93.01580810546875,38.86540412902832,46.44097900390625,141
2025-07-17T20:32:20.567399,2,24,"[0, 1, 2, 3, 4, 5, 6, 7]",93.01580810546875,0.0,46.44097900390625,141,93.01580810546875,38.86540412902832,46.44097900390625,141
2025-07-17T20:32:20.578763,3,24,"[0, 1, 2, 3, 4, 5, 6, 7]",93.01580810546875,0.0,46.44097900390625,141,93.01580810546875,38.86540412902832,46.44097900390625,141
2025-07-17T20:32:20.581015,4,24,"[0, 1, 2, 3, 4, 5, 6, 7]",93.01580810546875,0.0,46.44097900390625,141,93.01580810546875,38.86540412902832,46.44097900390625,141
2025-07-17T20:32:20.593221,0,25,"[0, 1, 2, 3, 4, 5, 6, 7]",93.01580810546875,0.0,46.44097900390625,141,93.01580810546875,38.86540412902832,46.44097900390625,141
2025-07-17T20:32:20.595375,1,25,"[0, 1, 2, 3, 4, 5, 6, 7]",93.01580810546875,0.0,46.44097900390625,141,93.01580810546875,38.86540412902832,46.44097900390625,141
2025-07-17T20:32:20.606735,2,25,"[0, 1, 2, 3, 4, 5, 6, 7]",93.01580810546875,0.0,46.44097900390625,141,93.01580810546875,38.86540412902832,46.44097900390625,141
2025-07-17T20:32:20.609016,3,25,"[0, 1, 2, 3, 4, 5, 6, 7]",93.01580810546875,0.0,46.44097900390625,141,93.01580810546875,38.86540412902832,46.44097900390625,141
2025-07-17T20:32:20.621197,4,25,"[0, 1, 2, 3, 4, 5, 6, 7]",93.01580810546875,0.0,46.44097900390625,141,93.01580810546875,38.86540412902832,46.44097900390625,141
2025-07-17T20:32:20.623200,0,26,"[0, 1, 2, 3, 4, 5, 6, 7]",93.01580810546875,0.0,46.44097900390625,141,93.01580810546875,38.86540412902832,46.44097900390625,141
2025-07-17T20:32:20.629024,1,26,"[0, 2, 4, 5, 6, 7]",93.01580810546875,0.0,46.44097900390625,141,93.01580810546875,38.86540412902832,46.44097900390625,141
2025-07-17T20:32:20.635978,2,26,"[0, 1, 2, 3, 4, 5, 6, 7]",93.01580810546875,0.0,46.44097900390625,141,93.01580810546875,38.86540412902832,46.44097900390625,141
2025-07-17T20:32:20.647844,3,26,"[0, 2, 4, 5, 6, 7]",93.01580810546875,0.0,46.44097900390625,141,93.01580810546875,38.86540412902832,46.44097900390625,141
2025-07-17T20:32:20.655012,4,26,"[0, 2, 4, 5, 6, 7]",93.01580810546875,0.0,46.44097900390625,141,93.01580810546875,38.86540412902832,46.44097900390625,141
2025-07-17T20:32:20.661890,0,27,"[0, 1, 2, 3, 4, 5, 6, 7]",93.01580810546875,0.0,46.44097900390625,141,93.01580810546875,38.86540412902832,46.44097900390625,141
2025-07-17T20:32:20.668307,1,27,"[0, 1, 2, 3, 4, 7]",93.01580810546875,0.0,46.44097900390625,141,93.01580810546875,38.86540412902832,46.44097900390625,141
2025-07-17T20:32:20.675572,2,27,"[0, 1, 2, 3, 4, 5, 6, 7]",93.01580810546875,0.0,46.44097900390625,141,93.01580810546875,38.86540412902832,46.44097900390625,141
2025-07-17T20:32:20.684394,3,27,"[0, 1, 2, 3, 4, 7]",93.01580810546875,0.0,46.44097900390625,141,93.01580810546875,38.86540412902832,46.44097900390625,141
2025-07-17T20:32:20.691125,4,27,"[0, 1, 2, 3, 4, 7]",93.01580810546875,0.0,46.44097900390625,141,93.01580810546875,38.86540412902832,46.44097900390625,141
2025-07-17T20:32:20.697742,0,28,"[0, 1, 2, 3, 4, 5, 6, 7]",93.01580810546875,0.0,46.44097900390625,141,93.01580810546875,38.86540412902832,46.44097900390625,141
2025-07-17T20:32:20.704409,1,28,"[0, 1, 2, 3, 5, 6, 7]",93.01580810546875,0.0,46.44097900390625,141,93.01580810546875,38.86540412902832,46.44097900390625,141
2025-07-17T20:32:20.712685,2,28,"[0, 1, 2, 3, 4, 5, 6, 7]",93.01580810546875,0.0,46.44097900390625,141,93.01580810546875,38.86482238769531,46.44097900390625,141
2025-07-17T20:32:20.719770,3,28,"[0, 1, 2, 3, 5, 6, 7]",93.01580810546875,0.0,46.44097900390625,141,93.01580810546875,38.86482238769531,46.44097900390625,141
2025-07-17T20:32:20.726807,4,28,"[0, 1, 2, 3, 5, 6, 7]",93.01580810546875,0.0,46.44097900390625,141,93.01580810546875,38.86482238769531,46.44097900390625,141
2025-07-17T20:32:20.733527,0,29,"[0, 1, 2, 3, 4, 5, 6, 7]",93.01580810546875,0.0,46.44097900390625,141,93.01580810546875,38.86456489562988,46.44097900390625,141
2025-07-17T20:32:20.740174,1,29,"[0, 1, 2, 3, 4, 5, 6, 7]",93.01580810546875,0.0,46.44097900390625,141,93.01580810546875,38.86456489562988,46.44097900390625,141
2025-07-17T20:32:20.747100,2,29,"[0, 1, 2, 3, 4, 5, 6, 7]",93.01580810546875,0.0,46.44097900390625,141,93.01580810546875,38.86540412902832,46.44097900390625,141
2025-07-17T20:32:20.755422,3,29,"[0, 1, 2, 3, 4, 5, 6, 7]",93.01580810546875,0.0,46.44097900390625,141,93.01580810546875,38.86540412902832,46.44097900390625,141
2025-07-17T20:32:20.763090,4,29,"[0, 1, 2, 3, 4, 5, 6, 7]",93.01580810546875,0.0,46.44097900390625,141,93.01580810546875,38.86540412902832,46.44097900390625,141
2025-07-17T20:32:20.770078,0,30,"[0, 1, 2, 3, 4, 5, 6, 7]",93.01580810546875,0.0,46.44097900390625,141,93.01580810546875,38.86482238769531,46.44097900390625,141
2025-07-17T20:32:20.776918,1,30,"[0, 1, 2, 3, 4, 5, 6, 7]",93.01580810546875,0.0,46.44097900390625,141,93.01580810546875,38.86482238769531,46.44097900390625,141
2025-07-17T20:32:20.783830,2,30,"[0, 1, 2, 3, 4, 5, 6, 7]",93.01580810546875,0.0,46.44097900390625,141,93.01580810546875,38.86456489562988,46.44097900390625,141
2025-07-17T20:32:20.791762,3,30,"[0, 1, 2, 3, 4, 5, 6, 7]",93.01580810546875,0.0,46.44097900390625,141,93.01580810546875,38.86540412902832,46.44097900390625,141
2025-07-17T20:32:20.800114,4,30,"[0, 1, 2, 3, 4, 5, 6, 7]",93.01580810546875,0.0,46.44097900390625,141,93.01580810546875,38.86540412902832,46.44097900390625,141
2025-07-17T20:32:20.807388,0,31,"[0, 1, 2, 3, 4, 5, 6, 7]",93.01580810546875,0.0,46.44097900390625,141,93.01580810546875,38.87287998199463,46.44097900390625,141
2025-07-17T20:32:20.816390,1,31,"[0, 1, 2, 3, 4, 5, 6, 7]",93.01580810546875,0.0,46.44097900390625,141,93.01580810546875,38.86967182159424,46.44097900390625,141
2025-07-17T20:32:20.826021,2,31,"[0, 1, 2, 3, 4, 5, 6, 7]",93.01580810546875,0.0,46.44097900390625,141,93.01580810546875,38.86646366119385,46.44097900390625,141
2025-07-17T20:32:20.834887,3,31,"[0, 1, 2, 3, 4, 5, 6, 7]",93.01580810546875,0.0,46.44097900390625,141,93.01580810546875,38.86299800872803,46.44097900390625,141
2025-07-17T20:32:20.838326,4,31,"[0, 1, 2, 3, 4, 5, 6, 7]",93.01580810546875,0.0,46.44097900390625,141,93.01580810546875,38.86002254486084,46.44097900390625,141
2025-07-17T20:32:20.853129,0,0,"[0, 1, 2, 3, 4, 5, 6, 7]",93.01580810546875,0.0,46.44097900390625,141,93.01580810546875,38.85531425476074,46.44097900390625,141
2025-07-17T20:32:20.862024,1,0,"[0, 1, 2, 3, 4, 5, 6, 7]",93.01580810546875,0.0,46.44097900390625,141,93.01580810546875,38.85852241516113,46.44097900390625,141
2025-07-17T20:32:20.865707,2,0,"[0, 1, 2, 3, 4, 5, 6, 7]",93.01580810546875,0.0,46.44097900390625,141,93.01580810546875,38.86149787902832,46.44097900390625,141
2025-07-17T20:32:20.877678,3,0,"[0, 1, 2, 3, 4, 5, 6, 7]",93.01580810546875,0.0,46.44097900390625,141,93.01580810546875,38.86438179016113,46.44097900390625,141
2025-07-17T20:32:20.885505,4,0,"[0, 1, 2, 3, 4, 5, 6, 7]",93.01580810546875,0.0,46.44097900390625,141,93.01580810546875,38.86540412902832,46.44097900390625,141
2025-07-17T20:32:20.887955,0,1,"[0, 1, 2, 3, 4, 5, 6, 7]",93.01580810546875,0.0,46.44097900390625,141,93.01580810546875,38.86540412902832,46.44097900390625,141
2025-07-17T20:32:20.900799,1,1,"[0, 1, 2, 3, 4, 5, 6, 7]",93.01580810546875,0.0,46.44097900390625,141,93.01580810546875,38.86540412902832,46.44097900390625,141
2025-07-17T20:32:20.903299,2,1,"[0, 1, 2, 3, 4, 5, 6, 7]",93.01580810546875,0.0,46.44097900390625,141,93.01580810546875,38.86540412902832,46.44097900390625,141
2025-07-17T20:32:20.910579,3,1,"[0, 1, 2, 3, 4, 5, 6, 7]",93.01580810546875,0.0,46.44097900390625,141,93.01580810546875,38.86540412902832,46.44097900390625,141
2025-07-17T20:32:20.918061,4,1,"[0, 1, 2, 3, 4, 5, 6, 7]",93.01580810546875,0.0,46.44097900390625,141,93.01580810546875,38.86540412902832,46.44097900390625,141
2025-07-17T20:32:20.925621,0,2,"[0, 1, 2, 3, 4, 5, 6, 7]",93.01580810546875,0.0,46.44097900390625,141,93.01580810546875,38.86540412902832,46.44097900390625,141
2025-07-17T20:32:20.932890,1,2,"[0, 1, 2, 3, 4, 5, 6, 7]",93.01580810546875,0.0,46.44097900390625,141,93.01580810546875,38.86540412902832,46.44097900390625,141
2025-07-17T20:32:20.940585,2,2,"[0, 1, 2, 3, 4, 5, 6, 7]",93.01580810546875,0.0,46.44097900390625,141,93.01580810546875,38.86540412902832,46.44097900390625,141
2025-07-17T20:32:20.953028,3,2,"[0, 1, 2, 3, 4, 5, 6, 7]",93.01580810546875,0.0,46.44097900390625,141,93.01580810546875,38.86540412902832,46.44097900390625,141
2025-07-17T20:32:20.955120,4,2,"[0, 1, 2, 3, 4, 5, 6, 7]",93.01580810546875,0.0,46.44097900390625,141,93.01580810546875,38.86540412902832,46.44097900390625,141
2025-07-17T20:32:20.966937,0,3,"[0, 1, 2, 3, 4, 5, 6, 7]",93.01580810546875,0.0,46.44097900390625,141,93.01580810546875,38.86540412902832,46.44097900390625,141
2025-07-17T20:32:20.969242,1,3,"[0, 1, 2, 3, 4, 5, 6]",93.01580810546875,0.0,46.44097900390625,141,93.01580810546875,38.86540412902832,46.44097900390625,141
2025-07-17T20:32:20.976706,2,3,"[0, 1, 2, 3, 4, 5, 6, 7]",93.01580810546875,0.0,46.44097900390625,141,93.01580810546875,38.86540412902832,46.44097900390625,141
2025-07-17T20:32:20.984536,3,3,"[0, 1, 2, 3, 4, 5, 6]",93.01580810546875,0.0,46.44097900390625,141,93.01580810546875,38.86540412902832,46.44097900390625,141
2025-07-17T20:32:20.992428,4,3,"[0, 1, 2, 3, 4, 5, 6]",93.01580810546875,0.0,46.44097900390625,141,93.01580810546875,38.86540412902832,46.44097900390625,141
2025-07-17T20:32:20.999210,0,4,"[0, 1, 2, 3, 4, 5, 6, 7]",93.01580810546875,0.0,46.44097900390625,141,93.01580810546875,38.86540412902832,46.44097900390625,141
2025-07-17T20:32:21.005989,1,4,"[0, 1, 3, 4, 5, 6, 7]",93.01580810546875,0.0,46.44097900390625,141,93.01580810546875,38.86540412902832,46.44097900390625,141
2025-07-17T20:32:21.012933,2,4,"[0, 1, 2, 3, 4, 5, 6, 7]",93.01580810546875,0.0,46.44097900390625,141,93.01580810546875,38.86540412902832,46.44097900390625,141
2025-07-17T20:32:21.020343,3,4,"[0, 1, 3, 4, 5, 6, 7]",93.01580810546875,0.0,46.44097900390625,141,93.01580810546875,38.86540412902832,46.44097900390625,141
2025-07-17T20:32:21.027742,4,4,"[0, 1, 3, 4, 5, 6, 7]",93.01580810546875,0.0,46.44097900390625,141,93.01580810546875,38.86540412902832,46.44097900390625,141
2025-07-17T20:32:21.034632,0,5,"[0, 1, 2, 3, 4, 5, 6, 7]",93.01580810546875,0.0,46.44097900390625,141,93.01580810546875,38.86540412902832,46.44097900390625,141
2025-07-17T20:32:21.042270,1,5,"[0, 1, 2, 3, 4, 6, 7]",93.01580810546875,0.0,46.44097900390625,141,93.01580810546875,38.86540412902832,46.44097900390625,141
2025-07-17T20:32:21.049934,2,5,"[0, 1, 2, 3, 4, 5, 6, 7]",93.01580810546875,0.0,46.44097900390625,141,93.01580810546875,38.86540412902832,46.44097900390625,141
2025-07-17T20:32:21.057190,3,5,"[0, 1, 2, 3, 4, 6, 7]",93.01580810546875,0.0,46.44097900390625,141,93.01580810546875,38.86540412902832,46.44097900390625,141
2025-07-17T20:32:21.064049,4,5,"[0, 1, 2, 3, 4, 6, 7]",93.01580810546875,0.0,46.44097900390625,141,93.01580810546875,38.86540412902832,46.44097900390625,141
2025-07-17T20:32:21.071930,0,6,"[0, 1, 2, 3, 4, 5, 6, 7]",93.01580810546875,0.0,46.44097900390625,141,93.01580810546875,38.86540412902832,46.44097900390625,141
2025-07-17T20:32:21.078970,1,6,"[0, 1, 2, 3, 4, 5, 6, 7]",93.01580810546875,0.0,46.44097900390625,141,93.01580810546875,38.86540412902832,46.44097900390625,141
2025-07-17T20:32:21.086319,2,6,"[0, 1, 2, 3, 4, 5, 6, 7]",93.01580810546875,0.0,46.44097900390625,141,93.01580810546875,38.86540412902832,46.44097900390625,141
2025-07-17T20:32:21.093616,3,6,"[0, 1, 2, 3, 4, 5, 6, 7]",93.01580810546875,0.0,46.44097900390625,141,93.01580810546875,38.86540412902832,46.44097900390625,141
2025-07-17T20:32:21.101873,4,6,"[0, 1, 2, 3, 4, 5, 6, 7]",93.01580810546875,0.0,46.44097900390625,141,93.01580810546875,38.86540412902832,46.44097900390625,141
2025-07-17T20:32:21.108605,0,7,"[0, 1, 2, 4, 5, 6, 7]",93.01580810546875,0.0,46.44097900390625,141,93.01580810546875,38.86540412902832,46.44097900390625,141
2025-07-17T20:32:21.115649,1,7,"[0, 2, 3, 4, 5, 6, 7]",93.01580810546875,0.0,46.44097900390625,141,93.01580810546875,38.86540412902832,46.44097900390625,141
2025-07-17T20:32:21.122330,2,7,"[0, 1, 2, 3, 4, 5, 6]",93.01580810546875,0.0,46.44097900390625,141,93.01580810546875,38.86540412902832,46.44097900390625,141
2025-07-17T20:32:21.129910,3,7,"[0, 2, 3, 4, 5, 6, 7]",93.01580810546875,0.0,46.44097900390625,141,93.01580810546875,38.86540412902832,46.44097900390625,141
2025-07-17T20:32:21.136142,4,7,"[0, 2, 3, 4, 5, 6, 7]",93.01580810546875,0.0,46.44097900390625,141,93.01580810546875,38.86540412902832,46.44097900390625,141
2025-07-17T20:32:21.142770,0,8,"[0, 1, 2, 3, 4, 5, 6, 7]",93.01580810546875,0.0,46.44097900390625,141,93.01580810546875,38.86540412902832,46.44097900390625,141
2025-07-17T20:32:21.149677,1,8,"[0, 1, 2, 3, 4, 5, 7]",93.01580810546875,0.0,46.44097900390625,141,93.01580810546875,38.86540412902832,46.44097900390625,141
2025-07-17T20:32:21.156245,2,8,"[0, 1, 2, 3, 4, 5, 6, 7]",93.01580810546875,0.0,46.44097900390625,141,93.01580810546875,38.86540412902832,46.44097900390625,141
2025-07-17T20:32:21.163906,3,8,"[0, 1, 2, 3, 4, 5, 7]",93.01580810546875,0.0,46.44097900390625,141,93.01580810546875,38.86540412902832,46.44097900390625,141
2025-07-17T20:32:21.171506,4,8,"[0, 1, 2, 3, 4, 5, 7]",93.01580810546875,0.0,46.44097900390625,141,93.01580810546875,38.86540412902832,46.44097900390625,141
2025-07-17T20:32:21.179836,0,9,"[0, 1, 2, 3, 4, 5, 6, 7]",93.01580810546875,0.0,46.44097900390625,141,93.01580810546875,38.86540412902832,46.44097900390625,141
2025-07-17T20:32:21.185946,1,9,"[0, 1, 2, 3, 5, 6, 7]",93.01580810546875,0.0,46.44097900390625,141,93.01580810546875,38.86540412902832,46.44097900390625,141
2025-07-17T20:32:21.193029,2,9,"[0, 1, 2, 3, 4, 5, 6, 7]",93.01580810546875,0.0,46.44097900390625,141,93.01580810546875,38.86540412902832,46.44097900390625,141
2025-07-17T20:32:21.201531,3,9,"[0, 1, 2, 3, 5, 6, 7]",93.01580810546875,0.0,46.44097900390625,141,93.01580810546875,38.86540412902832,46.44097900390625,141
2025-07-17T20:32:21.207941,4,9,"[0, 1, 2, 3, 5, 6, 7]",93.01580810546875,0.0,46.44097900390625,141,93.01580810546875,38.86540412902832,46.44097900390625,141
2025-07-17T20:32:21.215502,0,10,"[0, 1, 2, 3, 4, 5, 6, 7]",93.01580810546875,0.0,46.44097900390625,141,93.01580810546875,38.86540412902832,46.44097900390625,141
2025-07-17T20:32:21.227131,1,10,"[0, 1, 2, 4, 5, 6, 7]",93.01580810546875,0.0,46.44097900390625,141,93.01580810546875,38.86540412902832,46.44097900390625,141
2025-07-17T20:32:21.229211,2,10,"[0, 1, 2, 3, 4, 6, 7]",93.01580810546875,0.0,46.44097900390625,141,93.01580810546875,38.86540412902832,46.44097900390625,141
2025-07-17T20:32:21.236281,3,10,"[0, 1, 2, 4, 5, 6, 7]",93.01580810546875,0.0,46.44097900390625,141,93.01580810546875,38.86540412902832,46.44097900390625,141
2025-07-17T20:32:21.249402,4,10,"[0, 1, 2, 4, 5, 6, 7]",93.01580810546875,0.0,46.44097900390625,141,93.01580810546875,38.86540412902832,46.44097900390625,141
2025-07-17T20:32:21.252033,0,11,"[0, 1, 2, 3, 4, 5, 6, 7]",93.01580810546875,0.0,46.44097900390625,141,93.01580810546875,38.86540412902832,46.44097900390625,141
2025-07-17T20:32:21.259529,1,11,"[0, 1, 2, 4, 5, 6, 7]",93.01580810546875,0.0,46.44097900390625,141,93.01580810546875,38.86540412902832,46.44097900390625,141
2025-07-17T20:32:21.265629,2,11,"[0, 1, 2, 3, 4, 5, 6, 7]",93.01580810546875,0.0,46.44097900390625,141,93.01580810546875,38.86540412902832,46.44097900390625,141
2025-07-17T20:32:21.271849,3,11,"[0, 1, 2, 4, 5, 6, 7]",93.01580810546875,0.0,46.44097900390625,141,93.01580810546875,38.86540412902832,46.44097900390625,141
2025-07-17T20:32:21.284016,4,11,"[0, 1, 2, 4, 5, 6, 7]",93.01580810546875,0.0,46.44097900390625,141,93.01580810546875,38.86540412902832,46.44097900390625,141
2025-07-17T20:32:21.286123,0,12,"[0, 1, 2, 3, 4, 5, 6, 7]",93.01580810546875,0.0,46.44097900390625,141,93.01580810546875,38.86540412902832,46.44097900390625,141
2025-07-17T20:32:21.292987,1,12,"[0, 1, 3, 4, 5, 6]",93.01580810546875,0.0,46.44097900390625,141,93.01580810546875,38.86540412902832,46.44097900390625,141
2025-07-17T20:32:21.299366,2,12,"[0, 1, 2, 3, 4, 5, 6, 7]",93.01580810546875,0.0,46.44097900390625,141,93.01580810546875,38.86540412902832,46.44097900390625,141
2025-07-17T20:32:21.306669,3,12,"[0, 1, 3, 4, 5, 6]",93.01580810546875,0.0,46.44097900390625,141,93.01580810546875,38.86540412902832,46.44097900390625,141
2025-07-17T20:32:21.313798,4,12,"[0, 1, 3, 4, 5, 6]",93.01580810546875,0.0,46.44097900390625,141,93.01580810546875,38.86540412902832,46.44097900390625,141
2025-07-17T20:32:21.320825,0,13,"[0, 1, 2, 3, 4, 5, 6, 7]",93.01580810546875,0.0,46.44097900390625,141,93.01580810546875,38.86540412902832,46.44097900390625,141
2025-07-17T20:32:21.327865,1,13,"[0, 1, 2, 3, 4, 6, 7]",93.01580810546875,0.0,46.44097900390625,141,93.01580810546875,38.86540412902832,46.44097900390625,141
2025-07-17T20:32:21.335426,2,13,"[0, 1, 2, 3, 4, 5, 6, 7]",93.01580810546875,0.0,46.44097900390625,141,93.01580810546875,38.86540412902832,46.44097900390625,141
2025-07-17T20:32:21.342390,3,13,"[0, 1, 2, 3, 4, 6, 7]",93.01580810546875,0.0,46.44097900390625,141,93.01580810546875,38.86540412902832,46.44097900390625,141
2025-07-17T20:32:21.349656,4,13,"[0, 1, 2, 3, 4, 6, 7]",93.01580810546875,0.0,46.44097900390625,141,93.01580810546875,38.86540412902832,46.44097900390625,141
2025-07-17T20:32:21.356527,0,14,"[0, 1, 2, 3, 4, 5, 6, 7]",93.01580810546875,0.0,46.44097900390625,141,93.01580810546875,38.86540412902832,46.44097900390625,141
2025-07-17T20:32:21.368406,1,14,"[0, 1, 2, 3, 4, 5, 7]",93.01580810546875,0.0,46.44097900390625,141,93.01580810546875,38.86540412902832,46.44097900390625,141
2025-07-17T20:32:21.370964,2,14,"[0, 1, 2, 3, 4, 5, 6, 7]",93.01580810546875,0.0,46.44097900390625,141,93.01580810546875,38.86540412902832,46.44097900390625,141
2025-07-17T20:32:21.378278,3,14,"[0, 1, 2, 3, 4, 5, 7]",93.01580810546875,0.0,46.44097900390625,141,93.01580810546875,38.86540412902832,46.44097900390625,141
2025-07-17T20:32:21.385413,4,14,"[0, 1, 2, 3, 4, 5, 7]",93.01580810546875,0.0,46.44097900390625,141,93.01580810546875,38.86540412902832,46.44097900390625,141
2025-07-17T20:32:21.397425,0,15,"[0, 1, 2, 3, 4, 5, 6, 7]",93.01580810546875,0.0,46.44097900390625,141,93.01580810546875,38.86540412902832,46.44097900390625,141
2025-07-17T20:32:21.405353,1,15,"[0, 1, 2, 3, 4, 5, 6]",93.01580810546875,0.0,46.44097900390625,141,93.01580810546875,38.86540412902832,46.44097900390625,141
2025-07-17T20:32:21.407849,2,15,"[0, 1, 2, 3, 4, 5, 6, 7]",93.01580810546875,0.0,46.44097900390625,141,93.01580810546875,38.86540412902832,46.44097900390625,141
2025-07-17T20:32:21.414937,3,15,"[0, 1, 2, 3, 4, 5, 6]",93.01580810546875,0.0,46.44097900390625,141,93.01580810546875,38.86540412902832,46.44097900390625,141
2025-07-17T20:32:21.422514,4,15,"[0, 1, 2, 3, 4, 5, 6]",93.01580810546875,0.0,46.44097900390625,141,93.01580810546875,38.86540412902832,46.44097900390625,141
2025-07-17T20:32:21.433552,0,16,"[0, 1, 2, 3, 4, 5, 6, 7]",93.01580810546875,0.0,46.44097900390625,141,93.01580810546875,38.86540412902832,46.44097900390625,141
2025-07-17T20:32:21.436013,1,16,"[0, 2, 3, 4, 5, 6, 7]",93.01580810546875,0.0,46.44097900390625,141,93.01580810546875,38.86540412902832,46.44097900390625,141
2025-07-17T20:32:21.443343,2,16,"[0, 1, 2, 3, 4, 5, 6, 7]",93.01580810546875,0.0,46.44097900390625,141,93.01580810546875,38.86540412902832,46.44097900390625,141
2025-07-17T20:32:21.450997,3,16,"[0, 2, 3, 4, 5, 6, 7]",93.01580810546875,0.0,46.44097900390625,141,93.01580810546875,38.86540412902832,46.44097900390625,141
2025-07-17T20:32:21.465701,4,16,"[0, 2, 3, 4, 5, 6, 7]",93.01580810546875,0.0,46.44097900390625,141,93.01580810546875,38.86540412902832,46.44097900390625,141
2025-07-17T20:32:21.468168,0,17,"[0, 1, 2, 3, 4, 5, 6, 7]",93.01580810546875,0.0,46.44097900390625,141,93.01580810546875,38.86540412902832,46.44097900390625,141
2025-07-17T20:32:21.480106,1,17,"[0, 1, 2, 3, 4, 5, 6, 7]",93.01580810546875,0.0,46.44097900390625,141,93.01580810546875,38.86540412902832,46.44097900390625,141
2025-07-17T20:32:21.482026,2,17,"[0, 2, 3, 4, 5, 6, 7]",93.01580810546875,0.0,46.44097900390625,141,93.01580810546875,38.86540412902832,46.44097900390625,141
2025-07-17T20:32:21.489078,3,17,"[0, 1, 2, 3, 4, 5, 6, 7]",93.01580810546875,0.0,46.44097900390625,141,93.01580810546875,38.86540412902832,46.44097900390625,141
2025-07-17T20:32:21.497259,4,17,"[0, 1, 2, 3, 4, 5, 6, 7]",93.01580810546875,0.0,46.44097900390625,141,93.01580810546875,38.86540412902832,46.44097900390625,141
2025-07-17T20:32:21.503885,0,18,"[0, 1, 2, 3, 4, 5, 6, 7]",93.01580810546875,0.0,46.44097900390625,141,93.01580810546875,38.86540412902832,46.44097900390625,141
2025-07-17T20:32:21.511674,1,18,"[0, 1, 2, 3, 4, 5, 6, 7]",93.01580810546875,0.0,46.44097900390625,141,93.01580810546875,38.86540412902832,46.44097900390625,141
2025-07-17T20:32:21.518325,2,18,"[0, 1, 2, 3, 4, 5, 6, 7]",93.01580810546875,0.0,46.44097900390625,141,93.01580810546875,38.86540412902832,46.44097900390625,141
2025-07-17T20:32:21.531429,3,18,"[0, 1, 2, 3, 4, 5, 6, 7]",93.01580810546875,0.0,46.44097900390625,141,93.01580810546875,38.86540412902832,46.44097900390625,141
2025-07-17T20:32:21.533325,4,18,"[0, 1, 2, 3, 4, 5, 6, 7]",93.01580810546875,0.0,46.44097900390625,141,93.01580810546875,38.86540412902832,46.44097900390625,141
2025-07-17T20:32:21.540011,0,19,"[0, 1, 2, 3, 4, 5, 6, 7]",93.01580810546875,0.0,46.44097900390625,141,93.01580810546875,38.86540412902832,46.44097900390625,141
2025-07-17T20:32:21.546908,1,19,"[1, 2, 3, 4, 5, 6, 7]",93.01580810546875,0.0,46.44097900390625,141,93.01580810546875,38.86540412902832,46.44097900390625,141
2025-07-17T20:32:21.558825,2,19,"[0, 1, 2, 3, 4, 5, 6, 7]",93.01580810546875,0.0,46.44097900390625,141,93.01580810546875,38.86540412902832,46.44097900390625,141
2025-07-17T20:32:21.561141,3,19,"[1, 2, 3, 4, 5, 6, 7]",93.01580810546875,0.0,46.44097900390625,141,93.01580810546875,38.86540412902832,46.44097900390625,141
2025-07-17T20:32:21.568240,4,19,"[1, 2, 3, 4, 5, 6, 7]",93.01580810546875,0.0,46.44097900390625,141,93.01580810546875,38.86540412902832,46.44097900390625,141
2025-07-17T20:32:21.576102,0,20,"[0, 1, 2, 3, 4, 5, 6, 7]",93.01580810546875,0.0,46.44097900390625,141,93.01580810546875,38.86540412902832,46.44097900390625,141
2025-07-17T20:32:21.583845,1,20,"[0, 1, 2, 3, 4, 5, 6, 7]",93.01580810546875,0.0,46.44097900390625,141,93.01580810546875,38.86540412902832,46.44097900390625,141
2025-07-17T20:32:21.590172,2,20,"[0, 1, 2, 3, 4, 5, 6, 7]",93.01580810546875,0.0,46.44097900390625,141,93.01580810546875,38.86540412902832,46.44097900390625,141
2025-07-17T20:32:21.596703,3,20,"[0, 1, 2, 3, 4, 5, 6, 7]",93.01580810546875,0.0,46.44097900390625,141,93.01580810546875,38.86540412902832,46.44097900390625,141
2025-07-17T20:32:21.603070,4,20,"[0, 1, 2, 3, 4, 5, 6, 7]",93.01580810546875,0.0,46.44097900390625,141,93.01580810546875,38.86540412902832,46.44097900390625,141
2025-07-17T20:32:21.610158,0,21,"[0, 1, 2, 3, 4, 5, 6, 7]",93.01580810546875,0.0,46.44097900390625,141,93.01580810546875,38.86540412902832,46.44097900390625,141
2025-07-17T20:32:21.617551,1,21,"[0, 1, 2, 3, 4, 5, 6, 7]",93.01580810546875,0.0,46.44097900390625,141,93.01580810546875,38.86540412902832,46.44097900390625,141
2025-07-17T20:32:21.624551,2,21,"[0, 1, 2, 3, 4, 5, 6, 7]",93.01580810546875,0.0,46.44097900390625,141,93.01580810546875,38.86540412902832,46.44097900390625,141
2025-07-17T20:32:21.631542,3,21,"[0, 1, 2, 3, 4, 5, 6, 7]",93.01580810546875,0.0,46.44097900390625,141,93.01580810546875,38.86540412902832,46.44097900390625,141
2025-07-17T20:32:21.642875,4,21,"[0, 1, 2, 3, 4, 5, 6, 7]",93.01580810546875,0.0,46.44097900390625,141,93.01580810546875,38.86540412902832,46.44097900390625,141
2025-07-17T20:32:21.650051,0,22,"[0, 1, 2, 3, 4, 5, 6, 7]",93.01580810546875,0.0,46.44097900390625,141,93.01580810546875,38.86540412902832,46.44097900390625,141
2025-07-17T20:32:21.656423,1,22,"[0, 1, 2, 3, 4, 5, 6, 7]",93.01580810546875,0.0,46.44097900390625,141,93.01580810546875,38.86540412902832,46.44097900390625,141
2025-07-17T20:32:21.662776,2,22,"[0, 1, 2, 3, 4, 5, 6, 7]",93.01580810546875,0.0,46.44097900390625,141,93.01580810546875,38.86540412902832,46.44097900390625,141
2025-07-17T20:32:21.670273,3,22,"[0, 1, 2, 3, 4, 5, 6, 7]",93.01580810546875,0.0,46.44097900390625,141,93.01580810546875,38.86540412902832,46.44097900390625,141
2025-07-17T20:32:21.677581,4,22,"[0, 1, 2, 3, 4, 5, 6, 7]",93.01580810546875,0.0,46.44097900390625,141,93.01580810546875,38.86540412902832,46.44097900390625,141
2025-07-17T20:32:21.684555,0,23,"[0, 1, 2, 3, 4, 5, 6, 7]",93.01580810546875,0.0,46.44097900390625,141,93.01580810546875,38.86540412902832,46.44097900390625,141
2025-07-17T20:32:21.691372,1,23,"[0, 1, 2, 3, 4, 5, 6, 7]",93.01580810546875,0.0,46.44097900390625,141,93.01580810546875,38.86540412902832,46.44097900390625,141
2025-07-17T20:32:21.698315,2,23,"[0, 1, 2, 3, 4, 5, 6, 7]",93.01580810546875,0.0,46.44097900390625,141,93.01580810546875,38.86540412902832,46.44097900390625,141
2025-07-17T20:32:21.705779,3,23,"[0, 1, 2, 3, 4, 5, 6, 7]",93.01580810546875,0.0,46.44097900390625,141,93.01580810546875,38.86540412902832,46.44097900390625,141
2025-07-17T20:32:21.708202,4,23,"[0, 1, 2, 3, 4, 5, 6, 7]",93.01580810546875,0.0,46.44097900390625,141,93.01580810546875,38.86540412902832,46.44097900390625,141
2025-07-17T20:32:21.719801,0,24,"[0, 1, 2, 3, 4, 5, 6, 7]",93.01580810546875,0.0,46.44097900390625,141,93.01580810546875,38.86540412902832,46.44097900390625,141
2025-07-17T20:32:21.727078,1,24,"[0, 1, 2, 3, 4, 5, 6, 7]",93.01580810546875,0.0,46.44097900390625,141,93.01580810546875,38.86540412902832,46.44097900390625,141
2025-07-17T20:32:21.735031,2,24,"[0, 1, 2, 3, 4, 5, 6, 7]",93.01580810546875,0.0,46.44097900390625,141,93.01580810546875,38.86540412902832,46.44097900390625,141
2025-07-17T20:32:21.742364,3,24,"[0, 1, 2, 3, 4, 5, 6, 7]",93.01580810546875,0.0,46.44097900390625,141,93.01580810546875,38.86540412902832,46.44097900390625,141
2025-07-17T20:32:21.749203,4,24,"[0, 1, 2, 3, 4, 5, 6, 7]",93.01580810546875,0.0,46.44097900390625,141,93.01580810546875,38.86540412902832,46.44097900390625,141
2025-07-17T20:32:21.755882,0,25,"[0, 1, 2, 3, 4, 5, 6, 7]",93.01580810546875,0.0,46.44097900390625,141,93.01580810546875,38.86540412902832,46.44097900390625,141
2025-07-17T20:32:21.762963,1,25,"[0, 1, 2, 3, 4, 5, 6, 7]",93.01580810546875,0.0,46.44097900390625,141,93.01580810546875,38.86540412902832,46.44097900390625,141
2025-07-17T20:32:21.770526,2,25,"[0, 1, 2, 3, 4, 5, 6]",93.01580810546875,0.0,46.44097900390625,141,93.01580810546875,38.86540412902832,46.44097900390625,141
2025-07-17T20:32:21.773458,3,25,"[0, 1, 2, 3, 4, 5, 6, 7]",93.01580810546875,0.0,46.44097900390625,141,93.01580810546875,38.86540412902832,46.44097900390625,141
2025-07-17T20:32:21.781026,4,25,"[0, 1, 2, 3, 4, 5, 6, 7]",93.01580810546875,0.0,46.44097900390625,141,93.01580810546875,38.86540412902832,46.44097900390625,141
2025-07-17T20:32:21.788398,0,26,"[0, 1, 2, 3, 4, 5, 6, 7]",93.01580810546875,0.0,46.44097900390625,141,93.01580810546875,38.86540412902832,46.44097900390625,141
2025-07-17T20:32:21.798766,1,26,"[0, 2, 3, 4, 5, 6, 7]",93.01580810546875,0.0,46.44097900390625,141,93.01580810546875,38.86540412902832,46.44097900390625,141
2025-07-17T20:32:21.806026,2,26,"[0, 1, 2, 3, 4, 5, 6, 7]",93.01580810546875,0.0,46.44097900390625,141,93.01580810546875,38.86540412902832,46.44097900390625,141
2025-07-17T20:32:21.813091,3,26,"[0, 2, 3, 4, 5, 6, 7]",93.01580810546875,0.0,46.44097900390625,141,93.01580810546875,38.86540412902832,46.44097900390625,141
2025-07-17T20:32:21.819874,4,26,"[0, 2, 3, 4, 5, 6, 7]",93.01580810546875,0.0,46.44097900390625,141,93.01580810546875,38.86540412902832,46.44097900390625,141
2025-07-17T20:32:21.826841,0,27,"[0, 1, 2, 3, 4, 5, 6, 7]",93.01580810546875,0.0,46.44097900390625,141,93.01580810546875,38.86540412902832,46.44097900390625,141
2025-07-17T20:32:21.833893,1,27,"[0, 1, 2, 3, 4, 5, 6, 7]",93.01580810546875,0.0,46.44097900390625,141,93.01580810546875,38.86540412902832,46.44097900390625,141
2025-07-17T20:32:21.840588,2,27,"[0, 1, 2, 3, 4, 5, 6, 7]",93.01580810546875,0.0,46.44097900390625,141,93.01580810546875,38.86540412902832,46.44097900390625,141
2025-07-17T20:32:21.847864,3,27,"[0, 1, 2, 3, 4, 5, 6, 7]",93.01580810546875,0.0,46.44097900390625,141,93.01580810546875,38.86540412902832,46.44097900390625,141
2025-07-17T20:32:21.855107,4,27,"[0, 1, 2, 3, 4, 5, 6, 7]",93.01580810546875,0.0,46.44097900390625,141,93.01580810546875,38.86540412902832,46.44097900390625,141
2025-07-17T20:32:21.862269,0,28,"[0, 1, 2, 3, 4, 5, 6, 7]",93.01580810546875,0.0,46.44097900390625,141,93.01580810546875,38.86540412902832,46.44097900390625,141
2025-07-17T20:32:21.864969,1,28,"[0, 1, 2, 3, 4, 5, 6, 7]",93.01580810546875,0.0,46.44097900390625,141,93.01580810546875,38.86540412902832,46.44097900390625,141
2025-07-17T20:32:21.876187,2,28,"[0, 1, 2, 3, 4, 5, 6, 7]",93.01580810546875,0.0,46.44097900390625,141,93.01580810546875,38.86540412902832,46.44097900390625,141
2025-07-17T20:32:21.879128,3,28,"[0, 1, 2, 3, 4, 5, 6, 7]",93.01580810546875,0.0,46.44097900390625,141,93.01580810546875,38.86540412902832,46.44097900390625,141
2025-07-17T20:32:21.886434,4,28,"[0, 1, 2, 3, 4, 5, 6, 7]",93.01580810546875,0.0,46.44097900390625,141,93.01580810546875,38.86540412902832,46.44097900390625,141
2025-07-17T20:32:21.894116,0,29,"[0, 1, 2, 3, 4, 5, 6, 7]",93.01580810546875,0.0,46.44097900390625,141,93.01580810546875,38.86540412902832,46.44097900390625,141
2025-07-17T20:32:21.900746,1,29,"[0, 1, 2, 3, 4, 5, 6, 7]",93.01580810546875,0.0,46.44097900390625,141,93.01580810546875,38.86540412902832,46.44097900390625,141
2025-07-17T20:32:21.908353,2,29,"[0, 1, 2, 3, 4, 5, 6, 7]",93.01580810546875,0.0,46.44097900390625,141,93.01580810546875,38.86540412902832,46.44097900390625,141
2025-07-17T20:32:21.914507,3,29,"[0, 1, 2, 3, 4, 5, 6, 7]",93.01580810546875,0.0,46.44097900390625,141,93.01580810546875,38.86540412902832,46.44097900390625,141
2025-07-17T20:32:21.921433,4,29,"[0, 1, 2, 3, 4, 5, 6, 7]",93.01580810546875,0.0,46.44097900390625,141,93.01580810546875,38.86540412902832,46.44097900390625,141
2025-07-17T20:32:21.928997,0,30,"[0, 1, 2, 3, 4, 5, 6, 7]",93.01580810546875,0.0,46.44097900390625,141,93.01580810546875,38.86540412902832,46.44097900390625,141
2025-07-17T20:32:21.935779,1,30,"[0, 2, 3, 4, 5, 6, 7]",93.01580810546875,0.0,46.44097900390625,141,93.01580810546875,38.86540412902832,46.44097900390625,141
2025-07-17T20:32:21.943580,2,30,"[0, 1, 2, 3, 4, 5, 6, 7]",93.01580810546875,0.0,46.44097900390625,141,93.01580810546875,38.86540412902832,46.44097900390625,141
2025-07-17T20:32:21.950411,3,30,"[0, 2, 3, 4, 5, 6, 7]",93.01580810546875,0.0,46.44097900390625,141,93.01580810546875,38.86540412902832,46.44097900390625,141
2025-07-17T20:32:21.957301,4,30,"[0, 2, 3, 4, 5, 6, 7]",93.01580810546875,0.0,46.44097900390625,141,93.01580810546875,38.86540412902832,46.44097900390625,141
2025-07-17T20:32:21.964514,0,31,"[0, 1, 2, 3, 4, 5, 6, 7]",93.01580810546875,0.0,46.44097900390625,141,93.01580810546875,38.87229824066162,46.44097900390625,141
2025-07-17T20:32:21.972653,1,31,"[0, 1, 2, 4, 5, 6, 7]",93.01580810546875,0.0,46.44097900390625,141,93.01580810546875,38.86909008026123,46.44097900390625,141
2025-07-17T20:32:21.980584,2,31,"[0, 1, 2, 3, 4, 5, 6, 7]",93.01580810546875,0.0,46.44097900390625,141,93.01580810546875,38.86646366119385,46.44097900390625,141
2025-07-17T20:32:21.988733,3,31,"[0, 1, 2, 4, 5, 6, 7]",93.01580810546875,0.0,46.44097900390625,141,93.01580810546875,38.86299800872803,46.44097900390625,141
2025-07-17T20:32:21.996741,4,31,"[0, 1, 2, 4, 5, 6, 7]",93.01580810546875,0.0,46.44097900390625,141,93.01580810546875,38.86002254486084,46.44097900390625,141
2025-07-17T20:32:22.007974,0,0,"[0, 1, 2, 3, 4, 5, 6, 7]",93.01580810546875,0.0,46.44097900390625,141,93.01580810546875,38.85531425476074,46.44097900390625,141
2025-07-17T20:32:22.015267,1,0,"[0, 1, 2, 3, 4, 5, 6, 7]",93.01580810546875,0.0,46.44097900390625,141,93.01580810546875,38.85852241516113,46.44097900390625,141
2025-07-17T20:32:22.022815,2,0,"[0, 1, 2, 3, 4, 5, 6, 7]",93.01580810546875,0.0,46.44097900390625,141,93.01580810546875,38.86149787902832,46.44097900390625,141
2025-07-17T20:32:22.030925,3,0,"[0, 1, 2, 3, 4, 5, 6, 7]",93.01580810546875,0.0,46.44097900390625,141,93.01580810546875,38.86438179016113,46.44097900390625,141
2025-07-17T20:32:22.037833,4,0,"[0, 1, 2, 3, 4, 5, 6, 7]",93.01580810546875,0.0,46.44097900390625,141,93.01580810546875,38.86540412902832,46.44097900390625,141
2025-07-17T20:32:22.045561,0,1,"[0, 1, 2, 3, 4, 5, 6, 7]",93.01580810546875,0.0,46.44097900390625,141,93.01580810546875,38.86540412902832,46.44097900390625,141
2025-07-17T20:32:22.052581,1,1,"[0, 1, 2, 3, 5, 6, 7]",93.01580810546875,0.0,46.44097900390625,141,93.01580810546875,38.86540412902832,46.44097900390625,141
2025-07-17T20:32:22.060120,2,1,"[0, 1, 2, 3, 4, 5, 6]",93.01580810546875,0.0,46.44097900390625,141,93.01580810546875,38.86540412902832,46.44097900390625,141
2025-07-17T20:32:22.067353,3,1,"[0, 1, 2, 3, 5, 6, 7]",93.01580810546875,0.0,46.44097900390625,141,93.01580810546875,38.86540412902832,46.44097900390625,141
2025-07-17T20:32:22.075044,4,1,"[0, 1, 2, 3, 5, 6, 7]",93.01580810546875,0.0,46.44097900390625,141,93.01580810546875,38.86540412902832,46.44097900390625,141
2025-07-17T20:32:22.087808,0,2,"[0, 1, 2, 3, 4, 5, 6, 7]",93.01580810546875,0.0,46.44097900390625,141,93.01580810546875,38.86540412902832,46.44097900390625,141
2025-07-17T20:32:22.090134,1,2,"[0, 1, 2, 3, 4, 5, 6, 7]",93.01580810546875,0.0,46.44097900390625,141,93.01580810546875,38.86540412902832,46.44097900390625,141
2025-07-17T20:32:22.098985,2,2,"[0, 1, 2, 3, 4, 5, 6, 7]",93.01580810546875,0.0,46.44097900390625,141,93.01580810546875,38.86540412902832,46.44097900390625,141
2025-07-17T20:32:22.110460,3,2,"[0, 1, 2, 3, 4, 5, 6, 7]",93.01580810546875,0.0,46.44097900390625,141,93.01580810546875,38.86540412902832,46.44097900390625,141
2025-07-17T20:32:22.112780,4,2,"[0, 1, 2, 3, 4, 5, 6, 7]",93.01580810546875,0.0,46.44097900390625,141,93.01580810546875,38.86540412902832,46.44097900390625,141
2025-07-17T20:32:22.125835,0,3,"[0, 1, 2, 3, 4, 5, 6, 7]",93.01580810546875,0.0,46.44097900390625,141,93.01580810546875,38.86540412902832,46.44097900390625,141
2025-07-17T20:32:22.127798,1,3,"[0, 1, 2, 3, 4, 6, 7]",93.01580810546875,0.0,46.44097900390625,141,93.01580810546875,38.86540412902832,46.44097900390625,141
2025-07-17T20:32:22.141149,2,3,"[0, 1, 2, 3, 4, 5, 6, 7]",93.01580810546875,0.0,46.44097900390625,141,93.01580810546875,38.86540412902832,46.44097900390625,141
2025-07-17T20:32:22.143430,3,3,"[0, 1, 2, 3, 4, 6, 7]",93.01580810546875,0.0,46.44097900390625,141,93.01580810546875,38.86540412902832,46.44097900390625,141
2025-07-17T20:32:22.155396,4,3,"[0, 1, 2, 3, 4, 6, 7]",93.01580810546875,0.0,46.44097900390625,141,93.01580810546875,38.86540412902832,46.44097900390625,141
2025-07-17T20:32:22.157741,0,4,"[0, 1, 2, 3, 4, 5, 6, 7]",93.01580810546875,0.0,46.44097900390625,141,93.01580810546875,38.86540412902832,46.44097900390625,141
2025-07-17T20:32:22.165641,1,4,"[0, 1, 2, 3, 4, 5, 6, 7]",93.01580810546875,0.0,46.44097900390625,141,93.01580810546875,38.86540412902832,46.44097900390625,141
2025-07-17T20:32:22.172527,2,4,"[0, 1, 2, 3, 4, 5, 6, 7]",93.01580810546875,0.0,46.44097900390625,141,93.01580810546875,38.86540412902832,46.44097900390625,141
2025-07-17T20:32:22.178868,3,4,"[0, 1, 2, 3, 4, 5, 6, 7]",93.01580810546875,0.0,46.44097900390625,141,93.01580810546875,38.86540412902832,46.44097900390625,141
2025-07-17T20:32:22.186640,4,4,"[0, 1, 2, 3, 4, 5, 6, 7]",93.01580810546875,0.0,46.44097900390625,141,93.01580810546875,38.86540412902832,46.44097900390625,141
2025-07-17T20:32:22.193913,0,5,"[0, 1, 2, 3, 4, 5, 6, 7]",93.01580810546875,0.0,46.44097900390625,141,93.01580810546875,38.86540412902832,46.44097900390625,141
2025-07-17T20:32:22.205714,1,5,"[0, 1, 2, 3, 4, 5, 6, 7]",93.01580810546875,0.0,46.44097900390625,141,93.01580810546875,38.86540412902832,46.44097900390625,141
2025-07-17T20:32:22.208516,2,5,"[0, 1, 2, 3, 4, 5, 6, 7]",93.01580810546875,0.0,46.44097900390625,141,93.01580810546875,38.86540412902832,46.44097900390625,141
2025-07-17T20:32:22.215762,3,5,"[0, 1, 2, 3, 4, 5, 6, 7]",93.01580810546875,0.0,46.44097900390625,141,93.01580810546875,38.86540412902832,46.44097900390625,141
2025-07-17T20:32:22.223902,4,5,"[0, 1, 2, 3, 4, 5, 6, 7]",93.01580810546875,0.0,46.44097900390625,141,93.01580810546875,38.86540412902832,46.44097900390625,141
2025-07-17T20:32:22.230703,0,6,"[0, 1, 2, 3, 4, 5, 6, 7]",93.01580810546875,0.0,46.44097900390625,141,93.01580810546875,38.86540412902832,46.44097900390625,141
2025-07-17T20:32:22.237344,1,6,"[0, 1, 2, 3, 4, 5, 6, 7]",93.01580810546875,0.0,46.44097900390625,141,93.01580810546875,38.86540412902832,46.44097900390625,141
2025-07-17T20:32:22.244508,2,6,"[0, 1, 2, 3, 4, 5, 6, 7]",93.01580810546875,0.0,46.44097900390625,141,93.01580810546875,38.86540412902832,46.44097900390625,141
2025-07-17T20:32:22.251523,3,6,"[0, 1, 2, 3, 4, 5, 6, 7]",93.01580810546875,0.0,46.44097900390625,141,93.01580810546875,38.86540412902832,46.44097900390625,141
2025-07-17T20:32:22.264170,4,6,"[0, 1, 2, 3, 4, 5, 6, 7]",93.01580810546875,0.0,46.44097900390625,141,93.01580810546875,38.86540412902832,46.44097900390625,141
2025-07-17T20:32:22.266701,0,7,"[0, 1, 2, 3, 4, 5, 6, 7]",93.01580810546875,0.0,46.44097900390625,141,93.01580810546875,38.86540412902832,46.44097900390625,141
2025-07-17T20:32:22.280144,1,7,"[0, 1, 2, 4, 5, 6, 7]",93.01580810546875,0.0,46.44097900390625,141,93.01580810546875,38.86540412902832,46.44097900390625,141
2025-07-17T20:32:22.288617,2,7,"[0, 1, 2, 3, 4, 5, 6, 7]",93.01580810546875,0.0,46.44097900390625,141,93.01580810546875,38.86540412902832,46.44097900390625,141
2025-07-17T20:32:22.291002,3,7,"[0, 1, 2, 4, 5, 6, 7]",93.01580810546875,0.0,46.44097900390625,141,93.01580810546875,38.86540412902832,46.44097900390625,141
2025-07-17T20:32:22.297834,4,7,"[0, 1, 2, 4, 5, 6, 7]",93.01580810546875,0.0,46.44097900390625,141,93.01580810546875,38.86540412902832,46.44097900390625,141
2025-07-17T20:32:22.304540,0,8,"[0, 1, 2, 3, 4, 5, 6, 7]",93.01580810546875,0.0,46.44097900390625,141,93.01580810546875,38.86540412902832,46.44097900390625,141
2025-07-17T20:32:22.312113,1,8,"[0, 1, 2, 3, 4, 5, 6, 7]",93.01580810546875,0.0,46.44097900390625,141,93.01580810546875,38.86540412902832,46.44097900390625,141
2025-07-17T20:32:22.318359,2,8,"[0, 1, 3, 4, 5, 6, 7]",93.01580810546875,0.0,46.44097900390625,141,93.01580810546875,38.86540412902832,46.44097900390625,141
2025-07-17T20:32:22.330355,3,8,"[0, 1, 2, 3, 4, 5, 6, 7]",93.01580810546875,0.0,46.44097900390625,141,93.01580810546875,38.86540412902832,46.44097900390625,141
2025-07-17T20:32:22.338120,4,8,"[0, 1, 2, 3, 4, 5, 6, 7]",93.01580810546875,0.0,46.44097900390625,141,93.01580810546875,38.86540412902832,46.44097900390625,141
2025-07-17T20:32:22.340156,0,9,"[0, 1, 2, 3, 4, 5, 6, 7]",93.01580810546875,0.0,46.44097900390625,141,93.01580810546875,38.86540412902832,46.44097900390625,141
2025-07-17T20:32:22.347026,1,9,"[0, 1, 2, 3, 4, 5, 6, 7]",93.01580810546875,0.0,46.44097900390625,141,93.01580810546875,38.86540412902832,46.44097900390625,141
2025-07-17T20:32:22.354215,2,9,"[0, 1, 2, 3, 4, 5, 6, 7]",93.01580810546875,0.0,46.44097900390625,141,93.01580810546875,38.86540412902832,46.44097900390625,141
2025-07-17T20:32:22.367542,3,9,"[0, 1, 2, 3, 4, 5, 6, 7]",93.01580810546875,0.0,46.44097900390625,141,93.01580810546875,38.86540412902832,46.44097900390625,141
2025-07-17T20:32:22.369536,4,9,"[0, 1, 2, 3, 4, 5, 6, 7]",93.01580810546875,0.0,46.44097900390625,141,93.01580810546875,38.86540412902832,46.44097900390625,141
2025-07-17T20:32:22.376656,0,10,"[0, 1, 2, 3, 4, 5, 6, 7]",93.01580810546875,0.0,46.44097900390625,141,93.01580810546875,38.86540412902832,46.44097900390625,141
2025-07-17T20:32:22.383933,1,10,"[0, 1, 2, 3, 4, 5, 6, 7]",93.01580810546875,0.0,46.44097900390625,141,93.01580810546875,38.86540412902832,46.44097900390625,141
2025-07-17T20:32:22.391521,2,10,"[0, 1, 2, 4, 5, 6, 7]",93.01580810546875,0.0,46.44097900390625,141,93.01580810546875,38.86540412902832,46.44097900390625,141
2025-07-17T20:32:22.398483,3,10,"[0, 1, 2, 3, 4, 5, 6, 7]",93.01580810546875,0.0,46.44097900390625,141,93.01580810546875,38.86540412902832,46.44097900390625,141
2025-07-17T20:32:22.410995,4,10,"[0, 1, 2, 3, 4, 5, 6, 7]",93.01580810546875,0.0,46.44097900390625,141,93.01580810546875,38.86540412902832,46.44097900390625,141
2025-07-17T20:32:22.412731,0,11,"[0, 1, 2, 3, 4, 5, 6, 7]",93.01580810546875,0.0,46.44097900390625,141,93.01580810546875,38.86540412902832,46.44097900390625,141
2025-07-17T20:32:22.418904,1,11,"[0, 1, 2, 4, 5, 6, 7]",93.01580810546875,0.0,46.44097900390625,141,93.01580810546875,38.86540412902832,46.44097900390625,141
2025-07-17T20:32:22.425887,2,11,"[0, 1, 2, 3, 4, 5, 6, 7]",93.01580810546875,0.0,46.44097900390625,141,93.01580810546875,38.86540412902832,46.44097900390625,141
2025-07-17T20:32:22.437221,3,11,"[0, 1, 2, 4, 5, 6, 7]",93.01580810546875,0.0,46.44097900390625,141,93.01580810546875,38.86540412902832,46.44097900390625,141
2025-07-17T20:32:22.444071,4,11,"[0, 1, 2, 4, 5, 6, 7]",93.01580810546875,0.0,46.44097900390625,141,93.01580810546875,38.86540412902832,46.44097900390625,141
2025-07-17T20:32:22.450980,0,12,"[0, 1, 2, 3, 4, 5, 6, 7]",93.01580810546875,0.0,46.44097900390625,141,93.01580810546875,38.86540412902832,46.44097900390625,141
2025-07-17T20:32:22.458097,1,12,"[0, 1, 2, 3, 4, 5, 6, 7]",93.01580810546875,0.0,46.44097900390625,141,93.01580810546875,38.86540412902832,46.44097900390625,141
2025-07-17T20:32:22.464474,2,12,"[0, 1, 2, 3, 4, 5, 6, 7]",93.01580810546875,0.0,46.44097900390625,141,93.01580810546875,38.86540412902832,46.44097900390625,141
2025-07-17T20:32:22.471071,3,12,"[0, 1, 2, 3, 4, 5, 6, 7]",93.01580810546875,0.0,46.44097900390625,141,93.01580810546875,38.86540412902832,46.44097900390625,141
2025-07-17T20:32:22.477733,4,12,"[0, 1, 2, 3, 4, 5, 6, 7]",93.01580810546875,0.0,46.44097900390625,141,93.01580810546875,38.86540412902832,46.44097900390625,141
2025-07-17T20:32:22.484103,0,13,"[0, 1, 2, 3, 4, 5, 6, 7]",93.01580810546875,0.0,46.44097900390625,141,93.01580810546875,38.86540412902832,46.44097900390625,141
2025-07-17T20:32:22.491871,1,13,"[0, 1, 2, 3, 5, 7]",93.01580810546875,0.0,46.44097900390625,141,93.01580810546875,38.86482238769531,46.44097900390625,141
2025-07-17T20:32:22.499125,2,13,"[0, 1, 2, 3, 4, 5, 6, 7]",93.01580810546875,0.0,46.44097900390625,141,93.01580810546875,38.86482238769531,46.44097900390625,141
2025-07-17T20:32:22.505787,3,13,"[0, 1, 2, 3, 5, 7]",93.01580810546875,0.0,46.44097900390625,141,93.01580810546875,38.86456489562988,46.44097900390625,141
2025-07-17T20:32:22.512775,4,13,"[0, 1, 2, 3, 5, 7]",93.01580810546875,0.0,46.44097900390625,141,93.01580810546875,38.86456489562988,46.44097900390625,141
2025-07-17T20:32:22.518803,0,14,"[0, 1, 2, 3, 4, 5, 6, 7]",93.01580810546875,0.0,46.44097900390625,141,93.01580810546875,38.86456489562988,46.44097900390625,141
2025-07-17T20:32:22.529932,1,14,"[0, 1, 3, 4, 5, 6, 7]",93.01580810546875,0.0,46.44097900390625,141,93.01580810546875,38.86540412902832,46.44097900390625,141
2025-07-17T20:32:22.537047,2,14,"[0, 1, 2, 3, 4, 5, 6, 7]",93.01580810546875,0.0,46.44097900390625,141,93.01580810546875,38.86540412902832,46.44097900390625,141
2025-07-17T20:32:22.544873,3,14,"[0, 1, 3, 4, 5, 6, 7]",93.01580810546875,0.0,46.44097900390625,141,93.01580810546875,38.86540412902832,46.44097900390625,141
2025-07-17T20:32:22.552535,4,14,"[0, 1, 3, 4, 5, 6, 7]",93.01580810546875,0.0,46.44097900390625,141,93.01580810546875,38.86540412902832,46.44097900390625,141
2025-07-17T20:32:22.560237,0,15,"[0, 1, 2, 3, 4, 5, 6, 7]",93.01580810546875,0.0,46.44097900390625,141,93.01580810546875,38.86540412902832,46.44097900390625,141
2025-07-17T20:32:22.567178,1,15,"[0, 1, 2, 3, 4, 5, 7]",93.01580810546875,0.0,46.44097900390625,141,93.01580810546875,38.86540412902832,46.44097900390625,141
2025-07-17T20:32:22.575880,2,15,"[0, 1, 2, 3, 4, 5, 6, 7]",93.01580810546875,0.0,46.44097900390625,141,93.01580810546875,38.86540412902832,46.44097900390625,141
2025-07-17T20:32:22.577934,3,15,"[0, 1, 2, 3, 4, 5, 7]",93.01580810546875,0.0,46.44097900390625,141,93.01580810546875,38.86482238769531,46.44097900390625,141
2025-07-17T20:32:22.585731,4,15,"[0, 1, 2, 3, 4, 5, 7]",93.01580810546875,0.0,46.44097900390625,141,93.01580810546875,38.86482238769531,46.44097900390625,141
2025-07-17T20:32:22.598412,0,16,"[0, 1, 2, 3, 4, 5, 6, 7]",93.01580810546875,0.0,46.44097900390625,141,93.01580810546875,38.86482238769531,46.44097900390625,141
2025-07-17T20:32:22.605593,1,16,"[0, 1, 2, 3, 5, 6, 7]",93.01580810546875,0.0,46.44097900390625,141,93.01580810546875,38.86456489562988,46.44097900390625,141
2025-07-17T20:32:22.607758,2,16,"[0, 1, 2, 3, 4, 5, 6, 7]",93.01580810546875,0.0,46.44097900390625,141,93.01580810546875,38.86540412902832,46.44097900390625,141
2025-07-17T20:32:22.615023,3,16,"[0, 1, 2, 3, 5, 6, 7]",93.01580810546875,0.0,46.44097900390625,141,93.01580810546875,38.86540412902832,46.44097900390625,141
2025-07-17T20:32:22.623075,4,16,"[0, 1, 2, 3, 5, 6, 7]",93.01580810546875,0.0,46.44097900390625,141,93.01580810546875,38.86540412902832,46.44097900390625,141
2025-07-17T20:32:22.630297,0,17,"[0, 1, 2, 3, 4, 5, 6, 7]",93.01580810546875,0.0,46.44097900390625,141,93.01580810546875,38.86540412902832,46.44097900390625,141
2025-07-17T20:32:22.642021,1,17,"[0, 1, 3, 4, 5, 6, 7]",93.01580810546875,0.0,46.44097900390625,141,93.01580810546875,38.86540412902832,46.44097900390625,141
2025-07-17T20:32:22.644597,2,17,"[0, 1, 2, 3, 4, 5, 6, 7]",93.01580810546875,0.0,46.44097900390625,141,93.01580810546875,38.86540412902832,46.44097900390625,141
2025-07-17T20:32:22.657460,3,17,"[0, 1, 3, 4, 5, 6, 7]",93.01580810546875,0.0,46.44097900390625,141,93.01580810546875,38.86540412902832,46.44097900390625,141
2025-07-17T20:32:22.660120,4,17,"[0, 1, 3, 4, 5, 6, 7]",93.01580810546875,0.0,46.44097900390625,141,93.01580810546875,38.86540412902832,46.44097900390625,141
2025-07-17T20:32:22.672831,0,18,"[0, 1, 2, 3, 4, 5, 6, 7]",93.01580810546875,0.0,46.44097900390625,141,93.01580810546875,38.86540412902832,46.44097900390625,141
2025-07-17T20:32:22.679306,1,18,"[0, 1, 2, 3, 4, 5, 7]",93.01580810546875,0.0,46.44097900390625,141,93.01580810546875,38.86540412902832,46.44097900390625,141
2025-07-17T20:32:22.687004,2,18,"[0, 1, 2, 3, 4, 5, 6, 7]",93.01580810546875,0.0,46.44097900390625,141,93.01580810546875,38.86540412902832,46.44097900390625,141
2025-07-17T20:32:22.694618,3,18,"[0, 1, 2, 3, 4, 5, 7]",93.01580810546875,0.0,46.44097900390625,141,93.01580810546875,38.86540412902832,46.44097900390625,141
2025-07-17T20:32:22.696880,4,18,"[0, 1, 2, 3, 4, 5, 7]",93.01580810546875,0.0,46.44097900390625,141,93.01580810546875,38.86540412902832,46.44097900390625,141
2025-07-17T20:32:22.704385,0,19,"[0, 1, 2, 3, 4, 5, 6, 7]",93.01580810546875,0.0,46.44097900390625,141,93.01580810546875,38.86540412902832,46.44097900390625,141
2025-07-17T20:32:22.711387,1,19,"[0, 1, 2, 3, 4, 5, 6, 7]",93.01580810546875,0.0,46.44097900390625,141,93.01580810546875,38.86540412902832,46.44097900390625,141
2025-07-17T20:32:22.718745,2,19,"[0, 1, 2, 3, 4, 5, 6, 7]",93.01580810546875,0.0,46.44097900390625,141,93.01580810546875,38.86540412902832,46.44097900390625,141
2025-07-17T20:32:22.725964,3,19,"[0, 1, 2, 3, 4, 5, 6, 7]",93.01580810546875,0.0,46.44097900390625,141,93.01580810546875,38.86540412902832,46.44097900390625,141
2025-07-17T20:32:22.738589,4,19,"[0, 1, 2, 3, 4, 5, 6, 7]",93.01580810546875,0.0,46.44097900390625,141,93.01580810546875,38.86540412902832,46.44097900390625,141
2025-07-17T20:32:22.741119,0,20,"[0, 1, 2, 3, 4, 5, 6, 7]",93.01580810546875,0.0,46.44097900390625,141,93.01580810546875,38.86540412902832,46.44097900390625,141
2025-07-17T20:32:22.747849,1,20,"[0, 1, 2, 3, 4, 5, 6, 7]",93.01580810546875,0.0,46.44097900390625,141,93.01580810546875,38.86540412902832,46.44097900390625,141
2025-07-17T20:32:22.760586,2,20,"[0, 1, 2, 3, 4, 5, 6, 7]",93.01580810546875,0.0,46.44097900390625,141,93.01580810546875,38.86540412902832,46.44097900390625,141
2025-07-17T20:32:22.763075,3,20,"[0, 1, 2, 3, 4, 5, 6, 7]",93.01580810546875,0.0,46.44097900390625,141,93.01580810546875,38.86540412902832,46.44097900390625,141
2025-07-17T20:32:22.775109,4,20,"[0, 1, 2, 3, 4, 5, 6, 7]",93.01580810546875,0.0,46.44097900390625,141,93.01580810546875,38.86540412902832,46.44097900390625,141
2025-07-17T20:32:22.783484,0,21,"[0, 1, 2, 3, 4, 5, 6, 7]",93.01580810546875,0.0,46.44097900390625,141,93.01580810546875,38.86540412902832,46.44097900390625,141
2025-07-17T20:32:22.785530,1,21,"[0, 1, 2, 3, 5, 6, 7]",93.01580810546875,0.0,46.44097900390625,141,93.01580810546875,38.86540412902832,46.44097900390625,141
2025-07-17T20:32:22.793671,2,21,"[0, 1, 2, 3, 4, 5, 6, 7]",93.01580810546875,0.0,46.44097900390625,141,93.01580810546875,38.86540412902832,46.44097900390625,141
2025-07-17T20:32:22.800605,3,21,"[0, 1, 2, 3, 5, 6, 7]",93.01580810546875,0.0,46.44097900390625,141,93.01580810546875,38.86540412902832,46.44097900390625,141
2025-07-17T20:32:22.807630,4,21,"[0, 1, 2, 3, 5, 6, 7]",93.01580810546875,0.0,46.44097900390625,141,93.01580810546875,38.86540412902832,46.44097900390625,141
2025-07-17T20:32:22.814492,0,22,"[0, 1, 2, 3, 4, 5, 6, 7]",93.01580810546875,0.0,46.44097900390625,141,93.01580810546875,38.86540412902832,46.44097900390625,141
2025-07-17T20:32:22.826733,1,22,"[0, 2, 3, 4, 5, 6]",93.01580810546875,0.0,46.44097900390625,141,93.01580810546875,38.86540412902832,46.44097900390625,141
2025-07-17T20:32:22.829273,2,22,"[0, 1, 2, 3, 4, 5, 6, 7]",93.01580810546875,0.0,46.44097900390625,141,93.01580810546875,38.86540412902832,46.44097900390625,141
2025-07-17T20:32:22.836196,3,22,"[0, 2, 3, 4, 5, 6]",93.01580810546875,0.0,46.44097900390625,141,93.01580810546875,38.86540412902832,46.44097900390625,141
2025-07-17T20:32:22.844079,4,22,"[0, 2, 3, 4, 5, 6]",93.01580810546875,0.0,46.44097900390625,141,93.01580810546875,38.86540412902832,46.44097900390625,141
2025-07-17T20:32:22.856995,0,23,"[0, 1, 2, 3, 4, 5, 6, 7]",93.01580810546875,0.0,46.44097900390625,141,93.01580810546875,38.86540412902832,46.44097900390625,141
2025-07-17T20:32:22.859167,1,23,"[0, 1, 2, 3, 4, 5, 6, 7]",93.01580810546875,0.0,46.44097900390625,141,93.01580810546875,38.86540412902832,46.44097900390625,141
2025-07-17T20:32:22.866196,2,23,"[0, 1, 2, 3, 4, 5, 6, 7]",93.01580810546875,0.0,46.44097900390625,141,93.01580810546875,38.86540412902832,46.44097900390625,141
2025-07-17T20:32:22.873420,3,23,"[0, 1, 2, 3, 4, 5, 6, 7]",93.01580810546875,0.0,46.44097900390625,141,93.01580810546875,38.86540412902832,46.44097900390625,141
2025-07-17T20:32:22.879534,4,23,"[0, 1, 2, 3, 4, 5, 6, 7]",93.01580810546875,0.0,46.44097900390625,141,93.01580810546875,38.86540412902832,46.44097900390625,141
2025-07-17T20:32:22.893610,0,24,"[0, 1, 2, 3, 4, 5, 6, 7]",93.01580810546875,0.0,46.44097900390625,141,93.01580810546875,38.86540412902832,46.44097900390625,141
2025-07-17T20:32:22.896001,1,24,"[0, 1, 3, 4, 5, 6, 7]",93.01580810546875,0.0,46.44097900390625,141,93.01580810546875,38.86540412902832,46.44097900390625,141
2025-07-17T20:32:22.903527,2,24,"[0, 1, 2, 3, 4, 5, 6, 7]",93.01580810546875,0.0,46.44097900390625,141,93.01580810546875,38.86540412902832,46.44097900390625,141
2025-07-17T20:32:22.916308,3,24,"[0, 1, 3, 4, 5, 6, 7]",93.01580810546875,0.0,46.44097900390625,141,93.01580810546875,38.86540412902832,46.44097900390625,141
2025-07-17T20:32:22.918137,4,24,"[0, 1, 3, 4, 5, 6, 7]",93.01580810546875,0.0,46.44097900390625,141,93.01580810546875,38.86540412902832,46.44097900390625,141
2025-07-17T20:32:22.925198,0,25,"[0, 1, 2, 3, 4, 5, 6, 7]",93.01580810546875,0.0,46.44097900390625,141,93.01580810546875,38.86540412902832,46.44097900390625,141
2025-07-17T20:32:22.933266,1,25,"[0, 1, 2, 3, 4, 5, 6, 7]",93.01580810546875,0.0,46.44097900390625,141,93.01580810546875,38.86540412902832,46.44097900390625,141
2025-07-17T20:32:22.939959,2,25,"[0, 1, 2, 3, 4, 5, 6, 7]",93.01580810546875,0.0,46.44097900390625,141,93.01580810546875,38.86540412902832,46.44097900390625,141
2025-07-17T20:32:22.946298,3,25,"[0, 1, 2, 3, 4, 5, 6, 7]",93.01580810546875,0.0,46.44097900390625,141,93.01580810546875,38.86540412902832,46.44097900390625,141
2025-07-17T20:32:22.954295,4,25,"[0, 1, 2, 3, 4, 5, 6, 7]",93.01580810546875,0.0,46.44097900390625,141,93.01580810546875,38.86540412902832,46.44097900390625,141
2025-07-17T20:32:22.961860,0,26,"[0, 1, 2, 3, 4, 5, 6, 7]",93.01580810546875,0.0,46.44097900390625,141,93.01580810546875,38.86540412902832,46.44097900390625,141
2025-07-17T20:32:22.974722,1,26,"[0, 1, 2, 3, 4, 5, 6, 7]",93.01580810546875,0.0,46.44097900390625,141,93.01580810546875,38.86540412902832,46.44097900390625,141
2025-07-17T20:32:22.976940,2,26,"[0, 1, 2, 3, 4, 5, 6, 7]",93.01580810546875,0.0,46.44097900390625,141,93.01580810546875,38.86540412902832,46.44097900390625,141
2025-07-17T20:32:22.989503,3,26,"[0, 1, 2, 3, 4, 5, 6, 7]",93.01580810546875,0.0,46.44097900390625,141,93.01580810546875,38.86540412902832,46.44097900390625,141
2025-07-17T20:32:22.991698,4,26,"[0, 1, 2, 3, 4, 5, 6, 7]",93.01580810546875,0.0,46.44097900390625,141,93.01580810546875,38.86540412902832,46.44097900390625,141
2025-07-17T20:32:22.998486,0,27,"[0, 1, 2, 3, 4, 5, 6, 7]",93.01580810546875,0.0,46.44097900390625,141,93.01580810546875,38.86540412902832,46.44097900390625,141
2025-07-17T20:32:23.005730,1,27,"[0, 1, 2, 3, 4, 5, 7]",93.01580810546875,0.0,46.44097900390625,141,93.01580810546875,38.86540412902832,46.44097900390625,141
2025-07-17T20:32:23.013292,2,27,"[0, 1, 2, 3, 4, 5, 6, 7]",93.01580810546875,0.0,46.44097900390625,141,93.01580810546875,38.86540412902832,46.44097900390625,141
2025-07-17T20:32:23.020846,3,27,"[0, 1, 2, 3, 4, 5, 7]",93.01580810546875,0.0,46.44097900390625,141,93.01580810546875,38.86540412902832,46.44097900390625,141
2025-07-17T20:32:23.027792,4,27,"[0, 1, 2, 3, 4, 5, 7]",93.01580810546875,0.0,46.44097900390625,141,93.01580810546875,38.86540412902832,46.44097900390625,141
2025-07-17T20:32:23.035222,0,28,"[0, 1, 2, 3, 4, 5, 6, 7]",93.01580810546875,0.0,46.44097900390625,141,93.01580810546875,38.86540412902832,46.44097900390625,141
2025-07-17T20:32:23.042158,1,28,"[0, 1, 2, 3, 4, 5, 6, 7]",93.01580810546875,0.0,46.44097900390625,141,93.01580810546875,38.86540412902832,46.44097900390625,141
2025-07-17T20:32:23.053966,2,28,"[0, 1, 2, 3, 4, 5, 6, 7]",93.01580810546875,0.0,46.44097900390625,141,93.01580810546875,38.86540412902832,46.44097900390625,141
2025-07-17T20:32:23.056115,3,28,"[0, 1, 2, 3, 4, 5, 6, 7]",93.01580810546875,0.0,46.44097900390625,141,93.01580810546875,38.86540412902832,46.44097900390625,141
2025-07-17T20:32:23.063453,4,28,"[0, 1, 2, 3, 4, 5, 6, 7]",93.01580810546875,0.0,46.44097900390625,141,93.01580810546875,38.86540412902832,46.44097900390625,141
2025-07-17T20:32:23.070593,0,29,"[0, 1, 2, 3, 4, 5, 6, 7]",93.01580810546875,0.0,46.44097900390625,141,93.01580810546875,38.86540412902832,46.44097900390625,141
2025-07-17T20:32:23.076913,1,29,"[0, 1, 2, 3, 4, 5, 6, 7]",93.01580810546875,0.0,46.44097900390625,141,93.01580810546875,38.86540412902832,46.44097900390625,141
2025-07-17T20:32:23.088049,2,29,"[0, 1, 2, 3, 4, 5, 6, 7]",93.01580810546875,0.0,46.44097900390625,141,93.01580810546875,38.86540412902832,46.44097900390625,141
2025-07-17T20:32:23.090297,3,29,"[0, 1, 2, 3, 4, 5, 6, 7]",93.01580810546875,0.0,46.44097900390625,141,93.01580810546875,38.86540412902832,46.44097900390625,141
2025-07-17T20:32:23.102862,4,29,"[0, 1, 2, 3, 4, 5, 6, 7]",93.01580810546875,0.0,46.44097900390625,141,93.01580810546875,38.86540412902832,46.44097900390625,141
2025-07-17T20:32:23.105115,0,30,"[0, 1, 2, 3, 4, 5, 6, 7]",93.01580810546875,0.0,46.44097900390625,141,93.01580810546875,38.86540412902832,46.44097900390625,141
2025-07-17T20:32:23.112513,1,30,"[0, 1, 2, 3, 4, 5, 6, 7]",93.01580810546875,0.0,46.44097900390625,141,93.01580810546875,38.86540412902832,46.44097900390625,141
2025-07-17T20:32:23.119443,2,30,"[0, 1, 2, 3, 4, 5, 6, 7]",93.01580810546875,0.0,46.44097900390625,141,93.01580810546875,38.86540412902832,46.44097900390625,141
2025-07-17T20:32:23.126960,3,30,"[0, 1, 2, 3, 4, 5, 6, 7]",93.01580810546875,0.0,46.44097900390625,141,93.01580810546875,38.86540412902832,46.44097900390625,141
2025-07-17T20:32:23.134094,4,30,"[0, 1, 2, 3, 4, 5, 6, 7]",93.01580810546875,0.0,46.44097900390625,141,93.01580810546875,38.86540412902832,46.44097900390625,141
2025-07-17T20:32:23.145189,0,31,"[0, 1, 2, 3, 4, 5, 6, 7]",93.01580810546875,0.0,46.44097900390625,141,93.01580810546875,38.87229824066162,46.44097900390625,141
2025-07-17T20:32:23.154632,1,31,"[0, 1, 2, 3, 4, 5, 6, 7]",93.01580810546875,0.0,46.44097900390625,141,93.01580810546875,38.86909008026123,46.44097900390625,141
2025-07-17T20:32:23.164183,2,31,"[0, 1, 2, 3, 4, 5, 6, 7]",93.01580810546875,0.0,46.44097900390625,141,93.01580810546875,38.86562442779541,46.44097900390625,141
2025-07-17T20:32:23.168142,3,31,"[0, 1, 2, 3, 4, 5, 6, 7]",93.01580810546875,0.0,46.44097900390625,141,93.01580810546875,38.86299800872803,46.44097900390625,141
2025-07-17T20:32:23.175591,4,31,"[0, 1, 2, 3, 4, 5, 6, 7]",93.01580810546875,0.0,46.44097900390625,141,93.01580810546875,38.86002254486084,46.44097900390625,141
2025-07-17T20:32:23.188274,0,0,"[0, 1, 2, 3, 4, 5, 6, 7]",93.01580810546875,0.0,46.44097900390625,141,93.01580810546875,38.85531425476074,46.44097900390625,141
2025-07-17T20:32:23.195088,1,0,"[0, 1, 2, 4, 5, 6, 7]",93.01580810546875,0.0,46.44097900390625,141,93.01580810546875,38.85852241516113,46.44097900390625,141
2025-07-17T20:32:23.202379,2,0,"[0, 1, 2, 3, 4, 5, 6, 7]",93.01580810546875,0.0,46.44097900390625,141,93.01580810546875,38.86149787902832,46.44097900390625,141
2025-07-17T20:32:23.209507,3,0,"[0, 1, 2, 4, 5, 6, 7]",93.01580810546875,0.0,46.44097900390625,141,93.01580810546875,38.86438179016113,46.44097900390625,141
2025-07-17T20:32:23.217020,4,0,"[0, 1, 2, 4, 5, 6, 7]",93.01580810546875,0.0,46.44097900390625,141,93.01580810546875,38.86540412902832,46.44097900390625,141
2025-07-17T20:32:23.223865,0,1,"[0, 1, 2, 3, 4, 5, 6, 7]",93.01580810546875,0.0,46.44097900390625,141,93.01580810546875,38.86540412902832,46.44097900390625,141
2025-07-17T20:32:23.232094,1,1,"[0, 1, 2, 3, 4, 5, 6, 7]",93.01580810546875,0.0,46.44097900390625,141,93.01580810546875,38.86540412902832,46.44097900390625,141
2025-07-17T20:32:23.239319,2,1,"[0, 1, 2, 3, 4, 5, 6, 7]",93.01580810546875,0.0,46.44097900390625,141,93.01580810546875,38.86540412902832,46.44097900390625,141
2025-07-17T20:32:23.245799,3,1,"[0, 1, 2, 3, 4, 5, 6, 7]",93.01580810546875,0.0,46.44097900390625,141,93.01580810546875,38.86540412902832,46.44097900390625,141
2025-07-17T20:32:23.252026,4,1,"[0, 1, 2, 3, 4, 5, 6, 7]",93.01580810546875,0.0,46.44097900390625,141,93.01580810546875,38.86540412902832,46.44097900390625,141
2025-07-17T20:32:23.258511,0,2,"[0, 1, 2, 3, 4, 5, 6, 7]",93.01580810546875,0.0,46.44097900390625,141,93.01580810546875,38.86540412902832,46.44097900390625,141
2025-07-17T20:32:23.266384,1,2,"[0, 1, 2, 3, 4, 6, 7]",93.01580810546875,0.0,46.44097900390625,141,93.01580810546875,38.86540412902832,46.44097900390625,141
2025-07-17T20:32:23.273112,2,2,"[0, 1, 2, 3, 4, 5, 6, 7]",93.01580810546875,0.0,46.44097900390625,141,93.01580810546875,38.86540412902832,46.44097900390625,141
2025-07-17T20:32:23.280591,3,2,"[0, 1, 2, 3, 4, 6, 7]",93.01580810546875,0.0,46.44097900390625,141,93.01580810546875,38.86540412902832,46.44097900390625,141
2025-07-17T20:32:23.287489,4,2,"[0, 1, 2, 3, 4, 6, 7]",93.01580810546875,0.0,46.44097900390625,141,93.01580810546875,38.86540412902832,46.44097900390625,141
2025-07-17T20:32:23.294816,0,3,"[0, 1, 2, 3, 4, 5, 6, 7]",93.01580810546875,0.0,46.44097900390625,141,93.01580810546875,38.86540412902832,46.44097900390625,141
2025-07-17T20:32:23.302710,1,3,"[0, 1, 2, 3, 4, 5, 6, 7]",93.01580810546875,0.0,46.44097900390625,141,93.01580810546875,38.86540412902832,46.44097900390625,141
2025-07-17T20:32:23.314790,2,3,"[0, 1, 2, 3, 4, 5, 6, 7]",93.01580810546875,0.0,46.44097900390625,141,93.01580810546875,38.86540412902832,46.44097900390625,141
2025-07-17T20:32:23.317010,3,3,"[0, 1, 2, 3, 4, 5, 6, 7]",93.01580810546875,0.0,46.44097900390625,141,93.01580810546875,38.86540412902832,46.44097900390625,141
2025-07-17T20:32:23.324837,4,3,"[0, 1, 2, 3, 4, 5, 6, 7]",93.01580810546875,0.0,46.44097900390625,141,93.01580810546875,38.86540412902832,46.44097900390625,141
2025-07-17T20:32:23.331632,0,4,"[0, 1, 2, 3, 4, 5, 6, 7]",93.01580810546875,0.0,46.44097900390625,141,93.01580810546875,38.86540412902832,46.44097900390625,141
2025-07-17T20:32:23.338385,1,4,"[0, 1, 2, 3, 4, 6, 7]",93.01580810546875,0.0,46.44097900390625,141,93.01580810546875,38.86540412902832,46.44097900390625,141
2025-07-17T20:32:23.344766,2,4,"[0, 1, 2, 3, 4, 5, 6, 7]",93.01580810546875,0.0,46.44097900390625,141,93.01580810546875,38.86540412902832,46.44097900390625,141
2025-07-17T20:32:23.351647,3,4,"[0, 1, 2, 3, 4, 6, 7]",93.01580810546875,0.0,46.44097900390625,141,93.01580810546875,38.86540412902832,46.44097900390625,141
2025-07-17T20:32:23.359490,4,4,"[0, 1, 2, 3, 4, 6, 7]",93.01580810546875,0.0,46.44097900390625,141,93.01580810546875,38.86540412902832,46.44097900390625,141
2025-07-17T20:32:23.366254,0,5,"[0, 1, 2, 3, 4, 5, 6, 7]",93.01580810546875,0.0,46.44097900390625,141,93.01580810546875,38.86540412902832,46.44097900390625,141
2025-07-17T20:32:23.372619,1,5,"[0, 1, 2, 3, 4, 6, 7]",93.01580810546875,0.0,46.44097900390625,141,93.01580810546875,38.86540412902832,46.44097900390625,141
2025-07-17T20:32:23.381403,2,5,"[0, 1, 2, 3, 4, 5, 6, 7]",93.01580810546875,0.0,46.44097900390625,141,93.01580810546875,38.86540412902832,46.44097900390625,141
2025-07-17T20:32:23.387822,3,5,"[0, 1, 2, 3, 4, 6, 7]",93.01580810546875,0.0,46.44097900390625,141,93.01580810546875,38.86540412902832,46.44097900390625,141
2025-07-17T20:32:23.395130,4,5,"[0, 1, 2, 3, 4, 6, 7]",93.01580810546875,0.0,46.44097900390625,141,93.01580810546875,38.86540412902832,46.44097900390625,141
2025-07-17T20:32:23.407197,0,6,"[0, 1, 2, 3, 4, 5, 6, 7]",93.01580810546875,0.0,46.44097900390625,141,93.01580810546875,38.86540412902832,46.44097900390625,141
2025-07-17T20:32:23.409132,1,6,"[0, 1, 2, 3, 4, 5, 6, 7]",93.01580810546875,0.0,46.44097900390625,141,93.01580810546875,38.86540412902832,46.44097900390625,141
2025-07-17T20:32:23.416007,2,6,"[0, 1, 2, 3, 4, 5, 6, 7]",93.01580810546875,0.0,46.44097900390625,141,93.01580810546875,38.86540412902832,46.44097900390625,141
2025-07-17T20:32:23.422982,3,6,"[0, 1, 2, 3, 4, 5, 6, 7]",93.01580810546875,0.0,46.44097900390625,141,93.01580810546875,38.86540412902832,46.44097900390625,141
2025-07-17T20:32:23.430142,4,6,"[0, 1, 2, 3, 4, 5, 6, 7]",93.01580810546875,0.0,46.44097900390625,141,93.01580810546875,38.86540412902832,46.44097900390625,141
2025-07-17T20:32:23.438224,0,7,"[0, 1, 2, 3, 4, 5, 6, 7]",93.01580810546875,0.0,46.44097900390625,141,93.01580810546875,38.86540412902832,46.44097900390625,141
2025-07-17T20:32:23.444876,1,7,"[1, 2, 3, 4, 5, 6, 7]",93.01580810546875,0.0,46.44097900390625,141,93.01580810546875,38.86540412902832,46.44097900390625,141
2025-07-17T20:32:23.451927,2,7,"[0, 1, 2, 3, 4, 5, 6, 7]",93.01580810546875,0.0,46.44097900390625,141,93.01580810546875,38.86540412902832,46.44097900390625,141
2025-07-17T20:32:23.459315,3,7,"[1, 2, 3, 4, 5, 6, 7]",93.01580810546875,0.0,46.44097900390625,141,93.01580810546875,38.86540412902832,46.44097900390625,141
2025-07-17T20:32:23.471966,4,7,"[1, 2, 3, 4, 5, 6, 7]",93.01580810546875,0.0,46.44097900390625,141,93.01580810546875,38.86540412902832,46.44097900390625,141
2025-07-17T20:32:23.474208,0,8,"[0, 1, 2, 3, 4, 5, 6, 7]",93.01580810546875,0.0,46.44097900390625,141,93.01580810546875,38.86540412902832,46.44097900390625,141
2025-07-17T20:32:23.481395,1,8,"[0, 1, 2, 3, 4, 5, 6, 7]",93.01580810546875,0.0,46.44097900390625,141,93.01580810546875,38.86540412902832,46.44097900390625,141
2025-07-17T20:32:23.495072,2,8,"[0, 1, 2, 3, 4, 5, 6, 7]",93.01580810546875,0.0,46.44097900390625,141,93.01580810546875,38.86540412902832,46.44097900390625,141
2025-07-17T20:32:23.497047,3,8,"[0, 1, 2, 3, 4, 5, 6, 7]",93.01580810546875,0.0,46.44097900390625,141,93.01580810546875,38.86540412902832,46.44097900390625,141
2025-07-17T20:32:23.503899,4,8,"[0, 1, 2, 3, 4, 5, 6, 7]",93.01580810546875,0.0,46.44097900390625,141,93.01580810546875,38.86540412902832,46.44097900390625,141
2025-07-17T20:32:23.516413,0,9,"[0, 1, 2, 3, 4, 5, 6, 7]",93.01580810546875,0.0,46.44097900390625,141,93.01580810546875,38.86540412902832,46.44097900390625,141
2025-07-17T20:32:23.518677,1,9,"[0, 1, 2, 3, 4, 5, 6, 7]",93.01580810546875,0.0,46.44097900390625,141,93.01580810546875,38.86540412902832,46.44097900390625,141
2025-07-17T20:32:23.526362,2,9,"[0, 1, 2, 3, 4, 5, 6, 7]",93.01580810546875,0.0,46.44097900390625,141,93.01580810546875,38.86540412902832,46.44097900390625,141
2025-07-17T20:32:23.539532,3,9,"[0, 1, 2, 3, 4, 5, 6, 7]",93.01580810546875,0.0,46.44097900390625,141,93.01580810546875,38.86540412902832,46.44097900390625,141
2025-07-17T20:32:23.542997,4,9,"[0, 1, 2, 3, 4, 5, 6, 7]",93.01580810546875,0.0,46.44097900390625,141,93.01580810546875,38.86540412902832,46.44097900390625,141
2025-07-17T20:32:23.549415,0,10,"[0, 1, 2, 3, 4, 5, 6, 7]",93.01580810546875,0.0,46.44097900390625,141,93.01580810546875,38.86540412902832,46.44097900390625,141
2025-07-17T20:32:23.555842,1,10,"[0, 1, 2, 4, 6, 7]",93.01580810546875,0.0,46.44097900390625,141,93.01580810546875,38.86540412902832,46.44097900390625,141
2025-07-17T20:32:23.563009,2,10,"[0, 1, 2, 3, 4, 5, 6, 7]",93.01580810546875,0.0,46.44097900390625,141,93.01580810546875,38.86540412902832,46.44097900390625,141
2025-07-17T20:32:23.570013,3,10,"[0, 1, 2, 4, 6, 7]",93.01580810546875,0.0,46.44097900390625,141,93.01580810546875,38.86540412902832,46.44097900390625,141
2025-07-17T20:32:23.577303,4,10,"[0, 1, 2, 4, 6, 7]",93.01580810546875,0.0,46.44097900390625,141,93.01580810546875,38.86540412902832,46.44097900390625,141
2025-07-17T20:32:23.588849,0,11,"[0, 1, 2, 3, 4, 5, 6, 7]",93.01580810546875,0.0,46.44097900390625,141,93.01580810546875,38.86540412902832,46.44097900390625,141
2025-07-17T20:32:23.597022,1,11,"[0, 1, 2, 3, 4, 5, 6, 7]",93.01580810546875,0.0,46.44097900390625,141,93.01580810546875,38.86540412902832,46.44097900390625,141
2025-07-17T20:32:23.599280,2,11,"[0, 1, 2, 3, 4, 5, 6, 7]",93.01580810546875,0.0,46.44097900390625,141,93.01580810546875,38.86540412902832,46.44097900390625,141
2025-07-17T20:32:23.610348,3,11,"[0, 1, 2, 3, 4, 5, 6, 7]",93.01580810546875,0.0,46.44097900390625,141,93.01580810546875,38.86540412902832,46.44097900390625,141
2025-07-17T20:32:23.617036,4,11,"[0, 1, 2, 3, 4, 5, 6, 7]",93.01580810546875,0.0,46.44097900390625,141,93.01580810546875,38.86540412902832,46.44097900390625,141
2025-07-17T20:32:23.624089,0,12,"[0, 1, 2, 3, 4, 5, 6, 7]",93.01580810546875,0.0,46.44097900390625,141,93.01580810546875,38.86540412902832,46.44097900390625,141
2025-07-17T20:32:23.630920,1,12,"[0, 1, 2, 3, 4, 5, 6]",93.01580810546875,0.0,46.44097900390625,141,93.01580810546875,38.86540412902832,46.44097900390625,141
2025-07-17T20:32:23.640042,2,12,"[0, 1, 2, 3, 4, 5, 6, 7]",93.01580810546875,0.0,46.44097900390625,141,93.01580810546875,38.86540412902832,46.44097900390625,141
2025-07-17T20:32:23.646940,3,12,"[0, 1, 2, 3, 4, 5, 6]",93.01580810546875,0.0,46.44097900390625,141,93.01580810546875,38.86456489562988,46.44097900390625,141
2025-07-17T20:32:23.653977,4,12,"[0, 1, 2, 3, 4, 5, 6]",93.01580810546875,0.0,46.44097900390625,141,93.01580810546875,38.86456489562988,46.44097900390625,141
2025-07-17T20:32:23.660844,0,13,"[0, 1, 2, 3, 4, 5, 6, 7]",93.01580810546875,0.0,46.44097900390625,141,93.01580810546875,38.86456489562988,46.44097900390625,141
2025-07-17T20:32:23.667767,1,13,"[0, 1, 2, 3, 4, 5, 7]",93.01580810546875,0.0,46.44097900390625,141,93.01580810546875,38.86456489562988,46.44097900390625,141
2025-07-17T20:32:23.676116,2,13,"[0, 1, 2, 3, 4, 5, 6, 7]",93.01580810546875,0.0,46.44097900390625,141,93.01580810546875,38.86540412902832,46.44097900390625,141
2025-07-17T20:32:23.682848,3,13,"[0, 1, 2, 3, 4, 5, 7]",93.01580810546875,0.0,46.44097900390625,141,93.01580810546875,38.86540412902832,46.44097900390625,141
2025-07-17T20:32:23.689877,4,13,"[0, 1, 2, 3, 4, 5, 7]",93.01580810546875,0.0,46.44097900390625,141,93.01580810546875,38.86540412902832,46.44097900390625,141
2025-07-17T20:32:23.697079,0,14,"[0, 1, 2, 3, 4, 5, 6, 7]",93.01580810546875,0.0,46.44097900390625,141,93.01580810546875,38.86540412902832,46.44097900390625,141
2025-07-17T20:32:23.699691,1,14,"[0, 1, 2, 4, 5, 6, 7]",93.01580810546875,0.0,46.44097900390625,141,93.01580810546875,38.86540412902832,46.44097900390625,141
2025-07-17T20:32:23.706415,2,14,"[0, 1, 2, 3, 4, 5, 6, 7]",93.01580810546875,0.0,46.44097900390625,141,93.01580810546875,38.86540412902832,46.44097900390625,141
2025-07-17T20:32:23.716789,3,14,"[0, 1, 2, 4, 5, 6, 7]",93.01580810546875,0.0,46.44097900390625,141,93.01580810546875,38.86540412902832,46.44097900390625,141
2025-07-17T20:32:23.723676,4,14,"[0, 1, 2, 4, 5, 6, 7]",93.01580810546875,0.0,46.44097900390625,141,93.01580810546875,38.86540412902832,46.44097900390625,141
2025-07-17T20:32:23.731693,0,15,"[0, 1, 2, 3, 4, 5, 6, 7]",93.01580810546875,0.0,46.44097900390625,141,93.01580810546875,38.86540412902832,46.44097900390625,141
2025-07-17T20:32:23.738642,1,15,"[0, 1, 2, 3, 4, 5, 6]",93.01580810546875,0.0,46.44097900390625,141,93.01580810546875,38.86540412902832,46.44097900390625,141
2025-07-17T20:32:23.745989,2,15,"[0, 1, 2, 3, 4, 5, 6, 7]",93.01580810546875,0.0,46.44097900390625,141,93.01580810546875,38.86540412902832,46.44097900390625,141
2025-07-17T20:32:23.752826,3,15,"[0, 1, 2, 3, 4, 5, 6]",93.01580810546875,0.0,46.44097900390625,141,93.01580810546875,38.86540412902832,46.44097900390625,141
2025-07-17T20:32:23.760515,4,15,"[0, 1, 2, 3, 4, 5, 6]",93.01580810546875,0.0,46.44097900390625,141,93.01580810546875,38.86540412902832,46.44097900390625,141
2025-07-17T20:32:23.767643,0,16,"[0, 1, 2, 3, 4, 5, 6, 7]",93.01580810546875,0.0,46.44097900390625,141,93.01580810546875,38.86540412902832,46.44097900390625,141
2025-07-17T20:32:23.774040,1,16,"[0, 2, 3, 4, 5, 6, 7]",93.01580810546875,0.0,46.44097900390625,141,93.01580810546875,38.86540412902832,46.44097900390625,141
2025-07-17T20:32:23.782962,2,16,"[0, 1, 2, 3, 4, 5, 6, 7]",93.01580810546875,0.0,46.44097900390625,141,93.01580810546875,38.86540412902832,46.44097900390625,141
2025-07-17T20:32:23.785443,3,16,"[0, 2, 3, 4, 5, 6, 7]",93.01580810546875,0.0,46.44097900390625,141,93.01580810546875,38.86540412902832,46.44097900390625,141
2025-07-17T20:32:23.797220,4,16,"[0, 2, 3, 4, 5, 6, 7]",93.01580810546875,0.0,46.44097900390625,141,93.01580810546875,38.86540412902832,46.44097900390625,141
2025-07-17T20:32:23.804637,0,17,"[0, 1, 2, 3, 4, 5, 6, 7]",93.01580810546875,0.0,46.44097900390625,141,93.01580810546875,38.86540412902832,46.44097900390625,141
2025-07-17T20:32:23.807115,1,17,"[1, 2, 3, 4, 5, 6, 7]",93.01580810546875,0.0,46.44097900390625,141,93.01580810546875,38.86540412902832,46.44097900390625,141
2025-07-17T20:32:23.817958,2,17,"[0, 1, 2, 3, 4, 5, 6, 7]",93.01580810546875,0.0,46.44097900390625,141,93.01580810546875,38.86540412902832,46.44097900390625,141
2025-07-17T20:32:23.825022,3,17,"[1, 2, 3, 4, 5, 6, 7]",93.01580810546875,0.0,46.44097900390625,141,93.01580810546875,38.86540412902832,46.44097900390625,141
2025-07-17T20:32:23.831665,4,17,"[1, 2, 3, 4, 5, 6, 7]",93.01580810546875,0.0,46.44097900390625,141,93.01580810546875,38.86540412902832,46.44097900390625,141
2025-07-17T20:32:23.838551,0,18,"[0, 1, 2, 3, 4, 5, 6, 7]",93.01580810546875,0.0,46.44097900390625,141,93.01580810546875,38.86540412902832,46.44097900390625,141
2025-07-17T20:32:23.845157,1,18,"[0, 1, 2, 3, 5, 6, 7]",93.01580810546875,0.0,46.44097900390625,141,93.01580810546875,38.86540412902832,46.44097900390625,141
2025-07-17T20:32:23.851711,2,18,"[0, 1, 2, 3, 4, 5, 6, 7]",93.01580810546875,0.0,46.44097900390625,141,93.01580810546875,38.86540412902832,46.44097900390625,141
2025-07-17T20:32:23.859149,3,18,"[0, 1, 2, 3, 5, 6, 7]",93.01580810546875,0.0,46.44097900390625,141,93.01580810546875,38.86540412902832,46.44097900390625,141
2025-07-17T20:32:23.866134,4,18,"[0, 1, 2, 3, 5, 6, 7]",93.01580810546875,0.0,46.44097900390625,141,93.01580810546875,38.86540412902832,46.44097900390625,141
2025-07-17T20:32:23.873082,0,19,"[0, 1, 2, 3, 4, 5, 6, 7]",93.01580810546875,0.0,46.44097900390625,141,93.01580810546875,38.86540412902832,46.44097900390625,141
2025-07-17T20:32:23.879876,1,19,"[0, 1, 2, 3, 4, 5, 6, 7]",93.01580810546875,0.0,46.44097900390625,141,93.01580810546875,38.86540412902832,46.44097900390625,141
2025-07-17T20:32:23.886944,2,19,"[0, 1, 2, 3, 4, 5, 6, 7]",93.01580810546875,0.0,46.44097900390625,141,93.01580810546875,38.86540412902832,46.44097900390625,141
2025-07-17T20:32:23.894100,3,19,"[0, 1, 2, 3, 4, 5, 6, 7]",93.01580810546875,0.0,46.44097900390625,141,93.01580810546875,38.86540412902832,46.44097900390625,141
2025-07-17T20:32:23.901380,4,19,"[0, 1, 2, 3, 4, 5, 6, 7]",93.01580810546875,0.0,46.44097900390625,141,93.01580810546875,38.86540412902832,46.44097900390625,141
2025-07-17T20:32:23.908580,0,20,"[0, 1, 2, 3, 4, 5, 6, 7]",93.01580810546875,0.0,46.44097900390625,141,93.01580810546875,38.86540412902832,46.44097900390625,141
2025-07-17T20:32:23.915850,1,20,"[0, 1, 2, 3, 4, 5, 6]",93.01580810546875,0.0,46.44097900390625,141,93.01580810546875,38.86482238769531,46.44097900390625,141
2025-07-17T20:32:23.924138,2,20,"[0, 1, 2, 3, 4, 5, 6, 7]",93.01580810546875,0.0,46.44097900390625,141,93.01580810546875,38.86456489562988,46.44097900390625,141
2025-07-17T20:32:23.926162,3,20,"[0, 1, 2, 3, 4, 5, 6]",93.01580810546875,0.0,46.44097900390625,141,93.01580810546875,38.86456489562988,46.44097900390625,141
2025-07-17T20:32:23.933362,4,20,"[0, 1, 2, 3, 4, 5, 6]",93.01580810546875,0.0,46.44097900390625,141,93.01580810546875,38.86456489562988,46.44097900390625,141
2025-07-17T20:32:23.941181,0,21,"[0, 1, 2, 3, 4, 5, 6, 7]",93.01580810546875,0.0,46.44097900390625,141,93.01580810546875,38.86456489562988,46.44097900390625,141
2025-07-17T20:32:23.947959,1,21,"[0, 1, 2, 3, 4, 5, 6, 7]",93.01580810546875,0.0,46.44097900390625,141,93.01580810546875,38.86540412902832,46.44097900390625,141
2025-07-17T20:32:23.955147,2,21,"[0, 1, 2, 3, 4, 5, 6, 7]",93.01580810546875,0.0,46.44097900390625,141,93.01580810546875,38.86540412902832,46.44097900390625,141
2025-07-17T20:32:23.962594,3,21,"[0, 1, 2, 3, 4, 5, 6, 7]",93.01580810546875,0.0,46.44097900390625,141,93.01580810546875,38.86540412902832,46.44097900390625,141
2025-07-17T20:32:23.969650,4,21,"[0, 1, 2, 3, 4, 5, 6, 7]",93.01580810546875,0.0,46.44097900390625,141,93.01580810546875,38.86540412902832,46.44097900390625,141
2025-07-17T20:32:23.976591,0,22,"[0, 1, 2, 3, 4, 5, 6, 7]",93.01580810546875,0.0,46.44097900390625,141,93.01580810546875,38.86540412902832,46.44097900390625,141
2025-07-17T20:32:23.983401,1,22,"[0, 1, 2, 3, 4, 5, 6, 7]",93.01580810546875,0.0,46.44097900390625,141,93.01580810546875,38.86540412902832,46.44097900390625,141
2025-07-17T20:32:23.989962,2,22,"[0, 1, 2, 3, 4, 5, 6, 7]",93.01580810546875,0.0,46.44097900390625,141,93.01580810546875,38.86540412902832,46.44097900390625,141
2025-07-17T20:32:23.997223,3,22,"[0, 1, 2, 3, 4, 5, 6, 7]",93.01580810546875,0.0,46.44097900390625,141,93.01580810546875,38.86540412902832,46.44097900390625,141
2025-07-17T20:32:24.010444,4,22,"[0, 1, 2, 3, 4, 5, 6, 7]",93.01580810546875,0.0,46.44097900390625,141,93.01580810546875,38.86540412902832,46.44097900390625,141
2025-07-17T20:32:24.012785,0,23,"[0, 1, 2, 3, 4, 5, 6, 7]",93.01580810546875,0.0,46.44097900390625,141,93.01580810546875,38.86540412902832,46.44097900390625,141
2025-07-17T20:32:24.020139,1,23,"[0, 1, 2, 3, 4, 5, 6, 7]",93.01580810546875,0.0,46.44097900390625,141,93.01580810546875,38.86540412902832,46.44097900390625,141
2025-07-17T20:32:24.026823,2,23,"[0, 1, 2, 3, 4, 5, 6, 7]",93.01580810546875,0.0,46.44097900390625,141,93.01580810546875,38.86540412902832,46.44097900390625,141
2025-07-17T20:32:24.034234,3,23,"[0, 1, 2, 3, 4, 5, 6, 7]",93.01580810546875,0.0,46.44097900390625,141,93.01580810546875,38.86540412902832,46.44097900390625,141
2025-07-17T20:32:24.041407,4,23,"[0, 1, 2, 3, 4, 5, 6, 7]",93.01580810546875,0.0,46.44097900390625,141,93.01580810546875,38.86540412902832,46.44097900390625,141
2025-07-17T20:32:24.054533,0,24,"[0, 1, 2, 3, 4, 5, 6, 7]",93.01580810546875,0.0,46.44097900390625,141,93.01580810546875,38.86540412902832,46.44097900390625,141
2025-07-17T20:32:24.062090,1,24,"[0, 1, 2, 3, 4, 5, 6, 7]",93.01580810546875,0.0,46.44097900390625,141,93.01580810546875,38.86540412902832,46.44097900390625,141
2025-07-17T20:32:24.064200,2,24,"[0, 1, 2, 3, 4, 5, 6, 7]",93.01580810546875,0.0,46.44097900390625,141,93.01580810546875,38.86540412902832,46.44097900390625,141
2025-07-17T20:32:24.078114,3,24,"[0, 1, 2, 3, 4, 5, 6, 7]",93.01580810546875,0.0,46.44097900390625,141,93.01580810546875,38.86540412902832,46.44097900390625,141
2025-07-17T20:32:24.085058,4,24,"[0, 1, 2, 3, 4, 5, 6, 7]",93.01580810546875,0.0,46.44097900390625,141,93.01580810546875,38.86540412902832,46.44097900390625,141
2025-07-17T20:32:24.087558,0,25,"[0, 1, 2, 3, 4, 5, 6, 7]",93.01580810546875,0.0,46.44097900390625,141,93.01580810546875,38.86540412902832,46.44097900390625,141
2025-07-17T20:32:24.095153,1,25,"[0, 1, 2, 3, 4, 5, 6, 7]",93.01580810546875,0.0,46.44097900390625,141,93.01580810546875,38.86540412902832,46.44097900390625,141
2025-07-17T20:32:24.108069,2,25,"[0, 1, 2, 3, 4, 5, 6, 7]",93.01580810546875,0.0,46.44097900390625,141,93.01580810546875,38.86540412902832,46.44097900390625,141
2025-07-17T20:32:24.110911,3,25,"[0, 1, 2, 3, 4, 5, 6, 7]",93.01580810546875,0.0,46.44097900390625,141,93.01580810546875,38.86540412902832,46.44097900390625,141
2025-07-17T20:32:24.117437,4,25,"[0, 1, 2, 3, 4, 5, 6, 7]",93.01580810546875,0.0,46.44097900390625,141,93.01580810546875,38.86540412902832,46.44097900390625,141
2025-07-17T20:32:24.124237,0,26,"[0, 1, 2, 3, 4, 5, 6, 7]",93.01580810546875,0.0,46.44097900390625,141,93.01580810546875,38.86540412902832,46.44097900390625,141
2025-07-17T20:32:24.131796,1,26,"[0, 1, 2, 3, 4, 5, 6, 7]",93.01580810546875,0.0,46.44097900390625,141,93.01580810546875,38.86540412902832,46.44097900390625,141
2025-07-17T20:32:24.138119,2,26,"[0, 1, 2, 3, 4, 5, 6, 7]",93.01580810546875,0.0,46.44097900390625,141,93.01580810546875,38.86540412902832,46.44097900390625,141
2025-07-17T20:32:24.149167,3,26,"[0, 1, 2, 3, 4, 5, 6, 7]",93.01580810546875,0.0,46.44097900390625,141,93.01580810546875,38.86540412902832,46.44097900390625,141
2025-07-17T20:32:24.151863,4,26,"[0, 1, 2, 3, 4, 5, 6, 7]",93.01580810546875,0.0,46.44097900390625,141,93.01580810546875,38.86540412902832,46.44097900390625,141
2025-07-17T20:32:24.163570,0,27,"[0, 1, 2, 3, 4, 5, 6, 7]",93.01580810546875,0.0,46.44097900390625,141,93.01580810546875,38.86540412902832,46.44097900390625,141
2025-07-17T20:32:24.171217,1,27,"[0, 1, 3, 4, 5, 6, 7]",93.01580810546875,0.0,46.44097900390625,141,93.01580810546875,38.86540412902832,46.44097900390625,141
2025-07-17T20:32:24.178214,2,27,"[0, 1, 2, 3, 4, 5, 6, 7]",93.01580810546875,0.0,46.44097900390625,141,93.01580810546875,38.86540412902832,46.44097900390625,141
2025-07-17T20:32:24.185994,3,27,"[0, 1, 3, 4, 5, 6, 7]",93.01580810546875,0.0,46.44097900390625,141,93.01580810546875,38.86540412902832,46.44097900390625,141
2025-07-17T20:32:24.193088,4,27,"[0, 1, 3, 4, 5, 6, 7]",93.01580810546875,0.0,46.44097900390625,141,93.01580810546875,38.86540412902832,46.44097900390625,141
2025-07-17T20:32:24.200647,0,28,"[0, 1, 2, 3, 4, 5, 6, 7]",93.01580810546875,0.0,46.44097900390625,141,93.01580810546875,38.86540412902832,46.44097900390625,141
2025-07-17T20:32:24.208310,1,28,"[0, 1, 2, 3, 5, 6, 7]",93.01580810546875,0.0,46.44097900390625,141,93.01580810546875,38.86540412902832,46.44097900390625,141
2025-07-17T20:32:24.215447,2,28,"[0, 1, 2, 3, 4, 5, 6, 7]",93.01580810546875,0.0,46.44097900390625,141,93.01580810546875,38.86540412902832,46.44097900390625,141
2025-07-17T20:32:24.222846,3,28,"[0, 1, 2, 3, 5, 6, 7]",93.01580810546875,0.0,46.44097900390625,141,93.01580810546875,38.86540412902832,46.44097900390625,141
2025-07-17T20:32:24.229202,4,28,"[0, 1, 2, 3, 5, 6, 7]",93.01580810546875,0.0,46.44097900390625,141,93.01580810546875,38.86540412902832,46.44097900390625,141
2025-07-17T20:32:24.236230,0,29,"[0, 1, 2, 3, 4, 5, 6, 7]",93.01580810546875,0.0,46.44097900390625,141,93.01580810546875,38.86482238769531,46.44097900390625,141
2025-07-17T20:32:24.243226,1,29,"[1, 2, 3, 4, 5, 6, 7]",93.01580810546875,0.0,46.44097900390625,141,93.01580810546875,38.86456489562988,46.44097900390625,141
2025-07-17T20:32:24.250433,2,29,"[0, 1, 2, 3, 4, 5, 6, 7]",93.01580810546875,0.0,46.44097900390625,141,93.01580810546875,38.86456489562988,46.44097900390625,141
2025-07-17T20:32:24.257140,3,29,"[1, 2, 3, 4, 5, 6, 7]",93.01580810546875,0.0,46.44097900390625,141,93.01580810546875,38.86456489562988,46.44097900390625,141
2025-07-17T20:32:24.263614,4,29,"[1, 2, 3, 4, 5, 6, 7]",93.01580810546875,0.0,46.44097900390625,141,93.01580810546875,38.86456489562988,46.44097900390625,141
2025-07-17T20:32:24.270895,0,30,"[0, 1, 2, 3, 4, 5, 6, 7]",93.01580810546875,0.0,46.44097900390625,141,93.01580810546875,38.86540412902832,46.44097900390625,141
2025-07-17T20:32:24.277817,1,30,"[0, 1, 3, 4, 5, 7]",93.01580810546875,0.0,46.44097900390625,141,93.01580810546875,38.86540412902832,46.44097900390625,141
2025-07-17T20:32:24.284826,2,30,"[0, 1, 2, 3, 4, 5, 6, 7]",93.01580810546875,0.0,46.44097900390625,141,93.01580810546875,38.86540412902832,46.44097900390625,141
2025-07-17T20:32:24.292038,3,30,"[0, 1, 3, 4, 5, 7]",93.01580810546875,0.0,46.44097900390625,141,93.01580810546875,38.86540412902832,46.44097900390625,141
2025-07-17T20:32:24.298923,4,30,"[0, 1, 3, 4, 5, 7]",93.01580810546875,0.0,46.44097900390625,141,93.01580810546875,38.86540412902832,46.44097900390625,141
2025-07-17T20:32:24.306310,0,31,"[0, 1, 2, 3, 4, 5, 6, 7]",93.01580810546875,0.0,46.44097900390625,141,93.01580810546875,38.87204074859619,46.44097900390625,141
2025-07-17T20:32:24.315424,1,31,"[1, 2, 3, 4, 5, 6, 7]",93.01580810546875,0.0,46.44097900390625,141,93.01580810546875,38.8688325881958,46.44097900390625,141
2025-07-17T20:32:24.325022,2,31,"[0, 1, 2, 3, 4, 5, 6, 7]",93.01580810546875,0.0,46.44097900390625,141,93.01580810546875,38.86562442779541,46.44097900390625,141
2025-07-17T20:32:24.333844,3,31,"[1, 2, 3, 4, 5, 6, 7]",93.01580810546875,0.0,46.44097900390625,141,93.01580810546875,38.86299800872803,46.44097900390625,141
2025-07-17T20:32:24.337576,4,31,"[1, 2, 3, 4, 5, 6, 7]",93.01580810546875,0.0,46.44097900390625,141,93.01580810546875,38.86002254486084,46.44097900390625,141
2025-07-17T20:32:24.353608,0,0,"[0, 1, 2, 3, 4, 5, 6, 7]",93.01580810546875,0.0,46.44097900390625,141,93.01580810546875,38.85531425476074,46.44097900390625,141
2025-07-17T20:32:24.356492,1,0,"[1, 2, 3, 4, 5, 6, 7]",93.01580810546875,0.0,46.44097900390625,141,93.01580810546875,38.85852241516113,46.44097900390625,141
2025-07-17T20:32:24.363977,2,0,"[0, 1, 2, 3, 4, 5, 6, 7]",93.01580810546875,0.0,46.44097900390625,141,93.01580810546875,38.86149787902832,46.44097900390625,141
2025-07-17T20:32:24.371848,3,0,"[1, 2, 3, 4, 5, 6, 7]",93.01580810546875,0.0,46.44097900390625,141,93.01580810546875,38.86438179016113,46.44097900390625,141
2025-07-17T20:32:24.379726,4,0,"[1, 2, 3, 4, 5, 6, 7]",93.01580810546875,0.0,46.44097900390625,141,93.01580810546875,38.86540412902832,46.44097900390625,141
2025-07-17T20:32:24.386817,0,1,"[0, 1, 2, 3, 4, 5, 6, 7]",93.01580810546875,0.0,46.44097900390625,141,93.01580810546875,38.86540412902832,46.44097900390625,141
2025-07-17T20:32:24.394663,1,1,"[0, 1, 2, 3, 4, 5, 6, 7]",93.01580810546875,0.0,46.44097900390625,141,93.01580810546875,38.86540412902832,46.44097900390625,141
2025-07-17T20:32:24.401197,2,1,"[0, 1, 2, 3, 4, 5, 6, 7]",93.01580810546875,0.0,46.44097900390625,141,93.01580810546875,38.86540412902832,46.44097900390625,141
2025-07-17T20:32:24.408281,3,1,"[0, 1, 2, 3, 4, 5, 6, 7]",93.01580810546875,0.0,46.44097900390625,141,93.01580810546875,38.86540412902832,46.44097900390625,141
2025-07-17T20:32:24.415634,4,1,"[0, 1, 2, 3, 4, 5, 6, 7]",93.01580810546875,0.0,46.44097900390625,141,93.01580810546875,38.86540412902832,46.44097900390625,141
2025-07-17T20:32:24.422679,0,2,"[0, 1, 2, 3, 4, 5, 6, 7]",93.01580810546875,0.0,46.44097900390625,141,93.01580810546875,38.86540412902832,46.44097900390625,141
2025-07-17T20:32:24.429533,1,2,"[0, 1, 2, 3, 4, 5, 6, 7]",93.01580810546875,0.0,46.44097900390625,141,93.01580810546875,38.86540412902832,46.44097900390625,141
2025-07-17T20:32:24.436233,2,2,"[0, 1, 2, 3, 4, 5, 6, 7]",93.01580810546875,0.0,46.44097900390625,141,93.01580810546875,38.86540412902832,46.44097900390625,141
2025-07-17T20:32:24.443434,3,2,"[0, 1, 2, 3, 4, 5, 6, 7]",93.01580810546875,0.0,46.44097900390625,141,93.01580810546875,38.86540412902832,46.44097900390625,141
2025-07-17T20:32:24.450750,4,2,"[0, 1, 2, 3, 4, 5, 6, 7]",93.01580810546875,0.0,46.44097900390625,141,93.01580810546875,38.86540412902832,46.44097900390625,141
2025-07-17T20:32:24.457284,0,3,"[0, 1, 2, 3, 4, 5, 6, 7]",93.01580810546875,0.0,46.44097900390625,141,93.01580810546875,38.86540412902832,46.44097900390625,141
2025-07-17T20:32:24.463981,1,3,"[0, 1, 2, 3, 4, 5, 6]",93.01580810546875,0.0,46.44097900390625,141,93.01580810546875,38.86540412902832,46.44097900390625,141
2025-07-17T20:32:24.471343,2,3,"[0, 1, 2, 3, 4, 5, 6, 7]",93.01580810546875,0.0,46.44097900390625,141,93.01580810546875,38.86540412902832,46.44097900390625,141
2025-07-17T20:32:24.482838,3,3,"[0, 1, 2, 3, 4, 5, 6]",93.01580810546875,0.0,46.44097900390625,141,93.01580810546875,38.86540412902832,46.44097900390625,141
2025-07-17T20:32:24.489696,4,3,"[0, 1, 2, 3, 4, 5, 6]",93.01580810546875,0.0,46.44097900390625,141,93.01580810546875,38.86540412902832,46.44097900390625,141
2025-07-17T20:32:24.492488,0,4,"[0, 1, 2, 3, 4, 5, 6, 7]",93.01580810546875,0.0,46.44097900390625,141,93.01580810546875,38.86540412902832,46.44097900390625,141
2025-07-17T20:32:24.504127,1,4,"[0, 1, 2, 3, 4, 5, 6, 7]",93.01580810546875,0.0,46.44097900390625,141,93.01580810546875,38.86540412902832,46.44097900390625,141
2025-07-17T20:32:24.511743,2,4,"[0, 1, 2, 3, 4, 5, 6, 7]",93.01580810546875,0.0,46.44097900390625,141,93.01580810546875,38.86540412902832,46.44097900390625,141
2025-07-17T20:32:24.518807,3,4,"[0, 1, 2, 3, 4, 5, 6, 7]",93.01580810546875,0.0,46.44097900390625,141,93.01580810546875,38.86540412902832,46.44097900390625,141
2025-07-17T20:32:24.526061,4,4,"[0, 1, 2, 3, 4, 5, 6, 7]",93.01580810546875,0.0,46.44097900390625,141,93.01580810546875,38.86540412902832,46.44097900390625,141
2025-07-17T20:32:24.532867,0,5,"[0, 1, 2, 3, 4, 5, 6, 7]",93.01580810546875,0.0,46.44097900390625,141,93.01580810546875,38.86540412902832,46.44097900390625,141
2025-07-17T20:32:24.540358,1,5,"[0, 1, 2, 3, 4, 6, 7]",93.01580810546875,0.0,46.44097900390625,141,93.01580810546875,38.86540412902832,46.44097900390625,141
2025-07-17T20:32:24.548144,2,5,"[0, 1, 2, 3, 4, 5, 6, 7]",93.01580810546875,0.0,46.44097900390625,141,93.01580810546875,38.86540412902832,46.44097900390625,141
2025-07-17T20:32:24.555100,3,5,"[0, 1, 2, 3, 4, 6, 7]",93.01580810546875,0.0,46.44097900390625,141,93.01580810546875,38.86540412902832,46.44097900390625,141
2025-07-17T20:32:24.561677,4,5,"[0, 1, 2, 3, 4, 6, 7]",93.01580810546875,0.0,46.44097900390625,141,93.01580810546875,38.86540412902832,46.44097900390625,141
2025-07-17T20:32:24.568736,0,6,"[0, 1, 2, 3, 4, 5, 6, 7]",93.01580810546875,0.0,46.44097900390625,141,93.01580810546875,38.86540412902832,46.44097900390625,141
2025-07-17T20:32:24.576819,1,6,"[0, 2, 3, 4, 5, 6, 7]",93.01580810546875,0.0,46.44097900390625,141,93.01580810546875,38.86540412902832,46.44097900390625,141
2025-07-17T20:32:24.584597,2,6,"[0, 1, 2, 3, 4, 5, 6, 7]",93.01580810546875,0.0,46.44097900390625,141,93.01580810546875,38.86540412902832,46.44097900390625,141
2025-07-17T20:32:24.591870,3,6,"[0, 2, 3, 4, 5, 6, 7]",93.01580810546875,0.0,46.44097900390625,141,93.01580810546875,38.86456489562988,46.44097900390625,141
2025-07-17T20:32:24.598512,4,6,"[0, 2, 3, 4, 5, 6, 7]",93.01580810546875,0.0,46.44097900390625,141,93.01580810546875,38.86456489562988,46.44097900390625,141
2025-07-17T20:32:24.605615,0,7,"[0, 1, 2, 3, 4, 5, 6, 7]",93.01580810546875,0.0,46.44097900390625,141,93.01580810546875,38.86456489562988,46.44097900390625,141
2025-07-17T20:32:24.612971,1,7,"[0, 1, 2, 3, 4, 5, 6, 7]",93.01580810546875,0.0,46.44097900390625,141,93.01580810546875,38.86456489562988,46.44097900390625,141
2025-07-17T20:32:24.620117,2,7,"[0, 1, 2, 3, 4, 5, 6, 7]",93.01580810546875,0.0,46.44097900390625,141,93.01580810546875,38.86540412902832,46.44097900390625,141
2025-07-17T20:32:24.622965,3,7,"[0, 1, 2, 3, 4, 5, 6, 7]",93.01580810546875,0.0,46.44097900390625,141,93.01580810546875,38.86540412902832,46.44097900390625,141
2025-07-17T20:32:24.630573,4,7,"[0, 1, 2, 3, 4, 5, 6, 7]",93.01580810546875,0.0,46.44097900390625,141,93.01580810546875,38.86540412902832,46.44097900390625,141
2025-07-17T20:32:24.643226,0,8,"[0, 1, 2, 3, 4, 5, 6, 7]",93.01580810546875,0.0,46.44097900390625,141,93.01580810546875,38.86540412902832,46.44097900390625,141
2025-07-17T20:32:24.645986,1,8,"[0, 1, 2, 3, 4, 5, 6, 7]",93.01580810546875,0.0,46.44097900390625,141,93.01580810546875,38.86540412902832,46.44097900390625,141
2025-07-17T20:32:24.654640,2,8,"[0, 1, 2, 3, 4, 5, 6, 7]",93.01580810546875,0.0,46.44097900390625,141,93.01580810546875,38.86540412902832,46.44097900390625,141
2025-07-17T20:32:24.660980,3,8,"[0, 1, 2, 3, 4, 5, 6, 7]",93.01580810546875,0.0,46.44097900390625,141,93.01580810546875,38.86540412902832,46.44097900390625,141
2025-07-17T20:32:24.667051,4,8,"[0, 1, 2, 3, 4, 5, 6, 7]",93.01580810546875,0.0,46.44097900390625,141,93.01580810546875,38.86540412902832,46.44097900390625,141
2025-07-17T20:32:24.674666,0,9,"[0, 1, 2, 3, 4, 5, 6, 7]",93.01580810546875,0.0,46.44097900390625,141,93.01580810546875,38.86540412902832,46.44097900390625,141
2025-07-17T20:32:24.680853,1,9,"[0, 1, 2, 3, 4, 5, 6, 7]",93.01580810546875,0.0,46.44097900390625,141,93.01580810546875,38.86540412902832,46.44097900390625,141
2025-07-17T20:32:24.688190,2,9,"[0, 1, 2, 3, 4, 5, 6, 7]",93.01580810546875,0.0,46.44097900390625,141,93.01580810546875,38.86540412902832,46.44097900390625,141
2025-07-17T20:32:24.696142,3,9,"[0, 1, 2, 3, 4, 5, 6, 7]",93.01580810546875,0.0,46.44097900390625,141,93.01580810546875,38.86540412902832,46.44097900390625,141
2025-07-17T20:32:24.708647,4,9,"[0, 1, 2, 3, 4, 5, 6, 7]",93.01580810546875,0.0,46.44097900390625,141,93.01580810546875,38.86540412902832,46.44097900390625,141
2025-07-17T20:32:24.710556,0,10,"[0, 1, 2, 3, 4, 5, 6, 7]",93.01580810546875,0.0,46.44097900390625,141,93.01580810546875,38.86540412902832,46.44097900390625,141
2025-07-17T20:32:24.719259,1,10,"[0, 1, 2, 3, 4, 5, 6, 7]",93.01580810546875,0.0,46.44097900390625,141,93.01580810546875,38.86540412902832,46.44097900390625,141
2025-07-17T20:32:24.725114,2,10,"[0, 1, 2, 3, 4, 5, 6, 7]",93.01580810546875,0.0,46.44097900390625,141,93.01580810546875,38.86540412902832,46.44097900390625,141
2025-07-17T20:32:24.733530,3,10,"[0, 1, 2, 3, 4, 5, 6, 7]",93.01580810546875,0.0,46.44097900390625,141,93.01580810546875,38.86540412902832,46.44097900390625,141
2025-07-17T20:32:24.740000,4,10,"[0, 1, 2, 3, 4, 5, 6, 7]",93.01580810546875,0.0,46.44097900390625,141,93.01580810546875,38.86540412902832,46.44097900390625,141
2025-07-17T20:32:24.747665,0,11,"[0, 1, 2, 3, 4, 5, 6, 7]",93.01580810546875,0.0,46.44097900390625,141,93.01580810546875,38.86540412902832,46.44097900390625,141
2025-07-17T20:32:24.754447,1,11,"[0, 1, 2, 3, 4, 5, 6, 7]",93.01580810546875,0.0,46.44097900390625,141,93.01580810546875,38.86540412902832,46.44097900390625,141
2025-07-17T20:32:24.761011,2,11,"[0, 1, 2, 3, 4, 5, 6, 7]",93.01580810546875,0.0,46.44097900390625,141,93.01580810546875,38.86540412902832,46.44097900390625,141
2025-07-17T20:32:24.768886,3,11,"[0, 1, 2, 3, 4, 5, 6, 7]",93.01580810546875,0.0,46.44097900390625,141,93.01580810546875,38.86540412902832,46.44097900390625,141
2025-07-17T20:32:24.776179,4,11,"[0, 1, 2, 3, 4, 5, 6, 7]",93.01580810546875,0.0,46.44097900390625,141,93.01580810546875,38.86540412902832,46.44097900390625,141
2025-07-17T20:32:24.784257,0,12,"[0, 1, 2, 3, 4, 5, 6, 7]",93.01580810546875,0.0,46.44097900390625,141,93.01580810546875,38.86540412902832,46.44097900390625,141
2025-07-17T20:32:24.791815,1,12,"[0, 1, 2, 3, 4, 5, 6]",93.01580810546875,0.0,46.44097900390625,141,93.01580810546875,38.86540412902832,46.44097900390625,141
2025-07-17T20:32:24.805731,2,12,"[0, 1, 2, 3, 4, 5, 6, 7]",93.01580810546875,0.0,46.44097900390625,141,93.01580810546875,38.86540412902832,46.44097900390625,141
2025-07-17T20:32:24.807785,3,12,"[0, 1, 2, 3, 4, 5, 6]",93.01580810546875,0.0,46.44097900390625,141,93.01580810546875,38.86540412902832,46.44097900390625,141
2025-07-17T20:32:24.814868,4,12,"[0, 1, 2, 3, 4, 5, 6]",93.01580810546875,0.0,46.44097900390625,141,93.01580810546875,38.86540412902832,46.44097900390625,141
2025-07-17T20:32:24.821804,0,13,"[0, 1, 2, 3, 4, 5, 6, 7]",93.01580810546875,0.0,46.44097900390625,141,93.01580810546875,38.86540412902832,46.44097900390625,141
2025-07-17T20:32:24.828920,1,13,"[0, 1, 2, 3, 5, 7]",93.01580810546875,0.0,46.44097900390625,141,93.01580810546875,38.86540412902832,46.44097900390625,141
2025-07-17T20:32:24.836181,2,13,"[0, 1, 2, 3, 4, 5, 6, 7]",93.01580810546875,0.0,46.44097900390625,141,93.01580810546875,38.86540412902832,46.44097900390625,141
2025-07-17T20:32:24.848651,3,13,"[0, 1, 2, 3, 5, 7]",93.01580810546875,0.0,46.44097900390625,141,93.01580810546875,38.86540412902832,46.44097900390625,141
2025-07-17T20:32:24.850553,4,13,"[0, 1, 2, 3, 5, 7]",93.01580810546875,0.0,46.44097900390625,141,93.01580810546875,38.86540412902832,46.44097900390625,141
2025-07-17T20:32:24.857364,0,14,"[0, 1, 2, 3, 4, 5, 6, 7]",93.01580810546875,0.0,46.44097900390625,141,93.01580810546875,38.86540412902832,46.44097900390625,141
2025-07-17T20:32:24.870510,1,14,"[0, 1, 2, 3, 4, 5, 6]",93.01580810546875,0.0,46.44097900390625,141,93.01580810546875,38.86540412902832,46.44097900390625,141
2025-07-17T20:32:24.878400,2,14,"[0, 1, 2, 3, 4, 5, 6, 7]",93.01580810546875,0.0,46.44097900390625,141,93.01580810546875,38.86540412902832,46.44097900390625,141
2025-07-17T20:32:24.880258,3,14,"[0, 1, 2, 3, 4, 5, 6]",93.01580810546875,0.0,46.44097900390625,141,93.01580810546875,38.86540412902832,46.44097900390625,141
2025-07-17T20:32:24.887964,4,14,"[0, 1, 2, 3, 4, 5, 6]",93.01580810546875,0.0,46.44097900390625,141,93.01580810546875,38.86540412902832,46.44097900390625,141
2025-07-17T20:32:24.895368,0,15,"[0, 1, 2, 3, 4, 5, 6, 7]",93.01580810546875,0.0,46.44097900390625,141,93.01580810546875,38.86540412902832,46.44097900390625,141
2025-07-17T20:32:24.903413,1,15,"[0, 1, 2, 3, 4, 5, 6, 7]",93.01580810546875,0.0,46.44097900390625,141,93.01580810546875,38.86540412902832,46.44097900390625,141
2025-07-17T20:32:24.911086,2,15,"[0, 1, 2, 3, 4, 5, 6, 7]",93.01580810546875,0.0,46.44097900390625,141,93.01580810546875,38.86540412902832,46.44097900390625,141
2025-07-17T20:32:24.918622,3,15,"[0, 1, 2, 3, 4, 5, 6, 7]",93.01580810546875,0.0,46.44097900390625,141,93.01580810546875,38.86540412902832,46.44097900390625,141
2025-07-17T20:32:24.926599,4,15,"[0, 1, 2, 3, 4, 5, 6, 7]",93.01580810546875,0.0,46.44097900390625,141,93.01580810546875,38.86540412902832,46.44097900390625,141
2025-07-17T20:32:24.933245,0,16,"[0, 1, 2, 3, 4, 5, 6, 7]",93.01580810546875,0.0,46.44097900390625,141,93.01580810546875,38.86540412902832,46.44097900390625,141
2025-07-17T20:32:24.939730,1,16,"[0, 1, 2, 3, 4, 5, 6, 7]",93.01580810546875,0.0,46.44097900390625,141,93.01580810546875,38.86540412902832,46.44097900390625,141
2025-07-17T20:32:24.946555,2,16,"[0, 1, 2, 3, 4, 5, 6, 7]",93.01580810546875,0.0,46.44097900390625,141,93.01580810546875,38.86540412902832,46.44097900390625,141
2025-07-17T20:32:24.953664,3,16,"[0, 1, 2, 3, 4, 5, 6, 7]",93.01580810546875,0.0,46.44097900390625,141,93.01580810546875,38.86540412902832,46.44097900390625,141
2025-07-17T20:32:24.960503,4,16,"[0, 1, 2, 3, 4, 5, 6, 7]",93.01580810546875,0.0,46.44097900390625,141,93.01580810546875,38.86540412902832,46.44097900390625,141
2025-07-17T20:32:24.968233,0,17,"[0, 1, 2, 3, 4, 5, 6, 7]",93.01580810546875,0.0,46.44097900390625,141,93.01580810546875,38.86540412902832,46.44097900390625,141
2025-07-17T20:32:24.978800,1,17,"[0, 1, 2, 3, 4, 5, 6, 7]",93.01580810546875,0.0,46.44097900390625,141,93.01580810546875,38.86540412902832,46.44097900390625,141
2025-07-17T20:32:24.980999,2,17,"[0, 1, 2, 3, 4, 5, 6, 7]",93.01580810546875,0.0,46.44097900390625,141,93.01580810546875,38.86540412902832,46.44097900390625,141
2025-07-17T20:32:24.993327,3,17,"[0, 1, 2, 3, 4, 5, 6, 7]",93.01580810546875,0.0,46.44097900390625,141,93.01580810546875,38.86540412902832,46.44097900390625,141
2025-07-17T20:32:24.996152,4,17,"[0, 1, 2, 3, 4, 5, 6, 7]",93.01580810546875,0.0,46.44097900390625,141,93.01580810546875,38.86540412902832,46.44097900390625,141
2025-07-17T20:32:25.004091,0,18,"[0, 1, 2, 3, 4, 5, 6, 7]",93.01580810546875,0.0,46.44097900390625,141,93.01580810546875,38.86540412902832,46.44097900390625,141
2025-07-17T20:32:25.011619,1,18,"[0, 1, 2, 3, 4, 5, 6, 7]",93.01580810546875,0.0,46.44097900390625,141,93.01580810546875,38.86540412902832,46.44097900390625,141
2025-07-17T20:32:25.018355,2,18,"[0, 1, 2, 3, 4, 5, 6, 7]",93.01580810546875,0.0,46.44097900390625,141,93.01580810546875,38.86540412902832,46.44097900390625,141
2025-07-17T20:32:25.026314,3,18,"[0, 1, 2, 3, 4, 5, 6, 7]",93.01580810546875,0.0,46.44097900390625,141,93.01580810546875,38.86540412902832,46.44097900390625,141
2025-07-17T20:32:25.033612,4,18,"[0, 1, 2, 3, 4, 5, 6, 7]",93.01580810546875,0.0,46.44097900390625,141,93.01580810546875,38.86540412902832,46.44097900390625,141
2025-07-17T20:32:25.045028,0,19,"[0, 1, 2, 3, 4, 5, 6, 7]",93.01580810546875,0.0,46.44097900390625,141,93.01580810546875,38.86540412902832,46.44097900390625,141
2025-07-17T20:32:25.047827,1,19,"[0, 1, 2, 3, 4, 5, 6, 7]",93.01580810546875,0.0,46.44097900390625,141,93.01580810546875,38.86540412902832,46.44097900390625,141
2025-07-17T20:32:25.061583,2,19,"[0, 1, 2, 3, 4, 5, 6, 7]",93.01580810546875,0.0,46.44097900390625,141,93.01580810546875,38.86540412902832,46.44097900390625,141
2025-07-17T20:32:25.064320,3,19,"[0, 1, 2, 3, 4, 5, 6, 7]",93.01580810546875,0.0,46.44097900390625,141,93.01580810546875,38.86540412902832,46.44097900390625,141
2025-07-17T20:32:25.071741,4,19,"[0, 1, 2, 3, 4, 5, 6, 7]",93.01580810546875,0.0,46.44097900390625,141,93.01580810546875,38.86540412902832,46.44097900390625,141
2025-07-17T20:32:25.078382,0,20,"[0, 1, 2, 3, 4, 5, 6, 7]",93.01580810546875,0.0,46.44097900390625,141,93.01580810546875,38.86540412902832,46.44097900390625,141
2025-07-17T20:32:25.086088,1,20,"[0, 2, 3, 4, 5, 6, 7]",93.01580810546875,0.0,46.44097900390625,141,93.01580810546875,38.86540412902832,46.44097900390625,141
2025-07-17T20:32:25.092937,2,20,"[0, 1, 2, 3, 4, 5, 6, 7]",93.01580810546875,0.0,46.44097900390625,141,93.01580810546875,38.86540412902832,46.44097900390625,141
2025-07-17T20:32:25.099874,3,20,"[0, 2, 3, 4, 5, 6, 7]",93.01580810546875,0.0,46.44097900390625,141,93.01580810546875,38.86540412902832,46.44097900390625,141
2025-07-17T20:32:25.106905,4,20,"[0, 2, 3, 4, 5, 6, 7]",93.01580810546875,0.0,46.44097900390625,141,93.01580810546875,38.86540412902832,46.44097900390625,141
2025-07-17T20:32:25.113609,0,21,"[0, 1, 2, 3, 4, 5, 6, 7]",93.01580810546875,0.0,46.44097900390625,141,93.01580810546875,38.86540412902832,46.44097900390625,141
2025-07-17T20:32:25.120256,1,21,"[0, 1, 2, 3, 4, 5, 6, 7]",93.01580810546875,0.0,46.44097900390625,141,93.01580810546875,38.86540412902832,46.44097900390625,141
2025-07-17T20:32:25.127804,2,21,"[0, 1, 2, 3, 4, 5, 6, 7]",93.01580810546875,0.0,46.44097900390625,141,93.01580810546875,38.86540412902832,46.44097900390625,141
2025-07-17T20:32:25.135371,3,21,"[0, 1, 2, 3, 4, 5, 6, 7]",93.01580810546875,0.0,46.44097900390625,141,93.01580810546875,38.86540412902832,46.44097900390625,141
2025-07-17T20:32:25.141942,4,21,"[0, 1, 2, 3, 4, 5, 6, 7]",93.01580810546875,0.0,46.44097900390625,141,93.01580810546875,38.86540412902832,46.44097900390625,141
2025-07-17T20:32:25.149140,0,22,"[0, 1, 2, 3, 4, 5, 6, 7]",93.01580810546875,0.0,46.44097900390625,141,93.01580810546875,38.86540412902832,46.44097900390625,141
2025-07-17T20:32:25.155917,1,22,"[0, 1, 2, 3, 4, 5, 6, 7]",93.01580810546875,0.0,46.44097900390625,141,93.01580810546875,38.86540412902832,46.44097900390625,141
2025-07-17T20:32:25.167802,2,22,"[0, 1, 2, 3, 4, 5, 6, 7]",93.01580810546875,0.0,46.44097900390625,141,93.01580810546875,38.86540412902832,46.44097900390625,141
2025-07-17T20:32:25.170026,3,22,"[0, 1, 2, 3, 4, 5, 6, 7]",93.01580810546875,0.0,46.44097900390625,141,93.01580810546875,38.86540412902832,46.44097900390625,141
2025-07-17T20:32:25.177182,4,22,"[0, 1, 2, 3, 4, 5, 6, 7]",93.01580810546875,0.0,46.44097900390625,141,93.01580810546875,38.86540412902832,46.44097900390625,141
2025-07-17T20:32:25.184891,0,23,"[0, 1, 2, 3, 4, 5, 6, 7]",93.01580810546875,0.0,46.44097900390625,141,93.01580810546875,38.86540412902832,46.44097900390625,141
2025-07-17T20:32:25.191426,1,23,"[0, 1, 2, 3, 4, 5, 6, 7]",93.01580810546875,0.0,46.44097900390625,141,93.01580810546875,38.86540412902832,46.44097900390625,141
2025-07-17T20:32:25.203051,2,23,"[0, 1, 2, 3, 4, 5, 6, 7]",93.01580810546875,0.0,46.44097900390625,141,93.01580810546875,38.86540412902832,46.44097900390625,141
2025-07-17T20:32:25.206228,3,23,"[0, 1, 2, 3, 4, 5, 6, 7]",93.01580810546875,0.0,46.44097900390625,141,93.01580810546875,38.86540412902832,46.44097900390625,141
2025-07-17T20:32:25.212966,4,23,"[0, 1, 2, 3, 4, 5, 6, 7]",93.01580810546875,0.0,46.44097900390625,141,93.01580810546875,38.86540412902832,46.44097900390625,141
2025-07-17T20:32:25.224984,0,24,"[0, 1, 2, 3, 4, 5, 6, 7]",93.01580810546875,0.0,46.44097900390625,141,93.01580810546875,38.86540412902832,46.44097900390625,141
2025-07-17T20:32:25.231400,1,24,"[1, 2, 3, 4, 5, 6, 7]",93.01580810546875,0.0,46.44097900390625,141,93.01580810546875,38.86540412902832,46.44097900390625,141
2025-07-17T20:32:25.238931,2,24,"[0, 1, 2, 3, 4, 5, 6, 7]",93.01580810546875,0.0,46.44097900390625,141,93.01580810546875,38.86540412902832,46.44097900390625,141
2025-07-17T20:32:25.245957,3,24,"[1, 2, 3, 4, 5, 6, 7]",93.01580810546875,0.0,46.44097900390625,141,93.01580810546875,38.86540412902832,46.44097900390625,141
2025-07-17T20:32:25.253224,4,24,"[1, 2, 3, 4, 5, 6, 7]",93.01580810546875,0.0,46.44097900390625,141,93.01580810546875,38.86540412902832,46.44097900390625,141
2025-07-17T20:32:25.259903,0,25,"[0, 1, 2, 3, 4, 5, 6, 7]",93.01580810546875,0.0,46.44097900390625,141,93.01580810546875,38.86540412902832,46.44097900390625,141
2025-07-17T20:32:25.266772,1,25,"[0, 1, 2, 3, 4, 5, 6, 7]",93.01580810546875,0.0,46.44097900390625,141,93.01580810546875,38.86540412902832,46.44097900390625,141
2025-07-17T20:32:25.273921,2,25,"[0, 1, 2, 3, 4, 5, 6, 7]",93.01580810546875,0.0,46.44097900390625,141,93.01580810546875,38.86540412902832,46.44097900390625,141
2025-07-17T20:32:25.280822,3,25,"[0, 1, 2, 3, 4, 5, 6, 7]",93.01580810546875,0.0,46.44097900390625,141,93.01580810546875,38.86540412902832,46.44097900390625,141
2025-07-17T20:32:25.289108,4,25,"[0, 1, 2, 3, 4, 5, 6, 7]",93.01580810546875,0.0,46.44097900390625,141,93.01580810546875,38.86540412902832,46.44097900390625,141
2025-07-17T20:32:25.296883,0,26,"[0, 1, 2, 3, 4, 5, 6, 7]",93.01580810546875,0.0,46.44097900390625,141,93.01580810546875,38.86540412902832,46.44097900390625,141
2025-07-17T20:32:25.299380,1,26,"[0, 1, 2, 3, 5, 6, 7]",93.01580810546875,0.0,46.44097900390625,141,93.01580810546875,38.86540412902832,46.44097900390625,141
2025-07-17T20:32:25.306954,2,26,"[0, 1, 2, 3, 4, 5, 6, 7]",93.01580810546875,0.0,46.44097900390625,141,93.01580810546875,38.86540412902832,46.44097900390625,141
2025-07-17T20:32:25.314210,3,26,"[0, 1, 2, 3, 5, 6, 7]",93.01580810546875,0.0,46.44097900390625,141,93.01580810546875,38.86540412902832,46.44097900390625,141
2025-07-17T20:32:25.321733,4,26,"[0, 1, 2, 3, 5, 6, 7]",93.01580810546875,0.0,46.44097900390625,141,93.01580810546875,38.86540412902832,46.44097900390625,141
2025-07-17T20:32:25.329512,0,27,"[0, 1, 2, 3, 4, 5, 6, 7]",93.01580810546875,0.0,46.44097900390625,141,93.01580810546875,38.86540412902832,46.44097900390625,141
2025-07-17T20:32:25.336042,1,27,"[0, 1, 2, 3, 4, 6, 7]",93.01580810546875,0.0,46.44097900390625,141,93.01580810546875,38.86540412902832,46.44097900390625,141
2025-07-17T20:32:25.342707,2,27,"[0, 1, 2, 3, 4, 5, 6, 7]",93.01580810546875,0.0,46.44097900390625,141,93.01580810546875,38.86540412902832,46.44097900390625,141
2025-07-17T20:32:25.349539,3,27,"[0, 1, 2, 3, 4, 6, 7]",93.01580810546875,0.0,46.44097900390625,141,93.01580810546875,38.86540412902832,46.44097900390625,141
2025-07-17T20:32:25.361714,4,27,"[0, 1, 2, 3, 4, 6, 7]",93.01580810546875,0.0,46.44097900390625,141,93.01580810546875,38.86540412902832,46.44097900390625,141
2025-07-17T20:32:25.364428,0,28,"[0, 1, 2, 3, 4, 5, 6, 7]",93.01580810546875,0.0,46.44097900390625,141,93.01580810546875,38.86540412902832,46.44097900390625,141
2025-07-17T20:32:25.371183,1,28,"[0, 1, 3, 4, 5, 6, 7]",93.01580810546875,0.0,46.44097900390625,141,93.01580810546875,38.86540412902832,46.44097900390625,141
2025-07-17T20:32:25.382408,2,28,"[0, 1, 2, 3, 4, 5, 6, 7]",93.01580810546875,0.0,46.44097900390625,141,93.01580810546875,38.86540412902832,46.44097900390625,141
2025-07-17T20:32:25.384788,3,28,"[0, 1, 3, 4, 5, 6, 7]",93.01580810546875,0.0,46.44097900390625,141,93.01580810546875,38.86540412902832,46.44097900390625,141
2025-07-17T20:32:25.395800,4,28,"[0, 1, 3, 4, 5, 6, 7]",93.01580810546875,0.0,46.44097900390625,141,93.01580810546875,38.86540412902832,46.44097900390625,141
2025-07-17T20:32:25.402774,0,29,"[0, 1, 2, 3, 4, 5, 6, 7]",93.01580810546875,0.0,46.44097900390625,141,93.01580810546875,38.86540412902832,46.44097900390625,141
2025-07-17T20:32:25.409450,1,29,"[0, 2, 3, 4, 5, 6, 7]",93.01580810546875,0.0,46.44097900390625,141,93.01580810546875,38.86540412902832,46.44097900390625,141
2025-07-17T20:32:25.416081,2,29,"[0, 1, 2, 3, 4, 5, 6, 7]",93.01580810546875,0.0,46.44097900390625,141,93.01580810546875,38.86540412902832,46.44097900390625,141
2025-07-17T20:32:25.422814,3,29,"[0, 2, 3, 4, 5, 6, 7]",93.01580810546875,0.0,46.44097900390625,141,93.01580810546875,38.86540412902832,46.44097900390625,141
2025-07-17T20:32:25.431497,4,29,"[0, 2, 3, 4, 5, 6, 7]",93.01580810546875,0.0,46.44097900390625,141,93.01580810546875,38.86540412902832,46.44097900390625,141
2025-07-17T20:32:25.438610,0,30,"[0, 1, 2, 3, 4, 5, 6, 7]",93.01580810546875,0.0,46.44097900390625,141,93.01580810546875,38.86482238769531,46.44097900390625,141
2025-07-17T20:32:25.441257,1,30,"[0, 2, 3, 4, 5, 6, 7]",93.01580810546875,0.0,46.44097900390625,141,93.01580810546875,38.86482238769531,46.44097900390625,141
2025-07-17T20:32:25.449137,2,30,"[0, 1, 2, 3, 4, 5, 6, 7]",93.01580810546875,0.0,46.44097900390625,141,93.01580810546875,38.86456489562988,46.44097900390625,141
2025-07-17T20:32:25.462157,3,30,"[0, 2, 3, 4, 5, 6, 7]",93.01580810546875,0.0,46.44097900390625,141,93.01580810546875,38.86456489562988,46.44097900390625,141
2025-07-17T20:32:25.464313,4,30,"[0, 2, 3, 4, 5, 6, 7]",93.01580810546875,0.0,46.44097900390625,141,93.01580810546875,38.86540412902832,46.44097900390625,141
2025-07-17T20:32:25.471510,0,31,"[0, 1, 2, 3, 4, 5, 6, 7]",93.01580810546875,0.0,46.44097900390625,141,93.01580810546875,38.87287998199463,46.44097900390625,141
2025-07-17T20:32:25.484844,1,31,"[0, 1, 2, 4, 5, 6, 7]",93.01580810546875,0.0,46.44097900390625,141,93.01580810546875,38.86967182159424,46.44097900390625,141
2025-07-17T20:32:25.488969,2,31,"[0, 1, 2, 3, 4, 5, 6, 7]",93.01580810546875,0.0,46.44097900390625,141,93.01580810546875,38.86646366119385,46.44097900390625,141
2025-07-17T20:32:25.496845,3,31,"[0, 1, 2, 4, 5, 6, 7]",93.01580810546875,0.0,46.44097900390625,141,93.01580810546875,38.863837242126465,46.44097900390625,141
2025-07-17T20:32:25.503941,4,31,"[0, 1, 2, 4, 5, 6, 7]",93.01580810546875,0.0,46.44097900390625,141,93.01580810546875,38.86002254486084,46.44097900390625,141
2025-07-17T20:32:25.521200,0,0,"[0, 1, 2, 3, 4, 5, 6, 7]",93.01580810546875,0.0,46.44097900390625,141,93.01580810546875,38.85531425476074,46.44097900390625,141
2025-07-17T20:32:25.523977,1,0,"[0, 1, 2, 3, 4, 5, 6, 7]",93.01580810546875,0.0,46.44097900390625,141,93.01580810546875,38.85852241516113,46.44097900390625,141
2025-07-17T20:32:25.532927,2,0,"[0, 1, 2, 3, 4, 5, 6, 7]",93.01580810546875,0.0,46.44097900390625,141,93.01580810546875,38.86149787902832,46.44097900390625,141
2025-07-17T20:32:25.544874,3,0,"[0, 1, 2, 3, 4, 5, 6, 7]",93.01580810546875,0.0,46.44097900390625,141,93.01580810546875,38.86438179016113,46.44097900390625,141
2025-07-17T20:32:25.552041,4,0,"[0, 1, 2, 3, 4, 5, 6, 7]",93.01580810546875,0.0,46.44097900390625,141,93.01580810546875,38.86540412902832,46.44097900390625,141
2025-07-17T20:32:25.559608,0,1,"[0, 1, 2, 3, 4, 5, 6, 7]",93.01580810546875,0.0,46.44097900390625,141,93.01580810546875,38.86540412902832,46.44097900390625,141
2025-07-17T20:32:25.562000,1,1,"[0, 1, 2, 3, 4, 5, 6, 7]",93.01580810546875,0.0,46.44097900390625,141,93.01580810546875,38.86540412902832,46.44097900390625,141
2025-07-17T20:32:25.574029,2,1,"[0, 1, 2, 3, 4, 5, 6, 7]",93.01580810546875,0.0,46.44097900390625,141,93.01580810546875,38.86540412902832,46.44097900390625,141
2025-07-17T20:32:25.580576,3,1,"[0, 1, 2, 3, 4, 5, 6, 7]",93.01580810546875,0.0,46.44097900390625,141,93.01580810546875,38.86540412902832,46.44097900390625,141
2025-07-17T20:32:25.587536,4,1,"[0, 1, 2, 3, 4, 5, 6, 7]",93.01580810546875,0.0,46.44097900390625,141,93.01580810546875,38.86540412902832,46.44097900390625,141
2025-07-17T20:32:25.594052,0,2,"[0, 1, 2, 3, 4, 5, 6, 7]",93.01580810546875,0.0,46.44097900390625,141,93.01580810546875,38.86540412902832,46.44097900390625,141
2025-07-17T20:32:25.600416,1,2,"[0, 1, 2, 3, 4, 5, 6, 7]",93.01580810546875,0.0,46.44097900390625,141,93.01580810546875,38.86540412902832,46.44097900390625,141
2025-07-17T20:32:25.606784,2,2,"[0, 1, 2, 3, 4, 5, 6, 7]",93.01580810546875,0.0,46.44097900390625,141,93.01580810546875,38.86540412902832,46.44097900390625,141
2025-07-17T20:32:25.614504,3,2,"[0, 1, 2, 3, 4, 5, 6, 7]",93.01580810546875,0.0,46.44097900390625,141,93.01580810546875,38.86540412902832,46.44097900390625,141
2025-07-17T20:32:25.621055,4,2,"[0, 1, 2, 3, 4, 5, 6, 7]",93.01580810546875,0.0,46.44097900390625,141,93.01580810546875,38.86540412902832,46.44097900390625,141
2025-07-17T20:32:25.628483,0,3,"[0, 1, 2, 3, 4, 5, 6, 7]",93.01580810546875,0.0,46.44097900390625,141,93.01580810546875,38.86540412902832,46.44097900390625,141
2025-07-17T20:32:25.635302,1,3,"[0, 1, 2, 3, 4, 5, 6, 7]",93.01580810546875,0.0,46.44097900390625,141,93.01580810546875,38.86540412902832,46.44097900390625,141
2025-07-17T20:32:25.643322,2,3,"[0, 1, 2, 3, 4, 5, 6, 7]",93.01580810546875,0.0,46.44097900390625,141,93.01580810546875,38.86540412902832,46.44097900390625,141
2025-07-17T20:32:25.650140,3,3,"[0, 1, 2, 3, 4, 5, 6, 7]",93.01580810546875,0.0,46.44097900390625,141,93.01580810546875,38.86540412902832,46.44097900390625,141
2025-07-17T20:32:25.657246,4,3,"[0, 1, 2, 3, 4, 5, 6, 7]",93.01580810546875,0.0,46.44097900390625,141,93.01580810546875,38.86540412902832,46.44097900390625,141
2025-07-17T20:32:25.665824,0,4,"[0, 1, 2, 3, 4, 5, 6, 7]",93.01580810546875,0.0,46.44097900390625,141,93.01580810546875,38.86482238769531,46.44097900390625,141
2025-07-17T20:32:25.668187,1,4,"[0, 1, 2, 3, 4, 5, 6, 7]",93.01580810546875,0.0,46.44097900390625,141,93.01580810546875,38.86482238769531,46.44097900390625,141
2025-07-17T20:32:25.679886,2,4,"[0, 1, 2, 3, 4, 5, 6, 7]",93.01580810546875,0.0,46.44097900390625,141,93.01580810546875,38.86482238769531,46.44097900390625,141
2025-07-17T20:32:25.689795,3,4,"[0, 1, 2, 3, 4, 5, 6, 7]",93.01580810546875,0.0,46.44097900390625,141,93.01580810546875,38.86456489562988,46.44097900390625,141
2025-07-17T20:32:25.697611,4,4,"[0, 1, 2, 3, 4, 5, 6, 7]",93.01580810546875,0.0,46.44097900390625,141,93.01580810546875,38.86456489562988,46.44097900390625,141
2025-07-17T20:32:25.699585,0,5,"[0, 1, 2, 3, 4, 5, 6, 7]",93.01580810546875,0.0,46.44097900390625,141,93.01580810546875,38.86540412902832,46.44097900390625,141
2025-07-17T20:32:25.707119,1,5,"[0, 1, 2, 3, 4, 5, 6, 7]",93.01580810546875,0.0,46.44097900390625,141,93.01580810546875,38.86540412902832,46.44097900390625,141
2025-07-17T20:32:25.714546,2,5,"[0, 1, 2, 3, 4, 5, 6, 7]",93.01580810546875,0.0,46.44097900390625,141,93.01580810546875,38.86540412902832,46.44097900390625,141
2025-07-17T20:32:25.726219,3,5,"[0, 1, 2, 3, 4, 5, 6, 7]",93.01580810546875,0.0,46.44097900390625,141,93.01580810546875,38.86540412902832,46.44097900390625,141
2025-07-17T20:32:25.734323,4,5,"[0, 1, 2, 3, 4, 5, 6, 7]",93.01580810546875,0.0,46.44097900390625,141,93.01580810546875,38.86540412902832,46.44097900390625,141
2025-07-17T20:32:25.740811,0,6,"[0, 1, 2, 3, 4, 5, 6, 7]",93.01580810546875,0.0,46.44097900390625,141,93.01580810546875,38.86540412902832,46.44097900390625,141
2025-07-17T20:32:25.747539,1,6,"[0, 1, 2, 3, 4, 5, 6, 7]",93.01580810546875,0.0,46.44097900390625,141,93.01580810546875,38.86540412902832,46.44097900390625,141
2025-07-17T20:32:25.753942,2,6,"[0, 1, 2, 3, 4, 5, 6, 7]",93.01580810546875,0.0,46.44097900390625,141,93.01580810546875,38.86540412902832,46.44097900390625,141
2025-07-17T20:32:25.761149,3,6,"[0, 1, 2, 3, 4, 5, 6, 7]",93.01580810546875,0.0,46.44097900390625,141,93.01580810546875,38.86540412902832,46.44097900390625,141
2025-07-17T20:32:25.768694,4,6,"[0, 1, 2, 3, 4, 5, 6, 7]",93.01580810546875,0.0,46.44097900390625,141,93.01580810546875,38.86540412902832,46.44097900390625,141
2025-07-17T20:32:25.775868,0,7,"[0, 1, 2, 3, 4, 5, 6, 7]",93.01580810546875,0.0,46.44097900390625,141,93.01580810546875,38.86540412902832,46.44097900390625,141
2025-07-17T20:32:25.782569,1,7,"[0, 1, 2, 3, 4, 5, 6, 7]",93.01580810546875,0.0,46.44097900390625,141,93.01580810546875,38.86540412902832,46.44097900390625,141
2025-07-17T20:32:25.789031,2,7,"[0, 1, 2, 3, 4, 5, 6, 7]",93.01580810546875,0.0,46.44097900390625,141,93.01580810546875,38.86540412902832,46.44097900390625,141
2025-07-17T20:32:25.796307,3,7,"[0, 1, 2, 3, 4, 5, 6, 7]",93.01580810546875,0.0,46.44097900390625,141,93.01580810546875,38.86540412902832,46.44097900390625,141
2025-07-17T20:32:25.803156,4,7,"[0, 1, 2, 3, 4, 5, 6, 7]",93.01580810546875,0.0,46.44097900390625,141,93.01580810546875,38.86540412902832,46.44097900390625,141
2025-07-17T20:32:25.809929,0,8,"[0, 1, 2, 3, 4, 5, 6, 7]",93.01580810546875,0.0,46.44097900390625,141,93.01580810546875,38.86540412902832,46.44097900390625,141
2025-07-17T20:32:25.816820,1,8,"[0, 1, 2, 3, 4, 5, 6, 7]",93.01580810546875,0.0,46.44097900390625,141,93.01580810546875,38.86540412902832,46.44097900390625,141
2025-07-17T20:32:25.824273,2,8,"[0, 1, 2, 3, 4, 5, 6, 7]",93.01580810546875,0.0,46.44097900390625,141,93.01580810546875,38.86540412902832,46.44097900390625,141
2025-07-17T20:32:25.831334,3,8,"[0, 1, 2, 3, 4, 5, 6, 7]",93.01580810546875,0.0,46.44097900390625,141,93.01580810546875,38.86540412902832,46.44097900390625,141
2025-07-17T20:32:25.838198,4,8,"[0, 1, 2, 3, 4, 5, 6, 7]",93.01580810546875,0.0,46.44097900390625,141,93.01580810546875,38.86540412902832,46.44097900390625,141
2025-07-17T20:32:25.845608,0,9,"[0, 1, 2, 3, 4, 5, 6, 7]",93.01580810546875,0.0,46.44097900390625,141,93.01580810546875,38.86540412902832,46.44097900390625,141
2025-07-17T20:32:25.852495,1,9,"[0, 1, 3, 4, 5, 6, 7]",93.01580810546875,0.0,46.44097900390625,141,93.01580810546875,38.86540412902832,46.44097900390625,141
2025-07-17T20:32:25.859652,2,9,"[0, 1, 2, 3, 4, 5, 6, 7]",93.01580810546875,0.0,46.44097900390625,141,93.01580810546875,38.86540412902832,46.44097900390625,141
2025-07-17T20:32:25.866799,3,9,"[0, 1, 3, 4, 5, 6, 7]",93.01580810546875,0.0,46.44097900390625,141,93.01580810546875,38.86540412902832,46.44097900390625,141
2025-07-17T20:32:25.874433,4,9,"[0, 1, 3, 4, 5, 6, 7]",93.01580810546875,0.0,46.44097900390625,141,93.01580810546875,38.86540412902832,46.44097900390625,141
2025-07-17T20:32:25.881071,0,10,"[0, 1, 2, 3, 4, 5, 6, 7]",93.01580810546875,0.0,46.44097900390625,141,93.01580810546875,38.86540412902832,46.44097900390625,141
2025-07-17T20:32:25.887573,1,10,"[0, 1, 2, 4, 5, 6, 7]",93.01580810546875,0.0,46.44097900390625,141,93.01580810546875,38.86540412902832,46.44097900390625,141
2025-07-17T20:32:25.896546,2,10,"[0, 1, 2, 3, 4, 5, 6, 7]",93.01580810546875,0.0,46.44097900390625,141,93.01580810546875,38.86540412902832,46.44097900390625,141
2025-07-17T20:32:25.903663,3,10,"[0, 1, 2, 4, 5, 6, 7]",93.01580810546875,0.0,46.44097900390625,141,93.01580810546875,38.86482238769531,46.44097900390625,141
2025-07-17T20:32:25.910660,4,10,"[0, 1, 2, 4, 5, 6, 7]",93.01580810546875,0.0,46.44097900390625,141,93.01580810546875,38.86482238769531,46.44097900390625,141
2025-07-17T20:32:25.917881,0,11,"[0, 1, 2, 4, 5, 6, 7]",93.01580810546875,0.0,46.44097900390625,141,93.01580810546875,38.86456489562988,46.44097900390625,141
2025-07-17T20:32:25.926243,1,11,"[0, 1, 2, 3, 4, 5, 7]",93.01580810546875,0.0,46.44097900390625,141,93.01580810546875,38.86456489562988,46.44097900390625,141
2025-07-17T20:32:25.933262,2,11,"[0, 1, 2, 3, 4, 5, 6, 7]",93.01580810546875,0.0,46.44097900390625,141,93.01580810546875,38.86540412902832,46.44097900390625,141
2025-07-17T20:32:25.939917,3,11,"[0, 1, 2, 3, 4, 5, 7]",93.01580810546875,0.0,46.44097900390625,141,93.01580810546875,38.86540412902832,46.44097900390625,141
2025-07-17T20:32:25.947495,4,11,"[0, 1, 2, 3, 4, 5, 7]",93.01580810546875,0.0,46.44097900390625,141,93.01580810546875,38.86540412902832,46.44097900390625,141
2025-07-17T20:32:25.954766,0,12,"[0, 1, 2, 3, 4, 5, 6, 7]",93.01580810546875,0.0,46.44097900390625,141,93.01580810546875,38.86482238769531,46.44097900390625,141
2025-07-17T20:32:25.961572,1,12,"[0, 1, 2, 3, 4, 5, 6, 7]",93.01580810546875,0.0,46.44097900390625,141,93.01580810546875,38.86482238769531,46.44097900390625,141
2025-07-17T20:32:25.968863,2,12,"[0, 1, 2, 3, 4, 5, 6, 7]",93.01580810546875,0.0,46.44097900390625,141,93.01580810546875,38.86456489562988,46.44097900390625,141
2025-07-17T20:32:25.975257,3,12,"[0, 1, 2, 3, 4, 5, 6, 7]",93.01580810546875,0.0,46.44097900390625,141,93.01580810546875,38.86456489562988,46.44097900390625,141
2025-07-17T20:32:25.982493,4,12,"[0, 1, 2, 3, 4, 5, 6, 7]",93.01580810546875,0.0,46.44097900390625,141,93.01580810546875,38.86540412902832,46.44097900390625,141
2025-07-17T20:32:25.989191,0,13,"[0, 1, 2, 3, 4, 5, 6, 7]",93.01580810546875,0.0,46.44097900390625,141,93.01580810546875,38.86540412902832,46.44097900390625,141
2025-07-17T20:32:25.995801,1,13,"[0, 1, 2, 3, 4, 7]",93.01580810546875,0.0,46.44097900390625,141,93.01580810546875,38.86540412902832,46.44097900390625,141
2025-07-17T20:32:26.002781,2,13,"[0, 1, 2, 3, 4, 5, 6, 7]",93.01580810546875,0.0,46.44097900390625,141,93.01580810546875,38.86540412902832,46.44097900390625,141
2025-07-17T20:32:26.009158,3,13,"[0, 1, 2, 3, 4, 7]",93.01580810546875,0.0,46.44097900390625,141,93.01580810546875,38.86540412902832,46.44097900390625,141
2025-07-17T20:32:26.018825,4,13,"[0, 1, 2, 3, 4, 7]",93.01580810546875,0.0,46.44097900390625,141,93.01580810546875,38.86456489562988,46.44097900390625,141
2025-07-17T20:32:26.025489,0,14,"[0, 1, 2, 3, 4, 5, 6, 7]",93.01580810546875,0.0,46.44097900390625,141,93.01580810546875,38.86456489562988,46.44097900390625,141
2025-07-17T20:32:26.033190,1,14,"[0, 1, 2, 3, 4, 5, 6, 7]",93.01580810546875,0.0,46.44097900390625,141,93.01580810546875,38.86456489562988,46.44097900390625,141
2025-07-17T20:32:26.039840,2,14,"[0, 1, 2, 3, 4, 5, 6, 7]",93.01580810546875,0.0,46.44097900390625,141,93.01580810546875,38.86456489562988,46.44097900390625,141
2025-07-17T20:32:26.047418,3,14,"[0, 1, 2, 3, 4, 5, 6, 7]",93.01580810546875,0.0,46.44097900390625,141,93.01580810546875,38.86456489562988,46.44097900390625,141
2025-07-17T20:32:26.054420,4,14,"[0, 1, 2, 3, 4, 5, 6, 7]",93.01580810546875,0.0,46.44097900390625,141,93.01580810546875,38.86540412902832,46.44097900390625,141
2025-07-17T20:32:26.063118,0,15,"[0, 1, 2, 3, 4, 5, 6, 7]",93.01580810546875,0.0,46.44097900390625,141,93.01580810546875,38.86540412902832,46.44097900390625,141
2025-07-17T20:32:26.069758,1,15,"[0, 1, 2, 3, 4, 5, 6, 7]",93.01580810546875,0.0,46.44097900390625,141,93.01580810546875,38.86482238769531,46.44097900390625,141
2025-07-17T20:32:26.076914,2,15,"[0, 1, 2, 3, 4, 5, 6, 7]",93.01580810546875,0.0,46.44097900390625,141,93.01580810546875,38.86482238769531,46.44097900390625,141
2025-07-17T20:32:26.085025,3,15,"[0, 1, 2, 3, 4, 5, 6, 7]",93.01580810546875,0.0,46.44097900390625,141,93.01580810546875,38.86482238769531,46.44097900390625,141
2025-07-17T20:32:26.087073,4,15,"[0, 1, 2, 3, 4, 5, 6, 7]",93.01580810546875,0.0,46.44097900390625,141,93.01580810546875,38.86456489562988,46.44097900390625,141
2025-07-17T20:32:26.097899,0,16,"[0, 1, 2, 3, 4, 5, 6, 7]",93.01580810546875,0.0,46.44097900390625,141,93.01580810546875,38.86540412902832,46.44097900390625,141
2025-07-17T20:32:26.107981,1,16,"[0, 1, 2, 3, 4, 5, 6, 7]",93.01580810546875,0.0,46.44097900390625,141,93.01580810546875,38.86540412902832,46.44097900390625,141
2025-07-17T20:32:26.115157,2,16,"[0, 1, 2, 3, 4, 5, 6, 7]",93.01580810546875,0.0,46.44097900390625,141,93.01580810546875,38.86482238769531,46.44097900390625,141
2025-07-17T20:32:26.121937,3,16,"[0, 1, 2, 3, 4, 5, 6, 7]",93.01580810546875,0.0,46.44097900390625,141,93.01580810546875,38.86482238769531,46.44097900390625,141
2025-07-17T20:32:26.129203,4,16,"[0, 1, 2, 3, 4, 5, 6, 7]",93.01580810546875,0.0,46.44097900390625,141,93.01580810546875,38.86482238769531,46.44097900390625,141
2025-07-17T20:32:26.136259,0,17,"[0, 1, 2, 3, 4, 5, 6, 7]",93.01580810546875,0.0,46.44097900390625,141,93.01580810546875,38.86456489562988,46.44097900390625,141
2025-07-17T20:32:26.145425,1,17,"[0, 2, 3, 4, 5, 6, 7]",93.01580810546875,0.0,46.44097900390625,141,93.01580810546875,38.86540412902832,46.44097900390625,141
2025-07-17T20:32:26.154153,2,17,"[0, 1, 2, 3, 4, 5, 6, 7]",93.01580810546875,0.0,46.44097900390625,141,93.01580810546875,38.86540412902832,46.44097900390625,141
2025-07-17T20:32:26.156343,3,17,"[0, 2, 3, 4, 5, 6, 7]",93.01580810546875,0.0,46.44097900390625,141,93.01580810546875,38.86540412902832,46.44097900390625,141
2025-07-17T20:32:26.164015,4,17,"[0, 2, 3, 4, 5, 6, 7]",93.01580810546875,0.0,46.44097900390625,141,93.01580810546875,38.86540412902832,46.44097900390625,141
2025-07-17T20:32:26.176244,0,18,"[0, 1, 2, 3, 4, 5, 6, 7]",93.01580810546875,0.0,46.44097900390625,141,93.01580810546875,38.86540412902832,46.44097900390625,141
2025-07-17T20:32:26.184201,1,18,"[0, 1, 2, 3, 4, 5, 6, 7]",93.01580810546875,0.0,46.44097900390625,141,93.01580810546875,38.86540412902832,46.44097900390625,141
2025-07-17T20:32:26.186303,2,18,"[0, 1, 2, 3, 4, 5, 6, 7]",93.01580810546875,0.0,46.44097900390625,141,93.01580810546875,38.86540412902832,46.44097900390625,141
2025-07-17T20:32:26.193710,3,18,"[0, 1, 2, 3, 4, 5, 6, 7]",93.01580810546875,0.0,46.44097900390625,141,93.01580810546875,38.86540412902832,46.44097900390625,141
2025-07-17T20:32:26.201197,4,18,"[0, 1, 2, 3, 4, 5, 6, 7]",93.01580810546875,0.0,46.44097900390625,141,93.01580810546875,38.86540412902832,46.44097900390625,141
2025-07-17T20:32:26.208997,0,19,"[0, 1, 2, 3, 4, 5, 6, 7]",93.01580810546875,0.0,46.44097900390625,141,93.01580810546875,38.86540412902832,46.44097900390625,141
2025-07-17T20:32:26.215174,1,19,"[0, 1, 2, 3, 4, 5, 6, 7]",93.01580810546875,0.0,46.44097900390625,141,93.01580810546875,38.86540412902832,46.44097900390625,141
2025-07-17T20:32:26.221890,2,19,"[0, 1, 2, 3, 4, 5, 6, 7]",93.01580810546875,0.0,46.44097900390625,141,93.01580810546875,38.86540412902832,46.44097900390625,141
2025-07-17T20:32:26.228325,3,19,"[0, 1, 2, 3, 4, 5, 6, 7]",93.01580810546875,0.0,46.44097900390625,141,93.01580810546875,38.86540412902832,46.44097900390625,141
2025-07-17T20:32:26.235519,4,19,"[0, 1, 2, 3, 4, 5, 6, 7]",93.01580810546875,0.0,46.44097900390625,141,93.01580810546875,38.86540412902832,46.44097900390625,141
2025-07-17T20:32:26.242033,0,20,"[0, 1, 2, 3, 4, 5, 6, 7]",93.01580810546875,0.0,46.44097900390625,141,93.01580810546875,38.86540412902832,46.44097900390625,141
2025-07-17T20:32:26.249137,1,20,"[0, 1, 2, 3, 4, 5, 6, 7]",93.01580810546875,0.0,46.44097900390625,141,93.01580810546875,38.86540412902832,46.44097900390625,141
2025-07-17T20:32:26.257292,2,20,"[0, 1, 2, 3, 4, 5, 6, 7]",93.01580810546875,0.0,46.44097900390625,141,93.01580810546875,38.86540412902832,46.44097900390625,141
2025-07-17T20:32:26.269534,3,20,"[0, 1, 2, 3, 4, 5, 6, 7]",93.01580810546875,0.0,46.44097900390625,141,93.01580810546875,38.86540412902832,46.44097900390625,141
2025-07-17T20:32:26.271552,4,20,"[0, 1, 2, 3, 4, 5, 6, 7]",93.01580810546875,0.0,46.44097900390625,141,93.01580810546875,38.86540412902832,46.44097900390625,141
2025-07-17T20:32:26.284494,0,21,"[0, 1, 2, 3, 4, 5, 6, 7]",93.01580810546875,0.0,46.44097900390625,141,93.01580810546875,38.86540412902832,46.44097900390625,141
2025-07-17T20:32:26.286632,1,21,"[0, 1, 2, 3, 4, 5, 6, 7]",93.01580810546875,0.0,46.44097900390625,141,93.01580810546875,38.86540412902832,46.44097900390625,141
2025-07-17T20:32:26.298550,2,21,"[0, 1, 2, 3, 4, 5, 6, 7]",93.01580810546875,0.0,46.44097900390625,141,93.01580810546875,38.86540412902832,46.44097900390625,141
2025-07-17T20:32:26.300919,3,21,"[0, 1, 2, 3, 4, 5, 6, 7]",93.01580810546875,0.0,46.44097900390625,141,93.01580810546875,38.86540412902832,46.44097900390625,141
2025-07-17T20:32:26.308326,4,21,"[0, 1, 2, 3, 4, 5, 6, 7]",93.01580810546875,0.0,46.44097900390625,141,93.01580810546875,38.86540412902832,46.44097900390625,141
2025-07-17T20:32:26.315855,0,22,"[0, 1, 2, 3, 4, 5, 6, 7]",93.01580810546875,0.0,46.44097900390625,141,93.01580810546875,38.86540412902832,46.44097900390625,141
2025-07-17T20:32:26.322761,1,22,"[0, 1, 2, 3, 4, 5, 6, 7]",93.01580810546875,0.0,46.44097900390625,141,93.01580810546875,38.86540412902832,46.44097900390625,141
2025-07-17T20:32:26.329822,2,22,"[0, 1, 2, 3, 4, 5, 6, 7]",93.01580810546875,0.0,46.44097900390625,141,93.01580810546875,38.86540412902832,46.44097900390625,141
2025-07-17T20:32:26.340142,3,22,"[0, 1, 2, 3, 4, 5, 6, 7]",93.01580810546875,0.0,46.44097900390625,141,93.01580810546875,38.86540412902832,46.44097900390625,141
2025-07-17T20:32:26.346772,4,22,"[0, 1, 2, 3, 4, 5, 6, 7]",93.01580810546875,0.0,46.44097900390625,141,93.01580810546875,38.86540412902832,46.44097900390625,141
2025-07-17T20:32:26.354717,0,23,"[0, 1, 2, 3, 4, 5, 6, 7]",93.01580810546875,0.0,46.44097900390625,141,93.01580810546875,38.86540412902832,46.44097900390625,141
2025-07-17T20:32:26.362016,1,23,"[0, 1, 2, 3, 4, 5, 6, 7]",93.01580810546875,0.0,46.44097900390625,141,93.01580810546875,38.86540412902832,46.44097900390625,141
2025-07-17T20:32:26.369549,2,23,"[0, 1, 2, 3, 4, 5, 6, 7]",93.01580810546875,0.0,46.44097900390625,141,93.01580810546875,38.86540412902832,46.44097900390625,141
2025-07-17T20:32:26.377343,3,23,"[0, 1, 2, 3, 4, 5, 6, 7]",93.01580810546875,0.0,46.44097900390625,141,93.01580810546875,38.86540412902832,46.44097900390625,141
2025-07-17T20:32:26.385290,4,23,"[0, 1, 2, 3, 4, 5, 6, 7]",93.01580810546875,0.0,46.44097900390625,141,93.01580810546875,38.86540412902832,46.44097900390625,141
2025-07-17T20:32:26.392365,0,24,"[0, 1, 2, 3, 4, 5, 6, 7]",93.01580810546875,0.0,46.44097900390625,141,93.01580810546875,38.86540412902832,46.44097900390625,141
2025-07-17T20:32:26.399225,1,24,"[0, 1, 2, 3, 4, 5, 6, 7]",93.01580810546875,0.0,46.44097900390625,141,93.01580810546875,38.86540412902832,46.44097900390625,141
2025-07-17T20:32:26.407525,2,24,"[0, 1, 2, 3, 4, 5, 6, 7]",93.01580810546875,0.0,46.44097900390625,141,93.01580810546875,38.86540412902832,46.44097900390625,141
2025-07-17T20:32:26.414295,3,24,"[0, 1, 2, 3, 4, 5, 6, 7]",93.01580810546875,0.0,46.44097900390625,141,93.01580810546875,38.86540412902832,46.44097900390625,141
2025-07-17T20:32:26.420723,4,24,"[0, 1, 2, 3, 4, 5, 6, 7]",93.01580810546875,0.0,46.44097900390625,141,93.01580810546875,38.86540412902832,46.44097900390625,141
2025-07-17T20:32:26.430206,0,25,"[0, 1, 2, 3, 4, 5, 6, 7]",93.01580810546875,0.0,46.44097900390625,141,93.01580810546875,38.86482238769531,46.44097900390625,141
2025-07-17T20:32:26.437793,1,25,"[0, 1, 2, 3, 5, 6, 7]",93.01580810546875,0.0,46.44097900390625,141,93.01580810546875,38.86456489562988,46.44097900390625,141
2025-07-17T20:32:26.445604,2,25,"[0, 1, 2, 3, 4, 5, 6, 7]",93.01580810546875,0.0,46.44097900390625,141,93.01580810546875,38.86456489562988,46.44097900390625,141
2025-07-17T20:32:26.452766,3,25,"[0, 1, 2, 3, 5, 6, 7]",93.01580810546875,0.0,46.44097900390625,141,93.01580810546875,38.86456489562988,46.44097900390625,141
2025-07-17T20:32:26.459612,4,25,"[0, 1, 2, 3, 5, 6, 7]",93.01580810546875,0.0,46.44097900390625,141,93.01580810546875,38.86456489562988,46.44097900390625,141
2025-07-17T20:32:26.466229,0,26,"[0, 1, 2, 3, 4, 5, 6, 7]",93.01580810546875,0.0,46.44097900390625,141,93.01580810546875,38.86540412902832,46.44097900390625,141
2025-07-17T20:32:26.473052,1,26,"[0, 1, 2, 3, 4, 5, 6, 7]",93.01580810546875,0.0,46.44097900390625,141,93.01580810546875,38.86540412902832,46.44097900390625,141
2025-07-17T20:32:26.479505,2,26,"[0, 1, 2, 3, 4, 5, 6, 7]",93.01580810546875,0.0,46.44097900390625,141,93.01580810546875,38.86540412902832,46.44097900390625,141
2025-07-17T20:32:26.487665,3,26,"[0, 1, 2, 3, 4, 5, 6, 7]",93.01580810546875,0.0,46.44097900390625,141,93.01580810546875,38.86540412902832,46.44097900390625,141
2025-07-17T20:32:26.495288,4,26,"[0, 1, 2, 3, 4, 5, 6, 7]",93.01580810546875,0.0,46.44097900390625,141,93.01580810546875,38.86540412902832,46.44097900390625,141
2025-07-17T20:32:26.501846,0,27,"[0, 1, 2, 3, 4, 5, 6, 7]",93.01580810546875,0.0,46.44097900390625,141,93.01580810546875,38.86540412902832,46.44097900390625,141
2025-07-17T20:32:26.508810,1,27,"[0, 1, 2, 3, 4, 5, 6, 7]",93.01580810546875,0.0,46.44097900390625,141,93.01580810546875,38.86540412902832,46.44097900390625,141
2025-07-17T20:32:26.515891,2,27,"[0, 1, 2, 3, 4, 5, 6, 7]",93.01580810546875,0.0,46.44097900390625,141,93.01580810546875,38.86540412902832,46.44097900390625,141
2025-07-17T20:32:26.523218,3,27,"[0, 1, 2, 3, 4, 5, 6, 7]",93.01580810546875,0.0,46.44097900390625,141,93.01580810546875,38.86540412902832,46.44097900390625,141
2025-07-17T20:32:26.530122,4,27,"[0, 1, 2, 3, 4, 5, 6, 7]",93.01580810546875,0.0,46.44097900390625,141,93.01580810546875,38.86540412902832,46.44097900390625,141
2025-07-17T20:32:26.537159,0,28,"[0, 1, 2, 3, 4, 5, 6, 7]",93.01580810546875,0.0,46.44097900390625,141,93.01580810546875,38.86540412902832,46.44097900390625,141
2025-07-17T20:32:26.544833,1,28,"[0, 1, 2, 3, 4, 5, 6, 7]",93.01580810546875,0.0,46.44097900390625,141,93.01580810546875,38.86482238769531,46.44097900390625,141
2025-07-17T20:32:26.552243,2,28,"[0, 1, 2, 3, 4, 5, 6, 7]",93.01580810546875,0.0,46.44097900390625,141,93.01580810546875,38.86482238769531,46.44097900390625,141
2025-07-17T20:32:26.559297,3,28,"[0, 1, 2, 3, 4, 5, 6, 7]",93.01580810546875,0.0,46.44097900390625,141,93.01580810546875,38.86482238769531,46.44097900390625,141
2025-07-17T20:32:26.567122,4,28,"[0, 1, 2, 3, 4, 5, 6, 7]",93.01580810546875,0.0,46.44097900390625,141,93.01580810546875,38.86482238769531,46.44097900390625,141
2025-07-17T20:32:26.573383,0,29,"[0, 1, 2, 3, 4, 5, 6, 7]",93.01580810546875,0.0,46.44097900390625,141,93.01580810546875,38.86456489562988,46.44097900390625,141
2025-07-17T20:32:26.580162,1,29,"[0, 1, 2, 3, 4, 5, 6, 7]",93.01580810546875,0.0,46.44097900390625,141,93.01580810546875,38.86540412902832,46.44097900390625,141
2025-07-17T20:32:26.586414,2,29,"[0, 1, 2, 3, 4, 5, 6, 7]",93.01580810546875,0.0,46.44097900390625,141,93.01580810546875,38.86540412902832,46.44097900390625,141
2025-07-17T20:32:26.593379,3,29,"[0, 1, 2, 3, 4, 5, 6, 7]",93.01580810546875,0.0,46.44097900390625,141,93.01580810546875,38.86540412902832,46.44097900390625,141
2025-07-17T20:32:26.600045,4,29,"[0, 1, 2, 3, 4, 5, 6, 7]",93.01580810546875,0.0,46.44097900390625,141,93.01580810546875,38.86540412902832,46.44097900390625,141
2025-07-17T20:32:26.607028,0,30,"[0, 1, 2, 3, 4, 5, 6, 7]",93.01580810546875,0.0,46.44097900390625,141,93.01580810546875,38.86540412902832,46.44097900390625,141
2025-07-17T20:32:26.614173,1,30,"[0, 2, 3, 4, 5, 6, 7]",93.01580810546875,0.0,46.44097900390625,141,93.01580810546875,38.86540412902832,46.44097900390625,141
2025-07-17T20:32:26.621093,2,30,"[0, 1, 2, 3, 4, 5, 6, 7]",93.01580810546875,0.0,46.44097900390625,141,93.01580810546875,38.86540412902832,46.44097900390625,141
2025-07-17T20:32:26.628151,3,30,"[0, 2, 3, 4, 5, 6, 7]",93.01580810546875,0.0,46.44097900390625,141,93.01580810546875,38.86540412902832,46.44097900390625,141
2025-07-17T20:32:26.635483,4,30,"[0, 2, 3, 4, 5, 6, 7]",93.01580810546875,0.0,46.44097900390625,141,93.01580810546875,38.86540412902832,46.44097900390625,141
2025-07-17T20:32:26.643017,0,31,"[0, 1, 2, 3, 4, 5, 6, 7]",93.01580810546875,0.0,46.44097900390625,141,93.01580810546875,38.87229824066162,46.44097900390625,141
2025-07-17T20:32:26.653004,1,31,"[0, 1, 2, 3, 5, 6, 7]",93.01580810546875,0.0,46.44097900390625,141,93.01580810546875,38.8688325881958,46.44097900390625,141
2025-07-17T20:32:26.661845,2,31,"[0, 1, 2, 3, 4, 5, 6, 7]",93.01580810546875,0.0,46.44097900390625,141,93.01580810546875,38.86620616912842,46.44097900390625,141
2025-07-17T20:32:26.670939,3,31,"[0, 1, 2, 3, 5, 6, 7]",93.01580810546875,0.0,46.44097900390625,141,93.01580810546875,38.863579750061035,46.44097900390625,141
2025-07-17T20:32:26.674725,4,31,"[0, 1, 2, 3, 5, 6, 7]",93.01580810546875,0.0,46.44097900390625,141,93.01580810546875,38.86002254486084,46.44097900390625,141
2025-07-17T20:32:26.690190,0,0,"[0, 1, 2, 3, 4, 5, 6, 7]",93.01580810546875,0.0,46.44097900390625,141,93.01580810546875,38.85531425476074,46.44097900390625,141
2025-07-17T20:32:26.693836,1,0,"[0, 1, 2, 3, 4, 5, 6, 7]",93.01580810546875,0.0,46.44097900390625,141,93.01580810546875,38.85852241516113,46.44097900390625,141
2025-07-17T20:32:26.701683,2,0,"[0, 1, 2, 3, 4, 5, 6, 7]",93.01580810546875,0.0,46.44097900390625,141,93.01580810546875,38.86149787902832,46.44097900390625,141
2025-07-17T20:32:26.713775,3,0,"[0, 1, 2, 3, 4, 5, 6, 7]",93.01580810546875,0.0,46.44097900390625,141,93.01580810546875,38.86438179016113,46.44097900390625,141
2025-07-17T20:32:26.721679,4,0,"[0, 1, 2, 3, 4, 5, 6, 7]",93.01580810546875,0.0,46.44097900390625,141,93.01580810546875,38.86540412902832,46.44097900390625,141
2025-07-17T20:32:26.724312,0,1,"[0, 1, 2, 3, 4, 5, 6, 7]",93.01580810546875,0.0,46.44097900390625,141,93.01580810546875,38.86540412902832,46.44097900390625,141
2025-07-17T20:32:26.731840,1,1,"[0, 1, 2, 3, 4, 5, 6, 7]",93.01580810546875,0.0,46.44097900390625,141,93.01580810546875,38.86540412902832,46.44097900390625,141
2025-07-17T20:32:26.744356,2,1,"[0, 1, 2, 3, 4, 5, 6, 7]",93.01580810546875,0.0,46.44097900390625,141,93.01580810546875,38.86540412902832,46.44097900390625,141
2025-07-17T20:32:26.747362,3,1,"[0, 1, 2, 3, 4, 5, 6, 7]",93.01580810546875,0.0,46.44097900390625,141,93.01580810546875,38.86540412902832,46.44097900390625,141
2025-07-17T20:32:26.753454,4,1,"[0, 1, 2, 3, 4, 5, 6, 7]",93.01580810546875,0.0,46.44097900390625,141,93.01580810546875,38.86540412902832,46.44097900390625,141
2025-07-17T20:32:26.761202,0,2,"[0, 1, 2, 3, 4, 5, 6, 7]",93.01580810546875,0.0,46.44097900390625,141,93.01580810546875,38.86540412902832,46.44097900390625,141
2025-07-17T20:32:26.767718,1,2,"[0, 1, 2, 3, 4, 5, 6, 7]",93.01580810546875,0.0,46.44097900390625,141,93.01580810546875,38.86540412902832,46.44097900390625,141
2025-07-17T20:32:26.775704,2,2,"[0, 1, 2, 3, 4, 5, 6, 7]",93.01580810546875,0.0,46.44097900390625,141,93.01580810546875,38.86540412902832,46.44097900390625,141
2025-07-17T20:32:26.782124,3,2,"[0, 1, 2, 3, 4, 5, 6, 7]",93.01580810546875,0.0,46.44097900390625,141,93.01580810546875,38.86540412902832,46.44097900390625,141
2025-07-17T20:32:26.789102,4,2,"[0, 1, 2, 3, 4, 5, 6, 7]",93.01580810546875,0.0,46.44097900390625,141,93.01580810546875,38.86540412902832,46.44097900390625,141
2025-07-17T20:32:26.801197,0,3,"[0, 1, 2, 3, 4, 5, 6, 7]",93.01580810546875,0.0,46.44097900390625,141,93.01580810546875,38.86540412902832,46.44097900390625,141
2025-07-17T20:32:26.804224,1,3,"[0, 1, 2, 3, 4, 5, 6, 7]",93.01580810546875,0.0,46.44097900390625,141,93.01580810546875,38.86540412902832,46.44097900390625,141
2025-07-17T20:32:26.811579,2,3,"[0, 1, 2, 3, 4, 5, 6, 7]",93.01580810546875,0.0,46.44097900390625,141,93.01580810546875,38.86540412902832,46.44097900390625,141
2025-07-17T20:32:26.818892,3,3,"[0, 1, 2, 3, 4, 5, 6, 7]",93.01580810546875,0.0,46.44097900390625,141,93.01580810546875,38.86540412902832,46.44097900390625,141
2025-07-17T20:32:26.825555,4,3,"[0, 1, 2, 3, 4, 5, 6, 7]",93.01580810546875,0.0,46.44097900390625,141,93.01580810546875,38.86540412902832,46.44097900390625,141
2025-07-17T20:32:26.832329,0,4,"[0, 1, 2, 3, 4, 5, 6, 7]",93.01580810546875,0.0,46.44097900390625,141,93.01580810546875,38.86540412902832,46.44097900390625,141
2025-07-17T20:32:26.839265,1,4,"[0, 1, 2, 3, 4, 5, 6, 7]",93.01580810546875,0.0,46.44097900390625,141,93.01580810546875,38.86540412902832,46.44097900390625,141
2025-07-17T20:32:26.846350,2,4,"[0, 1, 2, 3, 4, 5, 6, 7]",93.01580810546875,0.0,46.44097900390625,141,93.01580810546875,38.86540412902832,46.44097900390625,141
2025-07-17T20:32:26.853538,3,4,"[0, 1, 2, 3, 4, 5, 6, 7]",93.01580810546875,0.0,46.44097900390625,141,93.01580810546875,38.86540412902832,46.44097900390625,141
2025-07-17T20:32:26.861167,4,4,"[0, 1, 2, 3, 4, 5, 6, 7]",93.01580810546875,0.0,46.44097900390625,141,93.01580810546875,38.86540412902832,46.44097900390625,141
2025-07-17T20:32:26.867706,0,5,"[0, 1, 2, 3, 4, 5, 6, 7]",93.01580810546875,0.0,46.44097900390625,141,93.01580810546875,38.86540412902832,46.44097900390625,141
2025-07-17T20:32:26.874149,1,5,"[0, 1, 2, 3, 4, 6, 7]",93.01580810546875,0.0,46.44097900390625,141,93.01580810546875,38.86540412902832,46.44097900390625,141
2025-07-17T20:32:26.880799,2,5,"[0, 1, 2, 3, 4, 5, 6, 7]",93.01580810546875,0.0,46.44097900390625,141,93.01580810546875,38.86540412902832,46.44097900390625,141
2025-07-17T20:32:26.888586,3,5,"[0, 1, 2, 3, 4, 6, 7]",93.01580810546875,0.0,46.44097900390625,141,93.01580810546875,38.86540412902832,46.44097900390625,141
2025-07-17T20:32:26.899511,4,5,"[0, 1, 2, 3, 4, 6, 7]",93.01580810546875,0.0,46.44097900390625,141,93.01580810546875,38.86540412902832,46.44097900390625,141
2025-07-17T20:32:26.906484,0,6,"[0, 1, 2, 3, 4, 5, 6, 7]",93.01580810546875,0.0,46.44097900390625,141,93.01580810546875,38.86540412902832,46.44097900390625,141
2025-07-17T20:32:26.916656,1,6,"[0, 1, 2, 3, 4, 5, 6, 7]",93.01580810546875,0.0,46.44097900390625,141,93.01580810546875,38.86482238769531,46.44097900390625,141
2025-07-17T20:32:26.924200,2,6,"[0, 1, 2, 3, 4, 5, 6, 7]",93.01580810546875,0.0,46.44097900390625,141,93.01580810546875,38.86482238769531,46.44097900390625,141
2025-07-17T20:32:26.931030,3,6,"[0, 1, 2, 3, 4, 5, 6, 7]",93.01580810546875,0.0,46.44097900390625,141,93.01580810546875,38.86456489562988,46.44097900390625,141
2025-07-17T20:32:26.938053,4,6,"[0, 1, 2, 3, 4, 5, 6, 7]",93.01580810546875,0.0,46.44097900390625,141,93.01580810546875,38.86456489562988,46.44097900390625,141
2025-07-17T20:32:26.945235,0,7,"[0, 1, 2, 3, 4, 5, 6, 7]",93.01580810546875,0.0,46.44097900390625,141,93.01580810546875,38.86456489562988,46.44097900390625,141
2025-07-17T20:32:26.951967,1,7,"[0, 2, 3, 4, 5, 6, 7]",93.01580810546875,0.0,46.44097900390625,141,93.01580810546875,38.86540412902832,46.44097900390625,141
2025-07-17T20:32:26.958245,2,7,"[0, 1, 2, 3, 4, 5, 6, 7]",93.01580810546875,0.0,46.44097900390625,141,93.01580810546875,38.86540412902832,46.44097900390625,141
2025-07-17T20:32:26.965720,3,7,"[0, 2, 3, 4, 5, 6, 7]",93.01580810546875,0.0,46.44097900390625,141,93.01580810546875,38.86540412902832,46.44097900390625,141
2025-07-17T20:32:26.973760,4,7,"[0, 2, 3, 4, 5, 6, 7]",93.01580810546875,0.0,46.44097900390625,141,93.01580810546875,38.86540412902832,46.44097900390625,141
2025-07-17T20:32:26.982053,0,8,"[0, 1, 2, 3, 4, 5, 6, 7]",93.01580810546875,0.0,46.44097900390625,141,93.01580810546875,38.86540412902832,46.44097900390625,141
2025-07-17T20:32:26.984706,1,8,"[0, 1, 2, 3, 4, 5, 6, 7]",93.01580810546875,0.0,46.44097900390625,141,93.01580810546875,38.86540412902832,46.44097900390625,141
2025-07-17T20:32:26.992988,2,8,"[0, 1, 2, 3, 4, 5, 6, 7]",93.01580810546875,0.0,46.44097900390625,141,93.01580810546875,38.86540412902832,46.44097900390625,141
2025-07-17T20:32:27.000516,3,8,"[0, 1, 2, 3, 4, 5, 6, 7]",93.01580810546875,0.0,46.44097900390625,141,93.01580810546875,38.86540412902832,46.44097900390625,141
2025-07-17T20:32:27.008407,4,8,"[0, 1, 2, 3, 4, 5, 6, 7]",93.01580810546875,0.0,46.44097900390625,141,93.01580810546875,38.86540412902832,46.44097900390625,141
2025-07-17T20:32:27.015834,0,9,"[0, 1, 2, 3, 4, 5, 6, 7]",93.01580810546875,0.0,46.44097900390625,141,93.01580810546875,38.86540412902832,46.44097900390625,141
2025-07-17T20:32:27.022486,1,9,"[0, 1, 2, 4, 5, 6, 7]",93.01580810546875,0.0,46.44097900390625,141,93.01580810546875,38.86540412902832,46.44097900390625,141
2025-07-17T20:32:27.029507,2,9,"[0, 1, 2, 3, 4, 5, 6, 7]",93.01580810546875,0.0,46.44097900390625,141,93.01580810546875,38.86540412902832,46.44097900390625,141
2025-07-17T20:32:27.036148,3,9,"[0, 1, 2, 4, 5, 6, 7]",93.01580810546875,0.0,46.44097900390625,141,93.01580810546875,38.86540412902832,46.44097900390625,141
2025-07-17T20:32:27.042928,4,9,"[0, 1, 2, 4, 5, 6, 7]",93.01580810546875,0.0,46.44097900390625,141,93.01580810546875,38.86540412902832,46.44097900390625,141
2025-07-17T20:32:27.050124,0,10,"[0, 1, 2, 3, 4, 5, 6, 7]",93.01580810546875,0.0,46.44097900390625,141,93.01580810546875,38.86540412902832,46.44097900390625,141
2025-07-17T20:32:27.059688,1,10,"[0, 1, 2, 3, 4, 5, 7]",93.01580810546875,0.0,46.44097900390625,141,93.01580810546875,38.86540412902832,46.44097900390625,141
2025-07-17T20:32:27.066738,2,10,"[0, 1, 2, 3, 4, 5, 6, 7]",93.01580810546875,0.0,46.44097900390625,141,93.01580810546875,38.86540412902832,46.44097900390625,141
2025-07-17T20:32:27.073357,3,10,"[0, 1, 2, 3, 4, 5, 7]",93.01580810546875,0.0,46.44097900390625,141,93.01580810546875,38.86540412902832,46.44097900390625,141
2025-07-17T20:32:27.080676,4,10,"[0, 1, 2, 3, 4, 5, 7]",93.01580810546875,0.0,46.44097900390625,141,93.01580810546875,38.86540412902832,46.44097900390625,141
2025-07-17T20:32:27.086914,0,11,"[0, 1, 2, 3, 4, 5, 6, 7]",93.01580810546875,0.0,46.44097900390625,141,93.01580810546875,38.86540412902832,46.44097900390625,141
2025-07-17T20:32:27.093358,1,11,"[0, 1, 2, 3, 4, 5, 6, 7]",93.01580810546875,0.0,46.44097900390625,141,93.01580810546875,38.86540412902832,46.44097900390625,141
2025-07-17T20:32:27.099938,2,11,"[0, 1, 2, 3, 4, 5, 6, 7]",93.01580810546875,0.0,46.44097900390625,141,93.01580810546875,38.86540412902832,46.44097900390625,141
2025-07-17T20:32:27.106588,3,11,"[0, 1, 2, 3, 4, 5, 6, 7]",93.01580810546875,0.0,46.44097900390625,141,93.01580810546875,38.86540412902832,46.44097900390625,141
2025-07-17T20:32:27.113236,4,11,"[0, 1, 2, 3, 4, 5, 6, 7]",93.01580810546875,0.0,46.44097900390625,141,93.01580810546875,38.86540412902832,46.44097900390625,141
2025-07-17T20:32:27.126028,0,12,"[0, 1, 2, 3, 4, 5, 6, 7]",93.01580810546875,0.0,46.44097900390625,141,93.01580810546875,38.86540412902832,46.44097900390625,141
2025-07-17T20:32:27.128325,1,12,"[0, 1, 2, 3, 5, 6, 7]",93.01580810546875,0.0,46.44097900390625,141,93.01580810546875,38.86540412902832,46.44097900390625,141
2025-07-17T20:32:27.136124,2,12,"[0, 1, 2, 3, 4, 5, 6, 7]",93.01580810546875,0.0,46.44097900390625,141,93.01580810546875,38.86540412902832,46.44097900390625,141
2025-07-17T20:32:27.149286,3,12,"[0, 1, 2, 3, 5, 6, 7]",93.01580810546875,0.0,46.44097900390625,141,93.01580810546875,38.86540412902832,46.44097900390625,141
2025-07-17T20:32:27.151320,4,12,"[0, 1, 2, 3, 5, 6, 7]",93.01580810546875,0.0,46.44097900390625,141,93.01580810546875,38.86540412902832,46.44097900390625,141
2025-07-17T20:32:27.158239,0,13,"[0, 1, 2, 3, 4, 5, 6, 7]",93.01580810546875,0.0,46.44097900390625,141,93.01580810546875,38.86540412902832,46.44097900390625,141
2025-07-17T20:32:27.165303,1,13,"[1, 2, 3, 4, 5, 7]",93.01580810546875,0.0,46.44097900390625,141,93.01580810546875,38.86540412902832,46.44097900390625,141
2025-07-17T20:32:27.171718,2,13,"[0, 1, 2, 3, 4, 5, 6, 7]",93.01580810546875,0.0,46.44097900390625,141,93.01580810546875,38.86540412902832,46.44097900390625,141
2025-07-17T20:32:27.179025,3,13,"[1, 2, 3, 4, 5, 7]",93.01580810546875,0.0,46.44097900390625,141,93.01580810546875,38.86540412902832,46.44097900390625,141
2025-07-17T20:32:27.186310,4,13,"[1, 2, 3, 4, 5, 7]",93.01580810546875,0.0,46.44097900390625,141,93.01580810546875,38.86540412902832,46.44097900390625,141
2025-07-17T20:32:27.200298,0,14,"[0, 1, 2, 3, 4, 5, 6, 7]",93.01580810546875,0.0,46.44097900390625,141,93.01580810546875,38.86540412902832,46.44097900390625,141
2025-07-17T20:32:27.203796,1,14,"[0, 1, 2, 3, 4, 5, 6]",93.01580810546875,0.0,46.44097900390625,141,93.01580810546875,38.86540412902832,46.44097900390625,141
2025-07-17T20:32:27.211018,2,14,"[0, 1, 2, 3, 4, 5, 6, 7]",93.01580810546875,0.0,46.44097900390625,141,93.01580810546875,38.86540412902832,46.44097900390625,141
2025-07-17T20:32:27.218728,3,14,"[0, 1, 2, 3, 4, 5, 6]",93.01580810546875,0.0,46.44097900390625,141,93.01580810546875,38.86540412902832,46.44097900390625,141
2025-07-17T20:32:27.226139,4,14,"[0, 1, 2, 3, 4, 5, 6]",93.01580810546875,0.0,46.44097900390625,141,93.01580810546875,38.86540412902832,46.44097900390625,141
2025-07-17T20:32:27.240188,0,15,"[0, 1, 2, 3, 4, 5, 6, 7]",93.01580810546875,0.0,46.44097900390625,141,93.01580810546875,38.86540412902832,46.44097900390625,141
2025-07-17T20:32:27.247364,1,15,"[0, 1, 2, 3, 4, 5, 6, 7]",93.01580810546875,0.0,46.44097900390625,141,93.01580810546875,38.86540412902832,46.44097900390625,141
2025-07-17T20:32:27.249761,2,15,"[0, 1, 2, 3, 4, 5, 6, 7]",93.01580810546875,0.0,46.44097900390625,141,93.01580810546875,38.86540412902832,46.44097900390625,141
2025-07-17T20:32:27.257487,3,15,"[0, 1, 2, 3, 4, 5, 6, 7]",93.01580810546875,0.0,46.44097900390625,141,93.01580810546875,38.86540412902832,46.44097900390625,141
2025-07-17T20:32:27.264564,4,15,"[0, 1, 2, 3, 4, 5, 6, 7]",93.01580810546875,0.0,46.44097900390625,141,93.01580810546875,38.86540412902832,46.44097900390625,141
2025-07-17T20:32:27.271390,0,16,"[0, 1, 2, 3, 4, 5, 6, 7]",93.01580810546875,0.0,46.44097900390625,141,93.01580810546875,38.86540412902832,46.44097900390625,141
2025-07-17T20:32:27.283250,1,16,"[0, 2, 3, 4, 5, 6, 7]",93.01580810546875,0.0,46.44097900390625,141,93.01580810546875,38.86540412902832,46.44097900390625,141
2025-07-17T20:32:27.285664,2,16,"[0, 1, 2, 3, 4, 5, 6, 7]",93.01580810546875,0.0,46.44097900390625,141,93.01580810546875,38.86540412902832,46.44097900390625,141
2025-07-17T20:32:27.292897,3,16,"[0, 2, 3, 4, 5, 6, 7]",93.01580810546875,0.0,46.44097900390625,141,93.01580810546875,38.86540412902832,46.44097900390625,141
2025-07-17T20:32:27.305723,4,16,"[0, 2, 3, 4, 5, 6, 7]",93.01580810546875,0.0,46.44097900390625,141,93.01580810546875,38.86540412902832,46.44097900390625,141
2025-07-17T20:32:27.307871,0,17,"[0, 1, 2, 3, 4, 5, 6, 7]",93.01580810546875,0.0,46.44097900390625,141,93.01580810546875,38.86540412902832,46.44097900390625,141
2025-07-17T20:32:27.314618,1,17,"[1, 2, 3, 4, 5, 6, 7]",93.01580810546875,0.0,46.44097900390625,141,93.01580810546875,38.86540412902832,46.44097900390625,141
2025-07-17T20:32:27.322204,2,17,"[0, 1, 2, 3, 4, 5, 6, 7]",93.01580810546875,0.0,46.44097900390625,141,93.01580810546875,38.86540412902832,46.44097900390625,141
2025-07-17T20:32:27.335369,3,17,"[1, 2, 3, 4, 5, 6, 7]",93.01580810546875,0.0,46.44097900390625,141,93.01580810546875,38.86540412902832,46.44097900390625,141
2025-07-17T20:32:27.337377,4,17,"[1, 2, 3, 4, 5, 6, 7]",93.01580810546875,0.0,46.44097900390625,141,93.01580810546875,38.86540412902832,46.44097900390625,141
2025-07-17T20:32:27.344814,0,18,"[0, 1, 2, 3, 4, 5, 6, 7]",93.01580810546875,0.0,46.44097900390625,141,93.01580810546875,38.86540412902832,46.44097900390625,141
2025-07-17T20:32:27.352024,1,18,"[0, 1, 2, 3, 4, 5, 6, 7]",93.01580810546875,0.0,46.44097900390625,141,93.01580810546875,38.86540412902832,46.44097900390625,141
2025-07-17T20:32:27.359285,2,18,"[0, 1, 2, 3, 4, 5, 6, 7]",93.01580810546875,0.0,46.44097900390625,141,93.01580810546875,38.86540412902832,46.44097900390625,141
2025-07-17T20:32:27.366673,3,18,"[0, 1, 2, 3, 4, 5, 6, 7]",93.01580810546875,0.0,46.44097900390625,141,93.01580810546875,38.86540412902832,46.44097900390625,141
2025-07-17T20:32:27.372890,4,18,"[0, 1, 2, 3, 4, 5, 6, 7]",93.01580810546875,0.0,46.44097900390625,141,93.01580810546875,38.86540412902832,46.44097900390625,141
2025-07-17T20:32:27.386348,0,19,"[0, 1, 2, 3, 4, 5, 6, 7]",93.01580810546875,0.0,46.44097900390625,141,93.01580810546875,38.86540412902832,46.44097900390625,141
2025-07-17T20:32:27.388708,1,19,"[0, 1, 2, 3, 4, 5, 6, 7]",93.01580810546875,0.0,46.44097900390625,141,93.01580810546875,38.86540412902832,46.44097900390625,141
2025-07-17T20:32:27.395025,2,19,"[0, 1, 2, 3, 4, 5, 6, 7]",93.01580810546875,0.0,46.44097900390625,141,93.01580810546875,38.86540412902832,46.44097900390625,141
2025-07-17T20:32:27.401657,3,19,"[0, 1, 2, 3, 4, 5, 6, 7]",93.01580810546875,0.0,46.44097900390625,141,93.01580810546875,38.86540412902832,46.44097900390625,141
2025-07-17T20:32:27.409038,4,19,"[0, 1, 2, 3, 4, 5, 6, 7]",93.01580810546875,0.0,46.44097900390625,141,93.01580810546875,38.86540412902832,46.44097900390625,141
2025-07-17T20:32:27.416690,0,20,"[0, 1, 2, 3, 4, 5, 6, 7]",93.01580810546875,0.0,46.44097900390625,141,93.01580810546875,38.86540412902832,46.44097900390625,141
2025-07-17T20:32:27.424378,1,20,"[0, 1, 2, 3, 4, 5, 6, 7]",93.01580810546875,0.0,46.44097900390625,141,93.01580810546875,38.86540412902832,46.44097900390625,141
2025-07-17T20:32:27.431039,2,20,"[0, 1, 2, 3, 4, 5, 6, 7]",93.01580810546875,0.0,46.44097900390625,141,93.01580810546875,38.86540412902832,46.44097900390625,141
2025-07-17T20:32:27.438564,3,20,"[0, 1, 2, 3, 4, 5, 6, 7]",93.01580810546875,0.0,46.44097900390625,141,93.01580810546875,38.86540412902832,46.44097900390625,141
2025-07-17T20:32:27.446301,4,20,"[0, 1, 2, 3, 4, 5, 6, 7]",93.01580810546875,0.0,46.44097900390625,141,93.01580810546875,38.86540412902832,46.44097900390625,141
2025-07-17T20:32:27.453413,0,21,"[0, 1, 2, 3, 4, 5, 6, 7]",93.01580810546875,0.0,46.44097900390625,141,93.01580810546875,38.86540412902832,46.44097900390625,141
2025-07-17T20:32:27.460099,1,21,"[0, 1, 2, 3, 4, 5, 7]",93.01580810546875,0.0,46.44097900390625,141,93.01580810546875,38.86540412902832,46.44097900390625,141
2025-07-17T20:32:27.467344,2,21,"[0, 1, 2, 3, 4, 5, 6, 7]",93.01580810546875,0.0,46.44097900390625,141,93.01580810546875,38.86540412902832,46.44097900390625,141
2025-07-17T20:32:27.479245,3,21,"[0, 1, 2, 3, 4, 5, 7]",93.01580810546875,0.0,46.44097900390625,141,93.01580810546875,38.86540412902832,46.44097900390625,141
2025-07-17T20:32:27.486865,4,21,"[0, 1, 2, 3, 4, 5, 7]",93.01580810546875,0.0,46.44097900390625,141,93.01580810546875,38.86540412902832,46.44097900390625,141
2025-07-17T20:32:27.494171,0,22,"[0, 1, 2, 3, 4, 5, 6, 7]",93.01580810546875,0.0,46.44097900390625,141,93.01580810546875,38.86540412902832,46.44097900390625,141
2025-07-17T20:32:27.501767,1,22,"[0, 1, 2, 3, 4, 5, 6, 7]",93.01580810546875,0.0,46.44097900390625,141,93.01580810546875,38.86540412902832,46.44097900390625,141
2025-07-17T20:32:27.508549,2,22,"[0, 1, 2, 3, 4, 5, 6, 7]",93.01580810546875,0.0,46.44097900390625,141,93.01580810546875,38.86540412902832,46.44097900390625,141
2025-07-17T20:32:27.514834,3,22,"[0, 1, 2, 3, 4, 5, 6, 7]",93.01580810546875,0.0,46.44097900390625,141,93.01580810546875,38.86540412902832,46.44097900390625,141
2025-07-17T20:32:27.521954,4,22,"[0, 1, 2, 3, 4, 5, 6, 7]",93.01580810546875,0.0,46.44097900390625,141,93.01580810546875,38.86540412902832,46.44097900390625,141
2025-07-17T20:32:27.529947,0,23,"[0, 1, 2, 3, 4, 5, 6, 7]",93.01580810546875,0.0,46.44097900390625,141,93.01580810546875,38.86540412902832,46.44097900390625,141
2025-07-17T20:32:27.537053,1,23,"[0, 1, 2, 3, 4, 5, 6, 7]",93.01580810546875,0.0,46.44097900390625,141,93.01580810546875,38.86540412902832,46.44097900390625,141
2025-07-17T20:32:27.543734,2,23,"[0, 1, 2, 3, 4, 5, 6, 7]",93.01580810546875,0.0,46.44097900390625,141,93.01580810546875,38.86540412902832,46.44097900390625,141
2025-07-17T20:32:27.554777,3,23,"[0, 1, 2, 3, 4, 5, 6, 7]",93.01580810546875,0.0,46.44097900390625,141,93.01580810546875,38.86482238769531,46.44097900390625,141
2025-07-17T20:32:27.562117,4,23,"[0, 1, 2, 3, 4, 5, 6, 7]",93.01580810546875,0.0,46.44097900390625,141,93.01580810546875,38.86482238769531,46.44097900390625,141
2025-07-17T20:32:27.569761,0,24,"[0, 1, 2, 3, 4, 5, 6, 7]",93.01580810546875,0.0,46.44097900390625,141,93.01580810546875,38.86482238769531,46.44097900390625,141
2025-07-17T20:32:27.576942,1,24,"[0, 1, 2, 3, 4, 5, 6, 7]",93.01580810546875,0.0,46.44097900390625,141,93.01580810546875,38.86456489562988,46.44097900390625,141
2025-07-17T20:32:27.583677,2,24,"[0, 1, 2, 3, 4, 5, 6, 7]",93.01580810546875,0.0,46.44097900390625,141,93.01580810546875,38.86456489562988,46.44097900390625,141
2025-07-17T20:32:27.590994,3,24,"[0, 1, 2, 3, 4, 5, 6, 7]",93.01580810546875,0.0,46.44097900390625,141,93.01580810546875,38.86540412902832,46.44097900390625,141
2025-07-17T20:32:27.597721,4,24,"[0, 1, 2, 3, 4, 5, 6, 7]",93.01580810546875,0.0,46.44097900390625,141,93.01580810546875,38.86540412902832,46.44097900390625,141
2025-07-17T20:32:27.605401,0,25,"[0, 1, 2, 3, 4, 5, 6, 7]",93.01580810546875,0.0,46.44097900390625,141,93.01580810546875,38.86540412902832,46.44097900390625,141
2025-07-17T20:32:27.608453,1,25,"[0, 1, 2, 3, 4, 5, 6, 7]",93.01580810546875,0.0,46.44097900390625,141,93.01580810546875,38.86540412902832,46.44097900390625,141
2025-07-17T20:32:27.619611,2,25,"[0, 1, 2, 3, 4, 5, 6, 7]",93.01580810546875,0.0,46.44097900390625,141,93.01580810546875,38.86540412902832,46.44097900390625,141
2025-07-17T20:32:27.626922,3,25,"[0, 1, 2, 3, 4, 5, 6, 7]",93.01580810546875,0.0,46.44097900390625,141,93.01580810546875,38.86540412902832,46.44097900390625,141
2025-07-17T20:32:27.634222,4,25,"[0, 1, 2, 3, 4, 5, 6, 7]",93.01580810546875,0.0,46.44097900390625,141,93.01580810546875,38.86540412902832,46.44097900390625,141
2025-07-17T20:32:27.641541,0,26,"[0, 1, 2, 3, 4, 5, 6, 7]",93.01580810546875,0.0,46.44097900390625,141,93.01580810546875,38.86540412902832,46.44097900390625,141
2025-07-17T20:32:27.648814,1,26,"[0, 1, 2, 3, 4, 6, 7]",93.01580810546875,0.0,46.44097900390625,141,93.01580810546875,38.86540412902832,46.44097900390625,141
2025-07-17T20:32:27.655624,2,26,"[0, 1, 2, 3, 4, 5, 6, 7]",93.01580810546875,0.0,46.44097900390625,141,93.01580810546875,38.86540412902832,46.44097900390625,141
2025-07-17T20:32:27.662938,3,26,"[0, 1, 2, 3, 4, 6, 7]",93.01580810546875,0.0,46.44097900390625,141,93.01580810546875,38.86540412902832,46.44097900390625,141
2025-07-17T20:32:27.670107,4,26,"[0, 1, 2, 3, 4, 6, 7]",93.01580810546875,0.0,46.44097900390625,141,93.01580810546875,38.86540412902832,46.44097900390625,141
2025-07-17T20:32:27.676586,0,27,"[0, 1, 2, 3, 4, 5, 6, 7]",93.01580810546875,0.0,46.44097900390625,141,93.01580810546875,38.86540412902832,46.44097900390625,141
2025-07-17T20:32:27.683369,1,27,"[0, 1, 2, 3, 4, 5, 6, 7]",93.01580810546875,0.0,46.44097900390625,141,93.01580810546875,38.86540412902832,46.44097900390625,141
2025-07-17T20:32:27.690909,2,27,"[0, 1, 2, 3, 4, 5, 6, 7]",93.01580810546875,0.0,46.44097900390625,141,93.01580810546875,38.86540412902832,46.44097900390625,141
2025-07-17T20:32:27.697885,3,27,"[0, 1, 2, 3, 4, 5, 6, 7]",93.01580810546875,0.0,46.44097900390625,141,93.01580810546875,38.86540412902832,46.44097900390625,141
2025-07-17T20:32:27.704674,4,27,"[0, 1, 2, 3, 4, 5, 6, 7]",93.01580810546875,0.0,46.44097900390625,141,93.01580810546875,38.86540412902832,46.44097900390625,141
2025-07-17T20:32:27.712319,0,28,"[0, 1, 2, 3, 4, 5, 6, 7]",93.01580810546875,0.0,46.44097900390625,141,93.01580810546875,38.86540412902832,46.44097900390625,141
2025-07-17T20:32:27.719129,1,28,"[0, 1, 2, 3, 4, 5, 6, 7]",93.01580810546875,0.0,46.44097900390625,141,93.01580810546875,38.86540412902832,46.44097900390625,141
2025-07-17T20:32:27.726251,2,28,"[0, 1, 2, 3, 4, 5, 6, 7]",93.01580810546875,0.0,46.44097900390625,141,93.01580810546875,38.86540412902832,46.44097900390625,141
2025-07-17T20:32:27.732958,3,28,"[0, 1, 2, 3, 4, 5, 6, 7]",93.01580810546875,0.0,46.44097900390625,141,93.01580810546875,38.86540412902832,46.44097900390625,141
2025-07-17T20:32:27.739579,4,28,"[0, 1, 2, 3, 4, 5, 6, 7]",93.01580810546875,0.0,46.44097900390625,141,93.01580810546875,38.86540412902832,46.44097900390625,141
2025-07-17T20:32:27.746380,0,29,"[0, 1, 2, 3, 4, 5, 6, 7]",93.01580810546875,0.0,46.44097900390625,141,93.01580810546875,38.86540412902832,46.44097900390625,141
2025-07-17T20:32:27.752800,1,29,"[0, 1, 2, 3, 4, 5, 6, 7]",93.01580810546875,0.0,46.44097900390625,141,93.01580810546875,38.86540412902832,46.44097900390625,141
2025-07-17T20:32:27.760201,2,29,"[0, 1, 2, 3, 4, 5, 6, 7]",93.01580810546875,0.0,46.44097900390625,141,93.01580810546875,38.86540412902832,46.44097900390625,141
2025-07-17T20:32:27.767128,3,29,"[0, 1, 2, 3, 4, 5, 6, 7]",93.01580810546875,0.0,46.44097900390625,141,93.01580810546875,38.86540412902832,46.44097900390625,141
2025-07-17T20:32:27.774497,4,29,"[0, 1, 2, 3, 4, 5, 6, 7]",93.01580810546875,0.0,46.44097900390625,141,93.01580810546875,38.86540412902832,46.44097900390625,141
2025-07-17T20:32:27.781191,0,30,"[0, 1, 2, 3, 4, 5, 6, 7]",93.01580810546875,0.0,46.44097900390625,141,93.01580810546875,38.86540412902832,46.44097900390625,141
2025-07-17T20:32:27.787911,1,30,"[0, 1, 2, 3, 4, 5, 6, 7]",93.01580810546875,0.0,46.44097900390625,141,93.01580810546875,38.86540412902832,46.44097900390625,141
2025-07-17T20:32:27.795541,2,30,"[0, 1, 2, 3, 4, 5, 6, 7]",93.01580810546875,0.0,46.44097900390625,141,93.01580810546875,38.86540412902832,46.44097900390625,141
2025-07-17T20:32:27.802419,3,30,"[0, 1, 2, 3, 4, 5, 6, 7]",93.01580810546875,0.0,46.44097900390625,141,93.01580810546875,38.86540412902832,46.44097900390625,141
2025-07-17T20:32:27.809674,4,30,"[0, 1, 2, 3, 4, 5, 6, 7]",93.01580810546875,0.0,46.44097900390625,141,93.01580810546875,38.86540412902832,46.44097900390625,141
2025-07-17T20:32:27.817297,0,31,"[0, 1, 2, 3, 4, 5, 6, 7]",93.01580810546875,0.0,46.44097900390625,141,93.01580810546875,38.87229824066162,46.44097900390625,141
2025-07-17T20:32:27.825570,1,31,"[0, 1, 2, 3, 4, 5, 6, 7]",93.01580810546875,0.0,46.44097900390625,141,93.01580810546875,38.86909008026123,46.44097900390625,141
2025-07-17T20:32:27.834047,2,31,"[0, 1, 2, 3, 4, 5, 6, 7]",93.01580810546875,0.0,46.44097900390625,141,93.01580810546875,38.86646366119385,46.44097900390625,141
2025-07-17T20:32:27.842597,3,31,"[0, 1, 2, 3, 4, 5, 6, 7]",93.01580810546875,0.0,46.44097900390625,141,93.01580810546875,38.86299800872803,46.44097900390625,141
2025-07-17T20:32:27.846891,4,31,"[0, 1, 2, 3, 4, 5, 6, 7]",93.01580810546875,0.0,46.44097900390625,141,93.01580810546875,38.86002254486084,46.44097900390625,141
2025-07-17T20:32:27.861786,0,0,"[0, 1, 2, 3, 4, 5, 6, 7]",93.01580810546875,0.0,46.44097900390625,141,93.01580810546875,38.85531425476074,46.44097900390625,141
2025-07-17T20:32:27.865337,1,0,"[0, 1, 2, 3, 4, 5, 6, 7]",93.01580810546875,0.0,46.44097900390625,141,93.01580810546875,38.85852241516113,46.44097900390625,141
2025-07-17T20:32:27.878395,2,0,"[0, 1, 2, 3, 4, 5, 6, 7]",93.01580810546875,0.0,46.44097900390625,141,93.01580810546875,38.86149787902832,46.44097900390625,141
2025-07-17T20:32:27.887226,3,0,"[0, 1, 2, 3, 4, 5, 6, 7]",93.01580810546875,0.0,46.44097900390625,141,93.01580810546875,38.86438179016113,46.44097900390625,141
2025-07-17T20:32:27.894314,4,0,"[0, 1, 2, 3, 4, 5, 6, 7]",93.01580810546875,0.0,46.44097900390625,141,93.01580810546875,38.86540412902832,46.44097900390625,141
2025-07-17T20:32:27.901280,0,1,"[0, 1, 2, 3, 4, 5, 6, 7]",93.01580810546875,0.0,46.44097900390625,141,93.01580810546875,38.86540412902832,46.44097900390625,141
2025-07-17T20:32:27.908232,1,1,"[0, 1, 2, 3, 4, 5, 6, 7]",93.01580810546875,0.0,46.44097900390625,141,93.01580810546875,38.86540412902832,46.44097900390625,141
2025-07-17T20:32:27.915141,2,1,"[0, 1, 2, 3, 4, 5, 6, 7]",93.01580810546875,0.0,46.44097900390625,141,93.01580810546875,38.86540412902832,46.44097900390625,141
2025-07-17T20:32:27.922660,3,1,"[0, 1, 2, 3, 4, 5, 6, 7]",93.01580810546875,0.0,46.44097900390625,141,93.01580810546875,38.86540412902832,46.44097900390625,141
2025-07-17T20:32:27.925282,4,1,"[0, 1, 2, 3, 4, 5, 6, 7]",93.01580810546875,0.0,46.44097900390625,141,93.01580810546875,38.86540412902832,46.44097900390625,141
2025-07-17T20:32:27.932251,0,2,"[0, 1, 2, 3, 4, 5, 6, 7]",93.01580810546875,0.0,46.44097900390625,141,93.01580810546875,38.86540412902832,46.44097900390625,141
2025-07-17T20:32:27.943711,1,2,"[0, 1, 2, 3, 4, 5, 6, 7]",93.01580810546875,0.0,46.44097900390625,141,93.01580810546875,38.86540412902832,46.44097900390625,141
2025-07-17T20:32:27.950889,2,2,"[0, 1, 2, 3, 4, 5, 6, 7]",93.01580810546875,0.0,46.44097900390625,141,93.01580810546875,38.86540412902832,46.44097900390625,141
2025-07-17T20:32:27.957723,3,2,"[0, 1, 2, 3, 4, 5, 6, 7]",93.01580810546875,0.0,46.44097900390625,141,93.01580810546875,38.86540412902832,46.44097900390625,141
2025-07-17T20:32:27.966174,4,2,"[0, 1, 2, 3, 4, 5, 6, 7]",93.01580810546875,0.0,46.44097900390625,141,93.01580810546875,38.86540412902832,46.44097900390625,141
2025-07-17T20:32:27.974038,0,3,"[0, 1, 2, 3, 4, 5, 6, 7]",93.01580810546875,0.0,46.44097900390625,141,93.01580810546875,38.86482238769531,46.44097900390625,141
2025-07-17T20:32:27.981208,1,3,"[0, 1, 2, 3, 4, 5, 6, 7]",93.01580810546875,0.0,46.44097900390625,141,93.01580810546875,38.86482238769531,46.44097900390625,141
2025-07-17T20:32:27.988451,2,3,"[0, 1, 2, 3, 4, 5, 6, 7]",93.01580810546875,0.0,46.44097900390625,141,93.01580810546875,38.86482238769531,46.44097900390625,141
2025-07-17T20:32:27.995289,3,3,"[0, 1, 2, 3, 4, 5, 6, 7]",93.01580810546875,0.0,46.44097900390625,141,93.01580810546875,38.86456489562988,46.44097900390625,141
2025-07-17T20:32:28.002167,4,3,"[0, 1, 2, 3, 4, 5, 6, 7]",93.01580810546875,0.0,46.44097900390625,141,93.01580810546875,38.86540412902832,46.44097900390625,141
2025-07-17T20:32:28.009768,0,4,"[0, 1, 2, 3, 4, 5, 6, 7]",93.01580810546875,0.0,46.44097900390625,141,93.01580810546875,38.86540412902832,46.44097900390625,141
2025-07-17T20:32:28.017060,1,4,"[0, 1, 2, 3, 4, 5, 6, 7]",93.01580810546875,0.0,46.44097900390625,141,93.01580810546875,38.86540412902832,46.44097900390625,141
2025-07-17T20:32:28.024970,2,4,"[0, 1, 2, 3, 4, 5, 6, 7]",93.01580810546875,0.0,46.44097900390625,141,93.01580810546875,38.86540412902832,46.44097900390625,141
2025-07-17T20:32:28.026997,3,4,"[0, 1, 2, 3, 4, 5, 6, 7]",93.01580810546875,0.0,46.44097900390625,141,93.01580810546875,38.86540412902832,46.44097900390625,141
2025-07-17T20:32:28.034078,4,4,"[0, 1, 2, 3, 4, 5, 6, 7]",93.01580810546875,0.0,46.44097900390625,141,93.01580810546875,38.86540412902832,46.44097900390625,141
2025-07-17T20:32:28.047457,0,5,"[0, 1, 2, 3, 4, 5, 6, 7]",93.01580810546875,0.0,46.44097900390625,141,93.01580810546875,38.86540412902832,46.44097900390625,141
2025-07-17T20:32:28.049778,1,5,"[0, 1, 2, 3, 4, 5, 6, 7]",93.01580810546875,0.0,46.44097900390625,141,93.01580810546875,38.86540412902832,46.44097900390625,141
2025-07-17T20:32:28.062419,2,5,"[0, 1, 2, 3, 4, 5, 6, 7]",93.01580810546875,0.0,46.44097900390625,141,93.01580810546875,38.86540412902832,46.44097900390625,141
2025-07-17T20:32:28.064664,3,5,"[0, 1, 2, 3, 4, 5, 6, 7]",93.01580810546875,0.0,46.44097900390625,141,93.01580810546875,38.86540412902832,46.44097900390625,141
2025-07-17T20:32:28.071095,4,5,"[0, 1, 2, 3, 4, 5, 6, 7]",93.01580810546875,0.0,46.44097900390625,141,93.01580810546875,38.86540412902832,46.44097900390625,141
2025-07-17T20:32:28.078141,0,6,"[0, 1, 2, 3, 4, 5, 6, 7]",93.01580810546875,0.0,46.44097900390625,141,93.01580810546875,38.86540412902832,46.44097900390625,141
2025-07-17T20:32:28.087139,1,6,"[0, 1, 2, 3, 4, 5, 6, 7]",93.01580810546875,0.0,46.44097900390625,141,93.01580810546875,38.86540412902832,46.44097900390625,141
2025-07-17T20:32:28.094925,2,6,"[0, 1, 2, 3, 4, 5, 6, 7]",93.01580810546875,0.0,46.44097900390625,141,93.01580810546875,38.86540412902832,46.44097900390625,141
2025-07-17T20:32:28.101690,3,6,"[0, 1, 2, 3, 4, 5, 6, 7]",93.01580810546875,0.0,46.44097900390625,141,93.01580810546875,38.86540412902832,46.44097900390625,141
2025-07-17T20:32:28.109048,4,6,"[0, 1, 2, 3, 4, 5, 6, 7]",93.01580810546875,0.0,46.44097900390625,141,93.01580810546875,38.86540412902832,46.44097900390625,141
2025-07-17T20:32:28.116420,0,7,"[0, 1, 2, 3, 4, 5, 6, 7]",93.01580810546875,0.0,46.44097900390625,141,93.01580810546875,38.86540412902832,46.44097900390625,141
2025-07-17T20:32:28.122460,1,7,"[0, 1, 2, 3, 4, 5, 6, 7]",93.01580810546875,0.0,46.44097900390625,141,93.01580810546875,38.86540412902832,46.44097900390625,141
2025-07-17T20:32:28.129679,2,7,"[0, 1, 2, 3, 4, 5, 6, 7]",93.01580810546875,0.0,46.44097900390625,141,93.01580810546875,38.86540412902832,46.44097900390625,141
2025-07-17T20:32:28.136397,3,7,"[0, 1, 2, 3, 4, 5, 6, 7]",93.01580810546875,0.0,46.44097900390625,141,93.01580810546875,38.86540412902832,46.44097900390625,141
2025-07-17T20:32:28.142598,4,7,"[0, 1, 2, 3, 4, 5, 6, 7]",93.01580810546875,0.0,46.44097900390625,141,93.01580810546875,38.86540412902832,46.44097900390625,141
2025-07-17T20:32:28.149920,0,8,"[0, 1, 2, 3, 4, 5, 6, 7]",93.01580810546875,0.0,46.44097900390625,141,93.01580810546875,38.86540412902832,46.44097900390625,141
2025-07-17T20:32:28.157607,1,8,"[1, 2, 3, 4, 5, 6, 7]",93.01580810546875,0.0,46.44097900390625,141,93.01580810546875,38.86540412902832,46.44097900390625,141
2025-07-17T20:32:28.164319,2,8,"[0, 1, 2, 3, 4, 5, 6, 7]",93.01580810546875,0.0,46.44097900390625,141,93.01580810546875,38.86540412902832,46.44097900390625,141
2025-07-17T20:32:28.172923,3,8,"[1, 2, 3, 4, 5, 6, 7]",93.01580810546875,0.0,46.44097900390625,141,93.01580810546875,38.86540412902832,46.44097900390625,141
2025-07-17T20:32:28.179702,4,8,"[1, 2, 3, 4, 5, 6, 7]",93.01580810546875,0.0,46.44097900390625,141,93.01580810546875,38.86540412902832,46.44097900390625,141
2025-07-17T20:32:28.187523,0,9,"[0, 1, 2, 3, 4, 5, 6, 7]",93.01580810546875,0.0,46.44097900390625,141,93.01580810546875,38.86540412902832,46.44097900390625,141
2025-07-17T20:32:28.193998,1,9,"[0, 1, 2, 4, 5, 6, 7]",93.01580810546875,0.0,46.44097900390625,141,93.01580810546875,38.86540412902832,46.44097900390625,141
2025-07-17T20:32:28.200813,2,9,"[0, 1, 2, 3, 4, 5, 6, 7]",93.01580810546875,0.0,46.44097900390625,141,93.01580810546875,38.86540412902832,46.44097900390625,141
2025-07-17T20:32:28.208212,3,9,"[0, 1, 2, 4, 5, 6, 7]",93.01580810546875,0.0,46.44097900390625,141,93.01580810546875,38.86540412902832,46.44097900390625,141
2025-07-17T20:32:28.221449,4,9,"[0, 1, 2, 4, 5, 6, 7]",93.01580810546875,0.0,46.44097900390625,141,93.01580810546875,38.86540412902832,46.44097900390625,141
2025-07-17T20:32:28.223995,0,10,"[0, 1, 2, 3, 4, 5, 6, 7]",93.01580810546875,0.0,46.44097900390625,141,93.01580810546875,38.86540412902832,46.44097900390625,141
2025-07-17T20:32:28.230341,1,10,"[0, 1, 2, 3, 4, 5, 7]",93.01580810546875,0.0,46.44097900390625,141,93.01580810546875,38.86540412902832,46.44097900390625,141
2025-07-17T20:32:28.237111,2,10,"[0, 1, 2, 3, 4, 5, 6, 7]",93.01580810546875,0.0,46.44097900390625,141,93.01580810546875,38.86540412902832,46.44097900390625,141
2025-07-17T20:32:28.245022,3,10,"[0, 1, 2, 3, 4, 5, 7]",93.01580810546875,0.0,46.44097900390625,141,93.01580810546875,38.86540412902832,46.44097900390625,141
2025-07-17T20:32:28.250986,4,10,"[0, 1, 2, 3, 4, 5, 7]",93.01580810546875,0.0,46.44097900390625,141,93.01580810546875,38.86540412902832,46.44097900390625,141
2025-07-17T20:32:28.258412,0,11,"[0, 1, 2, 3, 4, 5, 6, 7]",93.01580810546875,0.0,46.44097900390625,141,93.01580810546875,38.86540412902832,46.44097900390625,141
2025-07-17T20:32:28.265800,1,11,"[0, 1, 2, 3, 4, 5, 6, 7]",93.01580810546875,0.0,46.44097900390625,141,93.01580810546875,38.86540412902832,46.44097900390625,141
2025-07-17T20:32:28.272320,2,11,"[0, 1, 2, 3, 4, 5, 6, 7]",93.01580810546875,0.0,46.44097900390625,141,93.01580810546875,38.86540412902832,46.44097900390625,141
2025-07-17T20:32:28.279627,3,11,"[0, 1, 2, 3, 4, 5, 6, 7]",93.01580810546875,0.0,46.44097900390625,141,93.01580810546875,38.86540412902832,46.44097900390625,141
2025-07-17T20:32:28.291905,4,11,"[0, 1, 2, 3, 4, 5, 6, 7]",93.01580810546875,0.0,46.44097900390625,141,93.01580810546875,38.86540412902832,46.44097900390625,141
2025-07-17T20:32:28.293983,0,12,"[0, 1, 2, 3, 4, 5, 6, 7]",93.01580810546875,0.0,46.44097900390625,141,93.01580810546875,38.86540412902832,46.44097900390625,141
2025-07-17T20:32:28.301493,1,12,"[0, 1, 2, 3, 4, 5, 6, 7]",93.01580810546875,0.0,46.44097900390625,141,93.01580810546875,38.86540412902832,46.44097900390625,141
2025-07-17T20:32:28.308683,2,12,"[0, 1, 2, 3, 4, 5, 6, 7]",93.01580810546875,0.0,46.44097900390625,141,93.01580810546875,38.86540412902832,46.44097900390625,141
2025-07-17T20:32:28.315731,3,12,"[0, 1, 2, 3, 4, 5, 6, 7]",93.01580810546875,0.0,46.44097900390625,141,93.01580810546875,38.86540412902832,46.44097900390625,141
2025-07-17T20:32:28.323348,4,12,"[0, 1, 2, 3, 4, 5, 6, 7]",93.01580810546875,0.0,46.44097900390625,141,93.01580810546875,38.86540412902832,46.44097900390625,141
2025-07-17T20:32:28.330633,0,13,"[0, 1, 2, 3, 4, 5, 6, 7]",93.01580810546875,0.0,46.44097900390625,141,93.01580810546875,38.86540412902832,46.44097900390625,141
2025-07-17T20:32:28.338370,1,13,"[0, 1, 2, 3, 5, 7]",93.01580810546875,0.0,46.44097900390625,141,93.01580810546875,38.86540412902832,46.44097900390625,141
2025-07-17T20:32:28.349132,2,13,"[0, 1, 2, 3, 4, 5, 6, 7]",93.01580810546875,0.0,46.44097900390625,141,93.01580810546875,38.86540412902832,46.44097900390625,141
2025-07-17T20:32:28.351641,3,13,"[0, 1, 2, 3, 5, 7]",93.01580810546875,0.0,46.44097900390625,141,93.01580810546875,38.86540412902832,46.44097900390625,141
2025-07-17T20:32:28.358843,4,13,"[0, 1, 2, 3, 5, 7]",93.01580810546875,0.0,46.44097900390625,141,93.01580810546875,38.86540412902832,46.44097900390625,141
2025-07-17T20:32:28.371049,0,14,"[0, 1, 2, 3, 4, 5, 6, 7]",93.01580810546875,0.0,46.44097900390625,141,93.01580810546875,38.86540412902832,46.44097900390625,141
2025-07-17T20:32:28.373511,1,14,"[0, 1, 2, 3, 4, 5, 6, 7]",93.01580810546875,0.0,46.44097900390625,141,93.01580810546875,38.86540412902832,46.44097900390625,141
2025-07-17T20:32:28.381570,2,14,"[0, 1, 2, 3, 4, 5, 6, 7]",93.01580810546875,0.0,46.44097900390625,141,93.01580810546875,38.86540412902832,46.44097900390625,141
2025-07-17T20:32:28.388577,3,14,"[0, 1, 2, 3, 4, 5, 6, 7]",93.01580810546875,0.0,46.44097900390625,141,93.01580810546875,38.86540412902832,46.44097900390625,141
2025-07-17T20:32:28.395504,4,14,"[0, 1, 2, 3, 4, 5, 6, 7]",93.01580810546875,0.0,46.44097900390625,141,93.01580810546875,38.86540412902832,46.44097900390625,141
2025-07-17T20:32:28.402039,0,15,"[0, 1, 2, 3, 4, 5, 6, 7]",93.01580810546875,0.0,46.44097900390625,141,93.01580810546875,38.86540412902832,46.44097900390625,141
2025-07-17T20:32:28.414406,1,15,"[0, 1, 2, 3, 4, 5, 6, 7]",93.01580810546875,0.0,46.44097900390625,141,93.01580810546875,38.86540412902832,46.44097900390625,141
2025-07-17T20:32:28.416211,2,15,"[0, 1, 2, 3, 4, 5, 6, 7]",93.01580810546875,0.0,46.44097900390625,141,93.01580810546875,38.86540412902832,46.44097900390625,141
2025-07-17T20:32:28.423872,3,15,"[0, 1, 2, 3, 4, 5, 6, 7]",93.01580810546875,0.0,46.44097900390625,141,93.01580810546875,38.86540412902832,46.44097900390625,141
2025-07-17T20:32:28.432291,4,15,"[0, 1, 2, 3, 4, 5, 6, 7]",93.01580810546875,0.0,46.44097900390625,141,93.01580810546875,38.86540412902832,46.44097900390625,141
2025-07-17T20:32:28.444345,0,16,"[0, 1, 2, 3, 4, 5, 6, 7]",93.01580810546875,0.0,46.44097900390625,141,93.01580810546875,38.86540412902832,46.44097900390625,141
2025-07-17T20:32:28.446169,1,16,"[0, 1, 2, 3, 5, 6, 7]",93.01580810546875,0.0,46.44097900390625,141,93.01580810546875,38.86540412902832,46.44097900390625,141
2025-07-17T20:32:28.454360,2,16,"[0, 1, 2, 3, 4, 5, 6, 7]",93.01580810546875,0.0,46.44097900390625,141,93.01580810546875,38.86540412902832,46.44097900390625,141
2025-07-17T20:32:28.461620,3,16,"[0, 1, 2, 3, 5, 6, 7]",93.01580810546875,0.0,46.44097900390625,141,93.01580810546875,38.86540412902832,46.44097900390625,141
2025-07-17T20:32:28.468402,4,16,"[0, 1, 2, 3, 5, 6, 7]",93.01580810546875,0.0,46.44097900390625,141,93.01580810546875,38.86540412902832,46.44097900390625,141
2025-07-17T20:32:28.475659,0,17,"[0, 1, 2, 3, 4, 5, 6, 7]",93.01580810546875,0.0,46.44097900390625,141,93.01580810546875,38.86540412902832,46.44097900390625,141
2025-07-17T20:32:28.481946,1,17,"[1, 2, 3, 4, 5, 6, 7]",93.01580810546875,0.0,46.44097900390625,141,93.01580810546875,38.86540412902832,46.44097900390625,141
2025-07-17T20:32:28.489643,2,17,"[0, 1, 2, 3, 4, 5, 6, 7]",93.01580810546875,0.0,46.44097900390625,141,93.01580810546875,38.86540412902832,46.44097900390625,141
2025-07-17T20:32:28.497405,3,17,"[1, 2, 3, 4, 5, 6, 7]",93.01580810546875,0.0,46.44097900390625,141,93.01580810546875,38.86540412902832,46.44097900390625,141
2025-07-17T20:32:28.505127,4,17,"[1, 2, 3, 4, 5, 6, 7]",93.01580810546875,0.0,46.44097900390625,141,93.01580810546875,38.86540412902832,46.44097900390625,141
2025-07-17T20:32:28.513138,0,18,"[0, 1, 2, 3, 4, 5, 6, 7]",93.01580810546875,0.0,46.44097900390625,141,93.01580810546875,38.86540412902832,46.44097900390625,141
2025-07-17T20:32:28.519488,1,18,"[0, 1, 2, 3, 4, 5, 6, 7]",93.01580810546875,0.0,46.44097900390625,141,93.01580810546875,38.86540412902832,46.44097900390625,141
2025-07-17T20:32:28.526566,2,18,"[0, 1, 2, 3, 4, 5, 6, 7]",93.01580810546875,0.0,46.44097900390625,141,93.01580810546875,38.86540412902832,46.44097900390625,141
2025-07-17T20:32:28.534242,3,18,"[0, 1, 2, 3, 4, 5, 6, 7]",93.01580810546875,0.0,46.44097900390625,141,93.01580810546875,38.86540412902832,46.44097900390625,141
2025-07-17T20:32:28.540937,4,18,"[0, 1, 2, 3, 4, 5, 6, 7]",93.01580810546875,0.0,46.44097900390625,141,93.01580810546875,38.86540412902832,46.44097900390625,141
2025-07-17T20:32:28.548789,0,19,"[0, 1, 2, 3, 4, 5, 6, 7]",93.01580810546875,0.0,46.44097900390625,141,93.01580810546875,38.86540412902832,46.44097900390625,141
2025-07-17T20:32:28.556307,1,19,"[0, 1, 2, 3, 4, 5, 6, 7]",93.01580810546875,0.0,46.44097900390625,141,93.01580810546875,38.86540412902832,46.44097900390625,141
2025-07-17T20:32:28.567978,2,19,"[0, 1, 2, 3, 4, 5, 6, 7]",93.01580810546875,0.0,46.44097900390625,141,93.01580810546875,38.86540412902832,46.44097900390625,141
2025-07-17T20:32:28.570643,3,19,"[0, 1, 2, 3, 4, 5, 6, 7]",93.01580810546875,0.0,46.44097900390625,141,93.01580810546875,38.86540412902832,46.44097900390625,141
2025-07-17T20:32:28.578218,4,19,"[0, 1, 2, 3, 4, 5, 6, 7]",93.01580810546875,0.0,46.44097900390625,141,93.01580810546875,38.86540412902832,46.44097900390625,141
2025-07-17T20:32:28.585574,0,20,"[0, 1, 2, 3, 4, 5, 6, 7]",93.01580810546875,0.0,46.44097900390625,141,93.01580810546875,38.86540412902832,46.44097900390625,141
2025-07-17T20:32:28.592734,1,20,"[0, 1, 2, 3, 4, 5, 6, 7]",93.01580810546875,0.0,46.44097900390625,141,93.01580810546875,38.86540412902832,46.44097900390625,141
2025-07-17T20:32:28.599396,2,20,"[0, 1, 2, 3, 4, 5, 6, 7]",93.01580810546875,0.0,46.44097900390625,141,93.01580810546875,38.86540412902832,46.44097900390625,141
2025-07-17T20:32:28.613655,3,20,"[0, 1, 2, 3, 4, 5, 6, 7]",93.01580810546875,0.0,46.44097900390625,141,93.01580810546875,38.86540412902832,46.44097900390625,141
2025-07-17T20:32:28.616305,4,20,"[0, 1, 2, 3, 4, 5, 6, 7]",93.01580810546875,0.0,46.44097900390625,141,93.01580810546875,38.86540412902832,46.44097900390625,141
2025-07-17T20:32:28.624215,0,21,"[0, 1, 2, 3, 4, 5, 6, 7]",93.01580810546875,0.0,46.44097900390625,141,93.01580810546875,38.86540412902832,46.44097900390625,141
2025-07-17T20:32:28.631810,1,21,"[0, 1, 2, 3, 4, 5, 6, 7]",93.01580810546875,0.0,46.44097900390625,141,93.01580810546875,38.86540412902832,46.44097900390625,141
2025-07-17T20:32:28.639641,2,21,"[0, 1, 2, 3, 4, 5, 6, 7]",93.01580810546875,0.0,46.44097900390625,141,93.01580810546875,38.86540412902832,46.44097900390625,141
2025-07-17T20:32:28.646100,3,21,"[0, 1, 2, 3, 4, 5, 6, 7]",93.01580810546875,0.0,46.44097900390625,141,93.01580810546875,38.86540412902832,46.44097900390625,141
2025-07-17T20:32:28.653075,4,21,"[0, 1, 2, 3, 4, 5, 6, 7]",93.01580810546875,0.0,46.44097900390625,141,93.01580810546875,38.86540412902832,46.44097900390625,141
2025-07-17T20:32:28.663356,0,22,"[0, 1, 2, 3, 4, 5, 6, 7]",93.01580810546875,0.0,46.44097900390625,141,93.01580810546875,38.86540412902832,46.44097900390625,141
2025-07-17T20:32:28.670624,1,22,"[0, 1, 2, 4, 5, 6, 7]",93.01580810546875,0.0,46.44097900390625,141,93.01580810546875,38.86540412902832,46.44097900390625,141
2025-07-17T20:32:28.677991,2,22,"[0, 1, 2, 3, 4, 5, 6, 7]",93.01580810546875,0.0,46.44097900390625,141,93.01580810546875,38.86540412902832,46.44097900390625,141
2025-07-17T20:32:28.686020,3,22,"[0, 1, 2, 4, 5, 6, 7]",93.01580810546875,0.0,46.44097900390625,141,93.01580810546875,38.86540412902832,46.44097900390625,141
2025-07-17T20:32:28.688404,4,22,"[0, 1, 2, 4, 5, 6, 7]",93.01580810546875,0.0,46.44097900390625,141,93.01580810546875,38.86540412902832,46.44097900390625,141
2025-07-17T20:32:28.701636,0,23,"[0, 1, 2, 3, 4, 5, 6, 7]",93.01580810546875,0.0,46.44097900390625,141,93.01580810546875,38.86540412902832,46.44097900390625,141
2025-07-17T20:32:28.709184,1,23,"[0, 1, 2, 3, 4, 5, 6, 7]",93.01580810546875,0.0,46.44097900390625,141,93.01580810546875,38.86540412902832,46.44097900390625,141
2025-07-17T20:32:28.716918,2,23,"[0, 1, 2, 3, 4, 5, 6, 7]",93.01580810546875,0.0,46.44097900390625,141,93.01580810546875,38.86540412902832,46.44097900390625,141
2025-07-17T20:32:28.719706,3,23,"[0, 1, 2, 3, 4, 5, 6, 7]",93.01580810546875,0.0,46.44097900390625,141,93.01580810546875,38.86540412902832,46.44097900390625,141
2025-07-17T20:32:28.727593,4,23,"[0, 1, 2, 3, 4, 5, 6, 7]",93.01580810546875,0.0,46.44097900390625,141,93.01580810546875,38.86540412902832,46.44097900390625,141
2025-07-17T20:32:28.734801,0,24,"[0, 1, 2, 3, 4, 5, 6, 7]",93.01580810546875,0.0,46.44097900390625,141,93.01580810546875,38.86540412902832,46.44097900390625,141
2025-07-17T20:32:28.747843,1,24,"[0, 1, 2, 3, 4, 6, 7]",93.01580810546875,0.0,46.44097900390625,141,93.01580810546875,38.86540412902832,46.44097900390625,141
2025-07-17T20:32:28.750166,2,24,"[0, 1, 2, 3, 4, 5, 6, 7]",93.01580810546875,0.0,46.44097900390625,141,93.01580810546875,38.86540412902832,46.44097900390625,141
2025-07-17T20:32:28.757777,3,24,"[0, 1, 2, 3, 4, 6, 7]",93.01580810546875,0.0,46.44097900390625,141,93.01580810546875,38.86540412902832,46.44097900390625,141
2025-07-17T20:32:28.765909,4,24,"[0, 1, 2, 3, 4, 6, 7]",93.01580810546875,0.0,46.44097900390625,141,93.01580810546875,38.86540412902832,46.44097900390625,141
2025-07-17T20:32:28.772384,0,25,"[0, 1, 2, 3, 4, 5, 6, 7]",93.01580810546875,0.0,46.44097900390625,141,93.01580810546875,38.86540412902832,46.44097900390625,141
2025-07-17T20:32:28.779830,1,25,"[0, 1, 3, 4, 5, 6, 7]",93.01580810546875,0.0,46.44097900390625,141,93.01580810546875,38.86540412902832,46.44097900390625,141
2025-07-17T20:32:28.786873,2,25,"[0, 1, 2, 3, 4, 5, 6, 7]",93.01580810546875,0.0,46.44097900390625,141,93.01580810546875,38.86540412902832,46.44097900390625,141
2025-07-17T20:32:28.794558,3,25,"[0, 1, 3, 4, 5, 6, 7]",93.01580810546875,0.0,46.44097900390625,141,93.01580810546875,38.86540412902832,46.44097900390625,141
2025-07-17T20:32:28.806910,4,25,"[0, 1, 3, 4, 5, 6, 7]",93.01580810546875,0.0,46.44097900390625,141,93.01580810546875,38.86540412902832,46.44097900390625,141
2025-07-17T20:32:28.809233,0,26,"[0, 1, 2, 3, 4, 5, 6, 7]",93.01580810546875,0.0,46.44097900390625,141,93.01580810546875,38.86540412902832,46.44097900390625,141
2025-07-17T20:32:28.816230,1,26,"[0, 2, 3, 4, 5, 6, 7]",93.01580810546875,0.0,46.44097900390625,141,93.01580810546875,38.86540412902832,46.44097900390625,141
2025-07-17T20:32:28.824304,2,26,"[0, 1, 2, 3, 4, 5, 6, 7]",93.01580810546875,0.0,46.44097900390625,141,93.01580810546875,38.86540412902832,46.44097900390625,141
2025-07-17T20:32:28.831257,3,26,"[0, 2, 3, 4, 5, 6, 7]",93.01580810546875,0.0,46.44097900390625,141,93.01580810546875,38.86540412902832,46.44097900390625,141
2025-07-17T20:32:28.844530,4,26,"[0, 2, 3, 4, 5, 6, 7]",93.01580810546875,0.0,46.44097900390625,141,93.01580810546875,38.86540412902832,46.44097900390625,141
2025-07-17T20:32:28.846739,0,27,"[0, 1, 2, 3, 4, 5, 6, 7]",93.01580810546875,0.0,46.44097900390625,141,93.01580810546875,38.86540412902832,46.44097900390625,141
2025-07-17T20:32:28.854181,1,27,"[0, 1, 2, 3, 4, 5, 6, 7]",93.01580810546875,0.0,46.44097900390625,141,93.01580810546875,38.86540412902832,46.44097900390625,141
2025-07-17T20:32:28.862005,2,27,"[0, 1, 2, 3, 4, 5, 6, 7]",93.01580810546875,0.0,46.44097900390625,141,93.01580810546875,38.86540412902832,46.44097900390625,141
2025-07-17T20:32:28.874390,3,27,"[0, 1, 2, 3, 4, 5, 6, 7]",93.01580810546875,0.0,46.44097900390625,141,93.01580810546875,38.86540412902832,46.44097900390625,141
2025-07-17T20:32:28.876547,4,27,"[0, 1, 2, 3, 4, 5, 6, 7]",93.01580810546875,0.0,46.44097900390625,141,93.01580810546875,38.86540412902832,46.44097900390625,141
2025-07-17T20:32:28.884981,0,28,"[0, 1, 2, 3, 4, 5, 6, 7]",93.01580810546875,0.0,46.44097900390625,141,93.01580810546875,38.86540412902832,46.44097900390625,141
2025-07-17T20:32:28.891251,1,28,"[0, 1, 2, 3, 4, 5, 6, 7]",93.01580810546875,0.0,46.44097900390625,141,93.01580810546875,38.86540412902832,46.44097900390625,141
2025-07-17T20:32:28.898650,2,28,"[0, 1, 2, 3, 4, 5, 6, 7]",93.01580810546875,0.0,46.44097900390625,141,93.01580810546875,38.86540412902832,46.44097900390625,141
2025-07-17T20:32:28.911494,3,28,"[0, 1, 2, 3, 4, 5, 6, 7]",93.01580810546875,0.0,46.44097900390625,141,93.01580810546875,38.86540412902832,46.44097900390625,141
2025-07-17T20:32:28.913625,4,28,"[0, 1, 2, 3, 4, 5, 6, 7]",93.01580810546875,0.0,46.44097900390625,141,93.01580810546875,38.86540412902832,46.44097900390625,141
2025-07-17T20:32:28.920512,0,29,"[0, 1, 2, 3, 4, 5, 6, 7]",93.01580810546875,0.0,46.44097900390625,141,93.01580810546875,38.86540412902832,46.44097900390625,141
2025-07-17T20:32:28.926937,1,29,"[0, 1, 2, 3, 4, 5, 6, 7]",93.01580810546875,0.0,46.44097900390625,141,93.01580810546875,38.86540412902832,46.44097900390625,141
2025-07-17T20:32:28.940391,2,29,"[0, 1, 2, 3, 4, 5, 6, 7]",93.01580810546875,0.0,46.44097900390625,141,93.01580810546875,38.86540412902832,46.44097900390625,141
2025-07-17T20:32:28.947160,3,29,"[0, 1, 2, 3, 4, 5, 6, 7]",93.01580810546875,0.0,46.44097900390625,141,93.01580810546875,38.86540412902832,46.44097900390625,141
2025-07-17T20:32:28.949876,4,29,"[0, 1, 2, 3, 4, 5, 6, 7]",93.01580810546875,0.0,46.44097900390625,141,93.01580810546875,38.86540412902832,46.44097900390625,141
2025-07-17T20:32:28.961109,0,30,"[0, 1, 2, 3, 4, 5, 6, 7]",93.01580810546875,0.0,46.44097900390625,141,93.01580810546875,38.86540412902832,46.44097900390625,141
2025-07-17T20:32:28.969163,1,30,"[0, 2, 3, 4, 5, 6, 7]",93.01580810546875,0.0,46.44097900390625,141,93.01580810546875,38.86540412902832,46.44097900390625,141
2025-07-17T20:32:28.976575,2,30,"[0, 1, 2, 3, 4, 5, 6, 7]",93.01580810546875,0.0,46.44097900390625,141,93.01580810546875,38.86540412902832,46.44097900390625,141
2025-07-17T20:32:28.983814,3,30,"[0, 2, 3, 4, 5, 6, 7]",93.01580810546875,0.0,46.44097900390625,141,93.01580810546875,38.86540412902832,46.44097900390625,141
2025-07-17T20:32:28.990853,4,30,"[0, 2, 3, 4, 5, 6, 7]",93.01580810546875,0.0,46.44097900390625,141,93.01580810546875,38.86540412902832,46.44097900390625,141
2025-07-17T20:32:28.998229,0,31,"[0, 1, 2, 3, 4, 5, 6, 7]",93.01580810546875,0.0,46.44097900390625,141,93.01580810546875,38.87287998199463,46.44097900390625,141
2025-07-17T20:32:29.006430,1,31,"[1, 2, 3, 4, 5, 6, 7]",93.01580810546875,0.0,46.44097900390625,141,93.01580810546875,38.86967182159424,46.44097900390625,141
2025-07-17T20:32:29.015639,2,31,"[0, 1, 2, 3, 5, 6, 7]",93.01580810546875,0.0,46.44097900390625,141,93.01580810546875,38.867045402526855,46.44097900390625,141
2025-07-17T20:32:29.024891,3,31,"[1, 2, 3, 4, 5, 6, 7]",93.01580810546875,0.0,46.44097900390625,141,93.01580810546875,38.863837242126465,46.44097900390625,141
2025-07-17T20:32:29.027405,4,31,"[1, 2, 3, 4, 5, 6, 7]",93.01580810546875,0.0,46.44097900390625,141,93.01580810546875,38.86002254486084,46.44097900390625,141
2025-07-17T20:32:29.043055,0,0,"[0, 1, 2, 3, 4, 5, 6, 7]",93.01580810546875,0.0,46.44097900390625,141,93.01580810546875,38.85531425476074,46.44097900390625,141
2025-07-17T20:32:29.050605,1,0,"[0, 1, 2, 3, 4, 5, 6, 7]",93.01580810546875,0.0,46.44097900390625,141,93.01580810546875,38.85852241516113,46.44097900390625,141
2025-07-17T20:32:29.058128,2,0,"[0, 1, 2, 3, 4, 5, 6, 7]",93.01580810546875,0.0,46.44097900390625,141,93.01580810546875,38.86149787902832,46.44097900390625,141
2025-07-17T20:32:29.066486,3,0,"[0, 1, 2, 3, 4, 5, 6, 7]",93.01580810546875,0.0,46.44097900390625,141,93.01580810546875,38.86438179016113,46.44097900390625,141
2025-07-17T20:32:29.074925,4,0,"[0, 1, 2, 3, 4, 5, 6, 7]",93.01580810546875,0.0,46.44097900390625,141,93.01580810546875,38.86540412902832,46.44097900390625,141
2025-07-17T20:32:29.082240,0,1,"[0, 1, 2, 3, 4, 5, 6, 7]",93.01580810546875,0.0,46.44097900390625,141,93.01580810546875,38.86540412902832,46.44097900390625,141
2025-07-17T20:32:29.090020,1,1,"[0, 1, 2, 3, 4, 5, 6, 7]",93.01580810546875,0.0,46.44097900390625,141,93.01580810546875,38.86540412902832,46.44097900390625,141
2025-07-17T20:32:29.092801,2,1,"[0, 1, 2, 3, 4, 5, 6, 7]",93.01580810546875,0.0,46.44097900390625,141,93.01580810546875,38.86540412902832,46.44097900390625,141
2025-07-17T20:32:29.104201,3,1,"[0, 1, 2, 3, 4, 5, 6, 7]",93.01580810546875,0.0,46.44097900390625,141,93.01580810546875,38.86540412902832,46.44097900390625,141
2025-07-17T20:32:29.111102,4,1,"[0, 1, 2, 3, 4, 5, 6, 7]",93.01580810546875,0.0,46.44097900390625,141,93.01580810546875,38.86540412902832,46.44097900390625,141
2025-07-17T20:32:29.119288,0,2,"[0, 1, 2, 3, 4, 5, 6, 7]",93.01580810546875,0.0,46.44097900390625,141,93.01580810546875,38.86540412902832,46.44097900390625,141
2025-07-17T20:32:29.127081,1,2,"[0, 1, 2, 3, 4, 5, 6, 7]",93.01580810546875,0.0,46.44097900390625,141,93.01580810546875,38.86540412902832,46.44097900390625,141
2025-07-17T20:32:29.134919,2,2,"[0, 1, 2, 3, 4, 5, 6, 7]",93.01580810546875,0.0,46.44097900390625,141,93.01580810546875,38.86540412902832,46.44097900390625,141
2025-07-17T20:32:29.143069,3,2,"[0, 1, 2, 3, 4, 5, 6, 7]",93.01580810546875,0.0,46.44097900390625,141,93.01580810546875,38.86456489562988,46.44097900390625,141
2025-07-17T20:32:29.151025,4,2,"[0, 1, 2, 3, 4, 5, 6, 7]",93.01580810546875,0.0,46.44097900390625,141,93.01580810546875,38.86456489562988,46.44097900390625,141
2025-07-17T20:32:29.154137,0,3,"[0, 1, 2, 3, 4, 5, 6, 7]",93.01580810546875,0.0,46.44097900390625,141,93.01580810546875,38.86456489562988,46.44097900390625,141
2025-07-17T20:32:29.161801,1,3,"[0, 1, 2, 3, 4, 5, 6, 7]",93.01580810546875,0.0,46.44097900390625,141,93.01580810546875,38.86456489562988,46.44097900390625,141
2025-07-17T20:32:29.170000,2,3,"[0, 1, 2, 3, 4, 5, 6, 7]",93.01580810546875,0.0,46.44097900390625,141,93.01580810546875,38.86456489562988,46.44097900390625,141
2025-07-17T20:32:29.177650,3,3,"[0, 1, 2, 3, 4, 5, 6, 7]",93.01580810546875,0.0,46.44097900390625,141,93.01580810546875,38.86540412902832,46.44097900390625,141
2025-07-17T20:32:29.184718,4,3,"[0, 1, 2, 3, 4, 5, 6, 7]",93.01580810546875,0.0,46.44097900390625,141,93.01580810546875,38.86540412902832,46.44097900390625,141
2025-07-17T20:32:29.191048,0,4,"[0, 1, 2, 3, 4, 5, 6, 7]",93.01580810546875,0.0,46.44097900390625,141,93.01580810546875,38.86540412902832,46.44097900390625,141
2025-07-17T20:32:29.198532,1,4,"[1, 2, 3, 4, 5, 6, 7]",93.01580810546875,0.0,46.44097900390625,141,93.01580810546875,38.86540412902832,46.44097900390625,141
2025-07-17T20:32:29.212199,2,4,"[0, 1, 2, 3, 4, 5, 6, 7]",93.01580810546875,0.0,46.44097900390625,141,93.01580810546875,38.86540412902832,46.44097900390625,141
2025-07-17T20:32:29.215163,3,4,"[1, 2, 3, 4, 5, 6, 7]",93.01580810546875,0.0,46.44097900390625,141,93.01580810546875,38.86540412902832,46.44097900390625,141
2025-07-17T20:32:29.222055,4,4,"[1, 2, 3, 4, 5, 6, 7]",93.01580810546875,0.0,46.44097900390625,141,93.01580810546875,38.86540412902832,46.44097900390625,141
2025-07-17T20:32:29.229557,0,5,"[0, 1, 2, 3, 4, 5, 6, 7]",93.01580810546875,0.0,46.44097900390625,141,93.01580810546875,38.86540412902832,46.44097900390625,141
2025-07-17T20:32:29.237112,1,5,"[0, 1, 2, 3, 4, 5, 6, 7]",93.01580810546875,0.0,46.44097900390625,141,93.01580810546875,38.86540412902832,46.44097900390625,141
2025-07-17T20:32:29.244877,2,5,"[0, 1, 2, 3, 4, 5, 6, 7]",93.01580810546875,0.0,46.44097900390625,141,93.01580810546875,38.86540412902832,46.44097900390625,141
2025-07-17T20:32:29.252666,3,5,"[0, 1, 2, 3, 4, 5, 6, 7]",93.01580810546875,0.0,46.44097900390625,141,93.01580810546875,38.86540412902832,46.44097900390625,141
2025-07-17T20:32:29.259870,4,5,"[0, 1, 2, 3, 4, 5, 6, 7]",93.01580810546875,0.0,46.44097900390625,141,93.01580810546875,38.86540412902832,46.44097900390625,141
2025-07-17T20:32:29.267520,0,6,"[0, 1, 2, 3, 4, 5, 6, 7]",93.01580810546875,0.0,46.44097900390625,141,93.01580810546875,38.86540412902832,46.44097900390625,141
2025-07-17T20:32:29.274167,1,6,"[0, 1, 2, 3, 4, 5, 6, 7]",93.01580810546875,0.0,46.44097900390625,141,93.01580810546875,38.86540412902832,46.44097900390625,141
2025-07-17T20:32:29.280300,2,6,"[0, 1, 2, 3, 4, 5, 6, 7]",93.01580810546875,0.0,46.44097900390625,141,93.01580810546875,38.86540412902832,46.44097900390625,141
2025-07-17T20:32:29.288394,3,6,"[0, 1, 2, 3, 4, 5, 6, 7]",93.01580810546875,0.0,46.44097900390625,141,93.01580810546875,38.86540412902832,46.44097900390625,141
2025-07-17T20:32:29.296997,4,6,"[0, 1, 2, 3, 4, 5, 6, 7]",93.01580810546875,0.0,46.44097900390625,141,93.01580810546875,38.86540412902832,46.44097900390625,141
2025-07-17T20:32:29.304120,0,7,"[0, 1, 2, 3, 4, 5, 6, 7]",93.01580810546875,0.0,46.44097900390625,141,93.01580810546875,38.86540412902832,46.44097900390625,141
2025-07-17T20:32:29.311576,1,7,"[0, 1, 2, 3, 4, 5, 6]",93.01580810546875,0.0,46.44097900390625,141,93.01580810546875,38.86540412902832,46.44097900390625,141
2025-07-17T20:32:29.318000,2,7,"[0, 1, 2, 3, 5, 6, 7]",93.01580810546875,0.0,46.44097900390625,141,93.01580810546875,38.86540412902832,46.44097900390625,141
2025-07-17T20:32:29.324857,3,7,"[0, 1, 2, 3, 4, 5, 6]",93.01580810546875,0.0,46.44097900390625,141,93.01580810546875,38.86540412902832,46.44097900390625,141
2025-07-17T20:32:29.333278,4,7,"[0, 1, 2, 3, 4, 5, 6]",93.01580810546875,0.0,46.44097900390625,141,93.01580810546875,38.86540412902832,46.44097900390625,141
2025-07-17T20:32:29.340029,0,8,"[0, 1, 2, 3, 4, 5, 6, 7]",93.01580810546875,0.0,46.44097900390625,141,93.01580810546875,38.86540412902832,46.44097900390625,141
2025-07-17T20:32:29.348131,1,8,"[0, 1, 2, 3, 4, 5, 6, 7]",93.01580810546875,0.0,46.44097900390625,141,93.01580810546875,38.86540412902832,46.44097900390625,141
2025-07-17T20:32:29.359924,2,8,"[0, 1, 2, 3, 4, 5, 6, 7]",93.01580810546875,0.0,46.44097900390625,141,93.01580810546875,38.86540412902832,46.44097900390625,141
2025-07-17T20:32:29.362324,3,8,"[0, 1, 2, 3, 4, 5, 6, 7]",93.01580810546875,0.0,46.44097900390625,141,93.01580810546875,38.86540412902832,46.44097900390625,141
2025-07-17T20:32:29.374329,4,8,"[0, 1, 2, 3, 4, 5, 6, 7]",93.01580810546875,0.0,46.44097900390625,141,93.01580810546875,38.86540412902832,46.44097900390625,141
2025-07-17T20:32:29.377206,0,9,"[0, 1, 2, 3, 4, 5, 6, 7]",93.01580810546875,0.0,46.44097900390625,141,93.01580810546875,38.86540412902832,46.44097900390625,141
2025-07-17T20:32:29.388159,1,9,"[0, 1, 2, 3, 4, 5, 6, 7]",93.01580810546875,0.0,46.44097900390625,141,93.01580810546875,38.86540412902832,46.44097900390625,141
2025-07-17T20:32:29.395873,2,9,"[0, 1, 2, 3, 4, 5, 6, 7]",93.01580810546875,0.0,46.44097900390625,141,93.01580810546875,38.86540412902832,46.44097900390625,141
2025-07-17T20:32:29.402784,3,9,"[0, 1, 2, 3, 4, 5, 6, 7]",93.01580810546875,0.0,46.44097900390625,141,93.01580810546875,38.86456489562988,46.44097900390625,141
2025-07-17T20:32:29.411330,4,9,"[0, 1, 2, 3, 4, 5, 6, 7]",93.01580810546875,0.0,46.44097900390625,141,93.01580810546875,38.86540412902832,46.44097900390625,141
2025-07-17T20:32:29.418431,0,10,"[0, 1, 2, 3, 4, 5, 6, 7]",93.01580810546875,0.0,46.44097900390625,141,93.01580810546875,38.86482238769531,46.44097900390625,141
2025-07-17T20:32:29.425783,1,10,"[0, 1, 2, 3, 4, 5, 6, 7]",93.01580810546875,0.0,46.44097900390625,141,93.01580810546875,38.86482238769531,46.44097900390625,141
2025-07-17T20:32:29.433926,2,10,"[0, 1, 2, 3, 4, 5, 6, 7]",93.01580810546875,0.0,46.44097900390625,141,93.01580810546875,38.86540412902832,46.44097900390625,141
2025-07-17T20:32:29.440885,3,10,"[0, 1, 2, 3, 4, 5, 6, 7]",93.01580810546875,0.0,46.44097900390625,141,93.01580810546875,38.86540412902832,46.44097900390625,141
2025-07-17T20:32:29.447738,4,10,"[0, 1, 2, 3, 4, 5, 6, 7]",93.01580810546875,0.0,46.44097900390625,141,93.01580810546875,38.86540412902832,46.44097900390625,141
2025-07-17T20:32:29.456726,0,11,"[0, 1, 2, 3, 4, 5, 6, 7]",93.01580810546875,0.0,46.44097900390625,141,93.01580810546875,38.86540412902832,46.44097900390625,141
2025-07-17T20:32:29.464276,1,11,"[0, 1, 2, 3, 4, 5, 6, 7]",93.01580810546875,0.0,46.44097900390625,141,93.01580810546875,38.86482238769531,46.44097900390625,141
2025-07-17T20:32:29.471987,2,11,"[0, 1, 2, 3, 4, 5, 6, 7]",93.01580810546875,0.0,46.44097900390625,141,93.01580810546875,38.86482238769531,46.44097900390625,141
2025-07-17T20:32:29.479980,3,11,"[0, 1, 2, 3, 4, 5, 6, 7]",93.01580810546875,0.0,46.44097900390625,141,93.01580810546875,38.86540412902832,46.44097900390625,141
2025-07-17T20:32:29.487024,4,11,"[0, 1, 2, 3, 4, 5, 6, 7]",93.01580810546875,0.0,46.44097900390625,141,93.01580810546875,38.86456489562988,46.44097900390625,141
2025-07-17T20:32:29.495097,0,12,"[0, 1, 2, 3, 4, 5, 6, 7]",93.01580810546875,0.0,46.44097900390625,141,93.01580810546875,38.86540412902832,46.44097900390625,141
2025-07-17T20:32:29.501749,1,12,"[0, 1, 2, 3, 4, 5, 6, 7]",93.01580810546875,0.0,46.44097900390625,141,93.01580810546875,38.86540412902832,46.44097900390625,141
2025-07-17T20:32:29.509113,2,12,"[0, 1, 2, 3, 4, 5, 6, 7]",93.01580810546875,0.0,46.44097900390625,141,93.01580810546875,38.86540412902832,46.44097900390625,141
2025-07-17T20:32:29.515459,3,12,"[0, 1, 2, 3, 4, 5, 6, 7]",93.01580810546875,0.0,46.44097900390625,141,93.01580810546875,38.86540412902832,46.44097900390625,141
2025-07-17T20:32:29.522515,4,12,"[0, 1, 2, 3, 4, 5, 6, 7]",93.01580810546875,0.0,46.44097900390625,141,93.01580810546875,38.86540412902832,46.44097900390625,141
2025-07-17T20:32:29.529616,0,13,"[0, 1, 2, 3, 4, 5, 6, 7]",93.01580810546875,0.0,46.44097900390625,141,93.01580810546875,38.86540412902832,46.44097900390625,141
2025-07-17T20:32:29.537072,1,13,"[1, 2, 3, 4, 5, 6, 7]",93.01580810546875,0.0,46.44097900390625,141,93.01580810546875,38.86540412902832,46.44097900390625,141
2025-07-17T20:32:29.544565,2,13,"[0, 1, 2, 3, 4, 5, 6, 7]",93.01580810546875,0.0,46.44097900390625,141,93.01580810546875,38.86540412902832,46.44097900390625,141
2025-07-17T20:32:29.551997,3,13,"[1, 2, 3, 4, 5, 6, 7]",93.01580810546875,0.0,46.44097900390625,141,93.01580810546875,38.86540412902832,46.44097900390625,141
2025-07-17T20:32:29.558790,4,13,"[1, 2, 3, 4, 5, 6, 7]",93.01580810546875,0.0,46.44097900390625,141,93.01580810546875,38.86540412902832,46.44097900390625,141
2025-07-17T20:32:29.565986,0,14,"[0, 1, 2, 3, 4, 5, 6, 7]",93.01580810546875,0.0,46.44097900390625,141,93.01580810546875,38.86540412902832,46.44097900390625,141
2025-07-17T20:32:29.573004,1,14,"[0, 1, 2, 3, 4, 5, 6, 7]",93.01580810546875,0.0,46.44097900390625,141,93.01580810546875,38.86540412902832,46.44097900390625,141
2025-07-17T20:32:29.579851,2,14,"[0, 1, 2, 3, 4, 5, 6, 7]",93.01580810546875,0.0,46.44097900390625,141,93.01580810546875,38.86540412902832,46.44097900390625,141
2025-07-17T20:32:29.587257,3,14,"[0, 1, 2, 3, 4, 5, 6, 7]",93.01580810546875,0.0,46.44097900390625,141,93.01580810546875,38.86540412902832,46.44097900390625,141
2025-07-17T20:32:29.593713,4,14,"[0, 1, 2, 3, 4, 5, 6, 7]",93.01580810546875,0.0,46.44097900390625,141,93.01580810546875,38.86540412902832,46.44097900390625,141
2025-07-17T20:32:29.600722,0,15,"[0, 1, 2, 3, 4, 5, 6, 7]",93.01580810546875,0.0,46.44097900390625,141,93.01580810546875,38.86540412902832,46.44097900390625,141
2025-07-17T20:32:29.607228,1,15,"[0, 1, 2, 3, 4, 5, 6, 7]",93.01580810546875,0.0,46.44097900390625,141,93.01580810546875,38.86540412902832,46.44097900390625,141
2025-07-17T20:32:29.614718,2,15,"[0, 1, 2, 3, 4, 5, 6, 7]",93.01580810546875,0.0,46.44097900390625,141,93.01580810546875,38.86540412902832,46.44097900390625,141
2025-07-17T20:32:29.622847,3,15,"[0, 1, 2, 3, 4, 5, 6, 7]",93.01580810546875,0.0,46.44097900390625,141,93.01580810546875,38.86482238769531,46.44097900390625,141
2025-07-17T20:32:29.629669,4,15,"[0, 1, 2, 3, 4, 5, 6, 7]",93.01580810546875,0.0,46.44097900390625,141,93.01580810546875,38.86482238769531,46.44097900390625,141
2025-07-17T20:32:29.636319,0,16,"[0, 1, 2, 3, 4, 5, 6, 7]",93.01580810546875,0.0,46.44097900390625,141,93.01580810546875,38.86456489562988,46.44097900390625,141
2025-07-17T20:32:29.642689,1,16,"[0, 1, 2, 3, 4, 5, 6, 7]",93.01580810546875,0.0,46.44097900390625,141,93.01580810546875,38.86456489562988,46.44097900390625,141
2025-07-17T20:32:29.650282,2,16,"[0, 1, 2, 3, 4, 5, 6, 7]",93.01580810546875,0.0,46.44097900390625,141,93.01580810546875,38.86456489562988,46.44097900390625,141
2025-07-17T20:32:29.657866,3,16,"[0, 1, 2, 3, 4, 5, 6, 7]",93.01580810546875,0.0,46.44097900390625,141,93.01580810546875,38.86540412902832,46.44097900390625,141
2025-07-17T20:32:29.665682,4,16,"[0, 1, 2, 3, 4, 5, 6, 7]",93.01580810546875,0.0,46.44097900390625,141,93.01580810546875,38.86540412902832,46.44097900390625,141
2025-07-17T20:32:29.673255,0,17,"[0, 1, 2, 3, 4, 5, 6, 7]",93.01580810546875,0.0,46.44097900390625,141,93.01580810546875,38.86540412902832,46.44097900390625,141
2025-07-17T20:32:29.679997,1,17,"[0, 1, 2, 3, 4, 5, 6, 7]",93.01580810546875,0.0,46.44097900390625,141,93.01580810546875,38.86540412902832,46.44097900390625,141
2025-07-17T20:32:29.686994,2,17,"[0, 1, 2, 3, 4, 5, 6, 7]",93.01580810546875,0.0,46.44097900390625,141,93.01580810546875,38.86540412902832,46.44097900390625,141
2025-07-17T20:32:29.696076,3,17,"[0, 1, 2, 3, 4, 5, 6, 7]",93.01580810546875,0.0,46.44097900390625,141,93.01580810546875,38.86456489562988,46.44097900390625,141
2025-07-17T20:32:29.703360,4,17,"[0, 1, 2, 3, 4, 5, 6, 7]",93.01580810546875,0.0,46.44097900390625,141,93.01580810546875,38.86456489562988,46.44097900390625,141
2025-07-17T20:32:29.710615,0,18,"[0, 1, 2, 3, 4, 5, 6, 7]",93.01580810546875,0.0,46.44097900390625,141,93.01580810546875,38.86456489562988,46.44097900390625,141
2025-07-17T20:32:29.718513,1,18,"[0, 2, 3, 4, 5, 6, 7]",93.01580810546875,0.0,46.44097900390625,141,93.01580810546875,38.86456489562988,46.44097900390625,141
2025-07-17T20:32:29.726591,2,18,"[0, 1, 2, 3, 4, 5, 6, 7]",93.01580810546875,0.0,46.44097900390625,141,93.01580810546875,38.86456489562988,46.44097900390625,141
2025-07-17T20:32:29.734059,3,18,"[0, 2, 3, 4, 5, 6, 7]",93.01580810546875,0.0,46.44097900390625,141,93.01580810546875,38.86540412902832,46.44097900390625,141
2025-07-17T20:32:29.741047,4,18,"[0, 2, 3, 4, 5, 6, 7]",93.01580810546875,0.0,46.44097900390625,141,93.01580810546875,38.86540412902832,46.44097900390625,141
2025-07-17T20:32:29.748076,0,19,"[0, 1, 2, 3, 4, 5, 6, 7]",93.01580810546875,0.0,46.44097900390625,141,93.01580810546875,38.86540412902832,46.44097900390625,141
2025-07-17T20:32:29.755045,1,19,"[0, 1, 2, 3, 4, 5, 6, 7]",93.01580810546875,0.0,46.44097900390625,141,93.01580810546875,38.86540412902832,46.44097900390625,141
2025-07-17T20:32:29.762236,2,19,"[0, 1, 2, 3, 4, 5, 6, 7]",93.01580810546875,0.0,46.44097900390625,141,93.01580810546875,38.86540412902832,46.44097900390625,141
2025-07-17T20:32:29.768960,3,19,"[0, 1, 2, 3, 4, 5, 6, 7]",93.01580810546875,0.0,46.44097900390625,141,93.01580810546875,38.86540412902832,46.44097900390625,141
2025-07-17T20:32:29.775952,4,19,"[0, 1, 2, 3, 4, 5, 6, 7]",93.01580810546875,0.0,46.44097900390625,141,93.01580810546875,38.86540412902832,46.44097900390625,141
2025-07-17T20:32:29.783054,0,20,"[0, 1, 2, 3, 4, 5, 6, 7]",93.01580810546875,0.0,46.44097900390625,141,93.01580810546875,38.86540412902832,46.44097900390625,141
2025-07-17T20:32:29.789734,1,20,"[0, 1, 2, 3, 4, 5, 6, 7]",93.01580810546875,0.0,46.44097900390625,141,93.01580810546875,38.86540412902832,46.44097900390625,141
2025-07-17T20:32:29.796745,2,20,"[0, 1, 2, 3, 4, 5, 6, 7]",93.01580810546875,0.0,46.44097900390625,141,93.01580810546875,38.86540412902832,46.44097900390625,141
2025-07-17T20:32:29.803772,3,20,"[0, 1, 2, 3, 4, 5, 6, 7]",93.01580810546875,0.0,46.44097900390625,141,93.01580810546875,38.86540412902832,46.44097900390625,141
2025-07-17T20:32:29.810411,4,20,"[0, 1, 2, 3, 4, 5, 6, 7]",93.01580810546875,0.0,46.44097900390625,141,93.01580810546875,38.86540412902832,46.44097900390625,141
2025-07-17T20:32:29.820724,0,21,"[0, 1, 2, 3, 4, 5, 6, 7]",93.01580810546875,0.0,46.44097900390625,141,93.01580810546875,38.86482238769531,46.44097900390625,141
2025-07-17T20:32:29.823406,1,21,"[0, 1, 2, 3, 4, 5, 6, 7]",93.01580810546875,0.0,46.44097900390625,141,93.01580810546875,38.86482238769531,46.44097900390625,141
2025-07-17T20:32:29.834331,2,21,"[0, 1, 2, 3, 4, 5, 6, 7]",93.01580810546875,0.0,46.44097900390625,141,93.01580810546875,38.86482238769531,46.44097900390625,141
2025-07-17T20:32:29.841452,3,21,"[0, 1, 2, 3, 4, 5, 6, 7]",93.01580810546875,0.0,46.44097900390625,141,93.01580810546875,38.86456489562988,46.44097900390625,141
2025-07-17T20:32:29.848322,4,21,"[0, 1, 2, 3, 4, 5, 6, 7]",93.01580810546875,0.0,46.44097900390625,141,93.01580810546875,38.86456489562988,46.44097900390625,141
2025-07-17T20:32:29.855819,0,22,"[0, 1, 2, 3, 4, 5, 6, 7]",93.01580810546875,0.0,46.44097900390625,141,93.01580810546875,38.86540412902832,46.44097900390625,141
2025-07-17T20:32:29.864031,1,22,"[0, 1, 2, 3, 4, 5, 6, 7]",93.01580810546875,0.0,46.44097900390625,141,93.01580810546875,38.86540412902832,46.44097900390625,141
2025-07-17T20:32:29.870861,2,22,"[0, 1, 2, 3, 4, 5, 6, 7]",93.01580810546875,0.0,46.44097900390625,141,93.01580810546875,38.86540412902832,46.44097900390625,141
2025-07-17T20:32:29.878189,3,22,"[0, 1, 2, 3, 4, 5, 6, 7]",93.01580810546875,0.0,46.44097900390625,141,93.01580810546875,38.86540412902832,46.44097900390625,141
2025-07-17T20:32:29.885396,4,22,"[0, 1, 2, 3, 4, 5, 6, 7]",93.01580810546875,0.0,46.44097900390625,141,93.01580810546875,38.86540412902832,46.44097900390625,141
2025-07-17T20:32:29.892058,0,23,"[0, 1, 2, 3, 4, 5, 6, 7]",93.01580810546875,0.0,46.44097900390625,141,93.01580810546875,38.86540412902832,46.44097900390625,141
2025-07-17T20:32:29.900016,1,23,"[0, 1, 2, 3, 4, 5, 6, 7]",93.01580810546875,0.0,46.44097900390625,141,93.01580810546875,38.86540412902832,46.44097900390625,141
2025-07-17T20:32:29.906579,2,23,"[0, 1, 2, 3, 4, 5, 6, 7]",93.01580810546875,0.0,46.44097900390625,141,93.01580810546875,38.86482238769531,46.44097900390625,141
2025-07-17T20:32:29.913817,3,23,"[0, 1, 2, 3, 4, 5, 6, 7]",93.01580810546875,0.0,46.44097900390625,141,93.01580810546875,38.86482238769531,46.44097900390625,141
2025-07-17T20:32:29.920298,4,23,"[0, 1, 2, 3, 4, 5, 6, 7]",93.01580810546875,0.0,46.44097900390625,141,93.01580810546875,38.86482238769531,46.44097900390625,141
2025-07-17T20:32:29.926903,0,24,"[0, 1, 2, 3, 4, 5, 6, 7]",93.01580810546875,0.0,46.44097900390625,141,93.01580810546875,38.86456489562988,46.44097900390625,141
2025-07-17T20:32:29.934182,1,24,"[0, 1, 2, 3, 4, 5, 6, 7]",93.01580810546875,0.0,46.44097900390625,141,93.01580810546875,38.86540412902832,46.44097900390625,141
2025-07-17T20:32:29.941316,2,24,"[0, 1, 2, 3, 4, 5, 6, 7]",93.01580810546875,0.0,46.44097900390625,141,93.01580810546875,38.86540412902832,46.44097900390625,141
2025-07-17T20:32:29.949116,3,24,"[0, 1, 2, 3, 4, 5, 6, 7]",93.01580810546875,0.0,46.44097900390625,141,93.01580810546875,38.86540412902832,46.44097900390625,141
2025-07-17T20:32:29.956534,4,24,"[0, 1, 2, 3, 4, 5, 6, 7]",93.01580810546875,0.0,46.44097900390625,141,93.01580810546875,38.86540412902832,46.44097900390625,141
2025-07-17T20:32:29.963629,0,25,"[0, 1, 2, 3, 4, 5, 6, 7]",93.01580810546875,0.0,46.44097900390625,141,93.01580810546875,38.86540412902832,46.44097900390625,141
2025-07-17T20:32:29.970902,1,25,"[0, 1, 2, 3, 4, 6, 7]",93.01580810546875,0.0,46.44097900390625,141,93.01580810546875,38.86540412902832,46.44097900390625,141
2025-07-17T20:32:29.978875,2,25,"[0, 1, 2, 3, 4, 5, 6, 7]",93.01580810546875,0.0,46.44097900390625,141,93.01580810546875,38.86540412902832,46.44097900390625,141
2025-07-17T20:32:29.986784,3,25,"[0, 1, 2, 3, 4, 6, 7]",93.01580810546875,0.0,46.44097900390625,141,93.01580810546875,38.86482238769531,46.44097900390625,141
2025-07-17T20:32:29.994077,4,25,"[0, 1, 2, 3, 4, 6, 7]",93.01580810546875,0.0,46.44097900390625,141,93.01580810546875,38.86482238769531,46.44097900390625,141
2025-07-17T20:32:30.001629,0,26,"[0, 1, 2, 3, 4, 5, 6, 7]",93.01580810546875,0.0,46.44097900390625,141,93.01580810546875,38.86482238769531,46.44097900390625,141
2025-07-17T20:32:30.008830,1,26,"[0, 2, 3, 4, 5, 6, 7]",93.01580810546875,0.0,46.44097900390625,141,93.01580810546875,38.86456489562988,46.44097900390625,141
2025-07-17T20:32:30.015716,2,26,"[0, 1, 2, 3, 4, 5, 6, 7]",93.01580810546875,0.0,46.44097900390625,141,93.01580810546875,38.86540412902832,46.44097900390625,141
2025-07-17T20:32:30.018760,3,26,"[0, 2, 3, 4, 5, 6, 7]",93.01580810546875,0.0,46.44097900390625,141,93.01580810546875,38.86540412902832,46.44097900390625,141
2025-07-17T20:32:30.026290,4,26,"[0, 2, 3, 4, 5, 6, 7]",93.01580810546875,0.0,46.44097900390625,141,93.01580810546875,38.86540412902832,46.44097900390625,141
2025-07-17T20:32:30.034107,0,27,"[0, 1, 2, 3, 4, 5, 6, 7]",93.01580810546875,0.0,46.44097900390625,141,93.01580810546875,38.86540412902832,46.44097900390625,141
2025-07-17T20:32:30.040767,1,27,"[0, 1, 2, 3, 4, 5, 6, 7]",93.01580810546875,0.0,46.44097900390625,141,93.01580810546875,38.86540412902832,46.44097900390625,141
2025-07-17T20:32:30.047688,2,27,"[0, 1, 2, 3, 4, 5, 6, 7]",93.01580810546875,0.0,46.44097900390625,141,93.01580810546875,38.86540412902832,46.44097900390625,141
2025-07-17T20:32:30.054444,3,27,"[0, 1, 2, 3, 4, 5, 6, 7]",93.01580810546875,0.0,46.44097900390625,141,93.01580810546875,38.86540412902832,46.44097900390625,141
2025-07-17T20:32:30.060805,4,27,"[0, 1, 2, 3, 4, 5, 6, 7]",93.01580810546875,0.0,46.44097900390625,141,93.01580810546875,38.86540412902832,46.44097900390625,141
2025-07-17T20:32:30.072879,0,28,"[0, 1, 2, 3, 4, 5, 6, 7]",93.01580810546875,0.0,46.44097900390625,141,93.01580810546875,38.86540412902832,46.44097900390625,141
2025-07-17T20:32:30.080351,1,28,"[0, 1, 2, 3, 4, 5, 6, 7]",93.01580810546875,0.0,46.44097900390625,141,93.01580810546875,38.86540412902832,46.44097900390625,141
2025-07-17T20:32:30.082547,2,28,"[0, 1, 2, 3, 4, 5, 6, 7]",93.01580810546875,0.0,46.44097900390625,141,93.01580810546875,38.86540412902832,46.44097900390625,141
2025-07-17T20:32:30.095524,3,28,"[0, 1, 2, 3, 4, 5, 6, 7]",93.01580810546875,0.0,46.44097900390625,141,93.01580810546875,38.86540412902832,46.44097900390625,141
2025-07-17T20:32:30.098307,4,28,"[0, 1, 2, 3, 4, 5, 6, 7]",93.01580810546875,0.0,46.44097900390625,141,93.01580810546875,38.86540412902832,46.44097900390625,141
2025-07-17T20:32:30.111053,0,29,"[0, 1, 2, 3, 4, 5, 6, 7]",93.01580810546875,0.0,46.44097900390625,141,93.01580810546875,38.86540412902832,46.44097900390625,141
2025-07-17T20:32:30.113058,1,29,"[0, 1, 2, 3, 5, 6, 7]",93.01580810546875,0.0,46.44097900390625,141,93.01580810546875,38.86540412902832,46.44097900390625,141
2025-07-17T20:32:30.119863,2,29,"[0, 1, 2, 3, 4, 5, 6, 7]",93.01580810546875,0.0,46.44097900390625,141,93.01580810546875,38.86540412902832,46.44097900390625,141
2025-07-17T20:32:30.127427,3,29,"[0, 1, 2, 3, 5, 6, 7]",93.01580810546875,0.0,46.44097900390625,141,93.01580810546875,38.86540412902832,46.44097900390625,141
2025-07-17T20:32:30.135175,4,29,"[0, 1, 2, 3, 5, 6, 7]",93.01580810546875,0.0,46.44097900390625,141,93.01580810546875,38.86540412902832,46.44097900390625,141
2025-07-17T20:32:30.141848,0,30,"[0, 1, 2, 3, 4, 5, 6, 7]",93.01580810546875,0.0,46.44097900390625,141,93.01580810546875,38.86540412902832,46.44097900390625,141
2025-07-17T20:32:30.155196,1,30,"[0, 1, 2, 3, 4, 5, 7]",93.01580810546875,0.0,46.44097900390625,141,93.01580810546875,38.86540412902832,46.44097900390625,141
2025-07-17T20:32:30.157344,2,30,"[0, 1, 2, 3, 4, 5, 6, 7]",93.01580810546875,0.0,46.44097900390625,141,93.01580810546875,38.86540412902832,46.44097900390625,141
2025-07-17T20:32:30.164587,3,30,"[0, 1, 2, 3, 4, 5, 7]",93.01580810546875,0.0,46.44097900390625,141,93.01580810546875,38.86540412902832,46.44097900390625,141
2025-07-17T20:32:30.172344,4,30,"[0, 1, 2, 3, 4, 5, 7]",93.01580810546875,0.0,46.44097900390625,141,93.01580810546875,38.86540412902832,46.44097900390625,141
2025-07-17T20:32:30.184204,0,31,"[0, 1, 2, 3, 4, 5, 6, 7]",93.01580810546875,0.0,46.44097900390625,141,93.01580810546875,38.87229824066162,46.44097900390625,141
2025-07-17T20:32:30.188129,1,31,"[0, 1, 2, 3, 4, 5, 6, 7]",93.01580810546875,0.0,46.44097900390625,141,93.01580810546875,38.86909008026123,46.44097900390625,141
2025-07-17T20:32:30.197098,2,31,"[0, 1, 2, 3, 4, 5, 6, 7]",93.01580810546875,0.0,46.44097900390625,141,93.01580810546875,38.86562442779541,46.44097900390625,141
2025-07-17T20:32:30.210880,3,31,"[0, 1, 2, 3, 4, 5, 6, 7]",93.01580810546875,0.0,46.44097900390625,141,93.01580810546875,38.86299800872803,46.44097900390625,141
2025-07-17T20:32:30.213357,4,31,"[0, 1, 2, 3, 4, 5, 6, 7]",93.01580810546875,0.0,46.44097900390625,141,93.01580810546875,38.86002254486084,46.44097900390625,141
2025-07-17T20:32:30.224576,0,0,"[0, 1, 2, 3, 4, 5, 6, 7]",93.01580810546875,0.0,46.44097900390625,141,93.01580810546875,38.85531425476074,46.44097900390625,141
2025-07-17T20:32:30.232102,1,0,"[0, 1, 2, 4, 5, 6, 7]",93.01580810546875,0.0,46.44097900390625,141,93.01580810546875,38.85852241516113,46.44097900390625,141
2025-07-17T20:32:30.239831,2,0,"[0, 1, 2, 3, 4, 5, 6, 7]",93.01580810546875,0.0,46.44097900390625,141,93.01580810546875,38.86149787902832,46.44097900390625,141
2025-07-17T20:32:30.248377,3,0,"[0, 1, 2, 4, 5, 6, 7]",93.01580810546875,0.0,46.44097900390625,141,93.01580810546875,38.86438179016113,46.44097900390625,141
2025-07-17T20:32:30.256222,4,0,"[0, 1, 2, 4, 5, 6, 7]",93.01580810546875,0.0,46.44097900390625,141,93.01580810546875,38.86540412902832,46.44097900390625,141
2025-07-17T20:32:30.264122,0,1,"[0, 1, 2, 3, 4, 5, 6, 7]",93.01580810546875,0.0,46.44097900390625,141,93.01580810546875,38.86540412902832,46.44097900390625,141
2025-07-17T20:32:30.276619,1,1,"[0, 1, 2, 3, 4, 5, 6, 7]",93.01580810546875,0.0,46.44097900390625,141,93.01580810546875,38.86540412902832,46.44097900390625,141
2025-07-17T20:32:30.278971,2,1,"[0, 1, 2, 3, 4, 5, 6, 7]",93.01580810546875,0.0,46.44097900390625,141,93.01580810546875,38.86540412902832,46.44097900390625,141
2025-07-17T20:32:30.292171,3,1,"[0, 1, 2, 3, 4, 5, 6, 7]",93.01580810546875,0.0,46.44097900390625,141,93.01580810546875,38.86540412902832,46.44097900390625,141
2025-07-17T20:32:30.294317,4,1,"[0, 1, 2, 3, 4, 5, 6, 7]",93.01580810546875,0.0,46.44097900390625,141,93.01580810546875,38.86540412902832,46.44097900390625,141
2025-07-17T20:32:30.307273,0,2,"[0, 1, 2, 3, 4, 5, 6, 7]",93.01580810546875,0.0,46.44097900390625,141,93.01580810546875,38.86540412902832,46.44097900390625,141
2025-07-17T20:32:30.315279,1,2,"[0, 1, 2, 3, 4, 5, 6, 7]",93.01580810546875,0.0,46.44097900390625,141,93.01580810546875,38.86540412902832,46.44097900390625,141
2025-07-17T20:32:30.317238,2,2,"[0, 1, 2, 3, 4, 5, 6, 7]",93.01580810546875,0.0,46.44097900390625,141,93.01580810546875,38.86540412902832,46.44097900390625,141
2025-07-17T20:32:30.324198,3,2,"[0, 1, 2, 3, 4, 5, 6, 7]",93.01580810546875,0.0,46.44097900390625,141,93.01580810546875,38.86540412902832,46.44097900390625,141
2025-07-17T20:32:30.331814,4,2,"[0, 1, 2, 3, 4, 5, 6, 7]",93.01580810546875,0.0,46.44097900390625,141,93.01580810546875,38.86540412902832,46.44097900390625,141
2025-07-17T20:32:30.340742,0,3,"[0, 1, 2, 3, 4, 5, 6, 7]",93.01580810546875,0.0,46.44097900390625,141,93.01580810546875,38.86540412902832,46.44097900390625,141
2025-07-17T20:32:30.353021,1,3,"[0, 1, 3, 4, 5, 6, 7]",93.01580810546875,0.0,46.44097900390625,141,93.01580810546875,38.86540412902832,46.44097900390625,141
2025-07-17T20:32:30.355203,2,3,"[0, 1, 2, 3, 4, 5, 6, 7]",93.01580810546875,0.0,46.44097900390625,141,93.01580810546875,38.86540412902832,46.44097900390625,141
2025-07-17T20:32:30.363452,3,3,"[0, 1, 3, 4, 5, 6, 7]",93.01580810546875,0.0,46.44097900390625,141,93.01580810546875,38.86540412902832,46.44097900390625,141
2025-07-17T20:32:30.370819,4,3,"[0, 1, 3, 4, 5, 6, 7]",93.01580810546875,0.0,46.44097900390625,141,93.01580810546875,38.86540412902832,46.44097900390625,141
2025-07-17T20:32:30.378273,0,4,"[0, 1, 2, 3, 4, 5, 6, 7]",93.01580810546875,0.0,46.44097900390625,141,93.01580810546875,38.86540412902832,46.44097900390625,141
2025-07-17T20:32:30.384987,1,4,"[0, 1, 2, 3, 4, 5, 6, 7]",93.01580810546875,0.0,46.44097900390625,141,93.01580810546875,38.86540412902832,46.44097900390625,141
2025-07-17T20:32:30.397207,2,4,"[0, 1, 2, 3, 4, 5, 6, 7]",93.01580810546875,0.0,46.44097900390625,141,93.01580810546875,38.86540412902832,46.44097900390625,141
2025-07-17T20:32:30.399420,3,4,"[0, 1, 2, 3, 4, 5, 6, 7]",93.01580810546875,0.0,46.44097900390625,141,93.01580810546875,38.86540412902832,46.44097900390625,141
2025-07-17T20:32:30.407148,4,4,"[0, 1, 2, 3, 4, 5, 6, 7]",93.01580810546875,0.0,46.44097900390625,141,93.01580810546875,38.86540412902832,46.44097900390625,141
2025-07-17T20:32:30.419293,0,5,"[0, 1, 2, 3, 4, 5, 6, 7]",93.01580810546875,0.0,46.44097900390625,141,93.01580810546875,38.86540412902832,46.44097900390625,141
2025-07-17T20:32:30.421784,1,5,"[0, 1, 2, 3, 4, 5, 6, 7]",93.01580810546875,0.0,46.44097900390625,141,93.01580810546875,38.86540412902832,46.44097900390625,141
2025-07-17T20:32:30.429936,2,5,"[0, 1, 2, 3, 4, 5, 6, 7]",93.01580810546875,0.0,46.44097900390625,141,93.01580810546875,38.86540412902832,46.44097900390625,141
2025-07-17T20:32:30.436948,3,5,"[0, 1, 2, 3, 4, 5, 6, 7]",93.01580810546875,0.0,46.44097900390625,141,93.01580810546875,38.86540412902832,46.44097900390625,141
2025-07-17T20:32:30.448888,4,5,"[0, 1, 2, 3, 4, 5, 6, 7]",93.01580810546875,0.0,46.44097900390625,141,93.01580810546875,38.86540412902832,46.44097900390625,141
2025-07-17T20:32:30.457118,0,6,"[0, 1, 2, 3, 4, 5, 6, 7]",93.01580810546875,0.0,46.44097900390625,141,93.01580810546875,38.86540412902832,46.44097900390625,141
2025-07-17T20:32:30.459201,1,6,"[0, 1, 2, 3, 4, 5, 6, 7]",93.01580810546875,0.0,46.44097900390625,141,93.01580810546875,38.86540412902832,46.44097900390625,141
2025-07-17T20:32:30.467072,2,6,"[0, 1, 2, 3, 4, 5, 6, 7]",93.01580810546875,0.0,46.44097900390625,141,93.01580810546875,38.86540412902832,46.44097900390625,141
2025-07-17T20:32:30.479773,3,6,"[0, 1, 2, 3, 4, 5, 6, 7]",93.01580810546875,0.0,46.44097900390625,141,93.01580810546875,38.86540412902832,46.44097900390625,141
2025-07-17T20:32:30.481883,4,6,"[0, 1, 2, 3, 4, 5, 6, 7]",93.01580810546875,0.0,46.44097900390625,141,93.01580810546875,38.86540412902832,46.44097900390625,141
2025-07-17T20:32:30.489680,0,7,"[0, 1, 2, 3, 4, 5, 6, 7]",93.01580810546875,0.0,46.44097900390625,141,93.01580810546875,38.86540412902832,46.44097900390625,141
2025-07-17T20:32:30.497001,1,7,"[0, 1, 2, 3, 4, 5, 6, 7]",93.01580810546875,0.0,46.44097900390625,141,93.01580810546875,38.86540412902832,46.44097900390625,141
2025-07-17T20:32:30.503426,2,7,"[0, 1, 2, 3, 4, 5, 6, 7]",93.01580810546875,0.0,46.44097900390625,141,93.01580810546875,38.86540412902832,46.44097900390625,141
2025-07-17T20:32:30.511446,3,7,"[0, 1, 2, 3, 4, 5, 6, 7]",93.01580810546875,0.0,46.44097900390625,141,93.01580810546875,38.86540412902832,46.44097900390625,141
2025-07-17T20:32:30.519138,4,7,"[0, 1, 2, 3, 4, 5, 6, 7]",93.01580810546875,0.0,46.44097900390625,141,93.01580810546875,38.86540412902832,46.44097900390625,141
2025-07-17T20:32:30.526740,0,8,"[0, 1, 2, 3, 4, 5, 6, 7]",93.01580810546875,0.0,46.44097900390625,141,93.01580810546875,38.86540412902832,46.44097900390625,141
2025-07-17T20:32:30.532947,1,8,"[0, 1, 2, 3, 4, 5, 6, 7]",93.01580810546875,0.0,46.44097900390625,141,93.01580810546875,38.86540412902832,46.44097900390625,141
2025-07-17T20:32:30.540158,2,8,"[0, 1, 2, 3, 4, 5, 6, 7]",93.01580810546875,0.0,46.44097900390625,141,93.01580810546875,38.86540412902832,46.44097900390625,141
2025-07-17T20:32:30.547522,3,8,"[0, 1, 2, 3, 4, 5, 6, 7]",93.01580810546875,0.0,46.44097900390625,141,93.01580810546875,38.86540412902832,46.44097900390625,141
2025-07-17T20:32:30.554742,4,8,"[0, 1, 2, 3, 4, 5, 6, 7]",93.01580810546875,0.0,46.44097900390625,141,93.01580810546875,38.86540412902832,46.44097900390625,141
2025-07-17T20:32:30.562083,0,9,"[0, 1, 2, 3, 4, 5, 6, 7]",93.01580810546875,0.0,46.44097900390625,141,93.01580810546875,38.86540412902832,46.44097900390625,141
2025-07-17T20:32:30.569538,1,9,"[0, 1, 2, 3, 4, 5, 6, 7]",93.01580810546875,0.0,46.44097900390625,141,93.01580810546875,38.86540412902832,46.44097900390625,141
2025-07-17T20:32:30.577086,2,9,"[0, 1, 2, 3, 4, 5, 6, 7]",93.01580810546875,0.0,46.44097900390625,141,93.01580810546875,38.86540412902832,46.44097900390625,141
2025-07-17T20:32:30.591024,3,9,"[0, 1, 2, 3, 4, 5, 6, 7]",93.01580810546875,0.0,46.44097900390625,141,93.01580810546875,38.86540412902832,46.44097900390625,141
2025-07-17T20:32:30.593414,4,9,"[0, 1, 2, 3, 4, 5, 6, 7]",93.01580810546875,0.0,46.44097900390625,141,93.01580810546875,38.86540412902832,46.44097900390625,141
2025-07-17T20:32:30.600542,0,10,"[0, 1, 2, 3, 4, 5, 6, 7]",93.01580810546875,0.0,46.44097900390625,141,93.01580810546875,38.86540412902832,46.44097900390625,141
2025-07-17T20:32:30.607223,1,10,"[0, 1, 2, 3, 4, 5, 6, 7]",93.01580810546875,0.0,46.44097900390625,141,93.01580810546875,38.86540412902832,46.44097900390625,141
2025-07-17T20:32:30.619544,2,10,"[0, 1, 2, 3, 4, 5, 6, 7]",93.01580810546875,0.0,46.44097900390625,141,93.01580810546875,38.86540412902832,46.44097900390625,141
2025-07-17T20:32:30.621657,3,10,"[0, 1, 2, 3, 4, 5, 6, 7]",93.01580810546875,0.0,46.44097900390625,141,93.01580810546875,38.86540412902832,46.44097900390625,141
2025-07-17T20:32:30.628082,4,10,"[0, 1, 2, 3, 4, 5, 6, 7]",93.01580810546875,0.0,46.44097900390625,141,93.01580810546875,38.86540412902832,46.44097900390625,141
2025-07-17T20:32:30.634956,0,11,"[0, 1, 2, 3, 4, 5, 6, 7]",93.01580810546875,0.0,46.44097900390625,141,93.01580810546875,38.86540412902832,46.44097900390625,141
2025-07-17T20:32:30.642306,1,11,"[0, 1, 2, 3, 4, 5, 6, 7]",93.01580810546875,0.0,46.44097900390625,141,93.01580810546875,38.86540412902832,46.44097900390625,141
2025-07-17T20:32:30.648580,2,11,"[0, 1, 2, 3, 4, 5, 6, 7]",93.01580810546875,0.0,46.44097900390625,141,93.01580810546875,38.86540412902832,46.44097900390625,141
2025-07-17T20:32:30.655771,3,11,"[0, 1, 2, 3, 4, 5, 6, 7]",93.01580810546875,0.0,46.44097900390625,141,93.01580810546875,38.86540412902832,46.44097900390625,141
2025-07-17T20:32:30.662009,4,11,"[0, 1, 2, 3, 4, 5, 6, 7]",93.01580810546875,0.0,46.44097900390625,141,93.01580810546875,38.86540412902832,46.44097900390625,141
2025-07-17T20:32:30.669924,0,12,"[0, 1, 2, 3, 4, 5, 6, 7]",93.01580810546875,0.0,46.44097900390625,141,93.01580810546875,38.86540412902832,46.44097900390625,141
2025-07-17T20:32:30.677304,1,12,"[0, 1, 2, 3, 4, 5]",93.01580810546875,0.0,46.44097900390625,141,93.01580810546875,38.86540412902832,46.44097900390625,141
2025-07-17T20:32:30.685321,2,12,"[0, 1, 2, 3, 4, 5, 6, 7]",93.01580810546875,0.0,46.44097900390625,141,93.01580810546875,38.86540412902832,46.44097900390625,141
2025-07-17T20:32:30.694080,3,12,"[0, 1, 2, 3, 4, 5]",93.01580810546875,0.0,46.44097900390625,141,93.01580810546875,38.86540412902832,46.44097900390625,141
2025-07-17T20:32:30.701737,4,12,"[0, 1, 2, 3, 4, 5]",93.01580810546875,0.0,46.44097900390625,141,93.01580810546875,38.86540412902832,46.44097900390625,141
2025-07-17T20:32:30.708303,0,13,"[0, 1, 2, 3, 4, 5, 6, 7]",93.01580810546875,0.0,46.44097900390625,141,93.01580810546875,38.86540412902832,46.44097900390625,141
2025-07-17T20:32:30.715382,1,13,"[0, 1, 2, 4, 5, 6, 7]",93.01580810546875,0.0,46.44097900390625,141,93.01580810546875,38.86540412902832,46.44097900390625,141
2025-07-17T20:32:30.722630,2,13,"[0, 1, 2, 3, 4, 5, 6, 7]",93.01580810546875,0.0,46.44097900390625,141,93.01580810546875,38.86540412902832,46.44097900390625,141
2025-07-17T20:32:30.729635,3,13,"[0, 1, 2, 4, 5, 6, 7]",93.01580810546875,0.0,46.44097900390625,141,93.01580810546875,38.86540412902832,46.44097900390625,141
2025-07-17T20:32:30.741394,4,13,"[0, 1, 2, 4, 5, 6, 7]",93.01580810546875,0.0,46.44097900390625,141,93.01580810546875,38.86540412902832,46.44097900390625,141
2025-07-17T20:32:30.748133,0,14,"[0, 1, 2, 3, 4, 5, 6, 7]",93.01580810546875,0.0,46.44097900390625,141,93.01580810546875,38.86540412902832,46.44097900390625,141
2025-07-17T20:32:30.756669,1,14,"[0, 1, 2, 3, 4, 5, 6, 7]",93.01580810546875,0.0,46.44097900390625,141,93.01580810546875,38.86540412902832,46.44097900390625,141
2025-07-17T20:32:30.759164,2,14,"[0, 1, 2, 3, 4, 5, 6, 7]",93.01580810546875,0.0,46.44097900390625,141,93.01580810546875,38.86540412902832,46.44097900390625,141
2025-07-17T20:32:30.766535,3,14,"[0, 1, 2, 3, 4, 5, 6, 7]",93.01580810546875,0.0,46.44097900390625,141,93.01580810546875,38.86540412902832,46.44097900390625,141
2025-07-17T20:32:30.774048,4,14,"[0, 1, 2, 3, 4, 5, 6, 7]",93.01580810546875,0.0,46.44097900390625,141,93.01580810546875,38.86540412902832,46.44097900390625,141
2025-07-17T20:32:30.781206,0,15,"[0, 1, 2, 3, 4, 5, 6, 7]",93.01580810546875,0.0,46.44097900390625,141,93.01580810546875,38.86540412902832,46.44097900390625,141
2025-07-17T20:32:30.788424,1,15,"[0, 1, 2, 3, 4, 5, 6, 7]",93.01580810546875,0.0,46.44097900390625,141,93.01580810546875,38.86540412902832,46.44097900390625,141
2025-07-17T20:32:30.796437,2,15,"[0, 1, 2, 3, 4, 5, 6, 7]",93.01580810546875,0.0,46.44097900390625,141,93.01580810546875,38.86540412902832,46.44097900390625,141
2025-07-17T20:32:30.803219,3,15,"[0, 1, 2, 3, 4, 5, 6, 7]",93.01580810546875,0.0,46.44097900390625,141,93.01580810546875,38.86540412902832,46.44097900390625,141
2025-07-17T20:32:30.810802,4,15,"[0, 1, 2, 3, 4, 5, 6, 7]",93.01580810546875,0.0,46.44097900390625,141,93.01580810546875,38.86540412902832,46.44097900390625,141
2025-07-17T20:32:30.817441,0,16,"[0, 1, 2, 3, 4, 5, 6, 7]",93.01580810546875,0.0,46.44097900390625,141,93.01580810546875,38.86540412902832,46.44097900390625,141
2025-07-17T20:32:30.830143,1,16,"[0, 1, 2, 3, 4, 5, 6, 7]",93.01580810546875,0.0,46.44097900390625,141,93.01580810546875,38.86540412902832,46.44097900390625,141
2025-07-17T20:32:30.832240,2,16,"[0, 1, 2, 3, 4, 5, 6, 7]",93.01580810546875,0.0,46.44097900390625,141,93.01580810546875,38.86540412902832,46.44097900390625,141
2025-07-17T20:32:30.839025,3,16,"[0, 1, 2, 3, 4, 5, 6, 7]",93.01580810546875,0.0,46.44097900390625,141,93.01580810546875,38.86540412902832,46.44097900390625,141
2025-07-17T20:32:30.846229,4,16,"[0, 1, 2, 3, 4, 5, 6, 7]",93.01580810546875,0.0,46.44097900390625,141,93.01580810546875,38.86540412902832,46.44097900390625,141
2025-07-17T20:32:30.859505,0,17,"[0, 1, 2, 3, 4, 5, 6, 7]",93.01580810546875,0.0,46.44097900390625,141,93.01580810546875,38.86540412902832,46.44097900390625,141
2025-07-17T20:32:30.861871,1,17,"[0, 1, 2, 3, 4, 5, 6, 7]",93.01580810546875,0.0,46.44097900390625,141,93.01580810546875,38.86540412902832,46.44097900390625,141
2025-07-17T20:32:30.868833,2,17,"[0, 1, 2, 3, 4, 5, 6, 7]",93.01580810546875,0.0,46.44097900390625,141,93.01580810546875,38.86540412902832,46.44097900390625,141
2025-07-17T20:32:30.875223,3,17,"[0, 1, 2, 3, 4, 5, 6, 7]",93.01580810546875,0.0,46.44097900390625,141,93.01580810546875,38.86540412902832,46.44097900390625,141
2025-07-17T20:32:30.883621,4,17,"[0, 1, 2, 3, 4, 5, 6, 7]",93.01580810546875,0.0,46.44097900390625,141,93.01580810546875,38.86540412902832,46.44097900390625,141
2025-07-17T20:32:30.896693,0,18,"[0, 1, 2, 3, 4, 5, 6, 7]",93.01580810546875,0.0,46.44097900390625,141,93.01580810546875,38.86540412902832,46.44097900390625,141
2025-07-17T20:32:30.898748,1,18,"[0, 1, 2, 3, 4, 5, 6, 7]",93.01580810546875,0.0,46.44097900390625,141,93.01580810546875,38.86540412902832,46.44097900390625,141
2025-07-17T20:32:30.906589,2,18,"[0, 1, 2, 3, 4, 5, 6, 7]",93.01580810546875,0.0,46.44097900390625,141,93.01580810546875,38.86540412902832,46.44097900390625,141
2025-07-17T20:32:30.913629,3,18,"[0, 1, 2, 3, 4, 5, 6, 7]",93.01580810546875,0.0,46.44097900390625,141,93.01580810546875,38.86540412902832,46.44097900390625,141
2025-07-17T20:32:30.924824,4,18,"[0, 1, 2, 3, 4, 5, 6, 7]",93.01580810546875,0.0,46.44097900390625,141,93.01580810546875,38.86540412902832,46.44097900390625,141
2025-07-17T20:32:30.931785,0,19,"[0, 1, 2, 3, 4, 5, 6, 7]",93.01580810546875,0.0,46.44097900390625,141,93.01580810546875,38.86540412902832,46.44097900390625,141
2025-07-17T20:32:30.939756,1,19,"[0, 1, 2, 3, 4, 5, 6, 7]",93.01580810546875,0.0,46.44097900390625,141,93.01580810546875,38.86540412902832,46.44097900390625,141
2025-07-17T20:32:30.948353,2,19,"[0, 1, 2, 3, 4, 5, 6, 7]",93.01580810546875,0.0,46.44097900390625,141,93.01580810546875,38.86540412902832,46.44097900390625,141
2025-07-17T20:32:30.950668,3,19,"[0, 1, 2, 3, 4, 5, 6, 7]",93.01580810546875,0.0,46.44097900390625,141,93.01580810546875,38.86540412902832,46.44097900390625,141
2025-07-17T20:32:30.958953,4,19,"[0, 1, 2, 3, 4, 5, 6, 7]",93.01580810546875,0.0,46.44097900390625,141,93.01580810546875,38.86540412902832,46.44097900390625,141
2025-07-17T20:32:30.965488,0,20,"[0, 1, 2, 3, 4, 5, 6, 7]",93.01580810546875,0.0,46.44097900390625,141,93.01580810546875,38.86540412902832,46.44097900390625,141
2025-07-17T20:32:30.972770,1,20,"[0, 1, 2, 3, 4, 5, 6, 7]",93.01580810546875,0.0,46.44097900390625,141,93.01580810546875,38.86540412902832,46.44097900390625,141
2025-07-17T20:32:30.979562,2,20,"[0, 1, 2, 3, 4, 5, 6, 7]",93.01580810546875,0.0,46.44097900390625,141,93.01580810546875,38.86540412902832,46.44097900390625,141
2025-07-17T20:32:30.986317,3,20,"[0, 1, 2, 3, 4, 5, 6, 7]",93.01580810546875,0.0,46.44097900390625,141,93.01580810546875,38.86540412902832,46.44097900390625,141
2025-07-17T20:32:30.993002,4,20,"[0, 1, 2, 3, 4, 5, 6, 7]",93.01580810546875,0.0,46.44097900390625,141,93.01580810546875,38.86540412902832,46.44097900390625,141
2025-07-17T20:32:30.999501,0,21,"[0, 1, 2, 3, 4, 5, 6, 7]",93.01580810546875,0.0,46.44097900390625,141,93.01580810546875,38.86540412902832,46.44097900390625,141
2025-07-17T20:32:31.005902,1,21,"[0, 1, 2, 3, 4, 5, 7]",93.01580810546875,0.0,46.44097900390625,141,93.01580810546875,38.86540412902832,46.44097900390625,141
2025-07-17T20:32:31.013333,2,21,"[0, 1, 2, 3, 4, 5, 6, 7]",93.01580810546875,0.0,46.44097900390625,141,93.01580810546875,38.86540412902832,46.44097900390625,141
2025-07-17T20:32:31.026156,3,21,"[0, 1, 2, 3, 4, 5, 7]",93.01580810546875,0.0,46.44097900390625,141,93.01580810546875,38.86540412902832,46.44097900390625,141
2025-07-17T20:32:31.028292,4,21,"[0, 1, 2, 3, 4, 5, 7]",93.01580810546875,0.0,46.44097900390625,141,93.01580810546875,38.86540412902832,46.44097900390625,141
2025-07-17T20:32:31.036359,0,22,"[0, 1, 2, 3, 4, 5, 6, 7]",93.01580810546875,0.0,46.44097900390625,141,93.01580810546875,38.86540412902832,46.44097900390625,141
2025-07-17T20:32:31.043741,1,22,"[1, 2, 3, 4, 5, 6]",93.01580810546875,0.0,46.44097900390625,141,93.01580810546875,38.86540412902832,46.44097900390625,141
2025-07-17T20:32:31.050164,2,22,"[0, 1, 2, 3, 4, 5, 6, 7]",93.01580810546875,0.0,46.44097900390625,141,93.01580810546875,38.86540412902832,46.44097900390625,141
2025-07-17T20:32:31.057045,3,22,"[1, 2, 3, 4, 5, 6]",93.01580810546875,0.0,46.44097900390625,141,93.01580810546875,38.86540412902832,46.44097900390625,141
2025-07-17T20:32:31.065132,4,22,"[1, 2, 3, 4, 5, 6]",93.01580810546875,0.0,46.44097900390625,141,93.01580810546875,38.86540412902832,46.44097900390625,141
2025-07-17T20:32:31.078634,0,23,"[0, 1, 2, 3, 4, 5, 6, 7]",93.01580810546875,0.0,46.44097900390625,141,93.01580810546875,38.86540412902832,46.44097900390625,141
2025-07-17T20:32:31.080669,1,23,"[0, 1, 2, 3, 4, 5, 6, 7]",93.01580810546875,0.0,46.44097900390625,141,93.01580810546875,38.86540412902832,46.44097900390625,141
2025-07-17T20:32:31.093144,2,23,"[0, 1, 2, 3, 4, 5, 6, 7]",93.01580810546875,0.0,46.44097900390625,141,93.01580810546875,38.86540412902832,46.44097900390625,141
2025-07-17T20:32:31.096488,3,23,"[0, 1, 2, 3, 4, 5, 6, 7]",93.01580810546875,0.0,46.44097900390625,141,93.01580810546875,38.86540412902832,46.44097900390625,141
2025-07-17T20:32:31.108755,4,23,"[0, 1, 2, 3, 4, 5, 6, 7]",93.01580810546875,0.0,46.44097900390625,141,93.01580810546875,38.86540412902832,46.44097900390625,141
2025-07-17T20:32:31.111040,0,24,"[0, 1, 2, 3, 4, 5, 6, 7]",93.01580810546875,0.0,46.44097900390625,141,93.01580810546875,38.86540412902832,46.44097900390625,141
2025-07-17T20:32:31.123143,1,24,"[0, 1, 2, 3, 4, 5, 6, 7]",93.01580810546875,0.0,46.44097900390625,141,93.01580810546875,38.86540412902832,46.44097900390625,141
2025-07-17T20:32:31.125379,2,24,"[0, 1, 2, 3, 4, 5, 6, 7]",93.01580810546875,0.0,46.44097900390625,141,93.01580810546875,38.86540412902832,46.44097900390625,141
2025-07-17T20:32:31.131945,3,24,"[0, 1, 2, 3, 4, 5, 6, 7]",93.01580810546875,0.0,46.44097900390625,141,93.01580810546875,38.86540412902832,46.44097900390625,141
2025-07-17T20:32:31.139296,4,24,"[0, 1, 2, 3, 4, 5, 6, 7]",93.01580810546875,0.0,46.44097900390625,141,93.01580810546875,38.86540412902832,46.44097900390625,141
2025-07-17T20:32:31.152018,0,25,"[0, 1, 2, 3, 4, 5, 6, 7]",93.01580810546875,0.0,46.44097900390625,141,93.01580810546875,38.86540412902832,46.44097900390625,141
2025-07-17T20:32:31.154457,1,25,"[0, 1, 2, 3, 4, 5, 6, 7]",93.01580810546875,0.0,46.44097900390625,141,93.01580810546875,38.86540412902832,46.44097900390625,141
2025-07-17T20:32:31.160520,2,25,"[0, 1, 2, 3, 4, 5, 6, 7]",93.01580810546875,0.0,46.44097900390625,141,93.01580810546875,38.86540412902832,46.44097900390625,141
2025-07-17T20:32:31.167602,3,25,"[0, 1, 2, 3, 4, 5, 6, 7]",93.01580810546875,0.0,46.44097900390625,141,93.01580810546875,38.86540412902832,46.44097900390625,141
2025-07-17T20:32:31.174292,4,25,"[0, 1, 2, 3, 4, 5, 6, 7]",93.01580810546875,0.0,46.44097900390625,141,93.01580810546875,38.86540412902832,46.44097900390625,141
2025-07-17T20:32:31.181185,0,26,"[0, 1, 2, 3, 4, 5, 6, 7]",93.01580810546875,0.0,46.44097900390625,141,93.01580810546875,38.86540412902832,46.44097900390625,141
2025-07-17T20:32:31.188423,1,26,"[0, 1, 2, 3, 4, 5, 6, 7]",93.01580810546875,0.0,46.44097900390625,141,93.01580810546875,38.86540412902832,46.44097900390625,141
2025-07-17T20:32:31.195249,2,26,"[0, 1, 2, 3, 4, 5, 6, 7]",93.01580810546875,0.0,46.44097900390625,141,93.01580810546875,38.86540412902832,46.44097900390625,141
2025-07-17T20:32:31.207925,3,26,"[0, 1, 2, 3, 4, 5, 6, 7]",93.01580810546875,0.0,46.44097900390625,141,93.01580810546875,38.86540412902832,46.44097900390625,141
2025-07-17T20:32:31.209975,4,26,"[0, 1, 2, 3, 4, 5, 6, 7]",93.01580810546875,0.0,46.44097900390625,141,93.01580810546875,38.86540412902832,46.44097900390625,141
2025-07-17T20:32:31.222673,0,27,"[0, 1, 2, 3, 4, 5, 6, 7]",93.01580810546875,0.0,46.44097900390625,141,93.01580810546875,38.86540412902832,46.44097900390625,141
2025-07-17T20:32:31.229925,1,27,"[0, 1, 2, 3, 4, 5, 6, 7]",93.01580810546875,0.0,46.44097900390625,141,93.01580810546875,38.86540412902832,46.44097900390625,141
2025-07-17T20:32:31.232362,2,27,"[0, 1, 2, 3, 4, 5, 6, 7]",93.01580810546875,0.0,46.44097900390625,141,93.01580810546875,38.86540412902832,46.44097900390625,141
2025-07-17T20:32:31.244152,3,27,"[0, 1, 2, 3, 4, 5, 6, 7]",93.01580810546875,0.0,46.44097900390625,141,93.01580810546875,38.86540412902832,46.44097900390625,141
2025-07-17T20:32:31.251030,4,27,"[0, 1, 2, 3, 4, 5, 6, 7]",93.01580810546875,0.0,46.44097900390625,141,93.01580810546875,38.86540412902832,46.44097900390625,141
2025-07-17T20:32:31.258038,0,28,"[0, 1, 2, 3, 4, 5, 6, 7]",93.01580810546875,0.0,46.44097900390625,141,93.01580810546875,38.86482238769531,46.44097900390625,141
2025-07-17T20:32:31.264811,1,28,"[0, 1, 2, 3, 4, 5, 6, 7]",93.01580810546875,0.0,46.44097900390625,141,93.01580810546875,38.86482238769531,46.44097900390625,141
2025-07-17T20:32:31.271687,2,28,"[0, 1, 2, 3, 4, 5, 6, 7]",93.01580810546875,0.0,46.44097900390625,141,93.01580810546875,38.86482238769531,46.44097900390625,141
2025-07-17T20:32:31.278574,3,28,"[0, 1, 2, 3, 4, 5, 6, 7]",93.01580810546875,0.0,46.44097900390625,141,93.01580810546875,38.86456489562988,46.44097900390625,141
2025-07-17T20:32:31.284913,4,28,"[0, 1, 2, 3, 4, 5, 6, 7]",93.01580810546875,0.0,46.44097900390625,141,93.01580810546875,38.86540412902832,46.44097900390625,141
2025-07-17T20:32:31.291531,0,29,"[0, 1, 2, 3, 4, 5, 6, 7]",93.01580810546875,0.0,46.44097900390625,141,93.01580810546875,38.86540412902832,46.44097900390625,141
2025-07-17T20:32:31.300176,1,29,"[0, 1, 2, 3, 4, 5, 6, 7]",93.01580810546875,0.0,46.44097900390625,141,93.01580810546875,38.86540412902832,46.44097900390625,141
2025-07-17T20:32:31.307273,2,29,"[0, 1, 2, 3, 4, 5, 6, 7]",93.01580810546875,0.0,46.44097900390625,141,93.01580810546875,38.86540412902832,46.44097900390625,141
2025-07-17T20:32:31.313844,3,29,"[0, 1, 2, 3, 4, 5, 6, 7]",93.01580810546875,0.0,46.44097900390625,141,93.01580810546875,38.86540412902832,46.44097900390625,141
2025-07-17T20:32:31.321171,4,29,"[0, 1, 2, 3, 4, 5, 6, 7]",93.01580810546875,0.0,46.44097900390625,141,93.01580810546875,38.86540412902832,46.44097900390625,141
2025-07-17T20:32:31.329595,0,30,"[0, 1, 2, 3, 4, 5, 6, 7]",93.01580810546875,0.0,46.44097900390625,141,93.01580810546875,38.86540412902832,46.44097900390625,141
2025-07-17T20:32:31.336983,1,30,"[0, 1, 2, 3, 4, 5, 6, 7]",93.01580810546875,0.0,46.44097900390625,141,93.01580810546875,38.86540412902832,46.44097900390625,141
2025-07-17T20:32:31.343729,2,30,"[0, 1, 2, 3, 4, 5, 6, 7]",93.01580810546875,0.0,46.44097900390625,141,93.01580810546875,38.86540412902832,46.44097900390625,141
2025-07-17T20:32:31.350830,3,30,"[0, 1, 2, 3, 4, 5, 6, 7]",93.01580810546875,0.0,46.44097900390625,141,93.01580810546875,38.86540412902832,46.44097900390625,141
2025-07-17T20:32:31.357594,4,30,"[0, 1, 2, 3, 4, 5, 6, 7]",93.01580810546875,0.0,46.44097900390625,141,93.01580810546875,38.86540412902832,46.44097900390625,141
2025-07-17T20:32:31.365247,0,31,"[0, 1, 2, 3, 4, 5, 6, 7]",93.01580810546875,0.0,46.44097900390625,141,93.01580810546875,38.87287998199463,46.44097900390625,141
2025-07-17T20:32:31.368812,1,31,"[0, 1, 2, 3, 4, 5, 6, 7]",93.01580810546875,0.0,46.44097900390625,141,93.01580810546875,38.86967182159424,46.44097900390625,141
2025-07-17T20:32:31.381621,2,31,"[0, 1, 2, 3, 4, 5, 6, 7]",93.01580810546875,0.0,46.44097900390625,141,93.01580810546875,38.867045402526855,46.44097900390625,141
2025-07-17T20:32:31.386215,3,31,"[0, 1, 2, 3, 4, 5, 6, 7]",93.01580810546875,0.0,46.44097900390625,141,93.01580810546875,38.863837242126465,46.44097900390625,141
2025-07-17T20:32:31.394578,4,31,"[0, 1, 2, 3, 4, 5, 6, 7]",93.01580810546875,0.0,46.44097900390625,141,93.01580810546875,38.86002254486084,46.44097900390625,141
2025-07-17T20:32:31.409399,0,0,"[0, 1, 2, 3, 4, 5, 6, 7]",93.01580810546875,0.0,46.44097900390625,141,93.01580810546875,38.85531425476074,46.44097900390625,141
2025-07-17T20:32:31.416804,1,0,"[0, 1, 2, 3, 4, 5, 6, 7]",93.01580810546875,0.0,46.44097900390625,141,93.01580810546875,38.85852241516113,46.44097900390625,141
2025-07-17T20:32:31.420437,2,0,"[0, 1, 2, 3, 4, 5, 6, 7]",93.01580810546875,0.0,46.44097900390625,141,93.01580810546875,38.86149787902832,46.44097900390625,141
2025-07-17T20:32:31.428049,3,0,"[0, 1, 2, 3, 4, 5, 6, 7]",93.01580810546875,0.0,46.44097900390625,141,93.01580810546875,38.86438179016113,46.44097900390625,141
2025-07-17T20:32:31.435370,4,0,"[0, 1, 2, 3, 4, 5, 6, 7]",93.01580810546875,0.0,46.44097900390625,141,93.01580810546875,38.86540412902832,46.44097900390625,141
2025-07-17T20:32:31.443474,0,1,"[0, 1, 2, 3, 4, 5, 6, 7]",93.01580810546875,0.0,46.44097900390625,141,93.01580810546875,38.86540412902832,46.44097900390625,141
2025-07-17T20:32:31.451730,1,1,"[0, 1, 2, 3, 4, 5, 6, 7]",93.01580810546875,0.0,46.44097900390625,141,93.01580810546875,38.86540412902832,46.44097900390625,141
2025-07-17T20:32:31.458800,2,1,"[0, 1, 2, 3, 4, 5, 6]",93.01580810546875,0.0,46.44097900390625,141,93.01580810546875,38.86540412902832,46.44097900390625,141
2025-07-17T20:32:31.466991,3,1,"[0, 1, 2, 3, 4, 5, 6, 7]",93.01580810546875,0.0,46.44097900390625,141,93.01580810546875,38.86540412902832,46.44097900390625,141
2025-07-17T20:32:31.474078,4,1,"[0, 1, 2, 3, 4, 5, 6, 7]",93.01580810546875,0.0,46.44097900390625,141,93.01580810546875,38.86540412902832,46.44097900390625,141
2025-07-17T20:32:31.481818,0,2,"[0, 1, 2, 3, 4, 5, 6, 7]",93.01580810546875,0.0,46.44097900390625,141,93.01580810546875,38.86540412902832,46.44097900390625,141
2025-07-17T20:32:31.494858,1,2,"[0, 1, 2, 3, 4, 5, 6, 7]",93.01580810546875,0.0,46.44097900390625,141,93.01580810546875,38.86540412902832,46.44097900390625,141
2025-07-17T20:32:31.497228,2,2,"[0, 1, 2, 3, 4, 5, 6, 7]",93.01580810546875,0.0,46.44097900390625,141,93.01580810546875,38.86540412902832,46.44097900390625,141
2025-07-17T20:32:31.504290,3,2,"[0, 1, 2, 3, 4, 5, 6, 7]",93.01580810546875,0.0,46.44097900390625,141,93.01580810546875,38.86540412902832,46.44097900390625,141
2025-07-17T20:32:31.510902,4,2,"[0, 1, 2, 3, 4, 5, 6, 7]",93.01580810546875,0.0,46.44097900390625,141,93.01580810546875,38.86540412902832,46.44097900390625,141
2025-07-17T20:32:31.518036,0,3,"[0, 1, 2, 3, 4, 5, 6, 7]",93.01580810546875,0.0,46.44097900390625,141,93.01580810546875,38.86540412902832,46.44097900390625,141
2025-07-17T20:32:31.530927,1,3,"[0, 1, 2, 3, 4, 5, 6, 7]",93.01580810546875,0.0,46.44097900390625,141,93.01580810546875,38.86540412902832,46.44097900390625,141
2025-07-17T20:32:31.533739,2,3,"[0, 1, 2, 3, 4, 5, 6, 7]",93.01580810546875,0.0,46.44097900390625,141,93.01580810546875,38.86540412902832,46.44097900390625,141
2025-07-17T20:32:31.540711,3,3,"[0, 1, 2, 3, 4, 5, 6, 7]",93.01580810546875,0.0,46.44097900390625,141,93.01580810546875,38.86540412902832,46.44097900390625,141
2025-07-17T20:32:31.548206,4,3,"[0, 1, 2, 3, 4, 5, 6, 7]",93.01580810546875,0.0,46.44097900390625,141,93.01580810546875,38.86540412902832,46.44097900390625,141
2025-07-17T20:32:31.555221,0,4,"[0, 1, 2, 3, 4, 5, 6, 7]",93.01580810546875,0.0,46.44097900390625,141,93.01580810546875,38.86540412902832,46.44097900390625,141
2025-07-17T20:32:31.566664,1,4,"[0, 1, 2, 3, 4, 5, 6, 7]",93.01580810546875,0.0,46.44097900390625,141,93.01580810546875,38.86540412902832,46.44097900390625,141
2025-07-17T20:32:31.568652,2,4,"[0, 1, 2, 3, 4, 5, 6, 7]",93.01580810546875,0.0,46.44097900390625,141,93.01580810546875,38.86540412902832,46.44097900390625,141
2025-07-17T20:32:31.574924,3,4,"[0, 1, 2, 3, 4, 5, 6, 7]",93.01580810546875,0.0,46.44097900390625,141,93.01580810546875,38.86540412902832,46.44097900390625,141
2025-07-17T20:32:31.581942,4,4,"[0, 1, 2, 3, 4, 5, 6, 7]",93.01580810546875,0.0,46.44097900390625,141,93.01580810546875,38.86540412902832,46.44097900390625,141
2025-07-17T20:32:31.594610,0,5,"[0, 1, 2, 3, 4, 5, 6, 7]",93.01580810546875,0.0,46.44097900390625,141,93.01580810546875,38.86540412902832,46.44097900390625,141
2025-07-17T20:32:31.596533,1,5,"[0, 1, 2, 3, 4, 5, 6, 7]",93.01580810546875,0.0,46.44097900390625,141,93.01580810546875,38.86540412902832,46.44097900390625,141
2025-07-17T20:32:31.603558,2,5,"[0, 1, 2, 3, 4, 5, 6, 7]",93.01580810546875,0.0,46.44097900390625,141,93.01580810546875,38.86540412902832,46.44097900390625,141
2025-07-17T20:32:31.609941,3,5,"[0, 1, 2, 3, 4, 5, 6, 7]",93.01580810546875,0.0,46.44097900390625,141,93.01580810546875,38.86540412902832,46.44097900390625,141
2025-07-17T20:32:31.620894,4,5,"[0, 1, 2, 3, 4, 5, 6, 7]",93.01580810546875,0.0,46.44097900390625,141,93.01580810546875,38.86540412902832,46.44097900390625,141
2025-07-17T20:32:31.628937,0,6,"[0, 1, 2, 3, 4, 5, 6, 7]",93.01580810546875,0.0,46.44097900390625,141,93.01580810546875,38.86540412902832,46.44097900390625,141
2025-07-17T20:32:31.636880,1,6,"[0, 1, 2, 3, 4, 5, 6, 7]",93.01580810546875,0.0,46.44097900390625,141,93.01580810546875,38.86540412902832,46.44097900390625,141
2025-07-17T20:32:31.644051,2,6,"[0, 1, 2, 3, 4, 5, 6, 7]",93.01580810546875,0.0,46.44097900390625,141,93.01580810546875,38.86540412902832,46.44097900390625,141
2025-07-17T20:32:31.651394,3,6,"[0, 1, 2, 3, 4, 5, 6, 7]",93.01580810546875,0.0,46.44097900390625,141,93.01580810546875,38.86540412902832,46.44097900390625,141
2025-07-17T20:32:31.658626,4,6,"[0, 1, 2, 3, 4, 5, 6, 7]",93.01580810546875,0.0,46.44097900390625,141,93.01580810546875,38.86540412902832,46.44097900390625,141
2025-07-17T20:32:31.666167,0,7,"[0, 1, 2, 3, 4, 5, 6, 7]",93.01580810546875,0.0,46.44097900390625,141,93.01580810546875,38.86540412902832,46.44097900390625,141
2025-07-17T20:32:31.673083,1,7,"[0, 1, 2, 3, 4, 5, 6, 7]",93.01580810546875,0.0,46.44097900390625,141,93.01580810546875,38.86540412902832,46.44097900390625,141
2025-07-17T20:32:31.681081,2,7,"[0, 1, 2, 3, 4, 5, 6, 7]",93.01580810546875,0.0,46.44097900390625,141,93.01580810546875,38.86540412902832,46.44097900390625,141
2025-07-17T20:32:31.683358,3,7,"[0, 1, 2, 3, 4, 5, 6, 7]",93.01580810546875,0.0,46.44097900390625,141,93.01580810546875,38.86540412902832,46.44097900390625,141
2025-07-17T20:32:31.696345,4,7,"[0, 1, 2, 3, 4, 5, 6, 7]",93.01580810546875,0.0,46.44097900390625,141,93.01580810546875,38.86540412902832,46.44097900390625,141
2025-07-17T20:32:31.698617,0,8,"[0, 1, 2, 3, 4, 5, 6, 7]",93.01580810546875,0.0,46.44097900390625,141,93.01580810546875,38.86540412902832,46.44097900390625,141
2025-07-17T20:32:31.705674,1,8,"[0, 1, 2, 3, 4, 5, 6, 7]",93.01580810546875,0.0,46.44097900390625,141,93.01580810546875,38.86540412902832,46.44097900390625,141
2025-07-17T20:32:31.713272,2,8,"[0, 1, 2, 3, 4, 5, 6, 7]",93.01580810546875,0.0,46.44097900390625,141,93.01580810546875,38.86540412902832,46.44097900390625,141
2025-07-17T20:32:31.721139,3,8,"[0, 1, 2, 3, 4, 5, 6, 7]",93.01580810546875,0.0,46.44097900390625,141,93.01580810546875,38.86540412902832,46.44097900390625,141
2025-07-17T20:32:31.731976,4,8,"[0, 1, 2, 3, 4, 5, 6, 7]",93.01580810546875,0.0,46.44097900390625,141,93.01580810546875,38.86540412902832,46.44097900390625,141
2025-07-17T20:32:31.738869,0,9,"[0, 1, 2, 3, 4, 5, 6, 7]",93.01580810546875,0.0,46.44097900390625,141,93.01580810546875,38.86540412902832,46.44097900390625,141
2025-07-17T20:32:31.745887,1,9,"[0, 1, 2, 3, 4, 5, 7]",93.01580810546875,0.0,46.44097900390625,141,93.01580810546875,38.86540412902832,46.44097900390625,141
2025-07-17T20:32:31.752321,2,9,"[0, 1, 2, 3, 4, 5, 6, 7]",93.01580810546875,0.0,46.44097900390625,141,93.01580810546875,38.86540412902832,46.44097900390625,141
2025-07-17T20:32:31.759779,3,9,"[0, 1, 2, 3, 4, 5, 7]",93.01580810546875,0.0,46.44097900390625,141,93.01580810546875,38.86540412902832,46.44097900390625,141
2025-07-17T20:32:31.768223,4,9,"[0, 1, 2, 3, 4, 5, 7]",93.01580810546875,0.0,46.44097900390625,141,93.01580810546875,38.86540412902832,46.44097900390625,141
2025-07-17T20:32:31.775904,0,10,"[0, 1, 2, 3, 4, 5, 6, 7]",93.01580810546875,0.0,46.44097900390625,141,93.01580810546875,38.86482238769531,46.44097900390625,141
2025-07-17T20:32:31.782801,1,10,"[0, 1, 2, 3, 4, 5, 7]",93.01580810546875,0.0,46.44097900390625,141,93.01580810546875,38.86482238769531,46.44097900390625,141
2025-07-17T20:32:31.791202,2,10,"[0, 1, 2, 3, 4, 5, 6, 7]",93.01580810546875,0.0,46.44097900390625,141,93.01580810546875,38.86482238769531,46.44097900390625,141
2025-07-17T20:32:31.793500,3,10,"[0, 1, 2, 3, 4, 5, 7]",93.01580810546875,0.0,46.44097900390625,141,93.01580810546875,38.86456489562988,46.44097900390625,141
2025-07-17T20:32:31.806231,4,10,"[0, 1, 2, 3, 4, 5, 7]",93.01580810546875,0.0,46.44097900390625,141,93.01580810546875,38.86540412902832,46.44097900390625,141
2025-07-17T20:32:31.813722,0,11,"[0, 1, 2, 3, 4, 5, 6, 7]",93.01580810546875,0.0,46.44097900390625,141,93.01580810546875,38.86540412902832,46.44097900390625,141
2025-07-17T20:32:31.822006,1,11,"[0, 1, 2, 3, 4, 5, 6, 7]",93.01580810546875,0.0,46.44097900390625,141,93.01580810546875,38.86540412902832,46.44097900390625,141
2025-07-17T20:32:31.824220,2,11,"[0, 1, 2, 3, 4, 5, 6, 7]",93.01580810546875,0.0,46.44097900390625,141,93.01580810546875,38.86540412902832,46.44097900390625,141
2025-07-17T20:32:31.831398,3,11,"[0, 1, 2, 3, 4, 5, 6, 7]",93.01580810546875,0.0,46.44097900390625,141,93.01580810546875,38.86540412902832,46.44097900390625,141
2025-07-17T20:32:31.838717,4,11,"[0, 1, 2, 3, 4, 5, 6, 7]",93.01580810546875,0.0,46.44097900390625,141,93.01580810546875,38.86540412902832,46.44097900390625,141
2025-07-17T20:32:31.846496,0,12,"[0, 1, 2, 3, 4, 5, 6, 7]",93.01580810546875,0.0,46.44097900390625,141,93.01580810546875,38.86540412902832,46.44097900390625,141
2025-07-17T20:32:31.854622,1,12,"[0, 1, 2, 3, 4, 5, 6]",93.01580810546875,0.0,46.44097900390625,141,93.01580810546875,38.86540412902832,46.44097900390625,141
2025-07-17T20:32:31.861842,2,12,"[0, 1, 2, 3, 4, 5, 6, 7]",93.01580810546875,0.0,46.44097900390625,141,93.01580810546875,38.86540412902832,46.44097900390625,141
2025-07-17T20:32:31.869215,3,12,"[0, 1, 2, 3, 4, 5, 6]",93.01580810546875,0.0,46.44097900390625,141,93.01580810546875,38.86540412902832,46.44097900390625,141
2025-07-17T20:32:31.877048,4,12,"[0, 1, 2, 3, 4, 5, 6]",93.01580810546875,0.0,46.44097900390625,141,93.01580810546875,38.86540412902832,46.44097900390625,141
2025-07-17T20:32:31.883287,0,13,"[0, 1, 2, 3, 4, 5, 6, 7]",93.01580810546875,0.0,46.44097900390625,141,93.01580810546875,38.86540412902832,46.44097900390625,141
2025-07-17T20:32:31.890604,1,13,"[0, 1, 2, 3, 4, 5, 6, 7]",93.01580810546875,0.0,46.44097900390625,141,93.01580810546875,38.86540412902832,46.44097900390625,141
2025-07-17T20:32:31.903017,2,13,"[0, 1, 2, 3, 4, 5, 6, 7]",93.01580810546875,0.0,46.44097900390625,141,93.01580810546875,38.86540412902832,46.44097900390625,141
2025-07-17T20:32:31.905188,3,13,"[0, 1, 2, 3, 4, 5, 6, 7]",93.01580810546875,0.0,46.44097900390625,141,93.01580810546875,38.86540412902832,46.44097900390625,141
2025-07-17T20:32:31.916509,4,13,"[0, 1, 2, 3, 4, 5, 6, 7]",93.01580810546875,0.0,46.44097900390625,141,93.01580810546875,38.86540412902832,46.44097900390625,141
2025-07-17T20:32:31.925124,0,14,"[0, 1, 2, 3, 4, 5, 6, 7]",93.01580810546875,0.0,46.44097900390625,141,93.01580810546875,38.86540412902832,46.44097900390625,141
2025-07-17T20:32:31.931764,1,14,"[0, 1, 2, 3, 4, 5, 6, 7]",93.01580810546875,0.0,46.44097900390625,141,93.01580810546875,38.86540412902832,46.44097900390625,141
2025-07-17T20:32:31.933688,2,14,"[0, 1, 2, 3, 4, 5, 6, 7]",93.01580810546875,0.0,46.44097900390625,141,93.01580810546875,38.86540412902832,46.44097900390625,141
2025-07-17T20:32:31.945343,3,14,"[0, 1, 2, 3, 4, 5, 6, 7]",93.01580810546875,0.0,46.44097900390625,141,93.01580810546875,38.86540412902832,46.44097900390625,141
2025-07-17T20:32:31.948168,4,14,"[0, 1, 2, 3, 4, 5, 6, 7]",93.01580810546875,0.0,46.44097900390625,141,93.01580810546875,38.86540412902832,46.44097900390625,141
2025-07-17T20:32:31.954873,0,15,"[0, 1, 2, 3, 4, 5, 6, 7]",93.01580810546875,0.0,46.44097900390625,141,93.01580810546875,38.86540412902832,46.44097900390625,141
2025-07-17T20:32:31.961862,1,15,"[0, 1, 2, 3, 4, 5, 6, 7]",93.01580810546875,0.0,46.44097900390625,141,93.01580810546875,38.86540412902832,46.44097900390625,141
2025-07-17T20:32:31.969107,2,15,"[0, 1, 2, 3, 4, 5, 6, 7]",93.01580810546875,0.0,46.44097900390625,141,93.01580810546875,38.86540412902832,46.44097900390625,141
2025-07-17T20:32:31.976021,3,15,"[0, 1, 2, 3, 4, 5, 6, 7]",93.01580810546875,0.0,46.44097900390625,141,93.01580810546875,38.86540412902832,46.44097900390625,141
2025-07-17T20:32:31.983254,4,15,"[0, 1, 2, 3, 4, 5, 6, 7]",93.01580810546875,0.0,46.44097900390625,141,93.01580810546875,38.86540412902832,46.44097900390625,141
2025-07-17T20:32:31.995575,0,16,"[0, 1, 2, 3, 4, 5, 6, 7]",93.01580810546875,0.0,46.44097900390625,141,93.01580810546875,38.86540412902832,46.44097900390625,141
2025-07-17T20:32:32.003144,1,16,"[0, 1, 2, 3, 4, 5, 6, 7]",93.01580810546875,0.0,46.44097900390625,141,93.01580810546875,38.86540412902832,46.44097900390625,141
2025-07-17T20:32:32.011610,2,16,"[0, 1, 2, 3, 4, 5, 6, 7]",93.01580810546875,0.0,46.44097900390625,141,93.01580810546875,38.86540412902832,46.44097900390625,141
2025-07-17T20:32:32.013760,3,16,"[0, 1, 2, 3, 4, 5, 6, 7]",93.01580810546875,0.0,46.44097900390625,141,93.01580810546875,38.86540412902832,46.44097900390625,141
2025-07-17T20:32:32.027881,4,16,"[0, 1, 2, 3, 4, 5, 6, 7]",93.01580810546875,0.0,46.44097900390625,141,93.01580810546875,38.86540412902832,46.44097900390625,141
2025-07-17T20:32:32.030700,0,17,"[0, 1, 2, 3, 4, 5, 6, 7]",93.01580810546875,0.0,46.44097900390625,141,93.01580810546875,38.86540412902832,46.44097900390625,141
2025-07-17T20:32:32.037322,1,17,"[0, 1, 2, 3, 4, 5, 6, 7]",93.01580810546875,0.0,46.44097900390625,141,93.01580810546875,38.86540412902832,46.44097900390625,141
2025-07-17T20:32:32.044862,2,17,"[0, 1, 2, 3, 4, 5, 6, 7]",93.01580810546875,0.0,46.44097900390625,141,93.01580810546875,38.86540412902832,46.44097900390625,141
2025-07-17T20:32:32.051814,3,17,"[0, 1, 2, 3, 4, 5, 6, 7]",93.01580810546875,0.0,46.44097900390625,141,93.01580810546875,38.86540412902832,46.44097900390625,141
2025-07-17T20:32:32.065799,4,17,"[0, 1, 2, 3, 4, 5, 6, 7]",93.01580810546875,0.0,46.44097900390625,141,93.01580810546875,38.86540412902832,46.44097900390625,141
2025-07-17T20:32:32.074250,0,18,"[0, 1, 2, 3, 4, 5, 6, 7]",93.01580810546875,0.0,46.44097900390625,141,93.01580810546875,38.86540412902832,46.44097900390625,141
2025-07-17T20:32:32.076453,1,18,"[0, 1, 2, 3, 4, 5, 6, 7]",93.01580810546875,0.0,46.44097900390625,141,93.01580810546875,38.86540412902832,46.44097900390625,141
2025-07-17T20:32:32.084361,2,18,"[0, 1, 2, 3, 4, 5, 6, 7]",93.01580810546875,0.0,46.44097900390625,141,93.01580810546875,38.86540412902832,46.44097900390625,141
2025-07-17T20:32:32.091669,3,18,"[0, 1, 2, 3, 4, 5, 6, 7]",93.01580810546875,0.0,46.44097900390625,141,93.01580810546875,38.86540412902832,46.44097900390625,141
2025-07-17T20:32:32.103360,4,18,"[0, 1, 2, 3, 4, 5, 6, 7]",93.01580810546875,0.0,46.44097900390625,141,93.01580810546875,38.86540412902832,46.44097900390625,141
2025-07-17T20:32:32.105600,0,19,"[0, 1, 2, 3, 4, 5, 6, 7]",93.01580810546875,0.0,46.44097900390625,141,93.01580810546875,38.86540412902832,46.44097900390625,141
2025-07-17T20:32:32.113647,1,19,"[0, 1, 2, 3, 4, 5, 6, 7]",93.01580810546875,0.0,46.44097900390625,141,93.01580810546875,38.86540412902832,46.44097900390625,141
2025-07-17T20:32:32.125654,2,19,"[0, 1, 2, 3, 4, 5, 6, 7]",93.01580810546875,0.0,46.44097900390625,141,93.01580810546875,38.86540412902832,46.44097900390625,141
2025-07-17T20:32:32.128121,3,19,"[0, 1, 2, 3, 4, 5, 6, 7]",93.01580810546875,0.0,46.44097900390625,141,93.01580810546875,38.86540412902832,46.44097900390625,141
2025-07-17T20:32:32.135027,4,19,"[0, 1, 2, 3, 4, 5, 6, 7]",93.01580810546875,0.0,46.44097900390625,141,93.01580810546875,38.86540412902832,46.44097900390625,141
2025-07-17T20:32:32.141827,0,20,"[0, 1, 2, 3, 4, 5, 6, 7]",93.01580810546875,0.0,46.44097900390625,141,93.01580810546875,38.86540412902832,46.44097900390625,141
2025-07-17T20:32:32.148412,1,20,"[0, 1, 2, 3, 4, 5, 6, 7]",93.01580810546875,0.0,46.44097900390625,141,93.01580810546875,38.86540412902832,46.44097900390625,141
2025-07-17T20:32:32.154237,2,20,"[0, 1, 2, 3, 4, 5, 6, 7]",93.01580810546875,0.0,46.44097900390625,141,93.01580810546875,38.86540412902832,46.44097900390625,141
2025-07-17T20:32:32.161626,3,20,"[0, 1, 2, 3, 4, 5, 6, 7]",93.01580810546875,0.0,46.44097900390625,141,93.01580810546875,38.86540412902832,46.44097900390625,141
2025-07-17T20:32:32.168563,4,20,"[0, 1, 2, 3, 4, 5, 6, 7]",93.01580810546875,0.0,46.44097900390625,141,93.01580810546875,38.86540412902832,46.44097900390625,141
2025-07-17T20:32:32.175501,0,21,"[0, 1, 2, 3, 4, 5, 6, 7]",93.01580810546875,0.0,46.44097900390625,141,93.01580810546875,38.86540412902832,46.44097900390625,141
2025-07-17T20:32:32.182374,1,21,"[0, 1, 2, 3, 4, 5, 6, 7]",93.01580810546875,0.0,46.44097900390625,141,93.01580810546875,38.86540412902832,46.44097900390625,141
2025-07-17T20:32:32.189552,2,21,"[0, 1, 2, 3, 4, 5, 6, 7]",93.01580810546875,0.0,46.44097900390625,141,93.01580810546875,38.86540412902832,46.44097900390625,141
2025-07-17T20:32:32.196370,3,21,"[0, 1, 2, 3, 4, 5, 6, 7]",93.01580810546875,0.0,46.44097900390625,141,93.01580810546875,38.86540412902832,46.44097900390625,141
2025-07-17T20:32:32.203731,4,21,"[0, 1, 2, 3, 4, 5, 6, 7]",93.01580810546875,0.0,46.44097900390625,141,93.01580810546875,38.86540412902832,46.44097900390625,141
2025-07-17T20:32:32.216046,0,22,"[0, 1, 2, 3, 4, 5, 6, 7]",93.01580810546875,0.0,46.44097900390625,141,93.01580810546875,38.86540412902832,46.44097900390625,141
2025-07-17T20:32:32.217903,1,22,"[0, 1, 3, 4, 5, 6, 7]",93.01580810546875,0.0,46.44097900390625,141,93.01580810546875,38.86540412902832,46.44097900390625,141
2025-07-17T20:32:32.224979,2,22,"[0, 1, 2, 3, 4, 5, 6, 7]",93.01580810546875,0.0,46.44097900390625,141,93.01580810546875,38.86540412902832,46.44097900390625,141
2025-07-17T20:32:32.232635,3,22,"[0, 1, 3, 4, 5, 6, 7]",93.01580810546875,0.0,46.44097900390625,141,93.01580810546875,38.86540412902832,46.44097900390625,141
2025-07-17T20:32:32.245948,4,22,"[0, 1, 3, 4, 5, 6, 7]",93.01580810546875,0.0,46.44097900390625,141,93.01580810546875,38.86540412902832,46.44097900390625,141
2025-07-17T20:32:32.248206,0,23,"[0, 1, 2, 3, 4, 5, 6, 7]",93.01580810546875,0.0,46.44097900390625,141,93.01580810546875,38.86540412902832,46.44097900390625,141
2025-07-17T20:32:32.255495,1,23,"[0, 1, 2, 3, 4, 5, 6, 7]",93.01580810546875,0.0,46.44097900390625,141,93.01580810546875,38.86540412902832,46.44097900390625,141
2025-07-17T20:32:32.267646,2,23,"[0, 1, 2, 3, 4, 5, 6, 7]",93.01580810546875,0.0,46.44097900390625,141,93.01580810546875,38.86540412902832,46.44097900390625,141
2025-07-17T20:32:32.269769,3,23,"[0, 1, 2, 3, 4, 5, 6, 7]",93.01580810546875,0.0,46.44097900390625,141,93.01580810546875,38.86540412902832,46.44097900390625,141
2025-07-17T20:32:32.282415,4,23,"[0, 1, 2, 3, 4, 5, 6, 7]",93.01580810546875,0.0,46.44097900390625,141,93.01580810546875,38.86540412902832,46.44097900390625,141
2025-07-17T20:32:32.290641,0,24,"[0, 1, 2, 3, 4, 5, 6, 7]",93.01580810546875,0.0,46.44097900390625,141,93.01580810546875,38.86540412902832,46.44097900390625,141
2025-07-17T20:32:32.292629,1,24,"[0, 1, 2, 3, 5, 6, 7]",93.01580810546875,0.0,46.44097900390625,141,93.01580810546875,38.86540412902832,46.44097900390625,141
2025-07-17T20:32:32.299577,2,24,"[0, 1, 2, 3, 4, 5, 6, 7]",93.01580810546875,0.0,46.44097900390625,141,93.01580810546875,38.86540412902832,46.44097900390625,141
2025-07-17T20:32:32.311127,3,24,"[0, 1, 2, 3, 5, 6, 7]",93.01580810546875,0.0,46.44097900390625,141,93.01580810546875,38.86540412902832,46.44097900390625,141
2025-07-17T20:32:32.318348,4,24,"[0, 1, 2, 3, 5, 6, 7]",93.01580810546875,0.0,46.44097900390625,141,93.01580810546875,38.86540412902832,46.44097900390625,141
2025-07-17T20:32:32.325952,0,25,"[0, 1, 2, 3, 4, 5, 6, 7]",93.01580810546875,0.0,46.44097900390625,141,93.01580810546875,38.86540412902832,46.44097900390625,141
2025-07-17T20:32:32.333195,1,25,"[0, 1, 2, 3, 4, 5, 6, 7]",93.01580810546875,0.0,46.44097900390625,141,93.01580810546875,38.86540412902832,46.44097900390625,141
2025-07-17T20:32:32.339964,2,25,"[0, 1, 2, 3, 4, 5, 6, 7]",93.01580810546875,0.0,46.44097900390625,141,93.01580810546875,38.86540412902832,46.44097900390625,141
2025-07-17T20:32:32.347182,3,25,"[0, 1, 2, 3, 4, 5, 6, 7]",93.01580810546875,0.0,46.44097900390625,141,93.01580810546875,38.86540412902832,46.44097900390625,141
2025-07-17T20:32:32.354798,4,25,"[0, 1, 2, 3, 4, 5, 6, 7]",93.01580810546875,0.0,46.44097900390625,141,93.01580810546875,38.86540412902832,46.44097900390625,141
2025-07-17T20:32:32.361951,0,26,"[0, 1, 2, 3, 4, 5, 6, 7]",93.01580810546875,0.0,46.44097900390625,141,93.01580810546875,38.86540412902832,46.44097900390625,141
2025-07-17T20:32:32.369173,1,26,"[0, 1, 2, 3, 4, 5, 6, 7]",93.01580810546875,0.0,46.44097900390625,141,93.01580810546875,38.86540412902832,46.44097900390625,141
2025-07-17T20:32:32.376361,2,26,"[0, 1, 2, 3, 4, 5, 6, 7]",93.01580810546875,0.0,46.44097900390625,141,93.01580810546875,38.86540412902832,46.44097900390625,141
2025-07-17T20:32:32.384001,3,26,"[0, 1, 2, 3, 4, 5, 6, 7]",93.01580810546875,0.0,46.44097900390625,141,93.01580810546875,38.86540412902832,46.44097900390625,141
2025-07-17T20:32:32.385945,4,26,"[0, 1, 2, 3, 4, 5, 6, 7]",93.01580810546875,0.0,46.44097900390625,141,93.01580810546875,38.86540412902832,46.44097900390625,141
2025-07-17T20:32:32.399082,0,27,"[0, 1, 2, 3, 4, 5, 6, 7]",93.01580810546875,0.0,46.44097900390625,141,93.01580810546875,38.86540412902832,46.44097900390625,141
2025-07-17T20:32:32.401365,1,27,"[0, 1, 2, 3, 4, 5, 6, 7]",93.01580810546875,0.0,46.44097900390625,141,93.01580810546875,38.86540412902832,46.44097900390625,141
2025-07-17T20:32:32.409961,2,27,"[0, 1, 2, 3, 4, 5, 6, 7]",93.01580810546875,0.0,46.44097900390625,141,93.01580810546875,38.86540412902832,46.44097900390625,141
2025-07-17T20:32:32.421967,3,27,"[0, 1, 2, 3, 4, 5, 6, 7]",93.01580810546875,0.0,46.44097900390625,141,93.01580810546875,38.86540412902832,46.44097900390625,141
2025-07-17T20:32:32.424448,4,27,"[0, 1, 2, 3, 4, 5, 6, 7]",93.01580810546875,0.0,46.44097900390625,141,93.01580810546875,38.86540412902832,46.44097900390625,141
2025-07-17T20:32:32.437455,0,28,"[0, 1, 2, 3, 4, 5, 6, 7]",93.01580810546875,0.0,46.44097900390625,141,93.01580810546875,38.86540412902832,46.44097900390625,141
2025-07-17T20:32:32.439485,1,28,"[0, 1, 2, 3, 4, 5, 6, 7]",93.01580810546875,0.0,46.44097900390625,141,93.01580810546875,38.86540412902832,46.44097900390625,141
2025-07-17T20:32:32.446882,2,28,"[0, 1, 2, 3, 4, 5, 6, 7]",93.01580810546875,0.0,46.44097900390625,141,93.01580810546875,38.86540412902832,46.44097900390625,141
2025-07-17T20:32:32.454551,3,28,"[0, 1, 2, 3, 4, 5, 6, 7]",93.01580810546875,0.0,46.44097900390625,141,93.01580810546875,38.86540412902832,46.44097900390625,141
2025-07-17T20:32:32.461878,4,28,"[0, 1, 2, 3, 4, 5, 6, 7]",93.01580810546875,0.0,46.44097900390625,141,93.01580810546875,38.86540412902832,46.44097900390625,141
2025-07-17T20:32:32.469020,0,29,"[0, 1, 2, 3, 4, 5, 6, 7]",93.01580810546875,0.0,46.44097900390625,141,93.01580810546875,38.86540412902832,46.44097900390625,141
2025-07-17T20:32:32.476509,1,29,"[0, 1, 2, 3, 4, 5, 6, 7]",93.01580810546875,0.0,46.44097900390625,141,93.01580810546875,38.86540412902832,46.44097900390625,141
2025-07-17T20:32:32.484127,2,29,"[0, 1, 2, 3, 4, 5, 6, 7]",93.01580810546875,0.0,46.44097900390625,141,93.01580810546875,38.86540412902832,46.44097900390625,141
2025-07-17T20:32:32.496870,3,29,"[0, 1, 2, 3, 4, 5, 6, 7]",93.01580810546875,0.0,46.44097900390625,141,93.01580810546875,38.86540412902832,46.44097900390625,141
2025-07-17T20:32:32.499085,4,29,"[0, 1, 2, 3, 4, 5, 6, 7]",93.01580810546875,0.0,46.44097900390625,141,93.01580810546875,38.86540412902832,46.44097900390625,141
2025-07-17T20:32:32.505832,0,30,"[0, 1, 2, 3, 4, 5, 6, 7]",93.01580810546875,0.0,46.44097900390625,141,93.01580810546875,38.86540412902832,46.44097900390625,141
2025-07-17T20:32:32.513499,1,30,"[0, 1, 3, 4, 5, 6, 7]",93.01580810546875,0.0,46.44097900390625,141,93.01580810546875,38.86540412902832,46.44097900390625,141
2025-07-17T20:32:32.520640,2,30,"[0, 1, 2, 3, 4, 5, 6, 7]",93.01580810546875,0.0,46.44097900390625,141,93.01580810546875,38.86540412902832,46.44097900390625,141
2025-07-17T20:32:32.527206,3,30,"[0, 1, 3, 4, 5, 6, 7]",93.01580810546875,0.0,46.44097900390625,141,93.01580810546875,38.86540412902832,46.44097900390625,141
2025-07-17T20:32:32.534082,4,30,"[0, 1, 3, 4, 5, 6, 7]",93.01580810546875,0.0,46.44097900390625,141,93.01580810546875,38.86540412902832,46.44097900390625,141
2025-07-17T20:32:32.542243,0,31,"[0, 1, 2, 3, 4, 5, 6, 7]",93.01580810546875,0.0,46.44097900390625,141,93.01580810546875,38.87287998199463,46.44097900390625,141
2025-07-17T20:32:32.555121,1,31,"[0, 1, 2, 3, 4, 5, 6, 7]",93.01580810546875,0.0,46.44097900390625,141,93.01580810546875,38.86967182159424,46.44097900390625,141
2025-07-17T20:32:32.558997,2,31,"[0, 1, 2, 3, 4, 5, 6, 7]",93.01580810546875,0.0,46.44097900390625,141,93.01580810546875,38.867045402526855,46.44097900390625,141
2025-07-17T20:32:32.568019,3,31,"[0, 1, 2, 3, 4, 5, 6, 7]",93.01580810546875,0.0,46.44097900390625,141,93.01580810546875,38.863837242126465,46.44097900390625,141
2025-07-17T20:32:32.575646,4,31,"[0, 1, 2, 3, 4, 5, 6, 7]",93.01580810546875,0.0,46.44097900390625,141,93.01580810546875,38.86002254486084,46.44097900390625,141
2025-07-17T20:32:32.588506,0,0,"[0, 1, 2, 3, 4, 5, 6, 7]",93.01580810546875,0.0,46.44097900390625,141,93.01580810546875,38.85531425476074,46.44097900390625,141
2025-07-17T20:32:32.595792,1,0,"[0, 1, 2, 3, 4, 5, 6, 7]",93.01580810546875,0.0,46.44097900390625,141,93.01580810546875,38.85852241516113,46.44097900390625,141
2025-07-17T20:32:32.602956,2,0,"[0, 1, 2, 3, 4, 5, 6, 7]",93.01580810546875,0.0,46.44097900390625,141,93.01580810546875,38.86149787902832,46.44097900390625,141
2025-07-17T20:32:32.609752,3,0,"[0, 1, 2, 3, 4, 5, 6, 7]",93.01580810546875,0.0,46.44097900390625,141,93.01580810546875,38.86438179016113,46.44097900390625,141
2025-07-17T20:32:32.617792,4,0,"[0, 1, 2, 3, 4, 5, 6, 7]",93.01580810546875,0.0,46.44097900390625,141,93.01580810546875,38.86540412902832,46.44097900390625,141
2025-07-17T20:32:32.625187,0,1,"[0, 1, 2, 3, 4, 5, 6, 7]",93.01580810546875,0.0,46.44097900390625,141,93.01580810546875,38.86540412902832,46.44097900390625,141
2025-07-17T20:32:32.632611,1,1,"[0, 1, 2, 3, 4, 5, 6, 7]",93.01580810546875,0.0,46.44097900390625,141,93.01580810546875,38.86540412902832,46.44097900390625,141
2025-07-17T20:32:32.640163,2,1,"[0, 1, 2, 3, 4, 5, 6, 7]",93.01580810546875,0.0,46.44097900390625,141,93.01580810546875,38.86540412902832,46.44097900390625,141
2025-07-17T20:32:32.646977,3,1,"[0, 1, 2, 3, 4, 5, 6, 7]",93.01580810546875,0.0,46.44097900390625,141,93.01580810546875,38.86540412902832,46.44097900390625,141
2025-07-17T20:32:32.660230,4,1,"[0, 1, 2, 3, 4, 5, 6, 7]",93.01580810546875,0.0,46.44097900390625,141,93.01580810546875,38.86540412902832,46.44097900390625,141
2025-07-17T20:32:32.662606,0,2,"[0, 1, 2, 3, 4, 5, 6, 7]",93.01580810546875,0.0,46.44097900390625,141,93.01580810546875,38.86540412902832,46.44097900390625,141
2025-07-17T20:32:32.669106,1,2,"[0, 1, 2, 3, 4, 5, 6, 7]",93.01580810546875,0.0,46.44097900390625,141,93.01580810546875,38.86540412902832,46.44097900390625,141
2025-07-17T20:32:32.678761,2,2,"[0, 1, 2, 3, 4, 5, 6, 7]",93.01580810546875,0.0,46.44097900390625,141,93.01580810546875,38.86540412902832,46.44097900390625,141
2025-07-17T20:32:32.691859,3,2,"[0, 1, 2, 3, 4, 5, 6, 7]",93.01580810546875,0.0,46.44097900390625,141,93.01580810546875,38.86540412902832,46.44097900390625,141
2025-07-17T20:32:32.694037,4,2,"[0, 1, 2, 3, 4, 5, 6, 7]",93.01580810546875,0.0,46.44097900390625,141,93.01580810546875,38.86540412902832,46.44097900390625,141
2025-07-17T20:32:32.700804,0,3,"[0, 1, 2, 3, 4, 5, 6, 7]",93.01580810546875,0.0,46.44097900390625,141,93.01580810546875,38.86540412902832,46.44097900390625,141
2025-07-17T20:32:32.707246,1,3,"[0, 1, 2, 3, 4, 5, 6, 7]",93.01580810546875,0.0,46.44097900390625,141,93.01580810546875,38.86540412902832,46.44097900390625,141
2025-07-17T20:32:32.718874,2,3,"[0, 1, 2, 3, 4, 5, 6, 7]",93.01580810546875,0.0,46.44097900390625,141,93.01580810546875,38.86540412902832,46.44097900390625,141
2025-07-17T20:32:32.721121,3,3,"[0, 1, 2, 3, 4, 5, 6, 7]",93.01580810546875,0.0,46.44097900390625,141,93.01580810546875,38.86540412902832,46.44097900390625,141
2025-07-17T20:32:32.727480,4,3,"[0, 1, 2, 3, 4, 5, 6, 7]",93.01580810546875,0.0,46.44097900390625,141,93.01580810546875,38.86540412902832,46.44097900390625,141
2025-07-17T20:32:32.734754,0,4,"[0, 1, 2, 3, 4, 5, 6, 7]",93.01580810546875,0.0,46.44097900390625,141,93.01580810546875,38.86540412902832,46.44097900390625,141
2025-07-17T20:32:32.742155,1,4,"[0, 1, 2, 3, 4, 5, 6, 7]",93.01580810546875,0.0,46.44097900390625,141,93.01580810546875,38.86540412902832,46.44097900390625,141
2025-07-17T20:32:32.749267,2,4,"[0, 1, 2, 3, 4, 5, 6, 7]",93.01580810546875,0.0,46.44097900390625,141,93.01580810546875,38.86540412902832,46.44097900390625,141
2025-07-17T20:32:32.761952,3,4,"[0, 1, 2, 3, 4, 5, 6, 7]",93.01580810546875,0.0,46.44097900390625,141,93.01580810546875,38.86540412902832,46.44097900390625,141
2025-07-17T20:32:32.764433,4,4,"[0, 1, 2, 3, 4, 5, 6, 7]",93.01580810546875,0.0,46.44097900390625,141,93.01580810546875,38.86540412902832,46.44097900390625,141
2025-07-17T20:32:32.774734,0,5,"[0, 1, 2, 3, 4, 5, 6, 7]",93.01580810546875,0.0,46.44097900390625,141,93.01580810546875,38.86540412902832,46.44097900390625,141
2025-07-17T20:32:32.781943,1,5,"[0, 1, 2, 3, 4, 5, 6, 7]",93.01580810546875,0.0,46.44097900390625,141,93.01580810546875,38.86540412902832,46.44097900390625,141
2025-07-17T20:32:32.789007,2,5,"[0, 1, 2, 3, 4, 5, 6, 7]",93.01580810546875,0.0,46.44097900390625,141,93.01580810546875,38.86540412902832,46.44097900390625,141
2025-07-17T20:32:32.796150,3,5,"[0, 1, 2, 3, 4, 5, 6, 7]",93.01580810546875,0.0,46.44097900390625,141,93.01580810546875,38.86540412902832,46.44097900390625,141
2025-07-17T20:32:32.802910,4,5,"[0, 1, 2, 3, 4, 5, 6, 7]",93.01580810546875,0.0,46.44097900390625,141,93.01580810546875,38.86540412902832,46.44097900390625,141
2025-07-17T20:32:32.810522,0,6,"[0, 1, 2, 3, 4, 5, 6, 7]",93.01580810546875,0.0,46.44097900390625,141,93.01580810546875,38.86540412902832,46.44097900390625,141
2025-07-17T20:32:32.817872,1,6,"[0, 1, 2, 4, 5, 6, 7]",93.01580810546875,0.0,46.44097900390625,141,93.01580810546875,38.86540412902832,46.44097900390625,141
2025-07-17T20:32:32.824956,2,6,"[0, 1, 2, 3, 4, 5, 6, 7]",93.01580810546875,0.0,46.44097900390625,141,93.01580810546875,38.86540412902832,46.44097900390625,141
2025-07-17T20:32:32.827674,3,6,"[0, 1, 2, 4, 5, 6, 7]",93.01580810546875,0.0,46.44097900390625,141,93.01580810546875,38.86540412902832,46.44097900390625,141
2025-07-17T20:32:32.835338,4,6,"[0, 1, 2, 4, 5, 6, 7]",93.01580810546875,0.0,46.44097900390625,141,93.01580810546875,38.86540412902832,46.44097900390625,141
2025-07-17T20:32:32.842672,0,7,"[0, 1, 2, 3, 4, 5, 6, 7]",93.01580810546875,0.0,46.44097900390625,141,93.01580810546875,38.86540412902832,46.44097900390625,141
2025-07-17T20:32:32.854881,1,7,"[0, 1, 2, 4, 5, 6, 7]",93.01580810546875,0.0,46.44097900390625,141,93.01580810546875,38.86540412902832,46.44097900390625,141
2025-07-17T20:32:32.857182,2,7,"[0, 1, 2, 3, 4, 5, 6, 7]",93.01580810546875,0.0,46.44097900390625,141,93.01580810546875,38.86540412902832,46.44097900390625,141
2025-07-17T20:32:32.864444,3,7,"[0, 1, 2, 4, 5, 6, 7]",93.01580810546875,0.0,46.44097900390625,141,93.01580810546875,38.86540412902832,46.44097900390625,141
2025-07-17T20:32:32.872184,4,7,"[0, 1, 2, 4, 5, 6, 7]",93.01580810546875,0.0,46.44097900390625,141,93.01580810546875,38.86540412902832,46.44097900390625,141
2025-07-17T20:32:32.879783,0,8,"[0, 1, 2, 3, 4, 5, 6, 7]",93.01580810546875,0.0,46.44097900390625,141,93.01580810546875,38.86540412902832,46.44097900390625,141
2025-07-17T20:32:32.892814,1,8,"[0, 1, 2, 3, 4, 5, 6, 7]",93.01580810546875,0.0,46.44097900390625,141,93.01580810546875,38.86540412902832,46.44097900390625,141
2025-07-17T20:32:32.894876,2,8,"[0, 1, 2, 3, 4, 5, 6, 7]",93.01580810546875,0.0,46.44097900390625,141,93.01580810546875,38.86540412902832,46.44097900390625,141
2025-07-17T20:32:32.901927,3,8,"[0, 1, 2, 3, 4, 5, 6, 7]",93.01580810546875,0.0,46.44097900390625,141,93.01580810546875,38.86540412902832,46.44097900390625,141
2025-07-17T20:32:32.909370,4,8,"[0, 1, 2, 3, 4, 5, 6, 7]",93.01580810546875,0.0,46.44097900390625,141,93.01580810546875,38.86540412902832,46.44097900390625,141
2025-07-17T20:32:32.916593,0,9,"[0, 1, 2, 3, 4, 5, 6, 7]",93.01580810546875,0.0,46.44097900390625,141,93.01580810546875,38.86540412902832,46.44097900390625,141
2025-07-17T20:32:32.922586,1,9,"[0, 1, 2, 4, 5, 6, 7]",93.01580810546875,0.0,46.44097900390625,141,93.01580810546875,38.86540412902832,46.44097900390625,141
2025-07-17T20:32:32.929323,2,9,"[0, 1, 2, 3, 4, 5, 6, 7]",93.01580810546875,0.0,46.44097900390625,141,93.01580810546875,38.86540412902832,46.44097900390625,141
2025-07-17T20:32:32.941811,3,9,"[0, 1, 2, 4, 5, 6, 7]",93.01580810546875,0.0,46.44097900390625,141,93.01580810546875,38.86540412902832,46.44097900390625,141
2025-07-17T20:32:32.943661,4,9,"[0, 1, 2, 4, 5, 6, 7]",93.01580810546875,0.0,46.44097900390625,141,93.01580810546875,38.86540412902832,46.44097900390625,141
2025-07-17T20:32:32.950407,0,10,"[0, 1, 2, 3, 4, 5, 6, 7]",93.01580810546875,0.0,46.44097900390625,141,93.01580810546875,38.86540412902832,46.44097900390625,141
2025-07-17T20:32:32.957409,1,10,"[0, 1, 2, 3, 4, 5, 6, 7]",93.01580810546875,0.0,46.44097900390625,141,93.01580810546875,38.86540412902832,46.44097900390625,141
2025-07-17T20:32:32.965029,2,10,"[0, 1, 2, 3, 4, 5, 6, 7]",93.01580810546875,0.0,46.44097900390625,141,93.01580810546875,38.86540412902832,46.44097900390625,141
2025-07-17T20:32:32.976954,3,10,"[0, 1, 2, 3, 4, 5, 6, 7]",93.01580810546875,0.0,46.44097900390625,141,93.01580810546875,38.86540412902832,46.44097900390625,141
2025-07-17T20:32:32.979020,4,10,"[0, 1, 2, 3, 4, 5, 6, 7]",93.01580810546875,0.0,46.44097900390625,141,93.01580810546875,38.86540412902832,46.44097900390625,141
2025-07-17T20:32:32.986480,0,11,"[0, 1, 2, 3, 4, 5, 6, 7]",93.01580810546875,0.0,46.44097900390625,141,93.01580810546875,38.86540412902832,46.44097900390625,141
2025-07-17T20:32:32.994654,1,11,"[0, 1, 2, 3, 4, 5, 6, 7]",93.01580810546875,0.0,46.44097900390625,141,93.01580810546875,38.86540412902832,46.44097900390625,141
2025-07-17T20:32:33.001543,2,11,"[0, 1, 2, 3, 4, 5, 6, 7]",93.01580810546875,0.0,46.44097900390625,141,93.01580810546875,38.86540412902832,46.44097900390625,141
2025-07-17T20:32:33.007793,3,11,"[0, 1, 2, 3, 4, 5, 6, 7]",93.01580810546875,0.0,46.44097900390625,141,93.01580810546875,38.86540412902832,46.44097900390625,141
2025-07-17T20:32:33.017072,4,11,"[0, 1, 2, 3, 4, 5, 6, 7]",93.01580810546875,0.0,46.44097900390625,141,93.01580810546875,38.86540412902832,46.44097900390625,141
2025-07-17T20:32:33.030120,0,12,"[0, 1, 2, 3, 4, 5, 6, 7]",93.01580810546875,0.0,46.44097900390625,141,93.01580810546875,38.86540412902832,46.44097900390625,141
2025-07-17T20:32:33.032227,1,12,"[0, 1, 2, 3, 4, 5, 6]",93.01580810546875,0.0,46.44097900390625,141,93.01580810546875,38.86540412902832,46.44097900390625,141
2025-07-17T20:32:33.039843,2,12,"[0, 1, 2, 3, 4, 5, 6, 7]",93.01580810546875,0.0,46.44097900390625,141,93.01580810546875,38.86540412902832,46.44097900390625,141
2025-07-17T20:32:33.052834,3,12,"[0, 1, 2, 3, 4, 5, 6]",93.01580810546875,0.0,46.44097900390625,141,93.01580810546875,38.86540412902832,46.44097900390625,141
2025-07-17T20:32:33.054596,4,12,"[0, 1, 2, 3, 4, 5, 6]",93.01580810546875,0.0,46.44097900390625,141,93.01580810546875,38.86540412902832,46.44097900390625,141
2025-07-17T20:32:33.061825,0,13,"[0, 1, 2, 3, 4, 5, 6, 7]",93.01580810546875,0.0,46.44097900390625,141,93.01580810546875,38.86540412902832,46.44097900390625,141
2025-07-17T20:32:33.069036,1,13,"[0, 1, 2, 3, 4, 5, 6, 7]",93.01580810546875,0.0,46.44097900390625,141,93.01580810546875,38.86540412902832,46.44097900390625,141
2025-07-17T20:32:33.075799,2,13,"[0, 1, 2, 3, 4, 5, 6, 7]",93.01580810546875,0.0,46.44097900390625,141,93.01580810546875,38.86540412902832,46.44097900390625,141
2025-07-17T20:32:33.083717,3,13,"[0, 1, 2, 3, 4, 5, 6, 7]",93.01580810546875,0.0,46.44097900390625,141,93.01580810546875,38.86540412902832,46.44097900390625,141
2025-07-17T20:32:33.090793,4,13,"[0, 1, 2, 3, 4, 5, 6, 7]",93.01580810546875,0.0,46.44097900390625,141,93.01580810546875,38.86540412902832,46.44097900390625,141
2025-07-17T20:32:33.097710,0,14,"[0, 1, 2, 3, 4, 5, 6, 7]",93.01580810546875,0.0,46.44097900390625,141,93.01580810546875,38.86540412902832,46.44097900390625,141
2025-07-17T20:32:33.105279,1,14,"[0, 1, 2, 3, 4, 5, 6, 7]",93.01580810546875,0.0,46.44097900390625,141,93.01580810546875,38.86540412902832,46.44097900390625,141
2025-07-17T20:32:33.112369,2,14,"[0, 1, 2, 3, 4, 5, 6, 7]",93.01580810546875,0.0,46.44097900390625,141,93.01580810546875,38.86540412902832,46.44097900390625,141
2025-07-17T20:32:33.119368,3,14,"[0, 1, 2, 3, 4, 5, 6, 7]",93.01580810546875,0.0,46.44097900390625,141,93.01580810546875,38.86540412902832,46.44097900390625,141
2025-07-17T20:32:33.131789,4,14,"[0, 1, 2, 3, 4, 5, 6, 7]",93.01580810546875,0.0,46.44097900390625,141,93.01580810546875,38.86540412902832,46.44097900390625,141
2025-07-17T20:32:33.133717,0,15,"[0, 1, 2, 3, 4, 5, 6, 7]",93.01580810546875,0.0,46.44097900390625,141,93.01580810546875,38.86540412902832,46.44097900390625,141
2025-07-17T20:32:33.141287,1,15,"[0, 1, 2, 3, 4, 5, 6, 7]",93.01580810546875,0.0,46.44097900390625,141,93.01580810546875,38.86540412902832,46.44097900390625,141
2025-07-17T20:32:33.154045,2,15,"[0, 1, 2, 3, 4, 5, 6, 7]",93.01580810546875,0.0,46.44097900390625,141,93.01580810546875,38.86540412902832,46.44097900390625,141
2025-07-17T20:32:33.155973,3,15,"[0, 1, 2, 3, 4, 5, 6, 7]",93.01580810546875,0.0,46.44097900390625,141,93.01580810546875,38.86540412902832,46.44097900390625,141
2025-07-17T20:32:33.163849,4,15,"[0, 1, 2, 3, 4, 5, 6, 7]",93.01580810546875,0.0,46.44097900390625,141,93.01580810546875,38.86540412902832,46.44097900390625,141
2025-07-17T20:32:33.175068,0,16,"[0, 1, 2, 3, 4, 5, 6, 7]",93.01580810546875,0.0,46.44097900390625,141,93.01580810546875,38.86540412902832,46.44097900390625,141
2025-07-17T20:32:33.182256,1,16,"[0, 1, 2, 3, 4, 5, 6, 7]",93.01580810546875,0.0,46.44097900390625,141,93.01580810546875,38.86540412902832,46.44097900390625,141
2025-07-17T20:32:33.189202,2,16,"[0, 1, 2, 3, 4, 5, 6, 7]",93.01580810546875,0.0,46.44097900390625,141,93.01580810546875,38.86540412902832,46.44097900390625,141
2025-07-17T20:32:33.197058,3,16,"[0, 1, 2, 3, 4, 5, 6, 7]",93.01580810546875,0.0,46.44097900390625,141,93.01580810546875,38.86540412902832,46.44097900390625,141
2025-07-17T20:32:33.200040,4,16,"[0, 1, 2, 3, 4, 5, 6, 7]",93.01580810546875,0.0,46.44097900390625,141,93.01580810546875,38.86540412902832,46.44097900390625,141
2025-07-17T20:32:33.209103,0,17,"[0, 1, 2, 3, 4, 5, 6, 7]",93.01580810546875,0.0,46.44097900390625,141,93.01580810546875,38.86540412902832,46.44097900390625,141
2025-07-17T20:32:33.216921,1,17,"[0, 1, 2, 4, 5, 6, 7]",93.01580810546875,0.0,46.44097900390625,141,93.01580810546875,38.86540412902832,46.44097900390625,141
2025-07-17T20:32:33.223753,2,17,"[0, 1, 2, 3, 4, 5, 6, 7]",93.01580810546875,0.0,46.44097900390625,141,93.01580810546875,38.86540412902832,46.44097900390625,141
2025-07-17T20:32:33.230797,3,17,"[0, 1, 2, 4, 5, 6, 7]",93.01580810546875,0.0,46.44097900390625,141,93.01580810546875,38.86540412902832,46.44097900390625,141
2025-07-17T20:32:33.237732,4,17,"[0, 1, 2, 4, 5, 6, 7]",93.01580810546875,0.0,46.44097900390625,141,93.01580810546875,38.86540412902832,46.44097900390625,141
2025-07-17T20:32:33.244055,0,18,"[0, 1, 2, 3, 4, 5, 6, 7]",93.01580810546875,0.0,46.44097900390625,141,93.01580810546875,38.86540412902832,46.44097900390625,141
2025-07-17T20:32:33.250480,1,18,"[0, 1, 2, 3, 4, 5, 6, 7]",93.01580810546875,0.0,46.44097900390625,141,93.01580810546875,38.86540412902832,46.44097900390625,141
2025-07-17T20:32:33.257803,2,18,"[0, 1, 2, 3, 4, 5, 6, 7]",93.01580810546875,0.0,46.44097900390625,141,93.01580810546875,38.86540412902832,46.44097900390625,141
2025-07-17T20:32:33.265860,3,18,"[0, 1, 2, 3, 4, 5, 6, 7]",93.01580810546875,0.0,46.44097900390625,141,93.01580810546875,38.86540412902832,46.44097900390625,141
2025-07-17T20:32:33.272594,4,18,"[0, 1, 2, 3, 4, 5, 6, 7]",93.01580810546875,0.0,46.44097900390625,141,93.01580810546875,38.86540412902832,46.44097900390625,141
2025-07-17T20:32:33.279729,0,19,"[0, 1, 2, 3, 4, 5, 6, 7]",93.01580810546875,0.0,46.44097900390625,141,93.01580810546875,38.86540412902832,46.44097900390625,141
2025-07-17T20:32:33.287375,1,19,"[0, 1, 2, 3, 4, 5, 6, 7]",93.01580810546875,0.0,46.44097900390625,141,93.01580810546875,38.86540412902832,46.44097900390625,141
2025-07-17T20:32:33.299797,2,19,"[0, 1, 2, 3, 4, 5, 6, 7]",93.01580810546875,0.0,46.44097900390625,141,93.01580810546875,38.86540412902832,46.44097900390625,141
2025-07-17T20:32:33.301952,3,19,"[0, 1, 2, 3, 4, 5, 6, 7]",93.01580810546875,0.0,46.44097900390625,141,93.01580810546875,38.86540412902832,46.44097900390625,141
2025-07-17T20:32:33.315131,4,19,"[0, 1, 2, 3, 4, 5, 6, 7]",93.01580810546875,0.0,46.44097900390625,141,93.01580810546875,38.86540412902832,46.44097900390625,141
2025-07-17T20:32:33.317341,0,20,"[0, 1, 2, 3, 4, 5, 6, 7]",93.01580810546875,0.0,46.44097900390625,141,93.01580810546875,38.86540412902832,46.44097900390625,141
2025-07-17T20:32:33.330761,1,20,"[0, 1, 2, 3, 4, 5, 6, 7]",93.01580810546875,0.0,46.44097900390625,141,93.01580810546875,38.86540412902832,46.44097900390625,141
2025-07-17T20:32:33.333067,2,20,"[0, 1, 2, 3, 4, 5, 6, 7]",93.01580810546875,0.0,46.44097900390625,141,93.01580810546875,38.86540412902832,46.44097900390625,141
2025-07-17T20:32:33.346830,3,20,"[0, 1, 2, 3, 4, 5, 6, 7]",93.01580810546875,0.0,46.44097900390625,141,93.01580810546875,38.86540412902832,46.44097900390625,141
2025-07-17T20:32:33.349078,4,20,"[0, 1, 2, 3, 4, 5, 6, 7]",93.01580810546875,0.0,46.44097900390625,141,93.01580810546875,38.86540412902832,46.44097900390625,141
2025-07-17T20:32:33.355355,0,21,"[0, 1, 2, 3, 4, 5, 6, 7]",93.01580810546875,0.0,46.44097900390625,141,93.01580810546875,38.86540412902832,46.44097900390625,141
2025-07-17T20:32:33.362646,1,21,"[0, 1, 2, 3, 4, 5, 6, 7]",93.01580810546875,0.0,46.44097900390625,141,93.01580810546875,38.86540412902832,46.44097900390625,141
2025-07-17T20:32:33.369768,2,21,"[0, 1, 2, 3, 4, 5, 6, 7]",93.01580810546875,0.0,46.44097900390625,141,93.01580810546875,38.86540412902832,46.44097900390625,141
2025-07-17T20:32:33.377480,3,21,"[0, 1, 2, 3, 4, 5, 6, 7]",93.01580810546875,0.0,46.44097900390625,141,93.01580810546875,38.86540412902832,46.44097900390625,141
2025-07-17T20:32:33.384099,4,21,"[0, 1, 2, 3, 4, 5, 6, 7]",93.01580810546875,0.0,46.44097900390625,141,93.01580810546875,38.86540412902832,46.44097900390625,141
2025-07-17T20:32:33.391928,0,22,"[0, 1, 2, 3, 4, 5, 6, 7]",93.01580810546875,0.0,46.44097900390625,141,93.01580810546875,38.86540412902832,46.44097900390625,141
2025-07-17T20:32:33.400115,1,22,"[1, 2, 3, 4, 5, 6, 7]",93.01580810546875,0.0,46.44097900390625,141,93.01580810546875,38.86540412902832,46.44097900390625,141
2025-07-17T20:32:33.407821,2,22,"[0, 1, 2, 3, 4, 5, 6, 7]",93.01580810546875,0.0,46.44097900390625,141,93.01580810546875,38.86540412902832,46.44097900390625,141
2025-07-17T20:32:33.420974,3,22,"[1, 2, 3, 4, 5, 6, 7]",93.01580810546875,0.0,46.44097900390625,141,93.01580810546875,38.86540412902832,46.44097900390625,141
2025-07-17T20:32:33.428715,4,22,"[1, 2, 3, 4, 5, 6, 7]",93.01580810546875,0.0,46.44097900390625,141,93.01580810546875,38.86540412902832,46.44097900390625,141
2025-07-17T20:32:33.436700,0,23,"[0, 1, 2, 3, 4, 5, 6, 7]",93.01580810546875,0.0,46.44097900390625,141,93.01580810546875,38.86540412902832,46.44097900390625,141
2025-07-17T20:32:33.438854,1,23,"[0, 1, 2, 3, 4, 5, 6, 7]",93.01580810546875,0.0,46.44097900390625,141,93.01580810546875,38.86540412902832,46.44097900390625,141
2025-07-17T20:32:33.446842,2,23,"[0, 1, 2, 3, 4, 5, 6, 7]",93.01580810546875,0.0,46.44097900390625,141,93.01580810546875,38.86540412902832,46.44097900390625,141
2025-07-17T20:32:33.454301,3,23,"[0, 1, 2, 3, 4, 5, 6, 7]",93.01580810546875,0.0,46.44097900390625,141,93.01580810546875,38.86540412902832,46.44097900390625,141
2025-07-17T20:32:33.460836,4,23,"[0, 1, 2, 3, 4, 5, 6, 7]",93.01580810546875,0.0,46.44097900390625,141,93.01580810546875,38.86540412902832,46.44097900390625,141
2025-07-17T20:32:33.467916,0,24,"[0, 1, 2, 3, 4, 5, 6, 7]",93.01580810546875,0.0,46.44097900390625,141,93.01580810546875,38.86540412902832,46.44097900390625,141
2025-07-17T20:32:33.474890,1,24,"[0, 1, 2, 3, 4, 5, 6, 7]",93.01580810546875,0.0,46.44097900390625,141,93.01580810546875,38.86540412902832,46.44097900390625,141
2025-07-17T20:32:33.481519,2,24,"[0, 1, 2, 3, 4, 5, 6, 7]",93.01580810546875,0.0,46.44097900390625,141,93.01580810546875,38.86540412902832,46.44097900390625,141
2025-07-17T20:32:33.488175,3,24,"[0, 1, 2, 3, 4, 5, 6, 7]",93.01580810546875,0.0,46.44097900390625,141,93.01580810546875,38.86540412902832,46.44097900390625,141
2025-07-17T20:32:33.502170,4,24,"[0, 1, 2, 3, 4, 5, 6, 7]",93.01580810546875,0.0,46.44097900390625,141,93.01580810546875,38.86540412902832,46.44097900390625,141
2025-07-17T20:32:33.509644,0,25,"[0, 1, 2, 3, 4, 5, 6, 7]",93.01580810546875,0.0,46.44097900390625,141,93.01580810546875,38.86540412902832,46.44097900390625,141
2025-07-17T20:32:33.511661,1,25,"[0, 1, 2, 3, 4, 6, 7]",93.01580810546875,0.0,46.44097900390625,141,93.01580810546875,38.86540412902832,46.44097900390625,141
2025-07-17T20:32:33.518676,2,25,"[0, 1, 2, 3, 4, 5, 6, 7]",93.01580810546875,0.0,46.44097900390625,141,93.01580810546875,38.86540412902832,46.44097900390625,141
2025-07-17T20:32:33.525947,3,25,"[0, 1, 2, 3, 4, 6, 7]",93.01580810546875,0.0,46.44097900390625,141,93.01580810546875,38.86540412902832,46.44097900390625,141
2025-07-17T20:32:33.533676,4,25,"[0, 1, 2, 3, 4, 6, 7]",93.01580810546875,0.0,46.44097900390625,141,93.01580810546875,38.86540412902832,46.44097900390625,141
2025-07-17T20:32:33.540502,0,26,"[0, 1, 2, 3, 4, 5, 6, 7]",93.01580810546875,0.0,46.44097900390625,141,93.01580810546875,38.86540412902832,46.44097900390625,141
2025-07-17T20:32:33.548575,1,26,"[0, 1, 2, 3, 4, 5, 6, 7]",93.01580810546875,0.0,46.44097900390625,141,93.01580810546875,38.86540412902832,46.44097900390625,141
2025-07-17T20:32:33.561120,2,26,"[0, 1, 2, 3, 4, 5, 6, 7]",93.01580810546875,0.0,46.44097900390625,141,93.01580810546875,38.86540412902832,46.44097900390625,141
2025-07-17T20:32:33.563046,3,26,"[0, 1, 2, 3, 4, 5, 6, 7]",93.01580810546875,0.0,46.44097900390625,141,93.01580810546875,38.86540412902832,46.44097900390625,141
2025-07-17T20:32:33.572135,4,26,"[0, 1, 2, 3, 4, 5, 6, 7]",93.01580810546875,0.0,46.44097900390625,141,93.01580810546875,38.86540412902832,46.44097900390625,141
2025-07-17T20:32:33.579023,0,27,"[0, 1, 2, 3, 4, 5, 6, 7]",93.01580810546875,0.0,46.44097900390625,141,93.01580810546875,38.86540412902832,46.44097900390625,141
2025-07-17T20:32:33.587116,1,27,"[0, 1, 2, 3, 4, 5, 6, 7]",93.01580810546875,0.0,46.44097900390625,141,93.01580810546875,38.86540412902832,46.44097900390625,141
2025-07-17T20:32:33.595206,2,27,"[0, 1, 2, 3, 4, 5, 6, 7]",93.01580810546875,0.0,46.44097900390625,141,93.01580810546875,38.86540412902832,46.44097900390625,141
2025-07-17T20:32:33.603100,3,27,"[0, 1, 2, 3, 4, 5, 6, 7]",93.01580810546875,0.0,46.44097900390625,141,93.01580810546875,38.86540412902832,46.44097900390625,141
2025-07-17T20:32:33.610743,4,27,"[0, 1, 2, 3, 4, 5, 6, 7]",93.01580810546875,0.0,46.44097900390625,141,93.01580810546875,38.86540412902832,46.44097900390625,141
2025-07-17T20:32:33.617797,0,28,"[0, 1, 2, 3, 4, 5, 6, 7]",93.01580810546875,0.0,46.44097900390625,141,93.01580810546875,38.86540412902832,46.44097900390625,141
2025-07-17T20:32:33.625496,1,28,"[0, 1, 2, 3, 4, 5, 6, 7]",93.01580810546875,0.0,46.44097900390625,141,93.01580810546875,38.86540412902832,46.44097900390625,141
2025-07-17T20:32:33.633225,2,28,"[0, 1, 2, 3, 4, 5, 6, 7]",93.01580810546875,0.0,46.44097900390625,141,93.01580810546875,38.86540412902832,46.44097900390625,141
2025-07-17T20:32:33.639869,3,28,"[0, 1, 2, 3, 4, 5, 6, 7]",93.01580810546875,0.0,46.44097900390625,141,93.01580810546875,38.86540412902832,46.44097900390625,141
2025-07-17T20:32:33.646626,4,28,"[0, 1, 2, 3, 4, 5, 6, 7]",93.01580810546875,0.0,46.44097900390625,141,93.01580810546875,38.86540412902832,46.44097900390625,141
2025-07-17T20:32:33.652915,0,29,"[0, 1, 2, 3, 4, 5, 6, 7]",93.01580810546875,0.0,46.44097900390625,141,93.01580810546875,38.86540412902832,46.44097900390625,141
2025-07-17T20:32:33.659837,1,29,"[0, 1, 2, 3, 4, 5, 6, 7]",93.01580810546875,0.0,46.44097900390625,141,93.01580810546875,38.86540412902832,46.44097900390625,141
2025-07-17T20:32:33.666694,2,29,"[0, 1, 2, 3, 4, 5, 6, 7]",93.01580810546875,0.0,46.44097900390625,141,93.01580810546875,38.86540412902832,46.44097900390625,141
2025-07-17T20:32:33.673748,3,29,"[0, 1, 2, 3, 4, 5, 6, 7]",93.01580810546875,0.0,46.44097900390625,141,93.01580810546875,38.86540412902832,46.44097900390625,141
2025-07-17T20:32:33.685297,4,29,"[0, 1, 2, 3, 4, 5, 6, 7]",93.01580810546875,0.0,46.44097900390625,141,93.01580810546875,38.86540412902832,46.44097900390625,141
2025-07-17T20:32:33.688012,0,30,"[0, 1, 2, 3, 4, 5, 6, 7]",93.01580810546875,0.0,46.44097900390625,141,93.01580810546875,38.86540412902832,46.44097900390625,141
2025-07-17T20:32:33.700394,1,30,"[0, 1, 2, 3, 4, 5, 6, 7]",93.01580810546875,0.0,46.44097900390625,141,93.01580810546875,38.86540412902832,46.44097900390625,141
2025-07-17T20:32:33.707983,2,30,"[0, 1, 2, 3, 4, 5, 6, 7]",93.01580810546875,0.0,46.44097900390625,141,93.01580810546875,38.86540412902832,46.44097900390625,141
2025-07-17T20:32:33.710676,3,30,"[0, 1, 2, 3, 4, 5, 6, 7]",93.01580810546875,0.0,46.44097900390625,141,93.01580810546875,38.86540412902832,46.44097900390625,141
2025-07-17T20:32:33.717595,4,30,"[0, 1, 2, 3, 4, 5, 6, 7]",93.01580810546875,0.0,46.44097900390625,141,93.01580810546875,38.86540412902832,46.44097900390625,141
2025-07-17T20:32:33.725400,0,31,"[0, 1, 2, 3, 4, 5, 6, 7]",93.01580810546875,0.0,46.44097900390625,141,93.01580810546875,38.87229824066162,46.44097900390625,141
2025-07-17T20:32:33.732343,1,31,"[0, 1, 2, 3, 4, 5, 6, 7]",93.01580810546875,0.0,46.44097900390625,141,93.01580810546875,38.86909008026123,46.44097900390625,141
2025-07-17T20:32:33.745643,2,31,"[0, 1, 2, 3, 4, 5, 6, 7]",93.01580810546875,0.0,46.44097900390625,141,93.01580810546875,38.86646366119385,46.44097900390625,141
2025-07-17T20:32:33.754055,3,31,"[0, 1, 2, 3, 4, 5, 6, 7]",93.01580810546875,0.0,46.44097900390625,141,93.01580810546875,38.86299800872803,46.44097900390625,141
2025-07-17T20:32:33.757037,4,31,"[0, 1, 2, 3, 4, 5, 6, 7]",93.01580810546875,0.0,46.44097900390625,141,93.01580810546875,38.86002254486084,46.44097900390625,141
2025-07-17T20:32:33.767936,0,0,"[0, 1, 2, 3, 4, 5, 6, 7]",93.01580810546875,0.0,46.44097900390625,141,93.01580810546875,38.85531425476074,46.44097900390625,141
2025-07-17T20:32:33.775232,1,0,"[0, 1, 2, 3, 4, 5, 6, 7]",93.01580810546875,0.0,46.44097900390625,141,93.01580810546875,38.85852241516113,46.44097900390625,141
2025-07-17T20:32:33.782514,2,0,"[0, 1, 2, 3, 4, 5, 6, 7]",93.01580810546875,0.0,46.44097900390625,141,93.01580810546875,38.86149787902832,46.44097900390625,141
2025-07-17T20:32:33.790270,3,0,"[0, 1, 2, 3, 4, 5, 6, 7]",93.01580810546875,0.0,46.44097900390625,141,93.01580810546875,38.86438179016113,46.44097900390625,141
2025-07-17T20:32:33.798277,4,0,"[0, 1, 2, 3, 4, 5, 6, 7]",93.01580810546875,0.0,46.44097900390625,141,93.01580810546875,38.86540412902832,46.44097900390625,141
2025-07-17T20:32:33.804810,0,1,"[0, 1, 2, 3, 4, 5, 6, 7]",93.01580810546875,0.0,46.44097900390625,141,93.01580810546875,38.86540412902832,46.44097900390625,141
2025-07-17T20:32:33.812798,1,1,"[0, 1, 2, 3, 4, 5, 6, 7]",93.01580810546875,0.0,46.44097900390625,141,93.01580810546875,38.86540412902832,46.44097900390625,141
2025-07-17T20:32:33.825434,2,1,"[0, 1, 2, 3, 4, 5, 6, 7]",93.01580810546875,0.0,46.44097900390625,141,93.01580810546875,38.86540412902832,46.44097900390625,141
2025-07-17T20:32:33.832637,3,1,"[0, 1, 2, 3, 4, 5, 6, 7]",93.01580810546875,0.0,46.44097900390625,141,93.01580810546875,38.86540412902832,46.44097900390625,141
2025-07-17T20:32:33.834769,4,1,"[0, 1, 2, 3, 4, 5, 6, 7]",93.01580810546875,0.0,46.44097900390625,141,93.01580810546875,38.86540412902832,46.44097900390625,141
2025-07-17T20:32:33.846551,0,2,"[0, 1, 2, 3, 4, 5, 6, 7]",93.01580810546875,0.0,46.44097900390625,141,93.01580810546875,38.86540412902832,46.44097900390625,141
2025-07-17T20:32:33.848436,1,2,"[0, 1, 2, 3, 4, 5, 6, 7]",93.01580810546875,0.0,46.44097900390625,141,93.01580810546875,38.86540412902832,46.44097900390625,141
2025-07-17T20:32:33.855616,2,2,"[1, 2, 3, 4, 5, 6, 7]",93.01580810546875,0.0,46.44097900390625,141,93.01580810546875,38.86540412902832,46.44097900390625,141
2025-07-17T20:32:33.866192,3,2,"[0, 1, 2, 3, 4, 5, 6, 7]",93.01580810546875,0.0,46.44097900390625,141,93.01580810546875,38.86540412902832,46.44097900390625,141
2025-07-17T20:32:33.872923,4,2,"[0, 1, 2, 3, 4, 5, 6, 7]",93.01580810546875,0.0,46.44097900390625,141,93.01580810546875,38.86540412902832,46.44097900390625,141
2025-07-17T20:32:33.880082,0,3,"[0, 1, 2, 3, 4, 5, 6, 7]",93.01580810546875,0.0,46.44097900390625,141,93.01580810546875,38.86540412902832,46.44097900390625,141
2025-07-17T20:32:33.887804,1,3,"[0, 1, 2, 3, 4, 5, 6, 7]",93.01580810546875,0.0,46.44097900390625,141,93.01580810546875,38.86540412902832,46.44097900390625,141
2025-07-17T20:32:33.894976,2,3,"[0, 1, 2, 3, 4, 5, 6, 7]",93.01580810546875,0.0,46.44097900390625,141,93.01580810546875,38.86540412902832,46.44097900390625,141
2025-07-17T20:32:33.904971,3,3,"[0, 1, 2, 3, 4, 5, 6, 7]",93.01580810546875,0.0,46.44097900390625,141,93.01580810546875,38.86456489562988,46.44097900390625,141
2025-07-17T20:32:33.912149,4,3,"[0, 1, 2, 3, 4, 5, 6, 7]",93.01580810546875,0.0,46.44097900390625,141,93.01580810546875,38.86456489562988,46.44097900390625,141
2025-07-17T20:32:33.919934,0,4,"[0, 1, 2, 3, 4, 5, 6, 7]",93.01580810546875,0.0,46.44097900390625,141,93.01580810546875,38.86456489562988,46.44097900390625,141
2025-07-17T20:32:33.927703,1,4,"[0, 1, 2, 3, 4, 5, 6, 7]",93.01580810546875,0.0,46.44097900390625,141,93.01580810546875,38.86456489562988,46.44097900390625,141
2025-07-17T20:32:33.934477,2,4,"[0, 1, 2, 3, 4, 5, 6, 7]",93.01580810546875,0.0,46.44097900390625,141,93.01580810546875,38.86456489562988,46.44097900390625,141
2025-07-17T20:32:33.941479,3,4,"[0, 1, 2, 3, 4, 5, 6, 7]",93.01580810546875,0.0,46.44097900390625,141,93.01580810546875,38.86540412902832,46.44097900390625,141
2025-07-17T20:32:33.948229,4,4,"[0, 1, 2, 3, 4, 5, 6, 7]",93.01580810546875,0.0,46.44097900390625,141,93.01580810546875,38.86540412902832,46.44097900390625,141
2025-07-17T20:32:33.955765,0,5,"[0, 1, 2, 3, 4, 5, 6, 7]",93.01580810546875,0.0,46.44097900390625,141,93.01580810546875,38.86540412902832,46.44097900390625,141
2025-07-17T20:32:33.963953,1,5,"[0, 1, 2, 3, 4, 5, 6, 7]",93.01580810546875,0.0,46.44097900390625,141,93.01580810546875,38.86540412902832,46.44097900390625,141
2025-07-17T20:32:33.971534,2,5,"[0, 1, 2, 3, 4, 5, 6, 7]",93.01580810546875,0.0,46.44097900390625,141,93.01580810546875,38.86540412902832,46.44097900390625,141
2025-07-17T20:32:33.973877,3,5,"[0, 1, 2, 3, 4, 5, 6, 7]",93.01580810546875,0.0,46.44097900390625,141,93.01580810546875,38.86540412902832,46.44097900390625,141
2025-07-17T20:32:33.981281,4,5,"[0, 1, 2, 3, 4, 5, 6, 7]",93.01580810546875,0.0,46.44097900390625,141,93.01580810546875,38.86540412902832,46.44097900390625,141
2025-07-17T20:32:33.988818,0,6,"[0, 1, 2, 3, 4, 5, 6, 7]",93.01580810546875,0.0,46.44097900390625,141,93.01580810546875,38.86540412902832,46.44097900390625,141
2025-07-17T20:32:33.996715,1,6,"[0, 1, 2, 3, 4, 5, 6, 7]",93.01580810546875,0.0,46.44097900390625,141,93.01580810546875,38.86540412902832,46.44097900390625,141
2025-07-17T20:32:34.004029,2,6,"[0, 1, 2, 3, 4, 5, 6, 7]",93.01580810546875,0.0,46.44097900390625,141,93.01580810546875,38.86540412902832,46.44097900390625,141
2025-07-17T20:32:34.012250,3,6,"[0, 1, 2, 3, 4, 5, 6, 7]",93.01580810546875,0.0,46.44097900390625,141,93.01580810546875,38.86540412902832,46.44097900390625,141
2025-07-17T20:32:34.019022,4,6,"[0, 1, 2, 3, 4, 5, 6, 7]",93.01580810546875,0.0,46.44097900390625,141,93.01580810546875,38.86540412902832,46.44097900390625,141
2025-07-17T20:32:34.027252,0,7,"[0, 1, 2, 3, 4, 5, 6, 7]",93.01580810546875,0.0,46.44097900390625,141,93.01580810546875,38.86540412902832,46.44097900390625,141
2025-07-17T20:32:34.034704,1,7,"[0, 1, 2, 3, 4, 5, 6, 7]",93.01580810546875,0.0,46.44097900390625,141,93.01580810546875,38.86540412902832,46.44097900390625,141
2025-07-17T20:32:34.042601,2,7,"[0, 1, 2, 3, 4, 5, 6, 7]",93.01580810546875,0.0,46.44097900390625,141,93.01580810546875,38.86540412902832,46.44097900390625,141
2025-07-17T20:32:34.049398,3,7,"[0, 1, 2, 3, 4, 5, 6, 7]",93.01580810546875,0.0,46.44097900390625,141,93.01580810546875,38.86540412902832,46.44097900390625,141
2025-07-17T20:32:34.063239,4,7,"[0, 1, 2, 3, 4, 5, 6, 7]",93.01580810546875,0.0,46.44097900390625,141,93.01580810546875,38.86540412902832,46.44097900390625,141
2025-07-17T20:32:34.065389,0,8,"[0, 1, 2, 3, 4, 5, 6, 7]",93.01580810546875,0.0,46.44097900390625,141,93.01580810546875,38.86540412902832,46.44097900390625,141
2025-07-17T20:32:34.073964,1,8,"[0, 1, 2, 3, 4, 5, 6, 7]",93.01580810546875,0.0,46.44097900390625,141,93.01580810546875,38.86540412902832,46.44097900390625,141
2025-07-17T20:32:34.080866,2,8,"[0, 1, 2, 3, 4, 5, 6, 7]",93.01580810546875,0.0,46.44097900390625,141,93.01580810546875,38.86540412902832,46.44097900390625,141
2025-07-17T20:32:34.093649,3,8,"[0, 1, 2, 3, 4, 5, 6, 7]",93.01580810546875,0.0,46.44097900390625,141,93.01580810546875,38.86540412902832,46.44097900390625,141
2025-07-17T20:32:34.096562,4,8,"[0, 1, 2, 3, 4, 5, 6, 7]",93.01580810546875,0.0,46.44097900390625,141,93.01580810546875,38.86540412902832,46.44097900390625,141
2025-07-17T20:32:34.104275,0,9,"[0, 1, 2, 3, 4, 5, 6, 7]",93.01580810546875,0.0,46.44097900390625,141,93.01580810546875,38.86540412902832,46.44097900390625,141
2025-07-17T20:32:34.117397,1,9,"[0, 1, 2, 3, 4, 5, 6, 7]",93.01580810546875,0.0,46.44097900390625,141,93.01580810546875,38.86540412902832,46.44097900390625,141
2025-07-17T20:32:34.119942,2,9,"[0, 1, 2, 3, 4, 5, 6, 7]",93.01580810546875,0.0,46.44097900390625,141,93.01580810546875,38.86540412902832,46.44097900390625,141
2025-07-17T20:32:34.127435,3,9,"[0, 1, 2, 3, 4, 5, 6, 7]",93.01580810546875,0.0,46.44097900390625,141,93.01580810546875,38.86540412902832,46.44097900390625,141
2025-07-17T20:32:34.134734,4,9,"[0, 1, 2, 3, 4, 5, 6, 7]",93.01580810546875,0.0,46.44097900390625,141,93.01580810546875,38.86540412902832,46.44097900390625,141
2025-07-17T20:32:34.141498,0,10,"[0, 1, 2, 3, 4, 5, 6, 7]",93.01580810546875,0.0,46.44097900390625,141,93.01580810546875,38.86540412902832,46.44097900390625,141
2025-07-17T20:32:34.148083,1,10,"[0, 1, 2, 3, 4, 5, 6, 7]",93.01580810546875,0.0,46.44097900390625,141,93.01580810546875,38.86540412902832,46.44097900390625,141
2025-07-17T20:32:34.155420,2,10,"[0, 1, 2, 3, 4, 5, 6, 7]",93.01580810546875,0.0,46.44097900390625,141,93.01580810546875,38.86540412902832,46.44097900390625,141
2025-07-17T20:32:34.162541,3,10,"[0, 1, 2, 3, 4, 5, 6, 7]",93.01580810546875,0.0,46.44097900390625,141,93.01580810546875,38.86540412902832,46.44097900390625,141
2025-07-17T20:32:34.169282,4,10,"[0, 1, 2, 3, 4, 5, 6, 7]",93.01580810546875,0.0,46.44097900390625,141,93.01580810546875,38.86540412902832,46.44097900390625,141
2025-07-17T20:32:34.176722,0,11,"[0, 1, 2, 3, 4, 5, 6, 7]",93.01580810546875,0.0,46.44097900390625,141,93.01580810546875,38.86540412902832,46.44097900390625,141
2025-07-17T20:32:34.184884,1,11,"[0, 1, 2, 3, 4, 5, 6, 7]",93.01580810546875,0.0,46.44097900390625,141,93.01580810546875,38.86540412902832,46.44097900390625,141
2025-07-17T20:32:34.191639,2,11,"[0, 1, 2, 3, 4, 5, 6, 7]",93.01580810546875,0.0,46.44097900390625,141,93.01580810546875,38.86540412902832,46.44097900390625,141
2025-07-17T20:32:34.198929,3,11,"[0, 1, 2, 3, 4, 5, 6, 7]",93.01580810546875,0.0,46.44097900390625,141,93.01580810546875,38.86540412902832,46.44097900390625,141
2025-07-17T20:32:34.205988,4,11,"[0, 1, 2, 3, 4, 5, 6, 7]",93.01580810546875,0.0,46.44097900390625,141,93.01580810546875,38.86540412902832,46.44097900390625,141
2025-07-17T20:32:34.212436,0,12,"[0, 1, 2, 3, 4, 5, 6, 7]",93.01580810546875,0.0,46.44097900390625,141,93.01580810546875,38.86540412902832,46.44097900390625,141
2025-07-17T20:32:34.225210,1,12,"[0, 1, 2, 3, 5, 6, 7]",93.01580810546875,0.0,46.44097900390625,141,93.01580810546875,38.86540412902832,46.44097900390625,141
2025-07-17T20:32:34.226871,2,12,"[0, 1, 2, 3, 4, 5, 6, 7]",93.01580810546875,0.0,46.44097900390625,141,93.01580810546875,38.86540412902832,46.44097900390625,141
2025-07-17T20:32:34.237487,3,12,"[0, 1, 2, 3, 5, 6, 7]",93.01580810546875,0.0,46.44097900390625,141,93.01580810546875,38.86540412902832,46.44097900390625,141
2025-07-17T20:32:34.244177,4,12,"[0, 1, 2, 3, 5, 6, 7]",93.01580810546875,0.0,46.44097900390625,141,93.01580810546875,38.86540412902832,46.44097900390625,141
2025-07-17T20:32:34.252979,0,13,"[0, 1, 2, 3, 4, 5, 7]",93.01580810546875,0.0,46.44097900390625,141,93.01580810546875,38.86540412902832,46.44097900390625,141
2025-07-17T20:32:34.261039,1,13,"[0, 1, 2, 3, 4, 5, 6]",93.01580810546875,0.0,46.44097900390625,141,93.01580810546875,38.86540412902832,46.44097900390625,141
2025-07-17T20:32:34.268283,2,13,"[0, 1, 2, 3, 4, 5, 6, 7]",93.01580810546875,0.0,46.44097900390625,141,93.01580810546875,38.86540412902832,46.44097900390625,141
2025-07-17T20:32:34.275324,3,13,"[0, 1, 2, 3, 4, 5, 6]",93.01580810546875,0.0,46.44097900390625,141,93.01580810546875,38.86456489562988,46.44097900390625,141
2025-07-17T20:32:34.283000,4,13,"[0, 1, 2, 3, 4, 5, 6]",93.01580810546875,0.0,46.44097900390625,141,93.01580810546875,38.86456489562988,46.44097900390625,141
2025-07-17T20:32:34.290798,0,14,"[0, 1, 2, 3, 4, 5, 6, 7]",93.01580810546875,0.0,46.44097900390625,141,93.01580810546875,38.86456489562988,46.44097900390625,141
2025-07-17T20:32:34.298485,1,14,"[0, 1, 2, 3, 4, 5, 6, 7]",93.01580810546875,0.0,46.44097900390625,141,93.01580810546875,38.86456489562988,46.44097900390625,141
2025-07-17T20:32:34.300891,2,14,"[0, 1, 2, 3, 4, 5, 6, 7]",93.01580810546875,0.0,46.44097900390625,141,93.01580810546875,38.86540412902832,46.44097900390625,141
2025-07-17T20:32:34.312707,3,14,"[0, 1, 2, 3, 4, 5, 6, 7]",93.01580810546875,0.0,46.44097900390625,141,93.01580810546875,38.86540412902832,46.44097900390625,141
2025-07-17T20:32:34.320265,4,14,"[0, 1, 2, 3, 4, 5, 6, 7]",93.01580810546875,0.0,46.44097900390625,141,93.01580810546875,38.86540412902832,46.44097900390625,141
2025-07-17T20:32:34.327194,0,15,"[0, 1, 2, 3, 4, 5, 6, 7]",93.01580810546875,0.0,46.44097900390625,141,93.01580810546875,38.86482238769531,46.44097900390625,141
2025-07-17T20:32:34.334094,1,15,"[0, 1, 2, 3, 4, 5, 6]",93.01580810546875,0.0,46.44097900390625,141,93.01580810546875,38.86482238769531,46.44097900390625,141
2025-07-17T20:32:34.341315,2,15,"[0, 1, 2, 3, 4, 5, 6, 7]",93.01580810546875,0.0,46.44097900390625,141,93.01580810546875,38.86456489562988,46.44097900390625,141
2025-07-17T20:32:34.348250,3,15,"[0, 1, 2, 3, 4, 5, 6]",93.01580810546875,0.0,46.44097900390625,141,93.01580810546875,38.86456489562988,46.44097900390625,141
2025-07-17T20:32:34.354955,4,15,"[0, 1, 2, 3, 4, 5, 6]",93.01580810546875,0.0,46.44097900390625,141,93.01580810546875,38.86540412902832,46.44097900390625,141
2025-07-17T20:32:34.362311,0,16,"[0, 1, 2, 3, 4, 5, 6, 7]",93.01580810546875,0.0,46.44097900390625,141,93.01580810546875,38.86540412902832,46.44097900390625,141
2025-07-17T20:32:34.368940,1,16,"[0, 1, 2, 3, 4, 5, 6, 7]",93.01580810546875,0.0,46.44097900390625,141,93.01580810546875,38.86540412902832,46.44097900390625,141
2025-07-17T20:32:34.376068,2,16,"[0, 1, 2, 3, 4, 5, 6, 7]",93.01580810546875,0.0,46.44097900390625,141,93.01580810546875,38.86540412902832,46.44097900390625,141
2025-07-17T20:32:34.382895,3,16,"[0, 1, 2, 3, 4, 5, 6, 7]",93.01580810546875,0.0,46.44097900390625,141,93.01580810546875,38.86540412902832,46.44097900390625,141
2025-07-17T20:32:34.393663,4,16,"[0, 1, 2, 3, 4, 5, 6, 7]",93.01580810546875,0.0,46.44097900390625,141,93.01580810546875,38.86456489562988,46.44097900390625,141
2025-07-17T20:32:34.401443,0,17,"[0, 1, 2, 3, 4, 5, 6, 7]",93.01580810546875,0.0,46.44097900390625,141,93.01580810546875,38.86456489562988,46.44097900390625,141
2025-07-17T20:32:34.409015,1,17,"[1, 2, 3, 4, 5, 6, 7]",93.01580810546875,0.0,46.44097900390625,141,93.01580810546875,38.86456489562988,46.44097900390625,141
2025-07-17T20:32:34.415833,2,17,"[0, 1, 2, 3, 4, 5, 6, 7]",93.01580810546875,0.0,46.44097900390625,141,93.01580810546875,38.86456489562988,46.44097900390625,141
2025-07-17T20:32:34.423143,3,17,"[1, 2, 3, 4, 5, 6, 7]",93.01580810546875,0.0,46.44097900390625,141,93.01580810546875,38.86456489562988,46.44097900390625,141
2025-07-17T20:32:34.430599,4,17,"[1, 2, 3, 4, 5, 6, 7]",93.01580810546875,0.0,46.44097900390625,141,93.01580810546875,38.86540412902832,46.44097900390625,141
2025-07-17T20:32:34.438760,0,18,"[0, 1, 2, 3, 4, 5, 6, 7]",93.01580810546875,0.0,46.44097900390625,141,93.01580810546875,38.86540412902832,46.44097900390625,141
2025-07-17T20:32:34.441922,1,18,"[0, 1, 3, 4, 5, 6, 7]",93.01580810546875,0.0,46.44097900390625,141,93.01580810546875,38.86540412902832,46.44097900390625,141
2025-07-17T20:32:34.454847,2,18,"[0, 1, 2, 3, 4, 5, 6, 7]",93.01580810546875,0.0,46.44097900390625,141,93.01580810546875,38.86540412902832,46.44097900390625,141
2025-07-17T20:32:34.457346,3,18,"[0, 1, 3, 4, 5, 6, 7]",93.01580810546875,0.0,46.44097900390625,141,93.01580810546875,38.86540412902832,46.44097900390625,141
2025-07-17T20:32:34.464873,4,18,"[0, 1, 3, 4, 5, 6, 7]",93.01580810546875,0.0,46.44097900390625,141,93.01580810546875,38.86540412902832,46.44097900390625,141
2025-07-17T20:32:34.472007,0,19,"[0, 1, 2, 3, 4, 5, 6, 7]",93.01580810546875,0.0,46.44097900390625,141,93.01580810546875,38.86540412902832,46.44097900390625,141
2025-07-17T20:32:34.484388,1,19,"[0, 1, 2, 3, 4, 5, 6, 7]",93.01580810546875,0.0,46.44097900390625,141,93.01580810546875,38.86540412902832,46.44097900390625,141
2025-07-17T20:32:34.486636,2,19,"[0, 1, 2, 3, 4, 5, 6, 7]",93.01580810546875,0.0,46.44097900390625,141,93.01580810546875,38.86540412902832,46.44097900390625,141
2025-07-17T20:32:34.493540,3,19,"[0, 1, 2, 3, 4, 5, 6, 7]",93.01580810546875,0.0,46.44097900390625,141,93.01580810546875,38.86540412902832,46.44097900390625,141
2025-07-17T20:32:34.500562,4,19,"[0, 1, 2, 3, 4, 5, 6, 7]",93.01580810546875,0.0,46.44097900390625,141,93.01580810546875,38.86540412902832,46.44097900390625,141
2025-07-17T20:32:34.507710,0,20,"[0, 1, 2, 3, 4, 5, 6, 7]",93.01580810546875,0.0,46.44097900390625,141,93.01580810546875,38.86540412902832,46.44097900390625,141
2025-07-17T20:32:34.515825,1,20,"[0, 1, 2, 3, 4, 5, 6, 7]",93.01580810546875,0.0,46.44097900390625,141,93.01580810546875,38.86540412902832,46.44097900390625,141
2025-07-17T20:32:34.523126,2,20,"[0, 1, 2, 3, 4, 5, 6, 7]",93.01580810546875,0.0,46.44097900390625,141,93.01580810546875,38.86540412902832,46.44097900390625,141
2025-07-17T20:32:34.530251,3,20,"[0, 1, 2, 3, 4, 5, 6, 7]",93.01580810546875,0.0,46.44097900390625,141,93.01580810546875,38.86540412902832,46.44097900390625,141
2025-07-17T20:32:34.537395,4,20,"[0, 1, 2, 3, 4, 5, 6, 7]",93.01580810546875,0.0,46.44097900390625,141,93.01580810546875,38.86540412902832,46.44097900390625,141
2025-07-17T20:32:34.550667,0,21,"[0, 1, 2, 3, 4, 5, 6, 7]",93.01580810546875,0.0,46.44097900390625,141,93.01580810546875,38.86540412902832,46.44097900390625,141
2025-07-17T20:32:34.553254,1,21,"[0, 1, 2, 3, 4, 5, 6, 7]",93.01580810546875,0.0,46.44097900390625,141,93.01580810546875,38.86540412902832,46.44097900390625,141
2025-07-17T20:32:34.560147,2,21,"[0, 1, 2, 3, 4, 5, 6, 7]",93.01580810546875,0.0,46.44097900390625,141,93.01580810546875,38.86540412902832,46.44097900390625,141
2025-07-17T20:32:34.567482,3,21,"[0, 1, 2, 3, 4, 5, 6, 7]",93.01580810546875,0.0,46.44097900390625,141,93.01580810546875,38.86540412902832,46.44097900390625,141
2025-07-17T20:32:34.574824,4,21,"[0, 1, 2, 3, 4, 5, 6, 7]",93.01580810546875,0.0,46.44097900390625,141,93.01580810546875,38.86540412902832,46.44097900390625,141
2025-07-17T20:32:34.582258,0,22,"[0, 1, 2, 3, 4, 5, 6, 7]",93.01580810546875,0.0,46.44097900390625,141,93.01580810546875,38.86540412902832,46.44097900390625,141
2025-07-17T20:32:34.594811,1,22,"[0, 1, 2, 3, 4, 5, 6, 7]",93.01580810546875,0.0,46.44097900390625,141,93.01580810546875,38.86540412902832,46.44097900390625,141
2025-07-17T20:32:34.597093,2,22,"[0, 1, 2, 3, 4, 5, 6, 7]",93.01580810546875,0.0,46.44097900390625,141,93.01580810546875,38.86540412902832,46.44097900390625,141
2025-07-17T20:32:34.609824,3,22,"[0, 1, 2, 3, 4, 5, 6, 7]",93.01580810546875,0.0,46.44097900390625,141,93.01580810546875,38.86540412902832,46.44097900390625,141
2025-07-17T20:32:34.612086,4,22,"[0, 1, 2, 3, 4, 5, 6, 7]",93.01580810546875,0.0,46.44097900390625,141,93.01580810546875,38.86540412902832,46.44097900390625,141
2025-07-17T20:32:34.624994,0,23,"[0, 1, 2, 3, 4, 5, 6, 7]",93.01580810546875,0.0,46.44097900390625,141,93.01580810546875,38.86540412902832,46.44097900390625,141
2025-07-17T20:32:34.633814,1,23,"[0, 1, 2, 3, 4, 5, 6, 7]",93.01580810546875,0.0,46.44097900390625,141,93.01580810546875,38.86540412902832,46.44097900390625,141
2025-07-17T20:32:34.637047,2,23,"[0, 1, 2, 3, 4, 5, 6, 7]",93.01580810546875,0.0,46.44097900390625,141,93.01580810546875,38.86540412902832,46.44097900390625,141
2025-07-17T20:32:34.643550,3,23,"[0, 1, 2, 3, 4, 5, 6, 7]",93.01580810546875,0.0,46.44097900390625,141,93.01580810546875,38.86540412902832,46.44097900390625,141
2025-07-17T20:32:34.650022,4,23,"[0, 1, 2, 3, 4, 5, 6, 7]",93.01580810546875,0.0,46.44097900390625,141,93.01580810546875,38.86540412902832,46.44097900390625,141
2025-07-17T20:32:34.657827,0,24,"[0, 1, 2, 3, 4, 5, 6, 7]",93.01580810546875,0.0,46.44097900390625,141,93.01580810546875,38.86540412902832,46.44097900390625,141
2025-07-17T20:32:34.664052,1,24,"[1, 3, 4, 5, 6, 7]",93.01580810546875,0.0,46.44097900390625,141,93.01580810546875,38.86540412902832,46.44097900390625,141
2025-07-17T20:32:34.675828,2,24,"[0, 1, 2, 3, 4, 5, 6, 7]",93.01580810546875,0.0,46.44097900390625,141,93.01580810546875,38.86540412902832,46.44097900390625,141
2025-07-17T20:32:34.678036,3,24,"[1, 3, 4, 5, 6, 7]",93.01580810546875,0.0,46.44097900390625,141,93.01580810546875,38.86540412902832,46.44097900390625,141
2025-07-17T20:32:34.685287,4,24,"[1, 3, 4, 5, 6, 7]",93.01580810546875,0.0,46.44097900390625,141,93.01580810546875,38.86540412902832,46.44097900390625,141
2025-07-17T20:32:34.693153,0,25,"[0, 1, 2, 3, 4, 5, 6, 7]",93.01580810546875,0.0,46.44097900390625,141,93.01580810546875,38.86540412902832,46.44097900390625,141
2025-07-17T20:32:34.700867,1,25,"[0, 1, 2, 3, 4, 5, 6, 7]",93.01580810546875,0.0,46.44097900390625,141,93.01580810546875,38.86540412902832,46.44097900390625,141
2025-07-17T20:32:34.708180,2,25,"[0, 1, 2, 3, 4, 5, 6, 7]",93.01580810546875,0.0,46.44097900390625,141,93.01580810546875,38.86540412902832,46.44097900390625,141
2025-07-17T20:32:34.715426,3,25,"[0, 1, 2, 3, 4, 5, 6, 7]",93.01580810546875,0.0,46.44097900390625,141,93.01580810546875,38.86540412902832,46.44097900390625,141
2025-07-17T20:32:34.722859,4,25,"[0, 1, 2, 3, 4, 5, 6, 7]",93.01580810546875,0.0,46.44097900390625,141,93.01580810546875,38.86540412902832,46.44097900390625,141
2025-07-17T20:32:34.731237,0,26,"[0, 1, 2, 3, 4, 5, 6, 7]",93.01580810546875,0.0,46.44097900390625,141,93.01580810546875,38.86540412902832,46.44097900390625,141
2025-07-17T20:32:34.738325,1,26,"[0, 1, 2, 3, 4, 5, 6, 7]",93.01580810546875,0.0,46.44097900390625,141,93.01580810546875,38.86540412902832,46.44097900390625,141
2025-07-17T20:32:34.744918,2,26,"[0, 1, 2, 3, 4, 5, 6, 7]",93.01580810546875,0.0,46.44097900390625,141,93.01580810546875,38.86540412902832,46.44097900390625,141
2025-07-17T20:32:34.757686,3,26,"[0, 1, 2, 3, 4, 5, 6, 7]",93.01580810546875,0.0,46.44097900390625,141,93.01580810546875,38.86540412902832,46.44097900390625,141
2025-07-17T20:32:34.759655,4,26,"[0, 1, 2, 3, 4, 5, 6, 7]",93.01580810546875,0.0,46.44097900390625,141,93.01580810546875,38.86540412902832,46.44097900390625,141
2025-07-17T20:32:34.766509,0,27,"[0, 1, 2, 3, 4, 5, 6, 7]",93.01580810546875,0.0,46.44097900390625,141,93.01580810546875,38.86540412902832,46.44097900390625,141
2025-07-17T20:32:34.773798,1,27,"[0, 1, 3, 4, 6, 7]",93.01580810546875,0.0,46.44097900390625,141,93.01580810546875,38.86540412902832,46.44097900390625,141
2025-07-17T20:32:34.780588,2,27,"[0, 1, 2, 3, 4, 5, 6, 7]",93.01580810546875,0.0,46.44097900390625,141,93.01580810546875,38.86540412902832,46.44097900390625,141
2025-07-17T20:32:34.793129,3,27,"[0, 1, 3, 4, 6, 7]",93.01580810546875,0.0,46.44097900390625,141,93.01580810546875,38.86540412902832,46.44097900390625,141
2025-07-17T20:32:34.795326,4,27,"[0, 1, 3, 4, 6, 7]",93.01580810546875,0.0,46.44097900390625,141,93.01580810546875,38.86540412902832,46.44097900390625,141
2025-07-17T20:32:34.802053,0,28,"[0, 1, 2, 3, 4, 5, 6, 7]",93.01580810546875,0.0,46.44097900390625,141,93.01580810546875,38.86540412902832,46.44097900390625,141
2025-07-17T20:32:34.809513,1,28,"[0, 1, 2, 3, 4, 5, 6, 7]",93.01580810546875,0.0,46.44097900390625,141,93.01580810546875,38.86540412902832,46.44097900390625,141
2025-07-17T20:32:34.822235,2,28,"[0, 1, 2, 3, 4, 5, 6, 7]",93.01580810546875,0.0,46.44097900390625,141,93.01580810546875,38.86540412902832,46.44097900390625,141
2025-07-17T20:32:34.824359,3,28,"[0, 1, 2, 3, 4, 5, 6, 7]",93.01580810546875,0.0,46.44097900390625,141,93.01580810546875,38.86540412902832,46.44097900390625,141
2025-07-17T20:32:34.837853,4,28,"[0, 1, 2, 3, 4, 5, 6, 7]",93.01580810546875,0.0,46.44097900390625,141,93.01580810546875,38.86540412902832,46.44097900390625,141
2025-07-17T20:32:34.845811,0,29,"[0, 1, 2, 3, 4, 5, 6, 7]",93.01580810546875,0.0,46.44097900390625,141,93.01580810546875,38.86540412902832,46.44097900390625,141
2025-07-17T20:32:34.847864,1,29,"[0, 1, 2, 3, 4, 5, 6, 7]",93.01580810546875,0.0,46.44097900390625,141,93.01580810546875,38.86540412902832,46.44097900390625,141
2025-07-17T20:32:34.855815,2,29,"[0, 1, 2, 3, 4, 5, 6, 7]",93.01580810546875,0.0,46.44097900390625,141,93.01580810546875,38.86540412902832,46.44097900390625,141
2025-07-17T20:32:34.863628,3,29,"[0, 1, 2, 3, 4, 5, 6, 7]",93.01580810546875,0.0,46.44097900390625,141,93.01580810546875,38.86540412902832,46.44097900390625,141
2025-07-17T20:32:34.870695,4,29,"[0, 1, 2, 3, 4, 5, 6, 7]",93.01580810546875,0.0,46.44097900390625,141,93.01580810546875,38.86540412902832,46.44097900390625,141
2025-07-17T20:32:34.877886,0,30,"[0, 1, 2, 3, 4, 5, 6, 7]",93.01580810546875,0.0,46.44097900390625,141,93.01580810546875,38.86540412902832,46.44097900390625,141
2025-07-17T20:32:34.889610,1,30,"[0, 1, 2, 3, 4, 5, 6, 7]",93.01580810546875,0.0,46.44097900390625,141,93.01580810546875,38.86540412902832,46.44097900390625,141
2025-07-17T20:32:34.891878,2,30,"[0, 1, 2, 3, 4, 5, 6, 7]",93.01580810546875,0.0,46.44097900390625,141,93.01580810546875,38.86540412902832,46.44097900390625,141
2025-07-17T20:32:34.899293,3,30,"[0, 1, 2, 3, 4, 5, 6, 7]",93.01580810546875,0.0,46.44097900390625,141,93.01580810546875,38.86540412902832,46.44097900390625,141
2025-07-17T20:32:34.912307,4,30,"[0, 1, 2, 3, 4, 5, 6, 7]",93.01580810546875,0.0,46.44097900390625,141,93.01580810546875,38.86540412902832,46.44097900390625,141
2025-07-17T20:32:34.919916,0,31,"[0, 1, 2, 3, 4, 5, 6, 7]",93.01580810546875,0.0,46.44097900390625,141,93.01580810546875,38.87287998199463,46.44097900390625,141
2025-07-17T20:32:34.929436,1,31,"[1, 2, 3, 4, 5, 6, 7]",93.01580810546875,0.0,46.44097900390625,141,93.01580810546875,38.86967182159424,46.44097900390625,141
2025-07-17T20:32:34.933316,2,31,"[0, 1, 2, 3, 4, 5, 6, 7]",93.01580810546875,0.0,46.44097900390625,141,93.01580810546875,38.86646366119385,46.44097900390625,141
2025-07-17T20:32:34.942421,3,31,"[1, 2, 3, 4, 5, 6, 7]",93.01580810546875,0.0,46.44097900390625,141,93.01580810546875,38.863837242126465,46.44097900390625,141
2025-07-17T20:32:34.950147,4,31,"[1, 2, 3, 4, 5, 6, 7]",93.01580810546875,0.0,46.44097900390625,141,93.01580810546875,38.86002254486084,46.44097900390625,141
2025-07-17T20:32:34.962335,0,0,"[0, 1, 2, 3, 4, 5, 6, 7]",93.01580810546875,0.0,46.44097900390625,141,93.01580810546875,38.85531425476074,46.44097900390625,141
2025-07-17T20:32:34.975298,1,0,"[0, 1, 2, 3, 5, 6, 7]",93.01580810546875,0.0,46.44097900390625,141,93.01580810546875,38.85852241516113,46.44097900390625,141
2025-07-17T20:32:34.977744,2,0,"[0, 1, 2, 3, 4, 5, 6, 7]",93.01580810546875,0.0,46.44097900390625,141,93.01580810546875,38.86149787902832,46.44097900390625,141
2025-07-17T20:32:34.992240,3,0,"[0, 1, 2, 3, 5, 6, 7]",93.01580810546875,0.0,46.44097900390625,141,93.01580810546875,38.86438179016113,46.44097900390625,141
2025-07-17T20:32:35.001498,4,0,"[0, 1, 2, 3, 5, 6, 7]",93.01580810546875,0.0,46.44097900390625,141,93.01580810546875,38.86540412902832,46.44097900390625,141
2025-07-17T20:32:35.010172,0,1,"[0, 1, 2, 3, 4, 5, 6, 7]",93.01580810546875,0.0,46.44097900390625,141,93.01580810546875,38.86540412902832,46.44097900390625,141
2025-07-17T20:32:35.013029,1,1,"[0, 1, 2, 3, 4, 5, 6, 7]",93.01580810546875,0.0,46.44097900390625,141,93.01580810546875,38.86540412902832,46.44097900390625,141
2025-07-17T20:32:35.019779,2,1,"[0, 1, 2, 3, 4, 5, 6, 7]",93.01580810546875,0.0,46.44097900390625,141,93.01580810546875,38.86540412902832,46.44097900390625,141
2025-07-17T20:32:35.032552,3,1,"[0, 1, 2, 3, 4, 5, 6, 7]",93.01580810546875,0.0,46.44097900390625,141,93.01580810546875,38.86540412902832,46.44097900390625,141
2025-07-17T20:32:35.034808,4,1,"[0, 1, 2, 3, 4, 5, 6, 7]",93.01580810546875,0.0,46.44097900390625,141,93.01580810546875,38.86540412902832,46.44097900390625,141
2025-07-17T20:32:35.043764,0,2,"[0, 1, 2, 3, 4, 5, 6, 7]",93.01580810546875,0.0,46.44097900390625,141,93.01580810546875,38.86540412902832,46.44097900390625,141
2025-07-17T20:32:35.051410,1,2,"[0, 1, 2, 3, 4, 5, 6, 7]",93.01580810546875,0.0,46.44097900390625,141,93.01580810546875,38.86540412902832,46.44097900390625,141
2025-07-17T20:32:35.062214,2,2,"[0, 1, 2, 3, 4, 5, 6, 7]",93.01580810546875,0.0,46.44097900390625,141,93.01580810546875,38.86540412902832,46.44097900390625,141
2025-07-17T20:32:35.072095,3,2,"[0, 1, 2, 3, 4, 5, 6, 7]",93.01580810546875,0.0,46.44097900390625,141,93.01580810546875,38.86456489562988,46.44097900390625,141
2025-07-17T20:32:35.080121,4,2,"[0, 1, 2, 3, 4, 5, 6, 7]",93.01580810546875,0.0,46.44097900390625,141,93.01580810546875,38.86456489562988,46.44097900390625,141
2025-07-17T20:32:35.088047,0,3,"[0, 1, 2, 3, 4, 5, 6, 7]",93.01580810546875,0.0,46.44097900390625,141,93.01580810546875,38.86456489562988,46.44097900390625,141
2025-07-17T20:32:35.095320,1,3,"[0, 1, 2, 3, 4, 5, 6, 7]",93.01580810546875,0.0,46.44097900390625,141,93.01580810546875,38.86456489562988,46.44097900390625,141
2025-07-17T20:32:35.102408,2,3,"[0, 1, 2, 3, 4, 5, 6, 7]",93.01580810546875,0.0,46.44097900390625,141,93.01580810546875,38.86456489562988,46.44097900390625,141
2025-07-17T20:32:35.109900,3,3,"[0, 1, 2, 3, 4, 5, 6, 7]",93.01580810546875,0.0,46.44097900390625,141,93.01580810546875,38.86540412902832,46.44097900390625,141
2025-07-17T20:32:35.117249,4,3,"[0, 1, 2, 3, 4, 5, 6, 7]",93.01580810546875,0.0,46.44097900390625,141,93.01580810546875,38.86540412902832,46.44097900390625,141
2025-07-17T20:32:35.124115,0,4,"[0, 1, 2, 3, 4, 5, 6, 7]",93.01580810546875,0.0,46.44097900390625,141,93.01580810546875,38.86540412902832,46.44097900390625,141
2025-07-17T20:32:35.131441,1,4,"[0, 1, 3, 4, 5, 6, 7]",93.01580810546875,0.0,46.44097900390625,141,93.01580810546875,38.86540412902832,46.44097900390625,141
2025-07-17T20:32:35.139062,2,4,"[0, 1, 2, 3, 4, 5, 6, 7]",93.01580810546875,0.0,46.44097900390625,141,93.01580810546875,38.86540412902832,46.44097900390625,141
2025-07-17T20:32:35.145955,3,4,"[0, 1, 3, 4, 5, 6, 7]",93.01580810546875,0.0,46.44097900390625,141,93.01580810546875,38.86540412902832,46.44097900390625,141
2025-07-17T20:32:35.153966,4,4,"[0, 1, 3, 4, 5, 6, 7]",93.01580810546875,0.0,46.44097900390625,141,93.01580810546875,38.86540412902832,46.44097900390625,141
2025-07-17T20:32:35.161595,0,5,"[0, 1, 2, 3, 4, 5, 6, 7]",93.01580810546875,0.0,46.44097900390625,141,93.01580810546875,38.86540412902832,46.44097900390625,141
2025-07-17T20:32:35.168839,1,5,"[0, 1, 2, 3, 4, 5, 6, 7]",93.01580810546875,0.0,46.44097900390625,141,93.01580810546875,38.86540412902832,46.44097900390625,141
2025-07-17T20:32:35.175440,2,5,"[0, 1, 2, 3, 4, 5, 6, 7]",93.01580810546875,0.0,46.44097900390625,141,93.01580810546875,38.86540412902832,46.44097900390625,141
2025-07-17T20:32:35.182584,3,5,"[0, 1, 2, 3, 4, 5, 6, 7]",93.01580810546875,0.0,46.44097900390625,141,93.01580810546875,38.86540412902832,46.44097900390625,141
2025-07-17T20:32:35.190333,4,5,"[0, 1, 2, 3, 4, 5, 6, 7]",93.01580810546875,0.0,46.44097900390625,141,93.01580810546875,38.86540412902832,46.44097900390625,141
2025-07-17T20:32:35.197315,0,6,"[0, 1, 2, 3, 4, 5, 6, 7]",93.01580810546875,0.0,46.44097900390625,141,93.01580810546875,38.86540412902832,46.44097900390625,141
2025-07-17T20:32:35.204749,1,6,"[0, 1, 2, 3, 4, 5, 6, 7]",93.01580810546875,0.0,46.44097900390625,141,93.01580810546875,38.86540412902832,46.44097900390625,141
2025-07-17T20:32:35.212620,2,6,"[0, 1, 2, 3, 4, 5, 6, 7]",93.01580810546875,0.0,46.44097900390625,141,93.01580810546875,38.86540412902832,46.44097900390625,141
2025-07-17T20:32:35.219885,3,6,"[0, 1, 2, 3, 4, 5, 6, 7]",93.01580810546875,0.0,46.44097900390625,141,93.01580810546875,38.86540412902832,46.44097900390625,141
2025-07-17T20:32:35.227528,4,6,"[0, 1, 2, 3, 4, 5, 6, 7]",93.01580810546875,0.0,46.44097900390625,141,93.01580810546875,38.86540412902832,46.44097900390625,141
2025-07-17T20:32:35.234960,0,7,"[0, 1, 2, 3, 4, 5, 6, 7]",93.01580810546875,0.0,46.44097900390625,141,93.01580810546875,38.86540412902832,46.44097900390625,141
2025-07-17T20:32:35.242224,1,7,"[0, 1, 2, 3, 4, 5, 6, 7]",93.01580810546875,0.0,46.44097900390625,141,93.01580810546875,38.86540412902832,46.44097900390625,141
2025-07-17T20:32:35.245526,2,7,"[0, 1, 2, 3, 4, 5, 6, 7]",93.01580810546875,0.0,46.44097900390625,141,93.01580810546875,38.86540412902832,46.44097900390625,141
2025-07-17T20:32:35.253082,3,7,"[0, 1, 2, 3, 4, 5, 6, 7]",93.01580810546875,0.0,46.44097900390625,141,93.01580810546875,38.86540412902832,46.44097900390625,141
2025-07-17T20:32:35.260760,4,7,"[0, 1, 2, 3, 4, 5, 6, 7]",93.01580810546875,0.0,46.44097900390625,141,93.01580810546875,38.86540412902832,46.44097900390625,141
2025-07-17T20:32:35.268633,0,8,"[0, 1, 2, 3, 4, 5, 6, 7]",93.01580810546875,0.0,46.44097900390625,141,93.01580810546875,38.86540412902832,46.44097900390625,141
2025-07-17T20:32:35.276037,1,8,"[0, 1, 2, 3, 4, 5, 6, 7]",93.01580810546875,0.0,46.44097900390625,141,93.01580810546875,38.86540412902832,46.44097900390625,141
2025-07-17T20:32:35.283830,2,8,"[0, 1, 2, 3, 4, 5, 6, 7]",93.01580810546875,0.0,46.44097900390625,141,93.01580810546875,38.86540412902832,46.44097900390625,141
2025-07-17T20:32:35.291768,3,8,"[0, 1, 2, 3, 4, 5, 6, 7]",93.01580810546875,0.0,46.44097900390625,141,93.01580810546875,38.86540412902832,46.44097900390625,141
2025-07-17T20:32:35.304600,4,8,"[0, 1, 2, 3, 4, 5, 6, 7]",93.01580810546875,0.0,46.44097900390625,141,93.01580810546875,38.86540412902832,46.44097900390625,141
2025-07-17T20:32:35.306898,0,9,"[0, 1, 2, 3, 4, 5, 6, 7]",93.01580810546875,0.0,46.44097900390625,141,93.01580810546875,38.86540412902832,46.44097900390625,141
2025-07-17T20:32:35.314437,1,9,"[0, 1, 2, 3, 4, 5, 6, 7]",93.01580810546875,0.0,46.44097900390625,141,93.01580810546875,38.86540412902832,46.44097900390625,141
2025-07-17T20:32:35.322222,2,9,"[0, 1, 2, 3, 4, 5, 6, 7]",93.01580810546875,0.0,46.44097900390625,141,93.01580810546875,38.86540412902832,46.44097900390625,141
2025-07-17T20:32:35.328726,3,9,"[0, 1, 2, 3, 4, 5, 6, 7]",93.01580810546875,0.0,46.44097900390625,141,93.01580810546875,38.86540412902832,46.44097900390625,141
2025-07-17T20:32:35.341676,4,9,"[0, 1, 2, 3, 4, 5, 6, 7]",93.01580810546875,0.0,46.44097900390625,141,93.01580810546875,38.86540412902832,46.44097900390625,141
2025-07-17T20:32:35.343677,0,10,"[0, 1, 2, 3, 4, 5, 6, 7]",93.01580810546875,0.0,46.44097900390625,141,93.01580810546875,38.86540412902832,46.44097900390625,141
2025-07-17T20:32:35.350412,1,10,"[0, 1, 2, 3, 4, 5, 7]",93.01580810546875,0.0,46.44097900390625,141,93.01580810546875,38.86540412902832,46.44097900390625,141
2025-07-17T20:32:35.357632,2,10,"[0, 1, 2, 3, 4, 5, 6, 7]",93.01580810546875,0.0,46.44097900390625,141,93.01580810546875,38.86540412902832,46.44097900390625,141
2025-07-17T20:32:35.370541,3,10,"[0, 1, 2, 3, 4, 5, 7]",93.01580810546875,0.0,46.44097900390625,141,93.01580810546875,38.86540412902832,46.44097900390625,141
2025-07-17T20:32:35.372790,4,10,"[0, 1, 2, 3, 4, 5, 7]",93.01580810546875,0.0,46.44097900390625,141,93.01580810546875,38.86540412902832,46.44097900390625,141
2025-07-17T20:32:35.385422,0,11,"[0, 1, 2, 3, 4, 5, 6, 7]",93.01580810546875,0.0,46.44097900390625,141,93.01580810546875,38.86540412902832,46.44097900390625,141
2025-07-17T20:32:35.387322,1,11,"[0, 1, 2, 3, 4, 5, 6, 7]",93.01580810546875,0.0,46.44097900390625,141,93.01580810546875,38.86540412902832,46.44097900390625,141
2025-07-17T20:32:35.393954,2,11,"[0, 1, 2, 3, 4, 5, 6, 7]",93.01580810546875,0.0,46.44097900390625,141,93.01580810546875,38.86540412902832,46.44097900390625,141
2025-07-17T20:32:35.405923,3,11,"[0, 1, 2, 3, 4, 5, 6, 7]",93.01580810546875,0.0,46.44097900390625,141,93.01580810546875,38.86540412902832,46.44097900390625,141
2025-07-17T20:32:35.407725,4,11,"[0, 1, 2, 3, 4, 5, 6, 7]",93.01580810546875,0.0,46.44097900390625,141,93.01580810546875,38.86540412902832,46.44097900390625,141
2025-07-17T20:32:35.415235,0,12,"[0, 1, 2, 3, 4, 5, 6, 7]",93.01580810546875,0.0,46.44097900390625,141,93.01580810546875,38.86540412902832,46.44097900390625,141
2025-07-17T20:32:35.426273,1,12,"[0, 1, 2, 3, 4, 5, 6, 7]",93.01580810546875,0.0,46.44097900390625,141,93.01580810546875,38.86540412902832,46.44097900390625,141
2025-07-17T20:32:35.434272,2,12,"[0, 1, 2, 3, 4, 5, 6, 7]",93.01580810546875,0.0,46.44097900390625,141,93.01580810546875,38.86540412902832,46.44097900390625,141
2025-07-17T20:32:35.441380,3,12,"[0, 1, 2, 3, 4, 5, 6, 7]",93.01580810546875,0.0,46.44097900390625,141,93.01580810546875,38.86540412902832,46.44097900390625,141
2025-07-17T20:32:35.447837,4,12,"[0, 1, 2, 3, 4, 5, 6, 7]",93.01580810546875,0.0,46.44097900390625,141,93.01580810546875,38.86540412902832,46.44097900390625,141
2025-07-17T20:32:35.455053,0,13,"[0, 1, 2, 3, 4, 5, 6, 7]",93.01580810546875,0.0,46.44097900390625,141,93.01580810546875,38.86540412902832,46.44097900390625,141
2025-07-17T20:32:35.461636,1,13,"[0, 1, 2, 3, 4, 5, 6, 7]",93.01580810546875,0.0,46.44097900390625,141,93.01580810546875,38.86540412902832,46.44097900390625,141
2025-07-17T20:32:35.469681,2,13,"[0, 1, 2, 3, 4, 5, 6, 7]",93.01580810546875,0.0,46.44097900390625,141,93.01580810546875,38.86540412902832,46.44097900390625,141
2025-07-17T20:32:35.477497,3,13,"[0, 1, 2, 3, 4, 5, 6, 7]",93.01580810546875,0.0,46.44097900390625,141,93.01580810546875,38.86540412902832,46.44097900390625,141
2025-07-17T20:32:35.485075,4,13,"[0, 1, 2, 3, 4, 5, 6, 7]",93.01580810546875,0.0,46.44097900390625,141,93.01580810546875,38.86540412902832,46.44097900390625,141
2025-07-17T20:32:35.492420,0,14,"[0, 1, 2, 3, 4, 5, 6, 7]",93.01580810546875,0.0,46.44097900390625,141,93.01580810546875,38.86540412902832,46.44097900390625,141
2025-07-17T20:32:35.499840,1,14,"[0, 1, 2, 3, 4, 5, 6, 7]",93.01580810546875,0.0,46.44097900390625,141,93.01580810546875,38.86540412902832,46.44097900390625,141
2025-07-17T20:32:35.502218,2,14,"[0, 1, 2, 3, 4, 5, 6, 7]",93.01580810546875,0.0,46.44097900390625,141,93.01580810546875,38.86540412902832,46.44097900390625,141
2025-07-17T20:32:35.511500,3,14,"[0, 1, 2, 3, 4, 5, 6, 7]",93.01580810546875,0.0,46.44097900390625,141,93.01580810546875,38.86540412902832,46.44097900390625,141
2025-07-17T20:32:35.518367,4,14,"[0, 1, 2, 3, 4, 5, 6, 7]",93.01580810546875,0.0,46.44097900390625,141,93.01580810546875,38.86540412902832,46.44097900390625,141
2025-07-17T20:32:35.524568,0,15,"[0, 1, 2, 3, 4, 5, 6, 7]",93.01580810546875,0.0,46.44097900390625,141,93.01580810546875,38.86540412902832,46.44097900390625,141
2025-07-17T20:32:35.531497,1,15,"[0, 1, 2, 3, 4, 5, 6, 7]",93.01580810546875,0.0,46.44097900390625,141,93.01580810546875,38.86540412902832,46.44097900390625,141
2025-07-17T20:32:35.539697,2,15,"[0, 1, 2, 3, 4, 5, 6, 7]",93.01580810546875,0.0,46.44097900390625,141,93.01580810546875,38.86540412902832,46.44097900390625,141
2025-07-17T20:32:35.546858,3,15,"[0, 1, 2, 3, 4, 5, 6, 7]",93.01580810546875,0.0,46.44097900390625,141,93.01580810546875,38.86540412902832,46.44097900390625,141
2025-07-17T20:32:35.559490,4,15,"[0, 1, 2, 3, 4, 5, 6, 7]",93.01580810546875,0.0,46.44097900390625,141,93.01580810546875,38.86540412902832,46.44097900390625,141
2025-07-17T20:32:35.561413,0,16,"[0, 1, 2, 3, 4, 5, 6, 7]",93.01580810546875,0.0,46.44097900390625,141,93.01580810546875,38.86540412902832,46.44097900390625,141
2025-07-17T20:32:35.569064,1,16,"[0, 1, 2, 3, 4, 5, 6, 7]",93.01580810546875,0.0,46.44097900390625,141,93.01580810546875,38.86540412902832,46.44097900390625,141
2025-07-17T20:32:35.577139,2,16,"[0, 1, 2, 3, 4, 5, 6, 7]",93.01580810546875,0.0,46.44097900390625,141,93.01580810546875,38.86540412902832,46.44097900390625,141
2025-07-17T20:32:35.584936,3,16,"[0, 1, 2, 3, 4, 5, 6, 7]",93.01580810546875,0.0,46.44097900390625,141,93.01580810546875,38.86540412902832,46.44097900390625,141
2025-07-17T20:32:35.592301,4,16,"[0, 1, 2, 3, 4, 5, 6, 7]",93.01580810546875,0.0,46.44097900390625,141,93.01580810546875,38.86540412902832,46.44097900390625,141
2025-07-17T20:32:35.599018,0,17,"[0, 1, 2, 3, 4, 5, 6, 7]",93.01580810546875,0.0,46.44097900390625,141,93.01580810546875,38.86540412902832,46.44097900390625,141
2025-07-17T20:32:35.605946,1,17,"[0, 1, 2, 3, 4, 5, 6, 7]",93.01580810546875,0.0,46.44097900390625,141,93.01580810546875,38.86540412902832,46.44097900390625,141
2025-07-17T20:32:35.614367,2,17,"[0, 1, 2, 3, 4, 5, 6, 7]",93.01580810546875,0.0,46.44097900390625,141,93.01580810546875,38.86540412902832,46.44097900390625,141
2025-07-17T20:32:35.620024,3,17,"[0, 1, 2, 3, 4, 5, 6, 7]",93.01580810546875,0.0,46.44097900390625,141,93.01580810546875,38.86540412902832,46.44097900390625,141
2025-07-17T20:32:35.627430,4,17,"[0, 1, 2, 3, 4, 5, 6, 7]",93.01580810546875,0.0,46.44097900390625,141,93.01580810546875,38.86540412902832,46.44097900390625,141
2025-07-17T20:32:35.634606,0,18,"[0, 1, 2, 3, 4, 5, 6, 7]",93.01580810546875,0.0,46.44097900390625,141,93.01580810546875,38.86540412902832,46.44097900390625,141
2025-07-17T20:32:35.641165,1,18,"[0, 1, 2, 3, 4, 5, 6, 7]",93.01580810546875,0.0,46.44097900390625,141,93.01580810546875,38.86540412902832,46.44097900390625,141
2025-07-17T20:32:35.648736,2,18,"[0, 1, 2, 3, 4, 5, 6, 7]",93.01580810546875,0.0,46.44097900390625,141,93.01580810546875,38.86540412902832,46.44097900390625,141
2025-07-17T20:32:35.655179,3,18,"[0, 1, 2, 3, 4, 5, 6, 7]",93.01580810546875,0.0,46.44097900390625,141,93.01580810546875,38.86540412902832,46.44097900390625,141
2025-07-17T20:32:35.661531,4,18,"[0, 1, 2, 3, 4, 5, 6, 7]",93.01580810546875,0.0,46.44097900390625,141,93.01580810546875,38.86540412902832,46.44097900390625,141
2025-07-17T20:32:35.668827,0,19,"[0, 1, 2, 3, 4, 5, 6, 7]",93.01580810546875,0.0,46.44097900390625,141,93.01580810546875,38.86540412902832,46.44097900390625,141
2025-07-17T20:32:35.676356,1,19,"[0, 1, 2, 3, 4, 5, 6, 7]",93.01580810546875,0.0,46.44097900390625,141,93.01580810546875,38.86540412902832,46.44097900390625,141
2025-07-17T20:32:35.688435,2,19,"[0, 1, 2, 3, 4, 5, 6, 7]",93.01580810546875,0.0,46.44097900390625,141,93.01580810546875,38.86540412902832,46.44097900390625,141
2025-07-17T20:32:35.694987,3,19,"[0, 1, 2, 3, 4, 5, 6, 7]",93.01580810546875,0.0,46.44097900390625,141,93.01580810546875,38.86540412902832,46.44097900390625,141
2025-07-17T20:32:35.701814,4,19,"[0, 1, 2, 3, 4, 5, 6, 7]",93.01580810546875,0.0,46.44097900390625,141,93.01580810546875,38.86540412902832,46.44097900390625,141
2025-07-17T20:32:35.708869,0,20,"[0, 1, 2, 3, 4, 5, 6, 7]",93.01580810546875,0.0,46.44097900390625,141,93.01580810546875,38.86540412902832,46.44097900390625,141
2025-07-17T20:32:35.715540,1,20,"[0, 1, 2, 3, 4, 5, 6, 7]",93.01580810546875,0.0,46.44097900390625,141,93.01580810546875,38.86540412902832,46.44097900390625,141
2025-07-17T20:32:35.722257,2,20,"[0, 1, 3, 4, 5, 6, 7]",93.01580810546875,0.0,46.44097900390625,141,93.01580810546875,38.86540412902832,46.44097900390625,141
2025-07-17T20:32:35.728823,3,20,"[0, 1, 2, 3, 4, 5, 6, 7]",93.01580810546875,0.0,46.44097900390625,141,93.01580810546875,38.86540412902832,46.44097900390625,141
2025-07-17T20:32:35.738553,4,20,"[0, 1, 2, 3, 4, 5, 6, 7]",93.01580810546875,0.0,46.44097900390625,141,93.01580810546875,38.86540412902832,46.44097900390625,141
2025-07-17T20:32:35.746781,0,21,"[0, 1, 2, 3, 4, 5, 6, 7]",93.01580810546875,0.0,46.44097900390625,141,93.01580810546875,38.86482238769531,46.44097900390625,141
2025-07-17T20:32:35.752821,1,21,"[0, 1, 2, 3, 4, 5, 7]",93.01580810546875,0.0,46.44097900390625,141,93.01580810546875,38.86482238769531,46.44097900390625,141
2025-07-17T20:32:35.759673,2,21,"[0, 1, 2, 3, 4, 5, 6, 7]",93.01580810546875,0.0,46.44097900390625,141,93.01580810546875,38.86482238769531,46.44097900390625,141
2025-07-17T20:32:35.767043,3,21,"[0, 1, 2, 3, 4, 5, 7]",93.01580810546875,0.0,46.44097900390625,141,93.01580810546875,38.86456489562988,46.44097900390625,141
2025-07-17T20:32:35.774151,4,21,"[0, 1, 2, 3, 4, 5, 7]",93.01580810546875,0.0,46.44097900390625,141,93.01580810546875,38.86540412902832,46.44097900390625,141
2025-07-17T20:32:35.781020,0,22,"[0, 1, 2, 3, 4, 5, 6, 7]",93.01580810546875,0.0,46.44097900390625,141,93.01580810546875,38.86540412902832,46.44097900390625,141
2025-07-17T20:32:35.787866,1,22,"[0, 1, 2, 3, 4, 5, 6, 7]",93.01580810546875,0.0,46.44097900390625,141,93.01580810546875,38.86540412902832,46.44097900390625,141
2025-07-17T20:32:35.794542,2,22,"[0, 1, 2, 3, 4, 5, 6, 7]",93.01580810546875,0.0,46.44097900390625,141,93.01580810546875,38.86540412902832,46.44097900390625,141
2025-07-17T20:32:35.801116,3,22,"[0, 1, 2, 3, 4, 5, 6, 7]",93.01580810546875,0.0,46.44097900390625,141,93.01580810546875,38.86540412902832,46.44097900390625,141
2025-07-17T20:32:35.808331,4,22,"[0, 1, 2, 3, 4, 5, 6, 7]",93.01580810546875,0.0,46.44097900390625,141,93.01580810546875,38.86540412902832,46.44097900390625,141
2025-07-17T20:32:35.816739,0,23,"[0, 1, 2, 3, 4, 5, 6, 7]",93.01580810546875,0.0,46.44097900390625,141,93.01580810546875,38.86540412902832,46.44097900390625,141
2025-07-17T20:32:35.823800,1,23,"[0, 1, 2, 3, 4, 5, 6]",93.01580810546875,0.0,46.44097900390625,141,93.01580810546875,38.86540412902832,46.44097900390625,141
2025-07-17T20:32:35.830705,2,23,"[0, 1, 2, 3, 4, 5, 6, 7]",93.01580810546875,0.0,46.44097900390625,141,93.01580810546875,38.86540412902832,46.44097900390625,141
2025-07-17T20:32:35.837728,3,23,"[0, 1, 2, 3, 4, 5, 6]",93.01580810546875,0.0,46.44097900390625,141,93.01580810546875,38.86540412902832,46.44097900390625,141
2025-07-17T20:32:35.844778,4,23,"[0, 1, 2, 3, 4, 5, 6]",93.01580810546875,0.0,46.44097900390625,141,93.01580810546875,38.86540412902832,46.44097900390625,141
2025-07-17T20:32:35.853402,0,24,"[0, 1, 2, 3, 4, 5, 6, 7]",93.01580810546875,0.0,46.44097900390625,141,93.01580810546875,38.86540412902832,46.44097900390625,141
2025-07-17T20:32:35.860545,1,24,"[0, 1, 2, 3, 4, 5, 6, 7]",93.01580810546875,0.0,46.44097900390625,141,93.01580810546875,38.86482238769531,46.44097900390625,141
2025-07-17T20:32:35.866605,2,24,"[0, 1, 2, 3, 4, 5, 6, 7]",93.01580810546875,0.0,46.44097900390625,141,93.01580810546875,38.86482238769531,46.44097900390625,141
2025-07-17T20:32:35.874358,3,24,"[0, 1, 2, 3, 4, 5, 6, 7]",93.01580810546875,0.0,46.44097900390625,141,93.01580810546875,38.86482238769531,46.44097900390625,141
2025-07-17T20:32:35.881571,4,24,"[0, 1, 2, 3, 4, 5, 6, 7]",93.01580810546875,0.0,46.44097900390625,141,93.01580810546875,38.86456489562988,46.44097900390625,141
2025-07-17T20:32:35.888937,0,25,"[0, 1, 2, 3, 4, 5, 6, 7]",93.01580810546875,0.0,46.44097900390625,141,93.01580810546875,38.86540412902832,46.44097900390625,141
2025-07-17T20:32:35.895999,1,25,"[0, 1, 2, 3, 4, 5, 6, 7]",93.01580810546875,0.0,46.44097900390625,141,93.01580810546875,38.86540412902832,46.44097900390625,141
2025-07-17T20:32:35.903490,2,25,"[0, 1, 2, 3, 4, 5, 6, 7]",93.01580810546875,0.0,46.44097900390625,141,93.01580810546875,38.86540412902832,46.44097900390625,141
2025-07-17T20:32:35.910283,3,25,"[0, 1, 2, 3, 4, 5, 6, 7]",93.01580810546875,0.0,46.44097900390625,141,93.01580810546875,38.86540412902832,46.44097900390625,141
2025-07-17T20:32:35.918345,4,25,"[0, 1, 2, 3, 4, 5, 6, 7]",93.01580810546875,0.0,46.44097900390625,141,93.01580810546875,38.86540412902832,46.44097900390625,141
2025-07-17T20:32:35.920752,0,26,"[0, 1, 2, 3, 4, 5, 6, 7]",93.01580810546875,0.0,46.44097900390625,141,93.01580810546875,38.86540412902832,46.44097900390625,141
2025-07-17T20:32:35.928975,1,26,"[0, 1, 2, 3, 4, 5, 6, 7]",93.01580810546875,0.0,46.44097900390625,141,93.01580810546875,38.86540412902832,46.44097900390625,141
2025-07-17T20:32:35.941935,2,26,"[0, 1, 2, 3, 4, 5, 6, 7]",93.01580810546875,0.0,46.44097900390625,141,93.01580810546875,38.86540412902832,46.44097900390625,141
2025-07-17T20:32:35.944115,3,26,"[0, 1, 2, 3, 4, 5, 6, 7]",93.01580810546875,0.0,46.44097900390625,141,93.01580810546875,38.86540412902832,46.44097900390625,141
2025-07-17T20:32:35.952275,4,26,"[0, 1, 2, 3, 4, 5, 6, 7]",93.01580810546875,0.0,46.44097900390625,141,93.01580810546875,38.86540412902832,46.44097900390625,141
2025-07-17T20:32:35.960180,0,27,"[0, 1, 2, 3, 4, 5, 6, 7]",93.01580810546875,0.0,46.44097900390625,141,93.01580810546875,38.86540412902832,46.44097900390625,141
2025-07-17T20:32:35.968371,1,27,"[0, 1, 2, 3, 4, 5, 6, 7]",93.01580810546875,0.0,46.44097900390625,141,93.01580810546875,38.86540412902832,46.44097900390625,141
2025-07-17T20:32:35.974774,2,27,"[0, 1, 2, 3, 4, 5, 6, 7]",93.01580810546875,0.0,46.44097900390625,141,93.01580810546875,38.86540412902832,46.44097900390625,141
2025-07-17T20:32:35.985829,3,27,"[0, 1, 2, 3, 4, 5, 6, 7]",93.01580810546875,0.0,46.44097900390625,141,93.01580810546875,38.86540412902832,46.44097900390625,141
2025-07-17T20:32:35.993048,4,27,"[0, 1, 2, 3, 4, 5, 6, 7]",93.01580810546875,0.0,46.44097900390625,141,93.01580810546875,38.86540412902832,46.44097900390625,141
2025-07-17T20:32:35.995033,0,28,"[0, 1, 2, 3, 4, 5, 6, 7]",93.01580810546875,0.0,46.44097900390625,141,93.01580810546875,38.86540412902832,46.44097900390625,141
2025-07-17T20:32:36.002372,1,28,"[0, 1, 2, 3, 4, 5, 6, 7]",93.01580810546875,0.0,46.44097900390625,141,93.01580810546875,38.86540412902832,46.44097900390625,141
2025-07-17T20:32:36.009391,2,28,"[0, 1, 2, 3, 4, 5, 6, 7]",93.01580810546875,0.0,46.44097900390625,141,93.01580810546875,38.86540412902832,46.44097900390625,141
2025-07-17T20:32:36.021361,3,28,"[0, 1, 2, 3, 4, 5, 6, 7]",93.01580810546875,0.0,46.44097900390625,141,93.01580810546875,38.86540412902832,46.44097900390625,141
2025-07-17T20:32:36.028072,4,28,"[0, 1, 2, 3, 4, 5, 6, 7]",93.01580810546875,0.0,46.44097900390625,141,93.01580810546875,38.86540412902832,46.44097900390625,141
2025-07-17T20:32:36.035455,0,29,"[0, 1, 2, 3, 4, 5, 6, 7]",93.01580810546875,0.0,46.44097900390625,141,93.01580810546875,38.86540412902832,46.44097900390625,141
2025-07-17T20:32:36.043119,1,29,"[0, 1, 2, 3, 4, 5, 6, 7]",93.01580810546875,0.0,46.44097900390625,141,93.01580810546875,38.86540412902832,46.44097900390625,141
2025-07-17T20:32:36.051721,2,29,"[0, 1, 2, 3, 4, 5, 6, 7]",93.01580810546875,0.0,46.44097900390625,141,93.01580810546875,38.86540412902832,46.44097900390625,141
2025-07-17T20:32:36.058940,3,29,"[0, 1, 2, 3, 4, 5, 6, 7]",93.01580810546875,0.0,46.44097900390625,141,93.01580810546875,38.86540412902832,46.44097900390625,141
2025-07-17T20:32:36.067063,4,29,"[0, 1, 2, 3, 4, 5, 6, 7]",93.01580810546875,0.0,46.44097900390625,141,93.01580810546875,38.86540412902832,46.44097900390625,141
2025-07-17T20:32:36.074818,0,30,"[0, 1, 2, 3, 4, 5, 6, 7]",93.01580810546875,0.0,46.44097900390625,141,93.01580810546875,38.86540412902832,46.44097900390625,141
2025-07-17T20:32:36.081927,1,30,"[0, 1, 2, 3, 4, 5, 6, 7]",93.01580810546875,0.0,46.44097900390625,141,93.01580810546875,38.86540412902832,46.44097900390625,141
2025-07-17T20:32:36.089776,2,30,"[0, 1, 2, 3, 4, 5, 6, 7]",93.01580810546875,0.0,46.44097900390625,141,93.01580810546875,38.86540412902832,46.44097900390625,141
2025-07-17T20:32:36.097334,3,30,"[0, 1, 2, 3, 4, 5, 6, 7]",93.01580810546875,0.0,46.44097900390625,141,93.01580810546875,38.86482238769531,46.44097900390625,141
2025-07-17T20:32:36.099774,4,30,"[0, 1, 2, 3, 4, 5, 6, 7]",93.01580810546875,0.0,46.44097900390625,141,93.01580810546875,38.86482238769531,46.44097900390625,141
2025-07-17T20:32:36.111253,0,31,"[0, 1, 2, 3, 4, 5, 6, 7]",93.01580810546875,0.0,46.44097900390625,141,93.01580810546875,38.871459007263184,46.44097900390625,141
2025-07-17T20:32:36.120265,1,31,"[0, 1, 2, 3, 4, 5, 6, 7]",93.01580810546875,0.0,46.44097900390625,141,93.01580810546875,38.8688325881958,46.44097900390625,141
2025-07-17T20:32:36.123951,2,31,"[0, 2, 3, 4, 5, 6, 7]",93.01580810546875,0.0,46.44097900390625,141,93.01580810546875,38.86620616912842,46.44097900390625,141
2025-07-17T20:32:36.132606,3,31,"[0, 1, 2, 3, 4, 5, 6, 7]",93.01580810546875,0.0,46.44097900390625,141,93.01580810546875,38.863579750061035,46.44097900390625,141
2025-07-17T20:32:36.140991,4,31,"[0, 1, 2, 3, 4, 5, 6, 7]",93.01580810546875,0.0,46.44097900390625,141,93.01580810546875,38.86002254486084,46.44097900390625,141
2025-07-17T20:32:36.152812,0,0,"[0, 1, 2, 3, 4, 5, 6, 7]",93.01580810546875,0.0,46.44097900390625,141,93.01580810546875,38.85531425476074,46.44097900390625,141
2025-07-17T20:32:36.159751,1,0,"[0, 1, 2, 3, 4, 5, 6, 7]",93.01580810546875,0.0,46.44097900390625,141,93.01580810546875,38.85852241516113,46.44097900390625,141
2025-07-17T20:32:36.167783,2,0,"[0, 1, 2, 3, 4, 5, 6, 7]",93.01580810546875,0.0,46.44097900390625,141,93.01580810546875,38.86149787902832,46.44097900390625,141
2025-07-17T20:32:36.174822,3,0,"[0, 1, 2, 3, 4, 5, 6, 7]",93.01580810546875,0.0,46.44097900390625,141,93.01580810546875,38.86438179016113,46.44097900390625,141
2025-07-17T20:32:36.181769,4,0,"[0, 1, 2, 3, 4, 5, 6, 7]",93.01580810546875,0.0,46.44097900390625,141,93.01580810546875,38.86540412902832,46.44097900390625,141
2025-07-17T20:32:36.188493,0,1,"[0, 1, 2, 3, 4, 5, 6, 7]",93.01580810546875,0.0,46.44097900390625,141,93.01580810546875,38.86540412902832,46.44097900390625,141
2025-07-17T20:32:36.200666,1,1,"[0, 1, 2, 3, 4, 5, 6, 7]",93.01580810546875,0.0,46.44097900390625,141,93.01580810546875,38.86540412902832,46.44097900390625,141
2025-07-17T20:32:36.203227,2,1,"[0, 1, 2, 3, 4, 5, 6, 7]",93.01580810546875,0.0,46.44097900390625,141,93.01580810546875,38.86540412902832,46.44097900390625,141
2025-07-17T20:32:36.210009,3,1,"[0, 1, 2, 3, 4, 5, 6, 7]",93.01580810546875,0.0,46.44097900390625,141,93.01580810546875,38.86540412902832,46.44097900390625,141
2025-07-17T20:32:36.217844,4,1,"[0, 1, 2, 3, 4, 5, 6, 7]",93.01580810546875,0.0,46.44097900390625,141,93.01580810546875,38.86540412902832,46.44097900390625,141
2025-07-17T20:32:36.224640,0,2,"[0, 1, 2, 3, 4, 5, 6, 7]",93.01580810546875,0.0,46.44097900390625,141,93.01580810546875,38.86540412902832,46.44097900390625,141
2025-07-17T20:32:36.238095,1,2,"[0, 1, 2, 3, 4, 5, 6, 7]",93.01580810546875,0.0,46.44097900390625,141,93.01580810546875,38.86540412902832,46.44097900390625,141
2025-07-17T20:32:36.240601,2,2,"[0, 1, 2, 3, 4, 5, 6, 7]",93.01580810546875,0.0,46.44097900390625,141,93.01580810546875,38.86540412902832,46.44097900390625,141
2025-07-17T20:32:36.248678,3,2,"[0, 1, 2, 3, 4, 5, 6, 7]",93.01580810546875,0.0,46.44097900390625,141,93.01580810546875,38.86540412902832,46.44097900390625,141
2025-07-17T20:32:36.255806,4,2,"[0, 1, 2, 3, 4, 5, 6, 7]",93.01580810546875,0.0,46.44097900390625,141,93.01580810546875,38.86540412902832,46.44097900390625,141
2025-07-17T20:32:36.267869,0,3,"[0, 1, 2, 3, 4, 5, 6, 7]",93.01580810546875,0.0,46.44097900390625,141,93.01580810546875,38.86540412902832,46.44097900390625,141
2025-07-17T20:32:36.270543,1,3,"[0, 1, 2, 3, 4, 5, 6, 7]",93.01580810546875,0.0,46.44097900390625,141,93.01580810546875,38.86540412902832,46.44097900390625,141
2025-07-17T20:32:36.283053,2,3,"[0, 1, 2, 3, 4, 5, 6, 7]",93.01580810546875,0.0,46.44097900390625,141,93.01580810546875,38.86540412902832,46.44097900390625,141
2025-07-17T20:32:36.285399,3,3,"[0, 1, 2, 3, 4, 5, 6, 7]",93.01580810546875,0.0,46.44097900390625,141,93.01580810546875,38.86540412902832,46.44097900390625,141
2025-07-17T20:32:36.293126,4,3,"[0, 1, 2, 3, 4, 5, 6, 7]",93.01580810546875,0.0,46.44097900390625,141,93.01580810546875,38.86540412902832,46.44097900390625,141
2025-07-17T20:32:36.299916,0,4,"[0, 1, 2, 3, 4, 5, 6, 7]",93.01580810546875,0.0,46.44097900390625,141,93.01580810546875,38.86540412902832,46.44097900390625,141
2025-07-17T20:32:36.308312,1,4,"[0, 1, 2, 3, 4, 5, 6, 7]",93.01580810546875,0.0,46.44097900390625,141,93.01580810546875,38.86540412902832,46.44097900390625,141
2025-07-17T20:32:36.315664,2,4,"[0, 1, 2, 3, 4, 5, 6, 7]",93.01580810546875,0.0,46.44097900390625,141,93.01580810546875,38.86540412902832,46.44097900390625,141
2025-07-17T20:32:36.322331,3,4,"[0, 1, 2, 3, 4, 5, 6, 7]",93.01580810546875,0.0,46.44097900390625,141,93.01580810546875,38.86540412902832,46.44097900390625,141
2025-07-17T20:32:36.332602,4,4,"[0, 1, 2, 3, 4, 5, 6, 7]",93.01580810546875,0.0,46.44097900390625,141,93.01580810546875,38.86540412902832,46.44097900390625,141
2025-07-17T20:32:36.340328,0,5,"[0, 1, 2, 3, 4, 5, 6, 7]",93.01580810546875,0.0,46.44097900390625,141,93.01580810546875,38.86540412902832,46.44097900390625,141
2025-07-17T20:32:36.346499,1,5,"[0, 1, 2, 3, 4, 5, 6, 7]",93.01580810546875,0.0,46.44097900390625,141,93.01580810546875,38.86540412902832,46.44097900390625,141
2025-07-17T20:32:36.353717,2,5,"[0, 1, 2, 3, 4, 5, 6, 7]",93.01580810546875,0.0,46.44097900390625,141,93.01580810546875,38.86540412902832,46.44097900390625,141
2025-07-17T20:32:36.360637,3,5,"[0, 1, 2, 3, 4, 5, 6, 7]",93.01580810546875,0.0,46.44097900390625,141,93.01580810546875,38.86540412902832,46.44097900390625,141
2025-07-17T20:32:36.367999,4,5,"[0, 1, 2, 3, 4, 5, 6, 7]",93.01580810546875,0.0,46.44097900390625,141,93.01580810546875,38.86540412902832,46.44097900390625,141
2025-07-17T20:32:36.380365,0,6,"[0, 1, 2, 3, 4, 5, 6, 7]",93.01580810546875,0.0,46.44097900390625,141,93.01580810546875,38.86540412902832,46.44097900390625,141
2025-07-17T20:32:36.389292,1,6,"[1, 2, 3, 4, 5, 6, 7]",93.01580810546875,0.0,46.44097900390625,141,93.01580810546875,38.86540412902832,46.44097900390625,141
2025-07-17T20:32:36.392359,2,6,"[0, 1, 2, 3, 4, 5, 6, 7]",93.01580810546875,0.0,46.44097900390625,141,93.01580810546875,38.86540412902832,46.44097900390625,141
2025-07-17T20:32:36.399883,3,6,"[1, 2, 3, 4, 5, 6, 7]",93.01580810546875,0.0,46.44097900390625,141,93.01580810546875,38.86540412902832,46.44097900390625,141
2025-07-17T20:32:36.406027,4,6,"[1, 2, 3, 4, 5, 6, 7]",93.01580810546875,0.0,46.44097900390625,141,93.01580810546875,38.86540412902832,46.44097900390625,141
2025-07-17T20:32:36.412563,0,7,"[0, 1, 2, 3, 4, 5, 6, 7]",93.01580810546875,0.0,46.44097900390625,141,93.01580810546875,38.86540412902832,46.44097900390625,141
2025-07-17T20:32:36.420818,1,7,"[0, 1, 2, 3, 4, 5, 6, 7]",93.01580810546875,0.0,46.44097900390625,141,93.01580810546875,38.86540412902832,46.44097900390625,141
2025-07-17T20:32:36.427903,2,7,"[0, 1, 2, 3, 4, 5, 6, 7]",93.01580810546875,0.0,46.44097900390625,141,93.01580810546875,38.86540412902832,46.44097900390625,141
2025-07-17T20:32:36.440916,3,7,"[0, 1, 2, 3, 4, 5, 6, 7]",93.01580810546875,0.0,46.44097900390625,141,93.01580810546875,38.86540412902832,46.44097900390625,141
2025-07-17T20:32:36.443747,4,7,"[0, 1, 2, 3, 4, 5, 6, 7]",93.01580810546875,0.0,46.44097900390625,141,93.01580810546875,38.86540412902832,46.44097900390625,141
2025-07-17T20:32:36.456661,0,8,"[0, 1, 2, 3, 4, 5, 6, 7]",93.01580810546875,0.0,46.44097900390625,141,93.01580810546875,38.86540412902832,46.44097900390625,141
2025-07-17T20:32:36.464332,1,8,"[0, 1, 2, 3, 4, 5, 6, 7]",93.01580810546875,0.0,46.44097900390625,141,93.01580810546875,38.86540412902832,46.44097900390625,141
2025-07-17T20:32:36.467600,2,8,"[0, 1, 2, 3, 4, 5, 6, 7]",93.01580810546875,0.0,46.44097900390625,141,93.01580810546875,38.86540412902832,46.44097900390625,141
2025-07-17T20:32:36.474854,3,8,"[0, 1, 2, 3, 4, 5, 6, 7]",93.01580810546875,0.0,46.44097900390625,141,93.01580810546875,38.86540412902832,46.44097900390625,141
2025-07-17T20:32:36.481503,4,8,"[0, 1, 2, 3, 4, 5, 6, 7]",93.01580810546875,0.0,46.44097900390625,141,93.01580810546875,38.86540412902832,46.44097900390625,141
2025-07-17T20:32:36.489248,0,9,"[0, 1, 2, 3, 4, 5, 6, 7]",93.01580810546875,0.0,46.44097900390625,141,93.01580810546875,38.86540412902832,46.44097900390625,141
2025-07-17T20:32:36.496450,1,9,"[0, 1, 2, 3, 4, 5, 6, 7]",93.01580810546875,0.0,46.44097900390625,141,93.01580810546875,38.86540412902832,46.44097900390625,141
2025-07-17T20:32:36.509826,2,9,"[0, 1, 2, 3, 4, 5, 6, 7]",93.01580810546875,0.0,46.44097900390625,141,93.01580810546875,38.86540412902832,46.44097900390625,141
2025-07-17T20:32:36.512300,3,9,"[0, 1, 2, 3, 4, 5, 6, 7]",93.01580810546875,0.0,46.44097900390625,141,93.01580810546875,38.86540412902832,46.44097900390625,141
2025-07-17T20:32:36.519005,4,9,"[0, 1, 2, 3, 4, 5, 6, 7]",93.01580810546875,0.0,46.44097900390625,141,93.01580810546875,38.86540412902832,46.44097900390625,141
2025-07-17T20:32:36.526310,0,10,"[0, 1, 2, 3, 4, 5, 6, 7]",93.01580810546875,0.0,46.44097900390625,141,93.01580810546875,38.86540412902832,46.44097900390625,141
2025-07-17T20:32:36.532849,1,10,"[0, 1, 2, 3, 4, 5, 6, 7]",93.01580810546875,0.0,46.44097900390625,141,93.01580810546875,38.86540412902832,46.44097900390625,141
2025-07-17T20:32:36.545560,2,10,"[0, 1, 2, 3, 4, 5, 6, 7]",93.01580810546875,0.0,46.44097900390625,141,93.01580810546875,38.86540412902832,46.44097900390625,141
2025-07-17T20:32:36.552999,3,10,"[0, 1, 2, 3, 4, 5, 6, 7]",93.01580810546875,0.0,46.44097900390625,141,93.01580810546875,38.86540412902832,46.44097900390625,141
2025-07-17T20:32:36.561327,4,10,"[0, 1, 2, 3, 4, 5, 6, 7]",93.01580810546875,0.0,46.44097900390625,141,93.01580810546875,38.86540412902832,46.44097900390625,141
2025-07-17T20:32:36.563422,0,11,"[0, 1, 2, 3, 4, 5, 6, 7]",93.01580810546875,0.0,46.44097900390625,141,93.01580810546875,38.86540412902832,46.44097900390625,141
2025-07-17T20:32:36.570661,1,11,"[0, 1, 2, 3, 4, 5, 6, 7]",93.01580810546875,0.0,46.44097900390625,141,93.01580810546875,38.86540412902832,46.44097900390625,141
2025-07-17T20:32:36.582890,2,11,"[0, 1, 2, 3, 4, 5, 6, 7]",93.01580810546875,0.0,46.44097900390625,141,93.01580810546875,38.86540412902832,46.44097900390625,141
2025-07-17T20:32:36.585101,3,11,"[0, 1, 2, 3, 4, 5, 6, 7]",93.01580810546875,0.0,46.44097900390625,141,93.01580810546875,38.86540412902832,46.44097900390625,141
2025-07-17T20:32:36.597460,4,11,"[0, 1, 2, 3, 4, 5, 6, 7]",93.01580810546875,0.0,46.44097900390625,141,93.01580810546875,38.86540412902832,46.44097900390625,141
2025-07-17T20:32:36.599583,0,12,"[0, 1, 2, 3, 4, 5, 6, 7]",93.01580810546875,0.0,46.44097900390625,141,93.01580810546875,38.86540412902832,46.44097900390625,141
2025-07-17T20:32:36.606687,1,12,"[0, 1, 2, 3, 4, 5, 6, 7]",93.01580810546875,0.0,46.44097900390625,141,93.01580810546875,38.86540412902832,46.44097900390625,141
2025-07-17T20:32:36.613843,2,12,"[0, 1, 2, 3, 4, 5, 6, 7]",93.01580810546875,0.0,46.44097900390625,141,93.01580810546875,38.86540412902832,46.44097900390625,141
2025-07-17T20:32:36.621616,3,12,"[0, 1, 2, 3, 4, 5, 6, 7]",93.01580810546875,0.0,46.44097900390625,141,93.01580810546875,38.86540412902832,46.44097900390625,141
2025-07-17T20:32:36.629500,4,12,"[0, 1, 2, 3, 4, 5, 6, 7]",93.01580810546875,0.0,46.44097900390625,141,93.01580810546875,38.86540412902832,46.44097900390625,141
2025-07-17T20:32:36.636529,0,13,"[0, 1, 2, 3, 4, 5, 6, 7]",93.01580810546875,0.0,46.44097900390625,141,93.01580810546875,38.86540412902832,46.44097900390625,141
2025-07-17T20:32:36.644352,1,13,"[0, 1, 2, 3, 4, 5, 6, 7]",93.01580810546875,0.0,46.44097900390625,141,93.01580810546875,38.86540412902832,46.44097900390625,141
2025-07-17T20:32:36.657096,2,13,"[0, 1, 2, 3, 4, 5, 6, 7]",93.01580810546875,0.0,46.44097900390625,141,93.01580810546875,38.86540412902832,46.44097900390625,141
2025-07-17T20:32:36.658936,3,13,"[0, 1, 2, 3, 4, 5, 6, 7]",93.01580810546875,0.0,46.44097900390625,141,93.01580810546875,38.86540412902832,46.44097900390625,141
2025-07-17T20:32:36.666576,4,13,"[0, 1, 2, 3, 4, 5, 6, 7]",93.01580810546875,0.0,46.44097900390625,141,93.01580810546875,38.86540412902832,46.44097900390625,141
2025-07-17T20:32:36.674403,0,14,"[0, 1, 2, 3, 4, 5, 6, 7]",93.01580810546875,0.0,46.44097900390625,141,93.01580810546875,38.86540412902832,46.44097900390625,141
2025-07-17T20:32:36.682376,1,14,"[0, 1, 3, 4, 5, 6, 7]",93.01580810546875,0.0,46.44097900390625,141,93.01580810546875,38.86540412902832,46.44097900390625,141
2025-07-17T20:32:36.689708,2,14,"[0, 1, 3, 4, 5, 6, 7]",93.01580810546875,0.0,46.44097900390625,141,93.01580810546875,38.86540412902832,46.44097900390625,141
2025-07-17T20:32:36.696871,3,14,"[0, 1, 3, 4, 5, 6, 7]",93.01580810546875,0.0,46.44097900390625,141,93.01580810546875,38.86540412902832,46.44097900390625,141
2025-07-17T20:32:36.703716,4,14,"[0, 1, 3, 4, 5, 6, 7]",93.01580810546875,0.0,46.44097900390625,141,93.01580810546875,38.86540412902832,46.44097900390625,141
2025-07-17T20:32:36.715886,0,15,"[0, 1, 2, 3, 4, 5, 6, 7]",93.01580810546875,0.0,46.44097900390625,141,93.01580810546875,38.86540412902832,46.44097900390625,141
2025-07-17T20:32:36.718593,1,15,"[0, 1, 2, 3, 4, 5, 6, 7]",93.01580810546875,0.0,46.44097900390625,141,93.01580810546875,38.86540412902832,46.44097900390625,141
2025-07-17T20:32:36.725398,2,15,"[0, 1, 2, 3, 4, 5, 6, 7]",93.01580810546875,0.0,46.44097900390625,141,93.01580810546875,38.86540412902832,46.44097900390625,141
2025-07-17T20:32:36.731878,3,15,"[0, 1, 2, 3, 4, 5, 6, 7]",93.01580810546875,0.0,46.44097900390625,141,93.01580810546875,38.86540412902832,46.44097900390625,141
2025-07-17T20:32:36.738039,4,15,"[0, 1, 2, 3, 4, 5, 6, 7]",93.01580810546875,0.0,46.44097900390625,141,93.01580810546875,38.86540412902832,46.44097900390625,141
2025-07-17T20:32:36.745486,0,16,"[0, 1, 2, 3, 4, 5, 6, 7]",93.01580810546875,0.0,46.44097900390625,141,93.01580810546875,38.86540412902832,46.44097900390625,141
2025-07-17T20:32:36.752822,1,16,"[0, 1, 2, 3, 4, 5, 6, 7]",93.01580810546875,0.0,46.44097900390625,141,93.01580810546875,38.86540412902832,46.44097900390625,141
2025-07-17T20:32:36.760162,2,16,"[0, 1, 2, 3, 4, 5, 6, 7]",93.01580810546875,0.0,46.44097900390625,141,93.01580810546875,38.86540412902832,46.44097900390625,141
2025-07-17T20:32:36.767478,3,16,"[0, 1, 2, 3, 4, 5, 6, 7]",93.01580810546875,0.0,46.44097900390625,141,93.01580810546875,38.86540412902832,46.44097900390625,141
2025-07-17T20:32:36.774582,4,16,"[0, 1, 2, 3, 4, 5, 6, 7]",93.01580810546875,0.0,46.44097900390625,141,93.01580810546875,38.86540412902832,46.44097900390625,141
2025-07-17T20:32:36.781846,0,17,"[0, 1, 2, 3, 4, 5, 6, 7]",93.01580810546875,0.0,46.44097900390625,141,93.01580810546875,38.86540412902832,46.44097900390625,141
2025-07-17T20:32:36.794961,1,17,"[0, 1, 2, 3, 4, 5, 6, 7]",93.01580810546875,0.0,46.44097900390625,141,93.01580810546875,38.86540412902832,46.44097900390625,141
2025-07-17T20:32:36.797561,2,17,"[0, 1, 2, 3, 4, 5, 6, 7]",93.01580810546875,0.0,46.44097900390625,141,93.01580810546875,38.86540412902832,46.44097900390625,141
2025-07-17T20:32:36.804361,3,17,"[0, 1, 2, 3, 4, 5, 6, 7]",93.01580810546875,0.0,46.44097900390625,141,93.01580810546875,38.86540412902832,46.44097900390625,141
2025-07-17T20:32:36.816902,4,17,"[0, 1, 2, 3, 4, 5, 6, 7]",93.01580810546875,0.0,46.44097900390625,141,93.01580810546875,38.86540412902832,46.44097900390625,141
2025-07-17T20:32:36.818980,0,18,"[0, 1, 2, 3, 4, 5, 6, 7]",93.01580810546875,0.0,46.44097900390625,141,93.01580810546875,38.86540412902832,46.44097900390625,141
2025-07-17T20:32:36.826959,1,18,"[0, 1, 2, 3, 4, 5, 6, 7]",93.01580810546875,0.0,46.44097900390625,141,93.01580810546875,38.86540412902832,46.44097900390625,141
2025-07-17T20:32:36.835289,2,18,"[0, 1, 2, 3, 4, 5, 6, 7]",93.01580810546875,0.0,46.44097900390625,141,93.01580810546875,38.86540412902832,46.44097900390625,141
2025-07-17T20:32:36.842617,3,18,"[0, 1, 2, 3, 4, 5, 6, 7]",93.01580810546875,0.0,46.44097900390625,141,93.01580810546875,38.86540412902832,46.44097900390625,141
2025-07-17T20:32:36.850114,4,18,"[0, 1, 2, 3, 4, 5, 6, 7]",93.01580810546875,0.0,46.44097900390625,141,93.01580810546875,38.86540412902832,46.44097900390625,141
2025-07-17T20:32:36.857890,0,19,"[0, 1, 2, 3, 4, 5, 6, 7]",93.01580810546875,0.0,46.44097900390625,141,93.01580810546875,38.86540412902832,46.44097900390625,141
2025-07-17T20:32:36.864514,1,19,"[1, 2, 4, 5, 6, 7]",93.01580810546875,0.0,46.44097900390625,141,93.01580810546875,38.86540412902832,46.44097900390625,141
2025-07-17T20:32:36.877237,2,19,"[0, 1, 2, 3, 4, 5, 6, 7]",93.01580810546875,0.0,46.44097900390625,141,93.01580810546875,38.86540412902832,46.44097900390625,141
2025-07-17T20:32:36.879845,3,19,"[1, 2, 4, 5, 6, 7]",93.01580810546875,0.0,46.44097900390625,141,93.01580810546875,38.86540412902832,46.44097900390625,141
2025-07-17T20:32:36.887366,4,19,"[1, 2, 4, 5, 6, 7]",93.01580810546875,0.0,46.44097900390625,141,93.01580810546875,38.86540412902832,46.44097900390625,141
2025-07-17T20:32:36.894143,0,20,"[0, 1, 2, 3, 4, 5, 6, 7]",93.01580810546875,0.0,46.44097900390625,141,93.01580810546875,38.86540412902832,46.44097900390625,141
2025-07-17T20:32:36.901179,1,20,"[0, 1, 2, 3, 4, 5, 6, 7]",93.01580810546875,0.0,46.44097900390625,141,93.01580810546875,38.86540412902832,46.44097900390625,141
2025-07-17T20:32:36.912369,2,20,"[0, 1, 2, 3, 4, 5, 6, 7]",93.01580810546875,0.0,46.44097900390625,141,93.01580810546875,38.86540412902832,46.44097900390625,141
2025-07-17T20:32:36.919318,3,20,"[0, 1, 2, 3, 4, 5, 6, 7]",93.01580810546875,0.0,46.44097900390625,141,93.01580810546875,38.86540412902832,46.44097900390625,141
2025-07-17T20:32:36.925962,4,20,"[0, 1, 2, 3, 4, 5, 6, 7]",93.01580810546875,0.0,46.44097900390625,141,93.01580810546875,38.86540412902832,46.44097900390625,141
2025-07-17T20:32:36.933057,0,21,"[0, 1, 2, 3, 4, 5, 6, 7]",93.01580810546875,0.0,46.44097900390625,141,93.01580810546875,38.86540412902832,46.44097900390625,141
2025-07-17T20:32:36.940698,1,21,"[0, 1, 2, 3, 4, 5, 6]",93.01580810546875,0.0,46.44097900390625,141,93.01580810546875,38.86540412902832,46.44097900390625,141
2025-07-17T20:32:36.947327,2,21,"[0, 1, 2, 3, 4, 5, 6, 7]",93.01580810546875,0.0,46.44097900390625,141,93.01580810546875,38.86540412902832,46.44097900390625,141
2025-07-17T20:32:36.954067,3,21,"[0, 1, 2, 3, 4, 5, 6]",93.01580810546875,0.0,46.44097900390625,141,93.01580810546875,38.86540412902832,46.44097900390625,141
2025-07-17T20:32:36.961504,4,21,"[0, 1, 2, 3, 4, 5, 6]",93.01580810546875,0.0,46.44097900390625,141,93.01580810546875,38.86540412902832,46.44097900390625,141
2025-07-17T20:32:36.970679,0,22,"[0, 1, 2, 3, 4, 5, 6, 7]",93.01580810546875,0.0,46.44097900390625,141,93.01580810546875,38.86482238769531,46.44097900390625,141
2025-07-17T20:32:36.977921,1,22,"[0, 1, 2, 3, 4, 5, 6, 7]",93.01580810546875,0.0,46.44097900390625,141,93.01580810546875,38.86482238769531,46.44097900390625,141
2025-07-17T20:32:36.985296,2,22,"[0, 1, 2, 3, 4, 5, 6, 7]",93.01580810546875,0.0,46.44097900390625,141,93.01580810546875,38.86482238769531,46.44097900390625,141
2025-07-17T20:32:36.992415,3,22,"[0, 1, 2, 3, 4, 5, 6, 7]",93.01580810546875,0.0,46.44097900390625,141,93.01580810546875,38.86456489562988,46.44097900390625,141
2025-07-17T20:32:37.000166,4,22,"[0, 1, 2, 3, 4, 5, 6, 7]",93.01580810546875,0.0,46.44097900390625,141,93.01580810546875,38.86456489562988,46.44097900390625,141
2025-07-17T20:32:37.007897,0,23,"[0, 1, 2, 3, 4, 5, 6, 7]",93.01580810546875,0.0,46.44097900390625,141,93.01580810546875,38.86540412902832,46.44097900390625,141
2025-07-17T20:32:37.014977,1,23,"[0, 1, 2, 3, 4, 5, 6]",93.01580810546875,0.0,46.44097900390625,141,93.01580810546875,38.86540412902832,46.44097900390625,141
2025-07-17T20:32:37.021709,2,23,"[0, 1, 2, 3, 4, 5, 6, 7]",93.01580810546875,0.0,46.44097900390625,141,93.01580810546875,38.86540412902832,46.44097900390625,141
2025-07-17T20:32:37.031731,3,23,"[0, 1, 2, 3, 4, 5, 6]",93.01580810546875,0.0,46.44097900390625,141,93.01580810546875,38.86482238769531,46.44097900390625,141
2025-07-17T20:32:37.039189,4,23,"[0, 1, 2, 3, 4, 5, 6]",93.01580810546875,0.0,46.44097900390625,141,93.01580810546875,38.86482238769531,46.44097900390625,141
2025-07-17T20:32:37.042053,0,24,"[0, 1, 2, 3, 4, 5, 6, 7]",93.01580810546875,0.0,46.44097900390625,141,93.01580810546875,38.86456489562988,46.44097900390625,141
2025-07-17T20:32:37.053143,1,24,"[0, 1, 2, 4, 5, 6, 7]",93.01580810546875,0.0,46.44097900390625,141,93.01580810546875,38.86456489562988,46.44097900390625,141
2025-07-17T20:32:37.060009,2,24,"[0, 1, 2, 3, 4, 5, 6, 7]",93.01580810546875,0.0,46.44097900390625,141,93.01580810546875,38.86456489562988,46.44097900390625,141
2025-07-17T20:32:37.066895,3,24,"[0, 1, 2, 4, 5, 6, 7]",93.01580810546875,0.0,46.44097900390625,141,93.01580810546875,38.86540412902832,46.44097900390625,141
2025-07-17T20:32:37.073995,4,24,"[0, 1, 2, 4, 5, 6, 7]",93.01580810546875,0.0,46.44097900390625,141,93.01580810546875,38.86540412902832,46.44097900390625,141
2025-07-17T20:32:37.081218,0,25,"[0, 1, 2, 3, 4, 5, 6, 7]",93.01580810546875,0.0,46.44097900390625,141,93.01580810546875,38.86540412902832,46.44097900390625,141
2025-07-17T20:32:37.089023,1,25,"[0, 1, 2, 3, 4, 6, 7]",93.01580810546875,0.0,46.44097900390625,141,93.01580810546875,38.86540412902832,46.44097900390625,141
2025-07-17T20:32:37.091497,2,25,"[0, 1, 2, 3, 4, 5, 6, 7]",93.01580810546875,0.0,46.44097900390625,141,93.01580810546875,38.86540412902832,46.44097900390625,141
2025-07-17T20:32:37.098767,3,25,"[0, 1, 2, 3, 4, 6, 7]",93.01580810546875,0.0,46.44097900390625,141,93.01580810546875,38.86540412902832,46.44097900390625,141
2025-07-17T20:32:37.105891,4,25,"[0, 1, 2, 3, 4, 6, 7]",93.01580810546875,0.0,46.44097900390625,141,93.01580810546875,38.86540412902832,46.44097900390625,141
2025-07-17T20:32:37.117925,0,26,"[0, 1, 2, 3, 4, 5, 6, 7]",93.01580810546875,0.0,46.44097900390625,141,93.01580810546875,38.86540412902832,46.44097900390625,141
2025-07-17T20:32:37.125355,1,26,"[0, 1, 2, 3, 4, 5, 6, 7]",93.01580810546875,0.0,46.44097900390625,141,93.01580810546875,38.86540412902832,46.44097900390625,141
2025-07-17T20:32:37.131956,2,26,"[0, 1, 2, 3, 4, 5, 6, 7]",93.01580810546875,0.0,46.44097900390625,141,93.01580810546875,38.86540412902832,46.44097900390625,141
2025-07-17T20:32:37.139392,3,26,"[0, 1, 2, 3, 4, 5, 6, 7]",93.01580810546875,0.0,46.44097900390625,141,93.01580810546875,38.86540412902832,46.44097900390625,141
2025-07-17T20:32:37.146161,4,26,"[0, 1, 2, 3, 4, 5, 6, 7]",93.01580810546875,0.0,46.44097900390625,141,93.01580810546875,38.86540412902832,46.44097900390625,141
2025-07-17T20:32:37.153322,0,27,"[0, 1, 2, 3, 4, 5, 6, 7]",93.01580810546875,0.0,46.44097900390625,141,93.01580810546875,38.86540412902832,46.44097900390625,141
2025-07-17T20:32:37.160300,1,27,"[0, 1, 2, 3, 4, 5, 6, 7]",93.01580810546875,0.0,46.44097900390625,141,93.01580810546875,38.86540412902832,46.44097900390625,141
2025-07-17T20:32:37.167133,2,27,"[0, 1, 2, 3, 4, 5, 6, 7]",93.01580810546875,0.0,46.44097900390625,141,93.01580810546875,38.86540412902832,46.44097900390625,141
2025-07-17T20:32:37.177069,3,27,"[0, 1, 2, 3, 4, 5, 6, 7]",93.01580810546875,0.0,46.44097900390625,141,93.01580810546875,38.86456489562988,46.44097900390625,141
2025-07-17T20:32:37.184577,4,27,"[0, 1, 2, 3, 4, 5, 6, 7]",93.01580810546875,0.0,46.44097900390625,141,93.01580810546875,38.86456489562988,46.44097900390625,141
2025-07-17T20:32:37.191849,0,28,"[0, 1, 2, 3, 4, 5, 6, 7]",93.01580810546875,0.0,46.44097900390625,141,93.01580810546875,38.86456489562988,46.44097900390625,141
2025-07-17T20:32:37.199324,1,28,"[0, 1, 2, 3, 4, 5, 6, 7]",93.01580810546875,0.0,46.44097900390625,141,93.01580810546875,38.86482238769531,46.44097900390625,141
2025-07-17T20:32:37.202113,2,28,"[0, 1, 2, 3, 4, 5, 6, 7]",93.01580810546875,0.0,46.44097900390625,141,93.01580810546875,38.86482238769531,46.44097900390625,141
2025-07-17T20:32:37.213336,3,28,"[0, 1, 2, 3, 4, 5, 6, 7]",93.01580810546875,0.0,46.44097900390625,141,93.01580810546875,38.86540412902832,46.44097900390625,141
2025-07-17T20:32:37.219950,4,28,"[0, 1, 2, 3, 4, 5, 6, 7]",93.01580810546875,0.0,46.44097900390625,141,93.01580810546875,38.86540412902832,46.44097900390625,141
2025-07-17T20:32:37.227334,0,29,"[0, 1, 2, 3, 4, 5, 6, 7]",93.01580810546875,0.0,46.44097900390625,141,93.01580810546875,38.86540412902832,46.44097900390625,141
2025-07-17T20:32:37.234164,1,29,"[0, 1, 2, 3, 4, 5, 6, 7]",93.01580810546875,0.0,46.44097900390625,141,93.01580810546875,38.86540412902832,46.44097900390625,141
2025-07-17T20:32:37.242656,2,29,"[0, 1, 2, 3, 5, 6, 7]",93.01580810546875,0.0,46.44097900390625,141,93.01580810546875,38.86540412902832,46.44097900390625,141
2025-07-17T20:32:37.249938,3,29,"[0, 1, 2, 3, 4, 5, 6, 7]",93.01580810546875,0.0,46.44097900390625,141,93.01580810546875,38.86482238769531,46.44097900390625,141
2025-07-17T20:32:37.257338,4,29,"[0, 1, 2, 3, 4, 5, 6, 7]",93.01580810546875,0.0,46.44097900390625,141,93.01580810546875,38.86482238769531,46.44097900390625,141
2025-07-17T20:32:37.264999,0,30,"[0, 1, 2, 3, 4, 5, 6, 7]",93.01580810546875,0.0,46.44097900390625,141,93.01580810546875,38.86482238769531,46.44097900390625,141
2025-07-17T20:32:37.271909,1,30,"[0, 1, 2, 3, 4, 5, 6, 7]",93.01580810546875,0.0,46.44097900390625,141,93.01580810546875,38.86456489562988,46.44097900390625,141
2025-07-17T20:32:37.279007,2,30,"[0, 1, 2, 3, 4, 5, 6, 7]",93.01580810546875,0.0,46.44097900390625,141,93.01580810546875,38.86540412902832,46.44097900390625,141
2025-07-17T20:32:37.282308,3,30,"[0, 1, 2, 3, 4, 5, 6, 7]",93.01580810546875,0.0,46.44097900390625,141,93.01580810546875,38.86540412902832,46.44097900390625,141
2025-07-17T20:32:37.294579,4,30,"[0, 1, 2, 3, 4, 5, 6, 7]",93.01580810546875,0.0,46.44097900390625,141,93.01580810546875,38.86540412902832,46.44097900390625,141
2025-07-17T20:32:37.301949,0,31,"[0, 1, 2, 3, 4, 5, 6, 7]",93.01580810546875,0.0,46.44097900390625,141,93.01580810546875,38.87229824066162,46.44097900390625,141
2025-07-17T20:32:37.311168,1,31,"[0, 1, 2, 3, 4, 5, 6, 7]",93.01580810546875,0.0,46.44097900390625,141,93.01580810546875,38.86909008026123,46.44097900390625,141
2025-07-17T20:32:37.314836,2,31,"[0, 1, 2, 3, 4, 5, 6, 7]",93.01580810546875,0.0,46.44097900390625,141,93.01580810546875,38.86562442779541,46.44097900390625,141
2025-07-17T20:32:37.327525,3,31,"[0, 1, 2, 3, 4, 5, 6, 7]",93.01580810546875,0.0,46.44097900390625,141,93.01580810546875,38.86299800872803,46.44097900390625,141
2025-07-17T20:32:37.332056,4,31,"[0, 1, 2, 3, 4, 5, 6, 7]",93.01580810546875,0.0,46.44097900390625,141,93.01580810546875,38.86002254486084,46.44097900390625,141
2025-07-17T20:32:37.343926,0,0,"[0, 1, 2, 3, 4, 5, 6, 7]",93.01580810546875,0.0,46.44097900390625,141,93.01580810546875,38.85531425476074,46.44097900390625,141
2025-07-17T20:32:37.351122,1,0,"[0, 1, 2, 3, 4, 5, 6, 7]",93.01580810546875,0.0,46.44097900390625,141,93.01580810546875,38.85852241516113,46.44097900390625,141
2025-07-17T20:32:37.357960,2,0,"[0, 1, 2, 3, 4, 5, 6, 7]",93.01580810546875,0.0,46.44097900390625,141,93.01580810546875,38.86149787902832,46.44097900390625,141
2025-07-17T20:32:37.365487,3,0,"[0, 1, 2, 3, 4, 5, 6, 7]",93.01580810546875,0.0,46.44097900390625,141,93.01580810546875,38.86438179016113,46.44097900390625,141
2025-07-17T20:32:37.372950,4,0,"[0, 1, 2, 3, 4, 5, 6, 7]",93.01580810546875,0.0,46.44097900390625,141,93.01580810546875,38.86540412902832,46.44097900390625,141
2025-07-17T20:32:37.379198,0,1,"[0, 1, 2, 3, 4, 5, 6, 7]",93.01580810546875,0.0,46.44097900390625,141,93.01580810546875,38.86540412902832,46.44097900390625,141
2025-07-17T20:32:37.392532,1,1,"[0, 1, 2, 3, 4, 5, 6, 7]",93.01580810546875,0.0,46.44097900390625,141,93.01580810546875,38.86540412902832,46.44097900390625,141
2025-07-17T20:32:37.394764,2,1,"[0, 1, 2, 3, 4, 5, 6, 7]",93.01580810546875,0.0,46.44097900390625,141,93.01580810546875,38.86540412902832,46.44097900390625,141
2025-07-17T20:32:37.408401,3,1,"[0, 1, 2, 3, 4, 5, 6, 7]",93.01580810546875,0.0,46.44097900390625,141,93.01580810546875,38.86540412902832,46.44097900390625,141
2025-07-17T20:32:37.410522,4,1,"[0, 1, 2, 3, 4, 5, 6, 7]",93.01580810546875,0.0,46.44097900390625,141,93.01580810546875,38.86540412902832,46.44097900390625,141
2025-07-17T20:32:37.418164,0,2,"[0, 1, 2, 3, 4, 5, 6, 7]",93.01580810546875,0.0,46.44097900390625,141,93.01580810546875,38.86540412902832,46.44097900390625,141
2025-07-17T20:32:37.426012,1,2,"[0, 1, 2, 3, 4, 5, 6, 7]",93.01580810546875,0.0,46.44097900390625,141,93.01580810546875,38.86540412902832,46.44097900390625,141
2025-07-17T20:32:37.433065,2,2,"[0, 1, 2, 3, 4, 5, 6, 7]",93.01580810546875,0.0,46.44097900390625,141,93.01580810546875,38.86540412902832,46.44097900390625,141
2025-07-17T20:32:37.439981,3,2,"[0, 1, 2, 3, 4, 5, 6, 7]",93.01580810546875,0.0,46.44097900390625,141,93.01580810546875,38.86540412902832,46.44097900390625,141
2025-07-17T20:32:37.447608,4,2,"[0, 1, 2, 3, 4, 5, 6, 7]",93.01580810546875,0.0,46.44097900390625,141,93.01580810546875,38.86540412902832,46.44097900390625,141
2025-07-17T20:32:37.454209,0,3,"[0, 1, 2, 3, 4, 5, 6, 7]",93.01580810546875,0.0,46.44097900390625,141,93.01580810546875,38.86540412902832,46.44097900390625,141
2025-07-17T20:32:37.461977,1,3,"[0, 1, 2, 3, 4, 5, 6, 7]",93.01580810546875,0.0,46.44097900390625,141,93.01580810546875,38.86540412902832,46.44097900390625,141
2025-07-17T20:32:37.469174,2,3,"[0, 1, 2, 3, 4, 5, 6, 7]",93.01580810546875,0.0,46.44097900390625,141,93.01580810546875,38.86540412902832,46.44097900390625,141
2025-07-17T20:32:37.481707,3,3,"[0, 1, 2, 3, 4, 5, 6, 7]",93.01580810546875,0.0,46.44097900390625,141,93.01580810546875,38.86540412902832,46.44097900390625,141
2025-07-17T20:32:37.484239,4,3,"[0, 1, 2, 3, 4, 5, 6, 7]",93.01580810546875,0.0,46.44097900390625,141,93.01580810546875,38.86540412902832,46.44097900390625,141
2025-07-17T20:32:37.491297,0,4,"[0, 1, 2, 3, 4, 5, 6, 7]",93.01580810546875,0.0,46.44097900390625,141,93.01580810546875,38.86540412902832,46.44097900390625,141
2025-07-17T20:32:37.498651,1,4,"[0, 1, 2, 3, 4, 5, 6, 7]",93.01580810546875,0.0,46.44097900390625,141,93.01580810546875,38.86540412902832,46.44097900390625,141
2025-07-17T20:32:37.513234,2,4,"[0, 1, 2, 3, 4, 5, 6, 7]",93.01580810546875,0.0,46.44097900390625,141,93.01580810546875,38.86540412902832,46.44097900390625,141
2025-07-17T20:32:37.521695,3,4,"[0, 1, 2, 3, 4, 5, 6, 7]",93.01580810546875,0.0,46.44097900390625,141,93.01580810546875,38.86540412902832,46.44097900390625,141
2025-07-17T20:32:37.524002,4,4,"[0, 1, 2, 3, 4, 5, 6, 7]",93.01580810546875,0.0,46.44097900390625,141,93.01580810546875,38.86540412902832,46.44097900390625,141
2025-07-17T20:32:37.532777,0,5,"[0, 1, 2, 3, 4, 5, 6, 7]",93.01580810546875,0.0,46.44097900390625,141,93.01580810546875,38.86540412902832,46.44097900390625,141
2025-07-17T20:32:37.539305,1,5,"[0, 1, 2, 3, 4, 5, 6, 7]",93.01580810546875,0.0,46.44097900390625,141,93.01580810546875,38.86540412902832,46.44097900390625,141
2025-07-17T20:32:37.545766,2,5,"[0, 1, 2, 3, 4, 5, 6, 7]",93.01580810546875,0.0,46.44097900390625,141,93.01580810546875,38.86540412902832,46.44097900390625,141
2025-07-17T20:32:37.557925,3,5,"[0, 1, 2, 3, 4, 5, 6, 7]",93.01580810546875,0.0,46.44097900390625,141,93.01580810546875,38.86540412902832,46.44097900390625,141
2025-07-17T20:32:37.559988,4,5,"[0, 1, 2, 3, 4, 5, 6, 7]",93.01580810546875,0.0,46.44097900390625,141,93.01580810546875,38.86540412902832,46.44097900390625,141
2025-07-17T20:32:37.572400,0,6,"[0, 1, 2, 3, 4, 5, 6, 7]",93.01580810546875,0.0,46.44097900390625,141,93.01580810546875,38.86540412902832,46.44097900390625,141
2025-07-17T20:32:37.575035,1,6,"[0, 1, 2, 3, 4, 5, 6, 7]",93.01580810546875,0.0,46.44097900390625,141,93.01580810546875,38.86540412902832,46.44097900390625,141
2025-07-17T20:32:37.583107,2,6,"[0, 1, 2, 3, 4, 5, 6, 7]",93.01580810546875,0.0,46.44097900390625,141,93.01580810546875,38.86540412902832,46.44097900390625,141
2025-07-17T20:32:37.595539,3,6,"[0, 1, 2, 3, 4, 5, 6, 7]",93.01580810546875,0.0,46.44097900390625,141,93.01580810546875,38.86540412902832,46.44097900390625,141
2025-07-17T20:32:37.598012,4,6,"[0, 1, 2, 3, 4, 5, 6, 7]",93.01580810546875,0.0,46.44097900390625,141,93.01580810546875,38.86540412902832,46.44097900390625,141
2025-07-17T20:32:37.605136,0,7,"[0, 1, 2, 3, 4, 5, 6, 7]",93.01580810546875,0.0,46.44097900390625,141,93.01580810546875,38.86540412902832,46.44097900390625,141
2025-07-17T20:32:37.612844,1,7,"[0, 1, 2, 3, 4, 5, 6, 7]",93.01580810546875,0.0,46.44097900390625,141,93.01580810546875,38.86540412902832,46.44097900390625,141
2025-07-17T20:32:37.619675,2,7,"[0, 1, 2, 3, 4, 5, 6, 7]",93.01580810546875,0.0,46.44097900390625,141,93.01580810546875,38.86540412902832,46.44097900390625,141
2025-07-17T20:32:37.631628,3,7,"[0, 1, 2, 3, 4, 5, 6, 7]",93.01580810546875,0.0,46.44097900390625,141,93.01580810546875,38.86540412902832,46.44097900390625,141
2025-07-17T20:32:37.633800,4,7,"[0, 1, 2, 3, 4, 5, 6, 7]",93.01580810546875,0.0,46.44097900390625,141,93.01580810546875,38.86540412902832,46.44097900390625,141
2025-07-17T20:32:37.640893,0,8,"[0, 1, 2, 3, 4, 5, 6, 7]",93.01580810546875,0.0,46.44097900390625,141,93.01580810546875,38.86540412902832,46.44097900390625,141
2025-07-17T20:32:37.648401,1,8,"[1, 2, 3, 4, 5, 6, 7]",93.01580810546875,0.0,46.44097900390625,141,93.01580810546875,38.86540412902832,46.44097900390625,141
2025-07-17T20:32:37.655418,2,8,"[0, 1, 2, 3, 4, 5, 6, 7]",93.01580810546875,0.0,46.44097900390625,141,93.01580810546875,38.86540412902832,46.44097900390625,141
2025-07-17T20:32:37.662600,3,8,"[1, 2, 3, 4, 5, 6, 7]",93.01580810546875,0.0,46.44097900390625,141,93.01580810546875,38.86540412902832,46.44097900390625,141
2025-07-17T20:32:37.670838,4,8,"[1, 2, 3, 4, 5, 6, 7]",93.01580810546875,0.0,46.44097900390625,141,93.01580810546875,38.86540412902832,46.44097900390625,141
2025-07-17T20:32:37.678034,0,9,"[0, 1, 2, 3, 4, 5, 6, 7]",93.01580810546875,0.0,46.44097900390625,141,93.01580810546875,38.86540412902832,46.44097900390625,141
2025-07-17T20:32:37.684741,1,9,"[0, 1, 2, 3, 4, 5, 6, 7]",93.01580810546875,0.0,46.44097900390625,141,93.01580810546875,38.86540412902832,46.44097900390625,141
2025-07-17T20:32:37.692436,2,9,"[0, 1, 2, 3, 5, 6, 7]",93.01580810546875,0.0,46.44097900390625,141,93.01580810546875,38.86540412902832,46.44097900390625,141
2025-07-17T20:32:37.705683,3,9,"[0, 1, 2, 3, 4, 5, 6, 7]",93.01580810546875,0.0,46.44097900390625,141,93.01580810546875,38.86540412902832,46.44097900390625,141
2025-07-17T20:32:37.707810,4,9,"[0, 1, 2, 3, 4, 5, 6, 7]",93.01580810546875,0.0,46.44097900390625,141,93.01580810546875,38.86540412902832,46.44097900390625,141
2025-07-17T20:32:37.719793,0,10,"[0, 1, 2, 3, 4, 5, 6, 7]",93.01580810546875,0.0,46.44097900390625,141,93.01580810546875,38.86540412902832,46.44097900390625,141
2025-07-17T20:32:37.722172,1,10,"[0, 1, 2, 3, 4, 5, 6, 7]",93.01580810546875,0.0,46.44097900390625,141,93.01580810546875,38.86540412902832,46.44097900390625,141
2025-07-17T20:32:37.729617,2,10,"[0, 1, 2, 3, 4, 5, 6, 7]",93.01580810546875,0.0,46.44097900390625,141,93.01580810546875,38.86540412902832,46.44097900390625,141
2025-07-17T20:32:37.736282,3,10,"[0, 1, 2, 3, 4, 5, 6, 7]",93.01580810546875,0.0,46.44097900390625,141,93.01580810546875,38.86540412902832,46.44097900390625,141
2025-07-17T20:32:37.743267,4,10,"[0, 1, 2, 3, 4, 5, 6, 7]",93.01580810546875,0.0,46.44097900390625,141,93.01580810546875,38.86540412902832,46.44097900390625,141
2025-07-17T20:32:37.750731,0,11,"[0, 1, 2, 3, 4, 5, 6, 7]",93.01580810546875,0.0,46.44097900390625,141,93.01580810546875,38.86540412902832,46.44097900390625,141
2025-07-17T20:32:37.757318,1,11,"[0, 1, 2, 3, 4, 5, 6, 7]",93.01580810546875,0.0,46.44097900390625,141,93.01580810546875,38.86540412902832,46.44097900390625,141
2025-07-17T20:32:37.764775,2,11,"[0, 1, 2, 3, 4, 5, 6, 7]",93.01580810546875,0.0,46.44097900390625,141,93.01580810546875,38.86540412902832,46.44097900390625,141
2025-07-17T20:32:37.772090,3,11,"[0, 1, 2, 3, 4, 5, 6, 7]",93.01580810546875,0.0,46.44097900390625,141,93.01580810546875,38.86540412902832,46.44097900390625,141
2025-07-17T20:32:37.778553,4,11,"[0, 1, 2, 3, 4, 5, 6, 7]",93.01580810546875,0.0,46.44097900390625,141,93.01580810546875,38.86540412902832,46.44097900390625,141
2025-07-17T20:32:37.785424,0,12,"[0, 1, 2, 3, 4, 5, 6, 7]",93.01580810546875,0.0,46.44097900390625,141,93.01580810546875,38.86540412902832,46.44097900390625,141
2025-07-17T20:32:37.792599,1,12,"[0, 1, 2, 3, 4, 5, 6]",93.01580810546875,0.0,46.44097900390625,141,93.01580810546875,38.86540412902832,46.44097900390625,141
2025-07-17T20:32:37.806472,2,12,"[0, 1, 2, 3, 4, 5, 6, 7]",93.01580810546875,0.0,46.44097900390625,141,93.01580810546875,38.86540412902832,46.44097900390625,141
2025-07-17T20:32:37.809052,3,12,"[0, 1, 2, 3, 4, 5, 6]",93.01580810546875,0.0,46.44097900390625,141,93.01580810546875,38.86540412902832,46.44097900390625,141
2025-07-17T20:32:37.815832,4,12,"[0, 1, 2, 3, 4, 5, 6]",93.01580810546875,0.0,46.44097900390625,141,93.01580810546875,38.86540412902832,46.44097900390625,141
2025-07-17T20:32:37.822761,0,13,"[0, 1, 2, 3, 4, 5, 6, 7]",93.01580810546875,0.0,46.44097900390625,141,93.01580810546875,38.86540412902832,46.44097900390625,141
2025-07-17T20:32:37.829055,1,13,"[0, 1, 2, 3, 4, 6, 7]",93.01580810546875,0.0,46.44097900390625,141,93.01580810546875,38.86540412902832,46.44097900390625,141
2025-07-17T20:32:37.835841,2,13,"[0, 1, 2, 3, 4, 5, 6, 7]",93.01580810546875,0.0,46.44097900390625,141,93.01580810546875,38.86540412902832,46.44097900390625,141
2025-07-17T20:32:37.843921,3,13,"[0, 1, 2, 3, 4, 6, 7]",93.01580810546875,0.0,46.44097900390625,141,93.01580810546875,38.86540412902832,46.44097900390625,141
2025-07-17T20:32:37.852383,4,13,"[0, 1, 2, 3, 4, 6, 7]",93.01580810546875,0.0,46.44097900390625,141,93.01580810546875,38.86540412902832,46.44097900390625,141
2025-07-17T20:32:37.859504,0,14,"[0, 1, 2, 3, 4, 5, 6, 7]",93.01580810546875,0.0,46.44097900390625,141,93.01580810546875,38.86540412902832,46.44097900390625,141
2025-07-17T20:32:37.867487,1,14,"[0, 1, 2, 3, 4, 5, 6, 7]",93.01580810546875,0.0,46.44097900390625,141,93.01580810546875,38.86540412902832,46.44097900390625,141
2025-07-17T20:32:37.875051,2,14,"[0, 1, 2, 3, 4, 5, 6, 7]",93.01580810546875,0.0,46.44097900390625,141,93.01580810546875,38.86540412902832,46.44097900390625,141
2025-07-17T20:32:37.881701,3,14,"[0, 1, 2, 3, 4, 5, 6, 7]",93.01580810546875,0.0,46.44097900390625,141,93.01580810546875,38.86540412902832,46.44097900390625,141
2025-07-17T20:32:37.894693,4,14,"[0, 1, 2, 3, 4, 5, 6, 7]",93.01580810546875,0.0,46.44097900390625,141,93.01580810546875,38.86540412902832,46.44097900390625,141
2025-07-17T20:32:37.896903,0,15,"[0, 1, 2, 3, 4, 5, 6, 7]",93.01580810546875,0.0,46.44097900390625,141,93.01580810546875,38.86540412902832,46.44097900390625,141
2025-07-17T20:32:37.909113,1,15,"[0, 1, 2, 3, 4, 5, 6, 7]",93.01580810546875,0.0,46.44097900390625,141,93.01580810546875,38.86540412902832,46.44097900390625,141
2025-07-17T20:32:37.911303,2,15,"[0, 1, 2, 3, 4, 5, 6, 7]",93.01580810546875,0.0,46.44097900390625,141,93.01580810546875,38.86540412902832,46.44097900390625,141
2025-07-17T20:32:37.923666,3,15,"[0, 1, 2, 3, 4, 5, 6, 7]",93.01580810546875,0.0,46.44097900390625,141,93.01580810546875,38.86540412902832,46.44097900390625,141
2025-07-17T20:32:37.926593,4,15,"[0, 1, 2, 3, 4, 5, 6, 7]",93.01580810546875,0.0,46.44097900390625,141,93.01580810546875,38.86540412902832,46.44097900390625,141
2025-07-17T20:32:37.933983,0,16,"[0, 1, 2, 3, 4, 5, 6, 7]",93.01580810546875,0.0,46.44097900390625,141,93.01580810546875,38.86540412902832,46.44097900390625,141
2025-07-17T20:32:37.944754,1,16,"[0, 1, 3, 4, 5, 6, 7]",93.01580810546875,0.0,46.44097900390625,141,93.01580810546875,38.86540412902832,46.44097900390625,141
2025-07-17T20:32:37.951953,2,16,"[0, 1, 2, 3, 4, 5, 6, 7]",93.01580810546875,0.0,46.44097900390625,141,93.01580810546875,38.86540412902832,46.44097900390625,141
2025-07-17T20:32:37.958744,3,16,"[0, 1, 3, 4, 5, 6, 7]",93.01580810546875,0.0,46.44097900390625,141,93.01580810546875,38.86540412902832,46.44097900390625,141
2025-07-17T20:32:37.966857,4,16,"[0, 1, 3, 4, 5, 6, 7]",93.01580810546875,0.0,46.44097900390625,141,93.01580810546875,38.86540412902832,46.44097900390625,141
2025-07-17T20:32:37.974119,0,17,"[0, 1, 2, 3, 4, 5, 6, 7]",93.01580810546875,0.0,46.44097900390625,141,93.01580810546875,38.86482238769531,46.44097900390625,141
2025-07-17T20:32:37.976593,1,17,"[0, 1, 2, 3, 4, 5, 6, 7]",93.01580810546875,0.0,46.44097900390625,141,93.01580810546875,38.86482238769531,46.44097900390625,141
2025-07-17T20:32:37.989431,2,17,"[0, 1, 2, 3, 4, 5, 6, 7]",93.01580810546875,0.0,46.44097900390625,141,93.01580810546875,38.86482238769531,46.44097900390625,141
2025-07-17T20:32:37.997053,3,17,"[0, 1, 2, 3, 4, 5, 6, 7]",93.01580810546875,0.0,46.44097900390625,141,93.01580810546875,38.86456489562988,46.44097900390625,141
2025-07-17T20:32:37.999774,4,17,"[0, 1, 2, 3, 4, 5, 6, 7]",93.01580810546875,0.0,46.44097900390625,141,93.01580810546875,38.86540412902832,46.44097900390625,141
2025-07-17T20:32:38.007810,0,18,"[0, 1, 2, 3, 4, 5, 6, 7]",93.01580810546875,0.0,46.44097900390625,141,93.01580810546875,38.86540412902832,46.44097900390625,141
2025-07-17T20:32:38.015498,1,18,"[0, 1, 2, 3, 4, 5, 6, 7]",93.01580810546875,0.0,46.44097900390625,141,93.01580810546875,38.86540412902832,46.44097900390625,141
2025-07-17T20:32:38.022483,2,18,"[0, 1, 2, 3, 4, 5, 6, 7]",93.01580810546875,0.0,46.44097900390625,141,93.01580810546875,38.86540412902832,46.44097900390625,141
2025-07-17T20:32:38.029266,3,18,"[0, 1, 2, 3, 4, 5, 6, 7]",93.01580810546875,0.0,46.44097900390625,141,93.01580810546875,38.86540412902832,46.44097900390625,141
2025-07-17T20:32:38.036428,4,18,"[0, 1, 2, 3, 4, 5, 6, 7]",93.01580810546875,0.0,46.44097900390625,141,93.01580810546875,38.86540412902832,46.44097900390625,141
2025-07-17T20:32:38.043863,0,19,"[0, 1, 2, 3, 4, 5, 6, 7]",93.01580810546875,0.0,46.44097900390625,141,93.01580810546875,38.86540412902832,46.44097900390625,141
2025-07-17T20:32:38.050545,1,19,"[0, 1, 2, 3, 4, 5, 6, 7]",93.01580810546875,0.0,46.44097900390625,141,93.01580810546875,38.86540412902832,46.44097900390625,141
2025-07-17T20:32:38.059152,2,19,"[0, 1, 2, 3, 4, 5, 6, 7]",93.01580810546875,0.0,46.44097900390625,141,93.01580810546875,38.86540412902832,46.44097900390625,141
2025-07-17T20:32:38.066543,3,19,"[0, 1, 2, 3, 4, 5, 6, 7]",93.01580810546875,0.0,46.44097900390625,141,93.01580810546875,38.86540412902832,46.44097900390625,141
2025-07-17T20:32:38.074087,4,19,"[0, 1, 2, 3, 4, 5, 6, 7]",93.01580810546875,0.0,46.44097900390625,141,93.01580810546875,38.86540412902832,46.44097900390625,141
2025-07-17T20:32:38.080515,0,20,"[0, 1, 2, 3, 4, 5, 6, 7]",93.01580810546875,0.0,46.44097900390625,141,93.01580810546875,38.86540412902832,46.44097900390625,141
2025-07-17T20:32:38.088692,1,20,"[0, 1, 2, 3, 4, 5, 6, 7]",93.01580810546875,0.0,46.44097900390625,141,93.01580810546875,38.86540412902832,46.44097900390625,141
2025-07-17T20:32:38.095776,2,20,"[0, 1, 2, 3, 4, 5, 6, 7]",93.01580810546875,0.0,46.44097900390625,141,93.01580810546875,38.86540412902832,46.44097900390625,141
2025-07-17T20:32:38.102350,3,20,"[0, 1, 2, 3, 4, 5, 6, 7]",93.01580810546875,0.0,46.44097900390625,141,93.01580810546875,38.86540412902832,46.44097900390625,141
2025-07-17T20:32:38.109019,4,20,"[0, 1, 2, 3, 4, 5, 6, 7]",93.01580810546875,0.0,46.44097900390625,141,93.01580810546875,38.86540412902832,46.44097900390625,141
2025-07-17T20:32:38.115752,0,21,"[0, 1, 2, 3, 4, 5, 6, 7]",93.01580810546875,0.0,46.44097900390625,141,93.01580810546875,38.86540412902832,46.44097900390625,141
2025-07-17T20:32:38.123527,1,21,"[0, 1, 2, 3, 4, 5, 6, 7]",93.01580810546875,0.0,46.44097900390625,141,93.01580810546875,38.86540412902832,46.44097900390625,141
2025-07-17T20:32:38.137017,2,21,"[0, 1, 2, 3, 4, 5, 6, 7]",93.01580810546875,0.0,46.44097900390625,141,93.01580810546875,38.86540412902832,46.44097900390625,141
2025-07-17T20:32:38.138980,3,21,"[0, 1, 2, 3, 4, 5, 6, 7]",93.01580810546875,0.0,46.44097900390625,141,93.01580810546875,38.86540412902832,46.44097900390625,141
2025-07-17T20:32:38.146382,4,21,"[0, 1, 2, 3, 4, 5, 6, 7]",93.01580810546875,0.0,46.44097900390625,141,93.01580810546875,38.86540412902832,46.44097900390625,141
2025-07-17T20:32:38.153324,0,22,"[0, 1, 2, 3, 4, 5, 6, 7]",93.01580810546875,0.0,46.44097900390625,141,93.01580810546875,38.86540412902832,46.44097900390625,141
2025-07-17T20:32:38.160719,1,22,"[0, 1, 2, 3, 4, 5, 6, 7]",93.01580810546875,0.0,46.44097900390625,141,93.01580810546875,38.86540412902832,46.44097900390625,141
2025-07-17T20:32:38.168263,2,22,"[0, 1, 2, 3, 4, 5, 6, 7]",93.01580810546875,0.0,46.44097900390625,141,93.01580810546875,38.86540412902832,46.44097900390625,141
2025-07-17T20:32:38.175524,3,22,"[0, 1, 2, 3, 4, 5, 6, 7]",93.01580810546875,0.0,46.44097900390625,141,93.01580810546875,38.86540412902832,46.44097900390625,141
2025-07-17T20:32:38.182093,4,22,"[0, 1, 2, 3, 4, 5, 6, 7]",93.01580810546875,0.0,46.44097900390625,141,93.01580810546875,38.86540412902832,46.44097900390625,141
2025-07-17T20:32:38.189606,0,23,"[0, 1, 2, 3, 4, 5, 6, 7]",93.01580810546875,0.0,46.44097900390625,141,93.01580810546875,38.86540412902832,46.44097900390625,141
2025-07-17T20:32:38.202188,1,23,"[0, 1, 2, 3, 4, 5, 6, 7]",93.01580810546875,0.0,46.44097900390625,141,93.01580810546875,38.86540412902832,46.44097900390625,141
2025-07-17T20:32:38.204083,2,23,"[0, 1, 2, 3, 4, 5, 6, 7]",93.01580810546875,0.0,46.44097900390625,141,93.01580810546875,38.86540412902832,46.44097900390625,141
2025-07-17T20:32:38.211640,3,23,"[0, 1, 2, 3, 4, 5, 6, 7]",93.01580810546875,0.0,46.44097900390625,141,93.01580810546875,38.86540412902832,46.44097900390625,141
2025-07-17T20:32:38.223876,4,23,"[0, 1, 2, 3, 4, 5, 6, 7]",93.01580810546875,0.0,46.44097900390625,141,93.01580810546875,38.86540412902832,46.44097900390625,141
2025-07-17T20:32:38.231044,0,24,"[0, 1, 2, 3, 4, 5, 6, 7]",93.01580810546875,0.0,46.44097900390625,141,93.01580810546875,38.86540412902832,46.44097900390625,141
2025-07-17T20:32:38.238260,1,24,"[0, 1, 2, 3, 4, 5, 6, 7]",93.01580810546875,0.0,46.44097900390625,141,93.01580810546875,38.86540412902832,46.44097900390625,141
2025-07-17T20:32:38.245162,2,24,"[0, 1, 2, 3, 4, 5, 6, 7]",93.01580810546875,0.0,46.44097900390625,141,93.01580810546875,38.86540412902832,46.44097900390625,141
2025-07-17T20:32:38.253113,3,24,"[0, 1, 2, 3, 4, 5, 6, 7]",93.01580810546875,0.0,46.44097900390625,141,93.01580810546875,38.86540412902832,46.44097900390625,141
2025-07-17T20:32:38.260367,4,24,"[0, 1, 2, 3, 4, 5, 6, 7]",93.01580810546875,0.0,46.44097900390625,141,93.01580810546875,38.86540412902832,46.44097900390625,141
2025-07-17T20:32:38.268829,0,25,"[0, 1, 2, 3, 4, 5, 6, 7]",93.01580810546875,0.0,46.44097900390625,141,93.01580810546875,38.86540412902832,46.44097900390625,141
2025-07-17T20:32:38.277153,1,25,"[0, 1, 2, 3, 4, 5, 6, 7]",93.01580810546875,0.0,46.44097900390625,141,93.01580810546875,38.86482238769531,46.44097900390625,141
2025-07-17T20:32:38.284160,2,25,"[0, 1, 2, 3, 4, 5, 6, 7]",93.01580810546875,0.0,46.44097900390625,141,93.01580810546875,38.86482238769531,46.44097900390625,141
2025-07-17T20:32:38.292050,3,25,"[0, 1, 2, 3, 4, 5, 6, 7]",93.01580810546875,0.0,46.44097900390625,141,93.01580810546875,38.86482238769531,46.44097900390625,141
2025-07-17T20:32:38.294394,4,25,"[0, 1, 2, 3, 4, 5, 6, 7]",93.01580810546875,0.0,46.44097900390625,141,93.01580810546875,38.86456489562988,46.44097900390625,141
2025-07-17T20:32:38.301826,0,26,"[0, 1, 2, 3, 4, 5, 6, 7]",93.01580810546875,0.0,46.44097900390625,141,93.01580810546875,38.86540412902832,46.44097900390625,141
2025-07-17T20:32:38.309397,1,26,"[0, 1, 2, 3, 4, 5, 6, 7]",93.01580810546875,0.0,46.44097900390625,141,93.01580810546875,38.86540412902832,46.44097900390625,141
2025-07-17T20:32:38.322101,2,26,"[0, 1, 2, 3, 4, 5, 6, 7]",93.01580810546875,0.0,46.44097900390625,141,93.01580810546875,38.86540412902832,46.44097900390625,141
2025-07-17T20:32:38.324144,3,26,"[0, 1, 2, 3, 4, 5, 6, 7]",93.01580810546875,0.0,46.44097900390625,141,93.01580810546875,38.86540412902832,46.44097900390625,141
2025-07-17T20:32:38.330651,4,26,"[0, 1, 2, 3, 4, 5, 6, 7]",93.01580810546875,0.0,46.44097900390625,141,93.01580810546875,38.86540412902832,46.44097900390625,141
2025-07-17T20:32:38.337961,0,27,"[0, 1, 2, 3, 4, 5, 6, 7]",93.01580810546875,0.0,46.44097900390625,141,93.01580810546875,38.86540412902832,46.44097900390625,141
2025-07-17T20:32:38.344845,1,27,"[0, 1, 2, 3, 4, 6, 7]",93.01580810546875,0.0,46.44097900390625,141,93.01580810546875,38.86540412902832,46.44097900390625,141
2025-07-17T20:32:38.357678,2,27,"[0, 1, 2, 3, 4, 5, 6, 7]",93.01580810546875,0.0,46.44097900390625,141,93.01580810546875,38.86540412902832,46.44097900390625,141
2025-07-17T20:32:38.360084,3,27,"[0, 1, 2, 3, 4, 6, 7]",93.01580810546875,0.0,46.44097900390625,141,93.01580810546875,38.86540412902832,46.44097900390625,141
2025-07-17T20:32:38.366831,4,27,"[0, 1, 2, 3, 4, 6, 7]",93.01580810546875,0.0,46.44097900390625,141,93.01580810546875,38.86540412902832,46.44097900390625,141
2025-07-17T20:32:38.379703,0,28,"[0, 1, 2, 3, 4, 5, 6, 7]",93.01580810546875,0.0,46.44097900390625,141,93.01580810546875,38.86540412902832,46.44097900390625,141
2025-07-17T20:32:38.381925,1,28,"[0, 1, 2, 3, 4, 5, 6, 7]",93.01580810546875,0.0,46.44097900390625,141,93.01580810546875,38.86540412902832,46.44097900390625,141
2025-07-17T20:32:38.387878,2,28,"[0, 1, 2, 3, 4, 5, 6, 7]",93.01580810546875,0.0,46.44097900390625,141,93.01580810546875,38.86540412902832,46.44097900390625,141
2025-07-17T20:32:38.394416,3,28,"[0, 1, 2, 3, 4, 5, 6, 7]",93.01580810546875,0.0,46.44097900390625,141,93.01580810546875,38.86540412902832,46.44097900390625,141
2025-07-17T20:32:38.400901,4,28,"[0, 1, 2, 3, 4, 5, 6, 7]",93.01580810546875,0.0,46.44097900390625,141,93.01580810546875,38.86540412902832,46.44097900390625,141
2025-07-17T20:32:38.408878,0,29,"[0, 1, 2, 3, 4, 5, 6, 7]",93.01580810546875,0.0,46.44097900390625,141,93.01580810546875,38.86540412902832,46.44097900390625,141
2025-07-17T20:32:38.416392,1,29,"[0, 1, 2, 3, 4, 5, 6, 7]",93.01580810546875,0.0,46.44097900390625,141,93.01580810546875,38.86540412902832,46.44097900390625,141
2025-07-17T20:32:38.423155,2,29,"[0, 1, 2, 3, 4, 5, 6, 7]",93.01580810546875,0.0,46.44097900390625,141,93.01580810546875,38.86540412902832,46.44097900390625,141
2025-07-17T20:32:38.430676,3,29,"[0, 1, 2, 3, 4, 5, 6, 7]",93.01580810546875,0.0,46.44097900390625,141,93.01580810546875,38.86540412902832,46.44097900390625,141
2025-07-17T20:32:38.437007,4,29,"[0, 1, 2, 3, 4, 5, 6, 7]",93.01580810546875,0.0,46.44097900390625,141,93.01580810546875,38.86540412902832,46.44097900390625,141
2025-07-17T20:32:38.444497,0,30,"[0, 1, 2, 3, 4, 5, 6, 7]",93.01580810546875,0.0,46.44097900390625,141,93.01580810546875,38.86540412902832,46.44097900390625,141
2025-07-17T20:32:38.456995,1,30,"[0, 1, 2, 3, 4, 5, 6, 7]",93.01580810546875,0.0,46.44097900390625,141,93.01580810546875,38.86540412902832,46.44097900390625,141
2025-07-17T20:32:38.458977,2,30,"[0, 1, 2, 3, 4, 5, 6, 7]",93.01580810546875,0.0,46.44097900390625,141,93.01580810546875,38.86540412902832,46.44097900390625,141
2025-07-17T20:32:38.466561,3,30,"[0, 1, 2, 3, 4, 5, 6, 7]",93.01580810546875,0.0,46.44097900390625,141,93.01580810546875,38.86540412902832,46.44097900390625,141
2025-07-17T20:32:38.474345,4,30,"[0, 1, 2, 3, 4, 5, 6, 7]",93.01580810546875,0.0,46.44097900390625,141,93.01580810546875,38.86540412902832,46.44097900390625,141
2025-07-17T20:32:38.482632,0,31,"[0, 1, 2, 3, 4, 5, 6, 7]",93.01580810546875,0.0,46.44097900390625,141,93.01580810546875,38.87204074859619,46.44097900390625,141
2025-07-17T20:32:38.490678,1,31,"[0, 1, 2, 3, 4, 5, 6, 7]",93.01580810546875,0.0,46.44097900390625,141,93.01580810546875,38.86941432952881,46.44097900390625,141
2025-07-17T20:32:38.499610,2,31,"[0, 1, 2, 3, 4, 5, 6, 7]",93.01580810546875,0.0,46.44097900390625,141,93.01580810546875,38.866787910461426,46.44097900390625,141
2025-07-17T20:32:38.512699,3,31,"[0, 1, 2, 3, 4, 5, 6, 7]",93.01580810546875,0.0,46.44097900390625,141,93.01580810546875,38.863579750061035,46.44097900390625,141
2025-07-17T20:32:38.515584,4,31,"[0, 1, 2, 3, 4, 5, 6, 7]",93.01580810546875,0.0,46.44097900390625,141,93.01580810546875,38.86002254486084,46.44097900390625,141
2025-07-17T20:32:38.530227,0,0,"[0, 1, 2, 3, 4, 5, 6, 7]",93.01580810546875,0.0,46.44097900390625,141,93.01580810546875,38.85531425476074,46.44097900390625,141
2025-07-17T20:32:38.537744,1,0,"[0, 1, 2, 3, 4, 5, 6, 7]",93.01580810546875,0.0,46.44097900390625,141,93.01580810546875,38.85852241516113,46.44097900390625,141
2025-07-17T20:32:38.546386,2,0,"[0, 1, 2, 3, 4, 5, 6, 7]",93.01580810546875,0.0,46.44097900390625,141,93.01580810546875,38.86149787902832,46.44097900390625,141
2025-07-17T20:32:38.550334,3,0,"[0, 1, 2, 3, 4, 5, 6, 7]",93.01580810546875,0.0,46.44097900390625,141,93.01580810546875,38.86438179016113,46.44097900390625,141
2025-07-17T20:32:38.562346,4,0,"[0, 1, 2, 3, 4, 5, 6, 7]",93.01580810546875,0.0,46.44097900390625,141,93.01580810546875,38.86540412902832,46.44097900390625,141
2025-07-17T20:32:38.569318,0,1,"[0, 1, 2, 3, 4, 5, 6, 7]",93.01580810546875,0.0,46.44097900390625,141,93.01580810546875,38.86540412902832,46.44097900390625,141
2025-07-17T20:32:38.576592,1,1,"[0, 1, 2, 3, 4, 5, 6, 7]",93.01580810546875,0.0,46.44097900390625,141,93.01580810546875,38.86540412902832,46.44097900390625,141
2025-07-17T20:32:38.583422,2,1,"[0, 1, 2, 3, 4, 5, 6, 7]",93.01580810546875,0.0,46.44097900390625,141,93.01580810546875,38.86540412902832,46.44097900390625,141
2025-07-17T20:32:38.590336,3,1,"[0, 1, 2, 3, 4, 5, 6, 7]",93.01580810546875,0.0,46.44097900390625,141,93.01580810546875,38.86540412902832,46.44097900390625,141
2025-07-17T20:32:38.597497,4,1,"[0, 1, 2, 3, 4, 5, 6, 7]",93.01580810546875,0.0,46.44097900390625,141,93.01580810546875,38.86540412902832,46.44097900390625,141
2025-07-17T20:32:38.604012,0,2,"[0, 1, 2, 3, 4, 5, 6, 7]",93.01580810546875,0.0,46.44097900390625,141,93.01580810546875,38.86540412902832,46.44097900390625,141
2025-07-17T20:32:38.610723,1,2,"[0, 1, 2, 3, 4, 5, 6, 7]",93.01580810546875,0.0,46.44097900390625,141,93.01580810546875,38.86540412902832,46.44097900390625,141
2025-07-17T20:32:38.620659,2,2,"[0, 1, 2, 3, 4, 5, 6, 7]",93.01580810546875,0.0,46.44097900390625,141,93.01580810546875,38.86540412902832,46.44097900390625,141
2025-07-17T20:32:38.628183,3,2,"[0, 1, 2, 3, 4, 5, 6, 7]",93.01580810546875,0.0,46.44097900390625,141,93.01580810546875,38.86456489562988,46.44097900390625,141
2025-07-17T20:32:38.635190,4,2,"[0, 1, 2, 3, 4, 5, 6, 7]",93.01580810546875,0.0,46.44097900390625,141,93.01580810546875,38.86456489562988,46.44097900390625,141
2025-07-17T20:32:38.643056,0,3,"[0, 1, 2, 3, 4, 5, 6, 7]",93.01580810546875,0.0,46.44097900390625,141,93.01580810546875,38.86456489562988,46.44097900390625,141
2025-07-17T20:32:38.646547,1,3,"[0, 1, 2, 3, 4, 6, 7]",93.01580810546875,0.0,46.44097900390625,141,93.01580810546875,38.86482238769531,46.44097900390625,141
2025-07-17T20:32:38.654105,2,3,"[0, 1, 2, 3, 4, 5, 6, 7]",93.01580810546875,0.0,46.44097900390625,141,93.01580810546875,38.86540412902832,46.44097900390625,141
2025-07-17T20:32:38.661400,3,3,"[0, 1, 2, 3, 4, 6, 7]",93.01580810546875,0.0,46.44097900390625,141,93.01580810546875,38.86540412902832,46.44097900390625,141
2025-07-17T20:32:38.668522,4,3,"[0, 1, 2, 3, 4, 6, 7]",93.01580810546875,0.0,46.44097900390625,141,93.01580810546875,38.86540412902832,46.44097900390625,141
2025-07-17T20:32:38.680903,0,4,"[0, 1, 2, 3, 4, 5, 6, 7]",93.01580810546875,0.0,46.44097900390625,141,93.01580810546875,38.86540412902832,46.44097900390625,141
2025-07-17T20:32:38.687837,1,4,"[0, 1, 2, 3, 4, 5, 6, 7]",93.01580810546875,0.0,46.44097900390625,141,93.01580810546875,38.86540412902832,46.44097900390625,141
2025-07-17T20:32:38.694606,2,4,"[0, 1, 2, 3, 4, 5, 6, 7]",93.01580810546875,0.0,46.44097900390625,141,93.01580810546875,38.86540412902832,46.44097900390625,141
2025-07-17T20:32:38.702492,3,4,"[0, 1, 2, 3, 4, 5, 6, 7]",93.01580810546875,0.0,46.44097900390625,141,93.01580810546875,38.86540412902832,46.44097900390625,141
2025-07-17T20:32:38.709849,4,4,"[0, 1, 2, 3, 4, 5, 6, 7]",93.01580810546875,0.0,46.44097900390625,141,93.01580810546875,38.86540412902832,46.44097900390625,141
2025-07-17T20:32:38.712130,0,5,"[0, 1, 2, 3, 4, 5, 6, 7]",93.01580810546875,0.0,46.44097900390625,141,93.01580810546875,38.86540412902832,46.44097900390625,141
2025-07-17T20:32:38.724795,1,5,"[0, 1, 2, 3, 4, 5, 6, 7]",93.01580810546875,0.0,46.44097900390625,141,93.01580810546875,38.86540412902832,46.44097900390625,141
2025-07-17T20:32:38.731646,2,5,"[0, 1, 2, 3, 4, 5, 6, 7]",93.01580810546875,0.0,46.44097900390625,141,93.01580810546875,38.86540412902832,46.44097900390625,141
2025-07-17T20:32:38.740179,3,5,"[0, 1, 2, 3, 4, 5, 6, 7]",93.01580810546875,0.0,46.44097900390625,141,93.01580810546875,38.86540412902832,46.44097900390625,141
2025-07-17T20:32:38.747608,4,5,"[0, 1, 2, 3, 4, 5, 6, 7]",93.01580810546875,0.0,46.44097900390625,141,93.01580810546875,38.86540412902832,46.44097900390625,141
2025-07-17T20:32:38.754529,0,6,"[0, 1, 2, 3, 4, 5, 6, 7]",93.01580810546875,0.0,46.44097900390625,141,93.01580810546875,38.86540412902832,46.44097900390625,141
2025-07-17T20:32:38.761540,1,6,"[0, 1, 2, 3, 4, 5, 6, 7]",93.01580810546875,0.0,46.44097900390625,141,93.01580810546875,38.86540412902832,46.44097900390625,141
2025-07-17T20:32:38.768741,2,6,"[0, 1, 2, 3, 4, 5, 6, 7]",93.01580810546875,0.0,46.44097900390625,141,93.01580810546875,38.86540412902832,46.44097900390625,141
2025-07-17T20:32:38.775652,3,6,"[0, 1, 2, 3, 4, 5, 6, 7]",93.01580810546875,0.0,46.44097900390625,141,93.01580810546875,38.86540412902832,46.44097900390625,141
2025-07-17T20:32:38.783151,4,6,"[0, 1, 2, 3, 4, 5, 6, 7]",93.01580810546875,0.0,46.44097900390625,141,93.01580810546875,38.86540412902832,46.44097900390625,141
2025-07-17T20:32:38.790303,0,7,"[0, 1, 2, 3, 4, 5, 6, 7]",93.01580810546875,0.0,46.44097900390625,141,93.01580810546875,38.86540412902832,46.44097900390625,141
2025-07-17T20:32:38.797442,1,7,"[0, 2, 3, 4, 5, 6, 7]",93.01580810546875,0.0,46.44097900390625,141,93.01580810546875,38.86540412902832,46.44097900390625,141
2025-07-17T20:32:38.804545,2,7,"[0, 1, 2, 3, 4, 5, 6, 7]",93.01580810546875,0.0,46.44097900390625,141,93.01580810546875,38.86540412902832,46.44097900390625,141
2025-07-17T20:32:38.811746,3,7,"[0, 2, 3, 4, 5, 6, 7]",93.01580810546875,0.0,46.44097900390625,141,93.01580810546875,38.86540412902832,46.44097900390625,141
2025-07-17T20:32:38.820090,4,7,"[0, 2, 3, 4, 5, 6, 7]",93.01580810546875,0.0,46.44097900390625,141,93.01580810546875,38.86540412902832,46.44097900390625,141
2025-07-17T20:32:38.827542,0,8,"[0, 1, 2, 3, 4, 5, 6, 7]",93.01580810546875,0.0,46.44097900390625,141,93.01580810546875,38.86540412902832,46.44097900390625,141
2025-07-17T20:32:38.834983,1,8,"[0, 2, 3, 4, 5, 6, 7]",93.01580810546875,0.0,46.44097900390625,141,93.01580810546875,38.86540412902832,46.44097900390625,141
2025-07-17T20:32:38.841873,2,8,"[0, 1, 2, 3, 4, 5, 6, 7]",93.01580810546875,0.0,46.44097900390625,141,93.01580810546875,38.86540412902832,46.44097900390625,141
2025-07-17T20:32:38.848781,3,8,"[0, 2, 3, 4, 5, 6, 7]",93.01580810546875,0.0,46.44097900390625,141,93.01580810546875,38.86540412902832,46.44097900390625,141
2025-07-17T20:32:38.855336,4,8,"[0, 2, 3, 4, 5, 6, 7]",93.01580810546875,0.0,46.44097900390625,141,93.01580810546875,38.86540412902832,46.44097900390625,141
2025-07-17T20:32:38.862995,0,9,"[0, 1, 2, 3, 4, 5, 6, 7]",93.01580810546875,0.0,46.44097900390625,141,93.01580810546875,38.86540412902832,46.44097900390625,141
2025-07-17T20:32:38.869878,1,9,"[0, 1, 2, 3, 4, 5, 6, 7]",93.01580810546875,0.0,46.44097900390625,141,93.01580810546875,38.86540412902832,46.44097900390625,141
2025-07-17T20:32:38.877294,2,9,"[0, 1, 2, 3, 4, 5, 6, 7]",93.01580810546875,0.0,46.44097900390625,141,93.01580810546875,38.86540412902832,46.44097900390625,141
2025-07-17T20:32:38.884322,3,9,"[0, 1, 2, 3, 4, 5, 6, 7]",93.01580810546875,0.0,46.44097900390625,141,93.01580810546875,38.86540412902832,46.44097900390625,141
2025-07-17T20:32:38.891119,4,9,"[0, 1, 2, 3, 4, 5, 6, 7]",93.01580810546875,0.0,46.44097900390625,141,93.01580810546875,38.86540412902832,46.44097900390625,141
2025-07-17T20:32:38.901257,0,10,"[0, 1, 2, 3, 4, 5, 6, 7]",93.01580810546875,0.0,46.44097900390625,141,93.01580810546875,38.86482238769531,46.44097900390625,141
2025-07-17T20:32:38.909422,1,10,"[0, 1, 2, 3, 4, 6, 7]",93.01580810546875,0.0,46.44097900390625,141,93.01580810546875,38.86456489562988,46.44097900390625,141
2025-07-17T20:32:38.917430,2,10,"[0, 1, 2, 3, 4, 5, 6, 7]",93.01580810546875,0.0,46.44097900390625,141,93.01580810546875,38.86456489562988,46.44097900390625,141
2025-07-17T20:32:38.924944,3,10,"[0, 1, 2, 3, 4, 6, 7]",93.01580810546875,0.0,46.44097900390625,141,93.01580810546875,38.86456489562988,46.44097900390625,141
2025-07-17T20:32:38.931775,4,10,"[0, 1, 2, 3, 4, 6, 7]",93.01580810546875,0.0,46.44097900390625,141,93.01580810546875,38.86456489562988,46.44097900390625,141
2025-07-17T20:32:38.938991,0,11,"[0, 1, 2, 3, 4, 5, 6, 7]",93.01580810546875,0.0,46.44097900390625,141,93.01580810546875,38.86540412902832,46.44097900390625,141
2025-07-17T20:32:38.946024,1,11,"[0, 1, 2, 3, 4, 5, 6, 7]",93.01580810546875,0.0,46.44097900390625,141,93.01580810546875,38.86540412902832,46.44097900390625,141
2025-07-17T20:32:38.953495,2,11,"[0, 1, 2, 3, 4, 5, 6, 7]",93.01580810546875,0.0,46.44097900390625,141,93.01580810546875,38.86540412902832,46.44097900390625,141
2025-07-17T20:32:38.961513,3,11,"[0, 1, 2, 3, 4, 5, 6, 7]",93.01580810546875,0.0,46.44097900390625,141,93.01580810546875,38.86540412902832,46.44097900390625,141
2025-07-17T20:32:38.969384,4,11,"[0, 1, 2, 3, 4, 5, 6, 7]",93.01580810546875,0.0,46.44097900390625,141,93.01580810546875,38.86540412902832,46.44097900390625,141
2025-07-17T20:32:38.972101,0,12,"[0, 1, 2, 3, 4, 5, 6, 7]",93.01580810546875,0.0,46.44097900390625,141,93.01580810546875,38.86540412902832,46.44097900390625,141
2025-07-17T20:32:38.987368,1,12,"[0, 1, 2, 3, 4, 5, 6]",93.01580810546875,0.0,46.44097900390625,141,93.01580810546875,38.86540412902832,46.44097900390625,141
2025-07-17T20:32:38.989965,2,12,"[0, 1, 2, 3, 4, 5, 6, 7]",93.01580810546875,0.0,46.44097900390625,141,93.01580810546875,38.86540412902832,46.44097900390625,141
2025-07-17T20:32:38.997666,3,12,"[0, 1, 2, 3, 4, 5, 6]",93.01580810546875,0.0,46.44097900390625,141,93.01580810546875,38.86540412902832,46.44097900390625,141
2025-07-17T20:32:39.004887,4,12,"[0, 1, 2, 3, 4, 5, 6]",93.01580810546875,0.0,46.44097900390625,141,93.01580810546875,38.86540412902832,46.44097900390625,141
2025-07-17T20:32:39.016856,0,13,"[0, 1, 2, 3, 4, 5, 6, 7]",93.01580810546875,0.0,46.44097900390625,141,93.01580810546875,38.86540412902832,46.44097900390625,141
2025-07-17T20:32:39.018955,1,13,"[0, 1, 2, 3, 4, 5, 6, 7]",93.01580810546875,0.0,46.44097900390625,141,93.01580810546875,38.86540412902832,46.44097900390625,141
2025-07-17T20:32:39.025847,2,13,"[0, 1, 2, 3, 4, 5, 6, 7]",93.01580810546875,0.0,46.44097900390625,141,93.01580810546875,38.86540412902832,46.44097900390625,141
2025-07-17T20:32:39.033328,3,13,"[0, 1, 2, 3, 4, 5, 6, 7]",93.01580810546875,0.0,46.44097900390625,141,93.01580810546875,38.86540412902832,46.44097900390625,141
2025-07-17T20:32:39.039625,4,13,"[0, 1, 2, 3, 4, 5, 6, 7]",93.01580810546875,0.0,46.44097900390625,141,93.01580810546875,38.86540412902832,46.44097900390625,141
2025-07-17T20:32:39.048019,0,14,"[0, 1, 2, 3, 4, 5, 6, 7]",93.01580810546875,0.0,46.44097900390625,141,93.01580810546875,38.86540412902832,46.44097900390625,141
2025-07-17T20:32:39.055644,1,14,"[0, 1, 2, 3, 4, 5, 6]",93.01580810546875,0.0,46.44097900390625,141,93.01580810546875,38.86540412902832,46.44097900390625,141
2025-07-17T20:32:39.062918,2,14,"[0, 1, 2, 3, 4, 5, 6, 7]",93.01580810546875,0.0,46.44097900390625,141,93.01580810546875,38.86540412902832,46.44097900390625,141
2025-07-17T20:32:39.070292,3,14,"[0, 1, 2, 3, 4, 5, 6]",93.01580810546875,0.0,46.44097900390625,141,93.01580810546875,38.86540412902832,46.44097900390625,141
2025-07-17T20:32:39.077417,4,14,"[0, 1, 2, 3, 4, 5, 6]",93.01580810546875,0.0,46.44097900390625,141,93.01580810546875,38.86540412902832,46.44097900390625,141
2025-07-17T20:32:39.084392,0,15,"[0, 1, 2, 3, 4, 5, 6, 7]",93.01580810546875,0.0,46.44097900390625,141,93.01580810546875,38.86540412902832,46.44097900390625,141
2025-07-17T20:32:39.091700,1,15,"[0, 1, 2, 3, 4, 5, 7]",93.01580810546875,0.0,46.44097900390625,141,93.01580810546875,38.86540412902832,46.44097900390625,141
2025-07-17T20:32:39.098956,2,15,"[0, 1, 2, 3, 4, 5, 6, 7]",93.01580810546875,0.0,46.44097900390625,141,93.01580810546875,38.86540412902832,46.44097900390625,141
2025-07-17T20:32:39.111320,3,15,"[0, 1, 2, 3, 4, 5, 7]",93.01580810546875,0.0,46.44097900390625,141,93.01580810546875,38.86540412902832,46.44097900390625,141
2025-07-17T20:32:39.113400,4,15,"[0, 1, 2, 3, 4, 5, 7]",93.01580810546875,0.0,46.44097900390625,141,93.01580810546875,38.86540412902832,46.44097900390625,141
2025-07-17T20:32:39.119906,0,16,"[0, 1, 2, 3, 4, 5, 6, 7]",93.01580810546875,0.0,46.44097900390625,141,93.01580810546875,38.86540412902832,46.44097900390625,141
2025-07-17T20:32:39.126127,1,16,"[0, 1, 2, 3, 4, 5, 6, 7]",93.01580810546875,0.0,46.44097900390625,141,93.01580810546875,38.86540412902832,46.44097900390625,141
2025-07-17T20:32:39.133100,2,16,"[0, 1, 2, 3, 4, 5, 6, 7]",93.01580810546875,0.0,46.44097900390625,141,93.01580810546875,38.86540412902832,46.44097900390625,141
2025-07-17T20:32:39.140248,3,16,"[0, 1, 2, 3, 4, 5, 6, 7]",93.01580810546875,0.0,46.44097900390625,141,93.01580810546875,38.86540412902832,46.44097900390625,141
2025-07-17T20:32:39.146912,4,16,"[0, 1, 2, 3, 4, 5, 6, 7]",93.01580810546875,0.0,46.44097900390625,141,93.01580810546875,38.86540412902832,46.44097900390625,141
2025-07-17T20:32:39.153850,0,17,"[0, 1, 2, 3, 4, 5, 6, 7]",93.01580810546875,0.0,46.44097900390625,141,93.01580810546875,38.86540412902832,46.44097900390625,141
2025-07-17T20:32:39.166177,1,17,"[0, 1, 2, 3, 4, 5, 6, 7]",93.01580810546875,0.0,46.44097900390625,141,93.01580810546875,38.86540412902832,46.44097900390625,141
2025-07-17T20:32:39.168160,2,17,"[0, 1, 2, 3, 4, 5, 6, 7]",93.01580810546875,0.0,46.44097900390625,141,93.01580810546875,38.86540412902832,46.44097900390625,141
2025-07-17T20:32:39.180850,3,17,"[0, 1, 2, 3, 4, 5, 6, 7]",93.01580810546875,0.0,46.44097900390625,141,93.01580810546875,38.86540412902832,46.44097900390625,141
2025-07-17T20:32:39.189428,4,17,"[0, 1, 2, 3, 4, 5, 6, 7]",93.01580810546875,0.0,46.44097900390625,141,93.01580810546875,38.86540412902832,46.44097900390625,141
2025-07-17T20:32:39.197053,0,18,"[0, 1, 2, 3, 4, 5, 6, 7]",93.01580810546875,0.0,46.44097900390625,141,93.01580810546875,38.86540412902832,46.44097900390625,141
2025-07-17T20:32:39.199073,1,18,"[0, 1, 2, 3, 4, 5, 6, 7]",93.01580810546875,0.0,46.44097900390625,141,93.01580810546875,38.86540412902832,46.44097900390625,141
2025-07-17T20:32:39.207402,2,18,"[0, 1, 2, 3, 4, 5, 6, 7]",93.01580810546875,0.0,46.44097900390625,141,93.01580810546875,38.86540412902832,46.44097900390625,141
2025-07-17T20:32:39.215014,3,18,"[0, 1, 2, 3, 4, 5, 6, 7]",93.01580810546875,0.0,46.44097900390625,141,93.01580810546875,38.86540412902832,46.44097900390625,141
2025-07-17T20:32:39.222911,4,18,"[0, 1, 2, 3, 4, 5, 6, 7]",93.01580810546875,0.0,46.44097900390625,141,93.01580810546875,38.86540412902832,46.44097900390625,141
2025-07-17T20:32:39.234610,0,19,"[0, 1, 2, 3, 4, 5, 6, 7]",93.01580810546875,0.0,46.44097900390625,141,93.01580810546875,38.86540412902832,46.44097900390625,141
2025-07-17T20:32:39.241008,1,19,"[0, 1, 2, 3, 4, 5, 6, 7]",93.01580810546875,0.0,46.44097900390625,141,93.01580810546875,38.86540412902832,46.44097900390625,141
2025-07-17T20:32:39.248404,2,19,"[0, 1, 2, 3, 4, 5, 6, 7]",93.01580810546875,0.0,46.44097900390625,141,93.01580810546875,38.86540412902832,46.44097900390625,141
2025-07-17T20:32:39.250558,3,19,"[0, 1, 2, 3, 4, 5, 6, 7]",93.01580810546875,0.0,46.44097900390625,141,93.01580810546875,38.86540412902832,46.44097900390625,141
2025-07-17T20:32:39.257897,4,19,"[0, 1, 2, 3, 4, 5, 6, 7]",93.01580810546875,0.0,46.44097900390625,141,93.01580810546875,38.86540412902832,46.44097900390625,141
2025-07-17T20:32:39.265240,0,20,"[0, 1, 2, 3, 4, 5, 6, 7]",93.01580810546875,0.0,46.44097900390625,141,93.01580810546875,38.86540412902832,46.44097900390625,141
2025-07-17T20:32:39.272742,1,20,"[0, 1, 2, 3, 4, 5, 6, 7]",93.01580810546875,0.0,46.44097900390625,141,93.01580810546875,38.86540412902832,46.44097900390625,141
2025-07-17T20:32:39.285528,2,20,"[0, 1, 2, 3, 4, 5, 6, 7]",93.01580810546875,0.0,46.44097900390625,141,93.01580810546875,38.86540412902832,46.44097900390625,141
2025-07-17T20:32:39.287533,3,20,"[0, 1, 2, 3, 4, 5, 6, 7]",93.01580810546875,0.0,46.44097900390625,141,93.01580810546875,38.86540412902832,46.44097900390625,141
2025-07-17T20:32:39.295318,4,20,"[0, 1, 2, 3, 4, 5, 6, 7]",93.01580810546875,0.0,46.44097900390625,141,93.01580810546875,38.86540412902832,46.44097900390625,141
2025-07-17T20:32:39.302436,0,21,"[0, 1, 2, 3, 4, 5, 6, 7]",93.01580810546875,0.0,46.44097900390625,141,93.01580810546875,38.86540412902832,46.44097900390625,141
2025-07-17T20:32:39.308841,1,21,"[0, 1, 2, 3, 5, 7]",93.01580810546875,0.0,46.44097900390625,141,93.01580810546875,38.86540412902832,46.44097900390625,141
2025-07-17T20:32:39.316082,2,21,"[0, 1, 2, 3, 4, 5, 6, 7]",93.01580810546875,0.0,46.44097900390625,141,93.01580810546875,38.86540412902832,46.44097900390625,141
2025-07-17T20:32:39.323784,3,21,"[0, 1, 2, 3, 5, 7]",93.01580810546875,0.0,46.44097900390625,141,93.01580810546875,38.86540412902832,46.44097900390625,141
2025-07-17T20:32:39.330986,4,21,"[0, 1, 2, 3, 5, 7]",93.01580810546875,0.0,46.44097900390625,141,93.01580810546875,38.86540412902832,46.44097900390625,141
2025-07-17T20:32:39.338703,0,22,"[0, 1, 2, 3, 4, 5, 6, 7]",93.01580810546875,0.0,46.44097900390625,141,93.01580810546875,38.86540412902832,46.44097900390625,141
2025-07-17T20:32:39.346572,1,22,"[0, 1, 2, 3, 4, 6, 7]",93.01580810546875,0.0,46.44097900390625,141,93.01580810546875,38.86540412902832,46.44097900390625,141
2025-07-17T20:32:39.353082,2,22,"[0, 1, 2, 3, 4, 5, 6, 7]",93.01580810546875,0.0,46.44097900390625,141,93.01580810546875,38.86540412902832,46.44097900390625,141
2025-07-17T20:32:39.365959,3,22,"[0, 1, 2, 3, 4, 6, 7]",93.01580810546875,0.0,46.44097900390625,141,93.01580810546875,38.86540412902832,46.44097900390625,141
2025-07-17T20:32:39.368169,4,22,"[0, 1, 2, 3, 4, 6, 7]",93.01580810546875,0.0,46.44097900390625,141,93.01580810546875,38.86540412902832,46.44097900390625,141
2025-07-17T20:32:39.382373,0,23,"[0, 1, 2, 3, 4, 5, 6, 7]",93.01580810546875,0.0,46.44097900390625,141,93.01580810546875,38.86540412902832,46.44097900390625,141
2025-07-17T20:32:39.384459,1,23,"[0, 1, 2, 3, 4, 5, 6]",93.01580810546875,0.0,46.44097900390625,141,93.01580810546875,38.86540412902832,46.44097900390625,141
2025-07-17T20:32:39.391787,2,23,"[0, 1, 2, 3, 4, 5, 6, 7]",93.01580810546875,0.0,46.44097900390625,141,93.01580810546875,38.86540412902832,46.44097900390625,141
2025-07-17T20:32:39.398280,3,23,"[0, 1, 2, 3, 4, 5, 6]",93.01580810546875,0.0,46.44097900390625,141,93.01580810546875,38.86540412902832,46.44097900390625,141
2025-07-17T20:32:39.411096,4,23,"[0, 1, 2, 3, 4, 5, 6]",93.01580810546875,0.0,46.44097900390625,141,93.01580810546875,38.86540412902832,46.44097900390625,141
2025-07-17T20:32:39.413080,0,24,"[0, 1, 2, 3, 4, 5, 6, 7]",93.01580810546875,0.0,46.44097900390625,141,93.01580810546875,38.86540412902832,46.44097900390625,141
2025-07-17T20:32:39.420031,1,24,"[0, 1, 3, 4, 5, 6, 7]",93.01580810546875,0.0,46.44097900390625,141,93.01580810546875,38.86540412902832,46.44097900390625,141
2025-07-17T20:32:39.427987,2,24,"[0, 1, 2, 3, 4, 5, 6, 7]",93.01580810546875,0.0,46.44097900390625,141,93.01580810546875,38.86540412902832,46.44097900390625,141
2025-07-17T20:32:39.435167,3,24,"[0, 1, 3, 4, 5, 6, 7]",93.01580810546875,0.0,46.44097900390625,141,93.01580810546875,38.86540412902832,46.44097900390625,141
2025-07-17T20:32:39.442875,4,24,"[0, 1, 3, 4, 5, 6, 7]",93.01580810546875,0.0,46.44097900390625,141,93.01580810546875,38.86540412902832,46.44097900390625,141
2025-07-17T20:32:39.450997,0,25,"[0, 1, 2, 3, 4, 5, 6, 7]",93.01580810546875,0.0,46.44097900390625,141,93.01580810546875,38.86540412902832,46.44097900390625,141
2025-07-17T20:32:39.457836,1,25,"[0, 1, 2, 3, 4, 6, 7]",93.01580810546875,0.0,46.44097900390625,141,93.01580810546875,38.86540412902832,46.44097900390625,141
2025-07-17T20:32:39.470017,2,25,"[0, 1, 2, 3, 4, 5, 6, 7]",93.01580810546875,0.0,46.44097900390625,141,93.01580810546875,38.86540412902832,46.44097900390625,141
2025-07-17T20:32:39.472082,3,25,"[0, 1, 2, 3, 4, 6, 7]",93.01580810546875,0.0,46.44097900390625,141,93.01580810546875,38.86540412902832,46.44097900390625,141
2025-07-17T20:32:39.484771,4,25,"[0, 1, 2, 3, 4, 6, 7]",93.01580810546875,0.0,46.44097900390625,141,93.01580810546875,38.86540412902832,46.44097900390625,141
2025-07-17T20:32:39.486910,0,26,"[0, 1, 2, 3, 4, 5, 6, 7]",93.01580810546875,0.0,46.44097900390625,141,93.01580810546875,38.86540412902832,46.44097900390625,141
2025-07-17T20:32:39.494184,1,26,"[0, 1, 2, 3, 4, 5, 6, 7]",93.01580810546875,0.0,46.44097900390625,141,93.01580810546875,38.86540412902832,46.44097900390625,141
2025-07-17T20:32:39.501893,2,26,"[0, 1, 2, 3, 4, 5, 6, 7]",93.01580810546875,0.0,46.44097900390625,141,93.01580810546875,38.86540412902832,46.44097900390625,141
2025-07-17T20:32:39.513555,3,26,"[0, 1, 2, 3, 4, 5, 6, 7]",93.01580810546875,0.0,46.44097900390625,141,93.01580810546875,38.86540412902832,46.44097900390625,141
2025-07-17T20:32:39.515894,4,26,"[0, 1, 2, 3, 4, 5, 6, 7]",93.01580810546875,0.0,46.44097900390625,141,93.01580810546875,38.86540412902832,46.44097900390625,141
2025-07-17T20:32:39.524206,0,27,"[0, 1, 2, 3, 4, 5, 6, 7]",93.01580810546875,0.0,46.44097900390625,141,93.01580810546875,38.86540412902832,46.44097900390625,141
2025-07-17T20:32:39.537382,1,27,"[0, 1, 2, 3, 4, 5, 6, 7]",93.01580810546875,0.0,46.44097900390625,141,93.01580810546875,38.86540412902832,46.44097900390625,141
2025-07-17T20:32:39.539871,2,27,"[0, 1, 2, 3, 4, 5, 6, 7]",93.01580810546875,0.0,46.44097900390625,141,93.01580810546875,38.86540412902832,46.44097900390625,141
2025-07-17T20:32:39.550885,3,27,"[0, 1, 2, 3, 4, 5, 6, 7]",93.01580810546875,0.0,46.44097900390625,141,93.01580810546875,38.86540412902832,46.44097900390625,141
2025-07-17T20:32:39.553500,4,27,"[0, 1, 2, 3, 4, 5, 6, 7]",93.01580810546875,0.0,46.44097900390625,141,93.01580810546875,38.86540412902832,46.44097900390625,141
2025-07-17T20:32:39.560443,0,28,"[0, 1, 2, 3, 4, 5, 6, 7]",93.01580810546875,0.0,46.44097900390625,141,93.01580810546875,38.86540412902832,46.44097900390625,141
2025-07-17T20:32:39.567633,1,28,"[0, 1, 2, 3, 4, 5, 6, 7]",93.01580810546875,0.0,46.44097900390625,141,93.01580810546875,38.86540412902832,46.44097900390625,141
2025-07-17T20:32:39.575259,2,28,"[0, 1, 2, 3, 4, 5, 6, 7]",93.01580810546875,0.0,46.44097900390625,141,93.01580810546875,38.86540412902832,46.44097900390625,141
2025-07-17T20:32:39.582953,3,28,"[0, 1, 2, 3, 4, 5, 6, 7]",93.01580810546875,0.0,46.44097900390625,141,93.01580810546875,38.86540412902832,46.44097900390625,141
2025-07-17T20:32:39.590451,4,28,"[0, 1, 2, 3, 4, 5, 6, 7]",93.01580810546875,0.0,46.44097900390625,141,93.01580810546875,38.86540412902832,46.44097900390625,141
2025-07-17T20:32:39.597944,0,29,"[0, 1, 2, 3, 4, 5, 6, 7]",93.01580810546875,0.0,46.44097900390625,141,93.01580810546875,38.86540412902832,46.44097900390625,141
2025-07-17T20:32:39.604951,1,29,"[0, 2, 3, 4, 5, 7]",93.01580810546875,0.0,46.44097900390625,141,93.01580810546875,38.86540412902832,46.44097900390625,141
2025-07-17T20:32:39.611614,2,29,"[0, 1, 2, 3, 4, 5, 6, 7]",93.01580810546875,0.0,46.44097900390625,141,93.01580810546875,38.86540412902832,46.44097900390625,141
2025-07-17T20:32:39.618848,3,29,"[0, 2, 3, 4, 5, 7]",93.01580810546875,0.0,46.44097900390625,141,93.01580810546875,38.86540412902832,46.44097900390625,141
2025-07-17T20:32:39.630923,4,29,"[0, 2, 3, 4, 5, 7]",93.01580810546875,0.0,46.44097900390625,141,93.01580810546875,38.86540412902832,46.44097900390625,141
2025-07-17T20:32:39.633155,0,30,"[0, 1, 2, 3, 4, 5, 6, 7]",93.01580810546875,0.0,46.44097900390625,141,93.01580810546875,38.86540412902832,46.44097900390625,141
2025-07-17T20:32:39.640783,1,30,"[0, 2, 3, 4, 5, 6, 7]",93.01580810546875,0.0,46.44097900390625,141,93.01580810546875,38.86540412902832,46.44097900390625,141
2025-07-17T20:32:39.647808,2,30,"[0, 1, 2, 3, 4, 5, 6, 7]",93.01580810546875,0.0,46.44097900390625,141,93.01580810546875,38.86540412902832,46.44097900390625,141
2025-07-17T20:32:39.654579,3,30,"[0, 2, 3, 4, 5, 6, 7]",93.01580810546875,0.0,46.44097900390625,141,93.01580810546875,38.86540412902832,46.44097900390625,141
2025-07-17T20:32:39.661613,4,30,"[0, 2, 3, 4, 5, 6, 7]",93.01580810546875,0.0,46.44097900390625,141,93.01580810546875,38.86540412902832,46.44097900390625,141
2025-07-17T20:32:39.670228,0,31,"[0, 1, 2, 3, 4, 5, 6, 7]",93.01580810546875,0.0,46.44097900390625,141,93.01580810546875,38.87204074859619,46.44097900390625,141
2025-07-17T20:32:39.677692,1,31,"[0, 1, 2, 4, 5, 6, 7]",93.01580810546875,0.0,46.44097900390625,141,93.01580810546875,38.8688325881958,46.44097900390625,141
2025-07-17T20:32:39.687027,2,31,"[0, 1, 2, 3, 4, 5, 6, 7]",93.01580810546875,0.0,46.44097900390625,141,93.01580810546875,38.86562442779541,46.44097900390625,141
2025-07-17T20:32:39.695154,3,31,"[0, 1, 2, 4, 5, 6, 7]",93.01580810546875,0.0,46.44097900390625,141,93.01580810546875,38.86299800872803,46.44097900390625,141
2025-07-17T20:32:39.703533,4,31,"[0, 1, 2, 4, 5, 6, 7]",93.01580810546875,0.0,46.44097900390625,141,93.01580810546875,38.86002254486084,46.44097900390625,141
2025-07-17T20:32:39.719142,0,0,"[0, 1, 2, 3, 4, 5, 6, 7]",93.01580810546875,0.0,46.44097900390625,141,93.01580810546875,38.85531425476074,46.44097900390625,141
2025-07-17T20:32:39.726429,1,0,"[0, 1, 2, 3, 4, 5, 6]",93.01580810546875,0.0,46.44097900390625,141,93.01580810546875,38.85852241516113,46.44097900390625,141
2025-07-17T20:32:39.734769,2,0,"[0, 1, 2, 3, 4, 5, 6, 7]",93.01580810546875,0.0,46.44097900390625,141,93.01580810546875,38.86149787902832,46.44097900390625,141
2025-07-17T20:32:39.742043,3,0,"[0, 1, 2, 3, 4, 5, 6]",93.01580810546875,0.0,46.44097900390625,141,93.01580810546875,38.86438179016113,46.44097900390625,141
2025-07-17T20:32:39.749278,4,0,"[0, 1, 2, 3, 4, 5, 6]",93.01580810546875,0.0,46.44097900390625,141,93.01580810546875,38.86540412902832,46.44097900390625,141
2025-07-17T20:32:39.756047,0,1,"[0, 1, 2, 3, 4, 5, 6, 7]",93.01580810546875,0.0,46.44097900390625,141,93.01580810546875,38.86540412902832,46.44097900390625,141
2025-07-17T20:32:39.763368,1,1,"[0, 1, 2, 3, 4, 5, 6, 7]",93.01580810546875,0.0,46.44097900390625,141,93.01580810546875,38.86540412902832,46.44097900390625,141
2025-07-17T20:32:39.770496,2,1,"[0, 1, 2, 3, 4, 5, 6, 7]",93.01580810546875,0.0,46.44097900390625,141,93.01580810546875,38.86540412902832,46.44097900390625,141
2025-07-17T20:32:39.777957,3,1,"[0, 1, 2, 3, 4, 5, 6, 7]",93.01580810546875,0.0,46.44097900390625,141,93.01580810546875,38.86540412902832,46.44097900390625,141
2025-07-17T20:32:39.780120,4,1,"[0, 1, 2, 3, 4, 5, 6, 7]",93.01580810546875,0.0,46.44097900390625,141,93.01580810546875,38.86540412902832,46.44097900390625,141
2025-07-17T20:32:39.788550,0,2,"[0, 1, 2, 3, 4, 5, 6, 7]",93.01580810546875,0.0,46.44097900390625,141,93.01580810546875,38.86540412902832,46.44097900390625,141
2025-07-17T20:32:39.795679,1,2,"[0, 1, 2, 3, 4, 5, 6, 7]",93.01580810546875,0.0,46.44097900390625,141,93.01580810546875,38.86540412902832,46.44097900390625,141
2025-07-17T20:32:39.801826,2,2,"[0, 1, 2, 3, 4, 5, 6, 7]",93.01580810546875,0.0,46.44097900390625,141,93.01580810546875,38.86540412902832,46.44097900390625,141
2025-07-17T20:32:39.808740,3,2,"[0, 1, 2, 3, 4, 5, 6, 7]",93.01580810546875,0.0,46.44097900390625,141,93.01580810546875,38.86540412902832,46.44097900390625,141
2025-07-17T20:32:39.815890,4,2,"[0, 1, 2, 3, 4, 5, 6, 7]",93.01580810546875,0.0,46.44097900390625,141,93.01580810546875,38.86540412902832,46.44097900390625,141
2025-07-17T20:32:39.823302,0,3,"[0, 1, 2, 3, 4, 5, 6, 7]",93.01580810546875,0.0,46.44097900390625,141,93.01580810546875,38.86540412902832,46.44097900390625,141
2025-07-17T20:32:39.830580,1,3,"[0, 1, 2, 3, 4, 5, 6, 7]",93.01580810546875,0.0,46.44097900390625,141,93.01580810546875,38.86540412902832,46.44097900390625,141
2025-07-17T20:32:39.838409,2,3,"[0, 1, 2, 3, 4, 5, 6, 7]",93.01580810546875,0.0,46.44097900390625,141,93.01580810546875,38.86540412902832,46.44097900390625,141
2025-07-17T20:32:39.849686,3,3,"[0, 1, 2, 3, 4, 5, 6, 7]",93.01580810546875,0.0,46.44097900390625,141,93.01580810546875,38.86540412902832,46.44097900390625,141
2025-07-17T20:32:39.851900,4,3,"[0, 1, 2, 3, 4, 5, 6, 7]",93.01580810546875,0.0,46.44097900390625,141,93.01580810546875,38.86540412902832,46.44097900390625,141
2025-07-17T20:32:39.865695,0,4,"[0, 1, 2, 3, 4, 5, 6, 7]",93.01580810546875,0.0,46.44097900390625,141,93.01580810546875,38.86540412902832,46.44097900390625,141
2025-07-17T20:32:39.868379,1,4,"[0, 1, 2, 3, 4, 5, 6, 7]",93.01580810546875,0.0,46.44097900390625,141,93.01580810546875,38.86540412902832,46.44097900390625,141
2025-07-17T20:32:39.874729,2,4,"[0, 1, 2, 3, 4, 5, 6, 7]",93.01580810546875,0.0,46.44097900390625,141,93.01580810546875,38.86540412902832,46.44097900390625,141
2025-07-17T20:32:39.881967,3,4,"[0, 1, 2, 3, 4, 5, 6, 7]",93.01580810546875,0.0,46.44097900390625,141,93.01580810546875,38.86540412902832,46.44097900390625,141
2025-07-17T20:32:39.888058,4,4,"[0, 1, 2, 3, 4, 5, 6, 7]",93.01580810546875,0.0,46.44097900390625,141,93.01580810546875,38.86540412902832,46.44097900390625,141
2025-07-17T20:32:39.901242,0,5,"[0, 1, 2, 3, 4, 5, 6, 7]",93.01580810546875,0.0,46.44097900390625,141,93.01580810546875,38.86540412902832,46.44097900390625,141
2025-07-17T20:32:39.903748,1,5,"[0, 1, 2, 3, 4, 5, 6, 7]",93.01580810546875,0.0,46.44097900390625,141,93.01580810546875,38.86540412902832,46.44097900390625,141
2025-07-17T20:32:39.911441,2,5,"[0, 1, 2, 3, 4, 5, 6, 7]",93.01580810546875,0.0,46.44097900390625,141,93.01580810546875,38.86540412902832,46.44097900390625,141
2025-07-17T20:32:39.924333,3,5,"[0, 1, 2, 3, 4, 5, 6, 7]",93.01580810546875,0.0,46.44097900390625,141,93.01580810546875,38.86540412902832,46.44097900390625,141
2025-07-17T20:32:39.926391,4,5,"[0, 1, 2, 3, 4, 5, 6, 7]",93.01580810546875,0.0,46.44097900390625,141,93.01580810546875,38.86540412902832,46.44097900390625,141
2025-07-17T20:32:39.934093,0,6,"[0, 1, 2, 3, 4, 5, 6, 7]",93.01580810546875,0.0,46.44097900390625,141,93.01580810546875,38.86540412902832,46.44097900390625,141
2025-07-17T20:32:39.940781,1,6,"[0, 1, 2, 3, 4, 5, 6, 7]",93.01580810546875,0.0,46.44097900390625,141,93.01580810546875,38.86540412902832,46.44097900390625,141
2025-07-17T20:32:39.947960,2,6,"[0, 1, 2, 3, 4, 5, 6, 7]",93.01580810546875,0.0,46.44097900390625,141,93.01580810546875,38.86540412902832,46.44097900390625,141
2025-07-17T20:32:39.959866,3,6,"[0, 1, 2, 3, 4, 5, 6, 7]",93.01580810546875,0.0,46.44097900390625,141,93.01580810546875,38.86456489562988,46.44097900390625,141
2025-07-17T20:32:39.967887,4,6,"[0, 1, 2, 3, 4, 5, 6, 7]",93.01580810546875,0.0,46.44097900390625,141,93.01580810546875,38.86456489562988,46.44097900390625,141
2025-07-17T20:32:39.974959,0,7,"[0, 1, 2, 3, 4, 5, 6, 7]",93.01580810546875,0.0,46.44097900390625,141,93.01580810546875,38.86456489562988,46.44097900390625,141
2025-07-17T20:32:39.981650,1,7,"[0, 1, 2, 3, 4, 5, 6, 7]",93.01580810546875,0.0,46.44097900390625,141,93.01580810546875,38.86456489562988,46.44097900390625,141
2025-07-17T20:32:39.988947,2,7,"[0, 1, 2, 3, 4, 5, 6, 7]",93.01580810546875,0.0,46.44097900390625,141,93.01580810546875,38.86456489562988,46.44097900390625,141
2025-07-17T20:32:39.995766,3,7,"[0, 1, 2, 3, 4, 5, 6, 7]",93.01580810546875,0.0,46.44097900390625,141,93.01580810546875,38.86540412902832,46.44097900390625,141
2025-07-17T20:32:40.003106,4,7,"[0, 1, 2, 3, 4, 5, 6, 7]",93.01580810546875,0.0,46.44097900390625,141,93.01580810546875,38.86540412902832,46.44097900390625,141
2025-07-17T20:32:40.010239,0,8,"[0, 1, 2, 3, 4, 5, 6, 7]",93.01580810546875,0.0,46.44097900390625,141,93.01580810546875,38.86540412902832,46.44097900390625,141
2025-07-17T20:32:40.017107,1,8,"[0, 1, 2, 3, 4, 5, 6, 7]",93.01580810546875,0.0,46.44097900390625,141,93.01580810546875,38.86540412902832,46.44097900390625,141
2025-07-17T20:32:40.024191,2,8,"[0, 1, 2, 3, 4, 5, 6, 7]",93.01580810546875,0.0,46.44097900390625,141,93.01580810546875,38.86540412902832,46.44097900390625,141
2025-07-17T20:32:40.032059,3,8,"[0, 1, 2, 3, 4, 5, 6, 7]",93.01580810546875,0.0,46.44097900390625,141,93.01580810546875,38.86540412902832,46.44097900390625,141
2025-07-17T20:32:40.039121,4,8,"[0, 1, 2, 3, 4, 5, 6, 7]",93.01580810546875,0.0,46.44097900390625,141,93.01580810546875,38.86540412902832,46.44097900390625,141
2025-07-17T20:32:40.045896,0,9,"[0, 1, 2, 3, 4, 5, 6, 7]",93.01580810546875,0.0,46.44097900390625,141,93.01580810546875,38.86540412902832,46.44097900390625,141
2025-07-17T20:32:40.052887,1,9,"[0, 1, 2, 3, 4, 5, 6, 7]",93.01580810546875,0.0,46.44097900390625,141,93.01580810546875,38.86540412902832,46.44097900390625,141
2025-07-17T20:32:40.060653,2,9,"[0, 1, 2, 3, 4, 5, 6, 7]",93.01580810546875,0.0,46.44097900390625,141,93.01580810546875,38.86540412902832,46.44097900390625,141
2025-07-17T20:32:40.067331,3,9,"[0, 1, 2, 3, 4, 5, 6, 7]",93.01580810546875,0.0,46.44097900390625,141,93.01580810546875,38.86540412902832,46.44097900390625,141
2025-07-17T20:32:40.074669,4,9,"[0, 1, 2, 3, 4, 5, 6, 7]",93.01580810546875,0.0,46.44097900390625,141,93.01580810546875,38.86540412902832,46.44097900390625,141
2025-07-17T20:32:40.081738,0,10,"[0, 1, 2, 3, 4, 5, 6, 7]",93.01580810546875,0.0,46.44097900390625,141,93.01580810546875,38.86540412902832,46.44097900390625,141
2025-07-17T20:32:40.088646,1,10,"[0, 1, 2, 3, 4, 5, 6, 7]",93.01580810546875,0.0,46.44097900390625,141,93.01580810546875,38.86540412902832,46.44097900390625,141
2025-07-17T20:32:40.096058,2,10,"[0, 1, 2, 3, 4, 5, 6, 7]",93.01580810546875,0.0,46.44097900390625,141,93.01580810546875,38.86540412902832,46.44097900390625,141
2025-07-17T20:32:40.103835,3,10,"[0, 1, 2, 3, 4, 5, 6, 7]",93.01580810546875,0.0,46.44097900390625,141,93.01580810546875,38.86540412902832,46.44097900390625,141
2025-07-17T20:32:40.111844,4,10,"[0, 1, 2, 3, 4, 5, 6, 7]",93.01580810546875,0.0,46.44097900390625,141,93.01580810546875,38.86540412902832,46.44097900390625,141
2025-07-17T20:32:40.119164,0,11,"[0, 1, 2, 3, 4, 5, 6, 7]",93.01580810546875,0.0,46.44097900390625,141,93.01580810546875,38.86482238769531,46.44097900390625,141
2025-07-17T20:32:40.127251,1,11,"[0, 1, 2, 3, 4, 5, 6, 7]",93.01580810546875,0.0,46.44097900390625,141,93.01580810546875,38.86482238769531,46.44097900390625,141
2025-07-17T20:32:40.134045,2,11,"[0, 1, 2, 3, 4, 5, 6, 7]",93.01580810546875,0.0,46.44097900390625,141,93.01580810546875,38.86482238769531,46.44097900390625,141
2025-07-17T20:32:40.141403,3,11,"[0, 1, 2, 3, 4, 5, 6, 7]",93.01580810546875,0.0,46.44097900390625,141,93.01580810546875,38.86456489562988,46.44097900390625,141
2025-07-17T20:32:40.148764,4,11,"[0, 1, 2, 3, 4, 5, 6, 7]",93.01580810546875,0.0,46.44097900390625,141,93.01580810546875,38.86540412902832,46.44097900390625,141
2025-07-17T20:32:40.157502,0,12,"[0, 1, 2, 3, 4, 5, 6, 7]",93.01580810546875,0.0,46.44097900390625,141,93.01580810546875,38.86540412902832,46.44097900390625,141
2025-07-17T20:32:40.165931,1,12,"[0, 1, 2, 3, 4, 5, 6]",93.01580810546875,0.0,46.44097900390625,141,93.01580810546875,38.86482238769531,46.44097900390625,141
2025-07-17T20:32:40.173047,2,12,"[0, 1, 2, 3, 4, 5, 6, 7]",93.01580810546875,0.0,46.44097900390625,141,93.01580810546875,38.86482238769531,46.44097900390625,141
2025-07-17T20:32:40.179929,3,12,"[0, 1, 2, 3, 4, 5, 6]",93.01580810546875,0.0,46.44097900390625,141,93.01580810546875,38.86482238769531,46.44097900390625,141
2025-07-17T20:32:40.188297,4,12,"[0, 1, 2, 3, 4, 5, 6]",93.01580810546875,0.0,46.44097900390625,141,93.01580810546875,38.86456489562988,46.44097900390625,141
2025-07-17T20:32:40.196067,0,13,"[0, 1, 2, 3, 4, 5, 6, 7]",93.01580810546875,0.0,46.44097900390625,141,93.01580810546875,38.86540412902832,46.44097900390625,141
2025-07-17T20:32:40.203595,1,13,"[0, 1, 2, 3, 4, 6, 7]",93.01580810546875,0.0,46.44097900390625,141,93.01580810546875,38.86540412902832,46.44097900390625,141
2025-07-17T20:32:40.210622,2,13,"[0, 1, 2, 3, 4, 5, 6, 7]",93.01580810546875,0.0,46.44097900390625,141,93.01580810546875,38.86540412902832,46.44097900390625,141
2025-07-17T20:32:40.217696,3,13,"[0, 1, 2, 3, 4, 6, 7]",93.01580810546875,0.0,46.44097900390625,141,93.01580810546875,38.86540412902832,46.44097900390625,141
2025-07-17T20:32:40.225155,4,13,"[0, 1, 2, 3, 4, 6, 7]",93.01580810546875,0.0,46.44097900390625,141,93.01580810546875,38.86540412902832,46.44097900390625,141
2025-07-17T20:32:40.232680,0,14,"[0, 1, 2, 3, 4, 5, 6, 7]",93.01580810546875,0.0,46.44097900390625,141,93.01580810546875,38.86540412902832,46.44097900390625,141
2025-07-17T20:32:40.240928,1,14,"[0, 1, 2, 3, 4, 5, 6, 7]",93.01580810546875,0.0,46.44097900390625,141,93.01580810546875,38.86540412902832,46.44097900390625,141
2025-07-17T20:32:40.248185,2,14,"[0, 1, 2, 3, 4, 5, 6, 7]",93.01580810546875,0.0,46.44097900390625,141,93.01580810546875,38.86540412902832,46.44097900390625,141
2025-07-17T20:32:40.255474,3,14,"[0, 1, 2, 3, 4, 5, 6, 7]",93.01580810546875,0.0,46.44097900390625,141,93.01580810546875,38.86540412902832,46.44097900390625,141
2025-07-17T20:32:40.262076,4,14,"[0, 1, 2, 3, 4, 5, 6, 7]",93.01580810546875,0.0,46.44097900390625,141,93.01580810546875,38.86540412902832,46.44097900390625,141
2025-07-17T20:32:40.269816,0,15,"[0, 1, 2, 3, 4, 5, 6, 7]",93.01580810546875,0.0,46.44097900390625,141,93.01580810546875,38.86540412902832,46.44097900390625,141
2025-07-17T20:32:40.276380,1,15,"[0, 1, 2, 3, 4, 5, 6, 7]",93.01580810546875,0.0,46.44097900390625,141,93.01580810546875,38.86540412902832,46.44097900390625,141
2025-07-17T20:32:40.283879,2,15,"[0, 1, 2, 3, 4, 5, 6]",93.01580810546875,0.0,46.44097900390625,141,93.01580810546875,38.86540412902832,46.44097900390625,141
2025-07-17T20:32:40.290787,3,15,"[0, 1, 2, 3, 4, 5, 6, 7]",93.01580810546875,0.0,46.44097900390625,141,93.01580810546875,38.86540412902832,46.44097900390625,141
2025-07-17T20:32:40.297840,4,15,"[0, 1, 2, 3, 4, 5, 6, 7]",93.01580810546875,0.0,46.44097900390625,141,93.01580810546875,38.86540412902832,46.44097900390625,141
2025-07-17T20:32:40.304428,0,16,"[0, 1, 2, 3, 4, 5, 6, 7]",93.01580810546875,0.0,46.44097900390625,141,93.01580810546875,38.86540412902832,46.44097900390625,141
2025-07-17T20:32:40.311248,1,16,"[0, 1, 2, 3, 4, 5, 6, 7]",93.01580810546875,0.0,46.44097900390625,141,93.01580810546875,38.86540412902832,46.44097900390625,141
2025-07-17T20:32:40.318223,2,16,"[0, 1, 2, 3, 4, 5, 6, 7]",93.01580810546875,0.0,46.44097900390625,141,93.01580810546875,38.86540412902832,46.44097900390625,141
2025-07-17T20:32:40.326075,3,16,"[0, 1, 2, 3, 4, 5, 6, 7]",93.01580810546875,0.0,46.44097900390625,141,93.01580810546875,38.86540412902832,46.44097900390625,141
2025-07-17T20:32:40.333585,4,16,"[0, 1, 2, 3, 4, 5, 6, 7]",93.01580810546875,0.0,46.44097900390625,141,93.01580810546875,38.86540412902832,46.44097900390625,141
2025-07-17T20:32:40.341141,0,17,"[0, 1, 2, 3, 4, 5, 6, 7]",93.01580810546875,0.0,46.44097900390625,141,93.01580810546875,38.86540412902832,46.44097900390625,141
2025-07-17T20:32:40.344032,1,17,"[0, 1, 2, 3, 4, 5, 6, 7]",93.01580810546875,0.0,46.44097900390625,141,93.01580810546875,38.86540412902832,46.44097900390625,141
2025-07-17T20:32:40.356009,2,17,"[0, 1, 2, 3, 4, 5, 6, 7]",93.01580810546875,0.0,46.44097900390625,141,93.01580810546875,38.86540412902832,46.44097900390625,141
2025-07-17T20:32:40.363267,3,17,"[0, 1, 2, 3, 4, 5, 6, 7]",93.01580810546875,0.0,46.44097900390625,141,93.01580810546875,38.86540412902832,46.44097900390625,141
2025-07-17T20:32:40.370903,4,17,"[0, 1, 2, 3, 4, 5, 6, 7]",93.01580810546875,0.0,46.44097900390625,141,93.01580810546875,38.86540412902832,46.44097900390625,141
2025-07-17T20:32:40.378918,0,18,"[0, 1, 2, 3, 4, 5, 6, 7]",93.01580810546875,0.0,46.44097900390625,141,93.01580810546875,38.86456489562988,46.44097900390625,141
2025-07-17T20:32:40.386148,1,18,"[0, 1, 2, 3, 4, 5, 7]",93.01580810546875,0.0,46.44097900390625,141,93.01580810546875,38.86456489562988,46.44097900390625,141
2025-07-17T20:32:40.394345,2,18,"[0, 1, 2, 3, 4, 5, 6, 7]",93.01580810546875,0.0,46.44097900390625,141,93.01580810546875,38.86456489562988,46.44097900390625,141
2025-07-17T20:32:40.401329,3,18,"[0, 1, 2, 3, 4, 5, 7]",93.01580810546875,0.0,46.44097900390625,141,93.01580810546875,38.86456489562988,46.44097900390625,141
2025-07-17T20:32:40.408763,4,18,"[0, 1, 2, 3, 4, 5, 7]",93.01580810546875,0.0,46.44097900390625,141,93.01580810546875,38.86456489562988,46.44097900390625,141
2025-07-17T20:32:40.416155,0,19,"[0, 1, 2, 3, 4, 5, 6, 7]",93.01580810546875,0.0,46.44097900390625,141,93.01580810546875,38.86540412902832,46.44097900390625,141
2025-07-17T20:32:40.422897,1,19,"[0, 2, 3, 4, 5, 6, 7]",93.01580810546875,0.0,46.44097900390625,141,93.01580810546875,38.86540412902832,46.44097900390625,141
2025-07-17T20:32:40.430813,2,19,"[0, 1, 2, 3, 4, 5, 6, 7]",93.01580810546875,0.0,46.44097900390625,141,93.01580810546875,38.86540412902832,46.44097900390625,141
2025-07-17T20:32:40.439124,3,19,"[0, 2, 3, 4, 5, 6, 7]",93.01580810546875,0.0,46.44097900390625,141,93.01580810546875,38.86482238769531,46.44097900390625,141
2025-07-17T20:32:40.445830,4,19,"[0, 2, 3, 4, 5, 6, 7]",93.01580810546875,0.0,46.44097900390625,141,93.01580810546875,38.86482238769531,46.44097900390625,141
2025-07-17T20:32:40.455174,0,20,"[0, 1, 2, 3, 4, 5, 6, 7]",93.01580810546875,0.0,46.44097900390625,141,93.01580810546875,38.86456489562988,46.44097900390625,141
2025-07-17T20:32:40.463352,1,20,"[0, 1, 2, 3, 4, 5, 6, 7]",93.01580810546875,0.0,46.44097900390625,141,93.01580810546875,38.86456489562988,46.44097900390625,141
2025-07-17T20:32:40.466185,2,20,"[0, 1, 2, 3, 4, 5, 6, 7]",93.01580810546875,0.0,46.44097900390625,141,93.01580810546875,38.86456489562988,46.44097900390625,141
2025-07-17T20:32:40.473756,3,20,"[0, 1, 2, 3, 4, 5, 6, 7]",93.01580810546875,0.0,46.44097900390625,141,93.01580810546875,38.86540412902832,46.44097900390625,141
2025-07-17T20:32:40.486170,4,20,"[0, 1, 2, 3, 4, 5, 6, 7]",93.01580810546875,0.0,46.44097900390625,141,93.01580810546875,38.86540412902832,46.44097900390625,141
2025-07-17T20:32:40.493409,0,21,"[0, 1, 2, 3, 4, 5, 6, 7]",93.01580810546875,0.0,46.44097900390625,141,93.01580810546875,38.86540412902832,46.44097900390625,141
2025-07-17T20:32:40.496233,1,21,"[0, 1, 2, 3, 5, 7]",93.01580810546875,0.0,46.44097900390625,141,93.01580810546875,38.86540412902832,46.44097900390625,141
2025-07-17T20:32:40.510390,2,21,"[0, 1, 2, 3, 4, 5, 6, 7]",93.01580810546875,0.0,46.44097900390625,141,93.01580810546875,38.86540412902832,46.44097900390625,141
2025-07-17T20:32:40.518908,3,21,"[0, 1, 2, 3, 5, 7]",93.01580810546875,0.0,46.44097900390625,141,93.01580810546875,38.86540412902832,46.44097900390625,141
2025-07-17T20:32:40.526206,4,21,"[0, 1, 2, 3, 5, 7]",93.01580810546875,0.0,46.44097900390625,141,93.01580810546875,38.86540412902832,46.44097900390625,141
2025-07-17T20:32:40.534085,0,22,"[0, 1, 2, 3, 4, 5, 6, 7]",93.01580810546875,0.0,46.44097900390625,141,93.01580810546875,38.86540412902832,46.44097900390625,141
2025-07-17T20:32:40.536384,1,22,"[0, 1, 2, 3, 4, 5, 6, 7]",93.01580810546875,0.0,46.44097900390625,141,93.01580810546875,38.86540412902832,46.44097900390625,141
2025-07-17T20:32:40.543846,2,22,"[0, 1, 2, 3, 4, 5, 6, 7]",93.01580810546875,0.0,46.44097900390625,141,93.01580810546875,38.86540412902832,46.44097900390625,141
2025-07-17T20:32:40.556315,3,22,"[0, 1, 2, 3, 4, 5, 6, 7]",93.01580810546875,0.0,46.44097900390625,141,93.01580810546875,38.86540412902832,46.44097900390625,141
2025-07-17T20:32:40.564339,4,22,"[0, 1, 2, 3, 4, 5, 6, 7]",93.01580810546875,0.0,46.44097900390625,141,93.01580810546875,38.86540412902832,46.44097900390625,141
2025-07-17T20:32:40.572300,0,23,"[0, 1, 2, 3, 4, 5, 6, 7]",93.01580810546875,0.0,46.44097900390625,141,93.01580810546875,38.86540412902832,46.44097900390625,141
2025-07-17T20:32:40.574220,1,23,"[0, 2, 3, 4, 6, 7]",93.01580810546875,0.0,46.44097900390625,141,93.01580810546875,38.86540412902832,46.44097900390625,141
2025-07-17T20:32:40.582141,2,23,"[0, 1, 2, 3, 4, 5, 6, 7]",93.01580810546875,0.0,46.44097900390625,141,93.01580810546875,38.86540412902832,46.44097900390625,141
2025-07-17T20:32:40.589546,3,23,"[0, 2, 3, 4, 6, 7]",93.01580810546875,0.0,46.44097900390625,141,93.01580810546875,38.86540412902832,46.44097900390625,141
2025-07-17T20:32:40.602650,4,23,"[0, 2, 3, 4, 6, 7]",93.01580810546875,0.0,46.44097900390625,141,93.01580810546875,38.86540412902832,46.44097900390625,141
2025-07-17T20:32:40.604396,0,24,"[0, 1, 2, 3, 4, 5, 6, 7]",93.01580810546875,0.0,46.44097900390625,141,93.01580810546875,38.86540412902832,46.44097900390625,141
2025-07-17T20:32:40.611792,1,24,"[0, 1, 2, 3, 4, 5, 6, 7]",93.01580810546875,0.0,46.44097900390625,141,93.01580810546875,38.86540412902832,46.44097900390625,141
2025-07-17T20:32:40.619375,2,24,"[0, 1, 2, 3, 4, 6, 7]",93.01580810546875,0.0,46.44097900390625,141,93.01580810546875,38.86540412902832,46.44097900390625,141
2025-07-17T20:32:40.626634,3,24,"[0, 1, 2, 3, 4, 5, 6, 7]",93.01580810546875,0.0,46.44097900390625,141,93.01580810546875,38.86540412902832,46.44097900390625,141
2025-07-17T20:32:40.633487,4,24,"[0, 1, 2, 3, 4, 5, 6, 7]",93.01580810546875,0.0,46.44097900390625,141,93.01580810546875,38.86540412902832,46.44097900390625,141
2025-07-17T20:32:40.640387,0,25,"[0, 1, 2, 3, 4, 5, 6, 7]",93.01580810546875,0.0,46.44097900390625,141,93.01580810546875,38.86540412902832,46.44097900390625,141
2025-07-17T20:32:40.652498,1,25,"[0, 1, 2, 3, 5, 6, 7]",93.01580810546875,0.0,46.44097900390625,141,93.01580810546875,38.86540412902832,46.44097900390625,141
2025-07-17T20:32:40.654573,2,25,"[0, 1, 2, 3, 5, 6, 7]",93.01580810546875,0.0,46.44097900390625,141,93.01580810546875,38.86540412902832,46.44097900390625,141
2025-07-17T20:32:40.661961,3,25,"[0, 1, 2, 3, 5, 6, 7]",93.01580810546875,0.0,46.44097900390625,141,93.01580810546875,38.86540412902832,46.44097900390625,141
2025-07-17T20:32:40.668938,4,25,"[0, 1, 2, 3, 5, 6, 7]",93.01580810546875,0.0,46.44097900390625,141,93.01580810546875,38.86540412902832,46.44097900390625,141
2025-07-17T20:32:40.676394,0,26,"[0, 1, 2, 3, 4, 5, 6, 7]",93.01580810546875,0.0,46.44097900390625,141,93.01580810546875,38.86540412902832,46.44097900390625,141
2025-07-17T20:32:40.682739,1,26,"[0, 1, 2, 3, 5, 7]",93.01580810546875,0.0,46.44097900390625,141,93.01580810546875,38.86540412902832,46.44097900390625,141
2025-07-17T20:32:40.689892,2,26,"[0, 1, 2, 3, 4, 5, 6, 7]",93.01580810546875,0.0,46.44097900390625,141,93.01580810546875,38.86540412902832,46.44097900390625,141
2025-07-17T20:32:40.696811,3,26,"[0, 1, 2, 3, 5, 7]",93.01580810546875,0.0,46.44097900390625,141,93.01580810546875,38.86540412902832,46.44097900390625,141
2025-07-17T20:32:40.703594,4,26,"[0, 1, 2, 3, 5, 7]",93.01580810546875,0.0,46.44097900390625,141,93.01580810546875,38.86540412902832,46.44097900390625,141
2025-07-17T20:32:40.710208,0,27,"[0, 1, 2, 3, 4, 5, 6, 7]",93.01580810546875,0.0,46.44097900390625,141,93.01580810546875,38.86540412902832,46.44097900390625,141
2025-07-17T20:32:40.717660,1,27,"[0, 1, 2, 3, 4, 5, 6, 7]",93.01580810546875,0.0,46.44097900390625,141,93.01580810546875,38.86540412902832,46.44097900390625,141
2025-07-17T20:32:40.725698,2,27,"[0, 1, 2, 3, 4, 5, 6, 7]",93.01580810546875,0.0,46.44097900390625,141,93.01580810546875,38.86540412902832,46.44097900390625,141
2025-07-17T20:32:40.736780,3,27,"[0, 1, 2, 3, 4, 5, 6, 7]",93.01580810546875,0.0,46.44097900390625,141,93.01580810546875,38.86540412902832,46.44097900390625,141
2025-07-17T20:32:40.744951,4,27,"[0, 1, 2, 3, 4, 5, 6, 7]",93.01580810546875,0.0,46.44097900390625,141,93.01580810546875,38.86540412902832,46.44097900390625,141
2025-07-17T20:32:40.751418,0,28,"[0, 1, 2, 3, 4, 5, 6, 7]",93.01580810546875,0.0,46.44097900390625,141,93.01580810546875,38.86540412902832,46.44097900390625,141
2025-07-17T20:32:40.759504,1,28,"[0, 1, 2, 3, 4, 5, 6, 7]",93.01580810546875,0.0,46.44097900390625,141,93.01580810546875,38.86540412902832,46.44097900390625,141
2025-07-17T20:32:40.766284,2,28,"[0, 1, 2, 3, 4, 5, 6, 7]",93.01580810546875,0.0,46.44097900390625,141,93.01580810546875,38.86540412902832,46.44097900390625,141
2025-07-17T20:32:40.774253,3,28,"[0, 1, 2, 3, 4, 5, 6, 7]",93.01580810546875,0.0,46.44097900390625,141,93.01580810546875,38.86540412902832,46.44097900390625,141
2025-07-17T20:32:40.781491,4,28,"[0, 1, 2, 3, 4, 5, 6, 7]",93.01580810546875,0.0,46.44097900390625,141,93.01580810546875,38.86540412902832,46.44097900390625,141
2025-07-17T20:32:40.788618,0,29,"[0, 1, 2, 3, 4, 5, 6, 7]",93.01580810546875,0.0,46.44097900390625,141,93.01580810546875,38.86540412902832,46.44097900390625,141
2025-07-17T20:32:40.795752,1,29,"[0, 1, 2, 3, 4, 5, 6, 7]",93.01580810546875,0.0,46.44097900390625,141,93.01580810546875,38.86540412902832,46.44097900390625,141
2025-07-17T20:32:40.803259,2,29,"[0, 1, 2, 3, 4, 5, 6, 7]",93.01580810546875,0.0,46.44097900390625,141,93.01580810546875,38.86540412902832,46.44097900390625,141
2025-07-17T20:32:40.810149,3,29,"[0, 1, 2, 3, 4, 5, 6, 7]",93.01580810546875,0.0,46.44097900390625,141,93.01580810546875,38.86540412902832,46.44097900390625,141
2025-07-17T20:32:40.817079,4,29,"[0, 1, 2, 3, 4, 5, 6, 7]",93.01580810546875,0.0,46.44097900390625,141,93.01580810546875,38.86540412902832,46.44097900390625,141
2025-07-17T20:32:40.824505,0,30,"[0, 1, 2, 3, 4, 5, 6, 7]",93.01580810546875,0.0,46.44097900390625,141,93.01580810546875,38.86540412902832,46.44097900390625,141
2025-07-17T20:32:40.831486,1,30,"[0, 1, 2, 3, 4, 5, 6, 7]",93.01580810546875,0.0,46.44097900390625,141,93.01580810546875,38.86540412902832,46.44097900390625,141
2025-07-17T20:32:40.838965,2,30,"[0, 1, 2, 3, 4, 5, 6, 7]",93.01580810546875,0.0,46.44097900390625,141,93.01580810546875,38.86540412902832,46.44097900390625,141
2025-07-17T20:32:40.845877,3,30,"[0, 1, 2, 3, 4, 5, 6, 7]",93.01580810546875,0.0,46.44097900390625,141,93.01580810546875,38.86540412902832,46.44097900390625,141
2025-07-17T20:32:40.852512,4,30,"[0, 1, 2, 3, 4, 5, 6, 7]",93.01580810546875,0.0,46.44097900390625,141,93.01580810546875,38.86540412902832,46.44097900390625,141
2025-07-17T20:32:40.859222,0,31,"[0, 1, 2, 3, 4, 5, 6, 7]",93.01580810546875,0.0,46.44097900390625,141,93.01580810546875,38.87229824066162,46.44097900390625,141
2025-07-17T20:32:40.867631,1,31,"[0, 1, 2, 3, 4, 5, 6, 7]",93.01580810546875,0.0,46.44097900390625,141,93.01580810546875,38.86967182159424,46.44097900390625,141
2025-07-17T20:32:40.875988,2,31,"[0, 1, 2, 3, 4, 5, 6, 7]",93.01580810546875,0.0,46.44097900390625,141,93.01580810546875,38.867045402526855,46.44097900390625,141
2025-07-17T20:32:40.884985,3,31,"[0, 1, 2, 3, 4, 5, 6, 7]",93.01580810546875,0.0,46.44097900390625,141,93.01580810546875,38.863579750061035,46.44097900390625,141
2025-07-17T20:32:40.888746,4,31,"[0, 1, 2, 3, 4, 5, 6, 7]",93.01580810546875,0.0,46.44097900390625,141,93.01580810546875,38.86002254486084,46.44097900390625,141
2025-07-17T20:32:40.903216,0,0,"[0, 1, 2, 3, 4, 5, 6, 7]",93.01580810546875,0.0,46.44097900390625,141,93.01580810546875,38.85531425476074,46.44097900390625,141
2025-07-17T20:32:40.911650,1,0,"[0, 1, 2, 3, 4, 5, 6]",93.01580810546875,0.0,46.44097900390625,141,93.01580810546875,38.85852241516113,46.44097900390625,141
2025-07-17T20:32:40.914642,2,0,"[0, 1, 2, 3, 4, 5, 6, 7]",93.01580810546875,0.0,46.44097900390625,141,93.01580810546875,38.86149787902832,46.44097900390625,141
2025-07-17T20:32:40.922499,3,0,"[0, 1, 2, 3, 4, 5, 6]",93.01580810546875,0.0,46.44097900390625,141,93.01580810546875,38.86438179016113,46.44097900390625,141
2025-07-17T20:32:40.930316,4,0,"[0, 1, 2, 3, 4, 5, 6]",93.01580810546875,0.0,46.44097900390625,141,93.01580810546875,38.86540412902832,46.44097900390625,141
2025-07-17T20:32:40.937616,0,1,"[0, 1, 2, 3, 4, 5, 6, 7]",93.01580810546875,0.0,46.44097900390625,141,93.01580810546875,38.86540412902832,46.44097900390625,141
2025-07-17T20:32:40.945145,1,1,"[0, 1, 2, 4, 5, 6, 7]",93.01580810546875,0.0,46.44097900390625,141,93.01580810546875,38.86540412902832,46.44097900390625,141
2025-07-17T20:32:40.956953,2,1,"[0, 1, 2, 3, 4, 5, 6, 7]",93.01580810546875,0.0,46.44097900390625,141,93.01580810546875,38.86540412902832,46.44097900390625,141
2025-07-17T20:32:40.963743,3,1,"[0, 1, 2, 4, 5, 6, 7]",93.01580810546875,0.0,46.44097900390625,141,93.01580810546875,38.86540412902832,46.44097900390625,141
2025-07-17T20:32:40.970898,4,1,"[0, 1, 2, 4, 5, 6, 7]",93.01580810546875,0.0,46.44097900390625,141,93.01580810546875,38.86540412902832,46.44097900390625,141
2025-07-17T20:32:40.978704,0,2,"[0, 1, 2, 3, 4, 5, 6, 7]",93.01580810546875,0.0,46.44097900390625,141,93.01580810546875,38.86540412902832,46.44097900390625,141
2025-07-17T20:32:40.985907,1,2,"[0, 1, 2, 3, 4, 5, 6, 7]",93.01580810546875,0.0,46.44097900390625,141,93.01580810546875,38.86540412902832,46.44097900390625,141
2025-07-17T20:32:40.993158,2,2,"[0, 1, 2, 3, 4, 5, 6, 7]",93.01580810546875,0.0,46.44097900390625,141,93.01580810546875,38.86540412902832,46.44097900390625,141
2025-07-17T20:32:41.000202,3,2,"[0, 1, 2, 3, 4, 5, 6, 7]",93.01580810546875,0.0,46.44097900390625,141,93.01580810546875,38.86540412902832,46.44097900390625,141
2025-07-17T20:32:41.008151,4,2,"[0, 1, 2, 3, 4, 5, 6, 7]",93.01580810546875,0.0,46.44097900390625,141,93.01580810546875,38.86540412902832,46.44097900390625,141
2025-07-17T20:32:41.010952,0,3,"[0, 1, 2, 3, 4, 5, 6, 7]",93.01580810546875,0.0,46.44097900390625,141,93.01580810546875,38.86540412902832,46.44097900390625,141
2025-07-17T20:32:41.023257,1,3,"[0, 1, 2, 3, 4, 5, 6, 7]",93.01580810546875,0.0,46.44097900390625,141,93.01580810546875,38.86540412902832,46.44097900390625,141
2025-07-17T20:32:41.030848,2,3,"[0, 1, 2, 3, 4, 5, 6, 7]",93.01580810546875,0.0,46.44097900390625,141,93.01580810546875,38.86540412902832,46.44097900390625,141
2025-07-17T20:32:41.033319,3,3,"[0, 1, 2, 3, 4, 5, 6, 7]",93.01580810546875,0.0,46.44097900390625,141,93.01580810546875,38.86540412902832,46.44097900390625,141
2025-07-17T20:32:41.044115,4,3,"[0, 1, 2, 3, 4, 5, 6, 7]",93.01580810546875,0.0,46.44097900390625,141,93.01580810546875,38.86540412902832,46.44097900390625,141
2025-07-17T20:32:41.050726,0,4,"[0, 1, 2, 3, 4, 5, 6, 7]",93.01580810546875,0.0,46.44097900390625,141,93.01580810546875,38.86540412902832,46.44097900390625,141
2025-07-17T20:32:41.057672,1,4,"[0, 1, 2, 3, 4, 5, 6, 7]",93.01580810546875,0.0,46.44097900390625,141,93.01580810546875,38.86540412902832,46.44097900390625,141
2025-07-17T20:32:41.065400,2,4,"[0, 1, 2, 3, 4, 5, 6, 7]",93.01580810546875,0.0,46.44097900390625,141,93.01580810546875,38.86540412902832,46.44097900390625,141
2025-07-17T20:32:41.072326,3,4,"[0, 1, 2, 3, 4, 5, 6, 7]",93.01580810546875,0.0,46.44097900390625,141,93.01580810546875,38.86540412902832,46.44097900390625,141
2025-07-17T20:32:41.078969,4,4,"[0, 1, 2, 3, 4, 5, 6, 7]",93.01580810546875,0.0,46.44097900390625,141,93.01580810546875,38.86540412902832,46.44097900390625,141
2025-07-17T20:32:41.086746,0,5,"[0, 1, 2, 3, 4, 5, 6, 7]",93.01580810546875,0.0,46.44097900390625,141,93.01580810546875,38.86540412902832,46.44097900390625,141
2025-07-17T20:32:41.093492,1,5,"[0, 1, 2, 3, 4, 5, 6, 7]",93.01580810546875,0.0,46.44097900390625,141,93.01580810546875,38.86540412902832,46.44097900390625,141
2025-07-17T20:32:41.100027,2,5,"[0, 1, 2, 3, 4, 5, 6, 7]",93.01580810546875,0.0,46.44097900390625,141,93.01580810546875,38.86540412902832,46.44097900390625,141
2025-07-17T20:32:41.106706,3,5,"[0, 1, 2, 3, 4, 5, 6, 7]",93.01580810546875,0.0,46.44097900390625,141,93.01580810546875,38.86540412902832,46.44097900390625,141
2025-07-17T20:32:41.116120,4,5,"[0, 1, 2, 3, 4, 5, 6, 7]",93.01580810546875,0.0,46.44097900390625,141,93.01580810546875,38.86540412902832,46.44097900390625,141
2025-07-17T20:32:41.122803,0,6,"[0, 1, 2, 3, 4, 5, 6, 7]",93.01580810546875,0.0,46.44097900390625,141,93.01580810546875,38.86482238769531,46.44097900390625,141
2025-07-17T20:32:41.130542,1,6,"[0, 2, 3, 4, 5, 6, 7]",93.01580810546875,0.0,46.44097900390625,141,93.01580810546875,38.86482238769531,46.44097900390625,141
2025-07-17T20:32:41.137272,2,6,"[0, 1, 2, 3, 4, 5, 6, 7]",93.01580810546875,0.0,46.44097900390625,141,93.01580810546875,38.86482238769531,46.44097900390625,141
2025-07-17T20:32:41.143394,3,6,"[0, 2, 3, 4, 5, 6, 7]",93.01580810546875,0.0,46.44097900390625,141,93.01580810546875,38.86456489562988,46.44097900390625,141
2025-07-17T20:32:41.155828,4,6,"[0, 2, 3, 4, 5, 6, 7]",93.01580810546875,0.0,46.44097900390625,141,93.01580810546875,38.86540412902832,46.44097900390625,141
2025-07-17T20:32:41.163867,0,7,"[0, 1, 2, 3, 4, 5, 6, 7]",93.01580810546875,0.0,46.44097900390625,141,93.01580810546875,38.86540412902832,46.44097900390625,141
2025-07-17T20:32:41.166429,1,7,"[0, 1, 2, 3, 4, 5, 6, 7]",93.01580810546875,0.0,46.44097900390625,141,93.01580810546875,38.86540412902832,46.44097900390625,141
2025-07-17T20:32:41.173850,2,7,"[0, 1, 2, 3, 4, 5, 6, 7]",93.01580810546875,0.0,46.44097900390625,141,93.01580810546875,38.86540412902832,46.44097900390625,141
2025-07-17T20:32:41.181843,3,7,"[0, 1, 2, 3, 4, 5, 6, 7]",93.01580810546875,0.0,46.44097900390625,141,93.01580810546875,38.86540412902832,46.44097900390625,141
2025-07-17T20:32:41.188734,4,7,"[0, 1, 2, 3, 4, 5, 6, 7]",93.01580810546875,0.0,46.44097900390625,141,93.01580810546875,38.86540412902832,46.44097900390625,141
2025-07-17T20:32:41.201870,0,8,"[0, 1, 2, 3, 4, 5, 6, 7]",93.01580810546875,0.0,46.44097900390625,141,93.01580810546875,38.86540412902832,46.44097900390625,141
2025-07-17T20:32:41.204553,1,8,"[1, 2, 3, 4, 5, 6, 7]",93.01580810546875,0.0,46.44097900390625,141,93.01580810546875,38.86540412902832,46.44097900390625,141
2025-07-17T20:32:41.212009,2,8,"[0, 1, 2, 3, 4, 5, 6, 7]",93.01580810546875,0.0,46.44097900390625,141,93.01580810546875,38.86540412902832,46.44097900390625,141
2025-07-17T20:32:41.225998,3,8,"[1, 2, 3, 4, 5, 6, 7]",93.01580810546875,0.0,46.44097900390625,141,93.01580810546875,38.86540412902832,46.44097900390625,141
2025-07-17T20:32:41.228138,4,8,"[1, 2, 3, 4, 5, 6, 7]",93.01580810546875,0.0,46.44097900390625,141,93.01580810546875,38.86540412902832,46.44097900390625,141
2025-07-17T20:32:41.236814,0,9,"[0, 1, 2, 3, 4, 5, 6, 7]",93.01580810546875,0.0,46.44097900390625,141,93.01580810546875,38.86540412902832,46.44097900390625,141
2025-07-17T20:32:41.243816,1,9,"[0, 1, 2, 3, 4, 5, 6, 7]",93.01580810546875,0.0,46.44097900390625,141,93.01580810546875,38.86540412902832,46.44097900390625,141
2025-07-17T20:32:41.251399,2,9,"[0, 1, 2, 3, 5, 6, 7]",93.01580810546875,0.0,46.44097900390625,141,93.01580810546875,38.86540412902832,46.44097900390625,141
2025-07-17T20:32:41.259139,3,9,"[0, 1, 2, 3, 4, 5, 6, 7]",93.01580810546875,0.0,46.44097900390625,141,93.01580810546875,38.86540412902832,46.44097900390625,141
2025-07-17T20:32:41.271160,4,9,"[0, 1, 2, 3, 4, 5, 6, 7]",93.01580810546875,0.0,46.44097900390625,141,93.01580810546875,38.86540412902832,46.44097900390625,141
2025-07-17T20:32:41.279100,0,10,"[0, 1, 2, 3, 4, 5, 6, 7]",93.01580810546875,0.0,46.44097900390625,141,93.01580810546875,38.86540412902832,46.44097900390625,141
2025-07-17T20:32:41.281357,1,10,"[0, 1, 2, 3, 4, 5, 6, 7]",93.01580810546875,0.0,46.44097900390625,141,93.01580810546875,38.86540412902832,46.44097900390625,141
2025-07-17T20:32:41.294116,2,10,"[0, 1, 2, 3, 4, 6, 7]",93.01580810546875,0.0,46.44097900390625,141,93.01580810546875,38.86540412902832,46.44097900390625,141
2025-07-17T20:32:41.302210,3,10,"[0, 1, 2, 3, 4, 5, 6, 7]",93.01580810546875,0.0,46.44097900390625,141,93.01580810546875,38.86540412902832,46.44097900390625,141
2025-07-17T20:32:41.304191,4,10,"[0, 1, 2, 3, 4, 5, 6, 7]",93.01580810546875,0.0,46.44097900390625,141,93.01580810546875,38.86540412902832,46.44097900390625,141
2025-07-17T20:32:41.312456,0,11,"[0, 1, 2, 3, 4, 5, 6, 7]",93.01580810546875,0.0,46.44097900390625,141,93.01580810546875,38.86540412902832,46.44097900390625,141
2025-07-17T20:32:41.323651,1,11,"[0, 1, 2, 3, 4, 5, 6, 7]",93.01580810546875,0.0,46.44097900390625,141,93.01580810546875,38.86540412902832,46.44097900390625,141
2025-07-17T20:32:41.326258,2,11,"[0, 1, 2, 3, 4, 5, 6, 7]",93.01580810546875,0.0,46.44097900390625,141,93.01580810546875,38.86540412902832,46.44097900390625,141
2025-07-17T20:32:41.334010,3,11,"[0, 1, 2, 3, 4, 5, 6, 7]",93.01580810546875,0.0,46.44097900390625,141,93.01580810546875,38.86540412902832,46.44097900390625,141
2025-07-17T20:32:41.341527,4,11,"[0, 1, 2, 3, 4, 5, 6, 7]",93.01580810546875,0.0,46.44097900390625,141,93.01580810546875,38.86540412902832,46.44097900390625,141
2025-07-17T20:32:41.354133,0,12,"[0, 1, 2, 3, 4, 5, 6, 7]",93.01580810546875,0.0,46.44097900390625,141,93.01580810546875,38.86540412902832,46.44097900390625,141
2025-07-17T20:32:41.356046,1,12,"[0, 1, 2, 3, 4, 5, 6]",93.01580810546875,0.0,46.44097900390625,141,93.01580810546875,38.86540412902832,46.44097900390625,141
2025-07-17T20:32:41.363599,2,12,"[0, 1, 2, 3, 4, 5, 6, 7]",93.01580810546875,0.0,46.44097900390625,141,93.01580810546875,38.86540412902832,46.44097900390625,141
2025-07-17T20:32:41.370571,3,12,"[0, 1, 2, 3, 4, 5, 6]",93.01580810546875,0.0,46.44097900390625,141,93.01580810546875,38.86540412902832,46.44097900390625,141
2025-07-17T20:32:41.382085,4,12,"[0, 1, 2, 3, 4, 5, 6]",93.01580810546875,0.0,46.44097900390625,141,93.01580810546875,38.86540412902832,46.44097900390625,141
2025-07-17T20:32:41.389357,0,13,"[0, 1, 2, 3, 4, 5, 6, 7]",93.01580810546875,0.0,46.44097900390625,141,93.01580810546875,38.86540412902832,46.44097900390625,141
2025-07-17T20:32:41.396450,1,13,"[0, 1, 2, 3, 4, 5, 7]",93.01580810546875,0.0,46.44097900390625,141,93.01580810546875,38.86540412902832,46.44097900390625,141
2025-07-17T20:32:41.405068,2,13,"[0, 1, 2, 3, 4, 5, 6, 7]",93.01580810546875,0.0,46.44097900390625,141,93.01580810546875,38.86540412902832,46.44097900390625,141
2025-07-17T20:32:41.414435,3,13,"[0, 1, 2, 3, 4, 5, 7]",93.01580810546875,0.0,46.44097900390625,141,93.01580810546875,38.86540412902832,46.44097900390625,141
2025-07-17T20:32:41.416394,4,13,"[0, 1, 2, 3, 4, 5, 7]",93.01580810546875,0.0,46.44097900390625,141,93.01580810546875,38.86540412902832,46.44097900390625,141
2025-07-17T20:32:41.422878,0,14,"[0, 1, 2, 3, 4, 5, 6, 7]",93.01580810546875,0.0,46.44097900390625,141,93.01580810546875,38.86540412902832,46.44097900390625,141
2025-07-17T20:32:41.430124,1,14,"[0, 1, 2, 3, 4, 5, 7]",93.01580810546875,0.0,46.44097900390625,141,93.01580810546875,38.86540412902832,46.44097900390625,141
2025-07-17T20:32:41.436502,2,14,"[0, 1, 2, 3, 4, 5, 6, 7]",93.01580810546875,0.0,46.44097900390625,141,93.01580810546875,38.86540412902832,46.44097900390625,141
2025-07-17T20:32:41.443659,3,14,"[0, 1, 2, 3, 4, 5, 7]",93.01580810546875,0.0,46.44097900390625,141,93.01580810546875,38.86540412902832,46.44097900390625,141
2025-07-17T20:32:41.455221,4,14,"[0, 1, 2, 3, 4, 5, 7]",93.01580810546875,0.0,46.44097900390625,141,93.01580810546875,38.86540412902832,46.44097900390625,141
2025-07-17T20:32:41.457799,0,15,"[0, 1, 2, 3, 4, 5, 6, 7]",93.01580810546875,0.0,46.44097900390625,141,93.01580810546875,38.86540412902832,46.44097900390625,141
2025-07-17T20:32:41.464850,1,15,"[1, 2, 3, 4, 5, 6, 7]",93.01580810546875,0.0,46.44097900390625,141,93.01580810546875,38.86540412902832,46.44097900390625,141
2025-07-17T20:32:41.472327,2,15,"[0, 1, 2, 3, 4, 5, 6, 7]",93.01580810546875,0.0,46.44097900390625,141,93.01580810546875,38.86540412902832,46.44097900390625,141
2025-07-17T20:32:41.479403,3,15,"[1, 2, 3, 4, 5, 6, 7]",93.01580810546875,0.0,46.44097900390625,141,93.01580810546875,38.86540412902832,46.44097900390625,141
2025-07-17T20:32:41.486436,4,15,"[1, 2, 3, 4, 5, 6, 7]",93.01580810546875,0.0,46.44097900390625,141,93.01580810546875,38.86540412902832,46.44097900390625,141
2025-07-17T20:32:41.493278,0,16,"[0, 1, 2, 3, 4, 5, 6, 7]",93.01580810546875,0.0,46.44097900390625,141,93.01580810546875,38.86540412902832,46.44097900390625,141
2025-07-17T20:32:41.501087,1,16,"[0, 1, 3, 4, 5, 6, 7]",93.01580810546875,0.0,46.44097900390625,141,93.01580810546875,38.86540412902832,46.44097900390625,141
2025-07-17T20:32:41.507538,2,16,"[0, 1, 2, 3, 4, 5, 6, 7]",93.01580810546875,0.0,46.44097900390625,141,93.01580810546875,38.86540412902832,46.44097900390625,141
2025-07-17T20:32:41.513945,3,16,"[0, 1, 3, 4, 5, 6, 7]",93.01580810546875,0.0,46.44097900390625,141,93.01580810546875,38.86540412902832,46.44097900390625,141
2025-07-17T20:32:41.521360,4,16,"[0, 1, 3, 4, 5, 6, 7]",93.01580810546875,0.0,46.44097900390625,141,93.01580810546875,38.86540412902832,46.44097900390625,141
2025-07-17T20:32:41.528819,0,17,"[0, 1, 2, 3, 4, 5, 6, 7]",93.01580810546875,0.0,46.44097900390625,141,93.01580810546875,38.86540412902832,46.44097900390625,141
2025-07-17T20:32:41.536841,1,17,"[0, 1, 2, 4, 5, 6, 7]",93.01580810546875,0.0,46.44097900390625,141,93.01580810546875,38.86540412902832,46.44097900390625,141
2025-07-17T20:32:41.543706,2,17,"[0, 1, 2, 3, 4, 5, 6, 7]",93.01580810546875,0.0,46.44097900390625,141,93.01580810546875,38.86540412902832,46.44097900390625,141
2025-07-17T20:32:41.551331,3,17,"[0, 1, 2, 4, 5, 6, 7]",93.01580810546875,0.0,46.44097900390625,141,93.01580810546875,38.86540412902832,46.44097900390625,141
2025-07-17T20:32:41.564839,4,17,"[0, 1, 2, 4, 5, 6, 7]",93.01580810546875,0.0,46.44097900390625,141,93.01580810546875,38.86540412902832,46.44097900390625,141
2025-07-17T20:32:41.567741,0,18,"[0, 1, 2, 3, 4, 5, 6, 7]",93.01580810546875,0.0,46.44097900390625,141,93.01580810546875,38.86540412902832,46.44097900390625,141
2025-07-17T20:32:41.574082,1,18,"[0, 1, 2, 4, 5, 6, 7]",93.01580810546875,0.0,46.44097900390625,141,93.01580810546875,38.86540412902832,46.44097900390625,141
2025-07-17T20:32:41.581496,2,18,"[0, 1, 2, 3, 4, 5, 6, 7]",93.01580810546875,0.0,46.44097900390625,141,93.01580810546875,38.86540412902832,46.44097900390625,141
2025-07-17T20:32:41.589141,3,18,"[0, 1, 2, 4, 5, 6, 7]",93.01580810546875,0.0,46.44097900390625,141,93.01580810546875,38.86540412902832,46.44097900390625,141
2025-07-17T20:32:41.595942,4,18,"[0, 1, 2, 4, 5, 6, 7]",93.01580810546875,0.0,46.44097900390625,141,93.01580810546875,38.86540412902832,46.44097900390625,141
2025-07-17T20:32:41.604047,0,19,"[0, 1, 2, 3, 4, 5, 6, 7]",93.01580810546875,0.0,46.44097900390625,141,93.01580810546875,38.86540412902832,46.44097900390625,141
2025-07-17T20:32:41.616376,1,19,"[0, 1, 2, 3, 4, 5, 6, 7]",93.01580810546875,0.0,46.44097900390625,141,93.01580810546875,38.86540412902832,46.44097900390625,141
2025-07-17T20:32:41.618917,2,19,"[0, 1, 2, 3, 4, 5, 6, 7]",93.01580810546875,0.0,46.44097900390625,141,93.01580810546875,38.86540412902832,46.44097900390625,141
2025-07-17T20:32:41.625929,3,19,"[0, 1, 2, 3, 4, 5, 6, 7]",93.01580810546875,0.0,46.44097900390625,141,93.01580810546875,38.86540412902832,46.44097900390625,141
2025-07-17T20:32:41.632631,4,19,"[0, 1, 2, 3, 4, 5, 6, 7]",93.01580810546875,0.0,46.44097900390625,141,93.01580810546875,38.86540412902832,46.44097900390625,141
2025-07-17T20:32:41.640565,0,20,"[0, 1, 2, 3, 4, 5, 6, 7]",93.01580810546875,0.0,46.44097900390625,141,93.01580810546875,38.86540412902832,46.44097900390625,141
2025-07-17T20:32:41.648619,1,20,"[0, 2, 3, 4, 5, 6, 7]",93.01580810546875,0.0,46.44097900390625,141,93.01580810546875,38.86540412902832,46.44097900390625,141
2025-07-17T20:32:41.655560,2,20,"[0, 1, 2, 3, 4, 5, 6, 7]",93.01580810546875,0.0,46.44097900390625,141,93.01580810546875,38.86540412902832,46.44097900390625,141
2025-07-17T20:32:41.662877,3,20,"[0, 2, 3, 4, 5, 6, 7]",93.01580810546875,0.0,46.44097900390625,141,93.01580810546875,38.86540412902832,46.44097900390625,141
2025-07-17T20:32:41.669487,4,20,"[0, 2, 3, 4, 5, 6, 7]",93.01580810546875,0.0,46.44097900390625,141,93.01580810546875,38.86540412902832,46.44097900390625,141
2025-07-17T20:32:41.676969,0,21,"[0, 1, 2, 3, 4, 5, 6, 7]",93.01580810546875,0.0,46.44097900390625,141,93.01580810546875,38.86540412902832,46.44097900390625,141
2025-07-17T20:32:41.684637,1,21,"[0, 1, 2, 3, 4, 5, 6, 7]",93.01580810546875,0.0,46.44097900390625,141,93.01580810546875,38.86540412902832,46.44097900390625,141
2025-07-17T20:32:41.690788,2,21,"[0, 1, 2, 3, 4, 5, 6, 7]",93.01580810546875,0.0,46.44097900390625,141,93.01580810546875,38.86540412902832,46.44097900390625,141
2025-07-17T20:32:41.697746,3,21,"[0, 1, 2, 3, 4, 5, 6, 7]",93.01580810546875,0.0,46.44097900390625,141,93.01580810546875,38.86540412902832,46.44097900390625,141
2025-07-17T20:32:41.705861,4,21,"[0, 1, 2, 3, 4, 5, 6, 7]",93.01580810546875,0.0,46.44097900390625,141,93.01580810546875,38.86540412902832,46.44097900390625,141
2025-07-17T20:32:41.713341,0,22,"[0, 1, 2, 3, 4, 5, 6, 7]",93.01580810546875,0.0,46.44097900390625,141,93.01580810546875,38.86540412902832,46.44097900390625,141
2025-07-17T20:32:41.720441,1,22,"[0, 1, 2, 3, 4, 5, 6, 7]",93.01580810546875,0.0,46.44097900390625,141,93.01580810546875,38.86540412902832,46.44097900390625,141
2025-07-17T20:32:41.727855,2,22,"[0, 1, 2, 3, 4, 5, 6, 7]",93.01580810546875,0.0,46.44097900390625,141,93.01580810546875,38.86540412902832,46.44097900390625,141
2025-07-17T20:32:41.736371,3,22,"[0, 1, 2, 3, 4, 5, 6, 7]",93.01580810546875,0.0,46.44097900390625,141,93.01580810546875,38.86540412902832,46.44097900390625,141
2025-07-17T20:32:41.743426,4,22,"[0, 1, 2, 3, 4, 5, 6, 7]",93.01580810546875,0.0,46.44097900390625,141,93.01580810546875,38.86540412902832,46.44097900390625,141
2025-07-17T20:32:41.750775,0,23,"[0, 1, 2, 3, 4, 5, 6, 7]",93.01580810546875,0.0,46.44097900390625,141,93.01580810546875,38.86540412902832,46.44097900390625,141
2025-07-17T20:32:41.757098,1,23,"[0, 1, 2, 3, 4, 5, 6, 7]",93.01580810546875,0.0,46.44097900390625,141,93.01580810546875,38.86540412902832,46.44097900390625,141
2025-07-17T20:32:41.769972,2,23,"[0, 1, 2, 3, 4, 5, 6, 7]",93.01580810546875,0.0,46.44097900390625,141,93.01580810546875,38.86540412902832,46.44097900390625,141
2025-07-17T20:32:41.772059,3,23,"[0, 1, 2, 3, 4, 5, 6, 7]",93.01580810546875,0.0,46.44097900390625,141,93.01580810546875,38.86540412902832,46.44097900390625,141
2025-07-17T20:32:41.786757,4,23,"[0, 1, 2, 3, 4, 5, 6, 7]",93.01580810546875,0.0,46.44097900390625,141,93.01580810546875,38.86540412902832,46.44097900390625,141
2025-07-17T20:32:41.788774,0,24,"[0, 1, 2, 3, 4, 5, 6, 7]",93.01580810546875,0.0,46.44097900390625,141,93.01580810546875,38.86540412902832,46.44097900390625,141
2025-07-17T20:32:41.801450,1,24,"[0, 1, 2, 3, 4, 5, 6, 7]",93.01580810546875,0.0,46.44097900390625,141,93.01580810546875,38.86540412902832,46.44097900390625,141
2025-07-17T20:32:41.808692,2,24,"[0, 1, 2, 3, 4, 5, 6, 7]",93.01580810546875,0.0,46.44097900390625,141,93.01580810546875,38.86540412902832,46.44097900390625,141
2025-07-17T20:32:41.816367,3,24,"[0, 1, 2, 3, 4, 5, 6, 7]",93.01580810546875,0.0,46.44097900390625,141,93.01580810546875,38.86540412902832,46.44097900390625,141
2025-07-17T20:32:41.823329,4,24,"[0, 1, 2, 3, 4, 5, 6, 7]",93.01580810546875,0.0,46.44097900390625,141,93.01580810546875,38.86540412902832,46.44097900390625,141
2025-07-17T20:32:41.830424,0,25,"[0, 1, 2, 3, 4, 5, 6, 7]",93.01580810546875,0.0,46.44097900390625,141,93.01580810546875,38.86540412902832,46.44097900390625,141
2025-07-17T20:32:41.837899,1,25,"[0, 1, 2, 3, 4, 5, 6, 7]",93.01580810546875,0.0,46.44097900390625,141,93.01580810546875,38.86540412902832,46.44097900390625,141
2025-07-17T20:32:41.844941,2,25,"[0, 1, 2, 3, 4, 5, 6, 7]",93.01580810546875,0.0,46.44097900390625,141,93.01580810546875,38.86540412902832,46.44097900390625,141
2025-07-17T20:32:41.852711,3,25,"[0, 1, 2, 3, 4, 5, 6, 7]",93.01580810546875,0.0,46.44097900390625,141,93.01580810546875,38.86540412902832,46.44097900390625,141
2025-07-17T20:32:41.855181,4,25,"[0, 1, 2, 3, 4, 5, 6, 7]",93.01580810546875,0.0,46.44097900390625,141,93.01580810546875,38.86540412902832,46.44097900390625,141
2025-07-17T20:32:41.866750,0,26,"[0, 1, 2, 3, 4, 5, 6, 7]",93.01580810546875,0.0,46.44097900390625,141,93.01580810546875,38.86540412902832,46.44097900390625,141
2025-07-17T20:32:41.873878,1,26,"[0, 2, 3, 4, 5, 6, 7]",93.01580810546875,0.0,46.44097900390625,141,93.01580810546875,38.86540412902832,46.44097900390625,141
2025-07-17T20:32:41.881292,2,26,"[0, 1, 2, 3, 4, 5, 6, 7]",93.01580810546875,0.0,46.44097900390625,141,93.01580810546875,38.86540412902832,46.44097900390625,141
2025-07-17T20:32:41.888277,3,26,"[0, 2, 3, 4, 5, 6, 7]",93.01580810546875,0.0,46.44097900390625,141,93.01580810546875,38.86540412902832,46.44097900390625,141
2025-07-17T20:32:41.896022,4,26,"[0, 2, 3, 4, 5, 6, 7]",93.01580810546875,0.0,46.44097900390625,141,93.01580810546875,38.86540412902832,46.44097900390625,141
2025-07-17T20:32:41.902745,0,27,"[0, 1, 2, 3, 4, 5, 6, 7]",93.01580810546875,0.0,46.44097900390625,141,93.01580810546875,38.86540412902832,46.44097900390625,141
2025-07-17T20:32:41.910342,1,27,"[0, 1, 2, 3, 4, 5, 6, 7]",93.01580810546875,0.0,46.44097900390625,141,93.01580810546875,38.86540412902832,46.44097900390625,141
2025-07-17T20:32:41.918218,2,27,"[0, 1, 2, 3, 4, 5, 6, 7]",93.01580810546875,0.0,46.44097900390625,141,93.01580810546875,38.86540412902832,46.44097900390625,141
2025-07-17T20:32:41.926331,3,27,"[0, 1, 2, 3, 4, 5, 6, 7]",93.01580810546875,0.0,46.44097900390625,141,93.01580810546875,38.86540412902832,46.44097900390625,141
2025-07-17T20:32:41.928999,4,27,"[0, 1, 2, 3, 4, 5, 6, 7]",93.01580810546875,0.0,46.44097900390625,141,93.01580810546875,38.86540412902832,46.44097900390625,141
2025-07-17T20:32:41.936446,0,28,"[0, 1, 2, 3, 4, 5, 6, 7]",93.01580810546875,0.0,46.44097900390625,141,93.01580810546875,38.86540412902832,46.44097900390625,141
2025-07-17T20:32:41.944046,1,28,"[0, 2, 3, 5, 6, 7]",93.01580810546875,0.0,46.44097900390625,141,93.01580810546875,38.86540412902832,46.44097900390625,141
2025-07-17T20:32:41.951831,2,28,"[0, 1, 2, 3, 4, 5, 6, 7]",93.01580810546875,0.0,46.44097900390625,141,93.01580810546875,38.86540412902832,46.44097900390625,141
2025-07-17T20:32:41.958527,3,28,"[0, 2, 3, 5, 6, 7]",93.01580810546875,0.0,46.44097900390625,141,93.01580810546875,38.86540412902832,46.44097900390625,141
2025-07-17T20:32:41.965836,4,28,"[0, 2, 3, 5, 6, 7]",93.01580810546875,0.0,46.44097900390625,141,93.01580810546875,38.86540412902832,46.44097900390625,141
2025-07-17T20:32:41.978271,0,29,"[0, 1, 2, 3, 4, 5, 6, 7]",93.01580810546875,0.0,46.44097900390625,141,93.01580810546875,38.86540412902832,46.44097900390625,141
2025-07-17T20:32:41.980365,1,29,"[0, 1, 2, 3, 4, 5, 6, 7]",93.01580810546875,0.0,46.44097900390625,141,93.01580810546875,38.86540412902832,46.44097900390625,141
2025-07-17T20:32:41.987485,2,29,"[0, 1, 2, 3, 4, 5, 6, 7]",93.01580810546875,0.0,46.44097900390625,141,93.01580810546875,38.86540412902832,46.44097900390625,141
2025-07-17T20:32:41.994991,3,29,"[0, 1, 2, 3, 4, 5, 6, 7]",93.01580810546875,0.0,46.44097900390625,141,93.01580810546875,38.86540412902832,46.44097900390625,141
2025-07-17T20:32:42.003295,4,29,"[0, 1, 2, 3, 4, 5, 6, 7]",93.01580810546875,0.0,46.44097900390625,141,93.01580810546875,38.86540412902832,46.44097900390625,141
2025-07-17T20:32:42.011108,0,30,"[0, 1, 2, 3, 4, 5, 6, 7]",93.01580810546875,0.0,46.44097900390625,141,93.01580810546875,38.86540412902832,46.44097900390625,141
2025-07-17T20:32:42.018104,1,30,"[0, 1, 2, 3, 4, 5, 7]",93.01580810546875,0.0,46.44097900390625,141,93.01580810546875,38.86540412902832,46.44097900390625,141
2025-07-17T20:32:42.030384,2,30,"[0, 1, 2, 3, 4, 5, 6, 7]",93.01580810546875,0.0,46.44097900390625,141,93.01580810546875,38.86540412902832,46.44097900390625,141
2025-07-17T20:32:42.032803,3,30,"[0, 1, 2, 3, 4, 5, 7]",93.01580810546875,0.0,46.44097900390625,141,93.01580810546875,38.86540412902832,46.44097900390625,141
2025-07-17T20:32:42.046949,4,30,"[0, 1, 2, 3, 4, 5, 7]",93.01580810546875,0.0,46.44097900390625,141,93.01580810546875,38.86540412902832,46.44097900390625,141
2025-07-17T20:32:42.055864,0,31,"[0, 1, 2, 3, 4, 5, 6, 7]",93.01580810546875,0.0,46.44097900390625,141,93.01580810546875,38.87287998199463,46.44097900390625,141
2025-07-17T20:32:42.066872,1,31,"[0, 1, 2, 3, 4, 5, 6, 7]",93.01580810546875,0.0,46.44097900390625,141,93.01580810546875,38.86967182159424,46.44097900390625,141
2025-07-17T20:32:42.070975,2,31,"[0, 1, 2, 3, 4, 5, 6, 7]",93.01580810546875,0.0,46.44097900390625,141,93.01580810546875,38.867045402526855,46.44097900390625,141
2025-07-17T20:32:42.079990,3,31,"[0, 1, 2, 3, 4, 5, 6, 7]",93.01580810546875,0.0,46.44097900390625,141,93.01580810546875,38.863837242126465,46.44097900390625,141
2025-07-17T20:32:42.088355,4,31,"[0, 1, 2, 3, 4, 5, 6, 7]",93.01580810546875,0.0,46.44097900390625,141,93.01580810546875,38.86002254486084,46.44097900390625,141
2025-07-17T20:32:42.108135,0,0,"[0, 1, 2, 3, 4, 5, 6, 7]",93.01580810546875,0.0,46.44097900390625,141,93.01580810546875,38.85531425476074,46.44097900390625,141
2025-07-17T20:32:42.111048,1,0,"[0, 1, 2, 4, 5, 6]",93.01580810546875,0.0,46.44097900390625,141,93.01580810546875,38.85852241516113,46.44097900390625,141
2025-07-17T20:32:42.119496,2,0,"[0, 1, 2, 3, 4, 5, 6, 7]",93.01580810546875,0.0,46.44097900390625,141,93.01580810546875,38.86149787902832,46.44097900390625,141
2025-07-17T20:32:42.127612,3,0,"[0, 1, 2, 4, 5, 6]",93.01580810546875,0.0,46.44097900390625,141,93.01580810546875,38.86438179016113,46.44097900390625,141
2025-07-17T20:32:42.135837,4,0,"[0, 1, 2, 4, 5, 6]",93.01580810546875,0.0,46.44097900390625,141,93.01580810546875,38.86540412902832,46.44097900390625,141
2025-07-17T20:32:42.143292,0,1,"[0, 1, 2, 3, 4, 5, 6, 7]",93.01580810546875,0.0,46.44097900390625,141,93.01580810546875,38.86540412902832,46.44097900390625,141
2025-07-17T20:32:42.151013,1,1,"[0, 1, 2, 3, 4, 5, 6, 7]",93.01580810546875,0.0,46.44097900390625,141,93.01580810546875,38.86540412902832,46.44097900390625,141
2025-07-17T20:32:42.158413,2,1,"[0, 1, 2, 3, 4, 5, 6, 7]",93.01580810546875,0.0,46.44097900390625,141,93.01580810546875,38.86540412902832,46.44097900390625,141
2025-07-17T20:32:42.165141,3,1,"[0, 1, 2, 3, 4, 5, 6, 7]",93.01580810546875,0.0,46.44097900390625,141,93.01580810546875,38.86540412902832,46.44097900390625,141
2025-07-17T20:32:42.172069,4,1,"[0, 1, 2, 3, 4, 5, 6, 7]",93.01580810546875,0.0,46.44097900390625,141,93.01580810546875,38.86540412902832,46.44097900390625,141
2025-07-17T20:32:42.179201,0,2,"[0, 1, 2, 3, 4, 5, 6, 7]",93.01580810546875,0.0,46.44097900390625,141,93.01580810546875,38.86540412902832,46.44097900390625,141
2025-07-17T20:32:42.188503,1,2,"[0, 1, 2, 3, 4, 5, 6, 7]",93.01580810546875,0.0,46.44097900390625,141,93.01580810546875,38.86540412902832,46.44097900390625,141
2025-07-17T20:32:42.196516,2,2,"[0, 1, 2, 3, 4, 5, 6, 7]",93.01580810546875,0.0,46.44097900390625,141,93.01580810546875,38.86540412902832,46.44097900390625,141
2025-07-17T20:32:42.210206,3,2,"[0, 1, 2, 3, 4, 5, 6, 7]",93.01580810546875,0.0,46.44097900390625,141,93.01580810546875,38.86540412902832,46.44097900390625,141
2025-07-17T20:32:42.212614,4,2,"[0, 1, 2, 3, 4, 5, 6, 7]",93.01580810546875,0.0,46.44097900390625,141,93.01580810546875,38.86540412902832,46.44097900390625,141
2025-07-17T20:32:42.220884,0,3,"[0, 1, 2, 3, 4, 5, 6, 7]",93.01580810546875,0.0,46.44097900390625,141,93.01580810546875,38.86540412902832,46.44097900390625,141
2025-07-17T20:32:42.228344,1,3,"[0, 1, 2, 3, 4, 5, 7]",93.01580810546875,0.0,46.44097900390625,141,93.01580810546875,38.86540412902832,46.44097900390625,141
2025-07-17T20:32:42.240321,2,3,"[0, 1, 2, 3, 4, 5, 6, 7]",93.01580810546875,0.0,46.44097900390625,141,93.01580810546875,38.86540412902832,46.44097900390625,141
2025-07-17T20:32:42.242395,3,3,"[0, 1, 2, 3, 4, 5, 7]",93.01580810546875,0.0,46.44097900390625,141,93.01580810546875,38.86540412902832,46.44097900390625,141
2025-07-17T20:32:42.249910,4,3,"[0, 1, 2, 3, 4, 5, 7]",93.01580810546875,0.0,46.44097900390625,141,93.01580810546875,38.86540412902832,46.44097900390625,141
2025-07-17T20:32:42.262086,0,4,"[0, 1, 2, 3, 4, 5, 6, 7]",93.01580810546875,0.0,46.44097900390625,141,93.01580810546875,38.86540412902832,46.44097900390625,141
2025-07-17T20:32:42.264330,1,4,"[0, 1, 2, 3, 4, 5, 6, 7]",93.01580810546875,0.0,46.44097900390625,141,93.01580810546875,38.86540412902832,46.44097900390625,141
2025-07-17T20:32:42.272242,2,4,"[0, 1, 2, 3, 4, 5, 6, 7]",93.01580810546875,0.0,46.44097900390625,141,93.01580810546875,38.86540412902832,46.44097900390625,141
2025-07-17T20:32:42.283572,3,4,"[0, 1, 2, 3, 4, 5, 6, 7]",93.01580810546875,0.0,46.44097900390625,141,93.01580810546875,38.86540412902832,46.44097900390625,141
2025-07-17T20:32:42.286421,4,4,"[0, 1, 2, 3, 4, 5, 6, 7]",93.01580810546875,0.0,46.44097900390625,141,93.01580810546875,38.86540412902832,46.44097900390625,141
2025-07-17T20:32:42.293497,0,5,"[0, 1, 2, 3, 4, 5, 6, 7]",93.01580810546875,0.0,46.44097900390625,141,93.01580810546875,38.86540412902832,46.44097900390625,141
2025-07-17T20:32:42.301483,1,5,"[0, 1, 2, 3, 4, 5, 6]",93.01580810546875,0.0,46.44097900390625,141,93.01580810546875,38.86540412902832,46.44097900390625,141
2025-07-17T20:32:42.308405,2,5,"[0, 1, 2, 3, 4, 5, 6, 7]",93.01580810546875,0.0,46.44097900390625,141,93.01580810546875,38.86540412902832,46.44097900390625,141
2025-07-17T20:32:42.315749,3,5,"[0, 1, 2, 3, 4, 5, 6]",93.01580810546875,0.0,46.44097900390625,141,93.01580810546875,38.86540412902832,46.44097900390625,141
2025-07-17T20:32:42.330193,4,5,"[0, 1, 2, 3, 4, 5, 6]",93.01580810546875,0.0,46.44097900390625,141,93.01580810546875,38.86540412902832,46.44097900390625,141
2025-07-17T20:32:42.332290,0,6,"[0, 1, 2, 3, 4, 5, 6, 7]",93.01580810546875,0.0,46.44097900390625,141,93.01580810546875,38.86540412902832,46.44097900390625,141
2025-07-17T20:32:42.340051,1,6,"[0, 1, 2, 3, 4, 5, 6, 7]",93.01580810546875,0.0,46.44097900390625,141,93.01580810546875,38.86540412902832,46.44097900390625,141
2025-07-17T20:32:42.347107,2,6,"[0, 1, 2, 3, 4, 5, 6, 7]",93.01580810546875,0.0,46.44097900390625,141,93.01580810546875,38.86540412902832,46.44097900390625,141
2025-07-17T20:32:42.354365,3,6,"[0, 1, 2, 3, 4, 5, 6, 7]",93.01580810546875,0.0,46.44097900390625,141,93.01580810546875,38.86540412902832,46.44097900390625,141
2025-07-17T20:32:42.367498,4,6,"[0, 1, 2, 3, 4, 5, 6, 7]",93.01580810546875,0.0,46.44097900390625,141,93.01580810546875,38.86540412902832,46.44097900390625,141
2025-07-17T20:32:42.369578,0,7,"[0, 1, 2, 3, 4, 5, 6, 7]",93.01580810546875,0.0,46.44097900390625,141,93.01580810546875,38.86540412902832,46.44097900390625,141
2025-07-17T20:32:42.376787,1,7,"[0, 1, 2, 3, 4, 5, 6, 7]",93.01580810546875,0.0,46.44097900390625,141,93.01580810546875,38.86540412902832,46.44097900390625,141
2025-07-17T20:32:42.384136,2,7,"[0, 1, 2, 3, 4, 5, 6, 7]",93.01580810546875,0.0,46.44097900390625,141,93.01580810546875,38.86540412902832,46.44097900390625,141
2025-07-17T20:32:42.391035,3,7,"[0, 1, 2, 3, 4, 5, 6, 7]",93.01580810546875,0.0,46.44097900390625,141,93.01580810546875,38.86540412902832,46.44097900390625,141
2025-07-17T20:32:42.398287,4,7,"[0, 1, 2, 3, 4, 5, 6, 7]",93.01580810546875,0.0,46.44097900390625,141,93.01580810546875,38.86540412902832,46.44097900390625,141
2025-07-17T20:32:42.405520,0,8,"[0, 1, 2, 3, 4, 5, 6, 7]",93.01580810546875,0.0,46.44097900390625,141,93.01580810546875,38.86540412902832,46.44097900390625,141
2025-07-17T20:32:42.412149,1,8,"[0, 1, 2, 3, 4, 5, 6, 7]",93.01580810546875,0.0,46.44097900390625,141,93.01580810546875,38.86540412902832,46.44097900390625,141
2025-07-17T20:32:42.424163,2,8,"[0, 1, 2, 3, 4, 5, 6, 7]",93.01580810546875,0.0,46.44097900390625,141,93.01580810546875,38.86540412902832,46.44097900390625,141
2025-07-17T20:32:42.426918,3,8,"[0, 1, 2, 3, 4, 5, 6, 7]",93.01580810546875,0.0,46.44097900390625,141,93.01580810546875,38.86540412902832,46.44097900390625,141
2025-07-17T20:32:42.438970,4,8,"[0, 1, 2, 3, 4, 5, 6, 7]",93.01580810546875,0.0,46.44097900390625,141,93.01580810546875,38.86540412902832,46.44097900390625,141
2025-07-17T20:32:42.446617,0,9,"[0, 1, 2, 3, 4, 5, 6, 7]",93.01580810546875,0.0,46.44097900390625,141,93.01580810546875,38.86540412902832,46.44097900390625,141
2025-07-17T20:32:42.449504,1,9,"[0, 1, 2, 3, 4, 5, 6, 7]",93.01580810546875,0.0,46.44097900390625,141,93.01580810546875,38.86540412902832,46.44097900390625,141
2025-07-17T20:32:42.456807,2,9,"[0, 1, 2, 3, 4, 5, 6, 7]",93.01580810546875,0.0,46.44097900390625,141,93.01580810546875,38.86540412902832,46.44097900390625,141
2025-07-17T20:32:42.464405,3,9,"[0, 1, 2, 3, 4, 5, 6, 7]",93.01580810546875,0.0,46.44097900390625,141,93.01580810546875,38.86540412902832,46.44097900390625,141
2025-07-17T20:32:42.476479,4,9,"[0, 1, 2, 3, 4, 5, 6, 7]",93.01580810546875,0.0,46.44097900390625,141,93.01580810546875,38.86540412902832,46.44097900390625,141
2025-07-17T20:32:42.479662,0,10,"[0, 1, 2, 3, 4, 5, 6, 7]",93.01580810546875,0.0,46.44097900390625,141,93.01580810546875,38.86540412902832,46.44097900390625,141
2025-07-17T20:32:42.487278,1,10,"[0, 1, 2, 3, 4, 5, 6, 7]",93.01580810546875,0.0,46.44097900390625,141,93.01580810546875,38.86540412902832,46.44097900390625,141
2025-07-17T20:32:42.499179,2,10,"[0, 1, 2, 3, 4, 5, 6, 7]",93.01580810546875,0.0,46.44097900390625,141,93.01580810546875,38.86540412902832,46.44097900390625,141
2025-07-17T20:32:42.501837,3,10,"[0, 1, 2, 3, 4, 5, 6, 7]",93.01580810546875,0.0,46.44097900390625,141,93.01580810546875,38.86540412902832,46.44097900390625,141
2025-07-17T20:32:42.509719,4,10,"[0, 1, 2, 3, 4, 5, 6, 7]",93.01580810546875,0.0,46.44097900390625,141,93.01580810546875,38.86540412902832,46.44097900390625,141
2025-07-17T20:32:42.516754,0,11,"[0, 1, 2, 3, 4, 5, 6, 7]",93.01580810546875,0.0,46.44097900390625,141,93.01580810546875,38.86540412902832,46.44097900390625,141
2025-07-17T20:32:42.524317,1,11,"[0, 1, 2, 3, 4, 5, 6, 7]",93.01580810546875,0.0,46.44097900390625,141,93.01580810546875,38.86540412902832,46.44097900390625,141
2025-07-17T20:32:42.531328,2,11,"[0, 1, 2, 3, 4, 5, 6, 7]",93.01580810546875,0.0,46.44097900390625,141,93.01580810546875,38.86540412902832,46.44097900390625,141
2025-07-17T20:32:42.538137,3,11,"[0, 1, 2, 3, 4, 5, 6, 7]",93.01580810546875,0.0,46.44097900390625,141,93.01580810546875,38.86540412902832,46.44097900390625,141
2025-07-17T20:32:42.546482,4,11,"[0, 1, 2, 3, 4, 5, 6, 7]",93.01580810546875,0.0,46.44097900390625,141,93.01580810546875,38.86540412902832,46.44097900390625,141
2025-07-17T20:32:42.553372,0,12,"[0, 1, 2, 3, 4, 5, 6, 7]",93.01580810546875,0.0,46.44097900390625,141,93.01580810546875,38.86540412902832,46.44097900390625,141
2025-07-17T20:32:42.566322,1,12,"[0, 1, 2, 3, 4, 5, 6]",93.01580810546875,0.0,46.44097900390625,141,93.01580810546875,38.86540412902832,46.44097900390625,141
2025-07-17T20:32:42.568727,2,12,"[0, 1, 2, 3, 4, 5, 6, 7]",93.01580810546875,0.0,46.44097900390625,141,93.01580810546875,38.86540412902832,46.44097900390625,141
2025-07-17T20:32:42.575849,3,12,"[0, 1, 2, 3, 4, 5, 6]",93.01580810546875,0.0,46.44097900390625,141,93.01580810546875,38.86540412902832,46.44097900390625,141
2025-07-17T20:32:42.589027,4,12,"[0, 1, 2, 3, 4, 5, 6]",93.01580810546875,0.0,46.44097900390625,141,93.01580810546875,38.86540412902832,46.44097900390625,141
2025-07-17T20:32:42.590943,0,13,"[0, 1, 2, 3, 4, 5, 6, 7]",93.01580810546875,0.0,46.44097900390625,141,93.01580810546875,38.86540412902832,46.44097900390625,141
2025-07-17T20:32:42.603680,1,13,"[0, 1, 2, 3, 5, 7]",93.01580810546875,0.0,46.44097900390625,141,93.01580810546875,38.86540412902832,46.44097900390625,141
2025-07-17T20:32:42.605749,2,13,"[0, 1, 2, 3, 4, 5, 6, 7]",93.01580810546875,0.0,46.44097900390625,141,93.01580810546875,38.86540412902832,46.44097900390625,141
2025-07-17T20:32:42.613135,3,13,"[0, 1, 2, 3, 5, 7]",93.01580810546875,0.0,46.44097900390625,141,93.01580810546875,38.86540412902832,46.44097900390625,141
2025-07-17T20:32:42.625944,4,13,"[0, 1, 2, 3, 5, 7]",93.01580810546875,0.0,46.44097900390625,141,93.01580810546875,38.86540412902832,46.44097900390625,141
2025-07-17T20:32:42.634038,0,14,"[0, 1, 2, 3, 4, 5, 6, 7]",93.01580810546875,0.0,46.44097900390625,141,93.01580810546875,38.86540412902832,46.44097900390625,141
2025-07-17T20:32:42.642534,1,14,"[0, 1, 2, 3, 4, 5, 6]",93.01580810546875,0.0,46.44097900390625,141,93.01580810546875,38.86540412902832,46.44097900390625,141
2025-07-17T20:32:42.644455,2,14,"[0, 1, 2, 3, 4, 5, 6, 7]",93.01580810546875,0.0,46.44097900390625,141,93.01580810546875,38.86540412902832,46.44097900390625,141
2025-07-17T20:32:42.651797,3,14,"[0, 1, 2, 3, 4, 5, 6]",93.01580810546875,0.0,46.44097900390625,141,93.01580810546875,38.86540412902832,46.44097900390625,141
2025-07-17T20:32:42.659346,4,14,"[0, 1, 2, 3, 4, 5, 6]",93.01580810546875,0.0,46.44097900390625,141,93.01580810546875,38.86540412902832,46.44097900390625,141
2025-07-17T20:32:42.671881,0,15,"[0, 1, 2, 3, 4, 5, 6, 7]",93.01580810546875,0.0,46.44097900390625,141,93.01580810546875,38.86540412902832,46.44097900390625,141
2025-07-17T20:32:42.674001,1,15,"[0, 1, 2, 3, 4, 5, 6, 7]",93.01580810546875,0.0,46.44097900390625,141,93.01580810546875,38.86540412902832,46.44097900390625,141
2025-07-17T20:32:42.686762,2,15,"[0, 1, 2, 3, 4, 5, 6, 7]",93.01580810546875,0.0,46.44097900390625,141,93.01580810546875,38.86540412902832,46.44097900390625,141
2025-07-17T20:32:42.688649,3,15,"[0, 1, 2, 3, 4, 5, 6, 7]",93.01580810546875,0.0,46.44097900390625,141,93.01580810546875,38.86540412902832,46.44097900390625,141
2025-07-17T20:32:42.695148,4,15,"[0, 1, 2, 3, 4, 5, 6, 7]",93.01580810546875,0.0,46.44097900390625,141,93.01580810546875,38.86540412902832,46.44097900390625,141
2025-07-17T20:32:42.702444,0,16,"[0, 1, 2, 3, 4, 5, 6, 7]",93.01580810546875,0.0,46.44097900390625,141,93.01580810546875,38.86540412902832,46.44097900390625,141
2025-07-17T20:32:42.709931,1,16,"[0, 2, 3, 4, 5, 6, 7]",93.01580810546875,0.0,46.44097900390625,141,93.01580810546875,38.86540412902832,46.44097900390625,141
2025-07-17T20:32:42.717165,2,16,"[0, 1, 2, 3, 4, 5, 6, 7]",93.01580810546875,0.0,46.44097900390625,141,93.01580810546875,38.86540412902832,46.44097900390625,141
2025-07-17T20:32:42.723881,3,16,"[0, 2, 3, 4, 5, 6, 7]",93.01580810546875,0.0,46.44097900390625,141,93.01580810546875,38.86540412902832,46.44097900390625,141
2025-07-17T20:32:42.730786,4,16,"[0, 2, 3, 4, 5, 6, 7]",93.01580810546875,0.0,46.44097900390625,141,93.01580810546875,38.86540412902832,46.44097900390625,141
2025-07-17T20:32:42.745031,0,17,"[0, 1, 2, 3, 4, 5, 6, 7]",93.01580810546875,0.0,46.44097900390625,141,93.01580810546875,38.86540412902832,46.44097900390625,141
2025-07-17T20:32:42.747481,1,17,"[1, 2, 4, 5, 6, 7]",93.01580810546875,0.0,46.44097900390625,141,93.01580810546875,38.86540412902832,46.44097900390625,141
2025-07-17T20:32:42.755438,2,17,"[0, 1, 2, 3, 4, 5, 6, 7]",93.01580810546875,0.0,46.44097900390625,141,93.01580810546875,38.86540412902832,46.44097900390625,141
2025-07-17T20:32:42.762225,3,17,"[1, 2, 4, 5, 6, 7]",93.01580810546875,0.0,46.44097900390625,141,93.01580810546875,38.86540412902832,46.44097900390625,141
2025-07-17T20:32:42.769772,4,17,"[1, 2, 4, 5, 6, 7]",93.01580810546875,0.0,46.44097900390625,141,93.01580810546875,38.86540412902832,46.44097900390625,141
2025-07-17T20:32:42.783460,0,18,"[0, 1, 2, 3, 4, 5, 6, 7]",93.01580810546875,0.0,46.44097900390625,141,93.01580810546875,38.86540412902832,46.44097900390625,141
2025-07-17T20:32:42.785635,1,18,"[0, 1, 2, 3, 4, 5, 6]",93.01580810546875,0.0,46.44097900390625,141,93.01580810546875,38.86540412902832,46.44097900390625,141
2025-07-17T20:32:42.798257,2,18,"[0, 1, 2, 3, 4, 5, 6, 7]",93.01580810546875,0.0,46.44097900390625,141,93.01580810546875,38.86540412902832,46.44097900390625,141
2025-07-17T20:32:42.801261,3,18,"[0, 1, 2, 3, 4, 5, 6]",93.01580810546875,0.0,46.44097900390625,141,93.01580810546875,38.86540412902832,46.44097900390625,141
2025-07-17T20:32:42.812956,4,18,"[0, 1, 2, 3, 4, 5, 6]",93.01580810546875,0.0,46.44097900390625,141,93.01580810546875,38.86540412902832,46.44097900390625,141
2025-07-17T20:32:42.820563,0,19,"[0, 1, 2, 3, 4, 5, 6, 7]",93.01580810546875,0.0,46.44097900390625,141,93.01580810546875,38.86540412902832,46.44097900390625,141
2025-07-17T20:32:42.822552,1,19,"[0, 2, 3, 4, 5, 6, 7]",93.01580810546875,0.0,46.44097900390625,141,93.01580810546875,38.86540412902832,46.44097900390625,141
2025-07-17T20:32:42.830424,2,19,"[0, 1, 2, 3, 4, 5, 6, 7]",93.01580810546875,0.0,46.44097900390625,141,93.01580810546875,38.86540412902832,46.44097900390625,141
2025-07-17T20:32:42.842903,3,19,"[0, 2, 3, 4, 5, 6, 7]",93.01580810546875,0.0,46.44097900390625,141,93.01580810546875,38.86540412902832,46.44097900390625,141
2025-07-17T20:32:42.844982,4,19,"[0, 2, 3, 4, 5, 6, 7]",93.01580810546875,0.0,46.44097900390625,141,93.01580810546875,38.86540412902832,46.44097900390625,141
2025-07-17T20:32:42.852504,0,20,"[0, 1, 2, 3, 4, 5, 6, 7]",93.01580810546875,0.0,46.44097900390625,141,93.01580810546875,38.86540412902832,46.44097900390625,141
2025-07-17T20:32:42.860326,1,20,"[0, 1, 2, 3, 4, 5, 6, 7]",93.01580810546875,0.0,46.44097900390625,141,93.01580810546875,38.86540412902832,46.44097900390625,141
2025-07-17T20:32:42.867793,2,20,"[0, 1, 2, 3, 4, 5, 6, 7]",93.01580810546875,0.0,46.44097900390625,141,93.01580810546875,38.86540412902832,46.44097900390625,141
2025-07-17T20:32:42.879476,3,20,"[0, 1, 2, 3, 4, 5, 6, 7]",93.01580810546875,0.0,46.44097900390625,141,93.01580810546875,38.86540412902832,46.44097900390625,141
2025-07-17T20:32:42.882150,4,20,"[0, 1, 2, 3, 4, 5, 6, 7]",93.01580810546875,0.0,46.44097900390625,141,93.01580810546875,38.86540412902832,46.44097900390625,141
2025-07-17T20:32:42.889533,0,21,"[0, 1, 2, 3, 4, 5, 6, 7]",93.01580810546875,0.0,46.44097900390625,141,93.01580810546875,38.86540412902832,46.44097900390625,141
2025-07-17T20:32:42.897623,1,21,"[0, 1, 2, 3, 4, 5, 6, 7]",93.01580810546875,0.0,46.44097900390625,141,93.01580810546875,38.86540412902832,46.44097900390625,141
2025-07-17T20:32:42.904837,2,21,"[0, 1, 2, 3, 4, 5, 6, 7]",93.01580810546875,0.0,46.44097900390625,141,93.01580810546875,38.86540412902832,46.44097900390625,141
2025-07-17T20:32:42.912074,3,21,"[0, 1, 2, 3, 4, 5, 6, 7]",93.01580810546875,0.0,46.44097900390625,141,93.01580810546875,38.86540412902832,46.44097900390625,141
2025-07-17T20:32:42.919698,4,21,"[0, 1, 2, 3, 4, 5, 6, 7]",93.01580810546875,0.0,46.44097900390625,141,93.01580810546875,38.86540412902832,46.44097900390625,141
2025-07-17T20:32:42.934472,0,22,"[0, 1, 2, 3, 4, 5, 6, 7]",93.01580810546875,0.0,46.44097900390625,141,93.01580810546875,38.86540412902832,46.44097900390625,141
2025-07-17T20:32:42.942096,1,22,"[0, 1, 2, 3, 4, 5, 6, 7]",93.01580810546875,0.0,46.44097900390625,141,93.01580810546875,38.86540412902832,46.44097900390625,141
2025-07-17T20:32:42.943938,2,22,"[0, 1, 2, 3, 4, 5, 6, 7]",93.01580810546875,0.0,46.44097900390625,141,93.01580810546875,38.86540412902832,46.44097900390625,141
2025-07-17T20:32:42.951080,3,22,"[0, 1, 2, 3, 4, 5, 6, 7]",93.01580810546875,0.0,46.44097900390625,141,93.01580810546875,38.86540412902832,46.44097900390625,141
2025-07-17T20:32:42.958778,4,22,"[0, 1, 2, 3, 4, 5, 6, 7]",93.01580810546875,0.0,46.44097900390625,141,93.01580810546875,38.86540412902832,46.44097900390625,141
2025-07-17T20:32:42.966536,0,23,"[0, 1, 2, 3, 4, 5, 6, 7]",93.01580810546875,0.0,46.44097900390625,141,93.01580810546875,38.86540412902832,46.44097900390625,141
2025-07-17T20:32:42.973881,1,23,"[0, 2, 3, 4, 5, 7]",93.01580810546875,0.0,46.44097900390625,141,93.01580810546875,38.86540412902832,46.44097900390625,141
2025-07-17T20:32:42.986349,2,23,"[0, 1, 2, 3, 4, 5, 6, 7]",93.01580810546875,0.0,46.44097900390625,141,93.01580810546875,38.86540412902832,46.44097900390625,141
2025-07-17T20:32:42.988359,3,23,"[0, 2, 3, 4, 5, 7]",93.01580810546875,0.0,46.44097900390625,141,93.01580810546875,38.86540412902832,46.44097900390625,141
2025-07-17T20:32:42.995343,4,23,"[0, 2, 3, 4, 5, 7]",93.01580810546875,0.0,46.44097900390625,141,93.01580810546875,38.86540412902832,46.44097900390625,141
2025-07-17T20:32:43.003187,0,24,"[0, 1, 2, 3, 4, 5, 6, 7]",93.01580810546875,0.0,46.44097900390625,141,93.01580810546875,38.86540412902832,46.44097900390625,141
2025-07-17T20:32:43.015888,1,24,"[0, 1, 2, 3, 4, 5, 6, 7]",93.01580810546875,0.0,46.44097900390625,141,93.01580810546875,38.86540412902832,46.44097900390625,141
2025-07-17T20:32:43.018112,2,24,"[0, 1, 2, 3, 4, 5, 6, 7]",93.01580810546875,0.0,46.44097900390625,141,93.01580810546875,38.86540412902832,46.44097900390625,141
2025-07-17T20:32:43.025517,3,24,"[0, 1, 2, 3, 4, 5, 6, 7]",93.01580810546875,0.0,46.44097900390625,141,93.01580810546875,38.86540412902832,46.44097900390625,141
2025-07-17T20:32:43.033102,4,24,"[0, 1, 2, 3, 4, 5, 6, 7]",93.01580810546875,0.0,46.44097900390625,141,93.01580810546875,38.86540412902832,46.44097900390625,141
2025-07-17T20:32:43.041021,0,25,"[0, 1, 2, 3, 4, 5, 6, 7]",93.01580810546875,0.0,46.44097900390625,141,93.01580810546875,38.86540412902832,46.44097900390625,141
2025-07-17T20:32:43.049109,1,25,"[0, 1, 2, 3, 5, 6, 7]",93.01580810546875,0.0,46.44097900390625,141,93.01580810546875,38.86540412902832,46.44097900390625,141
2025-07-17T20:32:43.061307,2,25,"[0, 1, 2, 3, 4, 5, 6, 7]",93.01580810546875,0.0,46.44097900390625,141,93.01580810546875,38.86540412902832,46.44097900390625,141
2025-07-17T20:32:43.063530,3,25,"[0, 1, 2, 3, 5, 6, 7]",93.01580810546875,0.0,46.44097900390625,141,93.01580810546875,38.86540412902832,46.44097900390625,141
2025-07-17T20:32:43.076312,4,25,"[0, 1, 2, 3, 5, 6, 7]",93.01580810546875,0.0,46.44097900390625,141,93.01580810546875,38.86540412902832,46.44097900390625,141
2025-07-17T20:32:43.078334,0,26,"[0, 1, 2, 3, 4, 5, 6, 7]",93.01580810546875,0.0,46.44097900390625,141,93.01580810546875,38.86540412902832,46.44097900390625,141
2025-07-17T20:32:43.086004,1,26,"[0, 1, 2, 3, 4, 5, 6, 7]",93.01580810546875,0.0,46.44097900390625,141,93.01580810546875,38.86540412902832,46.44097900390625,141
2025-07-17T20:32:43.094261,2,26,"[0, 1, 2, 3, 4, 5, 6, 7]",93.01580810546875,0.0,46.44097900390625,141,93.01580810546875,38.86540412902832,46.44097900390625,141
2025-07-17T20:32:43.100991,3,26,"[0, 1, 2, 3, 4, 5, 6, 7]",93.01580810546875,0.0,46.44097900390625,141,93.01580810546875,38.86540412902832,46.44097900390625,141
2025-07-17T20:32:43.107910,4,26,"[0, 1, 2, 3, 4, 5, 6, 7]",93.01580810546875,0.0,46.44097900390625,141,93.01580810546875,38.86540412902832,46.44097900390625,141
2025-07-17T20:32:43.115384,0,27,"[0, 1, 2, 3, 4, 5, 6, 7]",93.01580810546875,0.0,46.44097900390625,141,93.01580810546875,38.86540412902832,46.44097900390625,141
2025-07-17T20:32:43.123355,1,27,"[0, 1, 2, 3, 4, 5, 6, 7]",93.01580810546875,0.0,46.44097900390625,141,93.01580810546875,38.86540412902832,46.44097900390625,141
2025-07-17T20:32:43.131765,2,27,"[0, 1, 2, 3, 4, 5, 6, 7]",93.01580810546875,0.0,46.44097900390625,141,93.01580810546875,38.86540412902832,46.44097900390625,141
2025-07-17T20:32:43.139111,3,27,"[0, 1, 2, 3, 4, 5, 6, 7]",93.01580810546875,0.0,46.44097900390625,141,93.01580810546875,38.86540412902832,46.44097900390625,141
2025-07-17T20:32:43.147150,4,27,"[0, 1, 2, 3, 4, 5, 6, 7]",93.01580810546875,0.0,46.44097900390625,141,93.01580810546875,38.86540412902832,46.44097900390625,141
2025-07-17T20:32:43.155024,0,28,"[0, 1, 2, 3, 4, 5, 6, 7]",93.01580810546875,0.0,46.44097900390625,141,93.01580810546875,38.86540412902832,46.44097900390625,141
2025-07-17T20:32:43.162170,1,28,"[0, 1, 2, 3, 4, 5, 6, 7]",93.01580810546875,0.0,46.44097900390625,141,93.01580810546875,38.86540412902832,46.44097900390625,141
2025-07-17T20:32:43.169703,2,28,"[0, 1, 2, 3, 4, 5, 6, 7]",93.01580810546875,0.0,46.44097900390625,141,93.01580810546875,38.86540412902832,46.44097900390625,141
2025-07-17T20:32:43.176846,3,28,"[0, 1, 2, 3, 4, 5, 6, 7]",93.01580810546875,0.0,46.44097900390625,141,93.01580810546875,38.86540412902832,46.44097900390625,141
2025-07-17T20:32:43.188738,4,28,"[0, 1, 2, 3, 4, 5, 6, 7]",93.01580810546875,0.0,46.44097900390625,141,93.01580810546875,38.86540412902832,46.44097900390625,141
2025-07-17T20:32:43.195664,0,29,"[0, 1, 2, 3, 4, 5, 6, 7]",93.01580810546875,0.0,46.44097900390625,141,93.01580810546875,38.86540412902832,46.44097900390625,141
2025-07-17T20:32:43.202459,1,29,"[0, 2, 3, 4, 5, 7]",93.01580810546875,0.0,46.44097900390625,141,93.01580810546875,38.86540412902832,46.44097900390625,141
2025-07-17T20:32:43.210942,2,29,"[0, 1, 2, 3, 4, 5, 6, 7]",93.01580810546875,0.0,46.44097900390625,141,93.01580810546875,38.86540412902832,46.44097900390625,141
2025-07-17T20:32:43.218267,3,29,"[0, 2, 3, 4, 5, 7]",93.01580810546875,0.0,46.44097900390625,141,93.01580810546875,38.86540412902832,46.44097900390625,141
2025-07-17T20:32:43.225169,4,29,"[0, 2, 3, 4, 5, 7]",93.01580810546875,0.0,46.44097900390625,141,93.01580810546875,38.86540412902832,46.44097900390625,141
2025-07-17T20:32:43.232390,0,30,"[0, 1, 2, 3, 4, 5, 6, 7]",93.01580810546875,0.0,46.44097900390625,141,93.01580810546875,38.86540412902832,46.44097900390625,141
2025-07-17T20:32:43.239110,1,30,"[0, 1, 2, 3, 4, 5, 7]",93.01580810546875,0.0,46.44097900390625,141,93.01580810546875,38.86540412902832,46.44097900390625,141
2025-07-17T20:32:43.245894,2,30,"[0, 1, 2, 3, 4, 5, 6, 7]",93.01580810546875,0.0,46.44097900390625,141,93.01580810546875,38.86540412902832,46.44097900390625,141
2025-07-17T20:32:43.252779,3,30,"[0, 1, 2, 3, 4, 5, 7]",93.01580810546875,0.0,46.44097900390625,141,93.01580810546875,38.86540412902832,46.44097900390625,141
2025-07-17T20:32:43.261078,4,30,"[0, 1, 2, 3, 4, 5, 7]",93.01580810546875,0.0,46.44097900390625,141,93.01580810546875,38.86540412902832,46.44097900390625,141
2025-07-17T20:32:43.268586,0,31,"[0, 1, 2, 3, 4, 5, 6, 7]",93.01580810546875,0.0,46.44097900390625,141,93.01580810546875,38.87229824066162,46.44097900390625,141
2025-07-17T20:32:43.277327,1,31,"[0, 1, 2, 3, 4, 5, 6, 7]",93.01580810546875,0.0,46.44097900390625,141,93.01580810546875,38.86909008026123,46.44097900390625,141
2025-07-17T20:32:43.280837,2,31,"[0, 1, 2, 3, 4, 5, 6, 7]",93.01580810546875,0.0,46.44097900390625,141,93.01580810546875,38.86646366119385,46.44097900390625,141
2025-07-17T20:32:43.289582,3,31,"[0, 1, 2, 3, 4, 5, 6, 7]",93.01580810546875,0.0,46.44097900390625,141,93.01580810546875,38.86299800872803,46.44097900390625,141
2025-07-17T20:32:43.296797,4,31,"[0, 1, 2, 3, 4, 5, 6, 7]",93.01580810546875,0.0,46.44097900390625,141,93.01580810546875,38.86002254486084,46.44097900390625,141
