timestamp,batch_id,moe_layer_id,experts_activated,GPU_0_total_mem_capacity,GPU_0_mem_usage,GPU_0_mem_free,GPU_0_experts_can_fit,GPU_1_total_mem_capacity,GPU_1_mem_usage,GPU_1_mem_free,GPU_1_experts_can_fit
2025-07-17T20:31:50.274832,0,0,"[0, 1, 2, 3, 4, 5, 6, 7]",93.01580810546875,38.813167095184326,52.4385986328125,159,93.01580810546875,0.0,51.92730712890625,158
2025-07-17T20:31:50.621841,0,1,"[0, 1, 2, 3, 4, 5, 6, 7]",93.01580810546875,38.813167095184326,51.92730712890625,158,93.01580810546875,0.0,51.92730712890625,158
2025-07-17T20:31:50.641250,0,2,"[0, 1, 2, 3, 4, 5, 6, 7]",93.01580810546875,38.813167095184326,51.92730712890625,158,93.01580810546875,0.0,51.92730712890625,158
2025-07-17T20:31:50.660575,0,3,"[0, 1, 2, 3, 4, 5, 6, 7]",93.01580810546875,38.813167095184326,51.92730712890625,158,93.01580810546875,0.0,51.92730712890625,158
2025-07-17T20:31:50.678830,0,4,"[0, 1, 2, 3, 4, 5, 6, 7]",93.01580810546875,38.813167095184326,51.92730712890625,158,93.01580810546875,0.0,51.92730712890625,158
2025-07-17T20:31:50.698910,0,5,"[0, 1, 2, 3, 4, 5, 6, 7]",93.01580810546875,38.813167095184326,51.92730712890625,158,93.01580810546875,0.0,51.92730712890625,158
2025-07-17T20:31:50.718796,0,6,"[0, 1, 2, 3, 4, 5, 6, 7]",93.01580810546875,38.813167095184326,51.92730712890625,158,93.01580810546875,0.0,51.92730712890625,158
2025-07-17T20:31:50.738739,0,7,"[0, 1, 2, 3, 4, 5, 6, 7]",93.01580810546875,38.813167095184326,51.92730712890625,158,93.01580810546875,0.0,51.92730712890625,158
2025-07-17T20:31:50.758929,0,8,"[0, 1, 2, 3, 4, 5, 6, 7]",93.01580810546875,38.813167095184326,51.92730712890625,158,93.01580810546875,0.0,51.92730712890625,158
2025-07-17T20:31:50.777063,0,9,"[0, 1, 2, 3, 4, 5, 6, 7]",93.01580810546875,38.813167095184326,51.92730712890625,158,93.01580810546875,0.0,51.92730712890625,158
2025-07-17T20:31:50.796337,0,10,"[0, 1, 2, 3, 4, 5, 6, 7]",93.01580810546875,38.813167095184326,51.92730712890625,158,93.01580810546875,0.0,51.92730712890625,158
2025-07-17T20:31:50.817087,0,11,"[0, 1, 2, 3, 4, 5, 6, 7]",93.01580810546875,38.813167095184326,51.92730712890625,158,93.01580810546875,0.0,51.92730712890625,158
2025-07-17T20:31:50.837125,0,12,"[0, 1, 2, 3, 4, 5, 6, 7]",93.01580810546875,38.813167095184326,51.92730712890625,158,93.01580810546875,0.0,51.92730712890625,158
2025-07-17T20:31:50.856761,0,13,"[0, 1, 2, 3, 4, 5, 6, 7]",93.01580810546875,38.813167095184326,51.92730712890625,158,93.01580810546875,0.0,51.92730712890625,158
2025-07-17T20:31:50.875908,0,14,"[0, 1, 2, 3, 4, 5, 6, 7]",93.01580810546875,38.813167095184326,51.92730712890625,158,93.01580810546875,0.0,51.92730712890625,158
2025-07-17T20:31:50.894630,0,15,"[0, 1, 2, 3, 4, 5, 6, 7]",93.01580810546875,38.813167095184326,51.92730712890625,158,93.01580810546875,0.0,51.92730712890625,158
2025-07-17T20:31:50.913459,0,16,"[0, 1, 2, 3, 4, 5, 6, 7]",93.01580810546875,38.813167095184326,51.92730712890625,158,93.01580810546875,0.0,51.92730712890625,158
2025-07-17T20:31:50.932427,0,17,"[0, 1, 2, 3, 4, 5, 6, 7]",93.01580810546875,38.813167095184326,51.92730712890625,158,93.01580810546875,0.0,51.92730712890625,158
2025-07-17T20:31:50.944474,0,18,"[0, 1, 2, 3, 4, 5, 6, 7]",93.01580810546875,38.813167095184326,51.92730712890625,158,93.01580810546875,0.0,51.92730712890625,158
2025-07-17T20:31:50.956247,0,19,"[0, 1, 2, 3, 4, 5, 6, 7]",93.01580810546875,38.813167095184326,51.92730712890625,158,93.01580810546875,0.0,51.92730712890625,158
2025-07-17T20:31:50.968084,0,20,"[0, 1, 2, 3, 4, 5, 6, 7]",93.01580810546875,38.813167095184326,51.92730712890625,158,93.01580810546875,0.0,51.92730712890625,158
2025-07-17T20:31:50.980411,0,21,"[0, 1, 2, 3, 4, 5, 6, 7]",93.01580810546875,38.813167095184326,51.92730712890625,158,93.01580810546875,0.0,51.92730712890625,158
2025-07-17T20:31:50.998907,0,22,"[0, 1, 2, 3, 4, 5, 6, 7]",93.01580810546875,38.813167095184326,51.92730712890625,158,93.01580810546875,0.0,51.92730712890625,158
2025-07-17T20:31:51.018781,0,23,"[0, 1, 2, 3, 4, 5, 6, 7]",93.01580810546875,38.813167095184326,51.92730712890625,158,93.01580810546875,0.0,51.92730712890625,158
2025-07-17T20:31:51.038096,0,24,"[0, 1, 2, 3, 4, 5, 6, 7]",93.01580810546875,38.813167095184326,51.92730712890625,158,93.01580810546875,0.0,51.92730712890625,158
2025-07-17T20:31:51.058242,0,25,"[0, 1, 2, 3, 4, 5, 6, 7]",93.01580810546875,38.813167095184326,51.92730712890625,158,93.01580810546875,0.0,51.92730712890625,158
2025-07-17T20:31:51.076236,0,26,"[0, 1, 2, 3, 4, 5, 6, 7]",93.01580810546875,38.813167095184326,51.92730712890625,158,93.01580810546875,0.0,51.92730712890625,158
2025-07-17T20:31:51.096091,0,27,"[0, 1, 2, 3, 4, 5, 6, 7]",93.01580810546875,38.813167095184326,51.92730712890625,158,93.01580810546875,0.0,51.92730712890625,158
2025-07-17T20:31:51.115376,0,28,"[0, 1, 2, 3, 4, 5, 6, 7]",93.01580810546875,38.813167095184326,51.92730712890625,158,93.01580810546875,0.0,51.92730712890625,158
2025-07-17T20:31:51.134286,0,29,"[0, 1, 2, 3, 4, 5, 6, 7]",93.01580810546875,38.813167095184326,51.92730712890625,158,93.01580810546875,0.0,51.92730712890625,158
2025-07-17T20:31:51.153607,0,30,"[0, 1, 2, 3, 4, 5, 6, 7]",93.01580810546875,38.813167095184326,51.92730712890625,158,93.01580810546875,0.0,51.92730712890625,158
2025-07-17T20:31:51.172588,0,31,"[0, 1, 2, 3, 4, 5, 6, 7]",93.01580810546875,38.816147327423096,51.92730712890625,158,93.01580810546875,0.0,51.92730712890625,158
2025-07-17T20:31:51.279484,0,0,"[0, 1, 3, 4, 5, 6, 7]",93.01580810546875,38.77123737335205,51.92340087890625,158,93.01580810546875,0.0,51.92340087890625,158
2025-07-17T20:31:51.286804,0,1,"[0, 1, 5, 6, 7]",93.01580810546875,38.77123737335205,51.92340087890625,158,93.01580810546875,0.0,51.92340087890625,158
2025-07-17T20:31:51.295132,0,2,"[0, 4, 5, 6, 7]",93.01580810546875,38.77123737335205,51.92340087890625,158,93.01580810546875,0.0,51.92340087890625,158
2025-07-17T20:31:51.303367,0,3,"[0, 2, 3, 4, 6, 7]",93.01580810546875,38.77123737335205,51.92340087890625,158,93.01580810546875,0.0,51.92340087890625,158
2025-07-17T20:31:51.311513,0,4,"[0, 1, 2, 3, 5, 6, 7]",93.01580810546875,38.77123737335205,51.92340087890625,158,93.01580810546875,0.0,51.92340087890625,158
2025-07-17T20:31:51.320200,0,5,"[0, 2, 3, 4, 5, 6, 7]",93.01580810546875,38.77123737335205,51.92340087890625,158,93.01580810546875,0.0,51.92340087890625,158
2025-07-17T20:31:51.327421,0,6,"[0, 2, 3, 4, 6]",93.01580810546875,38.77123737335205,51.92340087890625,158,93.01580810546875,0.0,51.92340087890625,158
2025-07-17T20:31:51.334939,0,7,"[1, 2, 5, 6, 7]",93.01580810546875,38.77123737335205,51.92340087890625,158,93.01580810546875,0.0,51.92340087890625,158
2025-07-17T20:31:51.345050,0,8,"[0, 2, 3, 5]",93.01580810546875,38.77123737335205,51.92340087890625,158,93.01580810546875,0.0,51.92340087890625,158
2025-07-17T20:31:51.353656,0,9,"[0, 1, 3, 4, 5, 6, 7]",93.01580810546875,38.77123737335205,51.92340087890625,158,93.01580810546875,0.0,51.92340087890625,158
2025-07-17T20:31:51.361805,0,10,"[0, 1, 2, 4, 6, 7]",93.01580810546875,38.77123737335205,51.92340087890625,158,93.01580810546875,0.0,51.92340087890625,158
2025-07-17T20:31:51.369446,0,11,"[0, 1, 3, 4, 7]",93.01580810546875,38.77123737335205,51.92340087890625,158,93.01580810546875,0.0,51.92340087890625,158
2025-07-17T20:31:51.377053,0,12,"[1, 3, 4, 7]",93.01580810546875,38.77123737335205,51.92340087890625,158,93.01580810546875,0.0,51.92340087890625,158
2025-07-17T20:31:51.385243,0,13,"[0, 1, 2, 4, 7]",93.01580810546875,38.77123737335205,51.92340087890625,158,93.01580810546875,0.0,51.92340087890625,158
2025-07-17T20:31:51.392643,0,14,"[0, 1, 2, 4]",93.01580810546875,38.77123737335205,51.92340087890625,158,93.01580810546875,0.0,51.92340087890625,158
2025-07-17T20:31:51.400566,0,15,"[1, 2, 3, 4, 6]",93.01580810546875,38.77123737335205,51.92340087890625,158,93.01580810546875,0.0,51.92340087890625,158
2025-07-17T20:31:51.408182,0,16,"[2, 3, 5, 6]",93.01580810546875,38.77123737335205,51.92340087890625,158,93.01580810546875,0.0,51.92340087890625,158
2025-07-17T20:31:51.416545,0,17,"[2, 3, 4, 5, 7]",93.01580810546875,38.77123737335205,51.92340087890625,158,93.01580810546875,0.0,51.92340087890625,158
2025-07-17T20:31:51.423927,0,18,"[0, 1, 3, 4, 5, 7]",93.01580810546875,38.77123737335205,51.92340087890625,158,93.01580810546875,0.0,51.92340087890625,158
2025-07-17T20:31:51.431132,0,19,"[0, 1, 2, 3, 7]",93.01580810546875,38.77123737335205,51.92340087890625,158,93.01580810546875,0.0,51.92340087890625,158
2025-07-17T20:31:51.438184,0,20,"[0, 4, 5, 6]",93.01580810546875,38.77123737335205,51.92340087890625,158,93.01580810546875,0.0,51.92340087890625,158
2025-07-17T20:31:51.445054,0,21,"[0, 1, 3, 4, 6, 7]",93.01580810546875,38.77123737335205,51.92340087890625,158,93.01580810546875,0.0,51.92340087890625,158
2025-07-17T20:31:51.452085,0,22,"[1, 2, 3, 4, 5, 7]",93.01580810546875,38.77123737335205,51.92340087890625,158,93.01580810546875,0.0,51.92340087890625,158
2025-07-17T20:31:51.458841,0,23,"[0, 1, 4, 5, 6, 7]",93.01580810546875,38.77123737335205,51.92340087890625,158,93.01580810546875,0.0,51.92340087890625,158
2025-07-17T20:31:51.465411,0,24,"[1, 3, 4, 5]",93.01580810546875,38.77123737335205,51.92340087890625,158,93.01580810546875,0.0,51.92340087890625,158
2025-07-17T20:31:51.472185,0,25,"[0, 2, 3, 4, 5, 6, 7]",93.01580810546875,38.77123737335205,51.92340087890625,158,93.01580810546875,0.0,51.92340087890625,158
2025-07-17T20:31:51.479001,0,26,"[0, 1, 2, 3, 4, 5, 6, 7]",93.01580810546875,38.77123737335205,51.92340087890625,158,93.01580810546875,0.0,51.92340087890625,158
2025-07-17T20:31:51.485568,0,27,"[1, 2, 3, 4, 6, 7]",93.01580810546875,38.77123737335205,51.92340087890625,158,93.01580810546875,0.0,51.92340087890625,158
2025-07-17T20:31:51.492060,0,28,"[1, 2, 4, 5, 6]",93.01580810546875,38.77123737335205,51.92340087890625,158,93.01580810546875,0.0,51.92340087890625,158
2025-07-17T20:31:51.498398,0,29,"[1, 2, 3, 4, 6, 7]",93.01580810546875,38.77123737335205,51.92340087890625,158,93.01580810546875,0.0,51.92340087890625,158
2025-07-17T20:31:51.504932,0,30,"[0, 1, 4, 5, 7]",93.01580810546875,38.77123737335205,51.92340087890625,158,93.01580810546875,0.0,51.92340087890625,158
2025-07-17T20:31:51.511639,0,31,"[1, 2, 3, 4, 6, 7]",93.01580810546875,38.77402687072754,51.92340087890625,158,93.01580810546875,0.0,51.92340087890625,158
2025-07-17T20:31:52.074670,0,0,"[0, 1, 2, 3, 4, 5, 6, 7]",93.01580810546875,39.374650955200195,47.77691650390625,145,93.01580810546875,0.0,47.77691650390625,145
2025-07-17T20:31:52.344630,1,0,"[0, 1, 2, 3, 4, 5, 6, 7]",93.01580810546875,39.63772010803223,47.24761962890625,143,93.01580810546875,0.0,47.24761962890625,143
2025-07-17T20:31:52.611568,2,0,"[0, 1, 2, 3, 4, 5, 6, 7]",93.01580810546875,39.902482986450195,47.24566650390625,143,93.01580810546875,0.0,47.24566650390625,143
2025-07-17T20:31:52.878677,3,0,"[0, 1, 2, 3, 4, 5, 6, 7]",93.01580810546875,40.16447639465332,46.71636962890625,142,93.01580810546875,0.0,46.71636962890625,142
2025-07-17T20:31:53.144004,4,0,"[0, 1, 2, 3, 4, 5, 6, 7]",93.01580810546875,40.42874336242676,46.71441650390625,142,93.01580810546875,0.0,46.71441650390625,142
2025-07-17T20:31:53.424453,0,1,"[0, 1, 2, 3, 4, 5, 6, 7]",93.01580810546875,40.427927017211914,46.44879150390625,141,93.01580810546875,0.0,46.44879150390625,141
2025-07-17T20:31:53.505177,1,1,"[0, 1, 2, 3, 4, 5, 6, 7]",93.01580810546875,40.4277286529541,46.44879150390625,141,93.01580810546875,0.0,46.44879150390625,141
2025-07-17T20:31:53.588184,2,1,"[0, 1, 2, 3, 4, 5, 6, 7]",93.01580810546875,40.427927017211914,46.44879150390625,141,93.01580810546875,0.0,46.44879150390625,141
2025-07-17T20:31:53.668654,3,1,"[0, 1, 2, 3, 4, 5, 6, 7]",93.01580810546875,40.42773628234863,46.44879150390625,141,93.01580810546875,0.0,46.44879150390625,141
2025-07-17T20:31:53.753031,4,1,"[0, 1, 2, 3, 4, 5, 6, 7]",93.01580810546875,40.427927017211914,46.44879150390625,141,93.01580810546875,0.0,46.44879150390625,141
2025-07-17T20:31:53.836917,0,2,"[0, 1, 2, 3, 4, 5, 6, 7]",93.01580810546875,40.42873573303223,46.44879150390625,141,93.01580810546875,0.0,46.44879150390625,141
2025-07-17T20:31:53.920380,1,2,"[0, 1, 2, 3, 4, 5, 6, 7]",93.01580810546875,40.427927017211914,46.44879150390625,141,93.01580810546875,0.0,46.44879150390625,141
2025-07-17T20:31:54.003913,2,2,"[0, 1, 2, 3, 4, 5, 6, 7]",93.01580810546875,40.42873573303223,46.44879150390625,141,93.01580810546875,0.0,46.44879150390625,141
2025-07-17T20:31:54.086154,3,2,"[0, 1, 2, 3, 4, 5, 6, 7]",93.01580810546875,40.427927017211914,46.44879150390625,141,93.01580810546875,0.0,46.44879150390625,141
2025-07-17T20:31:54.168917,4,2,"[0, 1, 2, 3, 4, 5, 6, 7]",93.01580810546875,40.42873573303223,46.44879150390625,141,93.01580810546875,0.0,46.44879150390625,141
2025-07-17T20:31:54.255524,0,3,"[0, 1, 2, 3, 4, 5, 6, 7]",93.01580810546875,40.427927017211914,46.44879150390625,141,93.01580810546875,0.0,46.44879150390625,141
2025-07-17T20:31:54.350540,1,3,"[0, 1, 2, 3, 4, 5, 6, 7]",93.01580810546875,40.4277286529541,46.44879150390625,141,93.01580810546875,0.0,46.44879150390625,141
2025-07-17T20:31:54.444532,2,3,"[0, 1, 2, 3, 4, 5, 6, 7]",93.01580810546875,40.427927017211914,46.44879150390625,141,93.01580810546875,0.0,46.44879150390625,141
2025-07-17T20:31:54.537308,3,3,"[0, 1, 2, 3, 4, 5, 6, 7]",93.01580810546875,40.42773628234863,46.44879150390625,141,93.01580810546875,0.0,46.44879150390625,141
2025-07-17T20:31:54.627315,4,3,"[0, 1, 2, 3, 4, 5, 6, 7]",93.01580810546875,40.427927017211914,46.44879150390625,141,93.01580810546875,0.0,46.44879150390625,141
2025-07-17T20:31:54.712991,0,4,"[0, 1, 2, 3, 4, 5, 6, 7]",93.01580810546875,40.42873573303223,46.44879150390625,141,93.01580810546875,0.0,46.44879150390625,141
2025-07-17T20:31:54.799668,1,4,"[0, 1, 2, 3, 4, 5, 6, 7]",93.01580810546875,40.427927017211914,46.44879150390625,141,93.01580810546875,0.0,46.44879150390625,141
2025-07-17T20:31:54.884425,2,4,"[0, 1, 2, 3, 4, 5, 6, 7]",93.01580810546875,40.42873573303223,46.44879150390625,141,93.01580810546875,0.0,46.44879150390625,141
2025-07-17T20:31:54.967413,3,4,"[0, 1, 2, 3, 4, 5, 6, 7]",93.01580810546875,40.427927017211914,46.44879150390625,141,93.01580810546875,0.0,46.44879150390625,141
2025-07-17T20:31:55.052188,4,4,"[0, 1, 2, 3, 4, 5, 6, 7]",93.01580810546875,40.42873573303223,46.44879150390625,141,93.01580810546875,0.0,46.44879150390625,141
2025-07-17T20:31:55.136482,0,5,"[0, 1, 2, 3, 4, 5, 6, 7]",93.01580810546875,40.427927017211914,46.44879150390625,141,93.01580810546875,0.0,46.44879150390625,141
2025-07-17T20:31:55.222647,1,5,"[0, 1, 2, 3, 4, 5, 6, 7]",93.01580810546875,40.4277286529541,46.44879150390625,141,93.01580810546875,0.0,46.44879150390625,141
2025-07-17T20:31:55.312197,2,5,"[0, 1, 2, 3, 4, 5, 6, 7]",93.01580810546875,40.427927017211914,46.44879150390625,141,93.01580810546875,0.0,46.44879150390625,141
2025-07-17T20:31:55.402359,3,5,"[0, 1, 2, 3, 4, 5, 6, 7]",93.01580810546875,40.42773628234863,46.44879150390625,141,93.01580810546875,0.0,46.44879150390625,141
2025-07-17T20:31:55.494894,4,5,"[0, 1, 2, 3, 4, 5, 6, 7]",93.01580810546875,40.427927017211914,46.44879150390625,141,93.01580810546875,0.0,46.44879150390625,141
2025-07-17T20:31:55.584820,0,6,"[0, 1, 2, 3, 4, 5, 6, 7]",93.01580810546875,40.42873573303223,46.44879150390625,141,93.01580810546875,0.0,46.44879150390625,141
2025-07-17T20:31:55.671998,1,6,"[0, 1, 2, 3, 4, 5, 6, 7]",93.01580810546875,40.427927017211914,46.44879150390625,141,93.01580810546875,0.0,46.44879150390625,141
2025-07-17T20:31:55.759363,2,6,"[0, 1, 2, 3, 4, 5, 6, 7]",93.01580810546875,40.42873573303223,46.44879150390625,141,93.01580810546875,0.0,46.44879150390625,141
2025-07-17T20:31:55.844370,3,6,"[0, 1, 2, 3, 4, 5, 6, 7]",93.01580810546875,40.427927017211914,46.44879150390625,141,93.01580810546875,0.0,46.44879150390625,141
2025-07-17T20:31:55.927803,4,6,"[0, 1, 2, 3, 4, 5, 6, 7]",93.01580810546875,40.42873573303223,46.44879150390625,141,93.01580810546875,0.0,46.44879150390625,141
2025-07-17T20:31:56.011941,0,7,"[0, 1, 2, 3, 4, 5, 6, 7]",93.01580810546875,40.427927017211914,46.44879150390625,141,93.01580810546875,0.0,46.44879150390625,141
2025-07-17T20:31:56.097670,1,7,"[0, 1, 2, 3, 4, 5, 6, 7]",93.01580810546875,40.4277286529541,46.44879150390625,141,93.01580810546875,0.0,46.44879150390625,141
2025-07-17T20:31:56.184250,2,7,"[0, 1, 2, 3, 4, 5, 6, 7]",93.01580810546875,40.427927017211914,46.44879150390625,141,93.01580810546875,0.0,46.44879150390625,141
2025-07-17T20:31:56.269540,3,7,"[0, 1, 2, 3, 4, 5, 6, 7]",93.01580810546875,40.42773628234863,46.44879150390625,141,93.01580810546875,0.0,46.44879150390625,141
2025-07-17T20:31:56.359516,4,7,"[0, 1, 2, 3, 4, 5, 6, 7]",93.01580810546875,40.427927017211914,46.44879150390625,141,93.01580810546875,0.0,46.44879150390625,141
2025-07-17T20:31:56.449979,0,8,"[0, 1, 2, 3, 4, 5, 6, 7]",93.01580810546875,40.42873573303223,46.44879150390625,141,93.01580810546875,0.0,46.44879150390625,141
2025-07-17T20:31:56.538386,1,8,"[0, 1, 2, 3, 4, 5, 6, 7]",93.01580810546875,40.427927017211914,46.44879150390625,141,93.01580810546875,0.0,46.44879150390625,141
2025-07-17T20:31:56.624523,2,8,"[0, 1, 2, 3, 4, 5, 6, 7]",93.01580810546875,40.42873573303223,46.44879150390625,141,93.01580810546875,0.0,46.44879150390625,141
2025-07-17T20:31:56.710600,3,8,"[0, 1, 2, 3, 4, 5, 6, 7]",93.01580810546875,40.427927017211914,46.44879150390625,141,93.01580810546875,0.0,46.44879150390625,141
2025-07-17T20:31:56.798265,4,8,"[0, 1, 2, 3, 4, 5, 6, 7]",93.01580810546875,40.42873573303223,46.44879150390625,141,93.01580810546875,0.0,46.44879150390625,141
2025-07-17T20:31:56.883795,0,9,"[0, 1, 2, 3, 4, 5, 6, 7]",93.01580810546875,40.427927017211914,46.44879150390625,141,93.01580810546875,0.0,46.44879150390625,141
2025-07-17T20:31:56.968263,1,9,"[0, 1, 2, 3, 4, 5, 6, 7]",93.01580810546875,40.4277286529541,46.44879150390625,141,93.01580810546875,0.0,46.44879150390625,141
2025-07-17T20:31:57.053586,2,9,"[0, 1, 2, 3, 4, 5, 6, 7]",93.01580810546875,40.427927017211914,46.44879150390625,141,93.01580810546875,0.0,46.44879150390625,141
2025-07-17T20:31:57.137915,3,9,"[0, 1, 2, 3, 4, 5, 6, 7]",93.01580810546875,40.42773628234863,46.44879150390625,141,93.01580810546875,0.0,46.44879150390625,141
2025-07-17T20:31:57.223892,4,9,"[0, 1, 2, 3, 4, 5, 6, 7]",93.01580810546875,40.427927017211914,46.44879150390625,141,93.01580810546875,0.0,46.44879150390625,141
2025-07-17T20:31:57.311405,0,10,"[0, 1, 2, 3, 4, 5, 6, 7]",93.01580810546875,40.42873573303223,46.44879150390625,141,93.01580810546875,0.0,46.44879150390625,141
2025-07-17T20:31:57.402184,1,10,"[0, 1, 2, 3, 4, 5, 6, 7]",93.01580810546875,40.427927017211914,46.44879150390625,141,93.01580810546875,0.0,46.44879150390625,141
2025-07-17T20:31:57.490310,2,10,"[0, 1, 2, 3, 4, 5, 6, 7]",93.01580810546875,40.42873573303223,46.44879150390625,141,93.01580810546875,0.0,46.44879150390625,141
2025-07-17T20:31:57.576706,3,10,"[0, 1, 2, 3, 4, 5, 6, 7]",93.01580810546875,40.427927017211914,46.44879150390625,141,93.01580810546875,0.0,46.44879150390625,141
2025-07-17T20:31:57.663873,4,10,"[0, 1, 2, 3, 4, 5, 6, 7]",93.01580810546875,40.42873573303223,46.44879150390625,141,93.01580810546875,0.0,46.44879150390625,141
2025-07-17T20:31:57.751501,0,11,"[0, 1, 2, 3, 4, 5, 6, 7]",93.01580810546875,40.427927017211914,46.44879150390625,141,93.01580810546875,0.0,46.44879150390625,141
2025-07-17T20:31:57.838303,1,11,"[0, 1, 2, 3, 4, 5, 6, 7]",93.01580810546875,40.4277286529541,46.44879150390625,141,93.01580810546875,0.0,46.44879150390625,141
2025-07-17T20:31:57.922202,2,11,"[0, 1, 2, 3, 4, 5, 6, 7]",93.01580810546875,40.427927017211914,46.44879150390625,141,93.01580810546875,0.0,46.44879150390625,141
2025-07-17T20:31:58.005858,3,11,"[0, 1, 2, 3, 4, 5, 6, 7]",93.01580810546875,40.42773628234863,46.44879150390625,141,93.01580810546875,0.0,46.44879150390625,141
2025-07-17T20:31:58.090664,4,11,"[0, 1, 2, 3, 4, 5, 6, 7]",93.01580810546875,40.427927017211914,46.44879150390625,141,93.01580810546875,0.0,46.44879150390625,141
2025-07-17T20:31:58.177872,0,12,"[0, 1, 2, 3, 4, 5, 6, 7]",93.01580810546875,40.42873573303223,46.44879150390625,141,93.01580810546875,0.0,46.44879150390625,141
2025-07-17T20:31:58.264968,1,12,"[0, 1, 2, 3, 4, 5, 6, 7]",93.01580810546875,40.427927017211914,46.44879150390625,141,93.01580810546875,0.0,46.44879150390625,141
2025-07-17T20:31:58.352774,2,12,"[0, 1, 2, 3, 4, 5, 6, 7]",93.01580810546875,40.42873573303223,46.44879150390625,141,93.01580810546875,0.0,46.44879150390625,141
2025-07-17T20:31:58.439379,3,12,"[0, 1, 2, 3, 4, 5, 6, 7]",93.01580810546875,40.427927017211914,46.44879150390625,141,93.01580810546875,0.0,46.44879150390625,141
2025-07-17T20:31:58.526099,4,12,"[0, 1, 2, 3, 4, 5, 6, 7]",93.01580810546875,40.42873573303223,46.44879150390625,141,93.01580810546875,0.0,46.44879150390625,141
2025-07-17T20:31:58.612956,0,13,"[0, 1, 2, 3, 4, 5, 6, 7]",93.01580810546875,40.427927017211914,46.44879150390625,141,93.01580810546875,0.0,46.44879150390625,141
2025-07-17T20:31:58.701858,1,13,"[0, 1, 2, 3, 4, 5, 6, 7]",93.01580810546875,40.4277286529541,46.44879150390625,141,93.01580810546875,0.0,46.44879150390625,141
2025-07-17T20:31:58.788635,2,13,"[0, 1, 2, 3, 4, 5, 6, 7]",93.01580810546875,40.427927017211914,46.44879150390625,141,93.01580810546875,0.0,46.44879150390625,141
2025-07-17T20:31:58.872222,3,13,"[0, 1, 2, 3, 4, 5, 6, 7]",93.01580810546875,40.42773628234863,46.44879150390625,141,93.01580810546875,0.0,46.44879150390625,141
2025-07-17T20:31:58.958805,4,13,"[0, 1, 2, 3, 4, 5, 6, 7]",93.01580810546875,40.427927017211914,46.44879150390625,141,93.01580810546875,0.0,46.44879150390625,141
2025-07-17T20:31:59.044453,0,14,"[0, 1, 2, 3, 4, 5, 6, 7]",93.01580810546875,40.42873573303223,46.44879150390625,141,93.01580810546875,0.0,46.44879150390625,141
2025-07-17T20:31:59.128541,1,14,"[0, 1, 2, 3, 4, 5, 6, 7]",93.01580810546875,40.427927017211914,46.44879150390625,141,93.01580810546875,0.0,46.44879150390625,141
2025-07-17T20:31:59.215821,2,14,"[0, 1, 2, 3, 4, 5, 6, 7]",93.01580810546875,40.42873573303223,46.44879150390625,141,93.01580810546875,0.0,46.44879150390625,141
2025-07-17T20:31:59.301606,3,14,"[0, 1, 2, 3, 4, 5, 6, 7]",93.01580810546875,40.427927017211914,46.44879150390625,141,93.01580810546875,0.0,46.44879150390625,141
2025-07-17T20:31:59.390533,4,14,"[0, 1, 2, 3, 4, 5, 6, 7]",93.01580810546875,40.42873573303223,46.44879150390625,141,93.01580810546875,0.0,46.44879150390625,141
2025-07-17T20:31:59.478421,0,15,"[0, 1, 2, 3, 4, 5, 6, 7]",93.01580810546875,40.427927017211914,46.44879150390625,141,93.01580810546875,0.0,46.44879150390625,141
2025-07-17T20:31:59.565862,1,15,"[0, 1, 2, 3, 4, 5, 6, 7]",93.01580810546875,40.4277286529541,46.44879150390625,141,93.01580810546875,0.0,46.44879150390625,141
2025-07-17T20:31:59.653150,2,15,"[0, 1, 2, 3, 4, 5, 6, 7]",93.01580810546875,40.427927017211914,46.44879150390625,141,93.01580810546875,0.0,46.44879150390625,141
2025-07-17T20:31:59.737998,3,15,"[0, 1, 2, 3, 4, 5, 6, 7]",93.01580810546875,40.42773628234863,46.44879150390625,141,93.01580810546875,0.0,46.44879150390625,141
2025-07-17T20:31:59.823226,4,15,"[0, 1, 2, 3, 4, 5, 6, 7]",93.01580810546875,40.427927017211914,46.44879150390625,141,93.01580810546875,0.0,46.44879150390625,141
2025-07-17T20:31:59.908932,0,16,"[0, 1, 2, 3, 4, 5, 6, 7]",93.01580810546875,40.42873573303223,46.44879150390625,141,93.01580810546875,0.0,46.44879150390625,141
2025-07-17T20:31:59.995420,1,16,"[0, 1, 2, 3, 4, 5, 6, 7]",93.01580810546875,40.427927017211914,46.44879150390625,141,93.01580810546875,0.0,46.44879150390625,141
2025-07-17T20:32:00.082474,2,16,"[0, 1, 2, 3, 4, 5, 6, 7]",93.01580810546875,40.42873573303223,46.44879150390625,141,93.01580810546875,0.0,46.44879150390625,141
2025-07-17T20:32:00.167552,3,16,"[0, 1, 2, 3, 4, 5, 6, 7]",93.01580810546875,40.427927017211914,46.44879150390625,141,93.01580810546875,0.0,46.44879150390625,141
2025-07-17T20:32:00.254320,4,16,"[0, 1, 2, 3, 4, 5, 6, 7]",93.01580810546875,40.42873573303223,46.44879150390625,141,93.01580810546875,0.0,46.44879150390625,141
2025-07-17T20:32:00.342226,0,17,"[0, 1, 2, 3, 4, 5, 6, 7]",93.01580810546875,40.427927017211914,46.44879150390625,141,93.01580810546875,0.0,46.44879150390625,141
2025-07-17T20:32:00.428809,1,17,"[0, 1, 2, 3, 4, 5, 6, 7]",93.01580810546875,40.4277286529541,46.44879150390625,141,93.01580810546875,0.0,46.44879150390625,141
2025-07-17T20:32:00.516726,2,17,"[0, 1, 2, 3, 4, 5, 6, 7]",93.01580810546875,40.427927017211914,46.44879150390625,141,93.01580810546875,0.0,46.44879150390625,141
2025-07-17T20:32:00.603850,3,17,"[0, 1, 2, 3, 4, 5, 6, 7]",93.01580810546875,40.42773628234863,46.44879150390625,141,93.01580810546875,0.0,46.44879150390625,141
2025-07-17T20:32:00.691554,4,17,"[0, 1, 2, 3, 4, 5, 6, 7]",93.01580810546875,40.427927017211914,46.44879150390625,141,93.01580810546875,0.0,46.44879150390625,141
2025-07-17T20:32:00.779341,0,18,"[0, 1, 2, 3, 4, 5, 6, 7]",93.01580810546875,40.42873573303223,46.44879150390625,141,93.01580810546875,0.0,46.44879150390625,141
2025-07-17T20:32:00.865274,1,18,"[0, 1, 2, 3, 4, 5, 6, 7]",93.01580810546875,40.427927017211914,46.44879150390625,141,93.01580810546875,0.0,46.44879150390625,141
2025-07-17T20:32:00.951949,2,18,"[0, 1, 2, 3, 4, 5, 6, 7]",93.01580810546875,40.42873573303223,46.44879150390625,141,93.01580810546875,0.0,46.44879150390625,141
2025-07-17T20:32:01.036642,3,18,"[0, 1, 2, 3, 4, 5, 6, 7]",93.01580810546875,40.427927017211914,46.44879150390625,141,93.01580810546875,0.0,46.44879150390625,141
2025-07-17T20:32:01.122568,4,18,"[0, 1, 2, 3, 4, 5, 6, 7]",93.01580810546875,40.42873573303223,46.44879150390625,141,93.01580810546875,0.0,46.44879150390625,141
2025-07-17T20:32:01.208973,0,19,"[0, 1, 2, 3, 4, 5, 6, 7]",93.01580810546875,40.427927017211914,46.44879150390625,141,93.01580810546875,0.0,46.44879150390625,141
2025-07-17T20:32:01.296828,1,19,"[0, 1, 2, 3, 4, 5, 6, 7]",93.01580810546875,40.4277286529541,46.44879150390625,141,93.01580810546875,0.0,46.44879150390625,141
2025-07-17T20:32:01.384252,2,19,"[0, 1, 2, 3, 4, 5, 6, 7]",93.01580810546875,40.427927017211914,46.44879150390625,141,93.01580810546875,0.0,46.44879150390625,141
2025-07-17T20:32:01.470132,3,19,"[0, 1, 2, 3, 4, 5, 6, 7]",93.01580810546875,40.42773628234863,46.44879150390625,141,93.01580810546875,0.0,46.44879150390625,141
2025-07-17T20:32:01.558355,4,19,"[0, 1, 2, 3, 4, 5, 6, 7]",93.01580810546875,40.427927017211914,46.44879150390625,141,93.01580810546875,0.0,46.44879150390625,141
2025-07-17T20:32:01.646313,0,20,"[0, 1, 2, 3, 4, 5, 6, 7]",93.01580810546875,40.42873573303223,46.44879150390625,141,93.01580810546875,0.0,46.44879150390625,141
2025-07-17T20:32:01.731345,1,20,"[0, 1, 2, 3, 4, 5, 6, 7]",93.01580810546875,40.427927017211914,46.44879150390625,141,93.01580810546875,0.0,46.44879150390625,141
2025-07-17T20:32:01.820179,2,20,"[0, 1, 2, 3, 4, 5, 6, 7]",93.01580810546875,40.42873573303223,46.44879150390625,141,93.01580810546875,0.0,46.44879150390625,141
2025-07-17T20:32:01.906710,3,20,"[0, 1, 2, 3, 4, 5, 6, 7]",93.01580810546875,40.427927017211914,46.44879150390625,141,93.01580810546875,0.0,46.44879150390625,141
2025-07-17T20:32:01.992492,4,20,"[0, 1, 2, 3, 4, 5, 6, 7]",93.01580810546875,40.42873573303223,46.44879150390625,141,93.01580810546875,0.0,46.44879150390625,141
2025-07-17T20:32:02.080090,0,21,"[0, 1, 2, 3, 4, 5, 6, 7]",93.01580810546875,40.427927017211914,46.44879150390625,141,93.01580810546875,0.0,46.44879150390625,141
2025-07-17T20:32:02.167700,1,21,"[0, 1, 2, 3, 4, 5, 6, 7]",93.01580810546875,40.4277286529541,46.44879150390625,141,93.01580810546875,0.0,46.44879150390625,141
2025-07-17T20:32:02.255142,2,21,"[0, 1, 2, 3, 4, 5, 6, 7]",93.01580810546875,40.427927017211914,46.44879150390625,141,93.01580810546875,0.0,46.44879150390625,141
2025-07-17T20:32:02.341054,3,21,"[0, 1, 2, 3, 4, 5, 6, 7]",93.01580810546875,40.42773628234863,46.44879150390625,141,93.01580810546875,0.0,46.44879150390625,141
2025-07-17T20:32:02.428338,4,21,"[0, 1, 2, 3, 4, 5, 6, 7]",93.01580810546875,40.427927017211914,46.44879150390625,141,93.01580810546875,0.0,46.44879150390625,141
2025-07-17T20:32:02.515753,0,22,"[0, 1, 2, 3, 4, 5, 6, 7]",93.01580810546875,40.42873573303223,46.44879150390625,141,93.01580810546875,0.0,46.44879150390625,141
2025-07-17T20:32:02.603979,1,22,"[0, 1, 2, 3, 4, 5, 6, 7]",93.01580810546875,40.427927017211914,46.44879150390625,141,93.01580810546875,0.0,46.44879150390625,141
2025-07-17T20:32:02.690856,2,22,"[0, 1, 2, 3, 4, 5, 6, 7]",93.01580810546875,40.42873573303223,46.44879150390625,141,93.01580810546875,0.0,46.44879150390625,141
2025-07-17T20:32:02.776929,3,22,"[0, 1, 2, 3, 4, 5, 6, 7]",93.01580810546875,40.427927017211914,46.44879150390625,141,93.01580810546875,0.0,46.44879150390625,141
2025-07-17T20:32:02.864266,4,22,"[0, 1, 2, 3, 4, 5, 6, 7]",93.01580810546875,40.42873573303223,46.44879150390625,141,93.01580810546875,0.0,46.44879150390625,141
2025-07-17T20:32:02.951126,0,23,"[0, 1, 2, 3, 4, 5, 6, 7]",93.01580810546875,40.427927017211914,46.44879150390625,141,93.01580810546875,0.0,46.44879150390625,141
2025-07-17T20:32:03.038558,1,23,"[0, 1, 2, 3, 4, 5, 6, 7]",93.01580810546875,40.4277286529541,46.44879150390625,141,93.01580810546875,0.0,46.44879150390625,141
2025-07-17T20:32:03.123983,2,23,"[0, 1, 2, 3, 4, 5, 6, 7]",93.01580810546875,40.427927017211914,46.44879150390625,141,93.01580810546875,0.0,46.44879150390625,141
2025-07-17T20:32:03.209925,3,23,"[0, 1, 2, 3, 4, 5, 6, 7]",93.01580810546875,40.42773628234863,46.44879150390625,141,93.01580810546875,0.0,46.44879150390625,141
2025-07-17T20:32:03.296941,4,23,"[0, 1, 2, 3, 4, 5, 6, 7]",93.01580810546875,40.427927017211914,46.44879150390625,141,93.01580810546875,0.0,46.44879150390625,141
2025-07-17T20:32:03.384445,0,24,"[0, 1, 2, 3, 4, 5, 6, 7]",93.01580810546875,40.42873573303223,46.44879150390625,141,93.01580810546875,0.0,46.44879150390625,141
2025-07-17T20:32:03.471622,1,24,"[0, 1, 2, 3, 4, 5, 6, 7]",93.01580810546875,40.427927017211914,46.44879150390625,141,93.01580810546875,0.0,46.44879150390625,141
2025-07-17T20:32:03.560698,2,24,"[0, 1, 2, 3, 4, 5, 6, 7]",93.01580810546875,40.42873573303223,46.44879150390625,141,93.01580810546875,0.0,46.44879150390625,141
2025-07-17T20:32:03.646723,3,24,"[0, 1, 2, 3, 4, 5, 6, 7]",93.01580810546875,40.427927017211914,46.44879150390625,141,93.01580810546875,0.0,46.44879150390625,141
2025-07-17T20:32:03.732270,4,24,"[0, 1, 2, 3, 4, 5, 6, 7]",93.01580810546875,40.42873573303223,46.44879150390625,141,93.01580810546875,0.0,46.44879150390625,141
2025-07-17T20:32:03.821036,0,25,"[0, 1, 2, 3, 4, 5, 6, 7]",93.01580810546875,40.427927017211914,46.44879150390625,141,93.01580810546875,0.0,46.44879150390625,141
2025-07-17T20:32:03.909311,1,25,"[0, 1, 2, 3, 4, 5, 6, 7]",93.01580810546875,40.4277286529541,46.44879150390625,141,93.01580810546875,0.0,46.44879150390625,141
2025-07-17T20:32:03.997209,2,25,"[0, 1, 2, 3, 4, 5, 6, 7]",93.01580810546875,40.427927017211914,46.44879150390625,141,93.01580810546875,0.0,46.44879150390625,141
2025-07-17T20:32:04.082500,3,25,"[0, 1, 2, 3, 4, 5, 6, 7]",93.01580810546875,40.42773628234863,46.44879150390625,141,93.01580810546875,0.0,46.44879150390625,141
2025-07-17T20:32:04.170046,4,25,"[0, 1, 2, 3, 4, 5, 6, 7]",93.01580810546875,40.427927017211914,46.44879150390625,141,93.01580810546875,0.0,46.44879150390625,141
2025-07-17T20:32:04.258755,0,26,"[0, 1, 2, 3, 4, 5, 6, 7]",93.01580810546875,40.42873573303223,46.44879150390625,141,93.01580810546875,0.0,46.44879150390625,141
2025-07-17T20:32:04.346559,1,26,"[0, 1, 2, 3, 4, 5, 6, 7]",93.01580810546875,40.427927017211914,46.44879150390625,141,93.01580810546875,0.0,46.44879150390625,141
2025-07-17T20:32:04.431977,2,26,"[0, 1, 2, 3, 4, 5, 6, 7]",93.01580810546875,40.42873573303223,46.44879150390625,141,93.01580810546875,0.0,46.44879150390625,141
2025-07-17T20:32:04.518846,3,26,"[0, 1, 2, 3, 4, 5, 6, 7]",93.01580810546875,40.427927017211914,46.44879150390625,141,93.01580810546875,0.0,46.44879150390625,141
2025-07-17T20:32:04.606723,4,26,"[0, 1, 2, 3, 4, 5, 6, 7]",93.01580810546875,40.42873573303223,46.44879150390625,141,93.01580810546875,0.0,46.44879150390625,141
2025-07-17T20:32:04.693901,0,27,"[0, 1, 2, 3, 4, 5, 6, 7]",93.01580810546875,40.427927017211914,46.44879150390625,141,93.01580810546875,0.0,46.44879150390625,141
2025-07-17T20:32:04.782009,1,27,"[0, 1, 2, 3, 4, 5, 6, 7]",93.01580810546875,40.4277286529541,46.44879150390625,141,93.01580810546875,0.0,46.44879150390625,141
2025-07-17T20:32:04.870954,2,27,"[0, 1, 2, 3, 4, 5, 6, 7]",93.01580810546875,40.427927017211914,46.44879150390625,141,93.01580810546875,0.0,46.44879150390625,141
2025-07-17T20:32:04.957142,3,27,"[0, 1, 2, 3, 4, 5, 6, 7]",93.01580810546875,40.42773628234863,46.44879150390625,141,93.01580810546875,0.0,46.44879150390625,141
2025-07-17T20:32:05.044071,4,27,"[0, 1, 2, 3, 4, 5, 6, 7]",93.01580810546875,40.427927017211914,46.44879150390625,141,93.01580810546875,0.0,46.44879150390625,141
2025-07-17T20:32:05.129598,0,28,"[0, 1, 2, 3, 4, 5, 6, 7]",93.01580810546875,40.42873573303223,46.44879150390625,141,93.01580810546875,0.0,46.44879150390625,141
2025-07-17T20:32:05.217648,1,28,"[0, 1, 2, 3, 4, 5, 6, 7]",93.01580810546875,40.427927017211914,46.44879150390625,141,93.01580810546875,0.0,46.44879150390625,141
2025-07-17T20:32:05.305263,2,28,"[0, 1, 2, 3, 4, 5, 6, 7]",93.01580810546875,40.42873573303223,46.44879150390625,141,93.01580810546875,0.0,46.44879150390625,141
2025-07-17T20:32:05.390838,3,28,"[0, 1, 2, 3, 4, 5, 6, 7]",93.01580810546875,40.427927017211914,46.44879150390625,141,93.01580810546875,0.0,46.44879150390625,141
2025-07-17T20:32:05.478755,4,28,"[0, 1, 2, 3, 4, 5, 6, 7]",93.01580810546875,40.42873573303223,46.44879150390625,141,93.01580810546875,0.0,46.44879150390625,141
2025-07-17T20:32:05.566636,0,29,"[0, 1, 2, 3, 4, 5, 6, 7]",93.01580810546875,40.427927017211914,46.44879150390625,141,93.01580810546875,0.0,46.44879150390625,141
2025-07-17T20:32:05.653371,1,29,"[0, 1, 2, 3, 4, 5, 6, 7]",93.01580810546875,40.4277286529541,46.44879150390625,141,93.01580810546875,0.0,46.44879150390625,141
2025-07-17T20:32:05.740876,2,29,"[0, 1, 2, 3, 4, 5, 6, 7]",93.01580810546875,40.427927017211914,46.44879150390625,141,93.01580810546875,0.0,46.44879150390625,141
2025-07-17T20:32:05.826588,3,29,"[0, 1, 2, 3, 4, 5, 6, 7]",93.01580810546875,40.42773628234863,46.44879150390625,141,93.01580810546875,0.0,46.44879150390625,141
2025-07-17T20:32:05.911997,4,29,"[0, 1, 2, 3, 4, 5, 6, 7]",93.01580810546875,40.427927017211914,46.44879150390625,141,93.01580810546875,0.0,46.44879150390625,141
2025-07-17T20:32:05.999300,0,30,"[0, 1, 2, 3, 4, 5, 6, 7]",93.01580810546875,40.42873573303223,46.44879150390625,141,93.01580810546875,0.0,46.44879150390625,141
2025-07-17T20:32:06.086677,1,30,"[0, 1, 2, 3, 4, 5, 6, 7]",93.01580810546875,40.427927017211914,46.44879150390625,141,93.01580810546875,0.0,46.44879150390625,141
2025-07-17T20:32:06.172898,2,30,"[0, 1, 2, 3, 4, 5, 6, 7]",93.01580810546875,40.42873573303223,46.44879150390625,141,93.01580810546875,0.0,46.44879150390625,141
2025-07-17T20:32:06.258895,3,30,"[0, 1, 2, 3, 4, 5, 6, 7]",93.01580810546875,40.427927017211914,46.44879150390625,141,93.01580810546875,0.0,46.44879150390625,141
2025-07-17T20:32:06.346423,4,30,"[0, 1, 2, 3, 4, 5, 6, 7]",93.01580810546875,40.42873573303223,46.44879150390625,141,93.01580810546875,0.0,46.44879150390625,141
2025-07-17T20:32:06.432073,0,31,"[0, 1, 2, 3, 4, 5, 6, 7]",93.01580810546875,40.43631839752197,46.44879150390625,141,93.01580810546875,0.0,46.44879150390625,141
2025-07-17T20:32:06.535407,1,31,"[0, 1, 2, 3, 4, 5, 6, 7]",93.01580810546875,40.17264652252197,46.44879150390625,141,93.01580810546875,0.0,46.44879150390625,141
2025-07-17T20:32:06.631426,2,31,"[0, 1, 2, 3, 4, 5, 6, 7]",93.01580810546875,39.90897464752197,46.44879150390625,141,93.01580810546875,0.0,46.44879150390625,141
2025-07-17T20:32:06.728285,3,31,"[0, 1, 2, 3, 4, 5, 6, 7]",93.01580810546875,39.64530277252197,46.44879150390625,141,93.01580810546875,0.0,46.44879150390625,141
2025-07-17T20:32:06.824125,4,31,"[0, 1, 2, 3, 4, 5, 6, 7]",93.01580810546875,39.38222599029541,46.44879150390625,141,93.01580810546875,0.0,46.44879150390625,141
2025-07-17T20:32:06.934010,0,0,"[0, 1, 2, 3, 7]",93.01580810546875,38.85301399230957,46.44488525390625,141,93.01580810546875,0.0,46.44488525390625,141
2025-07-17T20:32:06.942925,1,0,"[0, 7]",93.01580810546875,38.85698890686035,46.44488525390625,141,93.01580810546875,0.0,46.44488525390625,141
2025-07-17T20:32:06.950568,2,0,"[0, 1, 2, 3, 4, 6, 7]",93.01580810546875,38.86073112487793,46.44293212890625,141,93.01580810546875,0.0,46.44293212890625,141
2025-07-17T20:32:06.954387,3,0,"[0, 7]",93.01580810546875,38.86438179016113,46.44293212890625,141,93.01580810546875,0.0,46.44293212890625,141
2025-07-17T20:32:06.966069,4,0,"[0, 7]",93.01580810546875,38.86540412902832,46.44097900390625,141,93.01580810546875,0.0,46.44097900390625,141
2025-07-17T20:32:06.973394,0,1,"[0, 1, 2, 4, 5, 6, 7]",93.01580810546875,38.86540412902832,46.44097900390625,141,93.01580810546875,0.0,46.44097900390625,141
2025-07-17T20:32:06.980682,1,1,"[1, 3, 6, 7]",93.01580810546875,38.86540412902832,46.44097900390625,141,93.01580810546875,0.0,46.44097900390625,141
2025-07-17T20:32:06.987939,2,1,"[0, 1, 2, 3, 6, 7]",93.01580810546875,38.86540412902832,46.44097900390625,141,93.01580810546875,0.0,46.44097900390625,141
2025-07-17T20:32:06.990681,3,1,"[1, 3, 6, 7]",93.01580810546875,38.86540412902832,46.44097900390625,141,93.01580810546875,0.0,46.44097900390625,141
2025-07-17T20:32:06.997585,4,1,"[1, 3, 6, 7]",93.01580810546875,38.86540412902832,46.44097900390625,141,93.01580810546875,0.0,46.44097900390625,141
2025-07-17T20:32:07.005091,0,2,"[0, 3, 6, 7]",93.01580810546875,38.86540412902832,46.44097900390625,141,93.01580810546875,0.0,46.44097900390625,141
2025-07-17T20:32:07.017261,1,2,"[0, 1, 3, 5, 6, 7]",93.01580810546875,38.86540412902832,46.44097900390625,141,93.01580810546875,0.0,46.44097900390625,141
2025-07-17T20:32:07.019833,2,2,"[0, 1, 2, 3, 4, 6, 7]",93.01580810546875,38.86540412902832,46.44097900390625,141,93.01580810546875,0.0,46.44097900390625,141
2025-07-17T20:32:07.030761,3,2,"[0, 1, 3, 5, 6, 7]",93.01580810546875,38.86540412902832,46.44097900390625,141,93.01580810546875,0.0,46.44097900390625,141
2025-07-17T20:32:07.038622,4,2,"[0, 1, 3, 5, 6, 7]",93.01580810546875,38.86540412902832,46.44097900390625,141,93.01580810546875,0.0,46.44097900390625,141
2025-07-17T20:32:07.045289,0,3,"[0, 2, 3, 4, 5, 6]",93.01580810546875,38.86482238769531,46.44097900390625,141,93.01580810546875,0.0,46.44097900390625,141
2025-07-17T20:32:07.053997,1,3,"[0, 1, 3, 4, 5, 6]",93.01580810546875,38.86482238769531,46.44097900390625,141,93.01580810546875,0.0,46.44097900390625,141
2025-07-17T20:32:07.060777,2,3,"[0, 2, 3, 4, 5, 6, 7]",93.01580810546875,38.86482238769531,46.44097900390625,141,93.01580810546875,0.0,46.44097900390625,141
2025-07-17T20:32:07.067582,3,3,"[0, 1, 3, 4, 5, 6]",93.01580810546875,38.86456489562988,46.44097900390625,141,93.01580810546875,0.0,46.44097900390625,141
2025-07-17T20:32:07.074067,4,3,"[0, 1, 3, 4, 5, 6]",93.01580810546875,38.86540412902832,46.44097900390625,141,93.01580810546875,0.0,46.44097900390625,141
2025-07-17T20:32:07.080349,0,4,"[0, 1, 3, 4, 5, 6, 7]",93.01580810546875,38.86540412902832,46.44097900390625,141,93.01580810546875,0.0,46.44097900390625,141
2025-07-17T20:32:07.086073,1,4,"[0, 1, 3, 6, 7]",93.01580810546875,38.86482238769531,46.44097900390625,141,93.01580810546875,0.0,46.44097900390625,141
2025-07-17T20:32:07.096915,2,4,"[0, 1, 3, 4, 5, 6, 7]",93.01580810546875,38.86482238769531,46.44097900390625,141,93.01580810546875,0.0,46.44097900390625,141
2025-07-17T20:32:07.103958,3,4,"[0, 1, 3, 6, 7]",93.01580810546875,38.86482238769531,46.44097900390625,141,93.01580810546875,0.0,46.44097900390625,141
2025-07-17T20:32:07.112695,4,4,"[0, 1, 3, 6, 7]",93.01580810546875,38.86456489562988,46.44097900390625,141,93.01580810546875,0.0,46.44097900390625,141
2025-07-17T20:32:07.119786,0,5,"[0, 1, 2, 3, 4, 5, 6, 7]",93.01580810546875,38.86456489562988,46.44097900390625,141,93.01580810546875,0.0,46.44097900390625,141
2025-07-17T20:32:07.126928,1,5,"[0, 1, 2, 3, 5, 6, 7]",93.01580810546875,38.86540412902832,46.44097900390625,141,93.01580810546875,0.0,46.44097900390625,141
2025-07-17T20:32:07.133336,2,5,"[0, 1, 2, 3, 4, 5, 6, 7]",93.01580810546875,38.86540412902832,46.44097900390625,141,93.01580810546875,0.0,46.44097900390625,141
2025-07-17T20:32:07.140745,3,5,"[0, 1, 2, 3, 5, 6, 7]",93.01580810546875,38.86540412902832,46.44097900390625,141,93.01580810546875,0.0,46.44097900390625,141
2025-07-17T20:32:07.147903,4,5,"[0, 1, 2, 3, 5, 6, 7]",93.01580810546875,38.86540412902832,46.44097900390625,141,93.01580810546875,0.0,46.44097900390625,141
2025-07-17T20:32:07.154518,0,6,"[0, 1, 2, 3, 4, 5, 6, 7]",93.01580810546875,38.86540412902832,46.44097900390625,141,93.01580810546875,0.0,46.44097900390625,141
2025-07-17T20:32:07.162079,1,6,"[0, 1, 5, 6, 7]",93.01580810546875,38.86540412902832,46.44097900390625,141,93.01580810546875,0.0,46.44097900390625,141
2025-07-17T20:32:07.168701,2,6,"[0, 1, 2, 3, 4, 5, 6, 7]",93.01580810546875,38.86540412902832,46.44097900390625,141,93.01580810546875,0.0,46.44097900390625,141
2025-07-17T20:32:07.175846,3,6,"[0, 1, 5, 6, 7]",93.01580810546875,38.86540412902832,46.44097900390625,141,93.01580810546875,0.0,46.44097900390625,141
2025-07-17T20:32:07.183126,4,6,"[0, 1, 5, 6, 7]",93.01580810546875,38.86540412902832,46.44097900390625,141,93.01580810546875,0.0,46.44097900390625,141
2025-07-17T20:32:07.189998,0,7,"[0, 1, 2, 3, 4, 5, 6]",93.01580810546875,38.86540412902832,46.44097900390625,141,93.01580810546875,0.0,46.44097900390625,141
2025-07-17T20:32:07.196835,1,7,"[0, 1, 2, 5, 6]",93.01580810546875,38.86540412902832,46.44097900390625,141,93.01580810546875,0.0,46.44097900390625,141
2025-07-17T20:32:07.205428,2,7,"[0, 1, 2, 5, 6]",93.01580810546875,38.86540412902832,46.44097900390625,141,93.01580810546875,0.0,46.44097900390625,141
2025-07-17T20:32:07.212955,3,7,"[0, 1, 2, 5, 6]",93.01580810546875,38.86482238769531,46.44097900390625,141,93.01580810546875,0.0,46.44097900390625,141
2025-07-17T20:32:07.219983,4,7,"[0, 1, 2, 5, 6]",93.01580810546875,38.86482238769531,46.44097900390625,141,93.01580810546875,0.0,46.44097900390625,141
2025-07-17T20:32:07.227817,0,8,"[0, 2, 3, 4, 5, 6, 7]",93.01580810546875,38.86482238769531,46.44097900390625,141,93.01580810546875,0.0,46.44097900390625,141
2025-07-17T20:32:07.235001,1,8,"[0, 2, 3, 4, 5, 6, 7]",93.01580810546875,38.86456489562988,46.44097900390625,141,93.01580810546875,0.0,46.44097900390625,141
2025-07-17T20:32:07.242649,2,8,"[0, 1, 2, 3, 4, 5, 6, 7]",93.01580810546875,38.86540412902832,46.44097900390625,141,93.01580810546875,0.0,46.44097900390625,141
2025-07-17T20:32:07.250037,3,8,"[0, 2, 3, 4, 5, 6, 7]",93.01580810546875,38.86540412902832,46.44097900390625,141,93.01580810546875,0.0,46.44097900390625,141
2025-07-17T20:32:07.256383,4,8,"[0, 2, 3, 4, 5, 6, 7]",93.01580810546875,38.86540412902832,46.44097900390625,141,93.01580810546875,0.0,46.44097900390625,141
2025-07-17T20:32:07.263513,0,9,"[1, 2, 3, 4, 5, 6, 7]",93.01580810546875,38.86540412902832,46.44097900390625,141,93.01580810546875,0.0,46.44097900390625,141
2025-07-17T20:32:07.270727,1,9,"[3, 4, 5, 6, 7]",93.01580810546875,38.86540412902832,46.44097900390625,141,93.01580810546875,0.0,46.44097900390625,141
2025-07-17T20:32:07.273364,2,9,"[0, 1, 2, 3, 4, 5, 6, 7]",93.01580810546875,38.86540412902832,46.44097900390625,141,93.01580810546875,0.0,46.44097900390625,141
2025-07-17T20:32:07.285475,3,9,"[3, 4, 5, 6, 7]",93.01580810546875,38.86540412902832,46.44097900390625,141,93.01580810546875,0.0,46.44097900390625,141
2025-07-17T20:32:07.287993,4,9,"[3, 4, 5, 6, 7]",93.01580810546875,38.86540412902832,46.44097900390625,141,93.01580810546875,0.0,46.44097900390625,141
2025-07-17T20:32:07.300118,0,10,"[0, 2, 3, 4, 6, 7]",93.01580810546875,38.86540412902832,46.44097900390625,141,93.01580810546875,0.0,46.44097900390625,141
2025-07-17T20:32:07.302301,1,10,"[0, 1, 2, 6, 7]",93.01580810546875,38.86540412902832,46.44097900390625,141,93.01580810546875,0.0,46.44097900390625,141
2025-07-17T20:32:07.309638,2,10,"[0, 1, 2, 4, 5, 6, 7]",93.01580810546875,38.86540412902832,46.44097900390625,141,93.01580810546875,0.0,46.44097900390625,141
2025-07-17T20:32:07.315958,3,10,"[0, 1, 2, 6, 7]",93.01580810546875,38.86540412902832,46.44097900390625,141,93.01580810546875,0.0,46.44097900390625,141
2025-07-17T20:32:07.322903,4,10,"[0, 1, 2, 6, 7]",93.01580810546875,38.86540412902832,46.44097900390625,141,93.01580810546875,0.0,46.44097900390625,141
2025-07-17T20:32:07.329048,0,11,"[1, 2, 4, 5, 6, 7]",93.01580810546875,38.86540412902832,46.44097900390625,141,93.01580810546875,0.0,46.44097900390625,141
2025-07-17T20:32:07.340273,1,11,"[2, 4, 5, 6, 7]",93.01580810546875,38.86540412902832,46.44097900390625,141,93.01580810546875,0.0,46.44097900390625,141
2025-07-17T20:32:07.347549,2,11,"[0, 1, 2, 3, 4, 5, 6, 7]",93.01580810546875,38.86456489562988,46.44097900390625,141,93.01580810546875,0.0,46.44097900390625,141
2025-07-17T20:32:07.355004,3,11,"[2, 4, 5, 6, 7]",93.01580810546875,38.86456489562988,46.44097900390625,141,93.01580810546875,0.0,46.44097900390625,141
2025-07-17T20:32:07.357553,4,11,"[2, 4, 5, 6, 7]",93.01580810546875,38.86456489562988,46.44097900390625,141,93.01580810546875,0.0,46.44097900390625,141
2025-07-17T20:32:07.368896,0,12,"[0, 1, 3, 4, 5, 6]",93.01580810546875,38.86456489562988,46.44097900390625,141,93.01580810546875,0.0,46.44097900390625,141
2025-07-17T20:32:07.375848,1,12,"[0, 1, 3, 5, 7]",93.01580810546875,38.86456489562988,46.44097900390625,141,93.01580810546875,0.0,46.44097900390625,141
2025-07-17T20:32:07.383057,2,12,"[0, 1, 2, 3, 4, 5, 6, 7]",93.01580810546875,38.86540412902832,46.44097900390625,141,93.01580810546875,0.0,46.44097900390625,141
2025-07-17T20:32:07.385876,3,12,"[0, 1, 3, 5, 7]",93.01580810546875,38.86540412902832,46.44097900390625,141,93.01580810546875,0.0,46.44097900390625,141
2025-07-17T20:32:07.392956,4,12,"[0, 1, 3, 5, 7]",93.01580810546875,38.86540412902832,46.44097900390625,141,93.01580810546875,0.0,46.44097900390625,141
2025-07-17T20:32:07.400604,0,13,"[0, 1, 2, 3, 4, 7]",93.01580810546875,38.86540412902832,46.44097900390625,141,93.01580810546875,0.0,46.44097900390625,141
2025-07-17T20:32:07.406963,1,13,"[0, 1, 2, 4, 7]",93.01580810546875,38.86540412902832,46.44097900390625,141,93.01580810546875,0.0,46.44097900390625,141
2025-07-17T20:32:07.413737,2,13,"[0, 1, 2, 3, 4, 5, 6, 7]",93.01580810546875,38.86540412902832,46.44097900390625,141,93.01580810546875,0.0,46.44097900390625,141
2025-07-17T20:32:07.419598,3,13,"[0, 1, 2, 4, 7]",93.01580810546875,38.86540412902832,46.44097900390625,141,93.01580810546875,0.0,46.44097900390625,141
2025-07-17T20:32:07.426100,4,13,"[0, 1, 2, 4, 7]",93.01580810546875,38.86540412902832,46.44097900390625,141,93.01580810546875,0.0,46.44097900390625,141
2025-07-17T20:32:07.432771,0,14,"[0, 2, 4, 5, 7]",93.01580810546875,38.86540412902832,46.44097900390625,141,93.01580810546875,0.0,46.44097900390625,141
2025-07-17T20:32:07.439634,1,14,"[0, 2, 4, 5, 7]",93.01580810546875,38.86540412902832,46.44097900390625,141,93.01580810546875,0.0,46.44097900390625,141
2025-07-17T20:32:07.451320,2,14,"[0, 1, 2, 4, 5, 6, 7]",93.01580810546875,38.86540412902832,46.44097900390625,141,93.01580810546875,0.0,46.44097900390625,141
2025-07-17T20:32:07.453314,3,14,"[0, 2, 4, 5, 7]",93.01580810546875,38.86540412902832,46.44097900390625,141,93.01580810546875,0.0,46.44097900390625,141
2025-07-17T20:32:07.460286,4,14,"[0, 2, 4, 5, 7]",93.01580810546875,38.86540412902832,46.44097900390625,141,93.01580810546875,0.0,46.44097900390625,141
2025-07-17T20:32:07.467543,0,15,"[0, 3, 4, 5, 6]",93.01580810546875,38.86540412902832,46.44097900390625,141,93.01580810546875,0.0,46.44097900390625,141
2025-07-17T20:32:07.473941,1,15,"[0, 1, 3, 4, 5]",93.01580810546875,38.86540412902832,46.44097900390625,141,93.01580810546875,0.0,46.44097900390625,141
2025-07-17T20:32:07.480943,2,15,"[0, 1, 2, 3, 4, 5, 6]",93.01580810546875,38.86540412902832,46.44097900390625,141,93.01580810546875,0.0,46.44097900390625,141
2025-07-17T20:32:07.492413,3,15,"[0, 1, 3, 4, 5]",93.01580810546875,38.86540412902832,46.44097900390625,141,93.01580810546875,0.0,46.44097900390625,141
2025-07-17T20:32:07.494457,4,15,"[0, 1, 3, 4, 5]",93.01580810546875,38.86540412902832,46.44097900390625,141,93.01580810546875,0.0,46.44097900390625,141
2025-07-17T20:32:07.501147,0,16,"[0, 3, 4, 5, 6, 7]",93.01580810546875,38.86540412902832,46.44097900390625,141,93.01580810546875,0.0,46.44097900390625,141
2025-07-17T20:32:07.508161,1,16,"[3, 5, 6, 7]",93.01580810546875,38.86540412902832,46.44097900390625,141,93.01580810546875,0.0,46.44097900390625,141
2025-07-17T20:32:07.515644,2,16,"[1, 2, 3, 4, 5, 6, 7]",93.01580810546875,38.86540412902832,46.44097900390625,141,93.01580810546875,0.0,46.44097900390625,141
2025-07-17T20:32:07.522385,3,16,"[3, 5, 6, 7]",93.01580810546875,38.86540412902832,46.44097900390625,141,93.01580810546875,0.0,46.44097900390625,141
2025-07-17T20:32:07.533958,4,16,"[3, 5, 6, 7]",93.01580810546875,38.86540412902832,46.44097900390625,141,93.01580810546875,0.0,46.44097900390625,141
2025-07-17T20:32:07.541379,0,17,"[0, 1, 2, 3, 4, 5, 6, 7]",93.01580810546875,38.86540412902832,46.44097900390625,141,93.01580810546875,0.0,46.44097900390625,141
2025-07-17T20:32:07.543627,1,17,"[0, 2, 3, 4, 6, 7]",93.01580810546875,38.86540412902832,46.44097900390625,141,93.01580810546875,0.0,46.44097900390625,141
2025-07-17T20:32:07.556213,2,17,"[0, 1, 3, 4, 6, 7]",93.01580810546875,38.86540412902832,46.44097900390625,141,93.01580810546875,0.0,46.44097900390625,141
2025-07-17T20:32:07.559068,3,17,"[0, 2, 3, 4, 6, 7]",93.01580810546875,38.86540412902832,46.44097900390625,141,93.01580810546875,0.0,46.44097900390625,141
2025-07-17T20:32:07.565794,4,17,"[0, 2, 3, 4, 6, 7]",93.01580810546875,38.86540412902832,46.44097900390625,141,93.01580810546875,0.0,46.44097900390625,141
2025-07-17T20:32:07.573677,0,18,"[0, 1, 3, 4, 5, 7]",93.01580810546875,38.86540412902832,46.44097900390625,141,93.01580810546875,0.0,46.44097900390625,141
2025-07-17T20:32:07.585438,1,18,"[0, 1, 3, 7]",93.01580810546875,38.86540412902832,46.44097900390625,141,93.01580810546875,0.0,46.44097900390625,141
2025-07-17T20:32:07.587728,2,18,"[0, 1, 4, 5, 7]",93.01580810546875,38.86540412902832,46.44097900390625,141,93.01580810546875,0.0,46.44097900390625,141
2025-07-17T20:32:07.595197,3,18,"[0, 1, 3, 7]",93.01580810546875,38.86540412902832,46.44097900390625,141,93.01580810546875,0.0,46.44097900390625,141
2025-07-17T20:32:07.601940,4,18,"[0, 1, 3, 7]",93.01580810546875,38.86540412902832,46.44097900390625,141,93.01580810546875,0.0,46.44097900390625,141
2025-07-17T20:32:07.614032,0,19,"[0, 2, 3, 4, 5, 6, 7]",93.01580810546875,38.86540412902832,46.44097900390625,141,93.01580810546875,0.0,46.44097900390625,141
2025-07-17T20:32:07.620852,1,19,"[0, 2, 4, 6, 7]",93.01580810546875,38.86540412902832,46.44097900390625,141,93.01580810546875,0.0,46.44097900390625,141
2025-07-17T20:32:07.628193,2,19,"[1, 2, 3, 4, 5, 6, 7]",93.01580810546875,38.86540412902832,46.44097900390625,141,93.01580810546875,0.0,46.44097900390625,141
2025-07-17T20:32:07.634810,3,19,"[0, 2, 4, 6, 7]",93.01580810546875,38.86540412902832,46.44097900390625,141,93.01580810546875,0.0,46.44097900390625,141
2025-07-17T20:32:07.641615,4,19,"[0, 2, 4, 6, 7]",93.01580810546875,38.86540412902832,46.44097900390625,141,93.01580810546875,0.0,46.44097900390625,141
2025-07-17T20:32:07.648145,0,20,"[0, 1, 2, 3, 5, 6, 7]",93.01580810546875,38.86540412902832,46.44097900390625,141,93.01580810546875,0.0,46.44097900390625,141
2025-07-17T20:32:07.655015,1,20,"[0, 1, 2, 3, 5, 6]",93.01580810546875,38.86540412902832,46.44097900390625,141,93.01580810546875,0.0,46.44097900390625,141
2025-07-17T20:32:07.661979,2,20,"[0, 1, 2, 3, 4, 6, 7]",93.01580810546875,38.86540412902832,46.44097900390625,141,93.01580810546875,0.0,46.44097900390625,141
2025-07-17T20:32:07.668906,3,20,"[0, 1, 2, 3, 5, 6]",93.01580810546875,38.86540412902832,46.44097900390625,141,93.01580810546875,0.0,46.44097900390625,141
2025-07-17T20:32:07.675975,4,20,"[0, 1, 2, 3, 5, 6]",93.01580810546875,38.86540412902832,46.44097900390625,141,93.01580810546875,0.0,46.44097900390625,141
2025-07-17T20:32:07.682890,0,21,"[0, 1, 2, 3, 4, 5, 7]",93.01580810546875,38.86540412902832,46.44097900390625,141,93.01580810546875,0.0,46.44097900390625,141
2025-07-17T20:32:07.689622,1,21,"[0, 1, 4, 5, 7]",93.01580810546875,38.86540412902832,46.44097900390625,141,93.01580810546875,0.0,46.44097900390625,141
2025-07-17T20:32:07.696965,2,21,"[0, 1, 2, 4, 5, 6, 7]",93.01580810546875,38.86540412902832,46.44097900390625,141,93.01580810546875,0.0,46.44097900390625,141
2025-07-17T20:32:07.704337,3,21,"[0, 1, 4, 5, 7]",93.01580810546875,38.86540412902832,46.44097900390625,141,93.01580810546875,0.0,46.44097900390625,141
2025-07-17T20:32:07.711089,4,21,"[0, 1, 4, 5, 7]",93.01580810546875,38.86482238769531,46.44097900390625,141,93.01580810546875,0.0,46.44097900390625,141
2025-07-17T20:32:07.719062,0,22,"[0, 1, 2, 3, 4, 5, 6, 7]",93.01580810546875,38.86482238769531,46.44097900390625,141,93.01580810546875,0.0,46.44097900390625,141
2025-07-17T20:32:07.725981,1,22,"[0, 1, 3, 4, 6]",93.01580810546875,38.86482238769531,46.44097900390625,141,93.01580810546875,0.0,46.44097900390625,141
2025-07-17T20:32:07.733644,2,22,"[0, 1, 2, 3, 4, 5, 6, 7]",93.01580810546875,38.86456489562988,46.44097900390625,141,93.01580810546875,0.0,46.44097900390625,141
2025-07-17T20:32:07.740316,3,22,"[0, 1, 3, 4, 6]",93.01580810546875,38.86540412902832,46.44097900390625,141,93.01580810546875,0.0,46.44097900390625,141
2025-07-17T20:32:07.747286,4,22,"[0, 1, 3, 4, 6]",93.01580810546875,38.86540412902832,46.44097900390625,141,93.01580810546875,0.0,46.44097900390625,141
2025-07-17T20:32:07.754127,0,23,"[0, 1, 2, 3, 4, 5, 6, 7]",93.01580810546875,38.86540412902832,46.44097900390625,141,93.01580810546875,0.0,46.44097900390625,141
2025-07-17T20:32:07.761985,1,23,"[2, 3, 4, 5, 6, 7]",93.01580810546875,38.86540412902832,46.44097900390625,141,93.01580810546875,0.0,46.44097900390625,141
2025-07-17T20:32:07.764587,2,23,"[0, 1, 2, 3, 4, 5, 6, 7]",93.01580810546875,38.86540412902832,46.44097900390625,141,93.01580810546875,0.0,46.44097900390625,141
2025-07-17T20:32:07.771458,3,23,"[2, 3, 4, 5, 6, 7]",93.01580810546875,38.86540412902832,46.44097900390625,141,93.01580810546875,0.0,46.44097900390625,141
2025-07-17T20:32:07.778901,4,23,"[2, 3, 4, 5, 6, 7]",93.01580810546875,38.86540412902832,46.44097900390625,141,93.01580810546875,0.0,46.44097900390625,141
2025-07-17T20:32:07.791398,0,24,"[0, 1, 3, 4, 5, 6, 7]",93.01580810546875,38.86540412902832,46.44097900390625,141,93.01580810546875,0.0,46.44097900390625,141
2025-07-17T20:32:07.794811,1,24,"[0, 3, 4, 5, 6, 7]",93.01580810546875,38.86540412902832,46.44097900390625,141,93.01580810546875,0.0,46.44097900390625,141
2025-07-17T20:32:07.800765,2,24,"[0, 1, 3, 4, 5, 6, 7]",93.01580810546875,38.86540412902832,46.44097900390625,141,93.01580810546875,0.0,46.44097900390625,141
2025-07-17T20:32:07.812053,3,24,"[0, 3, 4, 5, 6, 7]",93.01580810546875,38.86540412902832,46.44097900390625,141,93.01580810546875,0.0,46.44097900390625,141
2025-07-17T20:32:07.814381,4,24,"[0, 3, 4, 5, 6, 7]",93.01580810546875,38.86540412902832,46.44097900390625,141,93.01580810546875,0.0,46.44097900390625,141
2025-07-17T20:32:07.821819,0,25,"[0, 1, 2, 3, 5, 6]",93.01580810546875,38.86540412902832,46.44097900390625,141,93.01580810546875,0.0,46.44097900390625,141
2025-07-17T20:32:07.828833,1,25,"[0, 1, 2, 3, 5, 7]",93.01580810546875,38.86540412902832,46.44097900390625,141,93.01580810546875,0.0,46.44097900390625,141
2025-07-17T20:32:07.835664,2,25,"[0, 1, 2, 3, 4, 5, 6, 7]",93.01580810546875,38.86540412902832,46.44097900390625,141,93.01580810546875,0.0,46.44097900390625,141
2025-07-17T20:32:07.843242,3,25,"[0, 1, 2, 3, 5, 7]",93.01580810546875,38.86540412902832,46.44097900390625,141,93.01580810546875,0.0,46.44097900390625,141
2025-07-17T20:32:07.856187,4,25,"[0, 1, 2, 3, 5, 7]",93.01580810546875,38.86540412902832,46.44097900390625,141,93.01580810546875,0.0,46.44097900390625,141
2025-07-17T20:32:07.858421,0,26,"[0, 2, 3, 4, 5, 6, 7]",93.01580810546875,38.86540412902832,46.44097900390625,141,93.01580810546875,0.0,46.44097900390625,141
2025-07-17T20:32:07.866051,1,26,"[0, 2, 3, 5, 6, 7]",93.01580810546875,38.86540412902832,46.44097900390625,141,93.01580810546875,0.0,46.44097900390625,141
2025-07-17T20:32:07.872872,2,26,"[0, 2, 3, 4, 5, 7]",93.01580810546875,38.86540412902832,46.44097900390625,141,93.01580810546875,0.0,46.44097900390625,141
2025-07-17T20:32:07.884964,3,26,"[0, 2, 3, 5, 6, 7]",93.01580810546875,38.86540412902832,46.44097900390625,141,93.01580810546875,0.0,46.44097900390625,141
2025-07-17T20:32:07.887387,4,26,"[0, 2, 3, 5, 6, 7]",93.01580810546875,38.86540412902832,46.44097900390625,141,93.01580810546875,0.0,46.44097900390625,141
2025-07-17T20:32:07.893789,0,27,"[1, 2, 3, 4, 7]",93.01580810546875,38.86540412902832,46.44097900390625,141,93.01580810546875,0.0,46.44097900390625,141
2025-07-17T20:32:07.900657,1,27,"[1, 3, 5, 7]",93.01580810546875,38.86540412902832,46.44097900390625,141,93.01580810546875,0.0,46.44097900390625,141
2025-07-17T20:32:07.911874,2,27,"[0, 1, 2, 3, 4, 6, 7]",93.01580810546875,38.86540412902832,46.44097900390625,141,93.01580810546875,0.0,46.44097900390625,141
2025-07-17T20:32:07.914577,3,27,"[1, 3, 5, 7]",93.01580810546875,38.86540412902832,46.44097900390625,141,93.01580810546875,0.0,46.44097900390625,141
2025-07-17T20:32:07.926571,4,27,"[1, 3, 5, 7]",93.01580810546875,38.86540412902832,46.44097900390625,141,93.01580810546875,0.0,46.44097900390625,141
2025-07-17T20:32:07.928668,0,28,"[0, 1, 2, 3, 5, 7]",93.01580810546875,38.86540412902832,46.44097900390625,141,93.01580810546875,0.0,46.44097900390625,141
2025-07-17T20:32:07.940193,1,28,"[3, 5, 7]",93.01580810546875,38.86540412902832,46.44097900390625,141,93.01580810546875,0.0,46.44097900390625,141
2025-07-17T20:32:07.946987,2,28,"[0, 1, 3, 5, 6, 7]",93.01580810546875,38.86540412902832,46.44097900390625,141,93.01580810546875,0.0,46.44097900390625,141
2025-07-17T20:32:07.954843,3,28,"[3, 5, 7]",93.01580810546875,38.86540412902832,46.44097900390625,141,93.01580810546875,0.0,46.44097900390625,141
2025-07-17T20:32:07.961862,4,28,"[3, 5, 7]",93.01580810546875,38.86540412902832,46.44097900390625,141,93.01580810546875,0.0,46.44097900390625,141
2025-07-17T20:32:07.968840,0,29,"[0, 1, 2, 3, 4, 5, 6, 7]",93.01580810546875,38.86540412902832,46.44097900390625,141,93.01580810546875,0.0,46.44097900390625,141
2025-07-17T20:32:07.975793,1,29,"[0, 1, 2, 3, 4, 5]",93.01580810546875,38.86540412902832,46.44097900390625,141,93.01580810546875,0.0,46.44097900390625,141
2025-07-17T20:32:07.982931,2,29,"[0, 1, 2, 3, 4, 5, 6, 7]",93.01580810546875,38.86540412902832,46.44097900390625,141,93.01580810546875,0.0,46.44097900390625,141
2025-07-17T20:32:07.989355,3,29,"[0, 1, 2, 3, 4, 5]",93.01580810546875,38.86540412902832,46.44097900390625,141,93.01580810546875,0.0,46.44097900390625,141
2025-07-17T20:32:07.995782,4,29,"[0, 1, 2, 3, 4, 5]",93.01580810546875,38.86540412902832,46.44097900390625,141,93.01580810546875,0.0,46.44097900390625,141
2025-07-17T20:32:08.002355,0,30,"[0, 3, 4, 5]",93.01580810546875,38.86540412902832,46.44097900390625,141,93.01580810546875,0.0,46.44097900390625,141
2025-07-17T20:32:08.009194,1,30,"[0, 4, 5]",93.01580810546875,38.86540412902832,46.44097900390625,141,93.01580810546875,0.0,46.44097900390625,141
2025-07-17T20:32:08.018991,2,30,"[0, 1, 3, 4, 5, 7]",93.01580810546875,38.86482238769531,46.44097900390625,141,93.01580810546875,0.0,46.44097900390625,141
2025-07-17T20:32:08.025993,3,30,"[0, 4, 5]",93.01580810546875,38.86456489562988,46.44097900390625,141,93.01580810546875,0.0,46.44097900390625,141
2025-07-17T20:32:08.033695,4,30,"[0, 4, 5]",93.01580810546875,38.86456489562988,46.44097900390625,141,93.01580810546875,0.0,46.44097900390625,141
2025-07-17T20:32:08.042072,0,31,"[2, 5, 6, 7]",93.01580810546875,38.87204074859619,46.44097900390625,141,93.01580810546875,0.0,46.44097900390625,141
2025-07-17T20:32:08.051032,1,31,"[2, 7]",93.01580810546875,38.8688325881958,46.44097900390625,141,93.01580810546875,0.0,46.44097900390625,141
2025-07-17T20:32:08.054608,2,31,"[0, 1, 2, 3, 5, 6, 7]",93.01580810546875,38.86620616912842,46.44097900390625,141,93.01580810546875,0.0,46.44097900390625,141
2025-07-17T20:32:08.062604,3,31,"[2, 7]",93.01580810546875,38.86299800872803,46.44097900390625,141,93.01580810546875,0.0,46.44097900390625,141
2025-07-17T20:32:08.070261,4,31,"[2, 7]",93.01580810546875,38.86002254486084,46.44097900390625,141,93.01580810546875,0.0,46.44097900390625,141
2025-07-17T20:32:08.084868,0,0,"[0, 2, 3, 5, 6, 7]",93.01580810546875,38.85531425476074,46.44097900390625,141,93.01580810546875,0.0,46.44097900390625,141
2025-07-17T20:32:08.091939,1,0,"[0, 3, 5, 6]",93.01580810546875,38.85852241516113,46.44097900390625,141,93.01580810546875,0.0,46.44097900390625,141
2025-07-17T20:32:08.100399,2,0,"[0, 3, 4, 5, 6, 7]",93.01580810546875,38.86149787902832,46.44097900390625,141,93.01580810546875,0.0,46.44097900390625,141
2025-07-17T20:32:08.109150,3,0,"[0, 3, 5, 6]",93.01580810546875,38.86438179016113,46.44097900390625,141,93.01580810546875,0.0,46.44097900390625,141
2025-07-17T20:32:08.116123,4,0,"[0, 3, 5, 6]",93.01580810546875,38.86540412902832,46.44097900390625,141,93.01580810546875,0.0,46.44097900390625,141
2025-07-17T20:32:08.124274,0,1,"[0, 1, 2, 4, 5, 6, 7]",93.01580810546875,38.86540412902832,46.44097900390625,141,93.01580810546875,0.0,46.44097900390625,141
2025-07-17T20:32:08.127283,1,1,"[0, 1, 2, 3, 4, 6]",93.01580810546875,38.86540412902832,46.44097900390625,141,93.01580810546875,0.0,46.44097900390625,141
2025-07-17T20:32:08.134010,2,1,"[0, 1, 2, 3, 4, 6, 7]",93.01580810546875,38.86540412902832,46.44097900390625,141,93.01580810546875,0.0,46.44097900390625,141
2025-07-17T20:32:08.141038,3,1,"[0, 1, 2, 3, 4, 6]",93.01580810546875,38.86540412902832,46.44097900390625,141,93.01580810546875,0.0,46.44097900390625,141
2025-07-17T20:32:08.151876,4,1,"[0, 1, 2, 3, 4, 6]",93.01580810546875,38.86540412902832,46.44097900390625,141,93.01580810546875,0.0,46.44097900390625,141
2025-07-17T20:32:08.158448,0,2,"[1, 2, 3, 4, 6, 7]",93.01580810546875,38.86540412902832,46.44097900390625,141,93.01580810546875,0.0,46.44097900390625,141
2025-07-17T20:32:08.165073,1,2,"[1, 2, 3, 5, 6, 7]",93.01580810546875,38.86540412902832,46.44097900390625,141,93.01580810546875,0.0,46.44097900390625,141
2025-07-17T20:32:08.171861,2,2,"[0, 1, 2, 3, 4, 5, 6, 7]",93.01580810546875,38.86540412902832,46.44097900390625,141,93.01580810546875,0.0,46.44097900390625,141
2025-07-17T20:32:08.178967,3,2,"[1, 2, 3, 5, 6, 7]",93.01580810546875,38.86540412902832,46.44097900390625,141,93.01580810546875,0.0,46.44097900390625,141
2025-07-17T20:32:08.185935,4,2,"[1, 2, 3, 5, 6, 7]",93.01580810546875,38.86540412902832,46.44097900390625,141,93.01580810546875,0.0,46.44097900390625,141
2025-07-17T20:32:08.193384,0,3,"[1, 2, 3, 4, 5, 6, 7]",93.01580810546875,38.86540412902832,46.44097900390625,141,93.01580810546875,0.0,46.44097900390625,141
2025-07-17T20:32:08.196336,1,3,"[0, 3, 4, 5, 7]",93.01580810546875,38.86540412902832,46.44097900390625,141,93.01580810546875,0.0,46.44097900390625,141
2025-07-17T20:32:08.203640,2,3,"[0, 1, 2, 3, 5, 6, 7]",93.01580810546875,38.86540412902832,46.44097900390625,141,93.01580810546875,0.0,46.44097900390625,141
2025-07-17T20:32:08.211669,3,3,"[0, 3, 4, 5, 7]",93.01580810546875,38.86540412902832,46.44097900390625,141,93.01580810546875,0.0,46.44097900390625,141
2025-07-17T20:32:08.219372,4,3,"[0, 3, 4, 5, 7]",93.01580810546875,38.86540412902832,46.44097900390625,141,93.01580810546875,0.0,46.44097900390625,141
2025-07-17T20:32:08.225704,0,4,"[0, 1, 2, 3, 4, 5, 6, 7]",93.01580810546875,38.86540412902832,46.44097900390625,141,93.01580810546875,0.0,46.44097900390625,141
2025-07-17T20:32:08.233260,1,4,"[0, 1, 2, 3, 6, 7]",93.01580810546875,38.86540412902832,46.44097900390625,141,93.01580810546875,0.0,46.44097900390625,141
2025-07-17T20:32:08.240349,2,4,"[0, 1, 2, 3, 4, 6, 7]",93.01580810546875,38.86540412902832,46.44097900390625,141,93.01580810546875,0.0,46.44097900390625,141
2025-07-17T20:32:08.251790,3,4,"[0, 1, 2, 3, 6, 7]",93.01580810546875,38.86540412902832,46.44097900390625,141,93.01580810546875,0.0,46.44097900390625,141
2025-07-17T20:32:08.259395,4,4,"[0, 1, 2, 3, 6, 7]",93.01580810546875,38.86540412902832,46.44097900390625,141,93.01580810546875,0.0,46.44097900390625,141
2025-07-17T20:32:08.261776,0,5,"[0, 1, 2, 3, 4, 5, 6, 7]",93.01580810546875,38.86540412902832,46.44097900390625,141,93.01580810546875,0.0,46.44097900390625,141
2025-07-17T20:32:08.273114,1,5,"[2, 3, 5, 6, 7]",93.01580810546875,38.86540412902832,46.44097900390625,141,93.01580810546875,0.0,46.44097900390625,141
2025-07-17T20:32:08.280741,2,5,"[0, 1, 2, 3, 4, 5, 6, 7]",93.01580810546875,38.86540412902832,46.44097900390625,141,93.01580810546875,0.0,46.44097900390625,141
2025-07-17T20:32:08.288451,3,5,"[2, 3, 5, 6, 7]",93.01580810546875,38.86540412902832,46.44097900390625,141,93.01580810546875,0.0,46.44097900390625,141
2025-07-17T20:32:08.296267,4,5,"[2, 3, 5, 6, 7]",93.01580810546875,38.86540412902832,46.44097900390625,141,93.01580810546875,0.0,46.44097900390625,141
2025-07-17T20:32:08.304160,0,6,"[0, 1, 2, 3, 5, 6, 7]",93.01580810546875,38.86540412902832,46.44097900390625,141,93.01580810546875,0.0,46.44097900390625,141
2025-07-17T20:32:08.310904,1,6,"[0, 2, 5, 6, 7]",93.01580810546875,38.86540412902832,46.44097900390625,141,93.01580810546875,0.0,46.44097900390625,141
2025-07-17T20:32:08.317652,2,6,"[0, 1, 2, 3, 4, 5, 6, 7]",93.01580810546875,38.86540412902832,46.44097900390625,141,93.01580810546875,0.0,46.44097900390625,141
2025-07-17T20:32:08.324434,3,6,"[0, 2, 5, 6, 7]",93.01580810546875,38.86540412902832,46.44097900390625,141,93.01580810546875,0.0,46.44097900390625,141
2025-07-17T20:32:08.331585,4,6,"[0, 2, 5, 6, 7]",93.01580810546875,38.86540412902832,46.44097900390625,141,93.01580810546875,0.0,46.44097900390625,141
2025-07-17T20:32:08.339566,0,7,"[1, 2, 3, 4, 5, 6]",93.01580810546875,38.86482238769531,46.44097900390625,141,93.01580810546875,0.0,46.44097900390625,141
2025-07-17T20:32:08.346880,1,7,"[1, 2, 3, 4, 5, 6]",93.01580810546875,38.86482238769531,46.44097900390625,141,93.01580810546875,0.0,46.44097900390625,141
2025-07-17T20:32:08.353949,2,7,"[0, 1, 2, 3, 4, 5, 6]",93.01580810546875,38.86482238769531,46.44097900390625,141,93.01580810546875,0.0,46.44097900390625,141
2025-07-17T20:32:08.362229,3,7,"[1, 2, 3, 4, 5, 6]",93.01580810546875,38.86456489562988,46.44097900390625,141,93.01580810546875,0.0,46.44097900390625,141
2025-07-17T20:32:08.369740,4,7,"[1, 2, 3, 4, 5, 6]",93.01580810546875,38.86456489562988,46.44097900390625,141,93.01580810546875,0.0,46.44097900390625,141
2025-07-17T20:32:08.377358,0,8,"[0, 2, 3, 4, 5, 6, 7]",93.01580810546875,38.86540412902832,46.44097900390625,141,93.01580810546875,0.0,46.44097900390625,141
2025-07-17T20:32:08.385418,1,8,"[0, 3, 4, 5, 6, 7]",93.01580810546875,38.86540412902832,46.44097900390625,141,93.01580810546875,0.0,46.44097900390625,141
2025-07-17T20:32:08.388064,2,8,"[0, 1, 2, 3, 4, 5, 6, 7]",93.01580810546875,38.86540412902832,46.44097900390625,141,93.01580810546875,0.0,46.44097900390625,141
2025-07-17T20:32:08.395663,3,8,"[0, 3, 4, 5, 6, 7]",93.01580810546875,38.86540412902832,46.44097900390625,141,93.01580810546875,0.0,46.44097900390625,141
2025-07-17T20:32:08.406695,4,8,"[0, 3, 4, 5, 6, 7]",93.01580810546875,38.86540412902832,46.44097900390625,141,93.01580810546875,0.0,46.44097900390625,141
2025-07-17T20:32:08.413618,0,9,"[1, 2, 4, 5, 6, 7]",93.01580810546875,38.86540412902832,46.44097900390625,141,93.01580810546875,0.0,46.44097900390625,141
2025-07-17T20:32:08.420364,1,9,"[1, 4, 5, 6, 7]",93.01580810546875,38.86540412902832,46.44097900390625,141,93.01580810546875,0.0,46.44097900390625,141
2025-07-17T20:32:08.427750,2,9,"[0, 1, 2, 3, 4, 5, 6, 7]",93.01580810546875,38.86540412902832,46.44097900390625,141,93.01580810546875,0.0,46.44097900390625,141
2025-07-17T20:32:08.434953,3,9,"[1, 4, 5, 6, 7]",93.01580810546875,38.86540412902832,46.44097900390625,141,93.01580810546875,0.0,46.44097900390625,141
2025-07-17T20:32:08.441775,4,9,"[1, 4, 5, 6, 7]",93.01580810546875,38.86540412902832,46.44097900390625,141,93.01580810546875,0.0,46.44097900390625,141
2025-07-17T20:32:08.449503,0,10,"[0, 2, 3, 4, 5, 6, 7]",93.01580810546875,38.86540412902832,46.44097900390625,141,93.01580810546875,0.0,46.44097900390625,141
2025-07-17T20:32:08.457677,1,10,"[0, 1, 2, 4, 7]",93.01580810546875,38.86540412902832,46.44097900390625,141,93.01580810546875,0.0,46.44097900390625,141
2025-07-17T20:32:08.465047,2,10,"[0, 1, 2, 4, 5, 7]",93.01580810546875,38.86540412902832,46.44097900390625,141,93.01580810546875,0.0,46.44097900390625,141
2025-07-17T20:32:08.472341,3,10,"[0, 1, 2, 4, 7]",93.01580810546875,38.86540412902832,46.44097900390625,141,93.01580810546875,0.0,46.44097900390625,141
2025-07-17T20:32:08.478854,4,10,"[0, 1, 2, 4, 7]",93.01580810546875,38.86540412902832,46.44097900390625,141,93.01580810546875,0.0,46.44097900390625,141
2025-07-17T20:32:08.485693,0,11,"[1, 2, 4, 7]",93.01580810546875,38.86540412902832,46.44097900390625,141,93.01580810546875,0.0,46.44097900390625,141
2025-07-17T20:32:08.492923,1,11,"[2, 4, 7]",93.01580810546875,38.86540412902832,46.44097900390625,141,93.01580810546875,0.0,46.44097900390625,141
2025-07-17T20:32:08.499832,2,11,"[0, 1, 2, 3, 4, 5, 6, 7]",93.01580810546875,38.86540412902832,46.44097900390625,141,93.01580810546875,0.0,46.44097900390625,141
2025-07-17T20:32:08.506798,3,11,"[2, 4, 7]",93.01580810546875,38.86540412902832,46.44097900390625,141,93.01580810546875,0.0,46.44097900390625,141
2025-07-17T20:32:08.513751,4,11,"[2, 4, 7]",93.01580810546875,38.86540412902832,46.44097900390625,141,93.01580810546875,0.0,46.44097900390625,141
2025-07-17T20:32:08.521132,0,12,"[0, 1, 3, 4, 5, 6]",93.01580810546875,38.86540412902832,46.44097900390625,141,93.01580810546875,0.0,46.44097900390625,141
2025-07-17T20:32:08.527817,1,12,"[0, 1, 3, 4, 5]",93.01580810546875,38.86540412902832,46.44097900390625,141,93.01580810546875,0.0,46.44097900390625,141
2025-07-17T20:32:08.535596,2,12,"[0, 1, 2, 3, 4, 5, 6]",93.01580810546875,38.86540412902832,46.44097900390625,141,93.01580810546875,0.0,46.44097900390625,141
2025-07-17T20:32:08.542638,3,12,"[0, 1, 3, 4, 5]",93.01580810546875,38.86482238769531,46.44097900390625,141,93.01580810546875,0.0,46.44097900390625,141
2025-07-17T20:32:08.550008,4,12,"[0, 1, 3, 4, 5]",93.01580810546875,38.86540412902832,46.44097900390625,141,93.01580810546875,0.0,46.44097900390625,141
2025-07-17T20:32:08.557343,0,13,"[0, 1, 2, 3, 4, 5, 7]",93.01580810546875,38.86456489562988,46.44097900390625,141,93.01580810546875,0.0,46.44097900390625,141
2025-07-17T20:32:08.564229,1,13,"[1, 2, 7]",93.01580810546875,38.86456489562988,46.44097900390625,141,93.01580810546875,0.0,46.44097900390625,141
2025-07-17T20:32:08.572226,2,13,"[0, 1, 2, 3, 4, 5, 6, 7]",93.01580810546875,38.86540412902832,46.44097900390625,141,93.01580810546875,0.0,46.44097900390625,141
2025-07-17T20:32:08.575438,3,13,"[1, 2, 7]",93.01580810546875,38.86540412902832,46.44097900390625,141,93.01580810546875,0.0,46.44097900390625,141
2025-07-17T20:32:08.582547,4,13,"[1, 2, 7]",93.01580810546875,38.86540412902832,46.44097900390625,141,93.01580810546875,0.0,46.44097900390625,141
2025-07-17T20:32:08.589798,0,14,"[0, 1, 2, 4, 5, 6, 7]",93.01580810546875,38.86540412902832,46.44097900390625,141,93.01580810546875,0.0,46.44097900390625,141
2025-07-17T20:32:08.597776,1,14,"[0, 2, 4, 5]",93.01580810546875,38.86540412902832,46.44097900390625,141,93.01580810546875,0.0,46.44097900390625,141
2025-07-17T20:32:08.609040,2,14,"[0, 1, 2, 4, 5, 6, 7]",93.01580810546875,38.86540412902832,46.44097900390625,141,93.01580810546875,0.0,46.44097900390625,141
2025-07-17T20:32:08.611296,3,14,"[0, 2, 4, 5]",93.01580810546875,38.86540412902832,46.44097900390625,141,93.01580810546875,0.0,46.44097900390625,141
2025-07-17T20:32:08.618556,4,14,"[0, 2, 4, 5]",93.01580810546875,38.86540412902832,46.44097900390625,141,93.01580810546875,0.0,46.44097900390625,141
2025-07-17T20:32:08.626270,0,15,"[0, 1, 2, 3, 4, 5, 6]",93.01580810546875,38.86540412902832,46.44097900390625,141,93.01580810546875,0.0,46.44097900390625,141
2025-07-17T20:32:08.633495,1,15,"[0, 3, 4, 5]",93.01580810546875,38.86540412902832,46.44097900390625,141,93.01580810546875,0.0,46.44097900390625,141
2025-07-17T20:32:08.640553,2,15,"[0, 1, 2, 3, 4, 5, 6, 7]",93.01580810546875,38.86540412902832,46.44097900390625,141,93.01580810546875,0.0,46.44097900390625,141
2025-07-17T20:32:08.652263,3,15,"[0, 3, 4, 5]",93.01580810546875,38.86540412902832,46.44097900390625,141,93.01580810546875,0.0,46.44097900390625,141
2025-07-17T20:32:08.658649,4,15,"[0, 3, 4, 5]",93.01580810546875,38.86540412902832,46.44097900390625,141,93.01580810546875,0.0,46.44097900390625,141
2025-07-17T20:32:08.660620,0,16,"[0, 1, 2, 3, 4, 5, 6, 7]",93.01580810546875,38.86540412902832,46.44097900390625,141,93.01580810546875,0.0,46.44097900390625,141
2025-07-17T20:32:08.672911,1,16,"[3, 5, 6, 7]",93.01580810546875,38.86540412902832,46.44097900390625,141,93.01580810546875,0.0,46.44097900390625,141
2025-07-17T20:32:08.675191,2,16,"[0, 2, 3, 4, 5, 6, 7]",93.01580810546875,38.86540412902832,46.44097900390625,141,93.01580810546875,0.0,46.44097900390625,141
2025-07-17T20:32:08.681653,3,16,"[3, 5, 6, 7]",93.01580810546875,38.86540412902832,46.44097900390625,141,93.01580810546875,0.0,46.44097900390625,141
2025-07-17T20:32:08.688555,4,16,"[3, 5, 6, 7]",93.01580810546875,38.86540412902832,46.44097900390625,141,93.01580810546875,0.0,46.44097900390625,141
2025-07-17T20:32:08.700252,0,17,"[0, 1, 2, 3, 4, 5, 6, 7]",93.01580810546875,38.86540412902832,46.44097900390625,141,93.01580810546875,0.0,46.44097900390625,141
2025-07-17T20:32:08.702565,1,17,"[0, 3, 4, 6, 7]",93.01580810546875,38.86540412902832,46.44097900390625,141,93.01580810546875,0.0,46.44097900390625,141
2025-07-17T20:32:08.710254,2,17,"[0, 1, 2, 3, 5, 6, 7]",93.01580810546875,38.86540412902832,46.44097900390625,141,93.01580810546875,0.0,46.44097900390625,141
2025-07-17T20:32:08.717741,3,17,"[0, 3, 4, 6, 7]",93.01580810546875,38.86540412902832,46.44097900390625,141,93.01580810546875,0.0,46.44097900390625,141
2025-07-17T20:32:08.724670,4,17,"[0, 3, 4, 6, 7]",93.01580810546875,38.86540412902832,46.44097900390625,141,93.01580810546875,0.0,46.44097900390625,141
2025-07-17T20:32:08.731599,0,18,"[0, 1, 3, 4, 5, 7]",93.01580810546875,38.86540412902832,46.44097900390625,141,93.01580810546875,0.0,46.44097900390625,141
2025-07-17T20:32:08.738456,1,18,"[0, 1, 3, 4]",93.01580810546875,38.86540412902832,46.44097900390625,141,93.01580810546875,0.0,46.44097900390625,141
2025-07-17T20:32:08.746235,2,18,"[0, 1, 2, 3, 4, 5, 6, 7]",93.01580810546875,38.86540412902832,46.44097900390625,141,93.01580810546875,0.0,46.44097900390625,141
2025-07-17T20:32:08.754798,3,18,"[0, 1, 3, 4]",93.01580810546875,38.86540412902832,46.44097900390625,141,93.01580810546875,0.0,46.44097900390625,141
2025-07-17T20:32:08.766528,4,18,"[0, 1, 3, 4]",93.01580810546875,38.86540412902832,46.44097900390625,141,93.01580810546875,0.0,46.44097900390625,141
2025-07-17T20:32:08.768637,0,19,"[0, 1, 2, 3, 4, 5, 6, 7]",93.01580810546875,38.86540412902832,46.44097900390625,141,93.01580810546875,0.0,46.44097900390625,141
2025-07-17T20:32:08.774459,1,19,"[0, 2, 3, 5, 6, 7]",93.01580810546875,38.86540412902832,46.44097900390625,141,93.01580810546875,0.0,46.44097900390625,141
2025-07-17T20:32:08.786247,2,19,"[0, 1, 2, 3, 4, 5, 6, 7]",93.01580810546875,38.86540412902832,46.44097900390625,141,93.01580810546875,0.0,46.44097900390625,141
2025-07-17T20:32:08.788571,3,19,"[0, 2, 3, 5, 6, 7]",93.01580810546875,38.86540412902832,46.44097900390625,141,93.01580810546875,0.0,46.44097900390625,141
2025-07-17T20:32:08.796236,4,19,"[0, 2, 3, 5, 6, 7]",93.01580810546875,38.86540412902832,46.44097900390625,141,93.01580810546875,0.0,46.44097900390625,141
2025-07-17T20:32:08.803146,0,20,"[0, 1, 2, 3, 4, 6, 7]",93.01580810546875,38.86540412902832,46.44097900390625,141,93.01580810546875,0.0,46.44097900390625,141
2025-07-17T20:32:08.810313,1,20,"[0, 1, 2, 3, 4, 6]",93.01580810546875,38.86540412902832,46.44097900390625,141,93.01580810546875,0.0,46.44097900390625,141
2025-07-17T20:32:08.816754,2,20,"[0, 1, 2, 3, 4, 5, 6]",93.01580810546875,38.86540412902832,46.44097900390625,141,93.01580810546875,0.0,46.44097900390625,141
2025-07-17T20:32:08.823786,3,20,"[0, 1, 2, 3, 4, 6]",93.01580810546875,38.86540412902832,46.44097900390625,141,93.01580810546875,0.0,46.44097900390625,141
2025-07-17T20:32:08.831339,4,20,"[0, 1, 2, 3, 4, 6]",93.01580810546875,38.86540412902832,46.44097900390625,141,93.01580810546875,0.0,46.44097900390625,141
2025-07-17T20:32:08.837566,0,21,"[0, 1, 2, 3, 5, 7]",93.01580810546875,38.86540412902832,46.44097900390625,141,93.01580810546875,0.0,46.44097900390625,141
2025-07-17T20:32:08.843697,1,21,"[0, 1, 2, 3, 5]",93.01580810546875,38.86540412902832,46.44097900390625,141,93.01580810546875,0.0,46.44097900390625,141
2025-07-17T20:32:08.850226,2,21,"[0, 1, 2, 4, 5, 6, 7]",93.01580810546875,38.86540412902832,46.44097900390625,141,93.01580810546875,0.0,46.44097900390625,141
2025-07-17T20:32:08.858187,3,21,"[0, 1, 2, 3, 5]",93.01580810546875,38.86540412902832,46.44097900390625,141,93.01580810546875,0.0,46.44097900390625,141
2025-07-17T20:32:08.864061,4,21,"[0, 1, 2, 3, 5]",93.01580810546875,38.86540412902832,46.44097900390625,141,93.01580810546875,0.0,46.44097900390625,141
2025-07-17T20:32:08.875264,0,22,"[0, 1, 2, 3, 4, 5, 6, 7]",93.01580810546875,38.86540412902832,46.44097900390625,141,93.01580810546875,0.0,46.44097900390625,141
2025-07-17T20:32:08.882402,1,22,"[0, 1, 2, 3, 4, 6]",93.01580810546875,38.86540412902832,46.44097900390625,141,93.01580810546875,0.0,46.44097900390625,141
2025-07-17T20:32:08.889480,2,22,"[0, 1, 2, 3, 4, 5, 6, 7]",93.01580810546875,38.86540412902832,46.44097900390625,141,93.01580810546875,0.0,46.44097900390625,141
2025-07-17T20:32:08.897048,3,22,"[0, 1, 2, 3, 4, 6]",93.01580810546875,38.86540412902832,46.44097900390625,141,93.01580810546875,0.0,46.44097900390625,141
2025-07-17T20:32:08.903999,4,22,"[0, 1, 2, 3, 4, 6]",93.01580810546875,38.86482238769531,46.44097900390625,141,93.01580810546875,0.0,46.44097900390625,141
2025-07-17T20:32:08.911232,0,23,"[0, 1, 2, 3, 4, 5, 6, 7]",93.01580810546875,38.86482238769531,46.44097900390625,141,93.01580810546875,0.0,46.44097900390625,141
2025-07-17T20:32:08.913976,1,23,"[0, 3, 4, 5, 6, 7]",93.01580810546875,38.86482238769531,46.44097900390625,141,93.01580810546875,0.0,46.44097900390625,141
2025-07-17T20:32:08.925076,2,23,"[0, 2, 3, 4, 5, 6, 7]",93.01580810546875,38.86456489562988,46.44097900390625,141,93.01580810546875,0.0,46.44097900390625,141
2025-07-17T20:32:08.932627,3,23,"[0, 3, 4, 5, 6, 7]",93.01580810546875,38.86540412902832,46.44097900390625,141,93.01580810546875,0.0,46.44097900390625,141
2025-07-17T20:32:08.939540,4,23,"[0, 3, 4, 5, 6, 7]",93.01580810546875,38.86540412902832,46.44097900390625,141,93.01580810546875,0.0,46.44097900390625,141
2025-07-17T20:32:08.946313,0,24,"[0, 1, 3, 4, 5, 6, 7]",93.01580810546875,38.86540412902832,46.44097900390625,141,93.01580810546875,0.0,46.44097900390625,141
2025-07-17T20:32:08.953143,1,24,"[0, 3, 4, 5, 6, 7]",93.01580810546875,38.86482238769531,46.44097900390625,141,93.01580810546875,0.0,46.44097900390625,141
2025-07-17T20:32:08.959839,2,24,"[0, 1, 3, 4, 5, 6, 7]",93.01580810546875,38.86482238769531,46.44097900390625,141,93.01580810546875,0.0,46.44097900390625,141
2025-07-17T20:32:08.967034,3,24,"[0, 3, 4, 5, 6, 7]",93.01580810546875,38.86456489562988,46.44097900390625,141,93.01580810546875,0.0,46.44097900390625,141
2025-07-17T20:32:08.973757,4,24,"[0, 3, 4, 5, 6, 7]",93.01580810546875,38.86540412902832,46.44097900390625,141,93.01580810546875,0.0,46.44097900390625,141
2025-07-17T20:32:08.981976,0,25,"[0, 1, 2, 3, 4, 5, 6, 7]",93.01580810546875,38.86540412902832,46.44097900390625,141,93.01580810546875,0.0,46.44097900390625,141
2025-07-17T20:32:08.984595,1,25,"[0, 1, 2, 6, 7]",93.01580810546875,38.86540412902832,46.44097900390625,141,93.01580810546875,0.0,46.44097900390625,141
2025-07-17T20:32:08.991755,2,25,"[0, 1, 2, 3, 4, 5, 6, 7]",93.01580810546875,38.86540412902832,46.44097900390625,141,93.01580810546875,0.0,46.44097900390625,141
2025-07-17T20:32:08.998560,3,25,"[0, 1, 2, 6, 7]",93.01580810546875,38.86540412902832,46.44097900390625,141,93.01580810546875,0.0,46.44097900390625,141
2025-07-17T20:32:09.005338,4,25,"[0, 1, 2, 6, 7]",93.01580810546875,38.86540412902832,46.44097900390625,141,93.01580810546875,0.0,46.44097900390625,141
2025-07-17T20:32:09.017329,0,26,"[0, 2, 3, 4, 5, 7]",93.01580810546875,38.86540412902832,46.44097900390625,141,93.01580810546875,0.0,46.44097900390625,141
2025-07-17T20:32:09.024839,1,26,"[0, 2, 3, 4, 5, 6]",93.01580810546875,38.86540412902832,46.44097900390625,141,93.01580810546875,0.0,46.44097900390625,141
2025-07-17T20:32:09.032277,2,26,"[0, 2, 3, 4, 5, 7]",93.01580810546875,38.86540412902832,46.44097900390625,141,93.01580810546875,0.0,46.44097900390625,141
2025-07-17T20:32:09.038777,3,26,"[0, 2, 3, 4, 5, 6]",93.01580810546875,38.86540412902832,46.44097900390625,141,93.01580810546875,0.0,46.44097900390625,141
2025-07-17T20:32:09.046995,4,26,"[0, 2, 3, 4, 5, 6]",93.01580810546875,38.86456489562988,46.44097900390625,141,93.01580810546875,0.0,46.44097900390625,141
2025-07-17T20:32:09.049200,0,27,"[0, 1, 2, 3, 4, 5, 6, 7]",93.01580810546875,38.86456489562988,46.44097900390625,141,93.01580810546875,0.0,46.44097900390625,141
2025-07-17T20:32:09.057480,1,27,"[1, 2, 3, 6, 7]",93.01580810546875,38.86456489562988,46.44097900390625,141,93.01580810546875,0.0,46.44097900390625,141
2025-07-17T20:32:09.064821,2,27,"[0, 1, 2, 3, 4, 5, 6, 7]",93.01580810546875,38.86456489562988,46.44097900390625,141,93.01580810546875,0.0,46.44097900390625,141
2025-07-17T20:32:09.072270,3,27,"[1, 2, 3, 6, 7]",93.01580810546875,38.86456489562988,46.44097900390625,141,93.01580810546875,0.0,46.44097900390625,141
2025-07-17T20:32:09.083502,4,27,"[1, 2, 3, 6, 7]",93.01580810546875,38.86540412902832,46.44097900390625,141,93.01580810546875,0.0,46.44097900390625,141
2025-07-17T20:32:09.085635,0,28,"[0, 1, 2, 3, 5, 6, 7]",93.01580810546875,38.86540412902832,46.44097900390625,141,93.01580810546875,0.0,46.44097900390625,141
2025-07-17T20:32:09.096106,1,28,"[0, 1, 2, 3, 5, 7]",93.01580810546875,38.86540412902832,46.44097900390625,141,93.01580810546875,0.0,46.44097900390625,141
2025-07-17T20:32:09.098899,2,28,"[0, 1, 2, 3, 5, 6, 7]",93.01580810546875,38.86540412902832,46.44097900390625,141,93.01580810546875,0.0,46.44097900390625,141
2025-07-17T20:32:09.105916,3,28,"[0, 1, 2, 3, 5, 7]",93.01580810546875,38.86540412902832,46.44097900390625,141,93.01580810546875,0.0,46.44097900390625,141
2025-07-17T20:32:09.112933,4,28,"[0, 1, 2, 3, 5, 7]",93.01580810546875,38.86540412902832,46.44097900390625,141,93.01580810546875,0.0,46.44097900390625,141
2025-07-17T20:32:09.120212,0,29,"[0, 1, 2, 3, 4, 5, 6, 7]",93.01580810546875,38.86540412902832,46.44097900390625,141,93.01580810546875,0.0,46.44097900390625,141
2025-07-17T20:32:09.127339,1,29,"[2, 3, 4, 5, 7]",93.01580810546875,38.86540412902832,46.44097900390625,141,93.01580810546875,0.0,46.44097900390625,141
2025-07-17T20:32:09.135277,2,29,"[0, 1, 2, 3, 4, 5, 6, 7]",93.01580810546875,38.86540412902832,46.44097900390625,141,93.01580810546875,0.0,46.44097900390625,141
2025-07-17T20:32:09.141774,3,29,"[2, 3, 4, 5, 7]",93.01580810546875,38.86540412902832,46.44097900390625,141,93.01580810546875,0.0,46.44097900390625,141
2025-07-17T20:32:09.153302,4,29,"[2, 3, 4, 5, 7]",93.01580810546875,38.86540412902832,46.44097900390625,141,93.01580810546875,0.0,46.44097900390625,141
2025-07-17T20:32:09.160628,0,30,"[0, 3, 4, 5, 7]",93.01580810546875,38.86540412902832,46.44097900390625,141,93.01580810546875,0.0,46.44097900390625,141
2025-07-17T20:32:09.162981,1,30,"[0, 4, 5, 7]",93.01580810546875,38.86540412902832,46.44097900390625,141,93.01580810546875,0.0,46.44097900390625,141
2025-07-17T20:32:09.174813,2,30,"[0, 1, 3, 4, 5, 6, 7]",93.01580810546875,38.86540412902832,46.44097900390625,141,93.01580810546875,0.0,46.44097900390625,141
2025-07-17T20:32:09.182757,3,30,"[0, 4, 5, 7]",93.01580810546875,38.86540412902832,46.44097900390625,141,93.01580810546875,0.0,46.44097900390625,141
2025-07-17T20:32:09.189505,4,30,"[0, 4, 5, 7]",93.01580810546875,38.86540412902832,46.44097900390625,141,93.01580810546875,0.0,46.44097900390625,141
2025-07-17T20:32:09.196754,0,31,"[0, 1, 2, 4, 5, 6, 7]",93.01580810546875,38.87287998199463,46.44097900390625,141,93.01580810546875,0.0,46.44097900390625,141
2025-07-17T20:32:09.205750,1,31,"[0, 1, 2, 7]",93.01580810546875,38.870253562927246,46.44097900390625,141,93.01580810546875,0.0,46.44097900390625,141
2025-07-17T20:32:09.214305,2,31,"[0, 1, 2, 3, 4, 6, 7]",93.01580810546875,38.867045402526855,46.44097900390625,141,93.01580810546875,0.0,46.44097900390625,141
2025-07-17T20:32:09.223817,3,31,"[0, 1, 2, 7]",93.01580810546875,38.863837242126465,46.44097900390625,141,93.01580810546875,0.0,46.44097900390625,141
2025-07-17T20:32:09.226766,4,31,"[0, 1, 2, 7]",93.01580810546875,38.86002254486084,46.44097900390625,141,93.01580810546875,0.0,46.44097900390625,141
2025-07-17T20:32:09.242338,0,0,"[0, 2, 3, 4, 5, 6, 7]",93.01580810546875,38.85531425476074,46.44097900390625,141,93.01580810546875,0.0,46.44097900390625,141
2025-07-17T20:32:09.250421,1,0,"[0, 2, 3, 4, 5, 6]",93.01580810546875,38.85852241516113,46.44097900390625,141,93.01580810546875,0.0,46.44097900390625,141
2025-07-17T20:32:09.258057,2,0,"[0, 1, 2, 3, 4, 5, 6, 7]",93.01580810546875,38.86149787902832,46.44097900390625,141,93.01580810546875,0.0,46.44097900390625,141
2025-07-17T20:32:09.266032,3,0,"[0, 2, 3, 4, 5, 6]",93.01580810546875,38.86438179016113,46.44097900390625,141,93.01580810546875,0.0,46.44097900390625,141
2025-07-17T20:32:09.272718,4,0,"[0, 2, 3, 4, 5, 6]",93.01580810546875,38.86540412902832,46.44097900390625,141,93.01580810546875,0.0,46.44097900390625,141
2025-07-17T20:32:09.279907,0,1,"[0, 1, 2, 4, 5, 6, 7]",93.01580810546875,38.86540412902832,46.44097900390625,141,93.01580810546875,0.0,46.44097900390625,141
2025-07-17T20:32:09.286804,1,1,"[0, 1, 2, 4, 5, 6, 7]",93.01580810546875,38.86540412902832,46.44097900390625,141,93.01580810546875,0.0,46.44097900390625,141
2025-07-17T20:32:09.293497,2,1,"[0, 1, 2, 3, 4, 5, 6, 7]",93.01580810546875,38.86540412902832,46.44097900390625,141,93.01580810546875,0.0,46.44097900390625,141
2025-07-17T20:32:09.300237,3,1,"[0, 1, 2, 4, 5, 6, 7]",93.01580810546875,38.86540412902832,46.44097900390625,141,93.01580810546875,0.0,46.44097900390625,141
2025-07-17T20:32:09.307995,4,1,"[0, 1, 2, 4, 5, 6, 7]",93.01580810546875,38.86540412902832,46.44097900390625,141,93.01580810546875,0.0,46.44097900390625,141
2025-07-17T20:32:09.315302,0,2,"[0, 1, 2, 3, 4, 6, 7]",93.01580810546875,38.86540412902832,46.44097900390625,141,93.01580810546875,0.0,46.44097900390625,141
2025-07-17T20:32:09.322447,1,2,"[0, 2, 3, 5, 6, 7]",93.01580810546875,38.86540412902832,46.44097900390625,141,93.01580810546875,0.0,46.44097900390625,141
2025-07-17T20:32:09.329678,2,2,"[0, 1, 2, 3, 4, 5, 6, 7]",93.01580810546875,38.86540412902832,46.44097900390625,141,93.01580810546875,0.0,46.44097900390625,141
2025-07-17T20:32:09.338538,3,2,"[0, 2, 3, 5, 6, 7]",93.01580810546875,38.86456489562988,46.44097900390625,141,93.01580810546875,0.0,46.44097900390625,141
2025-07-17T20:32:09.345611,4,2,"[0, 2, 3, 5, 6, 7]",93.01580810546875,38.86456489562988,46.44097900390625,141,93.01580810546875,0.0,46.44097900390625,141
2025-07-17T20:32:09.353056,0,3,"[1, 2, 3, 4, 5, 6, 7]",93.01580810546875,38.86456489562988,46.44097900390625,141,93.01580810546875,0.0,46.44097900390625,141
2025-07-17T20:32:09.361134,1,3,"[1, 2, 3, 4, 5, 6, 7]",93.01580810546875,38.86456489562988,46.44097900390625,141,93.01580810546875,0.0,46.44097900390625,141
2025-07-17T20:32:09.363053,2,3,"[0, 1, 2, 3, 4, 5, 7]",93.01580810546875,38.86456489562988,46.44097900390625,141,93.01580810546875,0.0,46.44097900390625,141
2025-07-17T20:32:09.370400,3,3,"[1, 2, 3, 4, 5, 6, 7]",93.01580810546875,38.86540412902832,46.44097900390625,141,93.01580810546875,0.0,46.44097900390625,141
2025-07-17T20:32:09.381548,4,3,"[1, 2, 3, 4, 5, 6, 7]",93.01580810546875,38.86540412902832,46.44097900390625,141,93.01580810546875,0.0,46.44097900390625,141
2025-07-17T20:32:09.391159,0,4,"[0, 1, 2, 3, 4, 5, 6, 7]",93.01580810546875,38.86482238769531,46.44097900390625,141,93.01580810546875,0.0,46.44097900390625,141
2025-07-17T20:32:09.398479,1,4,"[0, 1, 2, 3, 4, 5, 6, 7]",93.01580810546875,38.86482238769531,46.44097900390625,141,93.01580810546875,0.0,46.44097900390625,141
2025-07-17T20:32:09.405509,2,4,"[0, 1, 2, 3, 4, 5, 6, 7]",93.01580810546875,38.86482238769531,46.44097900390625,141,93.01580810546875,0.0,46.44097900390625,141
2025-07-17T20:32:09.412279,3,4,"[0, 1, 2, 3, 4, 5, 6, 7]",93.01580810546875,38.86456489562988,46.44097900390625,141,93.01580810546875,0.0,46.44097900390625,141
2025-07-17T20:32:09.419251,4,4,"[0, 1, 2, 3, 4, 5, 6, 7]",93.01580810546875,38.86456489562988,46.44097900390625,141,93.01580810546875,0.0,46.44097900390625,141
2025-07-17T20:32:09.425543,0,5,"[0, 1, 2, 3, 4, 5, 6, 7]",93.01580810546875,38.86540412902832,46.44097900390625,141,93.01580810546875,0.0,46.44097900390625,141
2025-07-17T20:32:09.432626,1,5,"[0, 1, 2, 3, 4, 5, 6, 7]",93.01580810546875,38.86540412902832,46.44097900390625,141,93.01580810546875,0.0,46.44097900390625,141
2025-07-17T20:32:09.439976,2,5,"[0, 1, 2, 3, 5, 6, 7]",93.01580810546875,38.86540412902832,46.44097900390625,141,93.01580810546875,0.0,46.44097900390625,141
2025-07-17T20:32:09.446580,3,5,"[0, 1, 2, 3, 4, 5, 6, 7]",93.01580810546875,38.86540412902832,46.44097900390625,141,93.01580810546875,0.0,46.44097900390625,141
2025-07-17T20:32:09.453498,4,5,"[0, 1, 2, 3, 4, 5, 6, 7]",93.01580810546875,38.86540412902832,46.44097900390625,141,93.01580810546875,0.0,46.44097900390625,141
2025-07-17T20:32:09.460493,0,6,"[0, 1, 2, 3, 5, 6, 7]",93.01580810546875,38.86540412902832,46.44097900390625,141,93.01580810546875,0.0,46.44097900390625,141
2025-07-17T20:32:09.467871,1,6,"[1, 2, 3, 4, 5, 6, 7]",93.01580810546875,38.86540412902832,46.44097900390625,141,93.01580810546875,0.0,46.44097900390625,141
2025-07-17T20:32:09.474361,2,6,"[0, 1, 2, 3, 4, 5, 6, 7]",93.01580810546875,38.86540412902832,46.44097900390625,141,93.01580810546875,0.0,46.44097900390625,141
2025-07-17T20:32:09.481769,3,6,"[1, 2, 3, 4, 5, 6, 7]",93.01580810546875,38.86540412902832,46.44097900390625,141,93.01580810546875,0.0,46.44097900390625,141
2025-07-17T20:32:09.488872,4,6,"[1, 2, 3, 4, 5, 6, 7]",93.01580810546875,38.86540412902832,46.44097900390625,141,93.01580810546875,0.0,46.44097900390625,141
2025-07-17T20:32:09.495814,0,7,"[0, 1, 2, 3, 4, 5, 7]",93.01580810546875,38.86540412902832,46.44097900390625,141,93.01580810546875,0.0,46.44097900390625,141
2025-07-17T20:32:09.503430,1,7,"[0, 1, 2, 3, 4, 5, 6, 7]",93.01580810546875,38.86540412902832,46.44097900390625,141,93.01580810546875,0.0,46.44097900390625,141
2025-07-17T20:32:09.511584,2,7,"[0, 1, 2, 3, 5, 6, 7]",93.01580810546875,38.86540412902832,46.44097900390625,141,93.01580810546875,0.0,46.44097900390625,141
2025-07-17T20:32:09.519884,3,7,"[0, 1, 2, 3, 4, 5, 6, 7]",93.01580810546875,38.86482238769531,46.44097900390625,141,93.01580810546875,0.0,46.44097900390625,141
2025-07-17T20:32:09.526885,4,7,"[0, 1, 2, 3, 4, 5, 6, 7]",93.01580810546875,38.86482238769531,46.44097900390625,141,93.01580810546875,0.0,46.44097900390625,141
2025-07-17T20:32:09.534538,0,8,"[1, 2, 3, 4, 5, 6, 7]",93.01580810546875,38.86456489562988,46.44097900390625,141,93.01580810546875,0.0,46.44097900390625,141
2025-07-17T20:32:09.542548,1,8,"[2, 3, 4, 5, 6, 7]",93.01580810546875,38.86482238769531,46.44097900390625,141,93.01580810546875,0.0,46.44097900390625,141
2025-07-17T20:32:09.549643,2,8,"[1, 2, 3, 4, 5, 6, 7]",93.01580810546875,38.86540412902832,46.44097900390625,141,93.01580810546875,0.0,46.44097900390625,141
2025-07-17T20:32:09.556093,3,8,"[2, 3, 4, 5, 6, 7]",93.01580810546875,38.86540412902832,46.44097900390625,141,93.01580810546875,0.0,46.44097900390625,141
2025-07-17T20:32:09.562891,4,8,"[2, 3, 4, 5, 6, 7]",93.01580810546875,38.86540412902832,46.44097900390625,141,93.01580810546875,0.0,46.44097900390625,141
2025-07-17T20:32:09.570009,0,9,"[0, 1, 2, 3, 4, 5, 6, 7]",93.01580810546875,38.86540412902832,46.44097900390625,141,93.01580810546875,0.0,46.44097900390625,141
2025-07-17T20:32:09.576865,1,9,"[0, 1, 2, 4, 5, 6, 7]",93.01580810546875,38.86540412902832,46.44097900390625,141,93.01580810546875,0.0,46.44097900390625,141
2025-07-17T20:32:09.584569,2,9,"[0, 1, 2, 5, 6, 7]",93.01580810546875,38.86540412902832,46.44097900390625,141,93.01580810546875,0.0,46.44097900390625,141
2025-07-17T20:32:09.586926,3,9,"[0, 1, 2, 4, 5, 6, 7]",93.01580810546875,38.86540412902832,46.44097900390625,141,93.01580810546875,0.0,46.44097900390625,141
2025-07-17T20:32:09.598423,4,9,"[0, 1, 2, 4, 5, 6, 7]",93.01580810546875,38.86540412902832,46.44097900390625,141,93.01580810546875,0.0,46.44097900390625,141
2025-07-17T20:32:09.605766,0,10,"[0, 2, 3, 4, 5, 6, 7]",93.01580810546875,38.86540412902832,46.44097900390625,141,93.01580810546875,0.0,46.44097900390625,141
2025-07-17T20:32:09.612345,1,10,"[0, 2, 3, 4, 5, 7]",93.01580810546875,38.86540412902832,46.44097900390625,141,93.01580810546875,0.0,46.44097900390625,141
2025-07-17T20:32:09.619837,2,10,"[0, 2, 3, 4, 5, 6, 7]",93.01580810546875,38.86540412902832,46.44097900390625,141,93.01580810546875,0.0,46.44097900390625,141
2025-07-17T20:32:09.627204,3,10,"[0, 2, 3, 4, 5, 7]",93.01580810546875,38.86540412902832,46.44097900390625,141,93.01580810546875,0.0,46.44097900390625,141
2025-07-17T20:32:09.634414,4,10,"[0, 2, 3, 4, 5, 7]",93.01580810546875,38.86540412902832,46.44097900390625,141,93.01580810546875,0.0,46.44097900390625,141
2025-07-17T20:32:09.641607,0,11,"[0, 1, 2, 4, 5, 7]",93.01580810546875,38.86540412902832,46.44097900390625,141,93.01580810546875,0.0,46.44097900390625,141
2025-07-17T20:32:09.649283,1,11,"[0, 1, 2, 4, 5, 6, 7]",93.01580810546875,38.86456489562988,46.44097900390625,141,93.01580810546875,0.0,46.44097900390625,141
2025-07-17T20:32:09.656032,2,11,"[0, 1, 2, 3, 4, 5, 6, 7]",93.01580810546875,38.86456489562988,46.44097900390625,141,93.01580810546875,0.0,46.44097900390625,141
2025-07-17T20:32:09.662520,3,11,"[0, 1, 2, 4, 5, 6, 7]",93.01580810546875,38.86456489562988,46.44097900390625,141,93.01580810546875,0.0,46.44097900390625,141
2025-07-17T20:32:09.669104,4,11,"[0, 1, 2, 4, 5, 6, 7]",93.01580810546875,38.86456489562988,46.44097900390625,141,93.01580810546875,0.0,46.44097900390625,141
2025-07-17T20:32:09.677849,0,12,"[0, 1, 2, 3, 4, 5, 6, 7]",93.01580810546875,38.86482238769531,46.44097900390625,141,93.01580810546875,0.0,46.44097900390625,141
2025-07-17T20:32:09.684399,1,12,"[0, 1, 3, 4, 5, 6]",93.01580810546875,38.86540412902832,46.44097900390625,141,93.01580810546875,0.0,46.44097900390625,141
2025-07-17T20:32:09.691755,2,12,"[0, 1, 3, 4, 5, 6, 7]",93.01580810546875,38.86540412902832,46.44097900390625,141,93.01580810546875,0.0,46.44097900390625,141
2025-07-17T20:32:09.699661,3,12,"[0, 1, 3, 4, 5, 6]",93.01580810546875,38.86540412902832,46.44097900390625,141,93.01580810546875,0.0,46.44097900390625,141
2025-07-17T20:32:09.706817,4,12,"[0, 1, 3, 4, 5, 6]",93.01580810546875,38.86540412902832,46.44097900390625,141,93.01580810546875,0.0,46.44097900390625,141
2025-07-17T20:32:09.713283,0,13,"[0, 1, 2, 3, 5, 6, 7]",93.01580810546875,38.86540412902832,46.44097900390625,141,93.01580810546875,0.0,46.44097900390625,141
2025-07-17T20:32:09.720056,1,13,"[0, 2, 3, 4, 5, 7]",93.01580810546875,38.86540412902832,46.44097900390625,141,93.01580810546875,0.0,46.44097900390625,141
2025-07-17T20:32:09.726818,2,13,"[0, 1, 2, 3, 5, 6]",93.01580810546875,38.86540412902832,46.44097900390625,141,93.01580810546875,0.0,46.44097900390625,141
2025-07-17T20:32:09.733460,3,13,"[0, 2, 3, 4, 5, 7]",93.01580810546875,38.86540412902832,46.44097900390625,141,93.01580810546875,0.0,46.44097900390625,141
2025-07-17T20:32:09.740874,4,13,"[0, 2, 3, 4, 5, 7]",93.01580810546875,38.86540412902832,46.44097900390625,141,93.01580810546875,0.0,46.44097900390625,141
2025-07-17T20:32:09.747596,0,14,"[0, 1, 2, 3, 4, 5, 6, 7]",93.01580810546875,38.86540412902832,46.44097900390625,141,93.01580810546875,0.0,46.44097900390625,141
2025-07-17T20:32:09.754562,1,14,"[0, 1, 4, 5, 7]",93.01580810546875,38.86540412902832,46.44097900390625,141,93.01580810546875,0.0,46.44097900390625,141
2025-07-17T20:32:09.761706,2,14,"[0, 1, 2, 4, 5, 6, 7]",93.01580810546875,38.86540412902832,46.44097900390625,141,93.01580810546875,0.0,46.44097900390625,141
2025-07-17T20:32:09.769231,3,14,"[0, 1, 4, 5, 7]",93.01580810546875,38.86540412902832,46.44097900390625,141,93.01580810546875,0.0,46.44097900390625,141
2025-07-17T20:32:09.771741,4,14,"[0, 1, 4, 5, 7]",93.01580810546875,38.86540412902832,46.44097900390625,141,93.01580810546875,0.0,46.44097900390625,141
2025-07-17T20:32:09.778821,0,15,"[0, 1, 2, 3, 4, 5, 6, 7]",93.01580810546875,38.86540412902832,46.44097900390625,141,93.01580810546875,0.0,46.44097900390625,141
2025-07-17T20:32:09.786092,1,15,"[0, 1, 2, 3, 4, 5, 6]",93.01580810546875,38.86540412902832,46.44097900390625,141,93.01580810546875,0.0,46.44097900390625,141
2025-07-17T20:32:09.792804,2,15,"[0, 1, 2, 3, 4, 5, 6, 7]",93.01580810546875,38.86540412902832,46.44097900390625,141,93.01580810546875,0.0,46.44097900390625,141
2025-07-17T20:32:09.799567,3,15,"[0, 1, 2, 3, 4, 5, 6]",93.01580810546875,38.86540412902832,46.44097900390625,141,93.01580810546875,0.0,46.44097900390625,141
2025-07-17T20:32:09.806415,4,15,"[0, 1, 2, 3, 4, 5, 6]",93.01580810546875,38.86540412902832,46.44097900390625,141,93.01580810546875,0.0,46.44097900390625,141
2025-07-17T20:32:09.813779,0,16,"[0, 1, 2, 3, 4, 5, 6, 7]",93.01580810546875,38.86540412902832,46.44097900390625,141,93.01580810546875,0.0,46.44097900390625,141
2025-07-17T20:32:09.820355,1,16,"[0, 3, 4, 5, 6, 7]",93.01580810546875,38.86540412902832,46.44097900390625,141,93.01580810546875,0.0,46.44097900390625,141
2025-07-17T20:32:09.827152,2,16,"[0, 1, 2, 3, 4, 5, 6, 7]",93.01580810546875,38.86540412902832,46.44097900390625,141,93.01580810546875,0.0,46.44097900390625,141
2025-07-17T20:32:09.834220,3,16,"[0, 3, 4, 5, 6, 7]",93.01580810546875,38.86540412902832,46.44097900390625,141,93.01580810546875,0.0,46.44097900390625,141
2025-07-17T20:32:09.841886,4,16,"[0, 3, 4, 5, 6, 7]",93.01580810546875,38.86540412902832,46.44097900390625,141,93.01580810546875,0.0,46.44097900390625,141
2025-07-17T20:32:09.849419,0,17,"[0, 1, 2, 3, 4, 5, 6, 7]",93.01580810546875,38.86540412902832,46.44097900390625,141,93.01580810546875,0.0,46.44097900390625,141
2025-07-17T20:32:09.856454,1,17,"[0, 1, 2, 4, 5, 6, 7]",93.01580810546875,38.86540412902832,46.44097900390625,141,93.01580810546875,0.0,46.44097900390625,141
2025-07-17T20:32:09.867480,2,17,"[0, 1, 2, 3, 4, 5, 6, 7]",93.01580810546875,38.86540412902832,46.44097900390625,141,93.01580810546875,0.0,46.44097900390625,141
2025-07-17T20:32:09.874411,3,17,"[0, 1, 2, 4, 5, 6, 7]",93.01580810546875,38.86540412902832,46.44097900390625,141,93.01580810546875,0.0,46.44097900390625,141
2025-07-17T20:32:09.882011,4,17,"[0, 1, 2, 4, 5, 6, 7]",93.01580810546875,38.86540412902832,46.44097900390625,141,93.01580810546875,0.0,46.44097900390625,141
2025-07-17T20:32:09.888880,0,18,"[0, 1, 2, 3, 4, 5, 6, 7]",93.01580810546875,38.86540412902832,46.44097900390625,141,93.01580810546875,0.0,46.44097900390625,141
2025-07-17T20:32:09.896326,1,18,"[0, 1, 2, 3, 4, 5, 6, 7]",93.01580810546875,38.86540412902832,46.44097900390625,141,93.01580810546875,0.0,46.44097900390625,141
2025-07-17T20:32:09.902809,2,18,"[0, 1, 2, 3, 4, 5, 6, 7]",93.01580810546875,38.86540412902832,46.44097900390625,141,93.01580810546875,0.0,46.44097900390625,141
2025-07-17T20:32:09.910876,3,18,"[0, 1, 2, 3, 4, 5, 6, 7]",93.01580810546875,38.86540412902832,46.44097900390625,141,93.01580810546875,0.0,46.44097900390625,141
2025-07-17T20:32:09.918033,4,18,"[0, 1, 2, 3, 4, 5, 6, 7]",93.01580810546875,38.86540412902832,46.44097900390625,141,93.01580810546875,0.0,46.44097900390625,141
2025-07-17T20:32:09.924999,0,19,"[0, 1, 2, 3, 4, 5, 6, 7]",93.01580810546875,38.86540412902832,46.44097900390625,141,93.01580810546875,0.0,46.44097900390625,141
2025-07-17T20:32:09.932263,1,19,"[0, 1, 2, 3, 4, 5, 6, 7]",93.01580810546875,38.86540412902832,46.44097900390625,141,93.01580810546875,0.0,46.44097900390625,141
2025-07-17T20:32:09.939672,2,19,"[0, 1, 2, 3, 4, 5, 6, 7]",93.01580810546875,38.86540412902832,46.44097900390625,141,93.01580810546875,0.0,46.44097900390625,141
2025-07-17T20:32:09.946038,3,19,"[0, 1, 2, 3, 4, 5, 6, 7]",93.01580810546875,38.86540412902832,46.44097900390625,141,93.01580810546875,0.0,46.44097900390625,141
2025-07-17T20:32:09.953205,4,19,"[0, 1, 2, 3, 4, 5, 6, 7]",93.01580810546875,38.86540412902832,46.44097900390625,141,93.01580810546875,0.0,46.44097900390625,141
2025-07-17T20:32:09.959942,0,20,"[0, 1, 2, 3, 4, 5, 6, 7]",93.01580810546875,38.86540412902832,46.44097900390625,141,93.01580810546875,0.0,46.44097900390625,141
2025-07-17T20:32:09.966579,1,20,"[0, 1, 2, 3, 4, 5, 6]",93.01580810546875,38.86540412902832,46.44097900390625,141,93.01580810546875,0.0,46.44097900390625,141
2025-07-17T20:32:09.973395,2,20,"[0, 1, 2, 3, 4, 5, 6]",93.01580810546875,38.86540412902832,46.44097900390625,141,93.01580810546875,0.0,46.44097900390625,141
2025-07-17T20:32:09.980630,3,20,"[0, 1, 2, 3, 4, 5, 6]",93.01580810546875,38.86540412902832,46.44097900390625,141,93.01580810546875,0.0,46.44097900390625,141
2025-07-17T20:32:09.987419,4,20,"[0, 1, 2, 3, 4, 5, 6]",93.01580810546875,38.86540412902832,46.44097900390625,141,93.01580810546875,0.0,46.44097900390625,141
2025-07-17T20:32:09.994135,0,21,"[0, 1, 2, 3, 4, 5, 6, 7]",93.01580810546875,38.86540412902832,46.44097900390625,141,93.01580810546875,0.0,46.44097900390625,141
2025-07-17T20:32:10.000951,1,21,"[0, 1, 2, 3, 4, 5, 6, 7]",93.01580810546875,38.86540412902832,46.44097900390625,141,93.01580810546875,0.0,46.44097900390625,141
2025-07-17T20:32:10.008229,2,21,"[0, 1, 2, 3, 4, 5, 6, 7]",93.01580810546875,38.86540412902832,46.44097900390625,141,93.01580810546875,0.0,46.44097900390625,141
2025-07-17T20:32:10.014868,3,21,"[0, 1, 2, 3, 4, 5, 6, 7]",93.01580810546875,38.86540412902832,46.44097900390625,141,93.01580810546875,0.0,46.44097900390625,141
2025-07-17T20:32:10.021107,4,21,"[0, 1, 2, 3, 4, 5, 6, 7]",93.01580810546875,38.86540412902832,46.44097900390625,141,93.01580810546875,0.0,46.44097900390625,141
2025-07-17T20:32:10.030922,0,22,"[0, 1, 2, 3, 4, 5, 6, 7]",93.01580810546875,38.86456489562988,46.44097900390625,141,93.01580810546875,0.0,46.44097900390625,141
2025-07-17T20:32:10.033320,1,22,"[0, 1, 2, 4, 5, 6, 7]",93.01580810546875,38.86456489562988,46.44097900390625,141,93.01580810546875,0.0,46.44097900390625,141
2025-07-17T20:32:10.040932,2,22,"[0, 1, 2, 3, 4, 5, 6, 7]",93.01580810546875,38.86456489562988,46.44097900390625,141,93.01580810546875,0.0,46.44097900390625,141
2025-07-17T20:32:10.047868,3,22,"[0, 1, 2, 4, 5, 6, 7]",93.01580810546875,38.86456489562988,46.44097900390625,141,93.01580810546875,0.0,46.44097900390625,141
2025-07-17T20:32:10.055016,4,22,"[0, 1, 2, 4, 5, 6, 7]",93.01580810546875,38.86456489562988,46.44097900390625,141,93.01580810546875,0.0,46.44097900390625,141
2025-07-17T20:32:10.061559,0,23,"[0, 1, 2, 3, 4, 5, 6, 7]",93.01580810546875,38.86540412902832,46.44097900390625,141,93.01580810546875,0.0,46.44097900390625,141
2025-07-17T20:32:10.068685,1,23,"[0, 1, 2, 3, 4, 5, 7]",93.01580810546875,38.86540412902832,46.44097900390625,141,93.01580810546875,0.0,46.44097900390625,141
2025-07-17T20:32:10.075357,2,23,"[0, 1, 2, 3, 4, 5, 6, 7]",93.01580810546875,38.86540412902832,46.44097900390625,141,93.01580810546875,0.0,46.44097900390625,141
2025-07-17T20:32:10.082276,3,23,"[0, 1, 2, 3, 4, 5, 7]",93.01580810546875,38.86540412902832,46.44097900390625,141,93.01580810546875,0.0,46.44097900390625,141
2025-07-17T20:32:10.089285,4,23,"[0, 1, 2, 3, 4, 5, 7]",93.01580810546875,38.86540412902832,46.44097900390625,141,93.01580810546875,0.0,46.44097900390625,141
2025-07-17T20:32:10.096381,0,24,"[0, 1, 2, 3, 4, 5, 6, 7]",93.01580810546875,38.86540412902832,46.44097900390625,141,93.01580810546875,0.0,46.44097900390625,141
2025-07-17T20:32:10.103201,1,24,"[1, 2, 3, 4, 5, 6, 7]",93.01580810546875,38.86540412902832,46.44097900390625,141,93.01580810546875,0.0,46.44097900390625,141
2025-07-17T20:32:10.109699,2,24,"[0, 1, 2, 3, 4, 5, 6, 7]",93.01580810546875,38.86540412902832,46.44097900390625,141,93.01580810546875,0.0,46.44097900390625,141
2025-07-17T20:32:10.116169,3,24,"[1, 2, 3, 4, 5, 6, 7]",93.01580810546875,38.86540412902832,46.44097900390625,141,93.01580810546875,0.0,46.44097900390625,141
2025-07-17T20:32:10.123192,4,24,"[1, 2, 3, 4, 5, 6, 7]",93.01580810546875,38.86540412902832,46.44097900390625,141,93.01580810546875,0.0,46.44097900390625,141
2025-07-17T20:32:10.130869,0,25,"[0, 1, 2, 3, 5, 6, 7]",93.01580810546875,38.86540412902832,46.44097900390625,141,93.01580810546875,0.0,46.44097900390625,141
2025-07-17T20:32:10.138127,1,25,"[0, 1, 2, 3, 5, 6, 7]",93.01580810546875,38.86540412902832,46.44097900390625,141,93.01580810546875,0.0,46.44097900390625,141
2025-07-17T20:32:10.145104,2,25,"[0, 1, 2, 3, 5, 6, 7]",93.01580810546875,38.86540412902832,46.44097900390625,141,93.01580810546875,0.0,46.44097900390625,141
2025-07-17T20:32:10.152297,3,25,"[0, 1, 2, 3, 5, 6, 7]",93.01580810546875,38.86540412902832,46.44097900390625,141,93.01580810546875,0.0,46.44097900390625,141
2025-07-17T20:32:10.159639,4,25,"[0, 1, 2, 3, 5, 6, 7]",93.01580810546875,38.86540412902832,46.44097900390625,141,93.01580810546875,0.0,46.44097900390625,141
2025-07-17T20:32:10.165590,0,26,"[0, 1, 2, 3, 4, 5, 7]",93.01580810546875,38.86540412902832,46.44097900390625,141,93.01580810546875,0.0,46.44097900390625,141
2025-07-17T20:32:10.173011,1,26,"[0, 2, 3, 4, 5, 7]",93.01580810546875,38.86540412902832,46.44097900390625,141,93.01580810546875,0.0,46.44097900390625,141
2025-07-17T20:32:10.179711,2,26,"[0, 1, 2, 3, 4, 5, 7]",93.01580810546875,38.86540412902832,46.44097900390625,141,93.01580810546875,0.0,46.44097900390625,141
2025-07-17T20:32:10.186971,3,26,"[0, 2, 3, 4, 5, 7]",93.01580810546875,38.86540412902832,46.44097900390625,141,93.01580810546875,0.0,46.44097900390625,141
2025-07-17T20:32:10.193846,4,26,"[0, 2, 3, 4, 5, 7]",93.01580810546875,38.86540412902832,46.44097900390625,141,93.01580810546875,0.0,46.44097900390625,141
2025-07-17T20:32:10.201441,0,27,"[0, 1, 2, 3, 4, 5, 6, 7]",93.01580810546875,38.86540412902832,46.44097900390625,141,93.01580810546875,0.0,46.44097900390625,141
2025-07-17T20:32:10.209023,1,27,"[0, 1, 2, 3, 5, 6, 7]",93.01580810546875,38.86540412902832,46.44097900390625,141,93.01580810546875,0.0,46.44097900390625,141
2025-07-17T20:32:10.216566,2,27,"[0, 1, 2, 3, 4, 5, 6, 7]",93.01580810546875,38.86540412902832,46.44097900390625,141,93.01580810546875,0.0,46.44097900390625,141
2025-07-17T20:32:10.223185,3,27,"[0, 1, 2, 3, 5, 6, 7]",93.01580810546875,38.86540412902832,46.44097900390625,141,93.01580810546875,0.0,46.44097900390625,141
2025-07-17T20:32:10.234879,4,27,"[0, 1, 2, 3, 5, 6, 7]",93.01580810546875,38.86540412902832,46.44097900390625,141,93.01580810546875,0.0,46.44097900390625,141
2025-07-17T20:32:10.236893,0,28,"[0, 1, 2, 3, 4, 5, 6, 7]",93.01580810546875,38.86540412902832,46.44097900390625,141,93.01580810546875,0.0,46.44097900390625,141
2025-07-17T20:32:10.249265,1,28,"[0, 1, 2, 3, 5, 6, 7]",93.01580810546875,38.86540412902832,46.44097900390625,141,93.01580810546875,0.0,46.44097900390625,141
2025-07-17T20:32:10.251349,2,28,"[0, 1, 2, 3, 4, 5, 6, 7]",93.01580810546875,38.86540412902832,46.44097900390625,141,93.01580810546875,0.0,46.44097900390625,141
2025-07-17T20:32:10.263913,3,28,"[0, 1, 2, 3, 5, 6, 7]",93.01580810546875,38.86540412902832,46.44097900390625,141,93.01580810546875,0.0,46.44097900390625,141
2025-07-17T20:32:10.266456,4,28,"[0, 1, 2, 3, 5, 6, 7]",93.01580810546875,38.86540412902832,46.44097900390625,141,93.01580810546875,0.0,46.44097900390625,141
2025-07-17T20:32:10.272867,0,29,"[0, 1, 2, 3, 4, 5, 6, 7]",93.01580810546875,38.86540412902832,46.44097900390625,141,93.01580810546875,0.0,46.44097900390625,141
2025-07-17T20:32:10.280353,1,29,"[0, 1, 2, 3, 4, 5, 6, 7]",93.01580810546875,38.86540412902832,46.44097900390625,141,93.01580810546875,0.0,46.44097900390625,141
2025-07-17T20:32:10.286953,2,29,"[0, 1, 2, 3, 4, 5, 6, 7]",93.01580810546875,38.86540412902832,46.44097900390625,141,93.01580810546875,0.0,46.44097900390625,141
2025-07-17T20:32:10.299337,3,29,"[0, 1, 2, 3, 4, 5, 6, 7]",93.01580810546875,38.86540412902832,46.44097900390625,141,93.01580810546875,0.0,46.44097900390625,141
2025-07-17T20:32:10.301578,4,29,"[0, 1, 2, 3, 4, 5, 6, 7]",93.01580810546875,38.86540412902832,46.44097900390625,141,93.01580810546875,0.0,46.44097900390625,141
2025-07-17T20:32:10.310115,0,30,"[0, 1, 2, 3, 4, 5, 7]",93.01580810546875,38.86540412902832,46.44097900390625,141,93.01580810546875,0.0,46.44097900390625,141
2025-07-17T20:32:10.316412,1,30,"[0, 1, 2, 3, 4, 5, 6, 7]",93.01580810546875,38.86540412902832,46.44097900390625,141,93.01580810546875,0.0,46.44097900390625,141
2025-07-17T20:32:10.322659,2,30,"[0, 1, 2, 3, 4, 5, 7]",93.01580810546875,38.86540412902832,46.44097900390625,141,93.01580810546875,0.0,46.44097900390625,141
2025-07-17T20:32:10.328616,3,30,"[0, 1, 2, 3, 4, 5, 6, 7]",93.01580810546875,38.86540412902832,46.44097900390625,141,93.01580810546875,0.0,46.44097900390625,141
2025-07-17T20:32:10.339222,4,30,"[0, 1, 2, 3, 4, 5, 6, 7]",93.01580810546875,38.86540412902832,46.44097900390625,141,93.01580810546875,0.0,46.44097900390625,141
2025-07-17T20:32:10.346272,0,31,"[0, 1, 2, 3, 4, 5, 6, 7]",93.01580810546875,38.87204074859619,46.44097900390625,141,93.01580810546875,0.0,46.44097900390625,141
2025-07-17T20:32:10.355333,1,31,"[0, 1, 2, 3, 4, 5, 6, 7]",93.01580810546875,38.8688325881958,46.44097900390625,141,93.01580810546875,0.0,46.44097900390625,141
2025-07-17T20:32:10.363906,2,31,"[0, 1, 2, 3, 4, 5, 6, 7]",93.01580810546875,38.86562442779541,46.44097900390625,141,93.01580810546875,0.0,46.44097900390625,141
2025-07-17T20:32:10.372359,3,31,"[0, 1, 2, 3, 4, 5, 6, 7]",93.01580810546875,38.86299800872803,46.44097900390625,141,93.01580810546875,0.0,46.44097900390625,141
2025-07-17T20:32:10.376179,4,31,"[0, 1, 2, 3, 4, 5, 6, 7]",93.01580810546875,38.86002254486084,46.44097900390625,141,93.01580810546875,0.0,46.44097900390625,141
2025-07-17T20:32:10.391229,0,0,"[0, 1, 2, 3, 4, 5, 6, 7]",93.01580810546875,38.85531425476074,46.44097900390625,141,93.01580810546875,0.0,46.44097900390625,141
2025-07-17T20:32:10.399659,1,0,"[0, 1, 2, 3, 5, 6, 7]",93.01580810546875,38.85852241516113,46.44097900390625,141,93.01580810546875,0.0,46.44097900390625,141
2025-07-17T20:32:10.407918,2,0,"[0, 1, 2, 3, 4, 5, 6, 7]",93.01580810546875,38.86149787902832,46.44097900390625,141,93.01580810546875,0.0,46.44097900390625,141
2025-07-17T20:32:10.411734,3,0,"[0, 1, 2, 3, 5, 6, 7]",93.01580810546875,38.86438179016113,46.44097900390625,141,93.01580810546875,0.0,46.44097900390625,141
2025-07-17T20:32:10.422583,4,0,"[0, 1, 2, 3, 5, 6, 7]",93.01580810546875,38.86540412902832,46.44097900390625,141,93.01580810546875,0.0,46.44097900390625,141
2025-07-17T20:32:10.430728,0,1,"[0, 1, 2, 3, 4, 5, 6, 7]",93.01580810546875,38.86482238769531,46.44097900390625,141,93.01580810546875,0.0,46.44097900390625,141
2025-07-17T20:32:10.438531,1,1,"[0, 1, 2, 3, 4, 5, 6, 7]",93.01580810546875,38.86482238769531,46.44097900390625,141,93.01580810546875,0.0,46.44097900390625,141
2025-07-17T20:32:10.445812,2,1,"[0, 1, 2, 3, 4, 5, 6, 7]",93.01580810546875,38.86482238769531,46.44097900390625,141,93.01580810546875,0.0,46.44097900390625,141
2025-07-17T20:32:10.452843,3,1,"[0, 1, 2, 3, 4, 5, 6, 7]",93.01580810546875,38.86456489562988,46.44097900390625,141,93.01580810546875,0.0,46.44097900390625,141
2025-07-17T20:32:10.459677,4,1,"[0, 1, 2, 3, 4, 5, 6, 7]",93.01580810546875,38.86456489562988,46.44097900390625,141,93.01580810546875,0.0,46.44097900390625,141
2025-07-17T20:32:10.466940,0,2,"[0, 1, 2, 3, 4, 5, 6, 7]",93.01580810546875,38.86540412902832,46.44097900390625,141,93.01580810546875,0.0,46.44097900390625,141
2025-07-17T20:32:10.474067,1,2,"[0, 1, 2, 3, 4, 5, 6, 7]",93.01580810546875,38.86540412902832,46.44097900390625,141,93.01580810546875,0.0,46.44097900390625,141
2025-07-17T20:32:10.481973,2,2,"[0, 1, 2, 3, 4, 5, 6, 7]",93.01580810546875,38.86540412902832,46.44097900390625,141,93.01580810546875,0.0,46.44097900390625,141
2025-07-17T20:32:10.489188,3,2,"[0, 1, 2, 3, 4, 5, 6, 7]",93.01580810546875,38.86540412902832,46.44097900390625,141,93.01580810546875,0.0,46.44097900390625,141
2025-07-17T20:32:10.496990,4,2,"[0, 1, 2, 3, 4, 5, 6, 7]",93.01580810546875,38.86540412902832,46.44097900390625,141,93.01580810546875,0.0,46.44097900390625,141
2025-07-17T20:32:10.504805,0,3,"[0, 1, 2, 3, 4, 5, 6, 7]",93.01580810546875,38.86456489562988,46.44097900390625,141,93.01580810546875,0.0,46.44097900390625,141
2025-07-17T20:32:10.512131,1,3,"[0, 1, 2, 3, 4, 5, 6, 7]",93.01580810546875,38.86456489562988,46.44097900390625,141,93.01580810546875,0.0,46.44097900390625,141
2025-07-17T20:32:10.519373,2,3,"[0, 1, 2, 3, 4, 5, 6, 7]",93.01580810546875,38.86456489562988,46.44097900390625,141,93.01580810546875,0.0,46.44097900390625,141
2025-07-17T20:32:10.526965,3,3,"[0, 1, 2, 3, 4, 5, 6, 7]",93.01580810546875,38.86456489562988,46.44097900390625,141,93.01580810546875,0.0,46.44097900390625,141
2025-07-17T20:32:10.534191,4,3,"[0, 1, 2, 3, 4, 5, 6, 7]",93.01580810546875,38.86456489562988,46.44097900390625,141,93.01580810546875,0.0,46.44097900390625,141
2025-07-17T20:32:10.541407,0,4,"[0, 1, 2, 3, 4, 5, 6, 7]",93.01580810546875,38.86540412902832,46.44097900390625,141,93.01580810546875,0.0,46.44097900390625,141
2025-07-17T20:32:10.547905,1,4,"[0, 1, 2, 3, 4, 5, 6, 7]",93.01580810546875,38.86540412902832,46.44097900390625,141,93.01580810546875,0.0,46.44097900390625,141
2025-07-17T20:32:10.555311,2,4,"[0, 1, 2, 3, 4, 5, 6, 7]",93.01580810546875,38.86540412902832,46.44097900390625,141,93.01580810546875,0.0,46.44097900390625,141
2025-07-17T20:32:10.562957,3,4,"[0, 1, 2, 3, 4, 5, 6, 7]",93.01580810546875,38.86540412902832,46.44097900390625,141,93.01580810546875,0.0,46.44097900390625,141
2025-07-17T20:32:10.570003,4,4,"[0, 1, 2, 3, 4, 5, 6, 7]",93.01580810546875,38.86540412902832,46.44097900390625,141,93.01580810546875,0.0,46.44097900390625,141
2025-07-17T20:32:10.576995,0,5,"[0, 1, 2, 3, 4, 5, 6, 7]",93.01580810546875,38.86540412902832,46.44097900390625,141,93.01580810546875,0.0,46.44097900390625,141
2025-07-17T20:32:10.584087,1,5,"[0, 1, 2, 4, 5, 6, 7]",93.01580810546875,38.86540412902832,46.44097900390625,141,93.01580810546875,0.0,46.44097900390625,141
2025-07-17T20:32:10.592000,2,5,"[0, 1, 2, 3, 4, 5, 6, 7]",93.01580810546875,38.86540412902832,46.44097900390625,141,93.01580810546875,0.0,46.44097900390625,141
2025-07-17T20:32:10.600004,3,5,"[0, 1, 2, 4, 5, 6, 7]",93.01580810546875,38.86482238769531,46.44097900390625,141,93.01580810546875,0.0,46.44097900390625,141
2025-07-17T20:32:10.606765,4,5,"[0, 1, 2, 4, 5, 6, 7]",93.01580810546875,38.86482238769531,46.44097900390625,141,93.01580810546875,0.0,46.44097900390625,141
2025-07-17T20:32:10.614407,0,6,"[0, 1, 2, 3, 4, 5, 6, 7]",93.01580810546875,38.86456489562988,46.44097900390625,141,93.01580810546875,0.0,46.44097900390625,141
2025-07-17T20:32:10.621066,1,6,"[0, 2, 3, 4, 5, 6, 7]",93.01580810546875,38.86456489562988,46.44097900390625,141,93.01580810546875,0.0,46.44097900390625,141
2025-07-17T20:32:10.627662,2,6,"[0, 1, 2, 3, 4, 5, 6, 7]",93.01580810546875,38.86540412902832,46.44097900390625,141,93.01580810546875,0.0,46.44097900390625,141
2025-07-17T20:32:10.638246,3,6,"[0, 2, 3, 4, 5, 6, 7]",93.01580810546875,38.86540412902832,46.44097900390625,141,93.01580810546875,0.0,46.44097900390625,141
2025-07-17T20:32:10.640777,4,6,"[0, 2, 3, 4, 5, 6, 7]",93.01580810546875,38.86540412902832,46.44097900390625,141,93.01580810546875,0.0,46.44097900390625,141
2025-07-17T20:32:10.652266,0,7,"[0, 1, 2, 3, 4, 5, 6, 7]",93.01580810546875,38.86540412902832,46.44097900390625,141,93.01580810546875,0.0,46.44097900390625,141
2025-07-17T20:32:10.658637,1,7,"[0, 1, 2, 3, 4, 5, 6, 7]",93.01580810546875,38.86540412902832,46.44097900390625,141,93.01580810546875,0.0,46.44097900390625,141
2025-07-17T20:32:10.665774,2,7,"[0, 1, 2, 3, 4, 5, 6, 7]",93.01580810546875,38.86540412902832,46.44097900390625,141,93.01580810546875,0.0,46.44097900390625,141
2025-07-17T20:32:10.672921,3,7,"[0, 1, 2, 3, 4, 5, 6, 7]",93.01580810546875,38.86540412902832,46.44097900390625,141,93.01580810546875,0.0,46.44097900390625,141
2025-07-17T20:32:10.679755,4,7,"[0, 1, 2, 3, 4, 5, 6, 7]",93.01580810546875,38.86540412902832,46.44097900390625,141,93.01580810546875,0.0,46.44097900390625,141
2025-07-17T20:32:10.686432,0,8,"[1, 2, 3, 4, 5, 6, 7]",93.01580810546875,38.86540412902832,46.44097900390625,141,93.01580810546875,0.0,46.44097900390625,141
2025-07-17T20:32:10.693907,1,8,"[0, 1, 2, 3, 4, 5, 6, 7]",93.01580810546875,38.86540412902832,46.44097900390625,141,93.01580810546875,0.0,46.44097900390625,141
2025-07-17T20:32:10.701000,2,8,"[0, 1, 2, 3, 4, 5, 6, 7]",93.01580810546875,38.86540412902832,46.44097900390625,141,93.01580810546875,0.0,46.44097900390625,141
2025-07-17T20:32:10.707653,3,8,"[0, 1, 2, 3, 4, 5, 6, 7]",93.01580810546875,38.86540412902832,46.44097900390625,141,93.01580810546875,0.0,46.44097900390625,141
2025-07-17T20:32:10.713956,4,8,"[0, 1, 2, 3, 4, 5, 6, 7]",93.01580810546875,38.86540412902832,46.44097900390625,141,93.01580810546875,0.0,46.44097900390625,141
2025-07-17T20:32:10.720933,0,9,"[0, 1, 2, 3, 4, 5, 6, 7]",93.01580810546875,38.86540412902832,46.44097900390625,141,93.01580810546875,0.0,46.44097900390625,141
2025-07-17T20:32:10.727713,1,9,"[0, 1, 2, 4, 6, 7]",93.01580810546875,38.86540412902832,46.44097900390625,141,93.01580810546875,0.0,46.44097900390625,141
2025-07-17T20:32:10.735344,2,9,"[0, 1, 2, 3, 4, 5, 6, 7]",93.01580810546875,38.86540412902832,46.44097900390625,141,93.01580810546875,0.0,46.44097900390625,141
2025-07-17T20:32:10.743122,3,9,"[0, 1, 2, 4, 6, 7]",93.01580810546875,38.86540412902832,46.44097900390625,141,93.01580810546875,0.0,46.44097900390625,141
2025-07-17T20:32:10.751048,4,9,"[0, 1, 2, 4, 6, 7]",93.01580810546875,38.86540412902832,46.44097900390625,141,93.01580810546875,0.0,46.44097900390625,141
2025-07-17T20:32:10.753772,0,10,"[0, 1, 2, 3, 4, 5, 6, 7]",93.01580810546875,38.86540412902832,46.44097900390625,141,93.01580810546875,0.0,46.44097900390625,141
2025-07-17T20:32:10.760578,1,10,"[0, 1, 2, 3, 4, 5, 6, 7]",93.01580810546875,38.86540412902832,46.44097900390625,141,93.01580810546875,0.0,46.44097900390625,141
2025-07-17T20:32:10.767953,2,10,"[0, 1, 2, 3, 4, 5, 6, 7]",93.01580810546875,38.86540412902832,46.44097900390625,141,93.01580810546875,0.0,46.44097900390625,141
2025-07-17T20:32:10.779256,3,10,"[0, 1, 2, 3, 4, 5, 6, 7]",93.01580810546875,38.86540412902832,46.44097900390625,141,93.01580810546875,0.0,46.44097900390625,141
2025-07-17T20:32:10.786250,4,10,"[0, 1, 2, 3, 4, 5, 6, 7]",93.01580810546875,38.86540412902832,46.44097900390625,141,93.01580810546875,0.0,46.44097900390625,141
2025-07-17T20:32:10.790842,0,11,"[0, 1, 2, 3, 4, 5, 6, 7]",93.01580810546875,38.86482238769531,46.44097900390625,141,93.01580810546875,0.0,46.44097900390625,141
2025-07-17T20:32:10.798190,1,11,"[0, 1, 2, 3, 4, 5, 6, 7]",93.01580810546875,38.86482238769531,46.44097900390625,141,93.01580810546875,0.0,46.44097900390625,141
2025-07-17T20:32:10.805321,2,11,"[0, 1, 2, 3, 4, 5, 6, 7]",93.01580810546875,38.86456489562988,46.44097900390625,141,93.01580810546875,0.0,46.44097900390625,141
2025-07-17T20:32:10.813485,3,11,"[0, 1, 2, 3, 4, 5, 6, 7]",93.01580810546875,38.86456489562988,46.44097900390625,141,93.01580810546875,0.0,46.44097900390625,141
2025-07-17T20:32:10.820525,4,11,"[0, 1, 2, 3, 4, 5, 6, 7]",93.01580810546875,38.86456489562988,46.44097900390625,141,93.01580810546875,0.0,46.44097900390625,141
2025-07-17T20:32:10.827506,0,12,"[0, 1, 2, 3, 4, 5, 6, 7]",93.01580810546875,38.86540412902832,46.44097900390625,141,93.01580810546875,0.0,46.44097900390625,141
2025-07-17T20:32:10.834899,1,12,"[0, 1, 2, 3, 4, 5, 6]",93.01580810546875,38.86540412902832,46.44097900390625,141,93.01580810546875,0.0,46.44097900390625,141
2025-07-17T20:32:10.846487,2,12,"[0, 1, 2, 3, 4, 5, 6, 7]",93.01580810546875,38.86540412902832,46.44097900390625,141,93.01580810546875,0.0,46.44097900390625,141
2025-07-17T20:32:10.853510,3,12,"[0, 1, 2, 3, 4, 5, 6]",93.01580810546875,38.86540412902832,46.44097900390625,141,93.01580810546875,0.0,46.44097900390625,141
2025-07-17T20:32:10.860060,4,12,"[0, 1, 2, 3, 4, 5, 6]",93.01580810546875,38.86540412902832,46.44097900390625,141,93.01580810546875,0.0,46.44097900390625,141
2025-07-17T20:32:10.867629,0,13,"[0, 1, 2, 3, 4, 5, 6, 7]",93.01580810546875,38.86540412902832,46.44097900390625,141,93.01580810546875,0.0,46.44097900390625,141
2025-07-17T20:32:10.870394,1,13,"[0, 1, 2, 3, 5, 6]",93.01580810546875,38.86540412902832,46.44097900390625,141,93.01580810546875,0.0,46.44097900390625,141
2025-07-17T20:32:10.879103,2,13,"[0, 1, 2, 3, 5, 6]",93.01580810546875,38.86540412902832,46.44097900390625,141,93.01580810546875,0.0,46.44097900390625,141
2025-07-17T20:32:10.885162,3,13,"[0, 1, 2, 3, 5, 6]",93.01580810546875,38.86540412902832,46.44097900390625,141,93.01580810546875,0.0,46.44097900390625,141
2025-07-17T20:32:10.896703,4,13,"[0, 1, 2, 3, 5, 6]",93.01580810546875,38.86540412902832,46.44097900390625,141,93.01580810546875,0.0,46.44097900390625,141
2025-07-17T20:32:10.898746,0,14,"[0, 1, 2, 3, 4, 5, 6, 7]",93.01580810546875,38.86540412902832,46.44097900390625,141,93.01580810546875,0.0,46.44097900390625,141
2025-07-17T20:32:10.904878,1,14,"[0, 1, 2, 3, 4, 5, 6, 7]",93.01580810546875,38.86540412902832,46.44097900390625,141,93.01580810546875,0.0,46.44097900390625,141
2025-07-17T20:32:10.911138,2,14,"[1, 2, 3, 4, 5, 6, 7]",93.01580810546875,38.86540412902832,46.44097900390625,141,93.01580810546875,0.0,46.44097900390625,141
2025-07-17T20:32:10.917637,3,14,"[0, 1, 2, 3, 4, 5, 6, 7]",93.01580810546875,38.86540412902832,46.44097900390625,141,93.01580810546875,0.0,46.44097900390625,141
2025-07-17T20:32:10.924645,4,14,"[0, 1, 2, 3, 4, 5, 6, 7]",93.01580810546875,38.86540412902832,46.44097900390625,141,93.01580810546875,0.0,46.44097900390625,141
2025-07-17T20:32:10.932432,0,15,"[0, 1, 2, 3, 4, 5, 6, 7]",93.01580810546875,38.86540412902832,46.44097900390625,141,93.01580810546875,0.0,46.44097900390625,141
2025-07-17T20:32:10.944662,1,15,"[0, 1, 2, 3, 4, 5, 6, 7]",93.01580810546875,38.86540412902832,46.44097900390625,141,93.01580810546875,0.0,46.44097900390625,141
2025-07-17T20:32:10.952062,2,15,"[0, 1, 2, 3, 4, 5, 6, 7]",93.01580810546875,38.86540412902832,46.44097900390625,141,93.01580810546875,0.0,46.44097900390625,141
2025-07-17T20:32:10.955158,3,15,"[0, 1, 2, 3, 4, 5, 6, 7]",93.01580810546875,38.86540412902832,46.44097900390625,141,93.01580810546875,0.0,46.44097900390625,141
2025-07-17T20:32:10.962248,4,15,"[0, 1, 2, 3, 4, 5, 6, 7]",93.01580810546875,38.86540412902832,46.44097900390625,141,93.01580810546875,0.0,46.44097900390625,141
2025-07-17T20:32:10.973471,0,16,"[0, 1, 3, 4, 5, 6, 7]",93.01580810546875,38.86540412902832,46.44097900390625,141,93.01580810546875,0.0,46.44097900390625,141
2025-07-17T20:32:10.980746,1,16,"[0, 1, 2, 3, 4, 5, 6, 7]",93.01580810546875,38.86540412902832,46.44097900390625,141,93.01580810546875,0.0,46.44097900390625,141
2025-07-17T20:32:10.987093,2,16,"[0, 1, 2, 3, 4, 5, 6, 7]",93.01580810546875,38.86540412902832,46.44097900390625,141,93.01580810546875,0.0,46.44097900390625,141
2025-07-17T20:32:10.993940,3,16,"[0, 1, 2, 3, 4, 5, 6, 7]",93.01580810546875,38.86540412902832,46.44097900390625,141,93.01580810546875,0.0,46.44097900390625,141
2025-07-17T20:32:11.000703,4,16,"[0, 1, 2, 3, 4, 5, 6, 7]",93.01580810546875,38.86540412902832,46.44097900390625,141,93.01580810546875,0.0,46.44097900390625,141
2025-07-17T20:32:11.007264,0,17,"[0, 1, 2, 3, 4, 5, 6, 7]",93.01580810546875,38.86540412902832,46.44097900390625,141,93.01580810546875,0.0,46.44097900390625,141
2025-07-17T20:32:11.014228,1,17,"[0, 1, 2, 3, 4, 5, 6, 7]",93.01580810546875,38.86540412902832,46.44097900390625,141,93.01580810546875,0.0,46.44097900390625,141
2025-07-17T20:32:11.021335,2,17,"[0, 1, 2, 3, 4, 5, 6, 7]",93.01580810546875,38.86540412902832,46.44097900390625,141,93.01580810546875,0.0,46.44097900390625,141
2025-07-17T20:32:11.029579,3,17,"[0, 1, 2, 3, 4, 5, 6, 7]",93.01580810546875,38.86540412902832,46.44097900390625,141,93.01580810546875,0.0,46.44097900390625,141
2025-07-17T20:32:11.037085,4,17,"[0, 1, 2, 3, 4, 5, 6, 7]",93.01580810546875,38.86540412902832,46.44097900390625,141,93.01580810546875,0.0,46.44097900390625,141
2025-07-17T20:32:11.043424,0,18,"[0, 1, 2, 3, 4, 5, 6, 7]",93.01580810546875,38.86540412902832,46.44097900390625,141,93.01580810546875,0.0,46.44097900390625,141
2025-07-17T20:32:11.050604,1,18,"[0, 1, 2, 3, 4, 5, 6, 7]",93.01580810546875,38.86540412902832,46.44097900390625,141,93.01580810546875,0.0,46.44097900390625,141
2025-07-17T20:32:11.057690,2,18,"[0, 1, 2, 3, 4, 5, 6, 7]",93.01580810546875,38.86540412902832,46.44097900390625,141,93.01580810546875,0.0,46.44097900390625,141
2025-07-17T20:32:11.064388,3,18,"[0, 1, 2, 3, 4, 5, 6, 7]",93.01580810546875,38.86540412902832,46.44097900390625,141,93.01580810546875,0.0,46.44097900390625,141
2025-07-17T20:32:11.073096,4,18,"[0, 1, 2, 3, 4, 5, 6, 7]",93.01580810546875,38.86540412902832,46.44097900390625,141,93.01580810546875,0.0,46.44097900390625,141
2025-07-17T20:32:11.080820,0,19,"[0, 1, 2, 3, 4, 5, 6, 7]",93.01580810546875,38.86540412902832,46.44097900390625,141,93.01580810546875,0.0,46.44097900390625,141
2025-07-17T20:32:11.089691,1,19,"[0, 2, 3, 4, 5, 6, 7]",93.01580810546875,38.86482238769531,46.44097900390625,141,93.01580810546875,0.0,46.44097900390625,141
2025-07-17T20:32:11.096666,2,19,"[0, 1, 2, 3, 4, 5, 6, 7]",93.01580810546875,38.86482238769531,46.44097900390625,141,93.01580810546875,0.0,46.44097900390625,141
2025-07-17T20:32:11.103581,3,19,"[0, 2, 3, 4, 5, 6, 7]",93.01580810546875,38.86482238769531,46.44097900390625,141,93.01580810546875,0.0,46.44097900390625,141
2025-07-17T20:32:11.110130,4,19,"[0, 2, 3, 4, 5, 6, 7]",93.01580810546875,38.86482238769531,46.44097900390625,141,93.01580810546875,0.0,46.44097900390625,141
2025-07-17T20:32:11.116548,0,20,"[0, 1, 2, 3, 4, 5, 6, 7]",93.01580810546875,38.86456489562988,46.44097900390625,141,93.01580810546875,0.0,46.44097900390625,141
2025-07-17T20:32:11.126849,1,20,"[0, 2, 3, 4, 5, 6, 7]",93.01580810546875,38.86540412902832,46.44097900390625,141,93.01580810546875,0.0,46.44097900390625,141
2025-07-17T20:32:11.133633,2,20,"[0, 1, 2, 3, 4, 5, 6, 7]",93.01580810546875,38.86540412902832,46.44097900390625,141,93.01580810546875,0.0,46.44097900390625,141
2025-07-17T20:32:11.141018,3,20,"[0, 2, 3, 4, 5, 6, 7]",93.01580810546875,38.86540412902832,46.44097900390625,141,93.01580810546875,0.0,46.44097900390625,141
2025-07-17T20:32:11.143280,4,20,"[0, 2, 3, 4, 5, 6, 7]",93.01580810546875,38.86540412902832,46.44097900390625,141,93.01580810546875,0.0,46.44097900390625,141
2025-07-17T20:32:11.150242,0,21,"[0, 1, 2, 3, 4, 5, 6, 7]",93.01580810546875,38.86540412902832,46.44097900390625,141,93.01580810546875,0.0,46.44097900390625,141
2025-07-17T20:32:11.157172,1,21,"[0, 1, 2, 3, 4, 5, 6, 7]",93.01580810546875,38.86540412902832,46.44097900390625,141,93.01580810546875,0.0,46.44097900390625,141
2025-07-17T20:32:11.164809,2,21,"[0, 1, 2, 3, 4, 5, 6, 7]",93.01580810546875,38.86540412902832,46.44097900390625,141,93.01580810546875,0.0,46.44097900390625,141
2025-07-17T20:32:11.172129,3,21,"[0, 1, 2, 3, 4, 5, 6, 7]",93.01580810546875,38.86540412902832,46.44097900390625,141,93.01580810546875,0.0,46.44097900390625,141
2025-07-17T20:32:11.184401,4,21,"[0, 1, 2, 3, 4, 5, 6, 7]",93.01580810546875,38.86540412902832,46.44097900390625,141,93.01580810546875,0.0,46.44097900390625,141
2025-07-17T20:32:11.191407,0,22,"[0, 1, 2, 3, 4, 5, 6, 7]",93.01580810546875,38.86540412902832,46.44097900390625,141,93.01580810546875,0.0,46.44097900390625,141
2025-07-17T20:32:11.198625,1,22,"[0, 1, 3, 4, 5, 6, 7]",93.01580810546875,38.86540412902832,46.44097900390625,141,93.01580810546875,0.0,46.44097900390625,141
2025-07-17T20:32:11.206952,2,22,"[0, 1, 2, 3, 4, 5, 6, 7]",93.01580810546875,38.86540412902832,46.44097900390625,141,93.01580810546875,0.0,46.44097900390625,141
2025-07-17T20:32:11.209610,3,22,"[0, 1, 3, 4, 5, 6, 7]",93.01580810546875,38.86540412902832,46.44097900390625,141,93.01580810546875,0.0,46.44097900390625,141
2025-07-17T20:32:11.221035,4,22,"[0, 1, 3, 4, 5, 6, 7]",93.01580810546875,38.86540412902832,46.44097900390625,141,93.01580810546875,0.0,46.44097900390625,141
2025-07-17T20:32:11.223435,0,23,"[0, 1, 2, 3, 4, 5, 6, 7]",93.01580810546875,38.86540412902832,46.44097900390625,141,93.01580810546875,0.0,46.44097900390625,141
2025-07-17T20:32:11.235010,1,23,"[0, 1, 2, 4, 5, 6, 7]",93.01580810546875,38.86540412902832,46.44097900390625,141,93.01580810546875,0.0,46.44097900390625,141
2025-07-17T20:32:11.241665,2,23,"[0, 1, 2, 3, 4, 5, 6, 7]",93.01580810546875,38.86540412902832,46.44097900390625,141,93.01580810546875,0.0,46.44097900390625,141
2025-07-17T20:32:11.248963,3,23,"[0, 1, 2, 4, 5, 6, 7]",93.01580810546875,38.86540412902832,46.44097900390625,141,93.01580810546875,0.0,46.44097900390625,141
2025-07-17T20:32:11.255891,4,23,"[0, 1, 2, 4, 5, 6, 7]",93.01580810546875,38.86540412902832,46.44097900390625,141,93.01580810546875,0.0,46.44097900390625,141
2025-07-17T20:32:11.262389,0,24,"[0, 1, 2, 3, 4, 5, 6, 7]",93.01580810546875,38.86540412902832,46.44097900390625,141,93.01580810546875,0.0,46.44097900390625,141
2025-07-17T20:32:11.270341,1,24,"[0, 1, 3, 4, 6, 7]",93.01580810546875,38.86540412902832,46.44097900390625,141,93.01580810546875,0.0,46.44097900390625,141
2025-07-17T20:32:11.277192,2,24,"[0, 1, 2, 3, 4, 5, 6, 7]",93.01580810546875,38.86540412902832,46.44097900390625,141,93.01580810546875,0.0,46.44097900390625,141
2025-07-17T20:32:11.284637,3,24,"[0, 1, 3, 4, 6, 7]",93.01580810546875,38.86540412902832,46.44097900390625,141,93.01580810546875,0.0,46.44097900390625,141
2025-07-17T20:32:11.291016,4,24,"[0, 1, 3, 4, 6, 7]",93.01580810546875,38.86540412902832,46.44097900390625,141,93.01580810546875,0.0,46.44097900390625,141
2025-07-17T20:32:11.297923,0,25,"[0, 1, 2, 3, 4, 5, 6, 7]",93.01580810546875,38.86540412902832,46.44097900390625,141,93.01580810546875,0.0,46.44097900390625,141
2025-07-17T20:32:11.307854,1,25,"[0, 1, 2, 3, 4, 6, 7]",93.01580810546875,38.86540412902832,46.44097900390625,141,93.01580810546875,0.0,46.44097900390625,141
2025-07-17T20:32:11.314429,2,25,"[0, 1, 2, 3, 4, 5, 6, 7]",93.01580810546875,38.86540412902832,46.44097900390625,141,93.01580810546875,0.0,46.44097900390625,141
2025-07-17T20:32:11.321887,3,25,"[0, 1, 2, 3, 4, 6, 7]",93.01580810546875,38.86540412902832,46.44097900390625,141,93.01580810546875,0.0,46.44097900390625,141
2025-07-17T20:32:11.329611,4,25,"[0, 1, 2, 3, 4, 6, 7]",93.01580810546875,38.86540412902832,46.44097900390625,141,93.01580810546875,0.0,46.44097900390625,141
2025-07-17T20:32:11.337159,0,26,"[0, 1, 2, 3, 4, 5, 6, 7]",93.01580810546875,38.86482238769531,46.44097900390625,141,93.01580810546875,0.0,46.44097900390625,141
2025-07-17T20:32:11.344588,1,26,"[0, 1, 2, 3, 4, 5, 6, 7]",93.01580810546875,38.86456489562988,46.44097900390625,141,93.01580810546875,0.0,46.44097900390625,141
2025-07-17T20:32:11.347304,2,26,"[0, 1, 2, 3, 4, 5, 6, 7]",93.01580810546875,38.86456489562988,46.44097900390625,141,93.01580810546875,0.0,46.44097900390625,141
2025-07-17T20:32:11.359444,3,26,"[0, 1, 2, 3, 4, 5, 6, 7]",93.01580810546875,38.86456489562988,46.44097900390625,141,93.01580810546875,0.0,46.44097900390625,141
2025-07-17T20:32:11.366994,4,26,"[0, 1, 2, 3, 4, 5, 6, 7]",93.01580810546875,38.86540412902832,46.44097900390625,141,93.01580810546875,0.0,46.44097900390625,141
2025-07-17T20:32:11.369549,0,27,"[0, 1, 2, 3, 4, 5, 6, 7]",93.01580810546875,38.86540412902832,46.44097900390625,141,93.01580810546875,0.0,46.44097900390625,141
2025-07-17T20:32:11.380515,1,27,"[0, 1, 2, 3, 4, 5, 6, 7]",93.01580810546875,38.86540412902832,46.44097900390625,141,93.01580810546875,0.0,46.44097900390625,141
2025-07-17T20:32:11.387879,2,27,"[0, 1, 2, 3, 4, 5, 6, 7]",93.01580810546875,38.86540412902832,46.44097900390625,141,93.01580810546875,0.0,46.44097900390625,141
2025-07-17T20:32:11.394816,3,27,"[0, 1, 2, 3, 4, 5, 6, 7]",93.01580810546875,38.86540412902832,46.44097900390625,141,93.01580810546875,0.0,46.44097900390625,141
2025-07-17T20:32:11.401514,4,27,"[0, 1, 2, 3, 4, 5, 6, 7]",93.01580810546875,38.86540412902832,46.44097900390625,141,93.01580810546875,0.0,46.44097900390625,141
2025-07-17T20:32:11.408100,0,28,"[0, 1, 2, 3, 4, 5, 6, 7]",93.01580810546875,38.86540412902832,46.44097900390625,141,93.01580810546875,0.0,46.44097900390625,141
2025-07-17T20:32:11.414859,1,28,"[0, 1, 2, 3, 4, 5, 6, 7]",93.01580810546875,38.86540412902832,46.44097900390625,141,93.01580810546875,0.0,46.44097900390625,141
2025-07-17T20:32:11.421304,2,28,"[0, 1, 2, 3, 4, 5, 6, 7]",93.01580810546875,38.86540412902832,46.44097900390625,141,93.01580810546875,0.0,46.44097900390625,141
2025-07-17T20:32:11.432236,3,28,"[0, 1, 2, 3, 4, 5, 6, 7]",93.01580810546875,38.86540412902832,46.44097900390625,141,93.01580810546875,0.0,46.44097900390625,141
2025-07-17T20:32:11.434975,4,28,"[0, 1, 2, 3, 4, 5, 6, 7]",93.01580810546875,38.86456489562988,46.44097900390625,141,93.01580810546875,0.0,46.44097900390625,141
2025-07-17T20:32:11.446031,0,29,"[0, 1, 2, 3, 4, 5, 6, 7]",93.01580810546875,38.86456489562988,46.44097900390625,141,93.01580810546875,0.0,46.44097900390625,141
2025-07-17T20:32:11.453599,1,29,"[0, 1, 2, 3, 4, 5, 6, 7]",93.01580810546875,38.86456489562988,46.44097900390625,141,93.01580810546875,0.0,46.44097900390625,141
2025-07-17T20:32:11.460714,2,29,"[0, 1, 2, 3, 4, 5, 6, 7]",93.01580810546875,38.86456489562988,46.44097900390625,141,93.01580810546875,0.0,46.44097900390625,141
2025-07-17T20:32:11.467698,3,29,"[0, 1, 2, 3, 4, 5, 6, 7]",93.01580810546875,38.86540412902832,46.44097900390625,141,93.01580810546875,0.0,46.44097900390625,141
2025-07-17T20:32:11.474918,4,29,"[0, 1, 2, 3, 4, 5, 6, 7]",93.01580810546875,38.86540412902832,46.44097900390625,141,93.01580810546875,0.0,46.44097900390625,141
2025-07-17T20:32:11.482585,0,30,"[0, 1, 2, 3, 4, 5, 6, 7]",93.01580810546875,38.86540412902832,46.44097900390625,141,93.01580810546875,0.0,46.44097900390625,141
2025-07-17T20:32:11.489494,1,30,"[0, 1, 2, 3, 4, 5, 6, 7]",93.01580810546875,38.86540412902832,46.44097900390625,141,93.01580810546875,0.0,46.44097900390625,141
2025-07-17T20:32:11.497390,2,30,"[0, 1, 2, 3, 4, 5, 6, 7]",93.01580810546875,38.86540412902832,46.44097900390625,141,93.01580810546875,0.0,46.44097900390625,141
2025-07-17T20:32:11.499352,3,30,"[0, 1, 2, 3, 4, 5, 6, 7]",93.01580810546875,38.86540412902832,46.44097900390625,141,93.01580810546875,0.0,46.44097900390625,141
2025-07-17T20:32:11.506668,4,30,"[0, 1, 2, 3, 4, 5, 6, 7]",93.01580810546875,38.86540412902832,46.44097900390625,141,93.01580810546875,0.0,46.44097900390625,141
2025-07-17T20:32:11.517473,0,31,"[0, 1, 2, 3, 4, 5, 6, 7]",93.01580810546875,38.87287998199463,46.44097900390625,141,93.01580810546875,0.0,46.44097900390625,141
2025-07-17T20:32:11.526020,1,31,"[0, 1, 2, 3, 4, 5, 6, 7]",93.01580810546875,38.86967182159424,46.44097900390625,141,93.01580810546875,0.0,46.44097900390625,141
2025-07-17T20:32:11.535230,2,31,"[0, 1, 2, 3, 4, 5, 6, 7]",93.01580810546875,38.86646366119385,46.44097900390625,141,93.01580810546875,0.0,46.44097900390625,141
2025-07-17T20:32:11.544630,3,31,"[0, 1, 2, 3, 4, 5, 6, 7]",93.01580810546875,38.86299800872803,46.44097900390625,141,93.01580810546875,0.0,46.44097900390625,141
2025-07-17T20:32:11.547227,4,31,"[0, 1, 2, 3, 4, 5, 6, 7]",93.01580810546875,38.86002254486084,46.44097900390625,141,93.01580810546875,0.0,46.44097900390625,141
2025-07-17T20:32:11.562177,0,0,"[0, 1, 2, 3, 4, 5, 6, 7]",93.01580810546875,38.85531425476074,46.44097900390625,141,93.01580810546875,0.0,46.44097900390625,141
2025-07-17T20:32:11.571064,1,0,"[0, 1, 2, 3, 4, 5, 6, 7]",93.01580810546875,38.85852241516113,46.44097900390625,141,93.01580810546875,0.0,46.44097900390625,141
2025-07-17T20:32:11.578016,2,0,"[0, 1, 2, 3, 4, 5, 6, 7]",93.01580810546875,38.86149787902832,46.44097900390625,141,93.01580810546875,0.0,46.44097900390625,141
2025-07-17T20:32:11.586026,3,0,"[0, 1, 2, 3, 4, 5, 6, 7]",93.01580810546875,38.86438179016113,46.44097900390625,141,93.01580810546875,0.0,46.44097900390625,141
2025-07-17T20:32:11.593248,4,0,"[0, 1, 2, 3, 4, 5, 6, 7]",93.01580810546875,38.86540412902832,46.44097900390625,141,93.01580810546875,0.0,46.44097900390625,141
2025-07-17T20:32:11.600718,0,1,"[0, 1, 2, 4, 5, 6, 7]",93.01580810546875,38.86540412902832,46.44097900390625,141,93.01580810546875,0.0,46.44097900390625,141
2025-07-17T20:32:11.608303,1,1,"[0, 1, 2, 3, 4, 6, 7]",93.01580810546875,38.86540412902832,46.44097900390625,141,93.01580810546875,0.0,46.44097900390625,141
2025-07-17T20:32:11.610901,2,1,"[0, 1, 2, 3, 4, 5, 6, 7]",93.01580810546875,38.86540412902832,46.44097900390625,141,93.01580810546875,0.0,46.44097900390625,141
2025-07-17T20:32:11.618369,3,1,"[0, 1, 2, 3, 4, 6, 7]",93.01580810546875,38.86540412902832,46.44097900390625,141,93.01580810546875,0.0,46.44097900390625,141
2025-07-17T20:32:11.626887,4,1,"[0, 1, 2, 3, 4, 6, 7]",93.01580810546875,38.86540412902832,46.44097900390625,141,93.01580810546875,0.0,46.44097900390625,141
2025-07-17T20:32:11.640023,0,2,"[0, 1, 2, 3, 4, 5, 6, 7]",93.01580810546875,38.86540412902832,46.44097900390625,141,93.01580810546875,0.0,46.44097900390625,141
2025-07-17T20:32:11.642118,1,2,"[0, 1, 3, 4, 5, 6, 7]",93.01580810546875,38.86540412902832,46.44097900390625,141,93.01580810546875,0.0,46.44097900390625,141
2025-07-17T20:32:11.648854,2,2,"[0, 1, 2, 3, 4, 5, 6, 7]",93.01580810546875,38.86540412902832,46.44097900390625,141,93.01580810546875,0.0,46.44097900390625,141
2025-07-17T20:32:11.659565,3,2,"[0, 1, 3, 4, 5, 6, 7]",93.01580810546875,38.86540412902832,46.44097900390625,141,93.01580810546875,0.0,46.44097900390625,141
2025-07-17T20:32:11.666776,4,2,"[0, 1, 3, 4, 5, 6, 7]",93.01580810546875,38.86540412902832,46.44097900390625,141,93.01580810546875,0.0,46.44097900390625,141
2025-07-17T20:32:11.674019,0,3,"[0, 1, 2, 3, 4, 5, 6, 7]",93.01580810546875,38.86540412902832,46.44097900390625,141,93.01580810546875,0.0,46.44097900390625,141
2025-07-17T20:32:11.681404,1,3,"[1, 2, 3, 4, 5, 6, 7]",93.01580810546875,38.86540412902832,46.44097900390625,141,93.01580810546875,0.0,46.44097900390625,141
2025-07-17T20:32:11.688683,2,3,"[0, 1, 2, 3, 4, 5, 6, 7]",93.01580810546875,38.86540412902832,46.44097900390625,141,93.01580810546875,0.0,46.44097900390625,141
2025-07-17T20:32:11.695596,3,3,"[1, 2, 3, 4, 5, 6, 7]",93.01580810546875,38.86540412902832,46.44097900390625,141,93.01580810546875,0.0,46.44097900390625,141
2025-07-17T20:32:11.703542,4,3,"[1, 2, 3, 4, 5, 6, 7]",93.01580810546875,38.86540412902832,46.44097900390625,141,93.01580810546875,0.0,46.44097900390625,141
2025-07-17T20:32:11.710439,0,4,"[0, 1, 2, 3, 4, 5, 6, 7]",93.01580810546875,38.86482238769531,46.44097900390625,141,93.01580810546875,0.0,46.44097900390625,141
2025-07-17T20:32:11.716854,1,4,"[0, 1, 2, 3, 4, 5, 6, 7]",93.01580810546875,38.86482238769531,46.44097900390625,141,93.01580810546875,0.0,46.44097900390625,141
2025-07-17T20:32:11.726948,2,4,"[0, 1, 2, 3, 4, 5, 6, 7]",93.01580810546875,38.86540412902832,46.44097900390625,141,93.01580810546875,0.0,46.44097900390625,141
2025-07-17T20:32:11.734303,3,4,"[0, 1, 2, 3, 4, 5, 6, 7]",93.01580810546875,38.86456489562988,46.44097900390625,141,93.01580810546875,0.0,46.44097900390625,141
2025-07-17T20:32:11.741561,4,4,"[0, 1, 2, 3, 4, 5, 6, 7]",93.01580810546875,38.86540412902832,46.44097900390625,141,93.01580810546875,0.0,46.44097900390625,141
2025-07-17T20:32:11.752494,0,5,"[0, 1, 2, 3, 4, 5, 6, 7]",93.01580810546875,38.86540412902832,46.44097900390625,141,93.01580810546875,0.0,46.44097900390625,141
2025-07-17T20:32:11.759521,1,5,"[0, 1, 2, 3, 4, 5, 6, 7]",93.01580810546875,38.86540412902832,46.44097900390625,141,93.01580810546875,0.0,46.44097900390625,141
2025-07-17T20:32:11.766920,2,5,"[0, 1, 2, 3, 4, 5, 6, 7]",93.01580810546875,38.86540412902832,46.44097900390625,141,93.01580810546875,0.0,46.44097900390625,141
2025-07-17T20:32:11.773733,3,5,"[0, 1, 2, 3, 4, 5, 6, 7]",93.01580810546875,38.86540412902832,46.44097900390625,141,93.01580810546875,0.0,46.44097900390625,141
2025-07-17T20:32:11.780809,4,5,"[0, 1, 2, 3, 4, 5, 6, 7]",93.01580810546875,38.86540412902832,46.44097900390625,141,93.01580810546875,0.0,46.44097900390625,141
2025-07-17T20:32:11.788222,0,6,"[0, 1, 2, 3, 4, 5, 6, 7]",93.01580810546875,38.86540412902832,46.44097900390625,141,93.01580810546875,0.0,46.44097900390625,141
2025-07-17T20:32:11.795115,1,6,"[0, 2, 3, 4, 5, 6, 7]",93.01580810546875,38.86540412902832,46.44097900390625,141,93.01580810546875,0.0,46.44097900390625,141
2025-07-17T20:32:11.802503,2,6,"[0, 1, 2, 3, 4, 5, 7]",93.01580810546875,38.86540412902832,46.44097900390625,141,93.01580810546875,0.0,46.44097900390625,141
2025-07-17T20:32:11.811286,3,6,"[0, 2, 3, 4, 5, 6, 7]",93.01580810546875,38.86540412902832,46.44097900390625,141,93.01580810546875,0.0,46.44097900390625,141
2025-07-17T20:32:11.819784,4,6,"[0, 2, 3, 4, 5, 6, 7]",93.01580810546875,38.86540412902832,46.44097900390625,141,93.01580810546875,0.0,46.44097900390625,141
2025-07-17T20:32:11.821875,0,7,"[0, 1, 2, 3, 4, 5, 6, 7]",93.01580810546875,38.86540412902832,46.44097900390625,141,93.01580810546875,0.0,46.44097900390625,141
2025-07-17T20:32:11.835006,1,7,"[0, 1, 2, 3, 5, 6, 7]",93.01580810546875,38.86540412902832,46.44097900390625,141,93.01580810546875,0.0,46.44097900390625,141
2025-07-17T20:32:11.836878,2,7,"[0, 1, 2, 3, 4, 5, 6, 7]",93.01580810546875,38.86540412902832,46.44097900390625,141,93.01580810546875,0.0,46.44097900390625,141
2025-07-17T20:32:11.844015,3,7,"[0, 1, 2, 3, 5, 6, 7]",93.01580810546875,38.86540412902832,46.44097900390625,141,93.01580810546875,0.0,46.44097900390625,141
2025-07-17T20:32:11.850693,4,7,"[0, 1, 2, 3, 5, 6, 7]",93.01580810546875,38.86540412902832,46.44097900390625,141,93.01580810546875,0.0,46.44097900390625,141
2025-07-17T20:32:11.857762,0,8,"[1, 2, 3, 4, 5, 6, 7]",93.01580810546875,38.86540412902832,46.44097900390625,141,93.01580810546875,0.0,46.44097900390625,141
2025-07-17T20:32:11.864771,1,8,"[1, 2, 3, 4, 5, 6]",93.01580810546875,38.86540412902832,46.44097900390625,141,93.01580810546875,0.0,46.44097900390625,141
2025-07-17T20:32:11.872241,2,8,"[0, 1, 2, 3, 4, 5, 6, 7]",93.01580810546875,38.86540412902832,46.44097900390625,141,93.01580810546875,0.0,46.44097900390625,141
2025-07-17T20:32:11.880563,3,8,"[1, 2, 3, 4, 5, 6]",93.01580810546875,38.86540412902832,46.44097900390625,141,93.01580810546875,0.0,46.44097900390625,141
2025-07-17T20:32:11.887138,4,8,"[1, 2, 3, 4, 5, 6]",93.01580810546875,38.86540412902832,46.44097900390625,141,93.01580810546875,0.0,46.44097900390625,141
2025-07-17T20:32:11.899936,0,9,"[0, 1, 2, 3, 4, 5, 6, 7]",93.01580810546875,38.86540412902832,46.44097900390625,141,93.01580810546875,0.0,46.44097900390625,141
2025-07-17T20:32:11.902377,1,9,"[0, 1, 2, 3, 4, 5, 6, 7]",93.01580810546875,38.86540412902832,46.44097900390625,141,93.01580810546875,0.0,46.44097900390625,141
2025-07-17T20:32:11.913446,2,9,"[0, 1, 2, 3, 4, 5, 6, 7]",93.01580810546875,38.86540412902832,46.44097900390625,141,93.01580810546875,0.0,46.44097900390625,141
2025-07-17T20:32:11.920199,3,9,"[0, 1, 2, 3, 4, 5, 6, 7]",93.01580810546875,38.86540412902832,46.44097900390625,141,93.01580810546875,0.0,46.44097900390625,141
2025-07-17T20:32:11.927995,4,9,"[0, 1, 2, 3, 4, 5, 6, 7]",93.01580810546875,38.86540412902832,46.44097900390625,141,93.01580810546875,0.0,46.44097900390625,141
2025-07-17T20:32:11.934727,0,10,"[0, 1, 2, 3, 4, 5, 6, 7]",93.01580810546875,38.86540412902832,46.44097900390625,141,93.01580810546875,0.0,46.44097900390625,141
2025-07-17T20:32:11.941771,1,10,"[0, 2, 3, 4, 5, 6, 7]",93.01580810546875,38.86540412902832,46.44097900390625,141,93.01580810546875,0.0,46.44097900390625,141
2025-07-17T20:32:11.950042,2,10,"[0, 1, 2, 3, 4, 5, 6, 7]",93.01580810546875,38.86482238769531,46.44097900390625,141,93.01580810546875,0.0,46.44097900390625,141
2025-07-17T20:32:11.957704,3,10,"[0, 2, 3, 4, 5, 6, 7]",93.01580810546875,38.86540412902832,46.44097900390625,141,93.01580810546875,0.0,46.44097900390625,141
2025-07-17T20:32:11.964707,4,10,"[0, 2, 3, 4, 5, 6, 7]",93.01580810546875,38.86456489562988,46.44097900390625,141,93.01580810546875,0.0,46.44097900390625,141
2025-07-17T20:32:11.971627,0,11,"[0, 1, 2, 4, 5, 6, 7]",93.01580810546875,38.86456489562988,46.44097900390625,141,93.01580810546875,0.0,46.44097900390625,141
2025-07-17T20:32:11.978317,1,11,"[0, 1, 2, 3, 5, 6, 7]",93.01580810546875,38.86456489562988,46.44097900390625,141,93.01580810546875,0.0,46.44097900390625,141
2025-07-17T20:32:11.985090,2,11,"[0, 1, 2, 3, 4, 5, 6, 7]",93.01580810546875,38.86540412902832,46.44097900390625,141,93.01580810546875,0.0,46.44097900390625,141
2025-07-17T20:32:11.991991,3,11,"[0, 1, 2, 3, 5, 6, 7]",93.01580810546875,38.86540412902832,46.44097900390625,141,93.01580810546875,0.0,46.44097900390625,141
2025-07-17T20:32:11.999723,4,11,"[0, 1, 2, 3, 5, 6, 7]",93.01580810546875,38.86540412902832,46.44097900390625,141,93.01580810546875,0.0,46.44097900390625,141
2025-07-17T20:32:12.006733,0,12,"[0, 1, 2, 3, 4, 5, 6]",93.01580810546875,38.86540412902832,46.44097900390625,141,93.01580810546875,0.0,46.44097900390625,141
2025-07-17T20:32:12.014448,1,12,"[0, 1, 3, 4, 5, 6]",93.01580810546875,38.86540412902832,46.44097900390625,141,93.01580810546875,0.0,46.44097900390625,141
2025-07-17T20:32:12.020976,2,12,"[0, 1, 3, 4, 5, 6, 7]",93.01580810546875,38.86540412902832,46.44097900390625,141,93.01580810546875,0.0,46.44097900390625,141
2025-07-17T20:32:12.028004,3,12,"[0, 1, 3, 4, 5, 6]",93.01580810546875,38.86540412902832,46.44097900390625,141,93.01580810546875,0.0,46.44097900390625,141
2025-07-17T20:32:12.034679,4,12,"[0, 1, 3, 4, 5, 6]",93.01580810546875,38.86540412902832,46.44097900390625,141,93.01580810546875,0.0,46.44097900390625,141
2025-07-17T20:32:12.041777,0,13,"[0, 1, 2, 3, 5, 6, 7]",93.01580810546875,38.86540412902832,46.44097900390625,141,93.01580810546875,0.0,46.44097900390625,141
2025-07-17T20:32:12.048586,1,13,"[0, 1, 2, 3, 5, 6]",93.01580810546875,38.86540412902832,46.44097900390625,141,93.01580810546875,0.0,46.44097900390625,141
2025-07-17T20:32:12.055795,2,13,"[0, 1, 2, 3, 5, 6, 7]",93.01580810546875,38.86540412902832,46.44097900390625,141,93.01580810546875,0.0,46.44097900390625,141
2025-07-17T20:32:12.063196,3,13,"[0, 1, 2, 3, 5, 6]",93.01580810546875,38.86540412902832,46.44097900390625,141,93.01580810546875,0.0,46.44097900390625,141
2025-07-17T20:32:12.069924,4,13,"[0, 1, 2, 3, 5, 6]",93.01580810546875,38.86540412902832,46.44097900390625,141,93.01580810546875,0.0,46.44097900390625,141
2025-07-17T20:32:12.076905,0,14,"[0, 1, 2, 3, 4, 5, 6, 7]",93.01580810546875,38.86540412902832,46.44097900390625,141,93.01580810546875,0.0,46.44097900390625,141
2025-07-17T20:32:12.083851,1,14,"[0, 1, 2, 3, 4, 5, 6, 7]",93.01580810546875,38.86540412902832,46.44097900390625,141,93.01580810546875,0.0,46.44097900390625,141
2025-07-17T20:32:12.090863,2,14,"[0, 1, 2, 3, 4, 5, 6, 7]",93.01580810546875,38.86540412902832,46.44097900390625,141,93.01580810546875,0.0,46.44097900390625,141
2025-07-17T20:32:12.097492,3,14,"[0, 1, 2, 3, 4, 5, 6, 7]",93.01580810546875,38.86540412902832,46.44097900390625,141,93.01580810546875,0.0,46.44097900390625,141
2025-07-17T20:32:12.104129,4,14,"[0, 1, 2, 3, 4, 5, 6, 7]",93.01580810546875,38.86540412902832,46.44097900390625,141,93.01580810546875,0.0,46.44097900390625,141
2025-07-17T20:32:12.111968,0,15,"[0, 1, 2, 3, 4, 5, 6, 7]",93.01580810546875,38.86540412902832,46.44097900390625,141,93.01580810546875,0.0,46.44097900390625,141
2025-07-17T20:32:12.118733,1,15,"[0, 1, 2, 3, 4, 5, 6, 7]",93.01580810546875,38.86540412902832,46.44097900390625,141,93.01580810546875,0.0,46.44097900390625,141
2025-07-17T20:32:12.125991,2,15,"[0, 1, 2, 3, 4, 5, 6, 7]",93.01580810546875,38.86540412902832,46.44097900390625,141,93.01580810546875,0.0,46.44097900390625,141
2025-07-17T20:32:12.132739,3,15,"[0, 1, 2, 3, 4, 5, 6, 7]",93.01580810546875,38.86540412902832,46.44097900390625,141,93.01580810546875,0.0,46.44097900390625,141
2025-07-17T20:32:12.139815,4,15,"[0, 1, 2, 3, 4, 5, 6, 7]",93.01580810546875,38.86540412902832,46.44097900390625,141,93.01580810546875,0.0,46.44097900390625,141
2025-07-17T20:32:12.146736,0,16,"[0, 1, 2, 3, 4, 5, 6, 7]",93.01580810546875,38.86540412902832,46.44097900390625,141,93.01580810546875,0.0,46.44097900390625,141
2025-07-17T20:32:12.153354,1,16,"[0, 1, 2, 3, 4, 5, 6, 7]",93.01580810546875,38.86540412902832,46.44097900390625,141,93.01580810546875,0.0,46.44097900390625,141
2025-07-17T20:32:12.160391,2,16,"[0, 1, 2, 3, 4, 5, 6, 7]",93.01580810546875,38.86540412902832,46.44097900390625,141,93.01580810546875,0.0,46.44097900390625,141
2025-07-17T20:32:12.166514,3,16,"[0, 1, 2, 3, 4, 5, 6, 7]",93.01580810546875,38.86540412902832,46.44097900390625,141,93.01580810546875,0.0,46.44097900390625,141
2025-07-17T20:32:12.176775,4,16,"[0, 1, 2, 3, 4, 5, 6, 7]",93.01580810546875,38.86540412902832,46.44097900390625,141,93.01580810546875,0.0,46.44097900390625,141
2025-07-17T20:32:12.183759,0,17,"[0, 1, 2, 3, 4, 5, 6, 7]",93.01580810546875,38.86540412902832,46.44097900390625,141,93.01580810546875,0.0,46.44097900390625,141
2025-07-17T20:32:12.190539,1,17,"[0, 1, 2, 3, 4, 5, 6, 7]",93.01580810546875,38.86482238769531,46.44097900390625,141,93.01580810546875,0.0,46.44097900390625,141
2025-07-17T20:32:12.197646,2,17,"[0, 1, 2, 3, 4, 5, 6, 7]",93.01580810546875,38.86456489562988,46.44097900390625,141,93.01580810546875,0.0,46.44097900390625,141
2025-07-17T20:32:12.204979,3,17,"[0, 1, 2, 3, 4, 5, 6, 7]",93.01580810546875,38.86456489562988,46.44097900390625,141,93.01580810546875,0.0,46.44097900390625,141
2025-07-17T20:32:12.213219,4,17,"[0, 1, 2, 3, 4, 5, 6, 7]",93.01580810546875,38.86540412902832,46.44097900390625,141,93.01580810546875,0.0,46.44097900390625,141
2025-07-17T20:32:12.219991,0,18,"[0, 1, 2, 3, 4, 5, 6, 7]",93.01580810546875,38.86540412902832,46.44097900390625,141,93.01580810546875,0.0,46.44097900390625,141
2025-07-17T20:32:12.226752,1,18,"[0, 1, 2, 3, 5, 6, 7]",93.01580810546875,38.86540412902832,46.44097900390625,141,93.01580810546875,0.0,46.44097900390625,141
2025-07-17T20:32:12.233714,2,18,"[0, 1, 2, 3, 4, 5, 6, 7]",93.01580810546875,38.86540412902832,46.44097900390625,141,93.01580810546875,0.0,46.44097900390625,141
2025-07-17T20:32:12.240850,3,18,"[0, 1, 2, 3, 5, 6, 7]",93.01580810546875,38.86540412902832,46.44097900390625,141,93.01580810546875,0.0,46.44097900390625,141
2025-07-17T20:32:12.247712,4,18,"[0, 1, 2, 3, 5, 6, 7]",93.01580810546875,38.86540412902832,46.44097900390625,141,93.01580810546875,0.0,46.44097900390625,141
2025-07-17T20:32:12.255686,0,19,"[0, 1, 2, 3, 4, 5, 6, 7]",93.01580810546875,38.86540412902832,46.44097900390625,141,93.01580810546875,0.0,46.44097900390625,141
2025-07-17T20:32:12.263268,1,19,"[0, 1, 2, 3, 4, 5, 6, 7]",93.01580810546875,38.86540412902832,46.44097900390625,141,93.01580810546875,0.0,46.44097900390625,141
2025-07-17T20:32:12.271377,2,19,"[0, 1, 2, 3, 4, 5, 6, 7]",93.01580810546875,38.86482238769531,46.44097900390625,141,93.01580810546875,0.0,46.44097900390625,141
2025-07-17T20:32:12.278239,3,19,"[0, 1, 2, 3, 4, 5, 6, 7]",93.01580810546875,38.86482238769531,46.44097900390625,141,93.01580810546875,0.0,46.44097900390625,141
2025-07-17T20:32:12.286738,4,19,"[0, 1, 2, 3, 4, 5, 6, 7]",93.01580810546875,38.86456489562988,46.44097900390625,141,93.01580810546875,0.0,46.44097900390625,141
2025-07-17T20:32:12.293489,0,20,"[0, 1, 2, 3, 4, 5, 6, 7]",93.01580810546875,38.86456489562988,46.44097900390625,141,93.01580810546875,0.0,46.44097900390625,141
2025-07-17T20:32:12.300788,1,20,"[0, 1, 3, 4, 5, 6, 7]",93.01580810546875,38.86540412902832,46.44097900390625,141,93.01580810546875,0.0,46.44097900390625,141
2025-07-17T20:32:12.307310,2,20,"[0, 1, 2, 3, 4, 5, 6, 7]",93.01580810546875,38.86540412902832,46.44097900390625,141,93.01580810546875,0.0,46.44097900390625,141
2025-07-17T20:32:12.313733,3,20,"[0, 1, 3, 4, 5, 6, 7]",93.01580810546875,38.86540412902832,46.44097900390625,141,93.01580810546875,0.0,46.44097900390625,141
2025-07-17T20:32:12.320665,4,20,"[0, 1, 3, 4, 5, 6, 7]",93.01580810546875,38.86540412902832,46.44097900390625,141,93.01580810546875,0.0,46.44097900390625,141
2025-07-17T20:32:12.327765,0,21,"[0, 1, 2, 3, 4, 5, 6, 7]",93.01580810546875,38.86540412902832,46.44097900390625,141,93.01580810546875,0.0,46.44097900390625,141
2025-07-17T20:32:12.334670,1,21,"[0, 1, 2, 4, 5, 6, 7]",93.01580810546875,38.86540412902832,46.44097900390625,141,93.01580810546875,0.0,46.44097900390625,141
2025-07-17T20:32:12.341428,2,21,"[0, 1, 2, 3, 4, 5, 6, 7]",93.01580810546875,38.86540412902832,46.44097900390625,141,93.01580810546875,0.0,46.44097900390625,141
2025-07-17T20:32:12.348525,3,21,"[0, 1, 2, 4, 5, 6, 7]",93.01580810546875,38.86540412902832,46.44097900390625,141,93.01580810546875,0.0,46.44097900390625,141
2025-07-17T20:32:12.356260,4,21,"[0, 1, 2, 4, 5, 6, 7]",93.01580810546875,38.86482238769531,46.44097900390625,141,93.01580810546875,0.0,46.44097900390625,141
2025-07-17T20:32:12.363316,0,22,"[0, 1, 2, 3, 4, 5, 6, 7]",93.01580810546875,38.86482238769531,46.44097900390625,141,93.01580810546875,0.0,46.44097900390625,141
2025-07-17T20:32:12.369753,1,22,"[0, 1, 2, 3, 4, 5, 6, 7]",93.01580810546875,38.86456489562988,46.44097900390625,141,93.01580810546875,0.0,46.44097900390625,141
2025-07-17T20:32:12.376656,2,22,"[0, 1, 2, 3, 4, 5, 6, 7]",93.01580810546875,38.86456489562988,46.44097900390625,141,93.01580810546875,0.0,46.44097900390625,141
2025-07-17T20:32:12.384020,3,22,"[0, 1, 2, 3, 4, 5, 6, 7]",93.01580810546875,38.86456489562988,46.44097900390625,141,93.01580810546875,0.0,46.44097900390625,141
2025-07-17T20:32:12.390785,4,22,"[0, 1, 2, 3, 4, 5, 6, 7]",93.01580810546875,38.86540412902832,46.44097900390625,141,93.01580810546875,0.0,46.44097900390625,141
2025-07-17T20:32:12.397820,0,23,"[0, 1, 2, 3, 4, 5, 6, 7]",93.01580810546875,38.86540412902832,46.44097900390625,141,93.01580810546875,0.0,46.44097900390625,141
2025-07-17T20:32:12.404763,1,23,"[0, 1, 2, 3, 4, 5]",93.01580810546875,38.86540412902832,46.44097900390625,141,93.01580810546875,0.0,46.44097900390625,141
2025-07-17T20:32:12.411306,2,23,"[0, 1, 2, 3, 4, 5, 6, 7]",93.01580810546875,38.86540412902832,46.44097900390625,141,93.01580810546875,0.0,46.44097900390625,141
2025-07-17T20:32:12.417978,3,23,"[0, 1, 2, 3, 4, 5]",93.01580810546875,38.86540412902832,46.44097900390625,141,93.01580810546875,0.0,46.44097900390625,141
2025-07-17T20:32:12.424863,4,23,"[0, 1, 2, 3, 4, 5]",93.01580810546875,38.86540412902832,46.44097900390625,141,93.01580810546875,0.0,46.44097900390625,141
2025-07-17T20:32:12.431710,0,24,"[0, 1, 2, 3, 4, 5, 6, 7]",93.01580810546875,38.86540412902832,46.44097900390625,141,93.01580810546875,0.0,46.44097900390625,141
2025-07-17T20:32:12.438330,1,24,"[0, 1, 2, 3, 4, 5, 6, 7]",93.01580810546875,38.86540412902832,46.44097900390625,141,93.01580810546875,0.0,46.44097900390625,141
2025-07-17T20:32:12.445376,2,24,"[0, 1, 2, 3, 4, 5, 6, 7]",93.01580810546875,38.86540412902832,46.44097900390625,141,93.01580810546875,0.0,46.44097900390625,141
2025-07-17T20:32:12.451854,3,24,"[0, 1, 2, 3, 4, 5, 6, 7]",93.01580810546875,38.86540412902832,46.44097900390625,141,93.01580810546875,0.0,46.44097900390625,141
2025-07-17T20:32:12.460961,4,24,"[0, 1, 2, 3, 4, 5, 6, 7]",93.01580810546875,38.86540412902832,46.44097900390625,141,93.01580810546875,0.0,46.44097900390625,141
2025-07-17T20:32:12.464017,0,25,"[0, 1, 2, 3, 4, 5, 6, 7]",93.01580810546875,38.86540412902832,46.44097900390625,141,93.01580810546875,0.0,46.44097900390625,141
2025-07-17T20:32:12.470761,1,25,"[0, 1, 2, 3, 4, 5, 6, 7]",93.01580810546875,38.86540412902832,46.44097900390625,141,93.01580810546875,0.0,46.44097900390625,141
2025-07-17T20:32:12.477709,2,25,"[0, 1, 2, 3, 4, 5, 6, 7]",93.01580810546875,38.86540412902832,46.44097900390625,141,93.01580810546875,0.0,46.44097900390625,141
2025-07-17T20:32:12.490393,3,25,"[0, 1, 2, 3, 4, 5, 6, 7]",93.01580810546875,38.86540412902832,46.44097900390625,141,93.01580810546875,0.0,46.44097900390625,141
2025-07-17T20:32:12.492569,4,25,"[0, 1, 2, 3, 4, 5, 6, 7]",93.01580810546875,38.86540412902832,46.44097900390625,141,93.01580810546875,0.0,46.44097900390625,141
2025-07-17T20:32:12.500177,0,26,"[0, 1, 2, 3, 4, 5, 6, 7]",93.01580810546875,38.86540412902832,46.44097900390625,141,93.01580810546875,0.0,46.44097900390625,141
2025-07-17T20:32:12.512118,1,26,"[0, 1, 2, 3, 4, 5, 7]",93.01580810546875,38.86540412902832,46.44097900390625,141,93.01580810546875,0.0,46.44097900390625,141
2025-07-17T20:32:12.514719,2,26,"[0, 1, 2, 3, 4, 5, 6, 7]",93.01580810546875,38.86540412902832,46.44097900390625,141,93.01580810546875,0.0,46.44097900390625,141
2025-07-17T20:32:12.527289,3,26,"[0, 1, 2, 3, 4, 5, 7]",93.01580810546875,38.86540412902832,46.44097900390625,141,93.01580810546875,0.0,46.44097900390625,141
2025-07-17T20:32:12.529323,4,26,"[0, 1, 2, 3, 4, 5, 7]",93.01580810546875,38.86540412902832,46.44097900390625,141,93.01580810546875,0.0,46.44097900390625,141
2025-07-17T20:32:12.537096,0,27,"[0, 1, 2, 3, 4, 5, 6, 7]",93.01580810546875,38.86540412902832,46.44097900390625,141,93.01580810546875,0.0,46.44097900390625,141
2025-07-17T20:32:12.544479,1,27,"[0, 1, 2, 3, 4, 5, 6, 7]",93.01580810546875,38.86540412902832,46.44097900390625,141,93.01580810546875,0.0,46.44097900390625,141
2025-07-17T20:32:12.551508,2,27,"[0, 1, 2, 3, 4, 5, 6, 7]",93.01580810546875,38.86540412902832,46.44097900390625,141,93.01580810546875,0.0,46.44097900390625,141
2025-07-17T20:32:12.557656,3,27,"[0, 1, 2, 3, 4, 5, 6, 7]",93.01580810546875,38.86540412902832,46.44097900390625,141,93.01580810546875,0.0,46.44097900390625,141
2025-07-17T20:32:12.564791,4,27,"[0, 1, 2, 3, 4, 5, 6, 7]",93.01580810546875,38.86540412902832,46.44097900390625,141,93.01580810546875,0.0,46.44097900390625,141
2025-07-17T20:32:12.572027,0,28,"[0, 1, 2, 3, 4, 5, 6, 7]",93.01580810546875,38.86540412902832,46.44097900390625,141,93.01580810546875,0.0,46.44097900390625,141
2025-07-17T20:32:12.579261,1,28,"[0, 1, 2, 3, 4, 5, 6, 7]",93.01580810546875,38.86540412902832,46.44097900390625,141,93.01580810546875,0.0,46.44097900390625,141
2025-07-17T20:32:12.586905,2,28,"[0, 1, 2, 3, 4, 5, 6, 7]",93.01580810546875,38.86540412902832,46.44097900390625,141,93.01580810546875,0.0,46.44097900390625,141
2025-07-17T20:32:12.594271,3,28,"[0, 1, 2, 3, 4, 5, 6, 7]",93.01580810546875,38.86540412902832,46.44097900390625,141,93.01580810546875,0.0,46.44097900390625,141
2025-07-17T20:32:12.601170,4,28,"[0, 1, 2, 3, 4, 5, 6, 7]",93.01580810546875,38.86540412902832,46.44097900390625,141,93.01580810546875,0.0,46.44097900390625,141
2025-07-17T20:32:12.607201,0,29,"[0, 1, 2, 3, 4, 5, 6, 7]",93.01580810546875,38.86540412902832,46.44097900390625,141,93.01580810546875,0.0,46.44097900390625,141
2025-07-17T20:32:12.614769,1,29,"[0, 1, 2, 3, 4, 5, 6, 7]",93.01580810546875,38.86540412902832,46.44097900390625,141,93.01580810546875,0.0,46.44097900390625,141
2025-07-17T20:32:12.626962,2,29,"[0, 1, 2, 3, 4, 5, 6, 7]",93.01580810546875,38.86540412902832,46.44097900390625,141,93.01580810546875,0.0,46.44097900390625,141
2025-07-17T20:32:12.629371,3,29,"[0, 1, 2, 3, 4, 5, 6, 7]",93.01580810546875,38.86540412902832,46.44097900390625,141,93.01580810546875,0.0,46.44097900390625,141
2025-07-17T20:32:12.636341,4,29,"[0, 1, 2, 3, 4, 5, 6, 7]",93.01580810546875,38.86540412902832,46.44097900390625,141,93.01580810546875,0.0,46.44097900390625,141
2025-07-17T20:32:12.644098,0,30,"[0, 1, 2, 3, 4, 5, 6, 7]",93.01580810546875,38.86540412902832,46.44097900390625,141,93.01580810546875,0.0,46.44097900390625,141
2025-07-17T20:32:12.650671,1,30,"[0, 1, 2, 3, 4, 5, 6, 7]",93.01580810546875,38.86540412902832,46.44097900390625,141,93.01580810546875,0.0,46.44097900390625,141
2025-07-17T20:32:12.658268,2,30,"[0, 1, 2, 3, 4, 5, 6, 7]",93.01580810546875,38.86540412902832,46.44097900390625,141,93.01580810546875,0.0,46.44097900390625,141
2025-07-17T20:32:12.665214,3,30,"[0, 1, 2, 3, 4, 5, 6, 7]",93.01580810546875,38.86540412902832,46.44097900390625,141,93.01580810546875,0.0,46.44097900390625,141
2025-07-17T20:32:12.671855,4,30,"[0, 1, 2, 3, 4, 5, 6, 7]",93.01580810546875,38.86540412902832,46.44097900390625,141,93.01580810546875,0.0,46.44097900390625,141
2025-07-17T20:32:12.680002,0,31,"[0, 1, 2, 3, 4, 5, 6, 7]",93.01580810546875,38.87287998199463,46.44097900390625,141,93.01580810546875,0.0,46.44097900390625,141
2025-07-17T20:32:12.688042,1,31,"[0, 1, 2, 3, 4, 5, 6, 7]",93.01580810546875,38.86967182159424,46.44097900390625,141,93.01580810546875,0.0,46.44097900390625,141
2025-07-17T20:32:12.696872,2,31,"[0, 1, 2, 3, 4, 5, 6, 7]",93.01580810546875,38.867045402526855,46.44097900390625,141,93.01580810546875,0.0,46.44097900390625,141
2025-07-17T20:32:12.713901,3,31,"[0, 1, 2, 3, 4, 5, 6, 7]",93.01580810546875,38.863837242126465,46.44097900390625,141,93.01580810546875,0.0,46.44097900390625,141
2025-07-17T20:32:12.716829,4,31,"[0, 1, 2, 3, 4, 5, 6, 7]",93.01580810546875,38.86002254486084,46.44097900390625,141,93.01580810546875,0.0,46.44097900390625,141
2025-07-17T20:32:12.733265,0,0,"[0, 1, 2, 3, 4, 5, 6, 7]",93.01580810546875,38.85531425476074,46.44097900390625,141,93.01580810546875,0.0,46.44097900390625,141
2025-07-17T20:32:12.735938,1,0,"[0, 1, 2, 3, 4, 5, 6, 7]",93.01580810546875,38.85852241516113,46.44097900390625,141,93.01580810546875,0.0,46.44097900390625,141
2025-07-17T20:32:12.743063,2,0,"[0, 1, 2, 3, 4, 5, 6, 7]",93.01580810546875,38.86149787902832,46.44097900390625,141,93.01580810546875,0.0,46.44097900390625,141
2025-07-17T20:32:12.750235,3,0,"[0, 1, 2, 3, 4, 5, 6, 7]",93.01580810546875,38.86438179016113,46.44097900390625,141,93.01580810546875,0.0,46.44097900390625,141
2025-07-17T20:32:12.757880,4,0,"[0, 1, 2, 3, 4, 5, 6, 7]",93.01580810546875,38.86540412902832,46.44097900390625,141,93.01580810546875,0.0,46.44097900390625,141
2025-07-17T20:32:12.763951,0,1,"[0, 1, 2, 3, 4, 5, 6, 7]",93.01580810546875,38.86540412902832,46.44097900390625,141,93.01580810546875,0.0,46.44097900390625,141
2025-07-17T20:32:12.771559,1,1,"[0, 1, 2, 3, 4, 5, 6, 7]",93.01580810546875,38.86540412902832,46.44097900390625,141,93.01580810546875,0.0,46.44097900390625,141
2025-07-17T20:32:12.782494,2,1,"[0, 1, 2, 3, 4, 6, 7]",93.01580810546875,38.86540412902832,46.44097900390625,141,93.01580810546875,0.0,46.44097900390625,141
2025-07-17T20:32:12.785266,3,1,"[0, 1, 2, 3, 4, 5, 6, 7]",93.01580810546875,38.86540412902832,46.44097900390625,141,93.01580810546875,0.0,46.44097900390625,141
2025-07-17T20:32:12.794862,4,1,"[0, 1, 2, 3, 4, 5, 6, 7]",93.01580810546875,38.86540412902832,46.44097900390625,141,93.01580810546875,0.0,46.44097900390625,141
2025-07-17T20:32:12.801523,0,2,"[0, 1, 2, 3, 4, 5, 6, 7]",93.01580810546875,38.86540412902832,46.44097900390625,141,93.01580810546875,0.0,46.44097900390625,141
2025-07-17T20:32:12.808423,1,2,"[0, 1, 2, 3, 4, 5, 6, 7]",93.01580810546875,38.86540412902832,46.44097900390625,141,93.01580810546875,0.0,46.44097900390625,141
2025-07-17T20:32:12.815372,2,2,"[0, 1, 2, 3, 4, 5, 6, 7]",93.01580810546875,38.86540412902832,46.44097900390625,141,93.01580810546875,0.0,46.44097900390625,141
2025-07-17T20:32:12.822385,3,2,"[0, 1, 2, 3, 4, 5, 6, 7]",93.01580810546875,38.86540412902832,46.44097900390625,141,93.01580810546875,0.0,46.44097900390625,141
2025-07-17T20:32:12.828591,4,2,"[0, 1, 2, 3, 4, 5, 6, 7]",93.01580810546875,38.86540412902832,46.44097900390625,141,93.01580810546875,0.0,46.44097900390625,141
2025-07-17T20:32:12.836438,0,3,"[0, 1, 2, 3, 4, 5, 6, 7]",93.01580810546875,38.86540412902832,46.44097900390625,141,93.01580810546875,0.0,46.44097900390625,141
2025-07-17T20:32:12.843348,1,3,"[1, 2, 3, 4, 5, 6, 7]",93.01580810546875,38.86540412902832,46.44097900390625,141,93.01580810546875,0.0,46.44097900390625,141
2025-07-17T20:32:12.849508,2,3,"[0, 1, 2, 3, 4, 5, 6, 7]",93.01580810546875,38.86540412902832,46.44097900390625,141,93.01580810546875,0.0,46.44097900390625,141
2025-07-17T20:32:12.861486,3,3,"[1, 2, 3, 4, 5, 6, 7]",93.01580810546875,38.86540412902832,46.44097900390625,141,93.01580810546875,0.0,46.44097900390625,141
2025-07-17T20:32:12.864040,4,3,"[1, 2, 3, 4, 5, 6, 7]",93.01580810546875,38.86540412902832,46.44097900390625,141,93.01580810546875,0.0,46.44097900390625,141
2025-07-17T20:32:12.875885,0,4,"[0, 1, 2, 3, 4, 5, 6, 7]",93.01580810546875,38.86540412902832,46.44097900390625,141,93.01580810546875,0.0,46.44097900390625,141
2025-07-17T20:32:12.878152,1,4,"[0, 1, 3, 4, 5, 6, 7]",93.01580810546875,38.86540412902832,46.44097900390625,141,93.01580810546875,0.0,46.44097900390625,141
2025-07-17T20:32:12.885210,2,4,"[0, 1, 2, 3, 4, 5, 6, 7]",93.01580810546875,38.86540412902832,46.44097900390625,141,93.01580810546875,0.0,46.44097900390625,141
2025-07-17T20:32:12.893530,3,4,"[0, 1, 3, 4, 5, 6, 7]",93.01580810546875,38.86540412902832,46.44097900390625,141,93.01580810546875,0.0,46.44097900390625,141
2025-07-17T20:32:12.900437,4,4,"[0, 1, 3, 4, 5, 6, 7]",93.01580810546875,38.86540412902832,46.44097900390625,141,93.01580810546875,0.0,46.44097900390625,141
2025-07-17T20:32:12.907369,0,5,"[0, 1, 2, 3, 4, 5, 6, 7]",93.01580810546875,38.86540412902832,46.44097900390625,141,93.01580810546875,0.0,46.44097900390625,141
2025-07-17T20:32:12.913838,1,5,"[0, 1, 2, 4, 5, 6, 7]",93.01580810546875,38.86540412902832,46.44097900390625,141,93.01580810546875,0.0,46.44097900390625,141
2025-07-17T20:32:12.921025,2,5,"[0, 1, 2, 3, 4, 5, 6, 7]",93.01580810546875,38.86540412902832,46.44097900390625,141,93.01580810546875,0.0,46.44097900390625,141
2025-07-17T20:32:12.928192,3,5,"[0, 1, 2, 4, 5, 6, 7]",93.01580810546875,38.86540412902832,46.44097900390625,141,93.01580810546875,0.0,46.44097900390625,141
2025-07-17T20:32:12.939781,4,5,"[0, 1, 2, 4, 5, 6, 7]",93.01580810546875,38.86540412902832,46.44097900390625,141,93.01580810546875,0.0,46.44097900390625,141
2025-07-17T20:32:12.948149,0,6,"[0, 1, 2, 3, 4, 5, 6, 7]",93.01580810546875,38.86540412902832,46.44097900390625,141,93.01580810546875,0.0,46.44097900390625,141
2025-07-17T20:32:12.950520,1,6,"[0, 1, 2, 3, 4, 5, 6]",93.01580810546875,38.86540412902832,46.44097900390625,141,93.01580810546875,0.0,46.44097900390625,141
2025-07-17T20:32:12.957326,2,6,"[0, 1, 2, 3, 4, 5, 7]",93.01580810546875,38.86540412902832,46.44097900390625,141,93.01580810546875,0.0,46.44097900390625,141
2025-07-17T20:32:12.964045,3,6,"[0, 1, 2, 3, 4, 5, 6]",93.01580810546875,38.86540412902832,46.44097900390625,141,93.01580810546875,0.0,46.44097900390625,141
2025-07-17T20:32:12.971495,4,6,"[0, 1, 2, 3, 4, 5, 6]",93.01580810546875,38.86540412902832,46.44097900390625,141,93.01580810546875,0.0,46.44097900390625,141
2025-07-17T20:32:12.983717,0,7,"[0, 1, 2, 3, 4, 5, 6, 7]",93.01580810546875,38.86540412902832,46.44097900390625,141,93.01580810546875,0.0,46.44097900390625,141
2025-07-17T20:32:12.991586,1,7,"[0, 1, 2, 3, 4, 5, 7]",93.01580810546875,38.86540412902832,46.44097900390625,141,93.01580810546875,0.0,46.44097900390625,141
2025-07-17T20:32:12.999064,2,7,"[0, 1, 2, 3, 4, 5, 6, 7]",93.01580810546875,38.86540412902832,46.44097900390625,141,93.01580810546875,0.0,46.44097900390625,141
2025-07-17T20:32:13.001029,3,7,"[0, 1, 2, 3, 4, 5, 7]",93.01580810546875,38.86540412902832,46.44097900390625,141,93.01580810546875,0.0,46.44097900390625,141
2025-07-17T20:32:13.008498,4,7,"[0, 1, 2, 3, 4, 5, 7]",93.01580810546875,38.86540412902832,46.44097900390625,141,93.01580810546875,0.0,46.44097900390625,141
2025-07-17T20:32:13.015001,0,8,"[0, 1, 2, 3, 4, 5, 6, 7]",93.01580810546875,38.86540412902832,46.44097900390625,141,93.01580810546875,0.0,46.44097900390625,141
2025-07-17T20:32:13.022883,1,8,"[0, 1, 2, 3, 4, 5, 6, 7]",93.01580810546875,38.86540412902832,46.44097900390625,141,93.01580810546875,0.0,46.44097900390625,141
2025-07-17T20:32:13.030252,2,8,"[0, 1, 2, 3, 4, 5, 6, 7]",93.01580810546875,38.86540412902832,46.44097900390625,141,93.01580810546875,0.0,46.44097900390625,141
2025-07-17T20:32:13.037022,3,8,"[0, 1, 2, 3, 4, 5, 6, 7]",93.01580810546875,38.86540412902832,46.44097900390625,141,93.01580810546875,0.0,46.44097900390625,141
2025-07-17T20:32:13.049306,4,8,"[0, 1, 2, 3, 4, 5, 6, 7]",93.01580810546875,38.86540412902832,46.44097900390625,141,93.01580810546875,0.0,46.44097900390625,141
2025-07-17T20:32:13.052117,0,9,"[0, 1, 2, 3, 4, 5, 6, 7]",93.01580810546875,38.86540412902832,46.44097900390625,141,93.01580810546875,0.0,46.44097900390625,141
2025-07-17T20:32:13.059277,1,9,"[0, 1, 2, 4, 5, 6, 7]",93.01580810546875,38.86540412902832,46.44097900390625,141,93.01580810546875,0.0,46.44097900390625,141
2025-07-17T20:32:13.066242,2,9,"[0, 1, 2, 3, 4, 5, 6, 7]",93.01580810546875,38.86540412902832,46.44097900390625,141,93.01580810546875,0.0,46.44097900390625,141
2025-07-17T20:32:13.072410,3,9,"[0, 1, 2, 4, 5, 6, 7]",93.01580810546875,38.86540412902832,46.44097900390625,141,93.01580810546875,0.0,46.44097900390625,141
2025-07-17T20:32:13.083981,4,9,"[0, 1, 2, 4, 5, 6, 7]",93.01580810546875,38.86540412902832,46.44097900390625,141,93.01580810546875,0.0,46.44097900390625,141
2025-07-17T20:32:13.086253,0,10,"[0, 1, 2, 3, 4, 5, 6, 7]",93.01580810546875,38.86540412902832,46.44097900390625,141,93.01580810546875,0.0,46.44097900390625,141
2025-07-17T20:32:13.097773,1,10,"[0, 1, 2, 3, 4, 5, 6]",93.01580810546875,38.86540412902832,46.44097900390625,141,93.01580810546875,0.0,46.44097900390625,141
2025-07-17T20:32:13.100404,2,10,"[0, 1, 2, 3, 4, 5, 6, 7]",93.01580810546875,38.86540412902832,46.44097900390625,141,93.01580810546875,0.0,46.44097900390625,141
2025-07-17T20:32:13.111215,3,10,"[0, 1, 2, 3, 4, 5, 6]",93.01580810546875,38.86540412902832,46.44097900390625,141,93.01580810546875,0.0,46.44097900390625,141
2025-07-17T20:32:13.117953,4,10,"[0, 1, 2, 3, 4, 5, 6]",93.01580810546875,38.86540412902832,46.44097900390625,141,93.01580810546875,0.0,46.44097900390625,141
2025-07-17T20:32:13.125172,0,11,"[0, 1, 2, 3, 4, 5, 6, 7]",93.01580810546875,38.86540412902832,46.44097900390625,141,93.01580810546875,0.0,46.44097900390625,141
2025-07-17T20:32:13.132167,1,11,"[0, 1, 2, 4, 5, 6, 7]",93.01580810546875,38.86540412902832,46.44097900390625,141,93.01580810546875,0.0,46.44097900390625,141
2025-07-17T20:32:13.139443,2,11,"[0, 1, 2, 3, 4, 5, 6, 7]",93.01580810546875,38.86540412902832,46.44097900390625,141,93.01580810546875,0.0,46.44097900390625,141
2025-07-17T20:32:13.146557,3,11,"[0, 1, 2, 4, 5, 6, 7]",93.01580810546875,38.86540412902832,46.44097900390625,141,93.01580810546875,0.0,46.44097900390625,141
2025-07-17T20:32:13.153733,4,11,"[0, 1, 2, 4, 5, 6, 7]",93.01580810546875,38.86540412902832,46.44097900390625,141,93.01580810546875,0.0,46.44097900390625,141
2025-07-17T20:32:13.160796,0,12,"[0, 1, 2, 3, 4, 5, 6, 7]",93.01580810546875,38.86540412902832,46.44097900390625,141,93.01580810546875,0.0,46.44097900390625,141
2025-07-17T20:32:13.167708,1,12,"[0, 1, 2, 3, 4, 5, 6]",93.01580810546875,38.86540412902832,46.44097900390625,141,93.01580810546875,0.0,46.44097900390625,141
2025-07-17T20:32:13.174734,2,12,"[0, 1, 2, 3, 4, 5, 6, 7]",93.01580810546875,38.86540412902832,46.44097900390625,141,93.01580810546875,0.0,46.44097900390625,141
2025-07-17T20:32:13.182326,3,12,"[0, 1, 2, 3, 4, 5, 6]",93.01580810546875,38.86540412902832,46.44097900390625,141,93.01580810546875,0.0,46.44097900390625,141
2025-07-17T20:32:13.189488,4,12,"[0, 1, 2, 3, 4, 5, 6]",93.01580810546875,38.86540412902832,46.44097900390625,141,93.01580810546875,0.0,46.44097900390625,141
2025-07-17T20:32:13.196127,0,13,"[0, 1, 2, 3, 5, 6, 7]",93.01580810546875,38.86540412902832,46.44097900390625,141,93.01580810546875,0.0,46.44097900390625,141
2025-07-17T20:32:13.203184,1,13,"[0, 1, 2, 3, 5, 7]",93.01580810546875,38.86540412902832,46.44097900390625,141,93.01580810546875,0.0,46.44097900390625,141
2025-07-17T20:32:13.210961,2,13,"[0, 1, 2, 3, 4, 5, 6, 7]",93.01580810546875,38.86540412902832,46.44097900390625,141,93.01580810546875,0.0,46.44097900390625,141
2025-07-17T20:32:13.217977,3,13,"[0, 1, 2, 3, 5, 7]",93.01580810546875,38.86540412902832,46.44097900390625,141,93.01580810546875,0.0,46.44097900390625,141
2025-07-17T20:32:13.225129,4,13,"[0, 1, 2, 3, 5, 7]",93.01580810546875,38.86540412902832,46.44097900390625,141,93.01580810546875,0.0,46.44097900390625,141
2025-07-17T20:32:13.232790,0,14,"[0, 1, 2, 3, 4, 5, 6, 7]",93.01580810546875,38.86540412902832,46.44097900390625,141,93.01580810546875,0.0,46.44097900390625,141
2025-07-17T20:32:13.240160,1,14,"[0, 1, 2, 3, 4, 5, 6, 7]",93.01580810546875,38.86540412902832,46.44097900390625,141,93.01580810546875,0.0,46.44097900390625,141
2025-07-17T20:32:13.247147,2,14,"[0, 1, 2, 3, 4, 5, 6, 7]",93.01580810546875,38.86540412902832,46.44097900390625,141,93.01580810546875,0.0,46.44097900390625,141
2025-07-17T20:32:13.253840,3,14,"[0, 1, 2, 3, 4, 5, 6, 7]",93.01580810546875,38.86456489562988,46.44097900390625,141,93.01580810546875,0.0,46.44097900390625,141
2025-07-17T20:32:13.261340,4,14,"[0, 1, 2, 3, 4, 5, 6, 7]",93.01580810546875,38.86456489562988,46.44097900390625,141,93.01580810546875,0.0,46.44097900390625,141
2025-07-17T20:32:13.268498,0,15,"[0, 1, 2, 3, 4, 5, 6, 7]",93.01580810546875,38.86456489562988,46.44097900390625,141,93.01580810546875,0.0,46.44097900390625,141
2025-07-17T20:32:13.276151,1,15,"[1, 2, 4, 5, 6, 7]",93.01580810546875,38.86456489562988,46.44097900390625,141,93.01580810546875,0.0,46.44097900390625,141
2025-07-17T20:32:13.283226,2,15,"[0, 1, 2, 3, 4, 5, 6, 7]",93.01580810546875,38.86540412902832,46.44097900390625,141,93.01580810546875,0.0,46.44097900390625,141
2025-07-17T20:32:13.285597,3,15,"[1, 2, 4, 5, 6, 7]",93.01580810546875,38.86540412902832,46.44097900390625,141,93.01580810546875,0.0,46.44097900390625,141
2025-07-17T20:32:13.296983,4,15,"[1, 2, 4, 5, 6, 7]",93.01580810546875,38.86540412902832,46.44097900390625,141,93.01580810546875,0.0,46.44097900390625,141
2025-07-17T20:32:13.304042,0,16,"[0, 1, 2, 3, 4, 5, 6, 7]",93.01580810546875,38.86540412902832,46.44097900390625,141,93.01580810546875,0.0,46.44097900390625,141
2025-07-17T20:32:13.310511,1,16,"[0, 1, 2, 3, 4, 5, 6, 7]",93.01580810546875,38.86540412902832,46.44097900390625,141,93.01580810546875,0.0,46.44097900390625,141
2025-07-17T20:32:13.319149,2,16,"[0, 1, 2, 3, 4, 5, 6, 7]",93.01580810546875,38.86540412902832,46.44097900390625,141,93.01580810546875,0.0,46.44097900390625,141
2025-07-17T20:32:13.327195,3,16,"[0, 1, 2, 3, 4, 5, 6, 7]",93.01580810546875,38.86540412902832,46.44097900390625,141,93.01580810546875,0.0,46.44097900390625,141
2025-07-17T20:32:13.329544,4,16,"[0, 1, 2, 3, 4, 5, 6, 7]",93.01580810546875,38.86540412902832,46.44097900390625,141,93.01580810546875,0.0,46.44097900390625,141
2025-07-17T20:32:13.336699,0,17,"[0, 1, 2, 3, 4, 5, 6, 7]",93.01580810546875,38.86540412902832,46.44097900390625,141,93.01580810546875,0.0,46.44097900390625,141
2025-07-17T20:32:13.342614,1,17,"[0, 1, 2, 3, 4, 5, 6, 7]",93.01580810546875,38.86540412902832,46.44097900390625,141,93.01580810546875,0.0,46.44097900390625,141
2025-07-17T20:32:13.350295,2,17,"[0, 1, 2, 3, 4, 5, 6, 7]",93.01580810546875,38.86540412902832,46.44097900390625,141,93.01580810546875,0.0,46.44097900390625,141
2025-07-17T20:32:13.363210,3,17,"[0, 1, 2, 3, 4, 5, 6, 7]",93.01580810546875,38.86540412902832,46.44097900390625,141,93.01580810546875,0.0,46.44097900390625,141
2025-07-17T20:32:13.365718,4,17,"[0, 1, 2, 3, 4, 5, 6, 7]",93.01580810546875,38.86540412902832,46.44097900390625,141,93.01580810546875,0.0,46.44097900390625,141
2025-07-17T20:32:13.373533,0,18,"[0, 1, 2, 3, 4, 5, 6, 7]",93.01580810546875,38.86540412902832,46.44097900390625,141,93.01580810546875,0.0,46.44097900390625,141
2025-07-17T20:32:13.381326,1,18,"[0, 1, 2, 3, 4, 5, 6, 7]",93.01580810546875,38.86540412902832,46.44097900390625,141,93.01580810546875,0.0,46.44097900390625,141
2025-07-17T20:32:13.388866,2,18,"[0, 1, 2, 3, 4, 5, 6, 7]",93.01580810546875,38.86540412902832,46.44097900390625,141,93.01580810546875,0.0,46.44097900390625,141
2025-07-17T20:32:13.395909,3,18,"[0, 1, 2, 3, 4, 5, 6, 7]",93.01580810546875,38.86540412902832,46.44097900390625,141,93.01580810546875,0.0,46.44097900390625,141
2025-07-17T20:32:13.407799,4,18,"[0, 1, 2, 3, 4, 5, 6, 7]",93.01580810546875,38.86540412902832,46.44097900390625,141,93.01580810546875,0.0,46.44097900390625,141
2025-07-17T20:32:13.410429,0,19,"[0, 1, 2, 3, 4, 5, 6, 7]",93.01580810546875,38.86540412902832,46.44097900390625,141,93.01580810546875,0.0,46.44097900390625,141
2025-07-17T20:32:13.421367,1,19,"[0, 1, 2, 3, 4, 5, 6, 7]",93.01580810546875,38.86540412902832,46.44097900390625,141,93.01580810546875,0.0,46.44097900390625,141
2025-07-17T20:32:13.423246,2,19,"[0, 1, 2, 3, 4, 5, 6, 7]",93.01580810546875,38.86540412902832,46.44097900390625,141,93.01580810546875,0.0,46.44097900390625,141
2025-07-17T20:32:13.429629,3,19,"[0, 1, 2, 3, 4, 5, 6, 7]",93.01580810546875,38.86540412902832,46.44097900390625,141,93.01580810546875,0.0,46.44097900390625,141
2025-07-17T20:32:13.435807,4,19,"[0, 1, 2, 3, 4, 5, 6, 7]",93.01580810546875,38.86540412902832,46.44097900390625,141,93.01580810546875,0.0,46.44097900390625,141
2025-07-17T20:32:13.446768,0,20,"[0, 1, 2, 3, 4, 5, 6, 7]",93.01580810546875,38.86540412902832,46.44097900390625,141,93.01580810546875,0.0,46.44097900390625,141
2025-07-17T20:32:13.449372,1,20,"[0, 2, 3, 4, 5, 6, 7]",93.01580810546875,38.86540412902832,46.44097900390625,141,93.01580810546875,0.0,46.44097900390625,141
2025-07-17T20:32:13.456257,2,20,"[0, 1, 2, 3, 4, 5, 6, 7]",93.01580810546875,38.86540412902832,46.44097900390625,141,93.01580810546875,0.0,46.44097900390625,141
2025-07-17T20:32:13.464095,3,20,"[0, 2, 3, 4, 5, 6, 7]",93.01580810546875,38.86540412902832,46.44097900390625,141,93.01580810546875,0.0,46.44097900390625,141
2025-07-17T20:32:13.470618,4,20,"[0, 2, 3, 4, 5, 6, 7]",93.01580810546875,38.86540412902832,46.44097900390625,141,93.01580810546875,0.0,46.44097900390625,141
2025-07-17T20:32:13.477861,0,21,"[0, 1, 2, 3, 4, 5, 6, 7]",93.01580810546875,38.86540412902832,46.44097900390625,141,93.01580810546875,0.0,46.44097900390625,141
2025-07-17T20:32:13.485714,1,21,"[0, 1, 2, 3, 4, 5, 6, 7]",93.01580810546875,38.86540412902832,46.44097900390625,141,93.01580810546875,0.0,46.44097900390625,141
2025-07-17T20:32:13.492343,2,21,"[0, 1, 2, 3, 4, 5, 6, 7]",93.01580810546875,38.86540412902832,46.44097900390625,141,93.01580810546875,0.0,46.44097900390625,141
2025-07-17T20:32:13.498485,3,21,"[0, 1, 2, 3, 4, 5, 6, 7]",93.01580810546875,38.86540412902832,46.44097900390625,141,93.01580810546875,0.0,46.44097900390625,141
2025-07-17T20:32:13.505154,4,21,"[0, 1, 2, 3, 4, 5, 6, 7]",93.01580810546875,38.86540412902832,46.44097900390625,141,93.01580810546875,0.0,46.44097900390625,141
2025-07-17T20:32:13.511629,0,22,"[0, 1, 2, 3, 4, 5, 6, 7]",93.01580810546875,38.86540412902832,46.44097900390625,141,93.01580810546875,0.0,46.44097900390625,141
2025-07-17T20:32:13.518799,1,22,"[0, 1, 2, 3, 4, 5, 6, 7]",93.01580810546875,38.86540412902832,46.44097900390625,141,93.01580810546875,0.0,46.44097900390625,141
2025-07-17T20:32:13.525794,2,22,"[0, 1, 2, 3, 4, 5, 6, 7]",93.01580810546875,38.86540412902832,46.44097900390625,141,93.01580810546875,0.0,46.44097900390625,141
2025-07-17T20:32:13.536515,3,22,"[0, 1, 2, 3, 4, 5, 6, 7]",93.01580810546875,38.86540412902832,46.44097900390625,141,93.01580810546875,0.0,46.44097900390625,141
2025-07-17T20:32:13.538722,4,22,"[0, 1, 2, 3, 4, 5, 6, 7]",93.01580810546875,38.86540412902832,46.44097900390625,141,93.01580810546875,0.0,46.44097900390625,141
2025-07-17T20:32:13.545659,0,23,"[0, 1, 2, 3, 4, 5, 6, 7]",93.01580810546875,38.86540412902832,46.44097900390625,141,93.01580810546875,0.0,46.44097900390625,141
2025-07-17T20:32:13.557990,1,23,"[0, 1, 2, 3, 4, 5, 6, 7]",93.01580810546875,38.86540412902832,46.44097900390625,141,93.01580810546875,0.0,46.44097900390625,141
2025-07-17T20:32:13.566205,2,23,"[0, 1, 2, 3, 4, 5, 6, 7]",93.01580810546875,38.86540412902832,46.44097900390625,141,93.01580810546875,0.0,46.44097900390625,141
2025-07-17T20:32:13.568782,3,23,"[0, 1, 2, 3, 4, 5, 6, 7]",93.01580810546875,38.86540412902832,46.44097900390625,141,93.01580810546875,0.0,46.44097900390625,141
2025-07-17T20:32:13.575041,4,23,"[0, 1, 2, 3, 4, 5, 6, 7]",93.01580810546875,38.86540412902832,46.44097900390625,141,93.01580810546875,0.0,46.44097900390625,141
2025-07-17T20:32:13.582161,0,24,"[0, 1, 2, 3, 4, 5, 6, 7]",93.01580810546875,38.86540412902832,46.44097900390625,141,93.01580810546875,0.0,46.44097900390625,141
2025-07-17T20:32:13.589651,1,24,"[0, 1, 2, 3, 4, 5, 6, 7]",93.01580810546875,38.86540412902832,46.44097900390625,141,93.01580810546875,0.0,46.44097900390625,141
2025-07-17T20:32:13.597876,2,24,"[0, 1, 2, 3, 4, 5, 6, 7]",93.01580810546875,38.86540412902832,46.44097900390625,141,93.01580810546875,0.0,46.44097900390625,141
2025-07-17T20:32:13.604372,3,24,"[0, 1, 2, 3, 4, 5, 6, 7]",93.01580810546875,38.86540412902832,46.44097900390625,141,93.01580810546875,0.0,46.44097900390625,141
2025-07-17T20:32:13.617172,4,24,"[0, 1, 2, 3, 4, 5, 6, 7]",93.01580810546875,38.86540412902832,46.44097900390625,141,93.01580810546875,0.0,46.44097900390625,141
2025-07-17T20:32:13.619890,0,25,"[0, 1, 2, 3, 4, 5, 6, 7]",93.01580810546875,38.86540412902832,46.44097900390625,141,93.01580810546875,0.0,46.44097900390625,141
2025-07-17T20:32:13.632301,1,25,"[0, 1, 2, 3, 4, 6, 7]",93.01580810546875,38.86540412902832,46.44097900390625,141,93.01580810546875,0.0,46.44097900390625,141
2025-07-17T20:32:13.634624,2,25,"[0, 1, 2, 3, 4, 5, 6, 7]",93.01580810546875,38.86540412902832,46.44097900390625,141,93.01580810546875,0.0,46.44097900390625,141
2025-07-17T20:32:13.643844,3,25,"[0, 1, 2, 3, 4, 6, 7]",93.01580810546875,38.86540412902832,46.44097900390625,141,93.01580810546875,0.0,46.44097900390625,141
2025-07-17T20:32:13.654763,4,25,"[0, 1, 2, 3, 4, 6, 7]",93.01580810546875,38.86540412902832,46.44097900390625,141,93.01580810546875,0.0,46.44097900390625,141
2025-07-17T20:32:13.656835,0,26,"[0, 1, 2, 3, 4, 5, 6, 7]",93.01580810546875,38.86540412902832,46.44097900390625,141,93.01580810546875,0.0,46.44097900390625,141
2025-07-17T20:32:13.668724,1,26,"[0, 1, 2, 3, 4, 5, 6, 7]",93.01580810546875,38.86540412902832,46.44097900390625,141,93.01580810546875,0.0,46.44097900390625,141
2025-07-17T20:32:13.670864,2,26,"[0, 1, 2, 3, 4, 5, 6, 7]",93.01580810546875,38.86540412902832,46.44097900390625,141,93.01580810546875,0.0,46.44097900390625,141
2025-07-17T20:32:13.677454,3,26,"[0, 1, 2, 3, 4, 5, 6, 7]",93.01580810546875,38.86540412902832,46.44097900390625,141,93.01580810546875,0.0,46.44097900390625,141
2025-07-17T20:32:13.684779,4,26,"[0, 1, 2, 3, 4, 5, 6, 7]",93.01580810546875,38.86540412902832,46.44097900390625,141,93.01580810546875,0.0,46.44097900390625,141
2025-07-17T20:32:13.692086,0,27,"[0, 1, 2, 3, 4, 5, 6, 7]",93.01580810546875,38.86540412902832,46.44097900390625,141,93.01580810546875,0.0,46.44097900390625,141
2025-07-17T20:32:13.700421,1,27,"[0, 1, 2, 3, 4, 6, 7]",93.01580810546875,38.86540412902832,46.44097900390625,141,93.01580810546875,0.0,46.44097900390625,141
2025-07-17T20:32:13.706780,2,27,"[0, 1, 2, 3, 4, 5, 6, 7]",93.01580810546875,38.86540412902832,46.44097900390625,141,93.01580810546875,0.0,46.44097900390625,141
2025-07-17T20:32:13.714035,3,27,"[0, 1, 2, 3, 4, 6, 7]",93.01580810546875,38.86540412902832,46.44097900390625,141,93.01580810546875,0.0,46.44097900390625,141
2025-07-17T20:32:13.721768,4,27,"[0, 1, 2, 3, 4, 6, 7]",93.01580810546875,38.86540412902832,46.44097900390625,141,93.01580810546875,0.0,46.44097900390625,141
2025-07-17T20:32:13.728363,0,28,"[0, 1, 2, 3, 4, 5, 6, 7]",93.01580810546875,38.86540412902832,46.44097900390625,141,93.01580810546875,0.0,46.44097900390625,141
2025-07-17T20:32:13.735013,1,28,"[0, 1, 2, 3, 4, 5, 6, 7]",93.01580810546875,38.86540412902832,46.44097900390625,141,93.01580810546875,0.0,46.44097900390625,141
2025-07-17T20:32:13.742053,2,28,"[0, 1, 2, 3, 4, 5, 6, 7]",93.01580810546875,38.86540412902832,46.44097900390625,141,93.01580810546875,0.0,46.44097900390625,141
2025-07-17T20:32:13.749431,3,28,"[0, 1, 2, 3, 4, 5, 6, 7]",93.01580810546875,38.86540412902832,46.44097900390625,141,93.01580810546875,0.0,46.44097900390625,141
2025-07-17T20:32:13.760798,4,28,"[0, 1, 2, 3, 4, 5, 6, 7]",93.01580810546875,38.86540412902832,46.44097900390625,141,93.01580810546875,0.0,46.44097900390625,141
2025-07-17T20:32:13.763636,0,29,"[0, 1, 2, 3, 4, 5, 6, 7]",93.01580810546875,38.86540412902832,46.44097900390625,141,93.01580810546875,0.0,46.44097900390625,141
2025-07-17T20:32:13.770564,1,29,"[0, 1, 2, 3, 4, 5, 6, 7]",93.01580810546875,38.86540412902832,46.44097900390625,141,93.01580810546875,0.0,46.44097900390625,141
2025-07-17T20:32:13.776870,2,29,"[0, 1, 2, 3, 4, 5, 6, 7]",93.01580810546875,38.86540412902832,46.44097900390625,141,93.01580810546875,0.0,46.44097900390625,141
2025-07-17T20:32:13.783320,3,29,"[0, 1, 2, 3, 4, 5, 6, 7]",93.01580810546875,38.86540412902832,46.44097900390625,141,93.01580810546875,0.0,46.44097900390625,141
2025-07-17T20:32:13.789900,4,29,"[0, 1, 2, 3, 4, 5, 6, 7]",93.01580810546875,38.86540412902832,46.44097900390625,141,93.01580810546875,0.0,46.44097900390625,141
2025-07-17T20:32:13.796849,0,30,"[0, 1, 2, 3, 4, 5, 6, 7]",93.01580810546875,38.86540412902832,46.44097900390625,141,93.01580810546875,0.0,46.44097900390625,141
2025-07-17T20:32:13.803845,1,30,"[0, 1, 2, 3, 4, 5, 6, 7]",93.01580810546875,38.86540412902832,46.44097900390625,141,93.01580810546875,0.0,46.44097900390625,141
2025-07-17T20:32:13.810072,2,30,"[0, 1, 2, 3, 4, 5, 6, 7]",93.01580810546875,38.86540412902832,46.44097900390625,141,93.01580810546875,0.0,46.44097900390625,141
2025-07-17T20:32:13.816267,3,30,"[0, 1, 2, 3, 4, 5, 6, 7]",93.01580810546875,38.86540412902832,46.44097900390625,141,93.01580810546875,0.0,46.44097900390625,141
2025-07-17T20:32:13.824782,4,30,"[0, 1, 2, 3, 4, 5, 6, 7]",93.01580810546875,38.86540412902832,46.44097900390625,141,93.01580810546875,0.0,46.44097900390625,141
2025-07-17T20:32:13.835677,0,31,"[0, 1, 2, 3, 4, 5, 6, 7]",93.01580810546875,38.87229824066162,46.44097900390625,141,93.01580810546875,0.0,46.44097900390625,141
2025-07-17T20:32:13.839680,1,31,"[0, 1, 2, 4, 5, 6, 7]",93.01580810546875,38.86909008026123,46.44097900390625,141,93.01580810546875,0.0,46.44097900390625,141
2025-07-17T20:32:13.854166,2,31,"[0, 1, 2, 4, 5, 6, 7]",93.01580810546875,38.86562442779541,46.44097900390625,141,93.01580810546875,0.0,46.44097900390625,141
2025-07-17T20:32:13.857899,3,31,"[0, 1, 2, 4, 5, 6, 7]",93.01580810546875,38.86299800872803,46.44097900390625,141,93.01580810546875,0.0,46.44097900390625,141
2025-07-17T20:32:13.865310,4,31,"[0, 1, 2, 4, 5, 6, 7]",93.01580810546875,38.86002254486084,46.44097900390625,141,93.01580810546875,0.0,46.44097900390625,141
2025-07-17T20:32:13.876791,0,0,"[0, 1, 2, 3, 4, 5, 6, 7]",93.01580810546875,38.85531425476074,46.44097900390625,141,93.01580810546875,0.0,46.44097900390625,141
2025-07-17T20:32:13.889342,1,0,"[0, 1, 2, 3, 4, 5, 6, 7]",93.01580810546875,38.85852241516113,46.44097900390625,141,93.01580810546875,0.0,46.44097900390625,141
2025-07-17T20:32:13.897624,2,0,"[0, 1, 2, 3, 4, 5, 6, 7]",93.01580810546875,38.86149787902832,46.44097900390625,141,93.01580810546875,0.0,46.44097900390625,141
2025-07-17T20:32:13.900136,3,0,"[0, 1, 2, 3, 4, 5, 6, 7]",93.01580810546875,38.86438179016113,46.44097900390625,141,93.01580810546875,0.0,46.44097900390625,141
2025-07-17T20:32:13.908591,4,0,"[0, 1, 2, 3, 4, 5, 6, 7]",93.01580810546875,38.86540412902832,46.44097900390625,141,93.01580810546875,0.0,46.44097900390625,141
2025-07-17T20:32:13.920087,0,1,"[0, 1, 2, 3, 4, 5, 6, 7]",93.01580810546875,38.86540412902832,46.44097900390625,141,93.01580810546875,0.0,46.44097900390625,141
2025-07-17T20:32:13.927202,1,1,"[0, 1, 2, 3, 5, 6, 7]",93.01580810546875,38.86540412902832,46.44097900390625,141,93.01580810546875,0.0,46.44097900390625,141
2025-07-17T20:32:13.929475,2,1,"[0, 1, 2, 3, 4, 5, 6, 7]",93.01580810546875,38.86540412902832,46.44097900390625,141,93.01580810546875,0.0,46.44097900390625,141
2025-07-17T20:32:13.941533,3,1,"[0, 1, 2, 3, 5, 6, 7]",93.01580810546875,38.86540412902832,46.44097900390625,141,93.01580810546875,0.0,46.44097900390625,141
2025-07-17T20:32:13.944125,4,1,"[0, 1, 2, 3, 5, 6, 7]",93.01580810546875,38.86540412902832,46.44097900390625,141,93.01580810546875,0.0,46.44097900390625,141
2025-07-17T20:32:13.950678,0,2,"[0, 1, 2, 3, 4, 5, 6, 7]",93.01580810546875,38.86540412902832,46.44097900390625,141,93.01580810546875,0.0,46.44097900390625,141
2025-07-17T20:32:13.957055,1,2,"[0, 1, 2, 3, 4, 5, 6, 7]",93.01580810546875,38.86540412902832,46.44097900390625,141,93.01580810546875,0.0,46.44097900390625,141
2025-07-17T20:32:13.964614,2,2,"[0, 1, 2, 3, 4, 5, 6, 7]",93.01580810546875,38.86540412902832,46.44097900390625,141,93.01580810546875,0.0,46.44097900390625,141
2025-07-17T20:32:13.972115,3,2,"[0, 1, 2, 3, 4, 5, 6, 7]",93.01580810546875,38.86540412902832,46.44097900390625,141,93.01580810546875,0.0,46.44097900390625,141
2025-07-17T20:32:13.979643,4,2,"[0, 1, 2, 3, 4, 5, 6, 7]",93.01580810546875,38.86540412902832,46.44097900390625,141,93.01580810546875,0.0,46.44097900390625,141
2025-07-17T20:32:13.986110,0,3,"[0, 1, 2, 3, 4, 5, 6, 7]",93.01580810546875,38.86540412902832,46.44097900390625,141,93.01580810546875,0.0,46.44097900390625,141
2025-07-17T20:32:13.992537,1,3,"[1, 2, 3, 4, 6, 7]",93.01580810546875,38.86540412902832,46.44097900390625,141,93.01580810546875,0.0,46.44097900390625,141
2025-07-17T20:32:13.998863,2,3,"[0, 1, 2, 3, 4, 5, 6, 7]",93.01580810546875,38.86540412902832,46.44097900390625,141,93.01580810546875,0.0,46.44097900390625,141
2025-07-17T20:32:14.005757,3,3,"[1, 2, 3, 4, 6, 7]",93.01580810546875,38.86540412902832,46.44097900390625,141,93.01580810546875,0.0,46.44097900390625,141
2025-07-17T20:32:14.012922,4,3,"[1, 2, 3, 4, 6, 7]",93.01580810546875,38.86540412902832,46.44097900390625,141,93.01580810546875,0.0,46.44097900390625,141
2025-07-17T20:32:14.020941,0,4,"[0, 1, 2, 3, 4, 5, 6, 7]",93.01580810546875,38.86540412902832,46.44097900390625,141,93.01580810546875,0.0,46.44097900390625,141
2025-07-17T20:32:14.028117,1,4,"[0, 1, 2, 3, 4, 5, 6]",93.01580810546875,38.86540412902832,46.44097900390625,141,93.01580810546875,0.0,46.44097900390625,141
2025-07-17T20:32:14.040245,2,4,"[0, 1, 2, 3, 4, 5, 6, 7]",93.01580810546875,38.86540412902832,46.44097900390625,141,93.01580810546875,0.0,46.44097900390625,141
2025-07-17T20:32:14.047998,3,4,"[0, 1, 2, 3, 4, 5, 6]",93.01580810546875,38.86540412902832,46.44097900390625,141,93.01580810546875,0.0,46.44097900390625,141
2025-07-17T20:32:14.050233,4,4,"[0, 1, 2, 3, 4, 5, 6]",93.01580810546875,38.86540412902832,46.44097900390625,141,93.01580810546875,0.0,46.44097900390625,141
2025-07-17T20:32:14.057000,0,5,"[0, 1, 3, 4, 5, 6, 7]",93.01580810546875,38.86540412902832,46.44097900390625,141,93.01580810546875,0.0,46.44097900390625,141
2025-07-17T20:32:14.063237,1,5,"[0, 1, 2, 3, 4, 5, 6, 7]",93.01580810546875,38.86540412902832,46.44097900390625,141,93.01580810546875,0.0,46.44097900390625,141
2025-07-17T20:32:14.074368,2,5,"[0, 1, 2, 3, 4, 5, 6, 7]",93.01580810546875,38.86540412902832,46.44097900390625,141,93.01580810546875,0.0,46.44097900390625,141
2025-07-17T20:32:14.081187,3,5,"[0, 1, 2, 3, 4, 5, 6, 7]",93.01580810546875,38.86540412902832,46.44097900390625,141,93.01580810546875,0.0,46.44097900390625,141
2025-07-17T20:32:14.089555,4,5,"[0, 1, 2, 3, 4, 5, 6, 7]",93.01580810546875,38.86540412902832,46.44097900390625,141,93.01580810546875,0.0,46.44097900390625,141
2025-07-17T20:32:14.097653,0,6,"[0, 1, 2, 3, 4, 5, 6, 7]",93.01580810546875,38.86540412902832,46.44097900390625,141,93.01580810546875,0.0,46.44097900390625,141
2025-07-17T20:32:14.100035,1,6,"[0, 1, 2, 3, 4, 5, 6, 7]",93.01580810546875,38.86540412902832,46.44097900390625,141,93.01580810546875,0.0,46.44097900390625,141
2025-07-17T20:32:14.106830,2,6,"[0, 1, 2, 3, 4, 5, 6, 7]",93.01580810546875,38.86540412902832,46.44097900390625,141,93.01580810546875,0.0,46.44097900390625,141
2025-07-17T20:32:14.118872,3,6,"[0, 1, 2, 3, 4, 5, 6, 7]",93.01580810546875,38.86540412902832,46.44097900390625,141,93.01580810546875,0.0,46.44097900390625,141
2025-07-17T20:32:14.126818,4,6,"[0, 1, 2, 3, 4, 5, 6, 7]",93.01580810546875,38.86540412902832,46.44097900390625,141,93.01580810546875,0.0,46.44097900390625,141
2025-07-17T20:32:14.133871,0,7,"[0, 1, 2, 3, 4, 5, 6, 7]",93.01580810546875,38.86540412902832,46.44097900390625,141,93.01580810546875,0.0,46.44097900390625,141
2025-07-17T20:32:14.141107,1,7,"[0, 1, 2, 4, 5, 6, 7]",93.01580810546875,38.86540412902832,46.44097900390625,141,93.01580810546875,0.0,46.44097900390625,141
2025-07-17T20:32:14.148284,2,7,"[0, 1, 2, 3, 4, 5, 6, 7]",93.01580810546875,38.86540412902832,46.44097900390625,141,93.01580810546875,0.0,46.44097900390625,141
2025-07-17T20:32:14.154882,3,7,"[0, 1, 2, 4, 5, 6, 7]",93.01580810546875,38.86540412902832,46.44097900390625,141,93.01580810546875,0.0,46.44097900390625,141
2025-07-17T20:32:14.163684,4,7,"[0, 1, 2, 4, 5, 6, 7]",93.01580810546875,38.86540412902832,46.44097900390625,141,93.01580810546875,0.0,46.44097900390625,141
2025-07-17T20:32:14.170775,0,8,"[0, 1, 2, 3, 4, 5, 6, 7]",93.01580810546875,38.86540412902832,46.44097900390625,141,93.01580810546875,0.0,46.44097900390625,141
2025-07-17T20:32:14.178123,1,8,"[0, 2, 3, 4, 5, 6, 7]",93.01580810546875,38.86540412902832,46.44097900390625,141,93.01580810546875,0.0,46.44097900390625,141
2025-07-17T20:32:14.185271,2,8,"[0, 1, 2, 3, 4, 5, 6, 7]",93.01580810546875,38.86540412902832,46.44097900390625,141,93.01580810546875,0.0,46.44097900390625,141
2025-07-17T20:32:14.194782,3,8,"[0, 2, 3, 4, 5, 6, 7]",93.01580810546875,38.86456489562988,46.44097900390625,141,93.01580810546875,0.0,46.44097900390625,141
2025-07-17T20:32:14.201712,4,8,"[0, 2, 3, 4, 5, 6, 7]",93.01580810546875,38.86456489562988,46.44097900390625,141,93.01580810546875,0.0,46.44097900390625,141
2025-07-17T20:32:14.208372,0,9,"[0, 1, 2, 3, 4, 5, 6, 7]",93.01580810546875,38.86456489562988,46.44097900390625,141,93.01580810546875,0.0,46.44097900390625,141
2025-07-17T20:32:14.215448,1,9,"[0, 1, 2, 4, 5, 6, 7]",93.01580810546875,38.86456489562988,46.44097900390625,141,93.01580810546875,0.0,46.44097900390625,141
2025-07-17T20:32:14.222114,2,9,"[0, 1, 2, 3, 4, 5, 6, 7]",93.01580810546875,38.86456489562988,46.44097900390625,141,93.01580810546875,0.0,46.44097900390625,141
2025-07-17T20:32:14.229427,3,9,"[0, 1, 2, 4, 5, 6, 7]",93.01580810546875,38.86540412902832,46.44097900390625,141,93.01580810546875,0.0,46.44097900390625,141
2025-07-17T20:32:14.236108,4,9,"[0, 1, 2, 4, 5, 6, 7]",93.01580810546875,38.86540412902832,46.44097900390625,141,93.01580810546875,0.0,46.44097900390625,141
2025-07-17T20:32:14.243112,0,10,"[0, 1, 2, 3, 4, 5, 6, 7]",93.01580810546875,38.86540412902832,46.44097900390625,141,93.01580810546875,0.0,46.44097900390625,141
2025-07-17T20:32:14.250540,1,10,"[0, 1, 2, 3, 4, 5, 6, 7]",93.01580810546875,38.86540412902832,46.44097900390625,141,93.01580810546875,0.0,46.44097900390625,141
2025-07-17T20:32:14.257062,2,10,"[0, 1, 2, 3, 4, 6, 7]",93.01580810546875,38.86540412902832,46.44097900390625,141,93.01580810546875,0.0,46.44097900390625,141
2025-07-17T20:32:14.264173,3,10,"[0, 1, 2, 3, 4, 5, 6, 7]",93.01580810546875,38.86540412902832,46.44097900390625,141,93.01580810546875,0.0,46.44097900390625,141
2025-07-17T20:32:14.270856,4,10,"[0, 1, 2, 3, 4, 5, 6, 7]",93.01580810546875,38.86540412902832,46.44097900390625,141,93.01580810546875,0.0,46.44097900390625,141
2025-07-17T20:32:14.277824,0,11,"[0, 1, 2, 3, 4, 5, 6, 7]",93.01580810546875,38.86540412902832,46.44097900390625,141,93.01580810546875,0.0,46.44097900390625,141
2025-07-17T20:32:14.285023,1,11,"[0, 1, 2, 3, 4, 5, 6, 7]",93.01580810546875,38.86540412902832,46.44097900390625,141,93.01580810546875,0.0,46.44097900390625,141
2025-07-17T20:32:14.287843,2,11,"[0, 1, 2, 3, 4, 5, 6, 7]",93.01580810546875,38.86540412902832,46.44097900390625,141,93.01580810546875,0.0,46.44097900390625,141
2025-07-17T20:32:14.298796,3,11,"[0, 1, 2, 3, 4, 5, 6, 7]",93.01580810546875,38.86540412902832,46.44097900390625,141,93.01580810546875,0.0,46.44097900390625,141
2025-07-17T20:32:14.306240,4,11,"[0, 1, 2, 3, 4, 5, 6, 7]",93.01580810546875,38.86540412902832,46.44097900390625,141,93.01580810546875,0.0,46.44097900390625,141
2025-07-17T20:32:14.313617,0,12,"[0, 1, 2, 3, 4, 5, 6, 7]",93.01580810546875,38.86540412902832,46.44097900390625,141,93.01580810546875,0.0,46.44097900390625,141
2025-07-17T20:32:14.320721,1,12,"[0, 1, 2, 3, 4, 5, 6, 7]",93.01580810546875,38.86540412902832,46.44097900390625,141,93.01580810546875,0.0,46.44097900390625,141
2025-07-17T20:32:14.327406,2,12,"[0, 1, 2, 3, 4, 5, 6, 7]",93.01580810546875,38.86540412902832,46.44097900390625,141,93.01580810546875,0.0,46.44097900390625,141
2025-07-17T20:32:14.334355,3,12,"[0, 1, 2, 3, 4, 5, 6, 7]",93.01580810546875,38.86540412902832,46.44097900390625,141,93.01580810546875,0.0,46.44097900390625,141
2025-07-17T20:32:14.341114,4,12,"[0, 1, 2, 3, 4, 5, 6, 7]",93.01580810546875,38.86540412902832,46.44097900390625,141,93.01580810546875,0.0,46.44097900390625,141
2025-07-17T20:32:14.347772,0,13,"[0, 1, 2, 3, 5, 6, 7]",93.01580810546875,38.86540412902832,46.44097900390625,141,93.01580810546875,0.0,46.44097900390625,141
2025-07-17T20:32:14.355203,1,13,"[0, 1, 2, 3, 4, 5, 6, 7]",93.01580810546875,38.86540412902832,46.44097900390625,141,93.01580810546875,0.0,46.44097900390625,141
2025-07-17T20:32:14.362682,2,13,"[0, 1, 2, 3, 4, 5, 6, 7]",93.01580810546875,38.86540412902832,46.44097900390625,141,93.01580810546875,0.0,46.44097900390625,141
2025-07-17T20:32:14.369686,3,13,"[0, 1, 2, 3, 4, 5, 6, 7]",93.01580810546875,38.86456489562988,46.44097900390625,141,93.01580810546875,0.0,46.44097900390625,141
2025-07-17T20:32:14.376184,4,13,"[0, 1, 2, 3, 4, 5, 6, 7]",93.01580810546875,38.86456489562988,46.44097900390625,141,93.01580810546875,0.0,46.44097900390625,141
2025-07-17T20:32:14.383112,0,14,"[0, 1, 2, 3, 4, 5, 6, 7]",93.01580810546875,38.86456489562988,46.44097900390625,141,93.01580810546875,0.0,46.44097900390625,141
2025-07-17T20:32:14.389691,1,14,"[0, 1, 2, 3, 4, 5, 6]",93.01580810546875,38.86456489562988,46.44097900390625,141,93.01580810546875,0.0,46.44097900390625,141
2025-07-17T20:32:14.396329,2,14,"[0, 1, 2, 3, 4, 5, 6, 7]",93.01580810546875,38.86540412902832,46.44097900390625,141,93.01580810546875,0.0,46.44097900390625,141
2025-07-17T20:32:14.403173,3,14,"[0, 1, 2, 3, 4, 5, 6]",93.01580810546875,38.86540412902832,46.44097900390625,141,93.01580810546875,0.0,46.44097900390625,141
2025-07-17T20:32:14.409807,4,14,"[0, 1, 2, 3, 4, 5, 6]",93.01580810546875,38.86540412902832,46.44097900390625,141,93.01580810546875,0.0,46.44097900390625,141
2025-07-17T20:32:14.416950,0,15,"[0, 1, 2, 3, 4, 5, 6, 7]",93.01580810546875,38.86540412902832,46.44097900390625,141,93.01580810546875,0.0,46.44097900390625,141
2025-07-17T20:32:14.423963,1,15,"[0, 1, 2, 4, 5, 6, 7]",93.01580810546875,38.86540412902832,46.44097900390625,141,93.01580810546875,0.0,46.44097900390625,141
2025-07-17T20:32:14.431275,2,15,"[0, 1, 2, 3, 4, 5, 6, 7]",93.01580810546875,38.86540412902832,46.44097900390625,141,93.01580810546875,0.0,46.44097900390625,141
2025-07-17T20:32:14.437992,3,15,"[0, 1, 2, 4, 5, 6, 7]",93.01580810546875,38.86540412902832,46.44097900390625,141,93.01580810546875,0.0,46.44097900390625,141
2025-07-17T20:32:14.444806,4,15,"[0, 1, 2, 4, 5, 6, 7]",93.01580810546875,38.86540412902832,46.44097900390625,141,93.01580810546875,0.0,46.44097900390625,141
2025-07-17T20:32:14.453696,0,16,"[0, 1, 2, 3, 4, 5, 6, 7]",93.01580810546875,38.86482238769531,46.44097900390625,141,93.01580810546875,0.0,46.44097900390625,141
2025-07-17T20:32:14.460783,1,16,"[0, 1, 2, 3, 4, 5, 6, 7]",93.01580810546875,38.86482238769531,46.44097900390625,141,93.01580810546875,0.0,46.44097900390625,141
2025-07-17T20:32:14.467624,2,16,"[0, 1, 2, 3, 4, 5, 6, 7]",93.01580810546875,38.86456489562988,46.44097900390625,141,93.01580810546875,0.0,46.44097900390625,141
2025-07-17T20:32:14.474995,3,16,"[0, 1, 2, 3, 4, 5, 6, 7]",93.01580810546875,38.86456489562988,46.44097900390625,141,93.01580810546875,0.0,46.44097900390625,141
2025-07-17T20:32:14.482322,4,16,"[0, 1, 2, 3, 4, 5, 6, 7]",93.01580810546875,38.86456489562988,46.44097900390625,141,93.01580810546875,0.0,46.44097900390625,141
2025-07-17T20:32:14.489281,0,17,"[0, 1, 2, 3, 4, 5, 6, 7]",93.01580810546875,38.86540412902832,46.44097900390625,141,93.01580810546875,0.0,46.44097900390625,141
2025-07-17T20:32:14.496526,1,17,"[0, 1, 2, 3, 5, 6, 7]",93.01580810546875,38.86482238769531,46.44097900390625,141,93.01580810546875,0.0,46.44097900390625,141
2025-07-17T20:32:14.503751,2,17,"[0, 1, 3, 4, 5, 6, 7]",93.01580810546875,38.86482238769531,46.44097900390625,141,93.01580810546875,0.0,46.44097900390625,141
2025-07-17T20:32:14.511246,3,17,"[0, 1, 2, 3, 5, 6, 7]",93.01580810546875,38.86482238769531,46.44097900390625,141,93.01580810546875,0.0,46.44097900390625,141
2025-07-17T20:32:14.513776,4,17,"[0, 1, 2, 3, 5, 6, 7]",93.01580810546875,38.86482238769531,46.44097900390625,141,93.01580810546875,0.0,46.44097900390625,141
2025-07-17T20:32:14.524263,0,18,"[0, 1, 2, 3, 4, 5, 6, 7]",93.01580810546875,38.86456489562988,46.44097900390625,141,93.01580810546875,0.0,46.44097900390625,141
2025-07-17T20:32:14.531405,1,18,"[0, 1, 2, 3, 4, 5, 6, 7]",93.01580810546875,38.86540412902832,46.44097900390625,141,93.01580810546875,0.0,46.44097900390625,141
2025-07-17T20:32:14.538454,2,18,"[0, 1, 2, 3, 4, 5, 6, 7]",93.01580810546875,38.86540412902832,46.44097900390625,141,93.01580810546875,0.0,46.44097900390625,141
2025-07-17T20:32:14.545177,3,18,"[0, 1, 2, 3, 4, 5, 6, 7]",93.01580810546875,38.86540412902832,46.44097900390625,141,93.01580810546875,0.0,46.44097900390625,141
2025-07-17T20:32:14.553261,4,18,"[0, 1, 2, 3, 4, 5, 6, 7]",93.01580810546875,38.86540412902832,46.44097900390625,141,93.01580810546875,0.0,46.44097900390625,141
2025-07-17T20:32:14.555753,0,19,"[0, 1, 2, 3, 4, 5, 6, 7]",93.01580810546875,38.86540412902832,46.44097900390625,141,93.01580810546875,0.0,46.44097900390625,141
2025-07-17T20:32:14.567882,1,19,"[0, 2, 3, 4, 5, 6, 7]",93.01580810546875,38.86540412902832,46.44097900390625,141,93.01580810546875,0.0,46.44097900390625,141
2025-07-17T20:32:14.570160,2,19,"[0, 1, 2, 3, 4, 5, 6, 7]",93.01580810546875,38.86540412902832,46.44097900390625,141,93.01580810546875,0.0,46.44097900390625,141
2025-07-17T20:32:14.578015,3,19,"[0, 2, 3, 4, 5, 6, 7]",93.01580810546875,38.86540412902832,46.44097900390625,141,93.01580810546875,0.0,46.44097900390625,141
2025-07-17T20:32:14.584883,4,19,"[0, 2, 3, 4, 5, 6, 7]",93.01580810546875,38.86540412902832,46.44097900390625,141,93.01580810546875,0.0,46.44097900390625,141
2025-07-17T20:32:14.596280,0,20,"[0, 1, 2, 3, 4, 5, 6, 7]",93.01580810546875,38.86540412902832,46.44097900390625,141,93.01580810546875,0.0,46.44097900390625,141
2025-07-17T20:32:14.598659,1,20,"[0, 1, 2, 3, 4, 5, 6, 7]",93.01580810546875,38.86540412902832,46.44097900390625,141,93.01580810546875,0.0,46.44097900390625,141
2025-07-17T20:32:14.605437,2,20,"[0, 1, 2, 3, 4, 5, 6]",93.01580810546875,38.86540412902832,46.44097900390625,141,93.01580810546875,0.0,46.44097900390625,141
2025-07-17T20:32:14.612883,3,20,"[0, 1, 2, 3, 4, 5, 6, 7]",93.01580810546875,38.86540412902832,46.44097900390625,141,93.01580810546875,0.0,46.44097900390625,141
2025-07-17T20:32:14.619616,4,20,"[0, 1, 2, 3, 4, 5, 6, 7]",93.01580810546875,38.86540412902832,46.44097900390625,141,93.01580810546875,0.0,46.44097900390625,141
2025-07-17T20:32:14.626128,0,21,"[0, 1, 2, 3, 4, 5, 6, 7]",93.01580810546875,38.86540412902832,46.44097900390625,141,93.01580810546875,0.0,46.44097900390625,141
2025-07-17T20:32:14.636682,1,21,"[0, 1, 2, 3, 4, 5, 6, 7]",93.01580810546875,38.86540412902832,46.44097900390625,141,93.01580810546875,0.0,46.44097900390625,141
2025-07-17T20:32:14.643882,2,21,"[0, 1, 2, 3, 4, 5, 6, 7]",93.01580810546875,38.86540412902832,46.44097900390625,141,93.01580810546875,0.0,46.44097900390625,141
2025-07-17T20:32:14.650809,3,21,"[0, 1, 2, 3, 4, 5, 6, 7]",93.01580810546875,38.86540412902832,46.44097900390625,141,93.01580810546875,0.0,46.44097900390625,141
2025-07-17T20:32:14.657880,4,21,"[0, 1, 2, 3, 4, 5, 6, 7]",93.01580810546875,38.86540412902832,46.44097900390625,141,93.01580810546875,0.0,46.44097900390625,141
2025-07-17T20:32:14.665142,0,22,"[0, 1, 2, 3, 4, 5, 6, 7]",93.01580810546875,38.86540412902832,46.44097900390625,141,93.01580810546875,0.0,46.44097900390625,141
2025-07-17T20:32:14.672189,1,22,"[0, 1, 2, 3, 4, 5, 6, 7]",93.01580810546875,38.86540412902832,46.44097900390625,141,93.01580810546875,0.0,46.44097900390625,141
2025-07-17T20:32:14.679545,2,22,"[0, 1, 2, 3, 4, 5, 6, 7]",93.01580810546875,38.86540412902832,46.44097900390625,141,93.01580810546875,0.0,46.44097900390625,141
2025-07-17T20:32:14.686739,3,22,"[0, 1, 2, 3, 4, 5, 6, 7]",93.01580810546875,38.86540412902832,46.44097900390625,141,93.01580810546875,0.0,46.44097900390625,141
2025-07-17T20:32:14.694402,4,22,"[0, 1, 2, 3, 4, 5, 6, 7]",93.01580810546875,38.86540412902832,46.44097900390625,141,93.01580810546875,0.0,46.44097900390625,141
2025-07-17T20:32:14.702310,0,23,"[0, 1, 2, 3, 4, 5, 6, 7]",93.01580810546875,38.86540412902832,46.44097900390625,141,93.01580810546875,0.0,46.44097900390625,141
2025-07-17T20:32:14.704932,1,23,"[0, 1, 2, 3, 4, 5, 6, 7]",93.01580810546875,38.86540412902832,46.44097900390625,141,93.01580810546875,0.0,46.44097900390625,141
2025-07-17T20:32:14.712856,2,23,"[0, 1, 2, 3, 4, 5, 6, 7]",93.01580810546875,38.86540412902832,46.44097900390625,141,93.01580810546875,0.0,46.44097900390625,141
2025-07-17T20:32:14.719581,3,23,"[0, 1, 2, 3, 4, 5, 6, 7]",93.01580810546875,38.86540412902832,46.44097900390625,141,93.01580810546875,0.0,46.44097900390625,141
2025-07-17T20:32:14.731234,4,23,"[0, 1, 2, 3, 4, 5, 6, 7]",93.01580810546875,38.86540412902832,46.44097900390625,141,93.01580810546875,0.0,46.44097900390625,141
2025-07-17T20:32:14.738815,0,24,"[0, 1, 2, 3, 4, 5, 6, 7]",93.01580810546875,38.86482238769531,46.44097900390625,141,93.01580810546875,0.0,46.44097900390625,141
2025-07-17T20:32:14.741994,1,24,"[0, 1, 2, 3, 4, 5, 6, 7]",93.01580810546875,38.86456489562988,46.44097900390625,141,93.01580810546875,0.0,46.44097900390625,141
2025-07-17T20:32:14.749160,2,24,"[0, 1, 2, 3, 4, 5, 6, 7]",93.01580810546875,38.86456489562988,46.44097900390625,141,93.01580810546875,0.0,46.44097900390625,141
2025-07-17T20:32:14.756808,3,24,"[0, 1, 2, 3, 4, 5, 6, 7]",93.01580810546875,38.86456489562988,46.44097900390625,141,93.01580810546875,0.0,46.44097900390625,141
2025-07-17T20:32:14.763187,4,24,"[0, 1, 2, 3, 4, 5, 6, 7]",93.01580810546875,38.86456489562988,46.44097900390625,141,93.01580810546875,0.0,46.44097900390625,141
2025-07-17T20:32:14.771282,0,25,"[0, 1, 2, 3, 4, 5, 6, 7]",93.01580810546875,38.86540412902832,46.44097900390625,141,93.01580810546875,0.0,46.44097900390625,141
2025-07-17T20:32:14.778029,1,25,"[0, 1, 2, 3, 4, 5, 6, 7]",93.01580810546875,38.86540412902832,46.44097900390625,141,93.01580810546875,0.0,46.44097900390625,141
2025-07-17T20:32:14.784714,2,25,"[0, 1, 2, 3, 4, 5, 6, 7]",93.01580810546875,38.86540412902832,46.44097900390625,141,93.01580810546875,0.0,46.44097900390625,141
2025-07-17T20:32:14.792281,3,25,"[0, 1, 2, 3, 4, 5, 6, 7]",93.01580810546875,38.86540412902832,46.44097900390625,141,93.01580810546875,0.0,46.44097900390625,141
2025-07-17T20:32:14.799527,4,25,"[0, 1, 2, 3, 4, 5, 6, 7]",93.01580810546875,38.86540412902832,46.44097900390625,141,93.01580810546875,0.0,46.44097900390625,141
2025-07-17T20:32:14.806179,0,26,"[0, 1, 2, 3, 4, 5, 6, 7]",93.01580810546875,38.86540412902832,46.44097900390625,141,93.01580810546875,0.0,46.44097900390625,141
2025-07-17T20:32:14.812928,1,26,"[0, 1, 2, 3, 4, 5, 6, 7]",93.01580810546875,38.86540412902832,46.44097900390625,141,93.01580810546875,0.0,46.44097900390625,141
2025-07-17T20:32:14.820377,2,26,"[0, 1, 2, 3, 4, 5, 6, 7]",93.01580810546875,38.86540412902832,46.44097900390625,141,93.01580810546875,0.0,46.44097900390625,141
2025-07-17T20:32:14.826739,3,26,"[0, 1, 2, 3, 4, 5, 6, 7]",93.01580810546875,38.86540412902832,46.44097900390625,141,93.01580810546875,0.0,46.44097900390625,141
2025-07-17T20:32:14.833050,4,26,"[0, 1, 2, 3, 4, 5, 6, 7]",93.01580810546875,38.86540412902832,46.44097900390625,141,93.01580810546875,0.0,46.44097900390625,141
2025-07-17T20:32:14.840729,0,27,"[0, 1, 2, 3, 4, 5, 6, 7]",93.01580810546875,38.86540412902832,46.44097900390625,141,93.01580810546875,0.0,46.44097900390625,141
2025-07-17T20:32:14.847758,1,27,"[0, 1, 2, 3, 4, 5, 6, 7]",93.01580810546875,38.86540412902832,46.44097900390625,141,93.01580810546875,0.0,46.44097900390625,141
2025-07-17T20:32:14.854447,2,27,"[0, 1, 2, 3, 4, 5, 6, 7]",93.01580810546875,38.86540412902832,46.44097900390625,141,93.01580810546875,0.0,46.44097900390625,141
2025-07-17T20:32:14.863316,3,27,"[0, 1, 2, 3, 4, 5, 6, 7]",93.01580810546875,38.86540412902832,46.44097900390625,141,93.01580810546875,0.0,46.44097900390625,141
2025-07-17T20:32:14.870343,4,27,"[0, 1, 2, 3, 4, 5, 6, 7]",93.01580810546875,38.86540412902832,46.44097900390625,141,93.01580810546875,0.0,46.44097900390625,141
2025-07-17T20:32:14.877760,0,28,"[0, 1, 2, 3, 4, 5, 6, 7]",93.01580810546875,38.86540412902832,46.44097900390625,141,93.01580810546875,0.0,46.44097900390625,141
2025-07-17T20:32:14.884627,1,28,"[0, 1, 2, 3, 4, 5, 6, 7]",93.01580810546875,38.86540412902832,46.44097900390625,141,93.01580810546875,0.0,46.44097900390625,141
2025-07-17T20:32:14.895878,2,28,"[0, 1, 2, 3, 4, 5, 6, 7]",93.01580810546875,38.86540412902832,46.44097900390625,141,93.01580810546875,0.0,46.44097900390625,141
2025-07-17T20:32:14.898909,3,28,"[0, 1, 2, 3, 4, 5, 6, 7]",93.01580810546875,38.86540412902832,46.44097900390625,141,93.01580810546875,0.0,46.44097900390625,141
2025-07-17T20:32:14.906146,4,28,"[0, 1, 2, 3, 4, 5, 6, 7]",93.01580810546875,38.86540412902832,46.44097900390625,141,93.01580810546875,0.0,46.44097900390625,141
2025-07-17T20:32:14.913137,0,29,"[0, 1, 2, 3, 4, 5, 6, 7]",93.01580810546875,38.86540412902832,46.44097900390625,141,93.01580810546875,0.0,46.44097900390625,141
2025-07-17T20:32:14.919645,1,29,"[1, 2, 3, 4, 5, 6, 7]",93.01580810546875,38.86540412902832,46.44097900390625,141,93.01580810546875,0.0,46.44097900390625,141
2025-07-17T20:32:14.925970,2,29,"[0, 1, 2, 3, 4, 5, 6, 7]",93.01580810546875,38.86540412902832,46.44097900390625,141,93.01580810546875,0.0,46.44097900390625,141
2025-07-17T20:32:14.933342,3,29,"[1, 2, 3, 4, 5, 6, 7]",93.01580810546875,38.86540412902832,46.44097900390625,141,93.01580810546875,0.0,46.44097900390625,141
2025-07-17T20:32:14.940783,4,29,"[1, 2, 3, 4, 5, 6, 7]",93.01580810546875,38.86540412902832,46.44097900390625,141,93.01580810546875,0.0,46.44097900390625,141
2025-07-17T20:32:14.947851,0,30,"[0, 1, 2, 3, 4, 5, 6, 7]",93.01580810546875,38.86540412902832,46.44097900390625,141,93.01580810546875,0.0,46.44097900390625,141
2025-07-17T20:32:14.954277,1,30,"[0, 1, 2, 3, 4, 5, 6, 7]",93.01580810546875,38.86540412902832,46.44097900390625,141,93.01580810546875,0.0,46.44097900390625,141
2025-07-17T20:32:14.965326,2,30,"[0, 1, 2, 3, 4, 5, 6, 7]",93.01580810546875,38.86540412902832,46.44097900390625,141,93.01580810546875,0.0,46.44097900390625,141
2025-07-17T20:32:14.967965,3,30,"[0, 1, 2, 3, 4, 5, 6, 7]",93.01580810546875,38.86540412902832,46.44097900390625,141,93.01580810546875,0.0,46.44097900390625,141
2025-07-17T20:32:14.974815,4,30,"[0, 1, 2, 3, 4, 5, 6, 7]",93.01580810546875,38.86540412902832,46.44097900390625,141,93.01580810546875,0.0,46.44097900390625,141
2025-07-17T20:32:14.982846,0,31,"[0, 1, 2, 3, 4, 5, 6, 7]",93.01580810546875,38.87204074859619,46.44097900390625,141,93.01580810546875,0.0,46.44097900390625,141
2025-07-17T20:32:14.990785,1,31,"[0, 1, 2, 3, 4, 5, 6, 7]",93.01580810546875,38.8688325881958,46.44097900390625,141,93.01580810546875,0.0,46.44097900390625,141
2025-07-17T20:32:14.999336,2,31,"[0, 1, 2, 3, 4, 5, 6, 7]",93.01580810546875,38.86562442779541,46.44097900390625,141,93.01580810546875,0.0,46.44097900390625,141
2025-07-17T20:32:15.012308,3,31,"[0, 1, 2, 3, 4, 5, 6, 7]",93.01580810546875,38.86299800872803,46.44097900390625,141,93.01580810546875,0.0,46.44097900390625,141
2025-07-17T20:32:15.014889,4,31,"[0, 1, 2, 3, 4, 5, 6, 7]",93.01580810546875,38.86002254486084,46.44097900390625,141,93.01580810546875,0.0,46.44097900390625,141
2025-07-17T20:32:15.031963,0,0,"[0, 1, 2, 3, 4, 5, 6, 7]",93.01580810546875,38.85531425476074,46.44097900390625,141,93.01580810546875,0.0,46.44097900390625,141
2025-07-17T20:32:15.034484,1,0,"[0, 1, 2, 3, 4, 5, 6, 7]",93.01580810546875,38.85852241516113,46.44097900390625,141,93.01580810546875,0.0,46.44097900390625,141
2025-07-17T20:32:15.041722,2,0,"[0, 1, 2, 3, 4, 5, 6, 7]",93.01580810546875,38.86149787902832,46.44097900390625,141,93.01580810546875,0.0,46.44097900390625,141
2025-07-17T20:32:15.049977,3,0,"[0, 1, 2, 3, 4, 5, 6, 7]",93.01580810546875,38.86438179016113,46.44097900390625,141,93.01580810546875,0.0,46.44097900390625,141
2025-07-17T20:32:15.058812,4,0,"[0, 1, 2, 3, 4, 5, 6, 7]",93.01580810546875,38.86540412902832,46.44097900390625,141,93.01580810546875,0.0,46.44097900390625,141
2025-07-17T20:32:15.066212,0,1,"[0, 1, 2, 3, 4, 5, 6, 7]",93.01580810546875,38.86540412902832,46.44097900390625,141,93.01580810546875,0.0,46.44097900390625,141
2025-07-17T20:32:15.072909,1,1,"[0, 1, 2, 3, 4, 5, 6, 7]",93.01580810546875,38.86540412902832,46.44097900390625,141,93.01580810546875,0.0,46.44097900390625,141
2025-07-17T20:32:15.084623,2,1,"[0, 1, 2, 3, 4, 5, 6, 7]",93.01580810546875,38.86540412902832,46.44097900390625,141,93.01580810546875,0.0,46.44097900390625,141
2025-07-17T20:32:15.087256,3,1,"[0, 1, 2, 3, 4, 5, 6, 7]",93.01580810546875,38.86540412902832,46.44097900390625,141,93.01580810546875,0.0,46.44097900390625,141
2025-07-17T20:32:15.095567,4,1,"[0, 1, 2, 3, 4, 5, 6, 7]",93.01580810546875,38.86540412902832,46.44097900390625,141,93.01580810546875,0.0,46.44097900390625,141
2025-07-17T20:32:15.107298,0,2,"[0, 1, 2, 3, 4, 5, 6, 7]",93.01580810546875,38.86540412902832,46.44097900390625,141,93.01580810546875,0.0,46.44097900390625,141
2025-07-17T20:32:15.115037,1,2,"[0, 1, 2, 3, 4, 5, 6, 7]",93.01580810546875,38.86540412902832,46.44097900390625,141,93.01580810546875,0.0,46.44097900390625,141
2025-07-17T20:32:15.117089,2,2,"[0, 1, 2, 3, 4, 5, 6, 7]",93.01580810546875,38.86540412902832,46.44097900390625,141,93.01580810546875,0.0,46.44097900390625,141
2025-07-17T20:32:15.124372,3,2,"[0, 1, 2, 3, 4, 5, 6, 7]",93.01580810546875,38.86540412902832,46.44097900390625,141,93.01580810546875,0.0,46.44097900390625,141
2025-07-17T20:32:15.136612,4,2,"[0, 1, 2, 3, 4, 5, 6, 7]",93.01580810546875,38.86540412902832,46.44097900390625,141,93.01580810546875,0.0,46.44097900390625,141
2025-07-17T20:32:15.144987,0,3,"[0, 1, 2, 3, 4, 5, 6, 7]",93.01580810546875,38.86540412902832,46.44097900390625,141,93.01580810546875,0.0,46.44097900390625,141
2025-07-17T20:32:15.153238,1,3,"[1, 2, 3, 4, 5, 6, 7]",93.01580810546875,38.86540412902832,46.44097900390625,141,93.01580810546875,0.0,46.44097900390625,141
2025-07-17T20:32:15.155897,2,3,"[0, 1, 2, 3, 4, 5, 6, 7]",93.01580810546875,38.86540412902832,46.44097900390625,141,93.01580810546875,0.0,46.44097900390625,141
2025-07-17T20:32:15.167613,3,3,"[1, 2, 3, 4, 5, 6, 7]",93.01580810546875,38.86540412902832,46.44097900390625,141,93.01580810546875,0.0,46.44097900390625,141
2025-07-17T20:32:15.174851,4,3,"[1, 2, 3, 4, 5, 6, 7]",93.01580810546875,38.86540412902832,46.44097900390625,141,93.01580810546875,0.0,46.44097900390625,141
2025-07-17T20:32:15.181971,0,4,"[0, 1, 2, 3, 4, 5, 6, 7]",93.01580810546875,38.86540412902832,46.44097900390625,141,93.01580810546875,0.0,46.44097900390625,141
2025-07-17T20:32:15.188701,1,4,"[0, 1, 2, 3, 4, 5, 6]",93.01580810546875,38.86540412902832,46.44097900390625,141,93.01580810546875,0.0,46.44097900390625,141
2025-07-17T20:32:15.195385,2,4,"[0, 1, 2, 3, 4, 5, 6, 7]",93.01580810546875,38.86540412902832,46.44097900390625,141,93.01580810546875,0.0,46.44097900390625,141
2025-07-17T20:32:15.202598,3,4,"[0, 1, 2, 3, 4, 5, 6]",93.01580810546875,38.86540412902832,46.44097900390625,141,93.01580810546875,0.0,46.44097900390625,141
2025-07-17T20:32:15.209909,4,4,"[0, 1, 2, 3, 4, 5, 6]",93.01580810546875,38.86540412902832,46.44097900390625,141,93.01580810546875,0.0,46.44097900390625,141
2025-07-17T20:32:15.217596,0,5,"[0, 1, 2, 3, 4, 5, 6, 7]",93.01580810546875,38.86540412902832,46.44097900390625,141,93.01580810546875,0.0,46.44097900390625,141
2025-07-17T20:32:15.225235,1,5,"[0, 1, 2, 3, 4, 5, 6, 7]",93.01580810546875,38.86540412902832,46.44097900390625,141,93.01580810546875,0.0,46.44097900390625,141
2025-07-17T20:32:15.232445,2,5,"[0, 1, 2, 3, 4, 5, 6, 7]",93.01580810546875,38.86540412902832,46.44097900390625,141,93.01580810546875,0.0,46.44097900390625,141
2025-07-17T20:32:15.239564,3,5,"[0, 1, 2, 3, 4, 5, 6, 7]",93.01580810546875,38.86540412902832,46.44097900390625,141,93.01580810546875,0.0,46.44097900390625,141
2025-07-17T20:32:15.246230,4,5,"[0, 1, 2, 3, 4, 5, 6, 7]",93.01580810546875,38.86540412902832,46.44097900390625,141,93.01580810546875,0.0,46.44097900390625,141
2025-07-17T20:32:15.253203,0,6,"[0, 1, 2, 3, 4, 5, 6, 7]",93.01580810546875,38.86540412902832,46.44097900390625,141,93.01580810546875,0.0,46.44097900390625,141
2025-07-17T20:32:15.257834,1,6,"[0, 2, 3, 4, 5, 6, 7]",93.01580810546875,38.86482238769531,46.44097900390625,141,93.01580810546875,0.0,46.44097900390625,141
2025-07-17T20:32:15.269257,2,6,"[0, 2, 3, 4, 5, 6, 7]",93.01580810546875,38.86482238769531,46.44097900390625,141,93.01580810546875,0.0,46.44097900390625,141
2025-07-17T20:32:15.276415,3,6,"[0, 2, 3, 4, 5, 6, 7]",93.01580810546875,38.86456489562988,46.44097900390625,141,93.01580810546875,0.0,46.44097900390625,141
2025-07-17T20:32:15.283622,4,6,"[0, 2, 3, 4, 5, 6, 7]",93.01580810546875,38.86456489562988,46.44097900390625,141,93.01580810546875,0.0,46.44097900390625,141
2025-07-17T20:32:15.290768,0,7,"[0, 1, 2, 3, 4, 5, 6, 7]",93.01580810546875,38.86456489562988,46.44097900390625,141,93.01580810546875,0.0,46.44097900390625,141
2025-07-17T20:32:15.297638,1,7,"[0, 1, 2, 3, 4, 5, 6]",93.01580810546875,38.86540412902832,46.44097900390625,141,93.01580810546875,0.0,46.44097900390625,141
2025-07-17T20:32:15.305126,2,7,"[0, 1, 2, 3, 4, 5, 6, 7]",93.01580810546875,38.86540412902832,46.44097900390625,141,93.01580810546875,0.0,46.44097900390625,141
2025-07-17T20:32:15.311399,3,7,"[0, 1, 2, 3, 4, 5, 6]",93.01580810546875,38.86540412902832,46.44097900390625,141,93.01580810546875,0.0,46.44097900390625,141
2025-07-17T20:32:15.319116,4,7,"[0, 1, 2, 3, 4, 5, 6]",93.01580810546875,38.86540412902832,46.44097900390625,141,93.01580810546875,0.0,46.44097900390625,141
2025-07-17T20:32:15.326162,0,8,"[0, 1, 2, 3, 4, 5, 6, 7]",93.01580810546875,38.86540412902832,46.44097900390625,141,93.01580810546875,0.0,46.44097900390625,141
2025-07-17T20:32:15.332870,1,8,"[0, 1, 2, 3, 4, 5, 6]",93.01580810546875,38.86540412902832,46.44097900390625,141,93.01580810546875,0.0,46.44097900390625,141
2025-07-17T20:32:15.339834,2,8,"[1, 2, 3, 4, 5, 6, 7]",93.01580810546875,38.86540412902832,46.44097900390625,141,93.01580810546875,0.0,46.44097900390625,141
2025-07-17T20:32:15.346800,3,8,"[0, 1, 2, 3, 4, 5, 6]",93.01580810546875,38.86540412902832,46.44097900390625,141,93.01580810546875,0.0,46.44097900390625,141
2025-07-17T20:32:15.353806,4,8,"[0, 1, 2, 3, 4, 5, 6]",93.01580810546875,38.86540412902832,46.44097900390625,141,93.01580810546875,0.0,46.44097900390625,141
2025-07-17T20:32:15.360646,0,9,"[0, 1, 2, 3, 4, 5, 6, 7]",93.01580810546875,38.86540412902832,46.44097900390625,141,93.01580810546875,0.0,46.44097900390625,141
2025-07-17T20:32:15.368986,1,9,"[0, 1, 2, 3, 4, 5, 7]",93.01580810546875,38.86456489562988,46.44097900390625,141,93.01580810546875,0.0,46.44097900390625,141
2025-07-17T20:32:15.376740,2,9,"[0, 1, 2, 3, 4, 5, 6, 7]",93.01580810546875,38.86456489562988,46.44097900390625,141,93.01580810546875,0.0,46.44097900390625,141
2025-07-17T20:32:15.379528,3,9,"[0, 1, 2, 3, 4, 5, 7]",93.01580810546875,38.86456489562988,46.44097900390625,141,93.01580810546875,0.0,46.44097900390625,141
2025-07-17T20:32:15.386660,4,9,"[0, 1, 2, 3, 4, 5, 7]",93.01580810546875,38.86456489562988,46.44097900390625,141,93.01580810546875,0.0,46.44097900390625,141
2025-07-17T20:32:15.393622,0,10,"[0, 1, 2, 3, 4, 5, 6, 7]",93.01580810546875,38.86456489562988,46.44097900390625,141,93.01580810546875,0.0,46.44097900390625,141
2025-07-17T20:32:15.401086,1,10,"[0, 1, 2, 3, 4, 5, 6]",93.01580810546875,38.86540412902832,46.44097900390625,141,93.01580810546875,0.0,46.44097900390625,141
2025-07-17T20:32:15.414058,2,10,"[0, 1, 2, 3, 4, 5, 6, 7]",93.01580810546875,38.86540412902832,46.44097900390625,141,93.01580810546875,0.0,46.44097900390625,141
2025-07-17T20:32:15.416326,3,10,"[0, 1, 2, 3, 4, 5, 6]",93.01580810546875,38.86540412902832,46.44097900390625,141,93.01580810546875,0.0,46.44097900390625,141
2025-07-17T20:32:15.429057,4,10,"[0, 1, 2, 3, 4, 5, 6]",93.01580810546875,38.86540412902832,46.44097900390625,141,93.01580810546875,0.0,46.44097900390625,141
2025-07-17T20:32:15.431657,0,11,"[0, 1, 2, 3, 4, 5, 6, 7]",93.01580810546875,38.86540412902832,46.44097900390625,141,93.01580810546875,0.0,46.44097900390625,141
2025-07-17T20:32:15.443735,1,11,"[0, 1, 2, 4, 5, 6, 7]",93.01580810546875,38.86540412902832,46.44097900390625,141,93.01580810546875,0.0,46.44097900390625,141
2025-07-17T20:32:15.445843,2,11,"[0, 1, 2, 3, 4, 5, 6, 7]",93.01580810546875,38.86540412902832,46.44097900390625,141,93.01580810546875,0.0,46.44097900390625,141
2025-07-17T20:32:15.453430,3,11,"[0, 1, 2, 4, 5, 6, 7]",93.01580810546875,38.86540412902832,46.44097900390625,141,93.01580810546875,0.0,46.44097900390625,141
2025-07-17T20:32:15.461342,4,11,"[0, 1, 2, 4, 5, 6, 7]",93.01580810546875,38.86540412902832,46.44097900390625,141,93.01580810546875,0.0,46.44097900390625,141
2025-07-17T20:32:15.467719,0,12,"[0, 1, 2, 3, 4, 5, 6, 7]",93.01580810546875,38.86540412902832,46.44097900390625,141,93.01580810546875,0.0,46.44097900390625,141
2025-07-17T20:32:15.475350,1,12,"[0, 1, 3, 4, 5, 6]",93.01580810546875,38.86540412902832,46.44097900390625,141,93.01580810546875,0.0,46.44097900390625,141
2025-07-17T20:32:15.482281,2,12,"[0, 1, 2, 3, 4, 5, 6, 7]",93.01580810546875,38.86540412902832,46.44097900390625,141,93.01580810546875,0.0,46.44097900390625,141
2025-07-17T20:32:15.489664,3,12,"[0, 1, 3, 4, 5, 6]",93.01580810546875,38.86540412902832,46.44097900390625,141,93.01580810546875,0.0,46.44097900390625,141
2025-07-17T20:32:15.496208,4,12,"[0, 1, 3, 4, 5, 6]",93.01580810546875,38.86540412902832,46.44097900390625,141,93.01580810546875,0.0,46.44097900390625,141
2025-07-17T20:32:15.503955,0,13,"[0, 1, 2, 3, 4, 5, 6, 7]",93.01580810546875,38.86540412902832,46.44097900390625,141,93.01580810546875,0.0,46.44097900390625,141
2025-07-17T20:32:15.510118,1,13,"[0, 1, 2, 3, 4, 5, 6, 7]",93.01580810546875,38.86540412902832,46.44097900390625,141,93.01580810546875,0.0,46.44097900390625,141
2025-07-17T20:32:15.516650,2,13,"[0, 1, 2, 3, 4, 5, 6, 7]",93.01580810546875,38.86540412902832,46.44097900390625,141,93.01580810546875,0.0,46.44097900390625,141
2025-07-17T20:32:15.523558,3,13,"[0, 1, 2, 3, 4, 5, 6, 7]",93.01580810546875,38.86540412902832,46.44097900390625,141,93.01580810546875,0.0,46.44097900390625,141
2025-07-17T20:32:15.536947,4,13,"[0, 1, 2, 3, 4, 5, 6, 7]",93.01580810546875,38.86540412902832,46.44097900390625,141,93.01580810546875,0.0,46.44097900390625,141
2025-07-17T20:32:15.539505,0,14,"[0, 1, 2, 3, 4, 5, 6, 7]",93.01580810546875,38.86540412902832,46.44097900390625,141,93.01580810546875,0.0,46.44097900390625,141
2025-07-17T20:32:15.545794,1,14,"[0, 1, 2, 3, 4, 5, 6, 7]",93.01580810546875,38.86540412902832,46.44097900390625,141,93.01580810546875,0.0,46.44097900390625,141
2025-07-17T20:32:15.556436,2,14,"[0, 1, 2, 3, 4, 5, 6, 7]",93.01580810546875,38.86540412902832,46.44097900390625,141,93.01580810546875,0.0,46.44097900390625,141
2025-07-17T20:32:15.563752,3,14,"[0, 1, 2, 3, 4, 5, 6, 7]",93.01580810546875,38.86540412902832,46.44097900390625,141,93.01580810546875,0.0,46.44097900390625,141
2025-07-17T20:32:15.571014,4,14,"[0, 1, 2, 3, 4, 5, 6, 7]",93.01580810546875,38.86540412902832,46.44097900390625,141,93.01580810546875,0.0,46.44097900390625,141
2025-07-17T20:32:15.577700,0,15,"[0, 1, 2, 3, 4, 5, 6, 7]",93.01580810546875,38.86540412902832,46.44097900390625,141,93.01580810546875,0.0,46.44097900390625,141
2025-07-17T20:32:15.585142,1,15,"[0, 1, 2, 3, 4, 5, 6, 7]",93.01580810546875,38.86540412902832,46.44097900390625,141,93.01580810546875,0.0,46.44097900390625,141
2025-07-17T20:32:15.591830,2,15,"[0, 1, 2, 3, 4, 5, 6, 7]",93.01580810546875,38.86540412902832,46.44097900390625,141,93.01580810546875,0.0,46.44097900390625,141
2025-07-17T20:32:15.598827,3,15,"[0, 1, 2, 3, 4, 5, 6, 7]",93.01580810546875,38.86540412902832,46.44097900390625,141,93.01580810546875,0.0,46.44097900390625,141
2025-07-17T20:32:15.605444,4,15,"[0, 1, 2, 3, 4, 5, 6, 7]",93.01580810546875,38.86540412902832,46.44097900390625,141,93.01580810546875,0.0,46.44097900390625,141
2025-07-17T20:32:15.612595,0,16,"[0, 1, 3, 4, 5, 6, 7]",93.01580810546875,38.86540412902832,46.44097900390625,141,93.01580810546875,0.0,46.44097900390625,141
2025-07-17T20:32:15.619756,1,16,"[0, 1, 3, 4, 5, 6, 7]",93.01580810546875,38.86540412902832,46.44097900390625,141,93.01580810546875,0.0,46.44097900390625,141
2025-07-17T20:32:15.628890,2,16,"[0, 1, 2, 3, 4, 5, 6, 7]",93.01580810546875,38.86540412902832,46.44097900390625,141,93.01580810546875,0.0,46.44097900390625,141
2025-07-17T20:32:15.631173,3,16,"[0, 1, 3, 4, 5, 6, 7]",93.01580810546875,38.86540412902832,46.44097900390625,141,93.01580810546875,0.0,46.44097900390625,141
2025-07-17T20:32:15.638420,4,16,"[0, 1, 3, 4, 5, 6, 7]",93.01580810546875,38.86540412902832,46.44097900390625,141,93.01580810546875,0.0,46.44097900390625,141
2025-07-17T20:32:15.645873,0,17,"[0, 1, 2, 3, 4, 5, 6, 7]",93.01580810546875,38.86540412902832,46.44097900390625,141,93.01580810546875,0.0,46.44097900390625,141
2025-07-17T20:32:15.653570,1,17,"[0, 1, 2, 4, 5, 6, 7]",93.01580810546875,38.86540412902832,46.44097900390625,141,93.01580810546875,0.0,46.44097900390625,141
2025-07-17T20:32:15.660775,2,17,"[0, 1, 2, 3, 4, 5, 6, 7]",93.01580810546875,38.86540412902832,46.44097900390625,141,93.01580810546875,0.0,46.44097900390625,141
2025-07-17T20:32:15.667472,3,17,"[0, 1, 2, 4, 5, 6, 7]",93.01580810546875,38.86540412902832,46.44097900390625,141,93.01580810546875,0.0,46.44097900390625,141
2025-07-17T20:32:15.676846,4,17,"[0, 1, 2, 4, 5, 6, 7]",93.01580810546875,38.86540412902832,46.44097900390625,141,93.01580810546875,0.0,46.44097900390625,141
2025-07-17T20:32:15.683648,0,18,"[0, 1, 2, 3, 4, 5, 6, 7]",93.01580810546875,38.86540412902832,46.44097900390625,141,93.01580810546875,0.0,46.44097900390625,141
2025-07-17T20:32:15.690840,1,18,"[0, 1, 2, 3, 4, 5, 6, 7]",93.01580810546875,38.86540412902832,46.44097900390625,141,93.01580810546875,0.0,46.44097900390625,141
2025-07-17T20:32:15.698369,2,18,"[0, 1, 2, 3, 4, 5, 6, 7]",93.01580810546875,38.86540412902832,46.44097900390625,141,93.01580810546875,0.0,46.44097900390625,141
2025-07-17T20:32:15.710198,3,18,"[0, 1, 2, 3, 4, 5, 6, 7]",93.01580810546875,38.86540412902832,46.44097900390625,141,93.01580810546875,0.0,46.44097900390625,141
2025-07-17T20:32:15.712479,4,18,"[0, 1, 2, 3, 4, 5, 6, 7]",93.01580810546875,38.86540412902832,46.44097900390625,141,93.01580810546875,0.0,46.44097900390625,141
2025-07-17T20:32:15.719479,0,19,"[0, 1, 2, 3, 4, 5, 6, 7]",93.01580810546875,38.86540412902832,46.44097900390625,141,93.01580810546875,0.0,46.44097900390625,141
2025-07-17T20:32:15.726038,1,19,"[0, 1, 2, 3, 4, 5, 6, 7]",93.01580810546875,38.86540412902832,46.44097900390625,141,93.01580810546875,0.0,46.44097900390625,141
2025-07-17T20:32:15.733408,2,19,"[0, 1, 2, 3, 4, 5, 6, 7]",93.01580810546875,38.86540412902832,46.44097900390625,141,93.01580810546875,0.0,46.44097900390625,141
2025-07-17T20:32:15.739819,3,19,"[0, 1, 2, 3, 4, 5, 6, 7]",93.01580810546875,38.86540412902832,46.44097900390625,141,93.01580810546875,0.0,46.44097900390625,141
2025-07-17T20:32:15.747139,4,19,"[0, 1, 2, 3, 4, 5, 6, 7]",93.01580810546875,38.86540412902832,46.44097900390625,141,93.01580810546875,0.0,46.44097900390625,141
2025-07-17T20:32:15.759877,0,20,"[0, 1, 2, 3, 4, 5, 6, 7]",93.01580810546875,38.86540412902832,46.44097900390625,141,93.01580810546875,0.0,46.44097900390625,141
2025-07-17T20:32:15.762141,1,20,"[0, 1, 2, 3, 4, 5, 6, 7]",93.01580810546875,38.86540412902832,46.44097900390625,141,93.01580810546875,0.0,46.44097900390625,141
2025-07-17T20:32:15.770747,2,20,"[0, 1, 2, 3, 4, 5, 6, 7]",93.01580810546875,38.86540412902832,46.44097900390625,141,93.01580810546875,0.0,46.44097900390625,141
2025-07-17T20:32:15.777403,3,20,"[0, 1, 2, 3, 4, 5, 6, 7]",93.01580810546875,38.86540412902832,46.44097900390625,141,93.01580810546875,0.0,46.44097900390625,141
2025-07-17T20:32:15.783669,4,20,"[0, 1, 2, 3, 4, 5, 6, 7]",93.01580810546875,38.86540412902832,46.44097900390625,141,93.01580810546875,0.0,46.44097900390625,141
2025-07-17T20:32:15.790752,0,21,"[0, 1, 2, 3, 4, 5, 6, 7]",93.01580810546875,38.86540412902832,46.44097900390625,141,93.01580810546875,0.0,46.44097900390625,141
2025-07-17T20:32:15.803367,1,21,"[0, 1, 2, 3, 4, 5, 6, 7]",93.01580810546875,38.86540412902832,46.44097900390625,141,93.01580810546875,0.0,46.44097900390625,141
2025-07-17T20:32:15.805967,2,21,"[0, 1, 2, 3, 4, 5, 7]",93.01580810546875,38.86540412902832,46.44097900390625,141,93.01580810546875,0.0,46.44097900390625,141
2025-07-17T20:32:15.819244,3,21,"[0, 1, 2, 3, 4, 5, 6, 7]",93.01580810546875,38.86540412902832,46.44097900390625,141,93.01580810546875,0.0,46.44097900390625,141
2025-07-17T20:32:15.821757,4,21,"[0, 1, 2, 3, 4, 5, 6, 7]",93.01580810546875,38.86540412902832,46.44097900390625,141,93.01580810546875,0.0,46.44097900390625,141
2025-07-17T20:32:15.828792,0,22,"[0, 1, 2, 3, 4, 5, 6, 7]",93.01580810546875,38.86540412902832,46.44097900390625,141,93.01580810546875,0.0,46.44097900390625,141
2025-07-17T20:32:15.835577,1,22,"[0, 1, 2, 3, 4, 5, 6, 7]",93.01580810546875,38.86540412902832,46.44097900390625,141,93.01580810546875,0.0,46.44097900390625,141
2025-07-17T20:32:15.847062,2,22,"[0, 1, 2, 3, 4, 5, 6, 7]",93.01580810546875,38.86540412902832,46.44097900390625,141,93.01580810546875,0.0,46.44097900390625,141
2025-07-17T20:32:15.854196,3,22,"[0, 1, 2, 3, 4, 5, 6, 7]",93.01580810546875,38.86540412902832,46.44097900390625,141,93.01580810546875,0.0,46.44097900390625,141
2025-07-17T20:32:15.861269,4,22,"[0, 1, 2, 3, 4, 5, 6, 7]",93.01580810546875,38.86540412902832,46.44097900390625,141,93.01580810546875,0.0,46.44097900390625,141
2025-07-17T20:32:15.869495,0,23,"[0, 1, 2, 3, 4, 5, 6, 7]",93.01580810546875,38.86482238769531,46.44097900390625,141,93.01580810546875,0.0,46.44097900390625,141
2025-07-17T20:32:15.876251,1,23,"[0, 1, 2, 3, 4, 5, 6, 7]",93.01580810546875,38.86456489562988,46.44097900390625,141,93.01580810546875,0.0,46.44097900390625,141
2025-07-17T20:32:15.883658,2,23,"[0, 1, 2, 3, 4, 5, 6, 7]",93.01580810546875,38.86456489562988,46.44097900390625,141,93.01580810546875,0.0,46.44097900390625,141
2025-07-17T20:32:15.891000,3,23,"[0, 1, 2, 3, 4, 5, 6, 7]",93.01580810546875,38.86456489562988,46.44097900390625,141,93.01580810546875,0.0,46.44097900390625,141
2025-07-17T20:32:15.897738,4,23,"[0, 1, 2, 3, 4, 5, 6, 7]",93.01580810546875,38.86456489562988,46.44097900390625,141,93.01580810546875,0.0,46.44097900390625,141
2025-07-17T20:32:15.904653,0,24,"[0, 1, 2, 3, 4, 5, 6, 7]",93.01580810546875,38.86540412902832,46.44097900390625,141,93.01580810546875,0.0,46.44097900390625,141
2025-07-17T20:32:15.912081,1,24,"[1, 2, 3, 4, 5, 6, 7]",93.01580810546875,38.86540412902832,46.44097900390625,141,93.01580810546875,0.0,46.44097900390625,141
2025-07-17T20:32:15.918893,2,24,"[0, 1, 2, 3, 4, 5, 6, 7]",93.01580810546875,38.86540412902832,46.44097900390625,141,93.01580810546875,0.0,46.44097900390625,141
2025-07-17T20:32:15.927064,3,24,"[1, 2, 3, 4, 5, 6, 7]",93.01580810546875,38.86540412902832,46.44097900390625,141,93.01580810546875,0.0,46.44097900390625,141
2025-07-17T20:32:15.930016,4,24,"[1, 2, 3, 4, 5, 6, 7]",93.01580810546875,38.86540412902832,46.44097900390625,141,93.01580810546875,0.0,46.44097900390625,141
2025-07-17T20:32:15.937096,0,25,"[0, 1, 2, 3, 4, 5, 6, 7]",93.01580810546875,38.86540412902832,46.44097900390625,141,93.01580810546875,0.0,46.44097900390625,141
2025-07-17T20:32:15.943714,1,25,"[0, 1, 2, 4, 5, 6, 7]",93.01580810546875,38.86540412902832,46.44097900390625,141,93.01580810546875,0.0,46.44097900390625,141
2025-07-17T20:32:15.957236,2,25,"[0, 1, 2, 3, 4, 5, 6, 7]",93.01580810546875,38.86540412902832,46.44097900390625,141,93.01580810546875,0.0,46.44097900390625,141
2025-07-17T20:32:15.959603,3,25,"[0, 1, 2, 4, 5, 6, 7]",93.01580810546875,38.86540412902832,46.44097900390625,141,93.01580810546875,0.0,46.44097900390625,141
2025-07-17T20:32:15.966312,4,25,"[0, 1, 2, 4, 5, 6, 7]",93.01580810546875,38.86540412902832,46.44097900390625,141,93.01580810546875,0.0,46.44097900390625,141
2025-07-17T20:32:15.978571,0,26,"[0, 1, 2, 3, 4, 5, 6, 7]",93.01580810546875,38.86540412902832,46.44097900390625,141,93.01580810546875,0.0,46.44097900390625,141
2025-07-17T20:32:15.980922,1,26,"[0, 1, 2, 3, 4, 5, 7]",93.01580810546875,38.86540412902832,46.44097900390625,141,93.01580810546875,0.0,46.44097900390625,141
2025-07-17T20:32:15.987784,2,26,"[0, 1, 2, 3, 4, 5, 6, 7]",93.01580810546875,38.86540412902832,46.44097900390625,141,93.01580810546875,0.0,46.44097900390625,141
2025-07-17T20:32:15.995182,3,26,"[0, 1, 2, 3, 4, 5, 7]",93.01580810546875,38.86540412902832,46.44097900390625,141,93.01580810546875,0.0,46.44097900390625,141
2025-07-17T20:32:16.004122,4,26,"[0, 1, 2, 3, 4, 5, 7]",93.01580810546875,38.86540412902832,46.44097900390625,141,93.01580810546875,0.0,46.44097900390625,141
2025-07-17T20:32:16.010844,0,27,"[0, 1, 2, 3, 4, 5, 6, 7]",93.01580810546875,38.86540412902832,46.44097900390625,141,93.01580810546875,0.0,46.44097900390625,141
2025-07-17T20:32:16.018243,1,27,"[0, 1, 2, 3, 4, 5, 6, 7]",93.01580810546875,38.86540412902832,46.44097900390625,141,93.01580810546875,0.0,46.44097900390625,141
2025-07-17T20:32:16.025512,2,27,"[0, 1, 2, 3, 4, 5, 6, 7]",93.01580810546875,38.86540412902832,46.44097900390625,141,93.01580810546875,0.0,46.44097900390625,141
2025-07-17T20:32:16.037828,3,27,"[0, 1, 2, 3, 4, 5, 6, 7]",93.01580810546875,38.86540412902832,46.44097900390625,141,93.01580810546875,0.0,46.44097900390625,141
2025-07-17T20:32:16.040087,4,27,"[0, 1, 2, 3, 4, 5, 6, 7]",93.01580810546875,38.86540412902832,46.44097900390625,141,93.01580810546875,0.0,46.44097900390625,141
2025-07-17T20:32:16.047141,0,28,"[0, 1, 2, 3, 4, 5, 6, 7]",93.01580810546875,38.86540412902832,46.44097900390625,141,93.01580810546875,0.0,46.44097900390625,141
2025-07-17T20:32:16.053572,1,28,"[0, 1, 2, 3, 4, 5, 6, 7]",93.01580810546875,38.86540412902832,46.44097900390625,141,93.01580810546875,0.0,46.44097900390625,141
2025-07-17T20:32:16.064897,2,28,"[0, 1, 2, 3, 4, 5, 6, 7]",93.01580810546875,38.86540412902832,46.44097900390625,141,93.01580810546875,0.0,46.44097900390625,141
2025-07-17T20:32:16.072547,3,28,"[0, 1, 2, 3, 4, 5, 6, 7]",93.01580810546875,38.86540412902832,46.44097900390625,141,93.01580810546875,0.0,46.44097900390625,141
2025-07-17T20:32:16.074604,4,28,"[0, 1, 2, 3, 4, 5, 6, 7]",93.01580810546875,38.86540412902832,46.44097900390625,141,93.01580810546875,0.0,46.44097900390625,141
2025-07-17T20:32:16.082058,0,29,"[0, 1, 2, 3, 4, 5, 6, 7]",93.01580810546875,38.86540412902832,46.44097900390625,141,93.01580810546875,0.0,46.44097900390625,141
2025-07-17T20:32:16.089558,1,29,"[0, 1, 2, 3, 4, 5, 6, 7]",93.01580810546875,38.86540412902832,46.44097900390625,141,93.01580810546875,0.0,46.44097900390625,141
2025-07-17T20:32:16.096391,2,29,"[0, 1, 2, 3, 4, 5, 6, 7]",93.01580810546875,38.86540412902832,46.44097900390625,141,93.01580810546875,0.0,46.44097900390625,141
2025-07-17T20:32:16.103837,3,29,"[0, 1, 2, 3, 4, 5, 6, 7]",93.01580810546875,38.86540412902832,46.44097900390625,141,93.01580810546875,0.0,46.44097900390625,141
2025-07-17T20:32:16.111703,4,29,"[0, 1, 2, 3, 4, 5, 6, 7]",93.01580810546875,38.86540412902832,46.44097900390625,141,93.01580810546875,0.0,46.44097900390625,141
2025-07-17T20:32:16.118298,0,30,"[0, 1, 2, 3, 4, 5, 6, 7]",93.01580810546875,38.86540412902832,46.44097900390625,141,93.01580810546875,0.0,46.44097900390625,141
2025-07-17T20:32:16.125079,1,30,"[0, 1, 2, 4, 5, 6, 7]",93.01580810546875,38.86540412902832,46.44097900390625,141,93.01580810546875,0.0,46.44097900390625,141
2025-07-17T20:32:16.132489,2,30,"[0, 1, 2, 3, 4, 5, 6, 7]",93.01580810546875,38.86540412902832,46.44097900390625,141,93.01580810546875,0.0,46.44097900390625,141
2025-07-17T20:32:16.139572,3,30,"[0, 1, 2, 4, 5, 6, 7]",93.01580810546875,38.86540412902832,46.44097900390625,141,93.01580810546875,0.0,46.44097900390625,141
2025-07-17T20:32:16.145889,4,30,"[0, 1, 2, 4, 5, 6, 7]",93.01580810546875,38.86540412902832,46.44097900390625,141,93.01580810546875,0.0,46.44097900390625,141
2025-07-17T20:32:16.154016,0,31,"[0, 1, 2, 3, 4, 5, 6, 7]",93.01580810546875,38.87204074859619,46.44097900390625,141,93.01580810546875,0.0,46.44097900390625,141
2025-07-17T20:32:16.161396,1,31,"[0, 1, 2, 3, 4, 5, 6, 7]",93.01580810546875,38.8688325881958,46.44097900390625,141,93.01580810546875,0.0,46.44097900390625,141
2025-07-17T20:32:16.171009,2,31,"[0, 1, 2, 3, 4, 5, 6, 7]",93.01580810546875,38.86620616912842,46.44097900390625,141,93.01580810546875,0.0,46.44097900390625,141
2025-07-17T20:32:16.179630,3,31,"[0, 1, 2, 3, 4, 5, 6, 7]",93.01580810546875,38.86299800872803,46.44097900390625,141,93.01580810546875,0.0,46.44097900390625,141
2025-07-17T20:32:16.187961,4,31,"[0, 1, 2, 3, 4, 5, 6, 7]",93.01580810546875,38.86002254486084,46.44097900390625,141,93.01580810546875,0.0,46.44097900390625,141
2025-07-17T20:32:16.204593,0,0,"[0, 1, 2, 3, 4, 5, 6, 7]",93.01580810546875,38.85531425476074,46.44097900390625,141,93.01580810546875,0.0,46.44097900390625,141
2025-07-17T20:32:16.206920,1,0,"[0, 1, 2, 3, 5, 6, 7]",93.01580810546875,38.85852241516113,46.44097900390625,141,93.01580810546875,0.0,46.44097900390625,141
2025-07-17T20:32:16.214856,2,0,"[0, 1, 2, 3, 4, 5, 6, 7]",93.01580810546875,38.86149787902832,46.44097900390625,141,93.01580810546875,0.0,46.44097900390625,141
2025-07-17T20:32:16.222019,3,0,"[0, 1, 2, 3, 5, 6, 7]",93.01580810546875,38.86438179016113,46.44097900390625,141,93.01580810546875,0.0,46.44097900390625,141
2025-07-17T20:32:16.229146,4,0,"[0, 1, 2, 3, 5, 6, 7]",93.01580810546875,38.86540412902832,46.44097900390625,141,93.01580810546875,0.0,46.44097900390625,141
2025-07-17T20:32:16.241384,0,1,"[0, 1, 2, 4, 5, 6, 7]",93.01580810546875,38.86540412902832,46.44097900390625,141,93.01580810546875,0.0,46.44097900390625,141
2025-07-17T20:32:16.249201,1,1,"[0, 1, 2, 3, 4, 5, 6, 7]",93.01580810546875,38.86540412902832,46.44097900390625,141,93.01580810546875,0.0,46.44097900390625,141
2025-07-17T20:32:16.251518,2,1,"[0, 1, 2, 3, 4, 5, 6, 7]",93.01580810546875,38.86540412902832,46.44097900390625,141,93.01580810546875,0.0,46.44097900390625,141
2025-07-17T20:32:16.262499,3,1,"[0, 1, 2, 3, 4, 5, 6, 7]",93.01580810546875,38.86540412902832,46.44097900390625,141,93.01580810546875,0.0,46.44097900390625,141
2025-07-17T20:32:16.273828,4,1,"[0, 1, 2, 3, 4, 5, 6, 7]",93.01580810546875,38.86540412902832,46.44097900390625,141,93.01580810546875,0.0,46.44097900390625,141
2025-07-17T20:32:16.280484,0,2,"[0, 1, 2, 3, 4, 5, 6, 7]",93.01580810546875,38.86540412902832,46.44097900390625,141,93.01580810546875,0.0,46.44097900390625,141
2025-07-17T20:32:16.282433,1,2,"[0, 1, 2, 3, 4, 5, 6, 7]",93.01580810546875,38.86540412902832,46.44097900390625,141,93.01580810546875,0.0,46.44097900390625,141
2025-07-17T20:32:16.288368,2,2,"[0, 1, 2, 3, 4, 5, 6, 7]",93.01580810546875,38.86540412902832,46.44097900390625,141,93.01580810546875,0.0,46.44097900390625,141
2025-07-17T20:32:16.295879,3,2,"[0, 1, 2, 3, 4, 5, 6, 7]",93.01580810546875,38.86540412902832,46.44097900390625,141,93.01580810546875,0.0,46.44097900390625,141
2025-07-17T20:32:16.303203,4,2,"[0, 1, 2, 3, 4, 5, 6, 7]",93.01580810546875,38.86540412902832,46.44097900390625,141,93.01580810546875,0.0,46.44097900390625,141
2025-07-17T20:32:16.315384,0,3,"[0, 1, 2, 3, 4, 5, 6, 7]",93.01580810546875,38.86540412902832,46.44097900390625,141,93.01580810546875,0.0,46.44097900390625,141
2025-07-17T20:32:16.317733,1,3,"[0, 1, 2, 3, 4, 5, 6, 7]",93.01580810546875,38.86540412902832,46.44097900390625,141,93.01580810546875,0.0,46.44097900390625,141
2025-07-17T20:32:16.325875,2,3,"[0, 1, 2, 3, 4, 5, 6, 7]",93.01580810546875,38.86540412902832,46.44097900390625,141,93.01580810546875,0.0,46.44097900390625,141
2025-07-17T20:32:16.333184,3,3,"[0, 1, 2, 3, 4, 5, 6, 7]",93.01580810546875,38.86540412902832,46.44097900390625,141,93.01580810546875,0.0,46.44097900390625,141
2025-07-17T20:32:16.340856,4,3,"[0, 1, 2, 3, 4, 5, 6, 7]",93.01580810546875,38.86540412902832,46.44097900390625,141,93.01580810546875,0.0,46.44097900390625,141
2025-07-17T20:32:16.348791,0,4,"[0, 1, 2, 3, 4, 5, 6, 7]",93.01580810546875,38.86540412902832,46.44097900390625,141,93.01580810546875,0.0,46.44097900390625,141
2025-07-17T20:32:16.357000,1,4,"[0, 1, 2, 3, 4, 5, 6, 7]",93.01580810546875,38.86540412902832,46.44097900390625,141,93.01580810546875,0.0,46.44097900390625,141
2025-07-17T20:32:16.364317,2,4,"[0, 1, 2, 3, 4, 5, 6, 7]",93.01580810546875,38.86540412902832,46.44097900390625,141,93.01580810546875,0.0,46.44097900390625,141
2025-07-17T20:32:16.371418,3,4,"[0, 1, 2, 3, 4, 5, 6, 7]",93.01580810546875,38.86540412902832,46.44097900390625,141,93.01580810546875,0.0,46.44097900390625,141
2025-07-17T20:32:16.379815,4,4,"[0, 1, 2, 3, 4, 5, 6, 7]",93.01580810546875,38.86540412902832,46.44097900390625,141,93.01580810546875,0.0,46.44097900390625,141
2025-07-17T20:32:16.391227,0,5,"[0, 1, 2, 3, 4, 5, 6, 7]",93.01580810546875,38.86540412902832,46.44097900390625,141,93.01580810546875,0.0,46.44097900390625,141
2025-07-17T20:32:16.398665,1,5,"[0, 1, 2, 3, 4, 5, 6, 7]",93.01580810546875,38.86482238769531,46.44097900390625,141,93.01580810546875,0.0,46.44097900390625,141
2025-07-17T20:32:16.405711,2,5,"[0, 1, 2, 3, 4, 5, 6, 7]",93.01580810546875,38.86482238769531,46.44097900390625,141,93.01580810546875,0.0,46.44097900390625,141
2025-07-17T20:32:16.413110,3,5,"[0, 1, 2, 3, 4, 5, 6, 7]",93.01580810546875,38.86456489562988,46.44097900390625,141,93.01580810546875,0.0,46.44097900390625,141
2025-07-17T20:32:16.420195,4,5,"[0, 1, 2, 3, 4, 5, 6, 7]",93.01580810546875,38.86456489562988,46.44097900390625,141,93.01580810546875,0.0,46.44097900390625,141
2025-07-17T20:32:16.426717,0,6,"[0, 1, 2, 3, 4, 5, 6, 7]",93.01580810546875,38.86456489562988,46.44097900390625,141,93.01580810546875,0.0,46.44097900390625,141
2025-07-17T20:32:16.434497,1,6,"[0, 2, 3, 4, 5, 6, 7]",93.01580810546875,38.86540412902832,46.44097900390625,141,93.01580810546875,0.0,46.44097900390625,141
2025-07-17T20:32:16.441097,2,6,"[0, 1, 2, 3, 5, 6, 7]",93.01580810546875,38.86540412902832,46.44097900390625,141,93.01580810546875,0.0,46.44097900390625,141
2025-07-17T20:32:16.447549,3,6,"[0, 2, 3, 4, 5, 6, 7]",93.01580810546875,38.86540412902832,46.44097900390625,141,93.01580810546875,0.0,46.44097900390625,141
2025-07-17T20:32:16.454325,4,6,"[0, 2, 3, 4, 5, 6, 7]",93.01580810546875,38.86540412902832,46.44097900390625,141,93.01580810546875,0.0,46.44097900390625,141
2025-07-17T20:32:16.465453,0,7,"[0, 1, 2, 3, 4, 5, 6]",93.01580810546875,38.86482238769531,46.44097900390625,141,93.01580810546875,0.0,46.44097900390625,141
2025-07-17T20:32:16.472975,1,7,"[0, 1, 2, 4, 5, 6]",93.01580810546875,38.86456489562988,46.44097900390625,141,93.01580810546875,0.0,46.44097900390625,141
2025-07-17T20:32:16.479734,2,7,"[0, 1, 2, 3, 4, 5, 6, 7]",93.01580810546875,38.86456489562988,46.44097900390625,141,93.01580810546875,0.0,46.44097900390625,141
2025-07-17T20:32:16.487774,3,7,"[0, 1, 2, 4, 5, 6]",93.01580810546875,38.86482238769531,46.44097900390625,141,93.01580810546875,0.0,46.44097900390625,141
2025-07-17T20:32:16.495136,4,7,"[0, 1, 2, 4, 5, 6]",93.01580810546875,38.86482238769531,46.44097900390625,141,93.01580810546875,0.0,46.44097900390625,141
2025-07-17T20:32:16.502144,0,8,"[0, 1, 2, 3, 4, 5, 6, 7]",93.01580810546875,38.86540412902832,46.44097900390625,141,93.01580810546875,0.0,46.44097900390625,141
2025-07-17T20:32:16.509487,1,8,"[0, 1, 2, 3, 4, 5]",93.01580810546875,38.86540412902832,46.44097900390625,141,93.01580810546875,0.0,46.44097900390625,141
2025-07-17T20:32:16.516900,2,8,"[0, 1, 2, 3, 4, 5, 6, 7]",93.01580810546875,38.86540412902832,46.44097900390625,141,93.01580810546875,0.0,46.44097900390625,141
2025-07-17T20:32:16.524538,3,8,"[0, 1, 2, 3, 4, 5]",93.01580810546875,38.86540412902832,46.44097900390625,141,93.01580810546875,0.0,46.44097900390625,141
2025-07-17T20:32:16.532429,4,8,"[0, 1, 2, 3, 4, 5]",93.01580810546875,38.86540412902832,46.44097900390625,141,93.01580810546875,0.0,46.44097900390625,141
2025-07-17T20:32:16.539785,0,9,"[0, 1, 2, 3, 4, 5, 6, 7]",93.01580810546875,38.86482238769531,46.44097900390625,141,93.01580810546875,0.0,46.44097900390625,141
2025-07-17T20:32:16.546972,1,9,"[0, 1, 2, 4, 5, 6, 7]",93.01580810546875,38.86482238769531,46.44097900390625,141,93.01580810546875,0.0,46.44097900390625,141
2025-07-17T20:32:16.554022,2,9,"[0, 1, 2, 3, 4, 5, 6, 7]",93.01580810546875,38.86482238769531,46.44097900390625,141,93.01580810546875,0.0,46.44097900390625,141
2025-07-17T20:32:16.561405,3,9,"[0, 1, 2, 4, 5, 6, 7]",93.01580810546875,38.86456489562988,46.44097900390625,141,93.01580810546875,0.0,46.44097900390625,141
2025-07-17T20:32:16.568017,4,9,"[0, 1, 2, 4, 5, 6, 7]",93.01580810546875,38.86540412902832,46.44097900390625,141,93.01580810546875,0.0,46.44097900390625,141
2025-07-17T20:32:16.575269,0,10,"[0, 1, 2, 3, 4, 5, 6, 7]",93.01580810546875,38.86540412902832,46.44097900390625,141,93.01580810546875,0.0,46.44097900390625,141
2025-07-17T20:32:16.582030,1,10,"[0, 1, 2, 3, 4, 5, 6, 7]",93.01580810546875,38.86540412902832,46.44097900390625,141,93.01580810546875,0.0,46.44097900390625,141
2025-07-17T20:32:16.588663,2,10,"[0, 1, 2, 3, 4, 5, 6, 7]",93.01580810546875,38.86540412902832,46.44097900390625,141,93.01580810546875,0.0,46.44097900390625,141
2025-07-17T20:32:16.595744,3,10,"[0, 1, 2, 3, 4, 5, 6, 7]",93.01580810546875,38.86540412902832,46.44097900390625,141,93.01580810546875,0.0,46.44097900390625,141
2025-07-17T20:32:16.602710,4,10,"[0, 1, 2, 3, 4, 5, 6, 7]",93.01580810546875,38.86540412902832,46.44097900390625,141,93.01580810546875,0.0,46.44097900390625,141
2025-07-17T20:32:16.609927,0,11,"[0, 1, 2, 4, 5, 6, 7]",93.01580810546875,38.86540412902832,46.44097900390625,141,93.01580810546875,0.0,46.44097900390625,141
2025-07-17T20:32:16.617638,1,11,"[0, 1, 2, 4, 5, 6, 7]",93.01580810546875,38.86482238769531,46.44097900390625,141,93.01580810546875,0.0,46.44097900390625,141
2025-07-17T20:32:16.624422,2,11,"[0, 1, 2, 3, 4, 5, 6, 7]",93.01580810546875,38.86482238769531,46.44097900390625,141,93.01580810546875,0.0,46.44097900390625,141
2025-07-17T20:32:16.631562,3,11,"[0, 1, 2, 4, 5, 6, 7]",93.01580810546875,38.86482238769531,46.44097900390625,141,93.01580810546875,0.0,46.44097900390625,141
2025-07-17T20:32:16.638072,4,11,"[0, 1, 2, 4, 5, 6, 7]",93.01580810546875,38.86456489562988,46.44097900390625,141,93.01580810546875,0.0,46.44097900390625,141
2025-07-17T20:32:16.645148,0,12,"[0, 1, 2, 3, 4, 5, 6]",93.01580810546875,38.86456489562988,46.44097900390625,141,93.01580810546875,0.0,46.44097900390625,141
2025-07-17T20:32:16.652067,1,12,"[0, 1, 3, 4, 5, 6]",93.01580810546875,38.86540412902832,46.44097900390625,141,93.01580810546875,0.0,46.44097900390625,141
2025-07-17T20:32:16.659422,2,12,"[0, 1, 2, 3, 4, 5, 6, 7]",93.01580810546875,38.86540412902832,46.44097900390625,141,93.01580810546875,0.0,46.44097900390625,141
2025-07-17T20:32:16.666448,3,12,"[0, 1, 3, 4, 5, 6]",93.01580810546875,38.86540412902832,46.44097900390625,141,93.01580810546875,0.0,46.44097900390625,141
2025-07-17T20:32:16.674013,4,12,"[0, 1, 3, 4, 5, 6]",93.01580810546875,38.86540412902832,46.44097900390625,141,93.01580810546875,0.0,46.44097900390625,141
2025-07-17T20:32:16.681366,0,13,"[0, 1, 2, 3, 4, 5, 6, 7]",93.01580810546875,38.86540412902832,46.44097900390625,141,93.01580810546875,0.0,46.44097900390625,141
2025-07-17T20:32:16.688581,1,13,"[0, 1, 2, 3, 4, 5, 6, 7]",93.01580810546875,38.86540412902832,46.44097900390625,141,93.01580810546875,0.0,46.44097900390625,141
2025-07-17T20:32:16.695253,2,13,"[0, 1, 2, 3, 4, 5, 6, 7]",93.01580810546875,38.86540412902832,46.44097900390625,141,93.01580810546875,0.0,46.44097900390625,141
2025-07-17T20:32:16.702374,3,13,"[0, 1, 2, 3, 4, 5, 6, 7]",93.01580810546875,38.86540412902832,46.44097900390625,141,93.01580810546875,0.0,46.44097900390625,141
2025-07-17T20:32:16.710400,4,13,"[0, 1, 2, 3, 4, 5, 6, 7]",93.01580810546875,38.86540412902832,46.44097900390625,141,93.01580810546875,0.0,46.44097900390625,141
2025-07-17T20:32:16.717672,0,14,"[0, 1, 2, 3, 4, 5, 6, 7]",93.01580810546875,38.86540412902832,46.44097900390625,141,93.01580810546875,0.0,46.44097900390625,141
2025-07-17T20:32:16.724285,1,14,"[0, 1, 3, 4, 5, 6, 7]",93.01580810546875,38.86540412902832,46.44097900390625,141,93.01580810546875,0.0,46.44097900390625,141
2025-07-17T20:32:16.730986,2,14,"[0, 1, 2, 3, 4, 5, 6, 7]",93.01580810546875,38.86540412902832,46.44097900390625,141,93.01580810546875,0.0,46.44097900390625,141
2025-07-17T20:32:16.737953,3,14,"[0, 1, 3, 4, 5, 6, 7]",93.01580810546875,38.86540412902832,46.44097900390625,141,93.01580810546875,0.0,46.44097900390625,141
2025-07-17T20:32:16.745346,4,14,"[0, 1, 3, 4, 5, 6, 7]",93.01580810546875,38.86540412902832,46.44097900390625,141,93.01580810546875,0.0,46.44097900390625,141
2025-07-17T20:32:16.752436,0,15,"[0, 1, 2, 3, 4, 5, 6, 7]",93.01580810546875,38.86540412902832,46.44097900390625,141,93.01580810546875,0.0,46.44097900390625,141
2025-07-17T20:32:16.759679,1,15,"[0, 1, 2, 3, 4, 5, 6, 7]",93.01580810546875,38.86540412902832,46.44097900390625,141,93.01580810546875,0.0,46.44097900390625,141
2025-07-17T20:32:16.767174,2,15,"[0, 1, 2, 3, 4, 5, 6, 7]",93.01580810546875,38.86540412902832,46.44097900390625,141,93.01580810546875,0.0,46.44097900390625,141
2025-07-17T20:32:16.775015,3,15,"[0, 1, 2, 3, 4, 5, 6, 7]",93.01580810546875,38.86540412902832,46.44097900390625,141,93.01580810546875,0.0,46.44097900390625,141
2025-07-17T20:32:16.782112,4,15,"[0, 1, 2, 3, 4, 5, 6, 7]",93.01580810546875,38.86540412902832,46.44097900390625,141,93.01580810546875,0.0,46.44097900390625,141
2025-07-17T20:32:16.789099,0,16,"[0, 1, 2, 3, 4, 5, 6, 7]",93.01580810546875,38.86540412902832,46.44097900390625,141,93.01580810546875,0.0,46.44097900390625,141
2025-07-17T20:32:16.795888,1,16,"[0, 1, 2, 3, 4, 5, 6, 7]",93.01580810546875,38.86540412902832,46.44097900390625,141,93.01580810546875,0.0,46.44097900390625,141
2025-07-17T20:32:16.803016,2,16,"[0, 1, 2, 3, 4, 5, 6, 7]",93.01580810546875,38.86540412902832,46.44097900390625,141,93.01580810546875,0.0,46.44097900390625,141
2025-07-17T20:32:16.810404,3,16,"[0, 1, 2, 3, 4, 5, 6, 7]",93.01580810546875,38.86540412902832,46.44097900390625,141,93.01580810546875,0.0,46.44097900390625,141
2025-07-17T20:32:16.818288,4,16,"[0, 1, 2, 3, 4, 5, 6, 7]",93.01580810546875,38.86540412902832,46.44097900390625,141,93.01580810546875,0.0,46.44097900390625,141
2025-07-17T20:32:16.825275,0,17,"[0, 1, 2, 3, 4, 5, 6, 7]",93.01580810546875,38.86540412902832,46.44097900390625,141,93.01580810546875,0.0,46.44097900390625,141
2025-07-17T20:32:16.832455,1,17,"[0, 1, 2, 4, 5, 6, 7]",93.01580810546875,38.86540412902832,46.44097900390625,141,93.01580810546875,0.0,46.44097900390625,141
2025-07-17T20:32:16.839302,2,17,"[0, 1, 2, 3, 4, 5, 6, 7]",93.01580810546875,38.86540412902832,46.44097900390625,141,93.01580810546875,0.0,46.44097900390625,141
2025-07-17T20:32:16.846102,3,17,"[0, 1, 2, 4, 5, 6, 7]",93.01580810546875,38.86540412902832,46.44097900390625,141,93.01580810546875,0.0,46.44097900390625,141
2025-07-17T20:32:16.853714,4,17,"[0, 1, 2, 4, 5, 6, 7]",93.01580810546875,38.86540412902832,46.44097900390625,141,93.01580810546875,0.0,46.44097900390625,141
2025-07-17T20:32:16.856424,0,18,"[0, 1, 2, 3, 4, 5, 6, 7]",93.01580810546875,38.86540412902832,46.44097900390625,141,93.01580810546875,0.0,46.44097900390625,141
2025-07-17T20:32:16.865508,1,18,"[0, 1, 2, 3, 4, 5, 6, 7]",93.01580810546875,38.86540412902832,46.44097900390625,141,93.01580810546875,0.0,46.44097900390625,141
2025-07-17T20:32:16.871013,2,18,"[0, 1, 2, 3, 4, 5, 6, 7]",93.01580810546875,38.86540412902832,46.44097900390625,141,93.01580810546875,0.0,46.44097900390625,141
2025-07-17T20:32:16.877674,3,18,"[0, 1, 2, 3, 4, 5, 6, 7]",93.01580810546875,38.86540412902832,46.44097900390625,141,93.01580810546875,0.0,46.44097900390625,141
2025-07-17T20:32:16.885501,4,18,"[0, 1, 2, 3, 4, 5, 6, 7]",93.01580810546875,38.86540412902832,46.44097900390625,141,93.01580810546875,0.0,46.44097900390625,141
2025-07-17T20:32:16.892754,0,19,"[0, 1, 2, 3, 4, 5, 6, 7]",93.01580810546875,38.86540412902832,46.44097900390625,141,93.01580810546875,0.0,46.44097900390625,141
2025-07-17T20:32:16.899206,1,19,"[0, 1, 2, 4, 5, 6, 7]",93.01580810546875,38.86540412902832,46.44097900390625,141,93.01580810546875,0.0,46.44097900390625,141
2025-07-17T20:32:16.905586,2,19,"[0, 1, 2, 3, 4, 5, 6, 7]",93.01580810546875,38.86540412902832,46.44097900390625,141,93.01580810546875,0.0,46.44097900390625,141
2025-07-17T20:32:16.912335,3,19,"[0, 1, 2, 4, 5, 6, 7]",93.01580810546875,38.86540412902832,46.44097900390625,141,93.01580810546875,0.0,46.44097900390625,141
2025-07-17T20:32:16.920796,4,19,"[0, 1, 2, 4, 5, 6, 7]",93.01580810546875,38.86540412902832,46.44097900390625,141,93.01580810546875,0.0,46.44097900390625,141
2025-07-17T20:32:16.932146,0,20,"[0, 1, 2, 3, 4, 5, 6, 7]",93.01580810546875,38.86540412902832,46.44097900390625,141,93.01580810546875,0.0,46.44097900390625,141
2025-07-17T20:32:16.939207,1,20,"[0, 2, 3, 4, 5, 6, 7]",93.01580810546875,38.86540412902832,46.44097900390625,141,93.01580810546875,0.0,46.44097900390625,141
2025-07-17T20:32:16.946550,2,20,"[0, 1, 2, 3, 4, 5, 6, 7]",93.01580810546875,38.86540412902832,46.44097900390625,141,93.01580810546875,0.0,46.44097900390625,141
2025-07-17T20:32:16.949451,3,20,"[0, 2, 3, 4, 5, 6, 7]",93.01580810546875,38.86540412902832,46.44097900390625,141,93.01580810546875,0.0,46.44097900390625,141
2025-07-17T20:32:16.957792,4,20,"[0, 2, 3, 4, 5, 6, 7]",93.01580810546875,38.86540412902832,46.44097900390625,141,93.01580810546875,0.0,46.44097900390625,141
2025-07-17T20:32:16.964120,0,21,"[0, 1, 2, 3, 4, 5, 6, 7]",93.01580810546875,38.86540412902832,46.44097900390625,141,93.01580810546875,0.0,46.44097900390625,141
2025-07-17T20:32:16.971443,1,21,"[0, 1, 2, 3, 4, 5, 6]",93.01580810546875,38.86540412902832,46.44097900390625,141,93.01580810546875,0.0,46.44097900390625,141
2025-07-17T20:32:16.979290,2,21,"[0, 1, 2, 3, 4, 5, 6, 7]",93.01580810546875,38.86540412902832,46.44097900390625,141,93.01580810546875,0.0,46.44097900390625,141
2025-07-17T20:32:16.989663,3,21,"[0, 1, 2, 3, 4, 5, 6]",93.01580810546875,38.86540412902832,46.44097900390625,141,93.01580810546875,0.0,46.44097900390625,141
2025-07-17T20:32:16.996947,4,21,"[0, 1, 2, 3, 4, 5, 6]",93.01580810546875,38.86540412902832,46.44097900390625,141,93.01580810546875,0.0,46.44097900390625,141
2025-07-17T20:32:17.003730,0,22,"[0, 1, 2, 3, 4, 5, 6, 7]",93.01580810546875,38.86540412902832,46.44097900390625,141,93.01580810546875,0.0,46.44097900390625,141
2025-07-17T20:32:17.010702,1,22,"[0, 1, 2, 3, 4, 5, 6]",93.01580810546875,38.86540412902832,46.44097900390625,141,93.01580810546875,0.0,46.44097900390625,141
2025-07-17T20:32:17.017197,2,22,"[0, 1, 2, 3, 4, 5, 6, 7]",93.01580810546875,38.86540412902832,46.44097900390625,141,93.01580810546875,0.0,46.44097900390625,141
2025-07-17T20:32:17.025843,3,22,"[0, 1, 2, 3, 4, 5, 6]",93.01580810546875,38.86540412902832,46.44097900390625,141,93.01580810546875,0.0,46.44097900390625,141
2025-07-17T20:32:17.028353,4,22,"[0, 1, 2, 3, 4, 5, 6]",93.01580810546875,38.86540412902832,46.44097900390625,141,93.01580810546875,0.0,46.44097900390625,141
2025-07-17T20:32:17.041002,0,23,"[0, 1, 2, 3, 4, 5, 6, 7]",93.01580810546875,38.86540412902832,46.44097900390625,141,93.01580810546875,0.0,46.44097900390625,141
2025-07-17T20:32:17.043871,1,23,"[0, 1, 2, 3, 4, 5, 6, 7]",93.01580810546875,38.86540412902832,46.44097900390625,141,93.01580810546875,0.0,46.44097900390625,141
2025-07-17T20:32:17.051006,2,23,"[0, 1, 2, 3, 4, 5, 6, 7]",93.01580810546875,38.86540412902832,46.44097900390625,141,93.01580810546875,0.0,46.44097900390625,141
2025-07-17T20:32:17.057650,3,23,"[0, 1, 2, 3, 4, 5, 6, 7]",93.01580810546875,38.86540412902832,46.44097900390625,141,93.01580810546875,0.0,46.44097900390625,141
2025-07-17T20:32:17.065341,4,23,"[0, 1, 2, 3, 4, 5, 6, 7]",93.01580810546875,38.86540412902832,46.44097900390625,141,93.01580810546875,0.0,46.44097900390625,141
2025-07-17T20:32:17.072069,0,24,"[0, 1, 2, 3, 4, 5, 6, 7]",93.01580810546875,38.86540412902832,46.44097900390625,141,93.01580810546875,0.0,46.44097900390625,141
2025-07-17T20:32:17.078504,1,24,"[0, 1, 2, 3, 4, 5, 6, 7]",93.01580810546875,38.86540412902832,46.44097900390625,141,93.01580810546875,0.0,46.44097900390625,141
2025-07-17T20:32:17.085202,2,24,"[0, 1, 2, 3, 4, 5, 6, 7]",93.01580810546875,38.86540412902832,46.44097900390625,141,93.01580810546875,0.0,46.44097900390625,141
2025-07-17T20:32:17.091821,3,24,"[0, 1, 2, 3, 4, 5, 6, 7]",93.01580810546875,38.86540412902832,46.44097900390625,141,93.01580810546875,0.0,46.44097900390625,141
2025-07-17T20:32:17.098623,4,24,"[0, 1, 2, 3, 4, 5, 6, 7]",93.01580810546875,38.86540412902832,46.44097900390625,141,93.01580810546875,0.0,46.44097900390625,141
2025-07-17T20:32:17.105067,0,25,"[0, 1, 2, 3, 4, 5, 6, 7]",93.01580810546875,38.86540412902832,46.44097900390625,141,93.01580810546875,0.0,46.44097900390625,141
2025-07-17T20:32:17.111730,1,25,"[0, 1, 2, 3, 4, 5, 6, 7]",93.01580810546875,38.86540412902832,46.44097900390625,141,93.01580810546875,0.0,46.44097900390625,141
2025-07-17T20:32:17.124577,2,25,"[0, 1, 2, 3, 4, 5, 6, 7]",93.01580810546875,38.86540412902832,46.44097900390625,141,93.01580810546875,0.0,46.44097900390625,141
2025-07-17T20:32:17.133066,3,25,"[0, 1, 2, 3, 4, 5, 6, 7]",93.01580810546875,38.86540412902832,46.44097900390625,141,93.01580810546875,0.0,46.44097900390625,141
2025-07-17T20:32:17.135066,4,25,"[0, 1, 2, 3, 4, 5, 6, 7]",93.01580810546875,38.86540412902832,46.44097900390625,141,93.01580810546875,0.0,46.44097900390625,141
2025-07-17T20:32:17.142244,0,26,"[0, 1, 2, 3, 4, 5, 6, 7]",93.01580810546875,38.86540412902832,46.44097900390625,141,93.01580810546875,0.0,46.44097900390625,141
2025-07-17T20:32:17.149590,1,26,"[0, 1, 2, 3, 4, 5, 6, 7]",93.01580810546875,38.86540412902832,46.44097900390625,141,93.01580810546875,0.0,46.44097900390625,141
2025-07-17T20:32:17.157576,2,26,"[0, 1, 2, 3, 4, 5, 6, 7]",93.01580810546875,38.86540412902832,46.44097900390625,141,93.01580810546875,0.0,46.44097900390625,141
2025-07-17T20:32:17.164727,3,26,"[0, 1, 2, 3, 4, 5, 6, 7]",93.01580810546875,38.86540412902832,46.44097900390625,141,93.01580810546875,0.0,46.44097900390625,141
2025-07-17T20:32:17.176545,4,26,"[0, 1, 2, 3, 4, 5, 6, 7]",93.01580810546875,38.86540412902832,46.44097900390625,141,93.01580810546875,0.0,46.44097900390625,141
2025-07-17T20:32:17.178768,0,27,"[0, 1, 2, 3, 4, 5, 6, 7]",93.01580810546875,38.86540412902832,46.44097900390625,141,93.01580810546875,0.0,46.44097900390625,141
2025-07-17T20:32:17.191308,1,27,"[0, 1, 2, 3, 5, 6, 7]",93.01580810546875,38.86540412902832,46.44097900390625,141,93.01580810546875,0.0,46.44097900390625,141
2025-07-17T20:32:17.193853,2,27,"[0, 1, 2, 3, 4, 5, 6, 7]",93.01580810546875,38.86540412902832,46.44097900390625,141,93.01580810546875,0.0,46.44097900390625,141
2025-07-17T20:32:17.201687,3,27,"[0, 1, 2, 3, 5, 6, 7]",93.01580810546875,38.86540412902832,46.44097900390625,141,93.01580810546875,0.0,46.44097900390625,141
2025-07-17T20:32:17.209802,4,27,"[0, 1, 2, 3, 5, 6, 7]",93.01580810546875,38.86540412902832,46.44097900390625,141,93.01580810546875,0.0,46.44097900390625,141
2025-07-17T20:32:17.216568,0,28,"[0, 1, 2, 3, 4, 5, 6, 7]",93.01580810546875,38.86540412902832,46.44097900390625,141,93.01580810546875,0.0,46.44097900390625,141
2025-07-17T20:32:17.228522,1,28,"[0, 1, 2, 3, 4, 5, 6, 7]",93.01580810546875,38.86540412902832,46.44097900390625,141,93.01580810546875,0.0,46.44097900390625,141
2025-07-17T20:32:17.230665,2,28,"[0, 1, 2, 3, 4, 5, 6, 7]",93.01580810546875,38.86540412902832,46.44097900390625,141,93.01580810546875,0.0,46.44097900390625,141
2025-07-17T20:32:17.237859,3,28,"[0, 1, 2, 3, 4, 5, 6, 7]",93.01580810546875,38.86540412902832,46.44097900390625,141,93.01580810546875,0.0,46.44097900390625,141
2025-07-17T20:32:17.244755,4,28,"[0, 1, 2, 3, 4, 5, 6, 7]",93.01580810546875,38.86540412902832,46.44097900390625,141,93.01580810546875,0.0,46.44097900390625,141
2025-07-17T20:32:17.251814,0,29,"[0, 1, 2, 3, 4, 5, 6, 7]",93.01580810546875,38.86540412902832,46.44097900390625,141,93.01580810546875,0.0,46.44097900390625,141
2025-07-17T20:32:17.258630,1,29,"[1, 2, 3, 4, 5, 7]",93.01580810546875,38.86540412902832,46.44097900390625,141,93.01580810546875,0.0,46.44097900390625,141
2025-07-17T20:32:17.265199,2,29,"[0, 1, 2, 3, 4, 5, 6, 7]",93.01580810546875,38.86540412902832,46.44097900390625,141,93.01580810546875,0.0,46.44097900390625,141
2025-07-17T20:32:17.273255,3,29,"[1, 2, 3, 4, 5, 7]",93.01580810546875,38.86540412902832,46.44097900390625,141,93.01580810546875,0.0,46.44097900390625,141
2025-07-17T20:32:17.286021,4,29,"[1, 2, 3, 4, 5, 7]",93.01580810546875,38.86540412902832,46.44097900390625,141,93.01580810546875,0.0,46.44097900390625,141
2025-07-17T20:32:17.293283,0,30,"[0, 1, 2, 3, 4, 5, 6, 7]",93.01580810546875,38.86540412902832,46.44097900390625,141,93.01580810546875,0.0,46.44097900390625,141
2025-07-17T20:32:17.295557,1,30,"[0, 1, 2, 3, 4, 5, 6, 7]",93.01580810546875,38.86540412902832,46.44097900390625,141,93.01580810546875,0.0,46.44097900390625,141
2025-07-17T20:32:17.308182,2,30,"[0, 1, 2, 3, 4, 5, 6, 7]",93.01580810546875,38.86540412902832,46.44097900390625,141,93.01580810546875,0.0,46.44097900390625,141
2025-07-17T20:32:17.310193,3,30,"[0, 1, 2, 3, 4, 5, 6, 7]",93.01580810546875,38.86540412902832,46.44097900390625,141,93.01580810546875,0.0,46.44097900390625,141
2025-07-17T20:32:17.317473,4,30,"[0, 1, 2, 3, 4, 5, 6, 7]",93.01580810546875,38.86540412902832,46.44097900390625,141,93.01580810546875,0.0,46.44097900390625,141
2025-07-17T20:32:17.324743,0,31,"[0, 1, 2, 3, 4, 5, 6, 7]",93.01580810546875,38.87287998199463,46.44097900390625,141,93.01580810546875,0.0,46.44097900390625,141
2025-07-17T20:32:17.333120,1,31,"[0, 2, 3, 4, 5, 6, 7]",93.01580810546875,38.86941432952881,46.44097900390625,141,93.01580810546875,0.0,46.44097900390625,141
2025-07-17T20:32:17.341727,2,31,"[0, 1, 2, 3, 4, 5, 6, 7]",93.01580810546875,38.866787910461426,46.44097900390625,141,93.01580810546875,0.0,46.44097900390625,141
2025-07-17T20:32:17.353672,3,31,"[0, 2, 3, 4, 5, 6, 7]",93.01580810546875,38.863579750061035,46.44097900390625,141,93.01580810546875,0.0,46.44097900390625,141
2025-07-17T20:32:17.356597,4,31,"[0, 2, 3, 4, 5, 6, 7]",93.01580810546875,38.86002254486084,46.44097900390625,141,93.01580810546875,0.0,46.44097900390625,141
2025-07-17T20:32:17.371937,0,0,"[0, 1, 2, 3, 4, 5, 6, 7]",93.01580810546875,38.85531425476074,46.44097900390625,141,93.01580810546875,0.0,46.44097900390625,141
2025-07-17T20:32:17.379699,1,0,"[0, 2, 3, 5, 6, 7]",93.01580810546875,38.85852241516113,46.44097900390625,141,93.01580810546875,0.0,46.44097900390625,141
2025-07-17T20:32:17.389697,2,0,"[0, 2, 3, 4, 5, 6, 7]",93.01580810546875,38.86149787902832,46.44097900390625,141,93.01580810546875,0.0,46.44097900390625,141
2025-07-17T20:32:17.397233,3,0,"[0, 2, 3, 5, 6, 7]",93.01580810546875,38.86438179016113,46.44097900390625,141,93.01580810546875,0.0,46.44097900390625,141
2025-07-17T20:32:17.404119,4,0,"[0, 2, 3, 5, 6, 7]",93.01580810546875,38.86540412902832,46.44097900390625,141,93.01580810546875,0.0,46.44097900390625,141
2025-07-17T20:32:17.411236,0,1,"[0, 1, 2, 3, 4, 5, 6, 7]",93.01580810546875,38.86540412902832,46.44097900390625,141,93.01580810546875,0.0,46.44097900390625,141
2025-07-17T20:32:17.414216,1,1,"[0, 1, 2, 3, 4, 5, 6, 7]",93.01580810546875,38.86540412902832,46.44097900390625,141,93.01580810546875,0.0,46.44097900390625,141
2025-07-17T20:32:17.425588,2,1,"[0, 1, 2, 3, 4, 5, 6, 7]",93.01580810546875,38.86540412902832,46.44097900390625,141,93.01580810546875,0.0,46.44097900390625,141
2025-07-17T20:32:17.432954,3,1,"[0, 1, 2, 3, 4, 5, 6, 7]",93.01580810546875,38.86540412902832,46.44097900390625,141,93.01580810546875,0.0,46.44097900390625,141
2025-07-17T20:32:17.439707,4,1,"[0, 1, 2, 3, 4, 5, 6, 7]",93.01580810546875,38.86540412902832,46.44097900390625,141,93.01580810546875,0.0,46.44097900390625,141
2025-07-17T20:32:17.446605,0,2,"[0, 1, 2, 3, 4, 5, 6, 7]",93.01580810546875,38.86540412902832,46.44097900390625,141,93.01580810546875,0.0,46.44097900390625,141
2025-07-17T20:32:17.453902,1,2,"[0, 1, 2, 3, 4, 5, 7]",93.01580810546875,38.86540412902832,46.44097900390625,141,93.01580810546875,0.0,46.44097900390625,141
2025-07-17T20:32:17.460454,2,2,"[0, 1, 2, 3, 4, 5, 6, 7]",93.01580810546875,38.86540412902832,46.44097900390625,141,93.01580810546875,0.0,46.44097900390625,141
2025-07-17T20:32:17.468439,3,2,"[0, 1, 2, 3, 4, 5, 7]",93.01580810546875,38.86456489562988,46.44097900390625,141,93.01580810546875,0.0,46.44097900390625,141
2025-07-17T20:32:17.475309,4,2,"[0, 1, 2, 3, 4, 5, 7]",93.01580810546875,38.86456489562988,46.44097900390625,141,93.01580810546875,0.0,46.44097900390625,141
2025-07-17T20:32:17.482896,0,3,"[0, 1, 2, 3, 4, 5, 6, 7]",93.01580810546875,38.86456489562988,46.44097900390625,141,93.01580810546875,0.0,46.44097900390625,141
2025-07-17T20:32:17.489501,1,3,"[1, 2, 3, 4, 5, 6, 7]",93.01580810546875,38.86456489562988,46.44097900390625,141,93.01580810546875,0.0,46.44097900390625,141
2025-07-17T20:32:17.496992,2,3,"[0, 1, 2, 3, 4, 5, 6, 7]",93.01580810546875,38.86456489562988,46.44097900390625,141,93.01580810546875,0.0,46.44097900390625,141
2025-07-17T20:32:17.504368,3,3,"[1, 2, 3, 4, 5, 6, 7]",93.01580810546875,38.86540412902832,46.44097900390625,141,93.01580810546875,0.0,46.44097900390625,141
2025-07-17T20:32:17.511295,4,3,"[1, 2, 3, 4, 5, 6, 7]",93.01580810546875,38.86540412902832,46.44097900390625,141,93.01580810546875,0.0,46.44097900390625,141
2025-07-17T20:32:17.518758,0,4,"[0, 1, 2, 3, 4, 5, 6, 7]",93.01580810546875,38.86540412902832,46.44097900390625,141,93.01580810546875,0.0,46.44097900390625,141
2025-07-17T20:32:17.525570,1,4,"[0, 1, 2, 3, 4, 5, 6]",93.01580810546875,38.86540412902832,46.44097900390625,141,93.01580810546875,0.0,46.44097900390625,141
2025-07-17T20:32:17.533329,2,4,"[0, 1, 2, 3, 4, 5, 6, 7]",93.01580810546875,38.86540412902832,46.44097900390625,141,93.01580810546875,0.0,46.44097900390625,141
2025-07-17T20:32:17.541146,3,4,"[0, 1, 2, 3, 4, 5, 6]",93.01580810546875,38.86540412902832,46.44097900390625,141,93.01580810546875,0.0,46.44097900390625,141
2025-07-17T20:32:17.548218,4,4,"[0, 1, 2, 3, 4, 5, 6]",93.01580810546875,38.86540412902832,46.44097900390625,141,93.01580810546875,0.0,46.44097900390625,141
2025-07-17T20:32:17.555507,0,5,"[0, 1, 2, 3, 4, 5, 6, 7]",93.01580810546875,38.86540412902832,46.44097900390625,141,93.01580810546875,0.0,46.44097900390625,141
2025-07-17T20:32:17.563246,1,5,"[0, 1, 2, 3, 4, 5, 6, 7]",93.01580810546875,38.86540412902832,46.44097900390625,141,93.01580810546875,0.0,46.44097900390625,141
2025-07-17T20:32:17.570290,2,5,"[0, 1, 2, 3, 4, 5, 6, 7]",93.01580810546875,38.86540412902832,46.44097900390625,141,93.01580810546875,0.0,46.44097900390625,141
2025-07-17T20:32:17.577168,3,5,"[0, 1, 2, 3, 4, 5, 6, 7]",93.01580810546875,38.86540412902832,46.44097900390625,141,93.01580810546875,0.0,46.44097900390625,141
2025-07-17T20:32:17.584020,4,5,"[0, 1, 2, 3, 4, 5, 6, 7]",93.01580810546875,38.86540412902832,46.44097900390625,141,93.01580810546875,0.0,46.44097900390625,141
2025-07-17T20:32:17.591607,0,6,"[0, 1, 2, 3, 4, 5, 6, 7]",93.01580810546875,38.86540412902832,46.44097900390625,141,93.01580810546875,0.0,46.44097900390625,141
2025-07-17T20:32:17.598268,1,6,"[0, 1, 2, 3, 4, 5, 6, 7]",93.01580810546875,38.86540412902832,46.44097900390625,141,93.01580810546875,0.0,46.44097900390625,141
2025-07-17T20:32:17.606273,2,6,"[0, 1, 2, 3, 4, 5, 7]",93.01580810546875,38.86540412902832,46.44097900390625,141,93.01580810546875,0.0,46.44097900390625,141
2025-07-17T20:32:17.609950,3,6,"[0, 1, 2, 3, 4, 5, 6, 7]",93.01580810546875,38.86540412902832,46.44097900390625,141,93.01580810546875,0.0,46.44097900390625,141
2025-07-17T20:32:17.617367,4,6,"[0, 1, 2, 3, 4, 5, 6, 7]",93.01580810546875,38.86540412902832,46.44097900390625,141,93.01580810546875,0.0,46.44097900390625,141
2025-07-17T20:32:17.624829,0,7,"[0, 1, 2, 3, 4, 5, 6, 7]",93.01580810546875,38.86540412902832,46.44097900390625,141,93.01580810546875,0.0,46.44097900390625,141
2025-07-17T20:32:17.632047,1,7,"[0, 1, 2, 3, 4, 5, 6, 7]",93.01580810546875,38.86540412902832,46.44097900390625,141,93.01580810546875,0.0,46.44097900390625,141
2025-07-17T20:32:17.640266,2,7,"[0, 1, 2, 3, 4, 5, 6, 7]",93.01580810546875,38.86540412902832,46.44097900390625,141,93.01580810546875,0.0,46.44097900390625,141
2025-07-17T20:32:17.647169,3,7,"[0, 1, 2, 3, 4, 5, 6, 7]",93.01580810546875,38.86540412902832,46.44097900390625,141,93.01580810546875,0.0,46.44097900390625,141
2025-07-17T20:32:17.655341,4,7,"[0, 1, 2, 3, 4, 5, 6, 7]",93.01580810546875,38.86540412902832,46.44097900390625,141,93.01580810546875,0.0,46.44097900390625,141
2025-07-17T20:32:17.662786,0,8,"[1, 2, 3, 4, 5, 6, 7]",93.01580810546875,38.86540412902832,46.44097900390625,141,93.01580810546875,0.0,46.44097900390625,141
2025-07-17T20:32:17.670089,1,8,"[0, 1, 2, 3, 4, 5, 6, 7]",93.01580810546875,38.86540412902832,46.44097900390625,141,93.01580810546875,0.0,46.44097900390625,141
2025-07-17T20:32:17.677627,2,8,"[0, 1, 2, 3, 4, 5, 6, 7]",93.01580810546875,38.86540412902832,46.44097900390625,141,93.01580810546875,0.0,46.44097900390625,141
2025-07-17T20:32:17.684674,3,8,"[0, 1, 2, 3, 4, 5, 6, 7]",93.01580810546875,38.86540412902832,46.44097900390625,141,93.01580810546875,0.0,46.44097900390625,141
2025-07-17T20:32:17.692150,4,8,"[0, 1, 2, 3, 4, 5, 6, 7]",93.01580810546875,38.86540412902832,46.44097900390625,141,93.01580810546875,0.0,46.44097900390625,141
2025-07-17T20:32:17.698617,0,9,"[0, 1, 2, 3, 4, 5, 6, 7]",93.01580810546875,38.86540412902832,46.44097900390625,141,93.01580810546875,0.0,46.44097900390625,141
2025-07-17T20:32:17.705548,1,9,"[0, 1, 2, 4, 5, 6, 7]",93.01580810546875,38.86540412902832,46.44097900390625,141,93.01580810546875,0.0,46.44097900390625,141
2025-07-17T20:32:17.712258,2,9,"[0, 1, 2, 3, 5, 6, 7]",93.01580810546875,38.86540412902832,46.44097900390625,141,93.01580810546875,0.0,46.44097900390625,141
2025-07-17T20:32:17.718912,3,9,"[0, 1, 2, 4, 5, 6, 7]",93.01580810546875,38.86540412902832,46.44097900390625,141,93.01580810546875,0.0,46.44097900390625,141
2025-07-17T20:32:17.725777,4,9,"[0, 1, 2, 4, 5, 6, 7]",93.01580810546875,38.86540412902832,46.44097900390625,141,93.01580810546875,0.0,46.44097900390625,141
2025-07-17T20:32:17.732456,0,10,"[0, 1, 2, 3, 4, 5, 6, 7]",93.01580810546875,38.86540412902832,46.44097900390625,141,93.01580810546875,0.0,46.44097900390625,141
2025-07-17T20:32:17.740194,1,10,"[0, 1, 2, 3, 4, 5, 6, 7]",93.01580810546875,38.86540412902832,46.44097900390625,141,93.01580810546875,0.0,46.44097900390625,141
2025-07-17T20:32:17.746695,2,10,"[0, 1, 2, 3, 4, 5, 6, 7]",93.01580810546875,38.86540412902832,46.44097900390625,141,93.01580810546875,0.0,46.44097900390625,141
2025-07-17T20:32:17.752932,3,10,"[0, 1, 2, 3, 4, 5, 6, 7]",93.01580810546875,38.86540412902832,46.44097900390625,141,93.01580810546875,0.0,46.44097900390625,141
2025-07-17T20:32:17.760223,4,10,"[0, 1, 2, 3, 4, 5, 6, 7]",93.01580810546875,38.86540412902832,46.44097900390625,141,93.01580810546875,0.0,46.44097900390625,141
2025-07-17T20:32:17.767199,0,11,"[0, 1, 2, 3, 4, 5, 6, 7]",93.01580810546875,38.86540412902832,46.44097900390625,141,93.01580810546875,0.0,46.44097900390625,141
2025-07-17T20:32:17.774109,1,11,"[0, 1, 2, 4, 5, 6, 7]",93.01580810546875,38.86540412902832,46.44097900390625,141,93.01580810546875,0.0,46.44097900390625,141
2025-07-17T20:32:17.780572,2,11,"[0, 1, 2, 3, 4, 5, 6, 7]",93.01580810546875,38.86540412902832,46.44097900390625,141,93.01580810546875,0.0,46.44097900390625,141
2025-07-17T20:32:17.787551,3,11,"[0, 1, 2, 4, 5, 6, 7]",93.01580810546875,38.86540412902832,46.44097900390625,141,93.01580810546875,0.0,46.44097900390625,141
2025-07-17T20:32:17.793785,4,11,"[0, 1, 2, 4, 5, 6, 7]",93.01580810546875,38.86540412902832,46.44097900390625,141,93.01580810546875,0.0,46.44097900390625,141
2025-07-17T20:32:17.799801,0,12,"[0, 1, 2, 3, 4, 5, 6, 7]",93.01580810546875,38.86540412902832,46.44097900390625,141,93.01580810546875,0.0,46.44097900390625,141
2025-07-17T20:32:17.806174,1,12,"[0, 1, 2, 3, 4, 5, 6]",93.01580810546875,38.86540412902832,46.44097900390625,141,93.01580810546875,0.0,46.44097900390625,141
2025-07-17T20:32:17.812925,2,12,"[0, 1, 2, 3, 4, 6, 7]",93.01580810546875,38.86540412902832,46.44097900390625,141,93.01580810546875,0.0,46.44097900390625,141
2025-07-17T20:32:17.819555,3,12,"[0, 1, 2, 3, 4, 5, 6]",93.01580810546875,38.86540412902832,46.44097900390625,141,93.01580810546875,0.0,46.44097900390625,141
2025-07-17T20:32:17.825682,4,12,"[0, 1, 2, 3, 4, 5, 6]",93.01580810546875,38.86540412902832,46.44097900390625,141,93.01580810546875,0.0,46.44097900390625,141
2025-07-17T20:32:17.839259,0,13,"[0, 1, 2, 3, 5, 6, 7]",93.01580810546875,38.86540412902832,46.44097900390625,141,93.01580810546875,0.0,46.44097900390625,141
2025-07-17T20:32:17.842398,1,13,"[0, 1, 2, 3, 4, 5, 6, 7]",93.01580810546875,38.86540412902832,46.44097900390625,141,93.01580810546875,0.0,46.44097900390625,141
2025-07-17T20:32:17.848334,2,13,"[0, 1, 2, 3, 4, 5, 6, 7]",93.01580810546875,38.86540412902832,46.44097900390625,141,93.01580810546875,0.0,46.44097900390625,141
2025-07-17T20:32:17.854849,3,13,"[0, 1, 2, 3, 4, 5, 6, 7]",93.01580810546875,38.86540412902832,46.44097900390625,141,93.01580810546875,0.0,46.44097900390625,141
2025-07-17T20:32:17.862114,4,13,"[0, 1, 2, 3, 4, 5, 6, 7]",93.01580810546875,38.86540412902832,46.44097900390625,141,93.01580810546875,0.0,46.44097900390625,141
2025-07-17T20:32:17.869572,0,14,"[0, 1, 2, 3, 4, 5, 6, 7]",93.01580810546875,38.86540412902832,46.44097900390625,141,93.01580810546875,0.0,46.44097900390625,141
2025-07-17T20:32:17.876203,1,14,"[0, 3, 4, 5, 6, 7]",93.01580810546875,38.86540412902832,46.44097900390625,141,93.01580810546875,0.0,46.44097900390625,141
2025-07-17T20:32:17.882627,2,14,"[0, 1, 2, 3, 4, 5, 6, 7]",93.01580810546875,38.86540412902832,46.44097900390625,141,93.01580810546875,0.0,46.44097900390625,141
2025-07-17T20:32:17.890578,3,14,"[0, 3, 4, 5, 6, 7]",93.01580810546875,38.86540412902832,46.44097900390625,141,93.01580810546875,0.0,46.44097900390625,141
2025-07-17T20:32:17.897729,4,14,"[0, 3, 4, 5, 6, 7]",93.01580810546875,38.86540412902832,46.44097900390625,141,93.01580810546875,0.0,46.44097900390625,141
2025-07-17T20:32:17.903599,0,15,"[0, 1, 2, 3, 4, 5, 6, 7]",93.01580810546875,38.86540412902832,46.44097900390625,141,93.01580810546875,0.0,46.44097900390625,141
2025-07-17T20:32:17.916432,1,15,"[0, 1, 2, 3, 4, 5, 6, 7]",93.01580810546875,38.86540412902832,46.44097900390625,141,93.01580810546875,0.0,46.44097900390625,141
2025-07-17T20:32:17.918821,2,15,"[0, 1, 2, 3, 4, 5, 6, 7]",93.01580810546875,38.86540412902832,46.44097900390625,141,93.01580810546875,0.0,46.44097900390625,141
2025-07-17T20:32:17.925545,3,15,"[0, 1, 2, 3, 4, 5, 6, 7]",93.01580810546875,38.86540412902832,46.44097900390625,141,93.01580810546875,0.0,46.44097900390625,141
2025-07-17T20:32:17.939386,4,15,"[0, 1, 2, 3, 4, 5, 6, 7]",93.01580810546875,38.86540412902832,46.44097900390625,141,93.01580810546875,0.0,46.44097900390625,141
2025-07-17T20:32:17.941945,0,16,"[0, 1, 2, 3, 4, 5, 6, 7]",93.01580810546875,38.86540412902832,46.44097900390625,141,93.01580810546875,0.0,46.44097900390625,141
2025-07-17T20:32:17.949801,1,16,"[0, 1, 2, 3, 4, 5, 6, 7]",93.01580810546875,38.86540412902832,46.44097900390625,141,93.01580810546875,0.0,46.44097900390625,141
2025-07-17T20:32:17.960796,2,16,"[0, 1, 2, 3, 5, 6, 7]",93.01580810546875,38.86540412902832,46.44097900390625,141,93.01580810546875,0.0,46.44097900390625,141
2025-07-17T20:32:17.968011,3,16,"[0, 1, 2, 3, 4, 5, 6, 7]",93.01580810546875,38.86540412902832,46.44097900390625,141,93.01580810546875,0.0,46.44097900390625,141
2025-07-17T20:32:17.975374,4,16,"[0, 1, 2, 3, 4, 5, 6, 7]",93.01580810546875,38.86540412902832,46.44097900390625,141,93.01580810546875,0.0,46.44097900390625,141
2025-07-17T20:32:17.982176,0,17,"[0, 1, 2, 3, 4, 5, 6, 7]",93.01580810546875,38.86482238769531,46.44097900390625,141,93.01580810546875,0.0,46.44097900390625,141
2025-07-17T20:32:17.989134,1,17,"[0, 1, 2, 3, 4, 5, 6, 7]",93.01580810546875,38.86482238769531,46.44097900390625,141,93.01580810546875,0.0,46.44097900390625,141
2025-07-17T20:32:17.995959,2,17,"[0, 1, 2, 3, 4, 5, 6, 7]",93.01580810546875,38.86482238769531,46.44097900390625,141,93.01580810546875,0.0,46.44097900390625,141
2025-07-17T20:32:18.003433,3,17,"[0, 1, 2, 3, 4, 5, 6, 7]",93.01580810546875,38.86456489562988,46.44097900390625,141,93.01580810546875,0.0,46.44097900390625,141
2025-07-17T20:32:18.010269,4,17,"[0, 1, 2, 3, 4, 5, 6, 7]",93.01580810546875,38.86540412902832,46.44097900390625,141,93.01580810546875,0.0,46.44097900390625,141
2025-07-17T20:32:18.017754,0,18,"[0, 1, 2, 3, 4, 5, 6, 7]",93.01580810546875,38.86540412902832,46.44097900390625,141,93.01580810546875,0.0,46.44097900390625,141
2025-07-17T20:32:18.024602,1,18,"[0, 1, 2, 3, 4, 5, 6, 7]",93.01580810546875,38.86540412902832,46.44097900390625,141,93.01580810546875,0.0,46.44097900390625,141
2025-07-17T20:32:18.031659,2,18,"[0, 1, 2, 3, 4, 5, 6, 7]",93.01580810546875,38.86540412902832,46.44097900390625,141,93.01580810546875,0.0,46.44097900390625,141
2025-07-17T20:32:18.038600,3,18,"[0, 1, 2, 3, 4, 5, 6, 7]",93.01580810546875,38.86540412902832,46.44097900390625,141,93.01580810546875,0.0,46.44097900390625,141
2025-07-17T20:32:18.045571,4,18,"[0, 1, 2, 3, 4, 5, 6, 7]",93.01580810546875,38.86540412902832,46.44097900390625,141,93.01580810546875,0.0,46.44097900390625,141
2025-07-17T20:32:18.052881,0,19,"[0, 1, 2, 3, 4, 5, 6, 7]",93.01580810546875,38.86540412902832,46.44097900390625,141,93.01580810546875,0.0,46.44097900390625,141
2025-07-17T20:32:18.059564,1,19,"[0, 1, 2, 3, 4, 5, 6, 7]",93.01580810546875,38.86540412902832,46.44097900390625,141,93.01580810546875,0.0,46.44097900390625,141
2025-07-17T20:32:18.063980,2,19,"[0, 1, 2, 3, 4, 5, 6, 7]",93.01580810546875,38.86540412902832,46.44097900390625,141,93.01580810546875,0.0,46.44097900390625,141
2025-07-17T20:32:18.075029,3,19,"[0, 1, 2, 3, 4, 5, 6, 7]",93.01580810546875,38.86482238769531,46.44097900390625,141,93.01580810546875,0.0,46.44097900390625,141
2025-07-17T20:32:18.082839,4,19,"[0, 1, 2, 3, 4, 5, 6, 7]",93.01580810546875,38.86456489562988,46.44097900390625,141,93.01580810546875,0.0,46.44097900390625,141
2025-07-17T20:32:18.089584,0,20,"[0, 1, 2, 3, 4, 5, 6, 7]",93.01580810546875,38.86456489562988,46.44097900390625,141,93.01580810546875,0.0,46.44097900390625,141
2025-07-17T20:32:18.096787,1,20,"[0, 1, 2, 3, 4, 5, 6, 7]",93.01580810546875,38.86456489562988,46.44097900390625,141,93.01580810546875,0.0,46.44097900390625,141
2025-07-17T20:32:18.103040,2,20,"[0, 1, 2, 3, 4, 5, 6, 7]",93.01580810546875,38.86540412902832,46.44097900390625,141,93.01580810546875,0.0,46.44097900390625,141
2025-07-17T20:32:18.109659,3,20,"[0, 1, 2, 3, 4, 5, 6, 7]",93.01580810546875,38.86540412902832,46.44097900390625,141,93.01580810546875,0.0,46.44097900390625,141
2025-07-17T20:32:18.117312,4,20,"[0, 1, 2, 3, 4, 5, 6, 7]",93.01580810546875,38.86540412902832,46.44097900390625,141,93.01580810546875,0.0,46.44097900390625,141
2025-07-17T20:32:18.124061,0,21,"[0, 1, 2, 3, 4, 5, 6, 7]",93.01580810546875,38.86540412902832,46.44097900390625,141,93.01580810546875,0.0,46.44097900390625,141
2025-07-17T20:32:18.131065,1,21,"[0, 1, 2, 3, 4, 5, 6, 7]",93.01580810546875,38.86540412902832,46.44097900390625,141,93.01580810546875,0.0,46.44097900390625,141
2025-07-17T20:32:18.139038,2,21,"[0, 1, 2, 3, 4, 5, 6, 7]",93.01580810546875,38.86540412902832,46.44097900390625,141,93.01580810546875,0.0,46.44097900390625,141
2025-07-17T20:32:18.146250,3,21,"[0, 1, 2, 3, 4, 5, 6, 7]",93.01580810546875,38.86540412902832,46.44097900390625,141,93.01580810546875,0.0,46.44097900390625,141
2025-07-17T20:32:18.154457,4,21,"[0, 1, 2, 3, 4, 5, 6, 7]",93.01580810546875,38.86540412902832,46.44097900390625,141,93.01580810546875,0.0,46.44097900390625,141
2025-07-17T20:32:18.162428,0,22,"[0, 1, 2, 3, 4, 5, 6, 7]",93.01580810546875,38.86540412902832,46.44097900390625,141,93.01580810546875,0.0,46.44097900390625,141
2025-07-17T20:32:18.164543,1,22,"[1, 2, 3, 4, 5, 6, 7]",93.01580810546875,38.86540412902832,46.44097900390625,141,93.01580810546875,0.0,46.44097900390625,141
2025-07-17T20:32:18.172013,2,22,"[0, 1, 2, 3, 4, 5, 6, 7]",93.01580810546875,38.86540412902832,46.44097900390625,141,93.01580810546875,0.0,46.44097900390625,141
2025-07-17T20:32:18.179263,3,22,"[1, 2, 3, 4, 5, 6, 7]",93.01580810546875,38.86540412902832,46.44097900390625,141,93.01580810546875,0.0,46.44097900390625,141
2025-07-17T20:32:18.187484,4,22,"[1, 2, 3, 4, 5, 6, 7]",93.01580810546875,38.86540412902832,46.44097900390625,141,93.01580810546875,0.0,46.44097900390625,141
2025-07-17T20:32:18.193744,0,23,"[0, 1, 2, 3, 4, 5, 6, 7]",93.01580810546875,38.86540412902832,46.44097900390625,141,93.01580810546875,0.0,46.44097900390625,141
2025-07-17T20:32:18.200585,1,23,"[0, 1, 2, 3, 4, 5, 6]",93.01580810546875,38.86540412902832,46.44097900390625,141,93.01580810546875,0.0,46.44097900390625,141
2025-07-17T20:32:18.207590,2,23,"[0, 1, 2, 3, 4, 5, 6, 7]",93.01580810546875,38.86540412902832,46.44097900390625,141,93.01580810546875,0.0,46.44097900390625,141
2025-07-17T20:32:18.214884,3,23,"[0, 1, 2, 3, 4, 5, 6]",93.01580810546875,38.86540412902832,46.44097900390625,141,93.01580810546875,0.0,46.44097900390625,141
2025-07-17T20:32:18.221181,4,23,"[0, 1, 2, 3, 4, 5, 6]",93.01580810546875,38.86540412902832,46.44097900390625,141,93.01580810546875,0.0,46.44097900390625,141
2025-07-17T20:32:18.233928,0,24,"[0, 1, 2, 3, 4, 5, 6, 7]",93.01580810546875,38.86540412902832,46.44097900390625,141,93.01580810546875,0.0,46.44097900390625,141
2025-07-17T20:32:18.236532,1,24,"[0, 1, 3, 4, 5, 6, 7]",93.01580810546875,38.86540412902832,46.44097900390625,141,93.01580810546875,0.0,46.44097900390625,141
2025-07-17T20:32:18.244062,2,24,"[0, 1, 2, 3, 4, 5, 6, 7]",93.01580810546875,38.86540412902832,46.44097900390625,141,93.01580810546875,0.0,46.44097900390625,141
2025-07-17T20:32:18.256633,3,24,"[0, 1, 3, 4, 5, 6, 7]",93.01580810546875,38.86540412902832,46.44097900390625,141,93.01580810546875,0.0,46.44097900390625,141
2025-07-17T20:32:18.258925,4,24,"[0, 1, 3, 4, 5, 6, 7]",93.01580810546875,38.86540412902832,46.44097900390625,141,93.01580810546875,0.0,46.44097900390625,141
2025-07-17T20:32:18.266843,0,25,"[0, 1, 2, 3, 4, 5, 6, 7]",93.01580810546875,38.86540412902832,46.44097900390625,141,93.01580810546875,0.0,46.44097900390625,141
2025-07-17T20:32:18.273628,1,25,"[0, 1, 2, 3, 4, 5, 6, 7]",93.01580810546875,38.86540412902832,46.44097900390625,141,93.01580810546875,0.0,46.44097900390625,141
2025-07-17T20:32:18.279894,2,25,"[0, 1, 2, 3, 4, 5, 6]",93.01580810546875,38.86540412902832,46.44097900390625,141,93.01580810546875,0.0,46.44097900390625,141
2025-07-17T20:32:18.287544,3,25,"[0, 1, 2, 3, 4, 5, 6, 7]",93.01580810546875,38.86540412902832,46.44097900390625,141,93.01580810546875,0.0,46.44097900390625,141
2025-07-17T20:32:18.301056,4,25,"[0, 1, 2, 3, 4, 5, 6, 7]",93.01580810546875,38.86540412902832,46.44097900390625,141,93.01580810546875,0.0,46.44097900390625,141
2025-07-17T20:32:18.303393,0,26,"[0, 1, 2, 3, 4, 5, 6, 7]",93.01580810546875,38.86540412902832,46.44097900390625,141,93.01580810546875,0.0,46.44097900390625,141
2025-07-17T20:32:18.310975,1,26,"[0, 1, 2, 3, 4, 5, 6, 7]",93.01580810546875,38.86540412902832,46.44097900390625,141,93.01580810546875,0.0,46.44097900390625,141
2025-07-17T20:32:18.317578,2,26,"[0, 1, 2, 3, 4, 5, 6, 7]",93.01580810546875,38.86540412902832,46.44097900390625,141,93.01580810546875,0.0,46.44097900390625,141
2025-07-17T20:32:18.325277,3,26,"[0, 1, 2, 3, 4, 5, 6, 7]",93.01580810546875,38.86540412902832,46.44097900390625,141,93.01580810546875,0.0,46.44097900390625,141
2025-07-17T20:32:18.332028,4,26,"[0, 1, 2, 3, 4, 5, 6, 7]",93.01580810546875,38.86540412902832,46.44097900390625,141,93.01580810546875,0.0,46.44097900390625,141
2025-07-17T20:32:18.338502,0,27,"[0, 1, 2, 3, 4, 5, 6, 7]",93.01580810546875,38.86540412902832,46.44097900390625,141,93.01580810546875,0.0,46.44097900390625,141
2025-07-17T20:32:18.346079,1,27,"[0, 1, 2, 3, 4, 5, 6, 7]",93.01580810546875,38.86540412902832,46.44097900390625,141,93.01580810546875,0.0,46.44097900390625,141
2025-07-17T20:32:18.353009,2,27,"[0, 1, 2, 3, 4, 5, 6, 7]",93.01580810546875,38.86540412902832,46.44097900390625,141,93.01580810546875,0.0,46.44097900390625,141
2025-07-17T20:32:18.359612,3,27,"[0, 1, 2, 3, 4, 5, 6, 7]",93.01580810546875,38.86540412902832,46.44097900390625,141,93.01580810546875,0.0,46.44097900390625,141
2025-07-17T20:32:18.366996,4,27,"[0, 1, 2, 3, 4, 5, 6, 7]",93.01580810546875,38.86540412902832,46.44097900390625,141,93.01580810546875,0.0,46.44097900390625,141
2025-07-17T20:32:18.374723,0,28,"[0, 1, 2, 3, 4, 5, 6, 7]",93.01580810546875,38.86540412902832,46.44097900390625,141,93.01580810546875,0.0,46.44097900390625,141
2025-07-17T20:32:18.381876,1,28,"[1, 2, 3, 4, 5, 6, 7]",93.01580810546875,38.86540412902832,46.44097900390625,141,93.01580810546875,0.0,46.44097900390625,141
2025-07-17T20:32:18.389276,2,28,"[0, 1, 2, 3, 5, 6, 7]",93.01580810546875,38.86540412902832,46.44097900390625,141,93.01580810546875,0.0,46.44097900390625,141
2025-07-17T20:32:18.396697,3,28,"[1, 2, 3, 4, 5, 6, 7]",93.01580810546875,38.86540412902832,46.44097900390625,141,93.01580810546875,0.0,46.44097900390625,141
2025-07-17T20:32:18.403203,4,28,"[1, 2, 3, 4, 5, 6, 7]",93.01580810546875,38.86540412902832,46.44097900390625,141,93.01580810546875,0.0,46.44097900390625,141
2025-07-17T20:32:18.409715,0,29,"[0, 1, 2, 3, 4, 5, 6, 7]",93.01580810546875,38.86540412902832,46.44097900390625,141,93.01580810546875,0.0,46.44097900390625,141
2025-07-17T20:32:18.415991,1,29,"[0, 1, 2, 3, 4, 5, 7]",93.01580810546875,38.86540412902832,46.44097900390625,141,93.01580810546875,0.0,46.44097900390625,141
2025-07-17T20:32:18.423162,2,29,"[0, 1, 2, 3, 5, 6, 7]",93.01580810546875,38.86540412902832,46.44097900390625,141,93.01580810546875,0.0,46.44097900390625,141
2025-07-17T20:32:18.429993,3,29,"[0, 1, 2, 3, 4, 5, 7]",93.01580810546875,38.86540412902832,46.44097900390625,141,93.01580810546875,0.0,46.44097900390625,141
2025-07-17T20:32:18.436786,4,29,"[0, 1, 2, 3, 4, 5, 7]",93.01580810546875,38.86540412902832,46.44097900390625,141,93.01580810546875,0.0,46.44097900390625,141
2025-07-17T20:32:18.448475,0,30,"[0, 1, 2, 3, 4, 5, 6, 7]",93.01580810546875,38.86540412902832,46.44097900390625,141,93.01580810546875,0.0,46.44097900390625,141
2025-07-17T20:32:18.455259,1,30,"[0, 2, 3, 4, 5, 6, 7]",93.01580810546875,38.86540412902832,46.44097900390625,141,93.01580810546875,0.0,46.44097900390625,141
2025-07-17T20:32:18.463017,2,30,"[0, 1, 2, 3, 4, 5, 6, 7]",93.01580810546875,38.86540412902832,46.44097900390625,141,93.01580810546875,0.0,46.44097900390625,141
2025-07-17T20:32:18.470711,3,30,"[0, 2, 3, 4, 5, 6, 7]",93.01580810546875,38.86540412902832,46.44097900390625,141,93.01580810546875,0.0,46.44097900390625,141
2025-07-17T20:32:18.478250,4,30,"[0, 2, 3, 4, 5, 6, 7]",93.01580810546875,38.86540412902832,46.44097900390625,141,93.01580810546875,0.0,46.44097900390625,141
2025-07-17T20:32:18.485439,0,31,"[0, 1, 2, 3, 4, 5, 6, 7]",93.01580810546875,38.87287998199463,46.44097900390625,141,93.01580810546875,0.0,46.44097900390625,141
2025-07-17T20:32:18.494339,1,31,"[0, 1, 2, 4, 5, 7]",93.01580810546875,38.86967182159424,46.44097900390625,141,93.01580810546875,0.0,46.44097900390625,141
2025-07-17T20:32:18.503031,2,31,"[0, 1, 2, 3, 4, 5, 6, 7]",93.01580810546875,38.86620616912842,46.44097900390625,141,93.01580810546875,0.0,46.44097900390625,141
2025-07-17T20:32:18.507084,3,31,"[0, 1, 2, 4, 5, 7]",93.01580810546875,38.863579750061035,46.44097900390625,141,93.01580810546875,0.0,46.44097900390625,141
2025-07-17T20:32:18.515384,4,31,"[0, 1, 2, 4, 5, 7]",93.01580810546875,38.86002254486084,46.44097900390625,141,93.01580810546875,0.0,46.44097900390625,141
2025-07-17T20:32:18.529253,0,0,"[0, 1, 2, 3, 4, 5, 6, 7]",93.01580810546875,38.85531425476074,46.44097900390625,141,93.01580810546875,0.0,46.44097900390625,141
2025-07-17T20:32:18.537615,1,0,"[0, 1, 2, 3, 4, 5, 6, 7]",93.01580810546875,38.85852241516113,46.44097900390625,141,93.01580810546875,0.0,46.44097900390625,141
2025-07-17T20:32:18.545414,2,0,"[0, 1, 2, 3, 4, 5, 6, 7]",93.01580810546875,38.86149787902832,46.44097900390625,141,93.01580810546875,0.0,46.44097900390625,141
2025-07-17T20:32:18.553377,3,0,"[0, 1, 2, 3, 4, 5, 6, 7]",93.01580810546875,38.86438179016113,46.44097900390625,141,93.01580810546875,0.0,46.44097900390625,141
2025-07-17T20:32:18.561563,4,0,"[0, 1, 2, 3, 4, 5, 6, 7]",93.01580810546875,38.86540412902832,46.44097900390625,141,93.01580810546875,0.0,46.44097900390625,141
2025-07-17T20:32:18.568964,0,1,"[0, 1, 2, 3, 4, 5, 6, 7]",93.01580810546875,38.86540412902832,46.44097900390625,141,93.01580810546875,0.0,46.44097900390625,141
2025-07-17T20:32:18.575677,1,1,"[0, 1, 2, 3, 4, 5, 6, 7]",93.01580810546875,38.86540412902832,46.44097900390625,141,93.01580810546875,0.0,46.44097900390625,141
2025-07-17T20:32:18.583049,2,1,"[0, 1, 2, 3, 4, 5, 6, 7]",93.01580810546875,38.86540412902832,46.44097900390625,141,93.01580810546875,0.0,46.44097900390625,141
2025-07-17T20:32:18.589847,3,1,"[0, 1, 2, 3, 4, 5, 6, 7]",93.01580810546875,38.86540412902832,46.44097900390625,141,93.01580810546875,0.0,46.44097900390625,141
2025-07-17T20:32:18.596533,4,1,"[0, 1, 2, 3, 4, 5, 6, 7]",93.01580810546875,38.86540412902832,46.44097900390625,141,93.01580810546875,0.0,46.44097900390625,141
2025-07-17T20:32:18.603945,0,2,"[0, 1, 2, 3, 4, 5, 6, 7]",93.01580810546875,38.86540412902832,46.44097900390625,141,93.01580810546875,0.0,46.44097900390625,141
2025-07-17T20:32:18.611308,1,2,"[0, 1, 2, 3, 4, 5, 6, 7]",93.01580810546875,38.86540412902832,46.44097900390625,141,93.01580810546875,0.0,46.44097900390625,141
2025-07-17T20:32:18.617706,2,2,"[0, 1, 2, 3, 4, 5, 6, 7]",93.01580810546875,38.86540412902832,46.44097900390625,141,93.01580810546875,0.0,46.44097900390625,141
2025-07-17T20:32:18.626893,3,2,"[0, 1, 2, 3, 4, 5, 6, 7]",93.01580810546875,38.86456489562988,46.44097900390625,141,93.01580810546875,0.0,46.44097900390625,141
2025-07-17T20:32:18.629548,4,2,"[0, 1, 2, 3, 4, 5, 6, 7]",93.01580810546875,38.86456489562988,46.44097900390625,141,93.01580810546875,0.0,46.44097900390625,141
2025-07-17T20:32:18.637770,0,3,"[0, 1, 2, 3, 4, 5, 6, 7]",93.01580810546875,38.86456489562988,46.44097900390625,141,93.01580810546875,0.0,46.44097900390625,141
2025-07-17T20:32:18.645092,1,3,"[0, 1, 2, 3, 4, 5, 6, 7]",93.01580810546875,38.86456489562988,46.44097900390625,141,93.01580810546875,0.0,46.44097900390625,141
2025-07-17T20:32:18.657149,2,3,"[0, 1, 2, 3, 4, 5, 6, 7]",93.01580810546875,38.86456489562988,46.44097900390625,141,93.01580810546875,0.0,46.44097900390625,141
2025-07-17T20:32:18.659392,3,3,"[0, 1, 2, 3, 4, 5, 6, 7]",93.01580810546875,38.86540412902832,46.44097900390625,141,93.01580810546875,0.0,46.44097900390625,141
2025-07-17T20:32:18.667516,4,3,"[0, 1, 2, 3, 4, 5, 6, 7]",93.01580810546875,38.86540412902832,46.44097900390625,141,93.01580810546875,0.0,46.44097900390625,141
2025-07-17T20:32:18.674250,0,4,"[0, 1, 2, 3, 4, 5, 6, 7]",93.01580810546875,38.86540412902832,46.44097900390625,141,93.01580810546875,0.0,46.44097900390625,141
2025-07-17T20:32:18.681247,1,4,"[0, 1, 2, 3, 4, 5, 6, 7]",93.01580810546875,38.86540412902832,46.44097900390625,141,93.01580810546875,0.0,46.44097900390625,141
2025-07-17T20:32:18.688652,2,4,"[0, 1, 2, 3, 4, 5, 6, 7]",93.01580810546875,38.86540412902832,46.44097900390625,141,93.01580810546875,0.0,46.44097900390625,141
2025-07-17T20:32:18.694794,3,4,"[0, 1, 2, 3, 4, 5, 6, 7]",93.01580810546875,38.86540412902832,46.44097900390625,141,93.01580810546875,0.0,46.44097900390625,141
2025-07-17T20:32:18.701626,4,4,"[0, 1, 2, 3, 4, 5, 6, 7]",93.01580810546875,38.86540412902832,46.44097900390625,141,93.01580810546875,0.0,46.44097900390625,141
2025-07-17T20:32:18.707916,0,5,"[0, 1, 2, 3, 4, 5, 6, 7]",93.01580810546875,38.86540412902832,46.44097900390625,141,93.01580810546875,0.0,46.44097900390625,141
2025-07-17T20:32:18.715892,1,5,"[0, 1, 2, 3, 4, 5, 6, 7]",93.01580810546875,38.86540412902832,46.44097900390625,141,93.01580810546875,0.0,46.44097900390625,141
2025-07-17T20:32:18.722830,2,5,"[0, 1, 2, 3, 4, 5, 6, 7]",93.01580810546875,38.86540412902832,46.44097900390625,141,93.01580810546875,0.0,46.44097900390625,141
2025-07-17T20:32:18.729739,3,5,"[0, 1, 2, 3, 4, 5, 6, 7]",93.01580810546875,38.86540412902832,46.44097900390625,141,93.01580810546875,0.0,46.44097900390625,141
2025-07-17T20:32:18.736736,4,5,"[0, 1, 2, 3, 4, 5, 6, 7]",93.01580810546875,38.86540412902832,46.44097900390625,141,93.01580810546875,0.0,46.44097900390625,141
2025-07-17T20:32:18.743196,0,6,"[0, 1, 2, 3, 4, 5, 6, 7]",93.01580810546875,38.86540412902832,46.44097900390625,141,93.01580810546875,0.0,46.44097900390625,141
2025-07-17T20:32:18.753966,1,6,"[0, 1, 2, 3, 4, 5, 6, 7]",93.01580810546875,38.86540412902832,46.44097900390625,141,93.01580810546875,0.0,46.44097900390625,141
2025-07-17T20:32:18.761880,2,6,"[0, 1, 2, 3, 4, 5, 7]",93.01580810546875,38.86540412902832,46.44097900390625,141,93.01580810546875,0.0,46.44097900390625,141
2025-07-17T20:32:18.764349,3,6,"[0, 1, 2, 3, 4, 5, 6, 7]",93.01580810546875,38.86540412902832,46.44097900390625,141,93.01580810546875,0.0,46.44097900390625,141
2025-07-17T20:32:18.774883,4,6,"[0, 1, 2, 3, 4, 5, 6, 7]",93.01580810546875,38.86540412902832,46.44097900390625,141,93.01580810546875,0.0,46.44097900390625,141
2025-07-17T20:32:18.781808,0,7,"[0, 1, 2, 3, 4, 5, 6, 7]",93.01580810546875,38.86540412902832,46.44097900390625,141,93.01580810546875,0.0,46.44097900390625,141
2025-07-17T20:32:18.789758,1,7,"[0, 1, 2, 3, 4, 5, 6, 7]",93.01580810546875,38.86540412902832,46.44097900390625,141,93.01580810546875,0.0,46.44097900390625,141
2025-07-17T20:32:18.797118,2,7,"[0, 1, 2, 3, 4, 5, 6, 7]",93.01580810546875,38.86540412902832,46.44097900390625,141,93.01580810546875,0.0,46.44097900390625,141
2025-07-17T20:32:18.804292,3,7,"[0, 1, 2, 3, 4, 5, 6, 7]",93.01580810546875,38.86540412902832,46.44097900390625,141,93.01580810546875,0.0,46.44097900390625,141
2025-07-17T20:32:18.810874,4,7,"[0, 1, 2, 3, 4, 5, 6, 7]",93.01580810546875,38.86540412902832,46.44097900390625,141,93.01580810546875,0.0,46.44097900390625,141
2025-07-17T20:32:18.818439,0,8,"[1, 2, 3, 4, 5, 6, 7]",93.01580810546875,38.86540412902832,46.44097900390625,141,93.01580810546875,0.0,46.44097900390625,141
2025-07-17T20:32:18.825920,1,8,"[1, 2, 3, 4, 5, 6, 7]",93.01580810546875,38.86540412902832,46.44097900390625,141,93.01580810546875,0.0,46.44097900390625,141
2025-07-17T20:32:18.832774,2,8,"[0, 1, 2, 3, 4, 5, 6, 7]",93.01580810546875,38.86540412902832,46.44097900390625,141,93.01580810546875,0.0,46.44097900390625,141
2025-07-17T20:32:18.839754,3,8,"[1, 2, 3, 4, 5, 6, 7]",93.01580810546875,38.86540412902832,46.44097900390625,141,93.01580810546875,0.0,46.44097900390625,141
2025-07-17T20:32:18.846936,4,8,"[1, 2, 3, 4, 5, 6, 7]",93.01580810546875,38.86540412902832,46.44097900390625,141,93.01580810546875,0.0,46.44097900390625,141
2025-07-17T20:32:18.853895,0,9,"[0, 1, 2, 3, 4, 5, 6, 7]",93.01580810546875,38.86540412902832,46.44097900390625,141,93.01580810546875,0.0,46.44097900390625,141
2025-07-17T20:32:18.861006,1,9,"[0, 1, 2, 3, 4, 5, 6, 7]",93.01580810546875,38.86540412902832,46.44097900390625,141,93.01580810546875,0.0,46.44097900390625,141
2025-07-17T20:32:18.867314,2,9,"[0, 1, 2, 3, 4, 5, 6, 7]",93.01580810546875,38.86540412902832,46.44097900390625,141,93.01580810546875,0.0,46.44097900390625,141
2025-07-17T20:32:18.875083,3,9,"[0, 1, 2, 3, 4, 5, 6, 7]",93.01580810546875,38.86540412902832,46.44097900390625,141,93.01580810546875,0.0,46.44097900390625,141
2025-07-17T20:32:18.883135,4,9,"[0, 1, 2, 3, 4, 5, 6, 7]",93.01580810546875,38.86540412902832,46.44097900390625,141,93.01580810546875,0.0,46.44097900390625,141
2025-07-17T20:32:18.890472,0,10,"[0, 1, 2, 3, 4, 5, 6, 7]",93.01580810546875,38.86540412902832,46.44097900390625,141,93.01580810546875,0.0,46.44097900390625,141
2025-07-17T20:32:18.893002,1,10,"[0, 1, 2, 3, 4, 5, 6, 7]",93.01580810546875,38.86540412902832,46.44097900390625,141,93.01580810546875,0.0,46.44097900390625,141
2025-07-17T20:32:18.900341,2,10,"[0, 1, 2, 3, 4, 5, 6, 7]",93.01580810546875,38.86540412902832,46.44097900390625,141,93.01580810546875,0.0,46.44097900390625,141
2025-07-17T20:32:18.908234,3,10,"[0, 1, 2, 3, 4, 5, 6, 7]",93.01580810546875,38.86540412902832,46.44097900390625,141,93.01580810546875,0.0,46.44097900390625,141
2025-07-17T20:32:18.915219,4,10,"[0, 1, 2, 3, 4, 5, 6, 7]",93.01580810546875,38.86540412902832,46.44097900390625,141,93.01580810546875,0.0,46.44097900390625,141
2025-07-17T20:32:18.921666,0,11,"[0, 1, 2, 3, 4, 5, 6, 7]",93.01580810546875,38.86540412902832,46.44097900390625,141,93.01580810546875,0.0,46.44097900390625,141
2025-07-17T20:32:18.929543,1,11,"[0, 1, 2, 3, 4, 5, 6, 7]",93.01580810546875,38.86540412902832,46.44097900390625,141,93.01580810546875,0.0,46.44097900390625,141
2025-07-17T20:32:18.936074,2,11,"[0, 1, 2, 3, 4, 5, 6, 7]",93.01580810546875,38.86540412902832,46.44097900390625,141,93.01580810546875,0.0,46.44097900390625,141
2025-07-17T20:32:18.943194,3,11,"[0, 1, 2, 3, 4, 5, 6, 7]",93.01580810546875,38.86540412902832,46.44097900390625,141,93.01580810546875,0.0,46.44097900390625,141
2025-07-17T20:32:18.949369,4,11,"[0, 1, 2, 3, 4, 5, 6, 7]",93.01580810546875,38.86540412902832,46.44097900390625,141,93.01580810546875,0.0,46.44097900390625,141
2025-07-17T20:32:18.955714,0,12,"[0, 1, 2, 3, 4, 5, 6, 7]",93.01580810546875,38.86540412902832,46.44097900390625,141,93.01580810546875,0.0,46.44097900390625,141
2025-07-17T20:32:18.962729,1,12,"[0, 1, 3, 4, 5, 6, 7]",93.01580810546875,38.86540412902832,46.44097900390625,141,93.01580810546875,0.0,46.44097900390625,141
2025-07-17T20:32:18.969763,2,12,"[0, 1, 2, 3, 4, 5, 6, 7]",93.01580810546875,38.86540412902832,46.44097900390625,141,93.01580810546875,0.0,46.44097900390625,141
2025-07-17T20:32:18.976796,3,12,"[0, 1, 3, 4, 5, 6, 7]",93.01580810546875,38.86540412902832,46.44097900390625,141,93.01580810546875,0.0,46.44097900390625,141
2025-07-17T20:32:18.990095,4,12,"[0, 1, 3, 4, 5, 6, 7]",93.01580810546875,38.86540412902832,46.44097900390625,141,93.01580810546875,0.0,46.44097900390625,141
2025-07-17T20:32:18.992086,0,13,"[0, 1, 2, 3, 4, 5, 6, 7]",93.01580810546875,38.86540412902832,46.44097900390625,141,93.01580810546875,0.0,46.44097900390625,141
2025-07-17T20:32:19.000084,1,13,"[0, 1, 2, 3, 4, 5, 6, 7]",93.01580810546875,38.86540412902832,46.44097900390625,141,93.01580810546875,0.0,46.44097900390625,141
2025-07-17T20:32:19.006278,2,13,"[0, 1, 2, 3, 4, 5, 6, 7]",93.01580810546875,38.86540412902832,46.44097900390625,141,93.01580810546875,0.0,46.44097900390625,141
2025-07-17T20:32:19.013062,3,13,"[0, 1, 2, 3, 4, 5, 6, 7]",93.01580810546875,38.86540412902832,46.44097900390625,141,93.01580810546875,0.0,46.44097900390625,141
2025-07-17T20:32:19.019576,4,13,"[0, 1, 2, 3, 4, 5, 6, 7]",93.01580810546875,38.86540412902832,46.44097900390625,141,93.01580810546875,0.0,46.44097900390625,141
2025-07-17T20:32:19.027563,0,14,"[0, 1, 2, 3, 4, 5, 6, 7]",93.01580810546875,38.86540412902832,46.44097900390625,141,93.01580810546875,0.0,46.44097900390625,141
2025-07-17T20:32:19.033840,1,14,"[0, 1, 2, 3, 4, 5, 6]",93.01580810546875,38.86540412902832,46.44097900390625,141,93.01580810546875,0.0,46.44097900390625,141
2025-07-17T20:32:19.041506,2,14,"[0, 1, 2, 3, 4, 5, 6, 7]",93.01580810546875,38.86540412902832,46.44097900390625,141,93.01580810546875,0.0,46.44097900390625,141
2025-07-17T20:32:19.048705,3,14,"[0, 1, 2, 3, 4, 5, 6]",93.01580810546875,38.86540412902832,46.44097900390625,141,93.01580810546875,0.0,46.44097900390625,141
2025-07-17T20:32:19.054879,4,14,"[0, 1, 2, 3, 4, 5, 6]",93.01580810546875,38.86540412902832,46.44097900390625,141,93.01580810546875,0.0,46.44097900390625,141
2025-07-17T20:32:19.061950,0,15,"[0, 1, 2, 3, 4, 5, 6, 7]",93.01580810546875,38.86540412902832,46.44097900390625,141,93.01580810546875,0.0,46.44097900390625,141
2025-07-17T20:32:19.068814,1,15,"[0, 1, 2, 3, 4, 5, 7]",93.01580810546875,38.86540412902832,46.44097900390625,141,93.01580810546875,0.0,46.44097900390625,141
2025-07-17T20:32:19.076739,2,15,"[0, 1, 2, 3, 4, 5, 6, 7]",93.01580810546875,38.86540412902832,46.44097900390625,141,93.01580810546875,0.0,46.44097900390625,141
2025-07-17T20:32:19.083734,3,15,"[0, 1, 2, 3, 4, 5, 7]",93.01580810546875,38.86540412902832,46.44097900390625,141,93.01580810546875,0.0,46.44097900390625,141
2025-07-17T20:32:19.091255,4,15,"[0, 1, 2, 3, 4, 5, 7]",93.01580810546875,38.86540412902832,46.44097900390625,141,93.01580810546875,0.0,46.44097900390625,141
2025-07-17T20:32:19.104167,0,16,"[0, 1, 2, 3, 4, 5, 6, 7]",93.01580810546875,38.86540412902832,46.44097900390625,141,93.01580810546875,0.0,46.44097900390625,141
2025-07-17T20:32:19.111012,1,16,"[0, 1, 2, 3, 5, 6, 7]",93.01580810546875,38.86540412902832,46.44097900390625,141,93.01580810546875,0.0,46.44097900390625,141
2025-07-17T20:32:19.113209,2,16,"[0, 1, 2, 3, 4, 5, 6, 7]",93.01580810546875,38.86540412902832,46.44097900390625,141,93.01580810546875,0.0,46.44097900390625,141
2025-07-17T20:32:19.120651,3,16,"[0, 1, 2, 3, 5, 6, 7]",93.01580810546875,38.86540412902832,46.44097900390625,141,93.01580810546875,0.0,46.44097900390625,141
2025-07-17T20:32:19.133162,4,16,"[0, 1, 2, 3, 5, 6, 7]",93.01580810546875,38.86540412902832,46.44097900390625,141,93.01580810546875,0.0,46.44097900390625,141
2025-07-17T20:32:19.135329,0,17,"[0, 1, 2, 3, 4, 5, 6, 7]",93.01580810546875,38.86540412902832,46.44097900390625,141,93.01580810546875,0.0,46.44097900390625,141
2025-07-17T20:32:19.141528,1,17,"[0, 1, 3, 4, 5, 6, 7]",93.01580810546875,38.86540412902832,46.44097900390625,141,93.01580810546875,0.0,46.44097900390625,141
2025-07-17T20:32:19.149822,2,17,"[0, 1, 2, 3, 4, 5, 6, 7]",93.01580810546875,38.86540412902832,46.44097900390625,141,93.01580810546875,0.0,46.44097900390625,141
2025-07-17T20:32:19.161924,3,17,"[0, 1, 3, 4, 5, 6, 7]",93.01580810546875,38.86540412902832,46.44097900390625,141,93.01580810546875,0.0,46.44097900390625,141
2025-07-17T20:32:19.164028,4,17,"[0, 1, 3, 4, 5, 6, 7]",93.01580810546875,38.86540412902832,46.44097900390625,141,93.01580810546875,0.0,46.44097900390625,141
2025-07-17T20:32:19.176259,0,18,"[0, 1, 2, 3, 4, 5, 6, 7]",93.01580810546875,38.86540412902832,46.44097900390625,141,93.01580810546875,0.0,46.44097900390625,141
2025-07-17T20:32:19.183771,1,18,"[0, 1, 2, 3, 4, 5, 6, 7]",93.01580810546875,38.86540412902832,46.44097900390625,141,93.01580810546875,0.0,46.44097900390625,141
2025-07-17T20:32:19.186090,2,18,"[0, 1, 2, 3, 4, 5, 6, 7]",93.01580810546875,38.86540412902832,46.44097900390625,141,93.01580810546875,0.0,46.44097900390625,141
2025-07-17T20:32:19.192650,3,18,"[0, 1, 2, 3, 4, 5, 6, 7]",93.01580810546875,38.86540412902832,46.44097900390625,141,93.01580810546875,0.0,46.44097900390625,141
2025-07-17T20:32:19.199370,4,18,"[0, 1, 2, 3, 4, 5, 6, 7]",93.01580810546875,38.86540412902832,46.44097900390625,141,93.01580810546875,0.0,46.44097900390625,141
2025-07-17T20:32:19.205644,0,19,"[0, 1, 2, 3, 4, 5, 6, 7]",93.01580810546875,38.86540412902832,46.44097900390625,141,93.01580810546875,0.0,46.44097900390625,141
2025-07-17T20:32:19.211733,1,19,"[0, 1, 2, 3, 4, 5, 6, 7]",93.01580810546875,38.86540412902832,46.44097900390625,141,93.01580810546875,0.0,46.44097900390625,141
2025-07-17T20:32:19.217950,2,19,"[0, 1, 2, 3, 4, 5, 6, 7]",93.01580810546875,38.86540412902832,46.44097900390625,141,93.01580810546875,0.0,46.44097900390625,141
2025-07-17T20:32:19.224542,3,19,"[0, 1, 2, 3, 4, 5, 6, 7]",93.01580810546875,38.86540412902832,46.44097900390625,141,93.01580810546875,0.0,46.44097900390625,141
2025-07-17T20:32:19.237499,4,19,"[0, 1, 2, 3, 4, 5, 6, 7]",93.01580810546875,38.86540412902832,46.44097900390625,141,93.01580810546875,0.0,46.44097900390625,141
2025-07-17T20:32:19.239808,0,20,"[0, 1, 2, 3, 4, 5, 6, 7]",93.01580810546875,38.86540412902832,46.44097900390625,141,93.01580810546875,0.0,46.44097900390625,141
2025-07-17T20:32:19.246781,1,20,"[0, 1, 2, 3, 4, 6, 7]",93.01580810546875,38.86540412902832,46.44097900390625,141,93.01580810546875,0.0,46.44097900390625,141
2025-07-17T20:32:19.255886,2,20,"[0, 1, 2, 3, 4, 5, 6, 7]",93.01580810546875,38.86540412902832,46.44097900390625,141,93.01580810546875,0.0,46.44097900390625,141
2025-07-17T20:32:19.262453,3,20,"[0, 1, 2, 3, 4, 6, 7]",93.01580810546875,38.86540412902832,46.44097900390625,141,93.01580810546875,0.0,46.44097900390625,141
2025-07-17T20:32:19.268847,4,20,"[0, 1, 2, 3, 4, 6, 7]",93.01580810546875,38.86540412902832,46.44097900390625,141,93.01580810546875,0.0,46.44097900390625,141
2025-07-17T20:32:19.275064,0,21,"[0, 1, 2, 3, 4, 5, 6, 7]",93.01580810546875,38.86540412902832,46.44097900390625,141,93.01580810546875,0.0,46.44097900390625,141
2025-07-17T20:32:19.281703,1,21,"[0, 1, 2, 3, 4, 5, 6, 7]",93.01580810546875,38.86540412902832,46.44097900390625,141,93.01580810546875,0.0,46.44097900390625,141
2025-07-17T20:32:19.293523,2,21,"[0, 1, 2, 3, 4, 5, 6, 7]",93.01580810546875,38.86540412902832,46.44097900390625,141,93.01580810546875,0.0,46.44097900390625,141
2025-07-17T20:32:19.300458,3,21,"[0, 1, 2, 3, 4, 5, 6, 7]",93.01580810546875,38.86540412902832,46.44097900390625,141,93.01580810546875,0.0,46.44097900390625,141
2025-07-17T20:32:19.302565,4,21,"[0, 1, 2, 3, 4, 5, 6, 7]",93.01580810546875,38.86540412902832,46.44097900390625,141,93.01580810546875,0.0,46.44097900390625,141
2025-07-17T20:32:19.310110,0,22,"[0, 1, 2, 3, 4, 5, 6, 7]",93.01580810546875,38.86540412902832,46.44097900390625,141,93.01580810546875,0.0,46.44097900390625,141
2025-07-17T20:32:19.316396,1,22,"[0, 1, 2, 3, 4, 5, 6, 7]",93.01580810546875,38.86540412902832,46.44097900390625,141,93.01580810546875,0.0,46.44097900390625,141
2025-07-17T20:32:19.322682,2,22,"[0, 1, 2, 3, 4, 5, 6, 7]",93.01580810546875,38.86540412902832,46.44097900390625,141,93.01580810546875,0.0,46.44097900390625,141
2025-07-17T20:32:19.329533,3,22,"[0, 1, 2, 3, 4, 5, 6, 7]",93.01580810546875,38.86540412902832,46.44097900390625,141,93.01580810546875,0.0,46.44097900390625,141
2025-07-17T20:32:19.336813,4,22,"[0, 1, 2, 3, 4, 5, 6, 7]",93.01580810546875,38.86540412902832,46.44097900390625,141,93.01580810546875,0.0,46.44097900390625,141
2025-07-17T20:32:19.344141,0,23,"[0, 1, 2, 3, 4, 5, 6, 7]",93.01580810546875,38.86540412902832,46.44097900390625,141,93.01580810546875,0.0,46.44097900390625,141
2025-07-17T20:32:19.352690,1,23,"[0, 1, 2, 3, 4, 5, 6, 7]",93.01580810546875,38.86540412902832,46.44097900390625,141,93.01580810546875,0.0,46.44097900390625,141
2025-07-17T20:32:19.359628,2,23,"[0, 1, 2, 3, 4, 5, 6, 7]",93.01580810546875,38.86540412902832,46.44097900390625,141,93.01580810546875,0.0,46.44097900390625,141
2025-07-17T20:32:19.366194,3,23,"[0, 1, 2, 3, 4, 5, 6, 7]",93.01580810546875,38.86540412902832,46.44097900390625,141,93.01580810546875,0.0,46.44097900390625,141
2025-07-17T20:32:19.378581,4,23,"[0, 1, 2, 3, 4, 5, 6, 7]",93.01580810546875,38.86540412902832,46.44097900390625,141,93.01580810546875,0.0,46.44097900390625,141
2025-07-17T20:32:19.380740,0,24,"[0, 1, 2, 3, 4, 5, 6, 7]",93.01580810546875,38.86540412902832,46.44097900390625,141,93.01580810546875,0.0,46.44097900390625,141
2025-07-17T20:32:19.388083,1,24,"[0, 1, 3, 4, 5, 6, 7]",93.01580810546875,38.86540412902832,46.44097900390625,141,93.01580810546875,0.0,46.44097900390625,141
2025-07-17T20:32:19.395429,2,24,"[0, 1, 2, 3, 4, 5, 6, 7]",93.01580810546875,38.86540412902832,46.44097900390625,141,93.01580810546875,0.0,46.44097900390625,141
2025-07-17T20:32:19.403259,3,24,"[0, 1, 3, 4, 5, 6, 7]",93.01580810546875,38.86540412902832,46.44097900390625,141,93.01580810546875,0.0,46.44097900390625,141
2025-07-17T20:32:19.411062,4,24,"[0, 1, 3, 4, 5, 6, 7]",93.01580810546875,38.86540412902832,46.44097900390625,141,93.01580810546875,0.0,46.44097900390625,141
2025-07-17T20:32:19.417394,0,25,"[0, 1, 2, 3, 4, 5, 6, 7]",93.01580810546875,38.86540412902832,46.44097900390625,141,93.01580810546875,0.0,46.44097900390625,141
2025-07-17T20:32:19.425705,1,25,"[0, 1, 2, 3, 4, 5, 6, 7]",93.01580810546875,38.86540412902832,46.44097900390625,141,93.01580810546875,0.0,46.44097900390625,141
2025-07-17T20:32:19.437908,2,25,"[0, 1, 2, 3, 4, 5, 6, 7]",93.01580810546875,38.86540412902832,46.44097900390625,141,93.01580810546875,0.0,46.44097900390625,141
2025-07-17T20:32:19.440163,3,25,"[0, 1, 2, 3, 4, 5, 6, 7]",93.01580810546875,38.86540412902832,46.44097900390625,141,93.01580810546875,0.0,46.44097900390625,141
2025-07-17T20:32:19.447739,4,25,"[0, 1, 2, 3, 4, 5, 6, 7]",93.01580810546875,38.86540412902832,46.44097900390625,141,93.01580810546875,0.0,46.44097900390625,141
2025-07-17T20:32:19.454399,0,26,"[0, 1, 2, 3, 4, 5, 6, 7]",93.01580810546875,38.86540412902832,46.44097900390625,141,93.01580810546875,0.0,46.44097900390625,141
2025-07-17T20:32:19.461153,1,26,"[0, 1, 2, 3, 4, 5, 6, 7]",93.01580810546875,38.86540412902832,46.44097900390625,141,93.01580810546875,0.0,46.44097900390625,141
2025-07-17T20:32:19.472862,2,26,"[0, 1, 2, 3, 4, 5, 6, 7]",93.01580810546875,38.86540412902832,46.44097900390625,141,93.01580810546875,0.0,46.44097900390625,141
2025-07-17T20:32:19.475292,3,26,"[0, 1, 2, 3, 4, 5, 6, 7]",93.01580810546875,38.86540412902832,46.44097900390625,141,93.01580810546875,0.0,46.44097900390625,141
2025-07-17T20:32:19.488890,4,26,"[0, 1, 2, 3, 4, 5, 6, 7]",93.01580810546875,38.86540412902832,46.44097900390625,141,93.01580810546875,0.0,46.44097900390625,141
2025-07-17T20:32:19.491105,0,27,"[0, 1, 2, 3, 4, 5, 6, 7]",93.01580810546875,38.86540412902832,46.44097900390625,141,93.01580810546875,0.0,46.44097900390625,141
2025-07-17T20:32:19.503705,1,27,"[0, 1, 3, 4, 5, 6, 7]",93.01580810546875,38.86540412902832,46.44097900390625,141,93.01580810546875,0.0,46.44097900390625,141
2025-07-17T20:32:19.505941,2,27,"[0, 1, 2, 3, 4, 5, 6, 7]",93.01580810546875,38.86540412902832,46.44097900390625,141,93.01580810546875,0.0,46.44097900390625,141
2025-07-17T20:32:19.513674,3,27,"[0, 1, 3, 4, 5, 6, 7]",93.01580810546875,38.86540412902832,46.44097900390625,141,93.01580810546875,0.0,46.44097900390625,141
2025-07-17T20:32:19.519734,4,27,"[0, 1, 3, 4, 5, 6, 7]",93.01580810546875,38.86540412902832,46.44097900390625,141,93.01580810546875,0.0,46.44097900390625,141
2025-07-17T20:32:19.527596,0,28,"[0, 1, 2, 3, 4, 5, 6, 7]",93.01580810546875,38.86540412902832,46.44097900390625,141,93.01580810546875,0.0,46.44097900390625,141
2025-07-17T20:32:19.534200,1,28,"[0, 1, 2, 3, 4, 5, 6, 7]",93.01580810546875,38.86540412902832,46.44097900390625,141,93.01580810546875,0.0,46.44097900390625,141
2025-07-17T20:32:19.541143,2,28,"[0, 1, 2, 3, 4, 5, 6, 7]",93.01580810546875,38.86540412902832,46.44097900390625,141,93.01580810546875,0.0,46.44097900390625,141
2025-07-17T20:32:19.548912,3,28,"[0, 1, 2, 3, 4, 5, 6, 7]",93.01580810546875,38.86540412902832,46.44097900390625,141,93.01580810546875,0.0,46.44097900390625,141
2025-07-17T20:32:19.555523,4,28,"[0, 1, 2, 3, 4, 5, 6, 7]",93.01580810546875,38.86540412902832,46.44097900390625,141,93.01580810546875,0.0,46.44097900390625,141
2025-07-17T20:32:19.563226,0,29,"[0, 1, 2, 3, 4, 5, 6, 7]",93.01580810546875,38.86540412902832,46.44097900390625,141,93.01580810546875,0.0,46.44097900390625,141
2025-07-17T20:32:19.570831,1,29,"[0, 1, 2, 3, 4, 5, 6, 7]",93.01580810546875,38.86540412902832,46.44097900390625,141,93.01580810546875,0.0,46.44097900390625,141
2025-07-17T20:32:19.582752,2,29,"[0, 1, 2, 3, 4, 5, 6, 7]",93.01580810546875,38.86540412902832,46.44097900390625,141,93.01580810546875,0.0,46.44097900390625,141
2025-07-17T20:32:19.584966,3,29,"[0, 1, 2, 3, 4, 5, 6, 7]",93.01580810546875,38.86540412902832,46.44097900390625,141,93.01580810546875,0.0,46.44097900390625,141
2025-07-17T20:32:19.592334,4,29,"[0, 1, 2, 3, 4, 5, 6, 7]",93.01580810546875,38.86540412902832,46.44097900390625,141,93.01580810546875,0.0,46.44097900390625,141
2025-07-17T20:32:19.598620,0,30,"[0, 1, 2, 3, 4, 5, 6, 7]",93.01580810546875,38.86540412902832,46.44097900390625,141,93.01580810546875,0.0,46.44097900390625,141
2025-07-17T20:32:19.605542,1,30,"[0, 2, 3, 4, 5, 6, 7]",93.01580810546875,38.86540412902832,46.44097900390625,141,93.01580810546875,0.0,46.44097900390625,141
2025-07-17T20:32:19.612860,2,30,"[0, 1, 2, 3, 4, 5, 6, 7]",93.01580810546875,38.86540412902832,46.44097900390625,141,93.01580810546875,0.0,46.44097900390625,141
2025-07-17T20:32:19.619613,3,30,"[0, 2, 3, 4, 5, 6, 7]",93.01580810546875,38.86540412902832,46.44097900390625,141,93.01580810546875,0.0,46.44097900390625,141
2025-07-17T20:32:19.627474,4,30,"[0, 2, 3, 4, 5, 6, 7]",93.01580810546875,38.86540412902832,46.44097900390625,141,93.01580810546875,0.0,46.44097900390625,141
2025-07-17T20:32:19.634524,0,31,"[0, 1, 2, 3, 4, 5, 6, 7]",93.01580810546875,38.87229824066162,46.44097900390625,141,93.01580810546875,0.0,46.44097900390625,141
2025-07-17T20:32:19.647944,1,31,"[0, 1, 2, 5, 6, 7]",93.01580810546875,38.86909008026123,46.44097900390625,141,93.01580810546875,0.0,46.44097900390625,141
2025-07-17T20:32:19.657924,2,31,"[0, 1, 2, 3, 4, 5, 6, 7]",93.01580810546875,38.86646366119385,46.44097900390625,141,93.01580810546875,0.0,46.44097900390625,141
2025-07-17T20:32:19.661675,3,31,"[0, 1, 2, 5, 6, 7]",93.01580810546875,38.86299800872803,46.44097900390625,141,93.01580810546875,0.0,46.44097900390625,141
2025-07-17T20:32:19.668038,4,31,"[0, 1, 2, 5, 6, 7]",93.01580810546875,38.86002254486084,46.44097900390625,141,93.01580810546875,0.0,46.44097900390625,141
2025-07-17T20:32:19.684374,0,0,"[0, 1, 2, 3, 4, 5, 6, 7]",93.01580810546875,38.85531425476074,46.44097900390625,141,93.01580810546875,0.0,46.44097900390625,141
2025-07-17T20:32:19.686841,1,0,"[0, 1, 2, 3, 4, 5, 6, 7]",93.01580810546875,38.85852241516113,46.44097900390625,141,93.01580810546875,0.0,46.44097900390625,141
2025-07-17T20:32:19.694253,2,0,"[0, 1, 2, 3, 4, 5, 6, 7]",93.01580810546875,38.86149787902832,46.44097900390625,141,93.01580810546875,0.0,46.44097900390625,141
2025-07-17T20:32:19.702147,3,0,"[0, 1, 2, 3, 4, 5, 6, 7]",93.01580810546875,38.86438179016113,46.44097900390625,141,93.01580810546875,0.0,46.44097900390625,141
2025-07-17T20:32:19.709390,4,0,"[0, 1, 2, 3, 4, 5, 6, 7]",93.01580810546875,38.86540412902832,46.44097900390625,141,93.01580810546875,0.0,46.44097900390625,141
2025-07-17T20:32:19.717277,0,1,"[0, 1, 2, 4, 5, 6, 7]",93.01580810546875,38.86540412902832,46.44097900390625,141,93.01580810546875,0.0,46.44097900390625,141
2025-07-17T20:32:19.729100,1,1,"[0, 1, 2, 3, 4, 5, 6, 7]",93.01580810546875,38.86540412902832,46.44097900390625,141,93.01580810546875,0.0,46.44097900390625,141
2025-07-17T20:32:19.731799,2,1,"[0, 1, 2, 3, 4, 5, 6, 7]",93.01580810546875,38.86540412902832,46.44097900390625,141,93.01580810546875,0.0,46.44097900390625,141
2025-07-17T20:32:19.739097,3,1,"[0, 1, 2, 3, 4, 5, 6, 7]",93.01580810546875,38.86540412902832,46.44097900390625,141,93.01580810546875,0.0,46.44097900390625,141
2025-07-17T20:32:19.751313,4,1,"[0, 1, 2, 3, 4, 5, 6, 7]",93.01580810546875,38.86540412902832,46.44097900390625,141,93.01580810546875,0.0,46.44097900390625,141
2025-07-17T20:32:19.753286,0,2,"[0, 1, 2, 3, 4, 5, 6, 7]",93.01580810546875,38.86540412902832,46.44097900390625,141,93.01580810546875,0.0,46.44097900390625,141
2025-07-17T20:32:19.760378,1,2,"[0, 1, 2, 3, 4, 5, 6, 7]",93.01580810546875,38.86540412902832,46.44097900390625,141,93.01580810546875,0.0,46.44097900390625,141
2025-07-17T20:32:19.768642,2,2,"[0, 1, 2, 3, 4, 5, 6, 7]",93.01580810546875,38.86540412902832,46.44097900390625,141,93.01580810546875,0.0,46.44097900390625,141
2025-07-17T20:32:19.775089,3,2,"[0, 1, 2, 3, 4, 5, 6, 7]",93.01580810546875,38.86540412902832,46.44097900390625,141,93.01580810546875,0.0,46.44097900390625,141
2025-07-17T20:32:19.782291,4,2,"[0, 1, 2, 3, 4, 5, 6, 7]",93.01580810546875,38.86540412902832,46.44097900390625,141,93.01580810546875,0.0,46.44097900390625,141
2025-07-17T20:32:19.789499,0,3,"[0, 1, 2, 3, 4, 5, 6, 7]",93.01580810546875,38.86540412902832,46.44097900390625,141,93.01580810546875,0.0,46.44097900390625,141
2025-07-17T20:32:19.796586,1,3,"[0, 1, 2, 3, 4, 5, 6, 7]",93.01580810546875,38.86540412902832,46.44097900390625,141,93.01580810546875,0.0,46.44097900390625,141
2025-07-17T20:32:19.804316,2,3,"[0, 1, 2, 3, 4, 5, 6, 7]",93.01580810546875,38.86540412902832,46.44097900390625,141,93.01580810546875,0.0,46.44097900390625,141
2025-07-17T20:32:19.817307,3,3,"[0, 1, 2, 3, 4, 5, 6, 7]",93.01580810546875,38.86540412902832,46.44097900390625,141,93.01580810546875,0.0,46.44097900390625,141
2025-07-17T20:32:19.824253,4,3,"[0, 1, 2, 3, 4, 5, 6, 7]",93.01580810546875,38.86540412902832,46.44097900390625,141,93.01580810546875,0.0,46.44097900390625,141
2025-07-17T20:32:19.831881,0,4,"[0, 1, 2, 3, 4, 5, 6, 7]",93.01580810546875,38.86540412902832,46.44097900390625,141,93.01580810546875,0.0,46.44097900390625,141
2025-07-17T20:32:19.839408,1,4,"[0, 1, 2, 3, 4, 5, 6, 7]",93.01580810546875,38.86540412902832,46.44097900390625,141,93.01580810546875,0.0,46.44097900390625,141
2025-07-17T20:32:19.846706,2,4,"[0, 1, 2, 3, 4, 5, 6, 7]",93.01580810546875,38.86540412902832,46.44097900390625,141,93.01580810546875,0.0,46.44097900390625,141
2025-07-17T20:32:19.853529,3,4,"[0, 1, 2, 3, 4, 5, 6, 7]",93.01580810546875,38.86540412902832,46.44097900390625,141,93.01580810546875,0.0,46.44097900390625,141
2025-07-17T20:32:19.861684,4,4,"[0, 1, 2, 3, 4, 5, 6, 7]",93.01580810546875,38.86540412902832,46.44097900390625,141,93.01580810546875,0.0,46.44097900390625,141
2025-07-17T20:32:19.868901,0,5,"[0, 1, 2, 3, 4, 5, 6, 7]",93.01580810546875,38.86482238769531,46.44097900390625,141,93.01580810546875,0.0,46.44097900390625,141
2025-07-17T20:32:19.877040,1,5,"[0, 1, 2, 4, 5, 6, 7]",93.01580810546875,38.86482238769531,46.44097900390625,141,93.01580810546875,0.0,46.44097900390625,141
2025-07-17T20:32:19.884518,2,5,"[0, 1, 2, 3, 4, 5, 6, 7]",93.01580810546875,38.86540412902832,46.44097900390625,141,93.01580810546875,0.0,46.44097900390625,141
2025-07-17T20:32:19.892092,3,5,"[0, 1, 2, 4, 5, 6, 7]",93.01580810546875,38.86456489562988,46.44097900390625,141,93.01580810546875,0.0,46.44097900390625,141
2025-07-17T20:32:19.900714,4,5,"[0, 1, 2, 4, 5, 6, 7]",93.01580810546875,38.86540412902832,46.44097900390625,141,93.01580810546875,0.0,46.44097900390625,141
2025-07-17T20:32:19.908239,0,6,"[0, 1, 2, 3, 4, 5, 6, 7]",93.01580810546875,38.86540412902832,46.44097900390625,141,93.01580810546875,0.0,46.44097900390625,141
2025-07-17T20:32:19.915268,1,6,"[0, 2, 3, 4, 5, 6, 7]",93.01580810546875,38.86540412902832,46.44097900390625,141,93.01580810546875,0.0,46.44097900390625,141
2025-07-17T20:32:19.922243,2,6,"[0, 1, 2, 3, 4, 5, 6, 7]",93.01580810546875,38.86540412902832,46.44097900390625,141,93.01580810546875,0.0,46.44097900390625,141
2025-07-17T20:32:19.929121,3,6,"[0, 2, 3, 4, 5, 6, 7]",93.01580810546875,38.86540412902832,46.44097900390625,141,93.01580810546875,0.0,46.44097900390625,141
2025-07-17T20:32:19.936101,4,6,"[0, 2, 3, 4, 5, 6, 7]",93.01580810546875,38.86540412902832,46.44097900390625,141,93.01580810546875,0.0,46.44097900390625,141
2025-07-17T20:32:19.942879,0,7,"[0, 1, 2, 3, 4, 5, 6, 7]",93.01580810546875,38.86540412902832,46.44097900390625,141,93.01580810546875,0.0,46.44097900390625,141
2025-07-17T20:32:19.949701,1,7,"[0, 1, 2, 3, 4, 5, 6]",93.01580810546875,38.86540412902832,46.44097900390625,141,93.01580810546875,0.0,46.44097900390625,141
2025-07-17T20:32:19.956866,2,7,"[0, 1, 2, 3, 4, 5, 6]",93.01580810546875,38.86540412902832,46.44097900390625,141,93.01580810546875,0.0,46.44097900390625,141
2025-07-17T20:32:19.963732,3,7,"[0, 1, 2, 3, 4, 5, 6]",93.01580810546875,38.86540412902832,46.44097900390625,141,93.01580810546875,0.0,46.44097900390625,141
2025-07-17T20:32:19.971043,4,7,"[0, 1, 2, 3, 4, 5, 6]",93.01580810546875,38.86540412902832,46.44097900390625,141,93.01580810546875,0.0,46.44097900390625,141
2025-07-17T20:32:19.978500,0,8,"[0, 1, 2, 3, 4, 5, 6, 7]",93.01580810546875,38.86540412902832,46.44097900390625,141,93.01580810546875,0.0,46.44097900390625,141
2025-07-17T20:32:19.985209,1,8,"[0, 1, 2, 3, 4, 5, 6, 7]",93.01580810546875,38.86540412902832,46.44097900390625,141,93.01580810546875,0.0,46.44097900390625,141
2025-07-17T20:32:19.992254,2,8,"[0, 1, 3, 4, 5, 6, 7]",93.01580810546875,38.86540412902832,46.44097900390625,141,93.01580810546875,0.0,46.44097900390625,141
2025-07-17T20:32:19.998722,3,8,"[0, 1, 2, 3, 4, 5, 6, 7]",93.01580810546875,38.86540412902832,46.44097900390625,141,93.01580810546875,0.0,46.44097900390625,141
2025-07-17T20:32:20.006022,4,8,"[0, 1, 2, 3, 4, 5, 6, 7]",93.01580810546875,38.86456489562988,46.44097900390625,141,93.01580810546875,0.0,46.44097900390625,141
2025-07-17T20:32:20.012816,0,9,"[0, 1, 2, 3, 4, 5, 6, 7]",93.01580810546875,38.86456489562988,46.44097900390625,141,93.01580810546875,0.0,46.44097900390625,141
2025-07-17T20:32:20.019878,1,9,"[0, 1, 2, 3, 4, 5, 6, 7]",93.01580810546875,38.86456489562988,46.44097900390625,141,93.01580810546875,0.0,46.44097900390625,141
2025-07-17T20:32:20.027870,2,9,"[0, 1, 2, 3, 4, 5, 6, 7]",93.01580810546875,38.86456489562988,46.44097900390625,141,93.01580810546875,0.0,46.44097900390625,141
2025-07-17T20:32:20.034901,3,9,"[0, 1, 2, 3, 4, 5, 6, 7]",93.01580810546875,38.86456489562988,46.44097900390625,141,93.01580810546875,0.0,46.44097900390625,141
2025-07-17T20:32:20.041890,4,9,"[0, 1, 2, 3, 4, 5, 6, 7]",93.01580810546875,38.86540412902832,46.44097900390625,141,93.01580810546875,0.0,46.44097900390625,141
2025-07-17T20:32:20.048775,0,10,"[0, 1, 2, 3, 4, 5, 6, 7]",93.01580810546875,38.86540412902832,46.44097900390625,141,93.01580810546875,0.0,46.44097900390625,141
2025-07-17T20:32:20.056198,1,10,"[0, 1, 2, 3, 4, 6, 7]",93.01580810546875,38.86540412902832,46.44097900390625,141,93.01580810546875,0.0,46.44097900390625,141
2025-07-17T20:32:20.063047,2,10,"[0, 1, 2, 3, 4, 5, 6, 7]",93.01580810546875,38.86540412902832,46.44097900390625,141,93.01580810546875,0.0,46.44097900390625,141
2025-07-17T20:32:20.069974,3,10,"[0, 1, 2, 3, 4, 6, 7]",93.01580810546875,38.86540412902832,46.44097900390625,141,93.01580810546875,0.0,46.44097900390625,141
2025-07-17T20:32:20.077653,4,10,"[0, 1, 2, 3, 4, 6, 7]",93.01580810546875,38.86540412902832,46.44097900390625,141,93.01580810546875,0.0,46.44097900390625,141
2025-07-17T20:32:20.084235,0,11,"[0, 1, 2, 3, 4, 5, 6, 7]",93.01580810546875,38.86540412902832,46.44097900390625,141,93.01580810546875,0.0,46.44097900390625,141
2025-07-17T20:32:20.091533,1,11,"[0, 1, 2, 4, 5, 6, 7]",93.01580810546875,38.86540412902832,46.44097900390625,141,93.01580810546875,0.0,46.44097900390625,141
2025-07-17T20:32:20.099152,2,11,"[0, 1, 2, 3, 4, 5, 6, 7]",93.01580810546875,38.86540412902832,46.44097900390625,141,93.01580810546875,0.0,46.44097900390625,141
2025-07-17T20:32:20.106597,3,11,"[0, 1, 2, 4, 5, 6, 7]",93.01580810546875,38.86540412902832,46.44097900390625,141,93.01580810546875,0.0,46.44097900390625,141
2025-07-17T20:32:20.113557,4,11,"[0, 1, 2, 4, 5, 6, 7]",93.01580810546875,38.86540412902832,46.44097900390625,141,93.01580810546875,0.0,46.44097900390625,141
2025-07-17T20:32:20.120521,0,12,"[0, 1, 2, 3, 4, 5, 6]",93.01580810546875,38.86540412902832,46.44097900390625,141,93.01580810546875,0.0,46.44097900390625,141
2025-07-17T20:32:20.129140,1,12,"[0, 1, 3, 4, 5, 6, 7]",93.01580810546875,38.86482238769531,46.44097900390625,141,93.01580810546875,0.0,46.44097900390625,141
2025-07-17T20:32:20.136710,2,12,"[0, 1, 2, 3, 4, 5, 6, 7]",93.01580810546875,38.86482238769531,46.44097900390625,141,93.01580810546875,0.0,46.44097900390625,141
2025-07-17T20:32:20.144376,3,12,"[0, 1, 3, 4, 5, 6, 7]",93.01580810546875,38.86540412902832,46.44097900390625,141,93.01580810546875,0.0,46.44097900390625,141
2025-07-17T20:32:20.151024,4,12,"[0, 1, 3, 4, 5, 6, 7]",93.01580810546875,38.86456489562988,46.44097900390625,141,93.01580810546875,0.0,46.44097900390625,141
2025-07-17T20:32:20.158205,0,13,"[0, 1, 2, 3, 4, 5, 6, 7]",93.01580810546875,38.86456489562988,46.44097900390625,141,93.01580810546875,0.0,46.44097900390625,141
2025-07-17T20:32:20.164804,1,13,"[0, 1, 2, 3, 4, 6, 7]",93.01580810546875,38.86540412902832,46.44097900390625,141,93.01580810546875,0.0,46.44097900390625,141
2025-07-17T20:32:20.172387,2,13,"[0, 1, 2, 3, 4, 5, 6, 7]",93.01580810546875,38.86540412902832,46.44097900390625,141,93.01580810546875,0.0,46.44097900390625,141
2025-07-17T20:32:20.181050,3,13,"[0, 1, 2, 3, 4, 6, 7]",93.01580810546875,38.86540412902832,46.44097900390625,141,93.01580810546875,0.0,46.44097900390625,141
2025-07-17T20:32:20.183495,4,13,"[0, 1, 2, 3, 4, 6, 7]",93.01580810546875,38.86540412902832,46.44097900390625,141,93.01580810546875,0.0,46.44097900390625,141
2025-07-17T20:32:20.196285,0,14,"[0, 1, 2, 3, 4, 5, 6, 7]",93.01580810546875,38.86540412902832,46.44097900390625,141,93.01580810546875,0.0,46.44097900390625,141
2025-07-17T20:32:20.204006,1,14,"[0, 1, 3, 4, 5, 6, 7]",93.01580810546875,38.86540412902832,46.44097900390625,141,93.01580810546875,0.0,46.44097900390625,141
2025-07-17T20:32:20.212286,2,14,"[0, 1, 2, 3, 4, 5, 6, 7]",93.01580810546875,38.86540412902832,46.44097900390625,141,93.01580810546875,0.0,46.44097900390625,141
2025-07-17T20:32:20.214486,3,14,"[0, 1, 3, 4, 5, 6, 7]",93.01580810546875,38.86540412902832,46.44097900390625,141,93.01580810546875,0.0,46.44097900390625,141
2025-07-17T20:32:20.220983,4,14,"[0, 1, 3, 4, 5, 6, 7]",93.01580810546875,38.86540412902832,46.44097900390625,141,93.01580810546875,0.0,46.44097900390625,141
2025-07-17T20:32:20.227594,0,15,"[0, 1, 2, 3, 4, 5, 6, 7]",93.01580810546875,38.86540412902832,46.44097900390625,141,93.01580810546875,0.0,46.44097900390625,141
2025-07-17T20:32:20.241331,1,15,"[0, 1, 2, 3, 4, 5, 6, 7]",93.01580810546875,38.86540412902832,46.44097900390625,141,93.01580810546875,0.0,46.44097900390625,141
2025-07-17T20:32:20.243525,2,15,"[0, 1, 2, 3, 4, 5, 6, 7]",93.01580810546875,38.86540412902832,46.44097900390625,141,93.01580810546875,0.0,46.44097900390625,141
2025-07-17T20:32:20.250714,3,15,"[0, 1, 2, 3, 4, 5, 6, 7]",93.01580810546875,38.86540412902832,46.44097900390625,141,93.01580810546875,0.0,46.44097900390625,141
2025-07-17T20:32:20.257453,4,15,"[0, 1, 2, 3, 4, 5, 6, 7]",93.01580810546875,38.86540412902832,46.44097900390625,141,93.01580810546875,0.0,46.44097900390625,141
2025-07-17T20:32:20.269634,0,16,"[0, 1, 2, 3, 4, 5, 6, 7]",93.01580810546875,38.86540412902832,46.44097900390625,141,93.01580810546875,0.0,46.44097900390625,141
2025-07-17T20:32:20.272017,1,16,"[0, 1, 3, 4, 5, 6, 7]",93.01580810546875,38.86540412902832,46.44097900390625,141,93.01580810546875,0.0,46.44097900390625,141
2025-07-17T20:32:20.278352,2,16,"[0, 1, 2, 3, 4, 5, 6, 7]",93.01580810546875,38.86540412902832,46.44097900390625,141,93.01580810546875,0.0,46.44097900390625,141
2025-07-17T20:32:20.285880,3,16,"[0, 1, 3, 4, 5, 6, 7]",93.01580810546875,38.86540412902832,46.44097900390625,141,93.01580810546875,0.0,46.44097900390625,141
2025-07-17T20:32:20.292215,4,16,"[0, 1, 3, 4, 5, 6, 7]",93.01580810546875,38.86540412902832,46.44097900390625,141,93.01580810546875,0.0,46.44097900390625,141
2025-07-17T20:32:20.298845,0,17,"[0, 1, 2, 3, 4, 5, 6, 7]",93.01580810546875,38.86540412902832,46.44097900390625,141,93.01580810546875,0.0,46.44097900390625,141
2025-07-17T20:32:20.305506,1,17,"[0, 1, 2, 3, 4, 5, 6, 7]",93.01580810546875,38.86540412902832,46.44097900390625,141,93.01580810546875,0.0,46.44097900390625,141
2025-07-17T20:32:20.317396,2,17,"[0, 1, 2, 3, 4, 5, 6, 7]",93.01580810546875,38.86540412902832,46.44097900390625,141,93.01580810546875,0.0,46.44097900390625,141
2025-07-17T20:32:20.319729,3,17,"[0, 1, 2, 3, 4, 5, 6, 7]",93.01580810546875,38.86540412902832,46.44097900390625,141,93.01580810546875,0.0,46.44097900390625,141
2025-07-17T20:32:20.326697,4,17,"[0, 1, 2, 3, 4, 5, 6, 7]",93.01580810546875,38.86540412902832,46.44097900390625,141,93.01580810546875,0.0,46.44097900390625,141
2025-07-17T20:32:20.333095,0,18,"[0, 1, 2, 3, 4, 5, 6, 7]",93.01580810546875,38.86540412902832,46.44097900390625,141,93.01580810546875,0.0,46.44097900390625,141
2025-07-17T20:32:20.345125,1,18,"[0, 1, 2, 3, 4, 5, 6, 7]",93.01580810546875,38.86540412902832,46.44097900390625,141,93.01580810546875,0.0,46.44097900390625,141
2025-07-17T20:32:20.347141,2,18,"[0, 1, 2, 3, 4, 5, 6, 7]",93.01580810546875,38.86540412902832,46.44097900390625,141,93.01580810546875,0.0,46.44097900390625,141
2025-07-17T20:32:20.354091,3,18,"[0, 1, 2, 3, 4, 5, 6, 7]",93.01580810546875,38.86540412902832,46.44097900390625,141,93.01580810546875,0.0,46.44097900390625,141
2025-07-17T20:32:20.366797,4,18,"[0, 1, 2, 3, 4, 5, 6, 7]",93.01580810546875,38.86540412902832,46.44097900390625,141,93.01580810546875,0.0,46.44097900390625,141
2025-07-17T20:32:20.368774,0,19,"[0, 1, 2, 3, 4, 5, 6, 7]",93.01580810546875,38.86540412902832,46.44097900390625,141,93.01580810546875,0.0,46.44097900390625,141
2025-07-17T20:32:20.375998,1,19,"[0, 1, 2, 3, 4, 5, 6, 7]",93.01580810546875,38.86540412902832,46.44097900390625,141,93.01580810546875,0.0,46.44097900390625,141
2025-07-17T20:32:20.383526,2,19,"[0, 1, 2, 3, 4, 5, 6, 7]",93.01580810546875,38.86540412902832,46.44097900390625,141,93.01580810546875,0.0,46.44097900390625,141
2025-07-17T20:32:20.391576,3,19,"[0, 1, 2, 3, 4, 5, 6, 7]",93.01580810546875,38.86540412902832,46.44097900390625,141,93.01580810546875,0.0,46.44097900390625,141
2025-07-17T20:32:20.398145,4,19,"[0, 1, 2, 3, 4, 5, 6, 7]",93.01580810546875,38.86540412902832,46.44097900390625,141,93.01580810546875,0.0,46.44097900390625,141
2025-07-17T20:32:20.405370,0,20,"[0, 1, 2, 3, 4, 5, 6, 7]",93.01580810546875,38.86540412902832,46.44097900390625,141,93.01580810546875,0.0,46.44097900390625,141
2025-07-17T20:32:20.412531,1,20,"[0, 2, 3, 4, 5, 6, 7]",93.01580810546875,38.86540412902832,46.44097900390625,141,93.01580810546875,0.0,46.44097900390625,141
2025-07-17T20:32:20.419094,2,20,"[0, 1, 2, 3, 4, 5, 6, 7]",93.01580810546875,38.86540412902832,46.44097900390625,141,93.01580810546875,0.0,46.44097900390625,141
2025-07-17T20:32:20.426413,3,20,"[0, 2, 3, 4, 5, 6, 7]",93.01580810546875,38.86540412902832,46.44097900390625,141,93.01580810546875,0.0,46.44097900390625,141
2025-07-17T20:32:20.438062,4,20,"[0, 2, 3, 4, 5, 6, 7]",93.01580810546875,38.86540412902832,46.44097900390625,141,93.01580810546875,0.0,46.44097900390625,141
2025-07-17T20:32:20.445694,0,21,"[0, 1, 2, 3, 4, 5, 6, 7]",93.01580810546875,38.86540412902832,46.44097900390625,141,93.01580810546875,0.0,46.44097900390625,141
2025-07-17T20:32:20.452592,1,21,"[0, 1, 2, 3, 4, 5, 6, 7]",93.01580810546875,38.86540412902832,46.44097900390625,141,93.01580810546875,0.0,46.44097900390625,141
2025-07-17T20:32:20.459541,2,21,"[0, 1, 2, 3, 4, 5, 6, 7]",93.01580810546875,38.86540412902832,46.44097900390625,141,93.01580810546875,0.0,46.44097900390625,141
2025-07-17T20:32:20.466853,3,21,"[0, 1, 2, 3, 4, 5, 6, 7]",93.01580810546875,38.86540412902832,46.44097900390625,141,93.01580810546875,0.0,46.44097900390625,141
2025-07-17T20:32:20.474139,4,21,"[0, 1, 2, 3, 4, 5, 6, 7]",93.01580810546875,38.86540412902832,46.44097900390625,141,93.01580810546875,0.0,46.44097900390625,141
2025-07-17T20:32:20.480632,0,22,"[0, 1, 2, 3, 4, 5, 6, 7]",93.01580810546875,38.86540412902832,46.44097900390625,141,93.01580810546875,0.0,46.44097900390625,141
2025-07-17T20:32:20.488533,1,22,"[0, 1, 2, 3, 4, 5, 6, 7]",93.01580810546875,38.86456489562988,46.44097900390625,141,93.01580810546875,0.0,46.44097900390625,141
2025-07-17T20:32:20.495899,2,22,"[0, 1, 2, 3, 4, 5, 6, 7]",93.01580810546875,38.86456489562988,46.44097900390625,141,93.01580810546875,0.0,46.44097900390625,141
2025-07-17T20:32:20.503207,3,22,"[0, 1, 2, 3, 4, 5, 6, 7]",93.01580810546875,38.86456489562988,46.44097900390625,141,93.01580810546875,0.0,46.44097900390625,141
2025-07-17T20:32:20.510062,4,22,"[0, 1, 2, 3, 4, 5, 6, 7]",93.01580810546875,38.86456489562988,46.44097900390625,141,93.01580810546875,0.0,46.44097900390625,141
2025-07-17T20:32:20.517605,0,23,"[0, 1, 2, 3, 4, 5, 6, 7]",93.01580810546875,38.86456489562988,46.44097900390625,141,93.01580810546875,0.0,46.44097900390625,141
2025-07-17T20:32:20.525304,1,23,"[0, 1, 2, 3, 4, 5, 6, 7]",93.01580810546875,38.86540412902832,46.44097900390625,141,93.01580810546875,0.0,46.44097900390625,141
2025-07-17T20:32:20.533004,2,23,"[0, 1, 2, 3, 4, 5, 6, 7]",93.01580810546875,38.86540412902832,46.44097900390625,141,93.01580810546875,0.0,46.44097900390625,141
2025-07-17T20:32:20.540109,3,23,"[0, 1, 2, 3, 4, 5, 6, 7]",93.01580810546875,38.86540412902832,46.44097900390625,141,93.01580810546875,0.0,46.44097900390625,141
2025-07-17T20:32:20.546751,4,23,"[0, 1, 2, 3, 4, 5, 6, 7]",93.01580810546875,38.86540412902832,46.44097900390625,141,93.01580810546875,0.0,46.44097900390625,141
2025-07-17T20:32:20.553350,0,24,"[0, 1, 2, 3, 4, 5, 6, 7]",93.01580810546875,38.86540412902832,46.44097900390625,141,93.01580810546875,0.0,46.44097900390625,141
2025-07-17T20:32:20.560851,1,24,"[0, 1, 2, 3, 4, 5, 6, 7]",93.01580810546875,38.86540412902832,46.44097900390625,141,93.01580810546875,0.0,46.44097900390625,141
2025-07-17T20:32:20.569064,2,24,"[0, 1, 2, 3, 4, 5, 6, 7]",93.01580810546875,38.86540412902832,46.44097900390625,141,93.01580810546875,0.0,46.44097900390625,141
2025-07-17T20:32:20.575931,3,24,"[0, 1, 2, 3, 4, 5, 6, 7]",93.01580810546875,38.86540412902832,46.44097900390625,141,93.01580810546875,0.0,46.44097900390625,141
2025-07-17T20:32:20.582806,4,24,"[0, 1, 2, 3, 4, 5, 6, 7]",93.01580810546875,38.86540412902832,46.44097900390625,141,93.01580810546875,0.0,46.44097900390625,141
2025-07-17T20:32:20.589915,0,25,"[0, 1, 2, 3, 4, 5, 6, 7]",93.01580810546875,38.86540412902832,46.44097900390625,141,93.01580810546875,0.0,46.44097900390625,141
2025-07-17T20:32:20.596865,1,25,"[0, 1, 2, 3, 4, 5, 6, 7]",93.01580810546875,38.86540412902832,46.44097900390625,141,93.01580810546875,0.0,46.44097900390625,141
2025-07-17T20:32:20.604133,2,25,"[0, 1, 2, 3, 4, 5, 6, 7]",93.01580810546875,38.86540412902832,46.44097900390625,141,93.01580810546875,0.0,46.44097900390625,141
2025-07-17T20:32:20.611333,3,25,"[0, 1, 2, 3, 4, 5, 6, 7]",93.01580810546875,38.86540412902832,46.44097900390625,141,93.01580810546875,0.0,46.44097900390625,141
2025-07-17T20:32:20.617746,4,25,"[0, 1, 2, 3, 4, 5, 6, 7]",93.01580810546875,38.86540412902832,46.44097900390625,141,93.01580810546875,0.0,46.44097900390625,141
2025-07-17T20:32:20.624834,0,26,"[0, 1, 2, 3, 4, 5, 6, 7]",93.01580810546875,38.86540412902832,46.44097900390625,141,93.01580810546875,0.0,46.44097900390625,141
2025-07-17T20:32:20.632499,1,26,"[0, 2, 4, 5, 6, 7]",93.01580810546875,38.86540412902832,46.44097900390625,141,93.01580810546875,0.0,46.44097900390625,141
2025-07-17T20:32:20.640397,2,26,"[0, 1, 2, 3, 4, 5, 6, 7]",93.01580810546875,38.86540412902832,46.44097900390625,141,93.01580810546875,0.0,46.44097900390625,141
2025-07-17T20:32:20.648170,3,26,"[0, 2, 4, 5, 6, 7]",93.01580810546875,38.86540412902832,46.44097900390625,141,93.01580810546875,0.0,46.44097900390625,141
2025-07-17T20:32:20.650711,4,26,"[0, 2, 4, 5, 6, 7]",93.01580810546875,38.86540412902832,46.44097900390625,141,93.01580810546875,0.0,46.44097900390625,141
2025-07-17T20:32:20.658401,0,27,"[0, 1, 2, 3, 4, 5, 6, 7]",93.01580810546875,38.86540412902832,46.44097900390625,141,93.01580810546875,0.0,46.44097900390625,141
2025-07-17T20:32:20.671967,1,27,"[0, 1, 2, 3, 4, 7]",93.01580810546875,38.86540412902832,46.44097900390625,141,93.01580810546875,0.0,46.44097900390625,141
2025-07-17T20:32:20.674208,2,27,"[0, 1, 2, 3, 4, 5, 6, 7]",93.01580810546875,38.86540412902832,46.44097900390625,141,93.01580810546875,0.0,46.44097900390625,141
2025-07-17T20:32:20.680702,3,27,"[0, 1, 2, 3, 4, 7]",93.01580810546875,38.86540412902832,46.44097900390625,141,93.01580810546875,0.0,46.44097900390625,141
2025-07-17T20:32:20.692553,4,27,"[0, 1, 2, 3, 4, 7]",93.01580810546875,38.86540412902832,46.44097900390625,141,93.01580810546875,0.0,46.44097900390625,141
2025-07-17T20:32:20.695040,0,28,"[0, 1, 2, 3, 4, 5, 6, 7]",93.01580810546875,38.86540412902832,46.44097900390625,141,93.01580810546875,0.0,46.44097900390625,141
2025-07-17T20:32:20.706768,1,28,"[0, 1, 2, 3, 5, 6, 7]",93.01580810546875,38.86540412902832,46.44097900390625,141,93.01580810546875,0.0,46.44097900390625,141
2025-07-17T20:32:20.708909,2,28,"[0, 1, 2, 3, 4, 5, 6, 7]",93.01580810546875,38.86540412902832,46.44097900390625,141,93.01580810546875,0.0,46.44097900390625,141
2025-07-17T20:32:20.715500,3,28,"[0, 1, 2, 3, 5, 6, 7]",93.01580810546875,38.86540412902832,46.44097900390625,141,93.01580810546875,0.0,46.44097900390625,141
2025-07-17T20:32:20.728878,4,28,"[0, 1, 2, 3, 5, 6, 7]",93.01580810546875,38.86540412902832,46.44097900390625,141,93.01580810546875,0.0,46.44097900390625,141
2025-07-17T20:32:20.731328,0,29,"[0, 1, 2, 3, 4, 5, 6, 7]",93.01580810546875,38.86540412902832,46.44097900390625,141,93.01580810546875,0.0,46.44097900390625,141
2025-07-17T20:32:20.737800,1,29,"[0, 1, 2, 3, 4, 5, 6, 7]",93.01580810546875,38.86540412902832,46.44097900390625,141,93.01580810546875,0.0,46.44097900390625,141
2025-07-17T20:32:20.749511,2,29,"[0, 1, 2, 3, 4, 5, 6, 7]",93.01580810546875,38.86540412902832,46.44097900390625,141,93.01580810546875,0.0,46.44097900390625,141
2025-07-17T20:32:20.751649,3,29,"[0, 1, 2, 3, 4, 5, 6, 7]",93.01580810546875,38.86540412902832,46.44097900390625,141,93.01580810546875,0.0,46.44097900390625,141
2025-07-17T20:32:20.764239,4,29,"[0, 1, 2, 3, 4, 5, 6, 7]",93.01580810546875,38.86540412902832,46.44097900390625,141,93.01580810546875,0.0,46.44097900390625,141
2025-07-17T20:32:20.771677,0,30,"[0, 1, 2, 3, 4, 5, 6, 7]",93.01580810546875,38.86540412902832,46.44097900390625,141,93.01580810546875,0.0,46.44097900390625,141
2025-07-17T20:32:20.774270,1,30,"[0, 1, 2, 3, 4, 5, 6, 7]",93.01580810546875,38.86540412902832,46.44097900390625,141,93.01580810546875,0.0,46.44097900390625,141
2025-07-17T20:32:20.787348,2,30,"[0, 1, 2, 3, 4, 5, 6, 7]",93.01580810546875,38.86540412902832,46.44097900390625,141,93.01580810546875,0.0,46.44097900390625,141
2025-07-17T20:32:20.789788,3,30,"[0, 1, 2, 3, 4, 5, 6, 7]",93.01580810546875,38.86540412902832,46.44097900390625,141,93.01580810546875,0.0,46.44097900390625,141
2025-07-17T20:32:20.796056,4,30,"[0, 1, 2, 3, 4, 5, 6, 7]",93.01580810546875,38.86540412902832,46.44097900390625,141,93.01580810546875,0.0,46.44097900390625,141
2025-07-17T20:32:20.808009,0,31,"[0, 1, 2, 3, 4, 5, 6, 7]",93.01580810546875,38.87287998199463,46.44097900390625,141,93.01580810546875,0.0,46.44097900390625,141
2025-07-17T20:32:20.817663,1,31,"[0, 1, 2, 3, 4, 5, 6, 7]",93.01580810546875,38.86941432952881,46.44097900390625,141,93.01580810546875,0.0,46.44097900390625,141
2025-07-17T20:32:20.821395,2,31,"[0, 1, 2, 3, 4, 5, 6, 7]",93.01580810546875,38.86620616912842,46.44097900390625,141,93.01580810546875,0.0,46.44097900390625,141
2025-07-17T20:32:20.830839,3,31,"[0, 1, 2, 3, 4, 5, 6, 7]",93.01580810546875,38.86299800872803,46.44097900390625,141,93.01580810546875,0.0,46.44097900390625,141
2025-07-17T20:32:20.838394,4,31,"[0, 1, 2, 3, 4, 5, 6, 7]",93.01580810546875,38.86002254486084,46.44097900390625,141,93.01580810546875,0.0,46.44097900390625,141
2025-07-17T20:32:20.855524,0,0,"[0, 1, 2, 3, 4, 5, 6, 7]",93.01580810546875,38.85531425476074,46.44097900390625,141,93.01580810546875,0.0,46.44097900390625,141
2025-07-17T20:32:20.858155,1,0,"[0, 1, 2, 3, 4, 5, 6, 7]",93.01580810546875,38.85852241516113,46.44097900390625,141,93.01580810546875,0.0,46.44097900390625,141
2025-07-17T20:32:20.865906,2,0,"[0, 1, 2, 3, 4, 5, 6, 7]",93.01580810546875,38.86149787902832,46.44097900390625,141,93.01580810546875,0.0,46.44097900390625,141
2025-07-17T20:32:20.873821,3,0,"[0, 1, 2, 3, 4, 5, 6, 7]",93.01580810546875,38.86438179016113,46.44097900390625,141,93.01580810546875,0.0,46.44097900390625,141
2025-07-17T20:32:20.881573,4,0,"[0, 1, 2, 3, 4, 5, 6, 7]",93.01580810546875,38.86540412902832,46.44097900390625,141,93.01580810546875,0.0,46.44097900390625,141
2025-07-17T20:32:20.888018,0,1,"[0, 1, 2, 3, 4, 5, 6, 7]",93.01580810546875,38.86540412902832,46.44097900390625,141,93.01580810546875,0.0,46.44097900390625,141
2025-07-17T20:32:20.899836,1,1,"[0, 1, 2, 3, 4, 5, 6, 7]",93.01580810546875,38.86540412902832,46.44097900390625,141,93.01580810546875,0.0,46.44097900390625,141
2025-07-17T20:32:20.906860,2,1,"[0, 1, 2, 3, 4, 5, 6, 7]",93.01580810546875,38.86540412902832,46.44097900390625,141,93.01580810546875,0.0,46.44097900390625,141
2025-07-17T20:32:20.914085,3,1,"[0, 1, 2, 3, 4, 5, 6, 7]",93.01580810546875,38.86540412902832,46.44097900390625,141,93.01580810546875,0.0,46.44097900390625,141
2025-07-17T20:32:20.921892,4,1,"[0, 1, 2, 3, 4, 5, 6, 7]",93.01580810546875,38.86540412902832,46.44097900390625,141,93.01580810546875,0.0,46.44097900390625,141
2025-07-17T20:32:20.929855,0,2,"[0, 1, 2, 3, 4, 5, 6, 7]",93.01580810546875,38.86540412902832,46.44097900390625,141,93.01580810546875,0.0,46.44097900390625,141
2025-07-17T20:32:20.937167,1,2,"[0, 1, 2, 3, 4, 5, 6, 7]",93.01580810546875,38.86540412902832,46.44097900390625,141,93.01580810546875,0.0,46.44097900390625,141
2025-07-17T20:32:20.944097,2,2,"[0, 1, 2, 3, 4, 5, 6, 7]",93.01580810546875,38.86540412902832,46.44097900390625,141,93.01580810546875,0.0,46.44097900390625,141
2025-07-17T20:32:20.951103,3,2,"[0, 1, 2, 3, 4, 5, 6, 7]",93.01580810546875,38.86540412902832,46.44097900390625,141,93.01580810546875,0.0,46.44097900390625,141
2025-07-17T20:32:20.958408,4,2,"[0, 1, 2, 3, 4, 5, 6, 7]",93.01580810546875,38.86540412902832,46.44097900390625,141,93.01580810546875,0.0,46.44097900390625,141
2025-07-17T20:32:20.965730,0,3,"[0, 1, 2, 3, 4, 5, 6, 7]",93.01580810546875,38.86540412902832,46.44097900390625,141,93.01580810546875,0.0,46.44097900390625,141
2025-07-17T20:32:20.973795,1,3,"[0, 1, 2, 3, 4, 5, 6]",93.01580810546875,38.86540412902832,46.44097900390625,141,93.01580810546875,0.0,46.44097900390625,141
2025-07-17T20:32:20.981245,2,3,"[0, 1, 2, 3, 4, 5, 6, 7]",93.01580810546875,38.86540412902832,46.44097900390625,141,93.01580810546875,0.0,46.44097900390625,141
2025-07-17T20:32:20.988793,3,3,"[0, 1, 2, 3, 4, 5, 6]",93.01580810546875,38.86540412902832,46.44097900390625,141,93.01580810546875,0.0,46.44097900390625,141
2025-07-17T20:32:20.995997,4,3,"[0, 1, 2, 3, 4, 5, 6]",93.01580810546875,38.86540412902832,46.44097900390625,141,93.01580810546875,0.0,46.44097900390625,141
2025-07-17T20:32:21.003104,0,4,"[0, 1, 2, 3, 4, 5, 6, 7]",93.01580810546875,38.86540412902832,46.44097900390625,141,93.01580810546875,0.0,46.44097900390625,141
2025-07-17T20:32:21.005876,1,4,"[0, 1, 3, 4, 5, 6, 7]",93.01580810546875,38.86540412902832,46.44097900390625,141,93.01580810546875,0.0,46.44097900390625,141
2025-07-17T20:32:21.016974,2,4,"[0, 1, 2, 3, 4, 5, 6, 7]",93.01580810546875,38.86540412902832,46.44097900390625,141,93.01580810546875,0.0,46.44097900390625,141
2025-07-17T20:32:21.024029,3,4,"[0, 1, 3, 4, 5, 6, 7]",93.01580810546875,38.86540412902832,46.44097900390625,141,93.01580810546875,0.0,46.44097900390625,141
2025-07-17T20:32:21.031942,4,4,"[0, 1, 3, 4, 5, 6, 7]",93.01580810546875,38.86540412902832,46.44097900390625,141,93.01580810546875,0.0,46.44097900390625,141
2025-07-17T20:32:21.038460,0,5,"[0, 1, 2, 3, 4, 5, 6, 7]",93.01580810546875,38.86540412902832,46.44097900390625,141,93.01580810546875,0.0,46.44097900390625,141
2025-07-17T20:32:21.045822,1,5,"[0, 1, 2, 3, 4, 6, 7]",93.01580810546875,38.86540412902832,46.44097900390625,141,93.01580810546875,0.0,46.44097900390625,141
2025-07-17T20:32:21.053279,2,5,"[0, 1, 2, 3, 4, 5, 6, 7]",93.01580810546875,38.86540412902832,46.44097900390625,141,93.01580810546875,0.0,46.44097900390625,141
2025-07-17T20:32:21.060328,3,5,"[0, 1, 2, 3, 4, 6, 7]",93.01580810546875,38.86540412902832,46.44097900390625,141,93.01580810546875,0.0,46.44097900390625,141
2025-07-17T20:32:21.067219,4,5,"[0, 1, 2, 3, 4, 6, 7]",93.01580810546875,38.86540412902832,46.44097900390625,141,93.01580810546875,0.0,46.44097900390625,141
2025-07-17T20:32:21.073679,0,6,"[0, 1, 2, 3, 4, 5, 6, 7]",93.01580810546875,38.86540412902832,46.44097900390625,141,93.01580810546875,0.0,46.44097900390625,141
2025-07-17T20:32:21.081649,1,6,"[0, 1, 2, 3, 4, 5, 6, 7]",93.01580810546875,38.86540412902832,46.44097900390625,141,93.01580810546875,0.0,46.44097900390625,141
2025-07-17T20:32:21.089314,2,6,"[0, 1, 2, 3, 4, 5, 6, 7]",93.01580810546875,38.86540412902832,46.44097900390625,141,93.01580810546875,0.0,46.44097900390625,141
2025-07-17T20:32:21.096321,3,6,"[0, 1, 2, 3, 4, 5, 6, 7]",93.01580810546875,38.86540412902832,46.44097900390625,141,93.01580810546875,0.0,46.44097900390625,141
2025-07-17T20:32:21.103212,4,6,"[0, 1, 2, 3, 4, 5, 6, 7]",93.01580810546875,38.86540412902832,46.44097900390625,141,93.01580810546875,0.0,46.44097900390625,141
2025-07-17T20:32:21.110123,0,7,"[0, 1, 2, 4, 5, 6, 7]",93.01580810546875,38.86540412902832,46.44097900390625,141,93.01580810546875,0.0,46.44097900390625,141
2025-07-17T20:32:21.117002,1,7,"[0, 2, 3, 4, 5, 6, 7]",93.01580810546875,38.86540412902832,46.44097900390625,141,93.01580810546875,0.0,46.44097900390625,141
2025-07-17T20:32:21.124725,2,7,"[0, 1, 2, 3, 4, 5, 6]",93.01580810546875,38.86540412902832,46.44097900390625,141,93.01580810546875,0.0,46.44097900390625,141
2025-07-17T20:32:21.131621,3,7,"[0, 2, 3, 4, 5, 6, 7]",93.01580810546875,38.86540412902832,46.44097900390625,141,93.01580810546875,0.0,46.44097900390625,141
2025-07-17T20:32:21.138595,4,7,"[0, 2, 3, 4, 5, 6, 7]",93.01580810546875,38.86540412902832,46.44097900390625,141,93.01580810546875,0.0,46.44097900390625,141
2025-07-17T20:32:21.146102,0,8,"[0, 1, 2, 3, 4, 5, 6, 7]",93.01580810546875,38.86540412902832,46.44097900390625,141,93.01580810546875,0.0,46.44097900390625,141
2025-07-17T20:32:21.153839,1,8,"[0, 1, 2, 3, 4, 5, 7]",93.01580810546875,38.86540412902832,46.44097900390625,141,93.01580810546875,0.0,46.44097900390625,141
2025-07-17T20:32:21.156248,2,8,"[0, 1, 2, 3, 4, 5, 6, 7]",93.01580810546875,38.86540412902832,46.44097900390625,141,93.01580810546875,0.0,46.44097900390625,141
2025-07-17T20:32:21.163927,3,8,"[0, 1, 2, 3, 4, 5, 7]",93.01580810546875,38.86540412902832,46.44097900390625,141,93.01580810546875,0.0,46.44097900390625,141
2025-07-17T20:32:21.175199,4,8,"[0, 1, 2, 3, 4, 5, 7]",93.01580810546875,38.86540412902832,46.44097900390625,141,93.01580810546875,0.0,46.44097900390625,141
2025-07-17T20:32:21.182014,0,9,"[0, 1, 2, 3, 4, 5, 6, 7]",93.01580810546875,38.86540412902832,46.44097900390625,141,93.01580810546875,0.0,46.44097900390625,141
2025-07-17T20:32:21.189773,1,9,"[0, 1, 2, 3, 5, 6, 7]",93.01580810546875,38.86540412902832,46.44097900390625,141,93.01580810546875,0.0,46.44097900390625,141
2025-07-17T20:32:21.197063,2,9,"[0, 1, 2, 3, 4, 5, 6, 7]",93.01580810546875,38.86540412902832,46.44097900390625,141,93.01580810546875,0.0,46.44097900390625,141
2025-07-17T20:32:21.204827,3,9,"[0, 1, 2, 3, 5, 6, 7]",93.01580810546875,38.86540412902832,46.44097900390625,141,93.01580810546875,0.0,46.44097900390625,141
2025-07-17T20:32:21.211535,4,9,"[0, 1, 2, 3, 5, 6, 7]",93.01580810546875,38.86540412902832,46.44097900390625,141,93.01580810546875,0.0,46.44097900390625,141
2025-07-17T20:32:21.219258,0,10,"[0, 1, 2, 3, 4, 5, 6, 7]",93.01580810546875,38.86540412902832,46.44097900390625,141,93.01580810546875,0.0,46.44097900390625,141
2025-07-17T20:32:21.225425,1,10,"[0, 1, 2, 4, 5, 6, 7]",93.01580810546875,38.86540412902832,46.44097900390625,141,93.01580810546875,0.0,46.44097900390625,141
2025-07-17T20:32:21.232224,2,10,"[0, 1, 2, 3, 4, 6, 7]",93.01580810546875,38.86540412902832,46.44097900390625,141,93.01580810546875,0.0,46.44097900390625,141
2025-07-17T20:32:21.239813,3,10,"[0, 1, 2, 4, 5, 6, 7]",93.01580810546875,38.86540412902832,46.44097900390625,141,93.01580810546875,0.0,46.44097900390625,141
2025-07-17T20:32:21.247178,4,10,"[0, 1, 2, 4, 5, 6, 7]",93.01580810546875,38.86540412902832,46.44097900390625,141,93.01580810546875,0.0,46.44097900390625,141
2025-07-17T20:32:21.254061,0,11,"[0, 1, 2, 3, 4, 5, 6, 7]",93.01580810546875,38.86540412902832,46.44097900390625,141,93.01580810546875,0.0,46.44097900390625,141
2025-07-17T20:32:21.260741,1,11,"[0, 1, 2, 4, 5, 6, 7]",93.01580810546875,38.86540412902832,46.44097900390625,141,93.01580810546875,0.0,46.44097900390625,141
2025-07-17T20:32:21.268451,2,11,"[0, 1, 2, 3, 4, 5, 6, 7]",93.01580810546875,38.86540412902832,46.44097900390625,141,93.01580810546875,0.0,46.44097900390625,141
2025-07-17T20:32:21.275222,3,11,"[0, 1, 2, 4, 5, 6, 7]",93.01580810546875,38.86540412902832,46.44097900390625,141,93.01580810546875,0.0,46.44097900390625,141
2025-07-17T20:32:21.281906,4,11,"[0, 1, 2, 4, 5, 6, 7]",93.01580810546875,38.86540412902832,46.44097900390625,141,93.01580810546875,0.0,46.44097900390625,141
2025-07-17T20:32:21.289051,0,12,"[0, 1, 2, 3, 4, 5, 6, 7]",93.01580810546875,38.86540412902832,46.44097900390625,141,93.01580810546875,0.0,46.44097900390625,141
2025-07-17T20:32:21.296427,1,12,"[0, 1, 3, 4, 5, 6]",93.01580810546875,38.86540412902832,46.44097900390625,141,93.01580810546875,0.0,46.44097900390625,141
2025-07-17T20:32:21.303310,2,12,"[0, 1, 2, 3, 4, 5, 6, 7]",93.01580810546875,38.86540412902832,46.44097900390625,141,93.01580810546875,0.0,46.44097900390625,141
2025-07-17T20:32:21.309954,3,12,"[0, 1, 3, 4, 5, 6]",93.01580810546875,38.86540412902832,46.44097900390625,141,93.01580810546875,0.0,46.44097900390625,141
2025-07-17T20:32:21.316811,4,12,"[0, 1, 3, 4, 5, 6]",93.01580810546875,38.86540412902832,46.44097900390625,141,93.01580810546875,0.0,46.44097900390625,141
2025-07-17T20:32:21.324235,0,13,"[0, 1, 2, 3, 4, 5, 6, 7]",93.01580810546875,38.86540412902832,46.44097900390625,141,93.01580810546875,0.0,46.44097900390625,141
2025-07-17T20:32:21.331663,1,13,"[0, 1, 2, 3, 4, 6, 7]",93.01580810546875,38.86540412902832,46.44097900390625,141,93.01580810546875,0.0,46.44097900390625,141
2025-07-17T20:32:21.338735,2,13,"[0, 1, 2, 3, 4, 5, 6, 7]",93.01580810546875,38.86540412902832,46.44097900390625,141,93.01580810546875,0.0,46.44097900390625,141
2025-07-17T20:32:21.345606,3,13,"[0, 1, 2, 3, 4, 6, 7]",93.01580810546875,38.86540412902832,46.44097900390625,141,93.01580810546875,0.0,46.44097900390625,141
2025-07-17T20:32:21.352660,4,13,"[0, 1, 2, 3, 4, 6, 7]",93.01580810546875,38.86540412902832,46.44097900390625,141,93.01580810546875,0.0,46.44097900390625,141
2025-07-17T20:32:21.360268,0,14,"[0, 1, 2, 3, 4, 5, 6, 7]",93.01580810546875,38.86540412902832,46.44097900390625,141,93.01580810546875,0.0,46.44097900390625,141
2025-07-17T20:32:21.368110,1,14,"[0, 1, 2, 3, 4, 5, 7]",93.01580810546875,38.86540412902832,46.44097900390625,141,93.01580810546875,0.0,46.44097900390625,141
2025-07-17T20:32:21.374789,2,14,"[0, 1, 2, 3, 4, 5, 6, 7]",93.01580810546875,38.86540412902832,46.44097900390625,141,93.01580810546875,0.0,46.44097900390625,141
2025-07-17T20:32:21.381972,3,14,"[0, 1, 2, 3, 4, 5, 7]",93.01580810546875,38.86540412902832,46.44097900390625,141,93.01580810546875,0.0,46.44097900390625,141
2025-07-17T20:32:21.388742,4,14,"[0, 1, 2, 3, 4, 5, 7]",93.01580810546875,38.86540412902832,46.44097900390625,141,93.01580810546875,0.0,46.44097900390625,141
2025-07-17T20:32:21.397027,0,15,"[0, 1, 2, 3, 4, 5, 6, 7]",93.01580810546875,38.86540412902832,46.44097900390625,141,93.01580810546875,0.0,46.44097900390625,141
2025-07-17T20:32:21.405159,1,15,"[0, 1, 2, 3, 4, 5, 6]",93.01580810546875,38.86540412902832,46.44097900390625,141,93.01580810546875,0.0,46.44097900390625,141
2025-07-17T20:32:21.407678,2,15,"[0, 1, 2, 3, 4, 5, 6, 7]",93.01580810546875,38.86540412902832,46.44097900390625,141,93.01580810546875,0.0,46.44097900390625,141
2025-07-17T20:32:21.414610,3,15,"[0, 1, 2, 3, 4, 5, 6]",93.01580810546875,38.86540412902832,46.44097900390625,141,93.01580810546875,0.0,46.44097900390625,141
2025-07-17T20:32:21.426215,4,15,"[0, 1, 2, 3, 4, 5, 6]",93.01580810546875,38.86540412902832,46.44097900390625,141,93.01580810546875,0.0,46.44097900390625,141
2025-07-17T20:32:21.433603,0,16,"[0, 1, 2, 3, 4, 5, 6, 7]",93.01580810546875,38.86540412902832,46.44097900390625,141,93.01580810546875,0.0,46.44097900390625,141
2025-07-17T20:32:21.435971,1,16,"[0, 2, 3, 4, 5, 6, 7]",93.01580810546875,38.86540412902832,46.44097900390625,141,93.01580810546875,0.0,46.44097900390625,141
2025-07-17T20:32:21.443120,2,16,"[0, 1, 2, 3, 4, 5, 6, 7]",93.01580810546875,38.86540412902832,46.44097900390625,141,93.01580810546875,0.0,46.44097900390625,141
2025-07-17T20:32:21.455847,3,16,"[0, 2, 3, 4, 5, 6, 7]",93.01580810546875,38.86540412902832,46.44097900390625,141,93.01580810546875,0.0,46.44097900390625,141
2025-07-17T20:32:21.463026,4,16,"[0, 2, 3, 4, 5, 6, 7]",93.01580810546875,38.86540412902832,46.44097900390625,141,93.01580810546875,0.0,46.44097900390625,141
2025-07-17T20:32:21.470041,0,17,"[0, 1, 2, 3, 4, 5, 6, 7]",93.01580810546875,38.86540412902832,46.44097900390625,141,93.01580810546875,0.0,46.44097900390625,141
2025-07-17T20:32:21.476798,1,17,"[0, 1, 2, 3, 4, 5, 6, 7]",93.01580810546875,38.86540412902832,46.44097900390625,141,93.01580810546875,0.0,46.44097900390625,141
2025-07-17T20:32:21.486290,2,17,"[0, 2, 3, 4, 5, 6, 7]",93.01580810546875,38.86540412902832,46.44097900390625,141,93.01580810546875,0.0,46.44097900390625,141
2025-07-17T20:32:21.488856,3,17,"[0, 1, 2, 3, 4, 5, 6, 7]",93.01580810546875,38.86456489562988,46.44097900390625,141,93.01580810546875,0.0,46.44097900390625,141
2025-07-17T20:32:21.500775,4,17,"[0, 1, 2, 3, 4, 5, 6, 7]",93.01580810546875,38.86456489562988,46.44097900390625,141,93.01580810546875,0.0,46.44097900390625,141
2025-07-17T20:32:21.508112,0,18,"[0, 1, 2, 3, 4, 5, 6, 7]",93.01580810546875,38.86456489562988,46.44097900390625,141,93.01580810546875,0.0,46.44097900390625,141
2025-07-17T20:32:21.515505,1,18,"[0, 1, 2, 3, 4, 5, 6, 7]",93.01580810546875,38.86456489562988,46.44097900390625,141,93.01580810546875,0.0,46.44097900390625,141
2025-07-17T20:32:21.522763,2,18,"[0, 1, 2, 3, 4, 5, 6, 7]",93.01580810546875,38.86540412902832,46.44097900390625,141,93.01580810546875,0.0,46.44097900390625,141
2025-07-17T20:32:21.529676,3,18,"[0, 1, 2, 3, 4, 5, 6, 7]",93.01580810546875,38.86540412902832,46.44097900390625,141,93.01580810546875,0.0,46.44097900390625,141
2025-07-17T20:32:21.536679,4,18,"[0, 1, 2, 3, 4, 5, 6, 7]",93.01580810546875,38.86540412902832,46.44097900390625,141,93.01580810546875,0.0,46.44097900390625,141
2025-07-17T20:32:21.543151,0,19,"[0, 1, 2, 3, 4, 5, 6, 7]",93.01580810546875,38.86540412902832,46.44097900390625,141,93.01580810546875,0.0,46.44097900390625,141
2025-07-17T20:32:21.550433,1,19,"[1, 2, 3, 4, 5, 6, 7]",93.01580810546875,38.86540412902832,46.44097900390625,141,93.01580810546875,0.0,46.44097900390625,141
2025-07-17T20:32:21.557492,2,19,"[0, 1, 2, 3, 4, 5, 6, 7]",93.01580810546875,38.86540412902832,46.44097900390625,141,93.01580810546875,0.0,46.44097900390625,141
2025-07-17T20:32:21.564929,3,19,"[1, 2, 3, 4, 5, 6, 7]",93.01580810546875,38.86540412902832,46.44097900390625,141,93.01580810546875,0.0,46.44097900390625,141
2025-07-17T20:32:21.572294,4,19,"[1, 2, 3, 4, 5, 6, 7]",93.01580810546875,38.86540412902832,46.44097900390625,141,93.01580810546875,0.0,46.44097900390625,141
2025-07-17T20:32:21.579083,0,20,"[0, 1, 2, 3, 4, 5, 6, 7]",93.01580810546875,38.86540412902832,46.44097900390625,141,93.01580810546875,0.0,46.44097900390625,141
2025-07-17T20:32:21.586097,1,20,"[0, 1, 2, 3, 4, 5, 6, 7]",93.01580810546875,38.86540412902832,46.44097900390625,141,93.01580810546875,0.0,46.44097900390625,141
2025-07-17T20:32:21.592849,2,20,"[0, 1, 2, 3, 4, 5, 6, 7]",93.01580810546875,38.86540412902832,46.44097900390625,141,93.01580810546875,0.0,46.44097900390625,141
2025-07-17T20:32:21.600055,3,20,"[0, 1, 2, 3, 4, 5, 6, 7]",93.01580810546875,38.86540412902832,46.44097900390625,141,93.01580810546875,0.0,46.44097900390625,141
2025-07-17T20:32:21.606900,4,20,"[0, 1, 2, 3, 4, 5, 6, 7]",93.01580810546875,38.86540412902832,46.44097900390625,141,93.01580810546875,0.0,46.44097900390625,141
2025-07-17T20:32:21.614103,0,21,"[0, 1, 2, 3, 4, 5, 6, 7]",93.01580810546875,38.86540412902832,46.44097900390625,141,93.01580810546875,0.0,46.44097900390625,141
2025-07-17T20:32:21.621016,1,21,"[0, 1, 2, 3, 4, 5, 6, 7]",93.01580810546875,38.86540412902832,46.44097900390625,141,93.01580810546875,0.0,46.44097900390625,141
2025-07-17T20:32:21.629047,2,21,"[0, 1, 2, 3, 4, 5, 6, 7]",93.01580810546875,38.86540412902832,46.44097900390625,141,93.01580810546875,0.0,46.44097900390625,141
2025-07-17T20:32:21.636267,3,21,"[0, 1, 2, 3, 4, 5, 6, 7]",93.01580810546875,38.86540412902832,46.44097900390625,141,93.01580810546875,0.0,46.44097900390625,141
2025-07-17T20:32:21.644300,4,21,"[0, 1, 2, 3, 4, 5, 6, 7]",93.01580810546875,38.86540412902832,46.44097900390625,141,93.01580810546875,0.0,46.44097900390625,141
2025-07-17T20:32:21.646697,0,22,"[0, 1, 2, 3, 4, 5, 6, 7]",93.01580810546875,38.86540412902832,46.44097900390625,141,93.01580810546875,0.0,46.44097900390625,141
2025-07-17T20:32:21.653073,1,22,"[0, 1, 2, 3, 4, 5, 6, 7]",93.01580810546875,38.86540412902832,46.44097900390625,141,93.01580810546875,0.0,46.44097900390625,141
2025-07-17T20:32:21.660241,2,22,"[0, 1, 2, 3, 4, 5, 6, 7]",93.01580810546875,38.86540412902832,46.44097900390625,141,93.01580810546875,0.0,46.44097900390625,141
2025-07-17T20:32:21.666804,3,22,"[0, 1, 2, 3, 4, 5, 6, 7]",93.01580810546875,38.86540412902832,46.44097900390625,141,93.01580810546875,0.0,46.44097900390625,141
2025-07-17T20:32:21.678402,4,22,"[0, 1, 2, 3, 4, 5, 6, 7]",93.01580810546875,38.86540412902832,46.44097900390625,141,93.01580810546875,0.0,46.44097900390625,141
2025-07-17T20:32:21.680904,0,23,"[0, 1, 2, 3, 4, 5, 6, 7]",93.01580810546875,38.86540412902832,46.44097900390625,141,93.01580810546875,0.0,46.44097900390625,141
2025-07-17T20:32:21.687739,1,23,"[0, 1, 2, 3, 4, 5, 6, 7]",93.01580810546875,38.86540412902832,46.44097900390625,141,93.01580810546875,0.0,46.44097900390625,141
2025-07-17T20:32:21.694245,2,23,"[0, 1, 2, 3, 4, 5, 6, 7]",93.01580810546875,38.86540412902832,46.44097900390625,141,93.01580810546875,0.0,46.44097900390625,141
2025-07-17T20:32:21.701638,3,23,"[0, 1, 2, 3, 4, 5, 6, 7]",93.01580810546875,38.86540412902832,46.44097900390625,141,93.01580810546875,0.0,46.44097900390625,141
2025-07-17T20:32:21.708269,4,23,"[0, 1, 2, 3, 4, 5, 6, 7]",93.01580810546875,38.86540412902832,46.44097900390625,141,93.01580810546875,0.0,46.44097900390625,141
2025-07-17T20:32:21.716389,0,24,"[0, 1, 2, 3, 4, 5, 6, 7]",93.01580810546875,38.86540412902832,46.44097900390625,141,93.01580810546875,0.0,46.44097900390625,141
2025-07-17T20:32:21.722884,1,24,"[0, 1, 2, 3, 4, 5, 6, 7]",93.01580810546875,38.86540412902832,46.44097900390625,141,93.01580810546875,0.0,46.44097900390625,141
2025-07-17T20:32:21.729933,2,24,"[0, 1, 2, 3, 4, 5, 6, 7]",93.01580810546875,38.86540412902832,46.44097900390625,141,93.01580810546875,0.0,46.44097900390625,141
2025-07-17T20:32:21.738543,3,24,"[0, 1, 2, 3, 4, 5, 6, 7]",93.01580810546875,38.86540412902832,46.44097900390625,141,93.01580810546875,0.0,46.44097900390625,141
2025-07-17T20:32:21.751198,4,24,"[0, 1, 2, 3, 4, 5, 6, 7]",93.01580810546875,38.86540412902832,46.44097900390625,141,93.01580810546875,0.0,46.44097900390625,141
2025-07-17T20:32:21.753088,0,25,"[0, 1, 2, 3, 4, 5, 6, 7]",93.01580810546875,38.86540412902832,46.44097900390625,141,93.01580810546875,0.0,46.44097900390625,141
2025-07-17T20:32:21.759982,1,25,"[0, 1, 2, 3, 4, 5, 6, 7]",93.01580810546875,38.86540412902832,46.44097900390625,141,93.01580810546875,0.0,46.44097900390625,141
2025-07-17T20:32:21.766522,2,25,"[0, 1, 2, 3, 4, 5, 6]",93.01580810546875,38.86540412902832,46.44097900390625,141,93.01580810546875,0.0,46.44097900390625,141
2025-07-17T20:32:21.773400,3,25,"[0, 1, 2, 3, 4, 5, 6, 7]",93.01580810546875,38.86540412902832,46.44097900390625,141,93.01580810546875,0.0,46.44097900390625,141
2025-07-17T20:32:21.784499,4,25,"[0, 1, 2, 3, 4, 5, 6, 7]",93.01580810546875,38.86540412902832,46.44097900390625,141,93.01580810546875,0.0,46.44097900390625,141
2025-07-17T20:32:21.791382,0,26,"[0, 1, 2, 3, 4, 5, 6, 7]",93.01580810546875,38.86540412902832,46.44097900390625,141,93.01580810546875,0.0,46.44097900390625,141
2025-07-17T20:32:21.794728,1,26,"[0, 2, 3, 4, 5, 6, 7]",93.01580810546875,38.86540412902832,46.44097900390625,141,93.01580810546875,0.0,46.44097900390625,141
2025-07-17T20:32:21.802372,2,26,"[0, 1, 2, 3, 4, 5, 6, 7]",93.01580810546875,38.86540412902832,46.44097900390625,141,93.01580810546875,0.0,46.44097900390625,141
2025-07-17T20:32:21.808893,3,26,"[0, 2, 3, 4, 5, 6, 7]",93.01580810546875,38.86540412902832,46.44097900390625,141,93.01580810546875,0.0,46.44097900390625,141
2025-07-17T20:32:21.816392,4,26,"[0, 2, 3, 4, 5, 6, 7]",93.01580810546875,38.86540412902832,46.44097900390625,141,93.01580810546875,0.0,46.44097900390625,141
2025-07-17T20:32:21.822995,0,27,"[0, 1, 2, 3, 4, 5, 6, 7]",93.01580810546875,38.86540412902832,46.44097900390625,141,93.01580810546875,0.0,46.44097900390625,141
2025-07-17T20:32:21.830259,1,27,"[0, 1, 2, 3, 4, 5, 6, 7]",93.01580810546875,38.86540412902832,46.44097900390625,141,93.01580810546875,0.0,46.44097900390625,141
2025-07-17T20:32:21.842101,2,27,"[0, 1, 2, 3, 4, 5, 6, 7]",93.01580810546875,38.86540412902832,46.44097900390625,141,93.01580810546875,0.0,46.44097900390625,141
2025-07-17T20:32:21.844502,3,27,"[0, 1, 2, 3, 4, 5, 6, 7]",93.01580810546875,38.86540412902832,46.44097900390625,141,93.01580810546875,0.0,46.44097900390625,141
2025-07-17T20:32:21.851086,4,27,"[0, 1, 2, 3, 4, 5, 6, 7]",93.01580810546875,38.86540412902832,46.44097900390625,141,93.01580810546875,0.0,46.44097900390625,141
2025-07-17T20:32:21.862983,0,28,"[0, 1, 2, 3, 4, 5, 6, 7]",93.01580810546875,38.86540412902832,46.44097900390625,141,93.01580810546875,0.0,46.44097900390625,141
2025-07-17T20:32:21.865081,1,28,"[0, 1, 2, 3, 4, 5, 6, 7]",93.01580810546875,38.86540412902832,46.44097900390625,141,93.01580810546875,0.0,46.44097900390625,141
2025-07-17T20:32:21.872849,2,28,"[0, 1, 2, 3, 4, 5, 6, 7]",93.01580810546875,38.86540412902832,46.44097900390625,141,93.01580810546875,0.0,46.44097900390625,141
2025-07-17T20:32:21.883650,3,28,"[0, 1, 2, 3, 4, 5, 6, 7]",93.01580810546875,38.86540412902832,46.44097900390625,141,93.01580810546875,0.0,46.44097900390625,141
2025-07-17T20:32:21.886208,4,28,"[0, 1, 2, 3, 4, 5, 6, 7]",93.01580810546875,38.86540412902832,46.44097900390625,141,93.01580810546875,0.0,46.44097900390625,141
2025-07-17T20:32:21.896924,0,29,"[0, 1, 2, 3, 4, 5, 6, 7]",93.01580810546875,38.86540412902832,46.44097900390625,141,93.01580810546875,0.0,46.44097900390625,141
2025-07-17T20:32:21.903568,1,29,"[0, 1, 2, 3, 4, 5, 6, 7]",93.01580810546875,38.86540412902832,46.44097900390625,141,93.01580810546875,0.0,46.44097900390625,141
2025-07-17T20:32:21.911423,2,29,"[0, 1, 2, 3, 4, 5, 6, 7]",93.01580810546875,38.86540412902832,46.44097900390625,141,93.01580810546875,0.0,46.44097900390625,141
2025-07-17T20:32:21.918031,3,29,"[0, 1, 2, 3, 4, 5, 6, 7]",93.01580810546875,38.86540412902832,46.44097900390625,141,93.01580810546875,0.0,46.44097900390625,141
2025-07-17T20:32:21.924787,4,29,"[0, 1, 2, 3, 4, 5, 6, 7]",93.01580810546875,38.86540412902832,46.44097900390625,141,93.01580810546875,0.0,46.44097900390625,141
2025-07-17T20:32:21.931921,0,30,"[0, 1, 2, 3, 4, 5, 6, 7]",93.01580810546875,38.86540412902832,46.44097900390625,141,93.01580810546875,0.0,46.44097900390625,141
2025-07-17T20:32:21.939107,1,30,"[0, 2, 3, 4, 5, 6, 7]",93.01580810546875,38.86540412902832,46.44097900390625,141,93.01580810546875,0.0,46.44097900390625,141
2025-07-17T20:32:21.946292,2,30,"[0, 1, 2, 3, 4, 5, 6, 7]",93.01580810546875,38.86540412902832,46.44097900390625,141,93.01580810546875,0.0,46.44097900390625,141
2025-07-17T20:32:21.953072,3,30,"[0, 2, 3, 4, 5, 6, 7]",93.01580810546875,38.86540412902832,46.44097900390625,141,93.01580810546875,0.0,46.44097900390625,141
2025-07-17T20:32:21.959692,4,30,"[0, 2, 3, 4, 5, 6, 7]",93.01580810546875,38.86540412902832,46.44097900390625,141,93.01580810546875,0.0,46.44097900390625,141
2025-07-17T20:32:21.966928,0,31,"[0, 1, 2, 3, 4, 5, 6, 7]",93.01580810546875,38.87229824066162,46.44097900390625,141,93.01580810546875,0.0,46.44097900390625,141
2025-07-17T20:32:21.975635,1,31,"[0, 1, 2, 4, 5, 6, 7]",93.01580810546875,38.86909008026123,46.44097900390625,141,93.01580810546875,0.0,46.44097900390625,141
2025-07-17T20:32:21.984168,2,31,"[0, 1, 2, 3, 4, 5, 6, 7]",93.01580810546875,38.86562442779541,46.44097900390625,141,93.01580810546875,0.0,46.44097900390625,141
2025-07-17T20:32:21.992616,3,31,"[0, 1, 2, 4, 5, 6, 7]",93.01580810546875,38.86299800872803,46.44097900390625,141,93.01580810546875,0.0,46.44097900390625,141
2025-07-17T20:32:21.996717,4,31,"[0, 1, 2, 4, 5, 6, 7]",93.01580810546875,38.86002254486084,46.44097900390625,141,93.01580810546875,0.0,46.44097900390625,141
2025-07-17T20:32:22.011720,0,0,"[0, 1, 2, 3, 4, 5, 6, 7]",93.01580810546875,38.85531425476074,46.44097900390625,141,93.01580810546875,0.0,46.44097900390625,141
2025-07-17T20:32:22.019040,1,0,"[0, 1, 2, 3, 4, 5, 6, 7]",93.01580810546875,38.85852241516113,46.44097900390625,141,93.01580810546875,0.0,46.44097900390625,141
2025-07-17T20:32:22.026899,2,0,"[0, 1, 2, 3, 4, 5, 6, 7]",93.01580810546875,38.86149787902832,46.44097900390625,141,93.01580810546875,0.0,46.44097900390625,141
2025-07-17T20:32:22.034720,3,0,"[0, 1, 2, 3, 4, 5, 6, 7]",93.01580810546875,38.86438179016113,46.44097900390625,141,93.01580810546875,0.0,46.44097900390625,141
2025-07-17T20:32:22.042272,4,0,"[0, 1, 2, 3, 4, 5, 6, 7]",93.01580810546875,38.86540412902832,46.44097900390625,141,93.01580810546875,0.0,46.44097900390625,141
2025-07-17T20:32:22.050053,0,1,"[0, 1, 2, 3, 4, 5, 6, 7]",93.01580810546875,38.86540412902832,46.44097900390625,141,93.01580810546875,0.0,46.44097900390625,141
2025-07-17T20:32:22.056998,1,1,"[0, 1, 2, 3, 5, 6, 7]",93.01580810546875,38.86540412902832,46.44097900390625,141,93.01580810546875,0.0,46.44097900390625,141
2025-07-17T20:32:22.064198,2,1,"[0, 1, 2, 3, 4, 5, 6]",93.01580810546875,38.86540412902832,46.44097900390625,141,93.01580810546875,0.0,46.44097900390625,141
2025-07-17T20:32:22.071232,3,1,"[0, 1, 2, 3, 5, 6, 7]",93.01580810546875,38.86540412902832,46.44097900390625,141,93.01580810546875,0.0,46.44097900390625,141
2025-07-17T20:32:22.078693,4,1,"[0, 1, 2, 3, 5, 6, 7]",93.01580810546875,38.86540412902832,46.44097900390625,141,93.01580810546875,0.0,46.44097900390625,141
2025-07-17T20:32:22.085734,0,2,"[0, 1, 2, 3, 4, 5, 6, 7]",93.01580810546875,38.86540412902832,46.44097900390625,141,93.01580810546875,0.0,46.44097900390625,141
2025-07-17T20:32:22.094754,1,2,"[0, 1, 2, 3, 4, 5, 6, 7]",93.01580810546875,38.86482238769531,46.44097900390625,141,93.01580810546875,0.0,46.44097900390625,141
2025-07-17T20:32:22.102131,2,2,"[0, 1, 2, 3, 4, 5, 6, 7]",93.01580810546875,38.86482238769531,46.44097900390625,141,93.01580810546875,0.0,46.44097900390625,141
2025-07-17T20:32:22.109185,3,2,"[0, 1, 2, 3, 4, 5, 6, 7]",93.01580810546875,38.86456489562988,46.44097900390625,141,93.01580810546875,0.0,46.44097900390625,141
2025-07-17T20:32:22.117093,4,2,"[0, 1, 2, 3, 4, 5, 6, 7]",93.01580810546875,38.86456489562988,46.44097900390625,141,93.01580810546875,0.0,46.44097900390625,141
2025-07-17T20:32:22.123953,0,3,"[0, 1, 2, 3, 4, 5, 6, 7]",93.01580810546875,38.86456489562988,46.44097900390625,141,93.01580810546875,0.0,46.44097900390625,141
2025-07-17T20:32:22.131754,1,3,"[0, 1, 2, 3, 4, 6, 7]",93.01580810546875,38.86540412902832,46.44097900390625,141,93.01580810546875,0.0,46.44097900390625,141
2025-07-17T20:32:22.138326,2,3,"[0, 1, 2, 3, 4, 5, 6, 7]",93.01580810546875,38.86540412902832,46.44097900390625,141,93.01580810546875,0.0,46.44097900390625,141
2025-07-17T20:32:22.147836,3,3,"[0, 1, 2, 3, 4, 6, 7]",93.01580810546875,38.86482238769531,46.44097900390625,141,93.01580810546875,0.0,46.44097900390625,141
2025-07-17T20:32:22.150502,4,3,"[0, 1, 2, 3, 4, 6, 7]",93.01580810546875,38.86482238769531,46.44097900390625,141,93.01580810546875,0.0,46.44097900390625,141
2025-07-17T20:32:22.157784,0,4,"[0, 1, 2, 3, 4, 5, 6, 7]",93.01580810546875,38.86482238769531,46.44097900390625,141,93.01580810546875,0.0,46.44097900390625,141
2025-07-17T20:32:22.168499,1,4,"[0, 1, 2, 3, 4, 5, 6, 7]",93.01580810546875,38.86456489562988,46.44097900390625,141,93.01580810546875,0.0,46.44097900390625,141
2025-07-17T20:32:22.175377,2,4,"[0, 1, 2, 3, 4, 5, 6, 7]",93.01580810546875,38.86456489562988,46.44097900390625,141,93.01580810546875,0.0,46.44097900390625,141
2025-07-17T20:32:22.182150,3,4,"[0, 1, 2, 3, 4, 5, 6, 7]",93.01580810546875,38.86540412902832,46.44097900390625,141,93.01580810546875,0.0,46.44097900390625,141
2025-07-17T20:32:22.189076,4,4,"[0, 1, 2, 3, 4, 5, 6, 7]",93.01580810546875,38.86540412902832,46.44097900390625,141,93.01580810546875,0.0,46.44097900390625,141
2025-07-17T20:32:22.197394,0,5,"[0, 1, 2, 3, 4, 5, 6, 7]",93.01580810546875,38.86540412902832,46.44097900390625,141,93.01580810546875,0.0,46.44097900390625,141
2025-07-17T20:32:22.205079,1,5,"[0, 1, 2, 3, 4, 5, 6, 7]",93.01580810546875,38.86540412902832,46.44097900390625,141,93.01580810546875,0.0,46.44097900390625,141
2025-07-17T20:32:22.212192,2,5,"[0, 1, 2, 3, 4, 5, 6, 7]",93.01580810546875,38.86540412902832,46.44097900390625,141,93.01580810546875,0.0,46.44097900390625,141
2025-07-17T20:32:22.219163,3,5,"[0, 1, 2, 3, 4, 5, 6, 7]",93.01580810546875,38.86540412902832,46.44097900390625,141,93.01580810546875,0.0,46.44097900390625,141
2025-07-17T20:32:22.226563,4,5,"[0, 1, 2, 3, 4, 5, 6, 7]",93.01580810546875,38.86540412902832,46.44097900390625,141,93.01580810546875,0.0,46.44097900390625,141
2025-07-17T20:32:22.233277,0,6,"[0, 1, 2, 3, 4, 5, 6, 7]",93.01580810546875,38.86540412902832,46.44097900390625,141,93.01580810546875,0.0,46.44097900390625,141
2025-07-17T20:32:22.240323,1,6,"[0, 1, 2, 3, 4, 5, 6, 7]",93.01580810546875,38.86540412902832,46.44097900390625,141,93.01580810546875,0.0,46.44097900390625,141
2025-07-17T20:32:22.247367,2,6,"[0, 1, 2, 3, 4, 5, 6, 7]",93.01580810546875,38.86540412902832,46.44097900390625,141,93.01580810546875,0.0,46.44097900390625,141
2025-07-17T20:32:22.254733,3,6,"[0, 1, 2, 3, 4, 5, 6, 7]",93.01580810546875,38.86540412902832,46.44097900390625,141,93.01580810546875,0.0,46.44097900390625,141
2025-07-17T20:32:22.262125,4,6,"[0, 1, 2, 3, 4, 5, 6, 7]",93.01580810546875,38.86540412902832,46.44097900390625,141,93.01580810546875,0.0,46.44097900390625,141
2025-07-17T20:32:22.270068,0,7,"[0, 1, 2, 3, 4, 5, 6, 7]",93.01580810546875,38.86482238769531,46.44097900390625,141,93.01580810546875,0.0,46.44097900390625,141
2025-07-17T20:32:22.278214,1,7,"[0, 1, 2, 4, 5, 6, 7]",93.01580810546875,38.86482238769531,46.44097900390625,141,93.01580810546875,0.0,46.44097900390625,141
2025-07-17T20:32:22.285919,2,7,"[0, 1, 2, 3, 4, 5, 6, 7]",93.01580810546875,38.86540412902832,46.44097900390625,141,93.01580810546875,0.0,46.44097900390625,141
2025-07-17T20:32:22.293029,3,7,"[0, 1, 2, 4, 5, 6, 7]",93.01580810546875,38.86456489562988,46.44097900390625,141,93.01580810546875,0.0,46.44097900390625,141
2025-07-17T20:32:22.300311,4,7,"[0, 1, 2, 4, 5, 6, 7]",93.01580810546875,38.86456489562988,46.44097900390625,141,93.01580810546875,0.0,46.44097900390625,141
2025-07-17T20:32:22.307221,0,8,"[0, 1, 2, 3, 4, 5, 6, 7]",93.01580810546875,38.86540412902832,46.44097900390625,141,93.01580810546875,0.0,46.44097900390625,141
2025-07-17T20:32:22.314106,1,8,"[0, 1, 2, 3, 4, 5, 6, 7]",93.01580810546875,38.86540412902832,46.44097900390625,141,93.01580810546875,0.0,46.44097900390625,141
2025-07-17T20:32:22.320988,2,8,"[0, 1, 3, 4, 5, 6, 7]",93.01580810546875,38.86540412902832,46.44097900390625,141,93.01580810546875,0.0,46.44097900390625,141
2025-07-17T20:32:22.328744,3,8,"[0, 1, 2, 3, 4, 5, 6, 7]",93.01580810546875,38.86540412902832,46.44097900390625,141,93.01580810546875,0.0,46.44097900390625,141
2025-07-17T20:32:22.336198,4,8,"[0, 1, 2, 3, 4, 5, 6, 7]",93.01580810546875,38.86540412902832,46.44097900390625,141,93.01580810546875,0.0,46.44097900390625,141
2025-07-17T20:32:22.342854,0,9,"[0, 1, 2, 3, 4, 5, 6, 7]",93.01580810546875,38.86456489562988,46.44097900390625,141,93.01580810546875,0.0,46.44097900390625,141
2025-07-17T20:32:22.349925,1,9,"[0, 1, 2, 3, 4, 5, 6, 7]",93.01580810546875,38.86456489562988,46.44097900390625,141,93.01580810546875,0.0,46.44097900390625,141
2025-07-17T20:32:22.357453,2,9,"[0, 1, 2, 3, 4, 5, 6, 7]",93.01580810546875,38.86456489562988,46.44097900390625,141,93.01580810546875,0.0,46.44097900390625,141
2025-07-17T20:32:22.364050,3,9,"[0, 1, 2, 3, 4, 5, 6, 7]",93.01580810546875,38.86456489562988,46.44097900390625,141,93.01580810546875,0.0,46.44097900390625,141
2025-07-17T20:32:22.373365,4,9,"[0, 1, 2, 3, 4, 5, 6, 7]",93.01580810546875,38.86540412902832,46.44097900390625,141,93.01580810546875,0.0,46.44097900390625,141
2025-07-17T20:32:22.380448,0,10,"[0, 1, 2, 3, 4, 5, 6, 7]",93.01580810546875,38.86540412902832,46.44097900390625,141,93.01580810546875,0.0,46.44097900390625,141
2025-07-17T20:32:22.387767,1,10,"[0, 1, 2, 3, 4, 5, 6, 7]",93.01580810546875,38.86540412902832,46.44097900390625,141,93.01580810546875,0.0,46.44097900390625,141
2025-07-17T20:32:22.394892,2,10,"[0, 1, 2, 4, 5, 6, 7]",93.01580810546875,38.86540412902832,46.44097900390625,141,93.01580810546875,0.0,46.44097900390625,141
2025-07-17T20:32:22.402279,3,10,"[0, 1, 2, 3, 4, 5, 6, 7]",93.01580810546875,38.86540412902832,46.44097900390625,141,93.01580810546875,0.0,46.44097900390625,141
2025-07-17T20:32:22.409044,4,10,"[0, 1, 2, 3, 4, 5, 6, 7]",93.01580810546875,38.86540412902832,46.44097900390625,141,93.01580810546875,0.0,46.44097900390625,141
2025-07-17T20:32:22.412643,0,11,"[0, 1, 2, 3, 4, 5, 6, 7]",93.01580810546875,38.86540412902832,46.44097900390625,141,93.01580810546875,0.0,46.44097900390625,141
2025-07-17T20:32:22.419105,1,11,"[0, 1, 2, 4, 5, 6, 7]",93.01580810546875,38.86482238769531,46.44097900390625,141,93.01580810546875,0.0,46.44097900390625,141
2025-07-17T20:32:22.425849,2,11,"[0, 1, 2, 3, 4, 5, 6, 7]",93.01580810546875,38.86482238769531,46.44097900390625,141,93.01580810546875,0.0,46.44097900390625,141
2025-07-17T20:32:22.433793,3,11,"[0, 1, 2, 4, 5, 6, 7]",93.01580810546875,38.86482238769531,46.44097900390625,141,93.01580810546875,0.0,46.44097900390625,141
2025-07-17T20:32:22.440763,4,11,"[0, 1, 2, 4, 5, 6, 7]",93.01580810546875,38.86456489562988,46.44097900390625,141,93.01580810546875,0.0,46.44097900390625,141
2025-07-17T20:32:22.447348,0,12,"[0, 1, 2, 3, 4, 5, 6, 7]",93.01580810546875,38.86540412902832,46.44097900390625,141,93.01580810546875,0.0,46.44097900390625,141
2025-07-17T20:32:22.454357,1,12,"[0, 1, 2, 3, 4, 5, 6, 7]",93.01580810546875,38.86540412902832,46.44097900390625,141,93.01580810546875,0.0,46.44097900390625,141
2025-07-17T20:32:22.461436,2,12,"[0, 1, 2, 3, 4, 5, 6, 7]",93.01580810546875,38.86540412902832,46.44097900390625,141,93.01580810546875,0.0,46.44097900390625,141
2025-07-17T20:32:22.467972,3,12,"[0, 1, 2, 3, 4, 5, 6, 7]",93.01580810546875,38.86540412902832,46.44097900390625,141,93.01580810546875,0.0,46.44097900390625,141
2025-07-17T20:32:22.474502,4,12,"[0, 1, 2, 3, 4, 5, 6, 7]",93.01580810546875,38.86540412902832,46.44097900390625,141,93.01580810546875,0.0,46.44097900390625,141
2025-07-17T20:32:22.485893,0,13,"[0, 1, 2, 3, 4, 5, 6, 7]",93.01580810546875,38.86540412902832,46.44097900390625,141,93.01580810546875,0.0,46.44097900390625,141
2025-07-17T20:32:22.488095,1,13,"[0, 1, 2, 3, 5, 7]",93.01580810546875,38.86540412902832,46.44097900390625,141,93.01580810546875,0.0,46.44097900390625,141
2025-07-17T20:32:22.495272,2,13,"[0, 1, 2, 3, 4, 5, 6, 7]",93.01580810546875,38.86540412902832,46.44097900390625,141,93.01580810546875,0.0,46.44097900390625,141
2025-07-17T20:32:22.501724,3,13,"[0, 1, 2, 3, 5, 7]",93.01580810546875,38.86540412902832,46.44097900390625,141,93.01580810546875,0.0,46.44097900390625,141
2025-07-17T20:32:22.509740,4,13,"[0, 1, 2, 3, 5, 7]",93.01580810546875,38.86540412902832,46.44097900390625,141,93.01580810546875,0.0,46.44097900390625,141
2025-07-17T20:32:22.523570,0,14,"[0, 1, 2, 3, 4, 5, 6, 7]",93.01580810546875,38.86540412902832,46.44097900390625,141,93.01580810546875,0.0,46.44097900390625,141
2025-07-17T20:32:22.525713,1,14,"[0, 1, 3, 4, 5, 6, 7]",93.01580810546875,38.86540412902832,46.44097900390625,141,93.01580810546875,0.0,46.44097900390625,141
2025-07-17T20:32:22.533511,2,14,"[0, 1, 2, 3, 4, 5, 6, 7]",93.01580810546875,38.86540412902832,46.44097900390625,141,93.01580810546875,0.0,46.44097900390625,141
2025-07-17T20:32:22.540360,3,14,"[0, 1, 3, 4, 5, 6, 7]",93.01580810546875,38.86540412902832,46.44097900390625,141,93.01580810546875,0.0,46.44097900390625,141
2025-07-17T20:32:22.548276,4,14,"[0, 1, 3, 4, 5, 6, 7]",93.01580810546875,38.86540412902832,46.44097900390625,141,93.01580810546875,0.0,46.44097900390625,141
2025-07-17T20:32:22.556719,0,15,"[0, 1, 2, 3, 4, 5, 6, 7]",93.01580810546875,38.86540412902832,46.44097900390625,141,93.01580810546875,0.0,46.44097900390625,141
2025-07-17T20:32:22.568662,1,15,"[0, 1, 2, 3, 4, 5, 7]",93.01580810546875,38.86540412902832,46.44097900390625,141,93.01580810546875,0.0,46.44097900390625,141
2025-07-17T20:32:22.570975,2,15,"[0, 1, 2, 3, 4, 5, 6, 7]",93.01580810546875,38.86540412902832,46.44097900390625,141,93.01580810546875,0.0,46.44097900390625,141
2025-07-17T20:32:22.578001,3,15,"[0, 1, 2, 3, 4, 5, 7]",93.01580810546875,38.86540412902832,46.44097900390625,141,93.01580810546875,0.0,46.44097900390625,141
2025-07-17T20:32:22.588987,4,15,"[0, 1, 2, 3, 4, 5, 7]",93.01580810546875,38.86540412902832,46.44097900390625,141,93.01580810546875,0.0,46.44097900390625,141
2025-07-17T20:32:22.597563,0,16,"[0, 1, 2, 3, 4, 5, 6, 7]",93.01580810546875,38.86540412902832,46.44097900390625,141,93.01580810546875,0.0,46.44097900390625,141
2025-07-17T20:32:22.604874,1,16,"[0, 1, 2, 3, 5, 6, 7]",93.01580810546875,38.86540412902832,46.44097900390625,141,93.01580810546875,0.0,46.44097900390625,141
2025-07-17T20:32:22.611531,2,16,"[0, 1, 2, 3, 4, 5, 6, 7]",93.01580810546875,38.86540412902832,46.44097900390625,141,93.01580810546875,0.0,46.44097900390625,141
2025-07-17T20:32:22.618772,3,16,"[0, 1, 2, 3, 5, 6, 7]",93.01580810546875,38.86540412902832,46.44097900390625,141,93.01580810546875,0.0,46.44097900390625,141
2025-07-17T20:32:22.626552,4,16,"[0, 1, 2, 3, 5, 6, 7]",93.01580810546875,38.86540412902832,46.44097900390625,141,93.01580810546875,0.0,46.44097900390625,141
2025-07-17T20:32:22.633558,0,17,"[0, 1, 2, 3, 4, 5, 6, 7]",93.01580810546875,38.86540412902832,46.44097900390625,141,93.01580810546875,0.0,46.44097900390625,141
2025-07-17T20:32:22.640840,1,17,"[0, 1, 3, 4, 5, 6, 7]",93.01580810546875,38.86540412902832,46.44097900390625,141,93.01580810546875,0.0,46.44097900390625,141
2025-07-17T20:32:22.648453,2,17,"[0, 1, 2, 3, 4, 5, 6, 7]",93.01580810546875,38.86540412902832,46.44097900390625,141,93.01580810546875,0.0,46.44097900390625,141
2025-07-17T20:32:22.655338,3,17,"[0, 1, 3, 4, 5, 6, 7]",93.01580810546875,38.86540412902832,46.44097900390625,141,93.01580810546875,0.0,46.44097900390625,141
2025-07-17T20:32:22.662929,4,17,"[0, 1, 3, 4, 5, 6, 7]",93.01580810546875,38.86482238769531,46.44097900390625,141,93.01580810546875,0.0,46.44097900390625,141
2025-07-17T20:32:22.669884,0,18,"[0, 1, 2, 3, 4, 5, 6, 7]",93.01580810546875,38.86456489562988,46.44097900390625,141,93.01580810546875,0.0,46.44097900390625,141
2025-07-17T20:32:22.678290,1,18,"[0, 1, 2, 3, 4, 5, 7]",93.01580810546875,38.86456489562988,46.44097900390625,141,93.01580810546875,0.0,46.44097900390625,141
2025-07-17T20:32:22.685960,2,18,"[0, 1, 2, 3, 4, 5, 6, 7]",93.01580810546875,38.86456489562988,46.44097900390625,141,93.01580810546875,0.0,46.44097900390625,141
2025-07-17T20:32:22.694210,3,18,"[0, 1, 2, 3, 4, 5, 7]",93.01580810546875,38.86540412902832,46.44097900390625,141,93.01580810546875,0.0,46.44097900390625,141
2025-07-17T20:32:22.696611,4,18,"[0, 1, 2, 3, 4, 5, 7]",93.01580810546875,38.86540412902832,46.44097900390625,141,93.01580810546875,0.0,46.44097900390625,141
2025-07-17T20:32:22.707299,0,19,"[0, 1, 2, 3, 4, 5, 6, 7]",93.01580810546875,38.86540412902832,46.44097900390625,141,93.01580810546875,0.0,46.44097900390625,141
2025-07-17T20:32:22.715044,1,19,"[0, 1, 2, 3, 4, 5, 6, 7]",93.01580810546875,38.86540412902832,46.44097900390625,141,93.01580810546875,0.0,46.44097900390625,141
2025-07-17T20:32:22.721977,2,19,"[0, 1, 2, 3, 4, 5, 6, 7]",93.01580810546875,38.86540412902832,46.44097900390625,141,93.01580810546875,0.0,46.44097900390625,141
2025-07-17T20:32:22.729137,3,19,"[0, 1, 2, 3, 4, 5, 6, 7]",93.01580810546875,38.86540412902832,46.44097900390625,141,93.01580810546875,0.0,46.44097900390625,141
2025-07-17T20:32:22.736447,4,19,"[0, 1, 2, 3, 4, 5, 6, 7]",93.01580810546875,38.86540412902832,46.44097900390625,141,93.01580810546875,0.0,46.44097900390625,141
2025-07-17T20:32:22.744334,0,20,"[0, 1, 2, 3, 4, 5, 6, 7]",93.01580810546875,38.86482238769531,46.44097900390625,141,93.01580810546875,0.0,46.44097900390625,141
2025-07-17T20:32:22.750930,1,20,"[0, 1, 2, 3, 4, 5, 6, 7]",93.01580810546875,38.86482238769531,46.44097900390625,141,93.01580810546875,0.0,46.44097900390625,141
2025-07-17T20:32:22.758514,2,20,"[0, 1, 2, 3, 4, 5, 6, 7]",93.01580810546875,38.86482238769531,46.44097900390625,141,93.01580810546875,0.0,46.44097900390625,141
2025-07-17T20:32:22.766026,3,20,"[0, 1, 2, 3, 4, 5, 6, 7]",93.01580810546875,38.86456489562988,46.44097900390625,141,93.01580810546875,0.0,46.44097900390625,141
2025-07-17T20:32:22.773176,4,20,"[0, 1, 2, 3, 4, 5, 6, 7]",93.01580810546875,38.86456489562988,46.44097900390625,141,93.01580810546875,0.0,46.44097900390625,141
2025-07-17T20:32:22.781166,0,21,"[0, 1, 2, 3, 4, 5, 6, 7]",93.01580810546875,38.86540412902832,46.44097900390625,141,93.01580810546875,0.0,46.44097900390625,141
2025-07-17T20:32:22.789845,1,21,"[0, 1, 2, 3, 5, 6, 7]",93.01580810546875,38.86540412902832,46.44097900390625,141,93.01580810546875,0.0,46.44097900390625,141
2025-07-17T20:32:22.796928,2,21,"[0, 1, 2, 3, 4, 5, 6, 7]",93.01580810546875,38.86482238769531,46.44097900390625,141,93.01580810546875,0.0,46.44097900390625,141
2025-07-17T20:32:22.804006,3,21,"[0, 1, 2, 3, 5, 6, 7]",93.01580810546875,38.86482238769531,46.44097900390625,141,93.01580810546875,0.0,46.44097900390625,141
2025-07-17T20:32:22.810608,4,21,"[0, 1, 2, 3, 5, 6, 7]",93.01580810546875,38.86482238769531,46.44097900390625,141,93.01580810546875,0.0,46.44097900390625,141
2025-07-17T20:32:22.817827,0,22,"[0, 1, 2, 3, 4, 5, 6, 7]",93.01580810546875,38.86456489562988,46.44097900390625,141,93.01580810546875,0.0,46.44097900390625,141
2025-07-17T20:32:22.824730,1,22,"[0, 2, 3, 4, 5, 6]",93.01580810546875,38.86540412902832,46.44097900390625,141,93.01580810546875,0.0,46.44097900390625,141
2025-07-17T20:32:22.832785,2,22,"[0, 1, 2, 3, 4, 5, 6, 7]",93.01580810546875,38.86540412902832,46.44097900390625,141,93.01580810546875,0.0,46.44097900390625,141
2025-07-17T20:32:22.839921,3,22,"[0, 2, 3, 4, 5, 6]",93.01580810546875,38.86482238769531,46.44097900390625,141,93.01580810546875,0.0,46.44097900390625,141
2025-07-17T20:32:22.846489,4,22,"[0, 2, 3, 4, 5, 6]",93.01580810546875,38.86482238769531,46.44097900390625,141,93.01580810546875,0.0,46.44097900390625,141
2025-07-17T20:32:22.853342,0,23,"[0, 1, 2, 3, 4, 5, 6, 7]",93.01580810546875,38.86482238769531,46.44097900390625,141,93.01580810546875,0.0,46.44097900390625,141
2025-07-17T20:32:22.862750,1,23,"[0, 1, 2, 3, 4, 5, 6, 7]",93.01580810546875,38.86456489562988,46.44097900390625,141,93.01580810546875,0.0,46.44097900390625,141
2025-07-17T20:32:22.869818,2,23,"[0, 1, 2, 3, 4, 5, 6, 7]",93.01580810546875,38.86540412902832,46.44097900390625,141,93.01580810546875,0.0,46.44097900390625,141
2025-07-17T20:32:22.876499,3,23,"[0, 1, 2, 3, 4, 5, 6, 7]",93.01580810546875,38.86540412902832,46.44097900390625,141,93.01580810546875,0.0,46.44097900390625,141
2025-07-17T20:32:22.884149,4,23,"[0, 1, 2, 3, 4, 5, 6, 7]",93.01580810546875,38.86540412902832,46.44097900390625,141,93.01580810546875,0.0,46.44097900390625,141
2025-07-17T20:32:22.891487,0,24,"[0, 1, 2, 3, 4, 5, 6, 7]",93.01580810546875,38.86540412902832,46.44097900390625,141,93.01580810546875,0.0,46.44097900390625,141
2025-07-17T20:32:22.899238,1,24,"[0, 1, 3, 4, 5, 6, 7]",93.01580810546875,38.86482238769531,46.44097900390625,141,93.01580810546875,0.0,46.44097900390625,141
2025-07-17T20:32:22.905964,2,24,"[0, 1, 2, 3, 4, 5, 6, 7]",93.01580810546875,38.86456489562988,46.44097900390625,141,93.01580810546875,0.0,46.44097900390625,141
2025-07-17T20:32:22.912982,3,24,"[0, 1, 3, 4, 5, 6, 7]",93.01580810546875,38.86456489562988,46.44097900390625,141,93.01580810546875,0.0,46.44097900390625,141
2025-07-17T20:32:22.921987,4,24,"[0, 1, 3, 4, 5, 6, 7]",93.01580810546875,38.86540412902832,46.44097900390625,141,93.01580810546875,0.0,46.44097900390625,141
2025-07-17T20:32:22.928929,0,25,"[0, 1, 2, 3, 4, 5, 6, 7]",93.01580810546875,38.86482238769531,46.44097900390625,141,93.01580810546875,0.0,46.44097900390625,141
2025-07-17T20:32:22.935903,1,25,"[0, 1, 2, 3, 4, 5, 6, 7]",93.01580810546875,38.86540412902832,46.44097900390625,141,93.01580810546875,0.0,46.44097900390625,141
2025-07-17T20:32:22.943688,2,25,"[0, 1, 2, 3, 4, 5, 6, 7]",93.01580810546875,38.86540412902832,46.44097900390625,141,93.01580810546875,0.0,46.44097900390625,141
2025-07-17T20:32:22.950590,3,25,"[0, 1, 2, 3, 4, 5, 6, 7]",93.01580810546875,38.86540412902832,46.44097900390625,141,93.01580810546875,0.0,46.44097900390625,141
2025-07-17T20:32:22.957973,4,25,"[0, 1, 2, 3, 4, 5, 6, 7]",93.01580810546875,38.86540412902832,46.44097900390625,141,93.01580810546875,0.0,46.44097900390625,141
2025-07-17T20:32:22.965282,0,26,"[0, 1, 2, 3, 4, 5, 6, 7]",93.01580810546875,38.86540412902832,46.44097900390625,141,93.01580810546875,0.0,46.44097900390625,141
2025-07-17T20:32:22.972618,1,26,"[0, 1, 2, 3, 4, 5, 6, 7]",93.01580810546875,38.86540412902832,46.44097900390625,141,93.01580810546875,0.0,46.44097900390625,141
2025-07-17T20:32:22.981116,2,26,"[0, 1, 2, 3, 4, 5, 6, 7]",93.01580810546875,38.86482238769531,46.44097900390625,141,93.01580810546875,0.0,46.44097900390625,141
2025-07-17T20:32:22.987688,3,26,"[0, 1, 2, 3, 4, 5, 6, 7]",93.01580810546875,38.86482238769531,46.44097900390625,141,93.01580810546875,0.0,46.44097900390625,141
2025-07-17T20:32:22.994759,4,26,"[0, 1, 2, 3, 4, 5, 6, 7]",93.01580810546875,38.86456489562988,46.44097900390625,141,93.01580810546875,0.0,46.44097900390625,141
2025-07-17T20:32:23.001798,0,27,"[0, 1, 2, 3, 4, 5, 6, 7]",93.01580810546875,38.86456489562988,46.44097900390625,141,93.01580810546875,0.0,46.44097900390625,141
2025-07-17T20:32:23.008959,1,27,"[0, 1, 2, 3, 4, 5, 7]",93.01580810546875,38.86456489562988,46.44097900390625,141,93.01580810546875,0.0,46.44097900390625,141
2025-07-17T20:32:23.016095,2,27,"[0, 1, 2, 3, 4, 5, 6, 7]",93.01580810546875,38.86540412902832,46.44097900390625,141,93.01580810546875,0.0,46.44097900390625,141
2025-07-17T20:32:23.022859,3,27,"[0, 1, 2, 3, 4, 5, 7]",93.01580810546875,38.86540412902832,46.44097900390625,141,93.01580810546875,0.0,46.44097900390625,141
2025-07-17T20:32:23.030245,4,27,"[0, 1, 2, 3, 4, 5, 7]",93.01580810546875,38.86540412902832,46.44097900390625,141,93.01580810546875,0.0,46.44097900390625,141
2025-07-17T20:32:23.038403,0,28,"[0, 1, 2, 3, 4, 5, 6, 7]",93.01580810546875,38.86540412902832,46.44097900390625,141,93.01580810546875,0.0,46.44097900390625,141
2025-07-17T20:32:23.045290,1,28,"[0, 1, 2, 3, 4, 5, 6, 7]",93.01580810546875,38.86540412902832,46.44097900390625,141,93.01580810546875,0.0,46.44097900390625,141
2025-07-17T20:32:23.051923,2,28,"[0, 1, 2, 3, 4, 5, 6, 7]",93.01580810546875,38.86540412902832,46.44097900390625,141,93.01580810546875,0.0,46.44097900390625,141
2025-07-17T20:32:23.058931,3,28,"[0, 1, 2, 3, 4, 5, 6, 7]",93.01580810546875,38.86540412902832,46.44097900390625,141,93.01580810546875,0.0,46.44097900390625,141
2025-07-17T20:32:23.065749,4,28,"[0, 1, 2, 3, 4, 5, 6, 7]",93.01580810546875,38.86540412902832,46.44097900390625,141,93.01580810546875,0.0,46.44097900390625,141
2025-07-17T20:32:23.072843,0,29,"[0, 1, 2, 3, 4, 5, 6, 7]",93.01580810546875,38.86540412902832,46.44097900390625,141,93.01580810546875,0.0,46.44097900390625,141
2025-07-17T20:32:23.080079,1,29,"[0, 1, 2, 3, 4, 5, 6, 7]",93.01580810546875,38.86540412902832,46.44097900390625,141,93.01580810546875,0.0,46.44097900390625,141
2025-07-17T20:32:23.087114,2,29,"[0, 1, 2, 3, 4, 5, 6, 7]",93.01580810546875,38.86540412902832,46.44097900390625,141,93.01580810546875,0.0,46.44097900390625,141
2025-07-17T20:32:23.094120,3,29,"[0, 1, 2, 3, 4, 5, 6, 7]",93.01580810546875,38.86540412902832,46.44097900390625,141,93.01580810546875,0.0,46.44097900390625,141
2025-07-17T20:32:23.100949,4,29,"[0, 1, 2, 3, 4, 5, 6, 7]",93.01580810546875,38.86540412902832,46.44097900390625,141,93.01580810546875,0.0,46.44097900390625,141
2025-07-17T20:32:23.109181,0,30,"[0, 1, 2, 3, 4, 5, 6, 7]",93.01580810546875,38.86540412902832,46.44097900390625,141,93.01580810546875,0.0,46.44097900390625,141
2025-07-17T20:32:23.116355,1,30,"[0, 1, 2, 3, 4, 5, 6, 7]",93.01580810546875,38.86482238769531,46.44097900390625,141,93.01580810546875,0.0,46.44097900390625,141
2025-07-17T20:32:23.123199,2,30,"[0, 1, 2, 3, 4, 5, 6, 7]",93.01580810546875,38.86456489562988,46.44097900390625,141,93.01580810546875,0.0,46.44097900390625,141
2025-07-17T20:32:23.130392,3,30,"[0, 1, 2, 3, 4, 5, 6, 7]",93.01580810546875,38.86456489562988,46.44097900390625,141,93.01580810546875,0.0,46.44097900390625,141
2025-07-17T20:32:23.139080,4,30,"[0, 1, 2, 3, 4, 5, 6, 7]",93.01580810546875,38.86456489562988,46.44097900390625,141,93.01580810546875,0.0,46.44097900390625,141
2025-07-17T20:32:23.141391,0,31,"[0, 1, 2, 3, 4, 5, 6, 7]",93.01580810546875,38.87204074859619,46.44097900390625,141,93.01580810546875,0.0,46.44097900390625,141
2025-07-17T20:32:23.150593,1,31,"[0, 1, 2, 3, 4, 5, 6, 7]",93.01580810546875,38.86941432952881,46.44097900390625,141,93.01580810546875,0.0,46.44097900390625,141
2025-07-17T20:32:23.162640,2,31,"[0, 1, 2, 3, 4, 5, 6, 7]",93.01580810546875,38.86620616912842,46.44097900390625,141,93.01580810546875,0.0,46.44097900390625,141
2025-07-17T20:32:23.167650,3,31,"[0, 1, 2, 3, 4, 5, 6, 7]",93.01580810546875,38.863579750061035,46.44097900390625,141,93.01580810546875,0.0,46.44097900390625,141
2025-07-17T20:32:23.175565,4,31,"[0, 1, 2, 3, 4, 5, 6, 7]",93.01580810546875,38.86002254486084,46.44097900390625,141,93.01580810546875,0.0,46.44097900390625,141
2025-07-17T20:32:23.190796,0,0,"[0, 1, 2, 3, 4, 5, 6, 7]",93.01580810546875,38.85531425476074,46.44097900390625,141,93.01580810546875,0.0,46.44097900390625,141
2025-07-17T20:32:23.198950,1,0,"[0, 1, 2, 4, 5, 6, 7]",93.01580810546875,38.85852241516113,46.44097900390625,141,93.01580810546875,0.0,46.44097900390625,141
2025-07-17T20:32:23.202100,2,0,"[0, 1, 2, 3, 4, 5, 6, 7]",93.01580810546875,38.86149787902832,46.44097900390625,141,93.01580810546875,0.0,46.44097900390625,141
2025-07-17T20:32:23.209332,3,0,"[0, 1, 2, 4, 5, 6, 7]",93.01580810546875,38.86438179016113,46.44097900390625,141,93.01580810546875,0.0,46.44097900390625,141
2025-07-17T20:32:23.216763,4,0,"[0, 1, 2, 4, 5, 6, 7]",93.01580810546875,38.86540412902832,46.44097900390625,141,93.01580810546875,0.0,46.44097900390625,141
2025-07-17T20:32:23.223628,0,1,"[0, 1, 2, 3, 4, 5, 6, 7]",93.01580810546875,38.86540412902832,46.44097900390625,141,93.01580810546875,0.0,46.44097900390625,141
2025-07-17T20:32:23.234332,1,1,"[0, 1, 2, 3, 4, 5, 6, 7]",93.01580810546875,38.86540412902832,46.44097900390625,141,93.01580810546875,0.0,46.44097900390625,141
2025-07-17T20:32:23.241486,2,1,"[0, 1, 2, 3, 4, 5, 6, 7]",93.01580810546875,38.86540412902832,46.44097900390625,141,93.01580810546875,0.0,46.44097900390625,141
2025-07-17T20:32:23.248360,3,1,"[0, 1, 2, 3, 4, 5, 6, 7]",93.01580810546875,38.86540412902832,46.44097900390625,141,93.01580810546875,0.0,46.44097900390625,141
2025-07-17T20:32:23.255528,4,1,"[0, 1, 2, 3, 4, 5, 6, 7]",93.01580810546875,38.86540412902832,46.44097900390625,141,93.01580810546875,0.0,46.44097900390625,141
2025-07-17T20:32:23.262150,0,2,"[0, 1, 2, 3, 4, 5, 6, 7]",93.01580810546875,38.86540412902832,46.44097900390625,141,93.01580810546875,0.0,46.44097900390625,141
2025-07-17T20:32:23.269906,1,2,"[0, 1, 2, 3, 4, 6, 7]",93.01580810546875,38.86540412902832,46.44097900390625,141,93.01580810546875,0.0,46.44097900390625,141
2025-07-17T20:32:23.276575,2,2,"[0, 1, 2, 3, 4, 5, 6, 7]",93.01580810546875,38.86540412902832,46.44097900390625,141,93.01580810546875,0.0,46.44097900390625,141
2025-07-17T20:32:23.284174,3,2,"[0, 1, 2, 3, 4, 6, 7]",93.01580810546875,38.86540412902832,46.44097900390625,141,93.01580810546875,0.0,46.44097900390625,141
2025-07-17T20:32:23.291117,4,2,"[0, 1, 2, 3, 4, 6, 7]",93.01580810546875,38.86540412902832,46.44097900390625,141,93.01580810546875,0.0,46.44097900390625,141
2025-07-17T20:32:23.298262,0,3,"[0, 1, 2, 3, 4, 5, 6, 7]",93.01580810546875,38.86540412902832,46.44097900390625,141,93.01580810546875,0.0,46.44097900390625,141
2025-07-17T20:32:23.304998,1,3,"[0, 1, 2, 3, 4, 5, 6, 7]",93.01580810546875,38.86540412902832,46.44097900390625,141,93.01580810546875,0.0,46.44097900390625,141
2025-07-17T20:32:23.312121,2,3,"[0, 1, 2, 3, 4, 5, 6, 7]",93.01580810546875,38.86540412902832,46.44097900390625,141,93.01580810546875,0.0,46.44097900390625,141
2025-07-17T20:32:23.320861,3,3,"[0, 1, 2, 3, 4, 5, 6, 7]",93.01580810546875,38.86456489562988,46.44097900390625,141,93.01580810546875,0.0,46.44097900390625,141
2025-07-17T20:32:23.328080,4,3,"[0, 1, 2, 3, 4, 5, 6, 7]",93.01580810546875,38.86456489562988,46.44097900390625,141,93.01580810546875,0.0,46.44097900390625,141
2025-07-17T20:32:23.334675,0,4,"[0, 1, 2, 3, 4, 5, 6, 7]",93.01580810546875,38.86456489562988,46.44097900390625,141,93.01580810546875,0.0,46.44097900390625,141
2025-07-17T20:32:23.341622,1,4,"[0, 1, 2, 3, 4, 6, 7]",93.01580810546875,38.86456489562988,46.44097900390625,141,93.01580810546875,0.0,46.44097900390625,141
2025-07-17T20:32:23.348136,2,4,"[0, 1, 2, 3, 4, 5, 6, 7]",93.01580810546875,38.86456489562988,46.44097900390625,141,93.01580810546875,0.0,46.44097900390625,141
2025-07-17T20:32:23.355577,3,4,"[0, 1, 2, 3, 4, 6, 7]",93.01580810546875,38.86540412902832,46.44097900390625,141,93.01580810546875,0.0,46.44097900390625,141
2025-07-17T20:32:23.362559,4,4,"[0, 1, 2, 3, 4, 6, 7]",93.01580810546875,38.86540412902832,46.44097900390625,141,93.01580810546875,0.0,46.44097900390625,141
2025-07-17T20:32:23.369681,0,5,"[0, 1, 2, 3, 4, 5, 6, 7]",93.01580810546875,38.86540412902832,46.44097900390625,141,93.01580810546875,0.0,46.44097900390625,141
2025-07-17T20:32:23.376550,1,5,"[0, 1, 2, 3, 4, 6, 7]",93.01580810546875,38.86540412902832,46.44097900390625,141,93.01580810546875,0.0,46.44097900390625,141
2025-07-17T20:32:23.383921,2,5,"[0, 1, 2, 3, 4, 5, 6, 7]",93.01580810546875,38.86540412902832,46.44097900390625,141,93.01580810546875,0.0,46.44097900390625,141
2025-07-17T20:32:23.391041,3,5,"[0, 1, 2, 3, 4, 6, 7]",93.01580810546875,38.86540412902832,46.44097900390625,141,93.01580810546875,0.0,46.44097900390625,141
2025-07-17T20:32:23.398841,4,5,"[0, 1, 2, 3, 4, 6, 7]",93.01580810546875,38.86540412902832,46.44097900390625,141,93.01580810546875,0.0,46.44097900390625,141
2025-07-17T20:32:23.405741,0,6,"[0, 1, 2, 3, 4, 5, 6, 7]",93.01580810546875,38.86540412902832,46.44097900390625,141,93.01580810546875,0.0,46.44097900390625,141
2025-07-17T20:32:23.413139,1,6,"[0, 1, 2, 3, 4, 5, 6, 7]",93.01580810546875,38.86482238769531,46.44097900390625,141,93.01580810546875,0.0,46.44097900390625,141
2025-07-17T20:32:23.419830,2,6,"[0, 1, 2, 3, 4, 5, 6, 7]",93.01580810546875,38.86482238769531,46.44097900390625,141,93.01580810546875,0.0,46.44097900390625,141
2025-07-17T20:32:23.426799,3,6,"[0, 1, 2, 3, 4, 5, 6, 7]",93.01580810546875,38.86456489562988,46.44097900390625,141,93.01580810546875,0.0,46.44097900390625,141
2025-07-17T20:32:23.434339,4,6,"[0, 1, 2, 3, 4, 5, 6, 7]",93.01580810546875,38.86456489562988,46.44097900390625,141,93.01580810546875,0.0,46.44097900390625,141
2025-07-17T20:32:23.442342,0,7,"[0, 1, 2, 3, 4, 5, 6, 7]",93.01580810546875,38.86456489562988,46.44097900390625,141,93.01580810546875,0.0,46.44097900390625,141
2025-07-17T20:32:23.449173,1,7,"[1, 2, 3, 4, 5, 6, 7]",93.01580810546875,38.86540412902832,46.44097900390625,141,93.01580810546875,0.0,46.44097900390625,141
2025-07-17T20:32:23.451639,2,7,"[0, 1, 2, 3, 4, 5, 6, 7]",93.01580810546875,38.86540412902832,46.44097900390625,141,93.01580810546875,0.0,46.44097900390625,141
2025-07-17T20:32:23.462565,3,7,"[1, 2, 3, 4, 5, 6, 7]",93.01580810546875,38.86540412902832,46.44097900390625,141,93.01580810546875,0.0,46.44097900390625,141
2025-07-17T20:32:23.469561,4,7,"[1, 2, 3, 4, 5, 6, 7]",93.01580810546875,38.86540412902832,46.44097900390625,141,93.01580810546875,0.0,46.44097900390625,141
2025-07-17T20:32:23.477241,0,8,"[0, 1, 2, 3, 4, 5, 6, 7]",93.01580810546875,38.86540412902832,46.44097900390625,141,93.01580810546875,0.0,46.44097900390625,141
2025-07-17T20:32:23.485225,1,8,"[0, 1, 2, 3, 4, 5, 6, 7]",93.01580810546875,38.86540412902832,46.44097900390625,141,93.01580810546875,0.0,46.44097900390625,141
2025-07-17T20:32:23.492817,2,8,"[0, 1, 2, 3, 4, 5, 6, 7]",93.01580810546875,38.86540412902832,46.44097900390625,141,93.01580810546875,0.0,46.44097900390625,141
2025-07-17T20:32:23.500164,3,8,"[0, 1, 2, 3, 4, 5, 6, 7]",93.01580810546875,38.86540412902832,46.44097900390625,141,93.01580810546875,0.0,46.44097900390625,141
2025-07-17T20:32:23.507454,4,8,"[0, 1, 2, 3, 4, 5, 6, 7]",93.01580810546875,38.86540412902832,46.44097900390625,141,93.01580810546875,0.0,46.44097900390625,141
2025-07-17T20:32:23.515011,0,9,"[0, 1, 2, 3, 4, 5, 6, 7]",93.01580810546875,38.86540412902832,46.44097900390625,141,93.01580810546875,0.0,46.44097900390625,141
2025-07-17T20:32:23.522379,1,9,"[0, 1, 2, 3, 4, 5, 6, 7]",93.01580810546875,38.86540412902832,46.44097900390625,141,93.01580810546875,0.0,46.44097900390625,141
2025-07-17T20:32:23.530067,2,9,"[0, 1, 2, 3, 4, 5, 6, 7]",93.01580810546875,38.86540412902832,46.44097900390625,141,93.01580810546875,0.0,46.44097900390625,141
2025-07-17T20:32:23.537378,3,9,"[0, 1, 2, 3, 4, 5, 6, 7]",93.01580810546875,38.86540412902832,46.44097900390625,141,93.01580810546875,0.0,46.44097900390625,141
2025-07-17T20:32:23.545083,4,9,"[0, 1, 2, 3, 4, 5, 6, 7]",93.01580810546875,38.86540412902832,46.44097900390625,141,93.01580810546875,0.0,46.44097900390625,141
2025-07-17T20:32:23.552314,0,10,"[0, 1, 2, 3, 4, 5, 6, 7]",93.01580810546875,38.86482238769531,46.44097900390625,141,93.01580810546875,0.0,46.44097900390625,141
2025-07-17T20:32:23.560029,1,10,"[0, 1, 2, 4, 6, 7]",93.01580810546875,38.86456489562988,46.44097900390625,141,93.01580810546875,0.0,46.44097900390625,141
2025-07-17T20:32:23.566782,2,10,"[0, 1, 2, 3, 4, 5, 6, 7]",93.01580810546875,38.86456489562988,46.44097900390625,141,93.01580810546875,0.0,46.44097900390625,141
2025-07-17T20:32:23.574200,3,10,"[0, 1, 2, 4, 6, 7]",93.01580810546875,38.86456489562988,46.44097900390625,141,93.01580810546875,0.0,46.44097900390625,141
2025-07-17T20:32:23.581689,4,10,"[0, 1, 2, 4, 6, 7]",93.01580810546875,38.86540412902832,46.44097900390625,141,93.01580810546875,0.0,46.44097900390625,141
2025-07-17T20:32:23.584307,0,11,"[0, 1, 2, 3, 4, 5, 6, 7]",93.01580810546875,38.86540412902832,46.44097900390625,141,93.01580810546875,0.0,46.44097900390625,141
2025-07-17T20:32:23.591873,1,11,"[0, 1, 2, 3, 4, 5, 6, 7]",93.01580810546875,38.86540412902832,46.44097900390625,141,93.01580810546875,0.0,46.44097900390625,141
2025-07-17T20:32:23.599582,2,11,"[0, 1, 2, 3, 4, 5, 6, 7]",93.01580810546875,38.86540412902832,46.44097900390625,141,93.01580810546875,0.0,46.44097900390625,141
2025-07-17T20:32:23.607435,3,11,"[0, 1, 2, 3, 4, 5, 6, 7]",93.01580810546875,38.86540412902832,46.44097900390625,141,93.01580810546875,0.0,46.44097900390625,141
2025-07-17T20:32:23.613599,4,11,"[0, 1, 2, 3, 4, 5, 6, 7]",93.01580810546875,38.86540412902832,46.44097900390625,141,93.01580810546875,0.0,46.44097900390625,141
2025-07-17T20:32:23.625926,0,12,"[0, 1, 2, 3, 4, 5, 6, 7]",93.01580810546875,38.86540412902832,46.44097900390625,141,93.01580810546875,0.0,46.44097900390625,141
2025-07-17T20:32:23.633840,1,12,"[0, 1, 2, 3, 4, 5, 6]",93.01580810546875,38.86540412902832,46.44097900390625,141,93.01580810546875,0.0,46.44097900390625,141
2025-07-17T20:32:23.636534,2,12,"[0, 1, 2, 3, 4, 5, 6, 7]",93.01580810546875,38.86540412902832,46.44097900390625,141,93.01580810546875,0.0,46.44097900390625,141
2025-07-17T20:32:23.643871,3,12,"[0, 1, 2, 3, 4, 5, 6]",93.01580810546875,38.86540412902832,46.44097900390625,141,93.01580810546875,0.0,46.44097900390625,141
2025-07-17T20:32:23.650892,4,12,"[0, 1, 2, 3, 4, 5, 6]",93.01580810546875,38.86540412902832,46.44097900390625,141,93.01580810546875,0.0,46.44097900390625,141
2025-07-17T20:32:23.657473,0,13,"[0, 1, 2, 3, 4, 5, 6, 7]",93.01580810546875,38.86540412902832,46.44097900390625,141,93.01580810546875,0.0,46.44097900390625,141
2025-07-17T20:32:23.669861,1,13,"[0, 1, 2, 3, 4, 5, 7]",93.01580810546875,38.86540412902832,46.44097900390625,141,93.01580810546875,0.0,46.44097900390625,141
2025-07-17T20:32:23.672161,2,13,"[0, 1, 2, 3, 4, 5, 6, 7]",93.01580810546875,38.86540412902832,46.44097900390625,141,93.01580810546875,0.0,46.44097900390625,141
2025-07-17T20:32:23.683799,3,13,"[0, 1, 2, 3, 4, 5, 7]",93.01580810546875,38.86540412902832,46.44097900390625,141,93.01580810546875,0.0,46.44097900390625,141
2025-07-17T20:32:23.686713,4,13,"[0, 1, 2, 3, 4, 5, 7]",93.01580810546875,38.86540412902832,46.44097900390625,141,93.01580810546875,0.0,46.44097900390625,141
2025-07-17T20:32:23.693421,0,14,"[0, 1, 2, 3, 4, 5, 6, 7]",93.01580810546875,38.86540412902832,46.44097900390625,141,93.01580810546875,0.0,46.44097900390625,141
2025-07-17T20:32:23.703991,1,14,"[0, 1, 2, 4, 5, 6, 7]",93.01580810546875,38.86540412902832,46.44097900390625,141,93.01580810546875,0.0,46.44097900390625,141
2025-07-17T20:32:23.706454,2,14,"[0, 1, 2, 3, 4, 5, 6, 7]",93.01580810546875,38.86540412902832,46.44097900390625,141,93.01580810546875,0.0,46.44097900390625,141
2025-07-17T20:32:23.714308,3,14,"[0, 1, 2, 4, 5, 6, 7]",93.01580810546875,38.86540412902832,46.44097900390625,141,93.01580810546875,0.0,46.44097900390625,141
2025-07-17T20:32:23.721005,4,14,"[0, 1, 2, 4, 5, 6, 7]",93.01580810546875,38.86540412902832,46.44097900390625,141,93.01580810546875,0.0,46.44097900390625,141
2025-07-17T20:32:23.727726,0,15,"[0, 1, 2, 3, 4, 5, 6, 7]",93.01580810546875,38.86540412902832,46.44097900390625,141,93.01580810546875,0.0,46.44097900390625,141
2025-07-17T20:32:23.739416,1,15,"[0, 1, 2, 3, 4, 5, 6]",93.01580810546875,38.86540412902832,46.44097900390625,141,93.01580810546875,0.0,46.44097900390625,141
2025-07-17T20:32:23.742007,2,15,"[0, 1, 2, 3, 4, 5, 6, 7]",93.01580810546875,38.86540412902832,46.44097900390625,141,93.01580810546875,0.0,46.44097900390625,141
2025-07-17T20:32:23.749450,3,15,"[0, 1, 2, 3, 4, 5, 6]",93.01580810546875,38.86540412902832,46.44097900390625,141,93.01580810546875,0.0,46.44097900390625,141
2025-07-17T20:32:23.756298,4,15,"[0, 1, 2, 3, 4, 5, 6]",93.01580810546875,38.86540412902832,46.44097900390625,141,93.01580810546875,0.0,46.44097900390625,141
2025-07-17T20:32:23.767736,0,16,"[0, 1, 2, 3, 4, 5, 6, 7]",93.01580810546875,38.86540412902832,46.44097900390625,141,93.01580810546875,0.0,46.44097900390625,141
2025-07-17T20:32:23.770349,1,16,"[0, 2, 3, 4, 5, 6, 7]",93.01580810546875,38.86540412902832,46.44097900390625,141,93.01580810546875,0.0,46.44097900390625,141
2025-07-17T20:32:23.777676,2,16,"[0, 1, 2, 3, 4, 5, 6, 7]",93.01580810546875,38.86540412902832,46.44097900390625,141,93.01580810546875,0.0,46.44097900390625,141
2025-07-17T20:32:23.785246,3,16,"[0, 2, 3, 4, 5, 6, 7]",93.01580810546875,38.86540412902832,46.44097900390625,141,93.01580810546875,0.0,46.44097900390625,141
2025-07-17T20:32:23.792774,4,16,"[0, 2, 3, 4, 5, 6, 7]",93.01580810546875,38.86540412902832,46.44097900390625,141,93.01580810546875,0.0,46.44097900390625,141
2025-07-17T20:32:23.800721,0,17,"[0, 1, 2, 3, 4, 5, 6, 7]",93.01580810546875,38.86540412902832,46.44097900390625,141,93.01580810546875,0.0,46.44097900390625,141
2025-07-17T20:32:23.806948,1,17,"[1, 2, 3, 4, 5, 6, 7]",93.01580810546875,38.86540412902832,46.44097900390625,141,93.01580810546875,0.0,46.44097900390625,141
2025-07-17T20:32:23.814346,2,17,"[0, 1, 2, 3, 4, 5, 6, 7]",93.01580810546875,38.86540412902832,46.44097900390625,141,93.01580810546875,0.0,46.44097900390625,141
2025-07-17T20:32:23.821541,3,17,"[1, 2, 3, 4, 5, 6, 7]",93.01580810546875,38.86540412902832,46.44097900390625,141,93.01580810546875,0.0,46.44097900390625,141
2025-07-17T20:32:23.828064,4,17,"[1, 2, 3, 4, 5, 6, 7]",93.01580810546875,38.86540412902832,46.44097900390625,141,93.01580810546875,0.0,46.44097900390625,141
2025-07-17T20:32:23.834819,0,18,"[0, 1, 2, 3, 4, 5, 6, 7]",93.01580810546875,38.86540412902832,46.44097900390625,141,93.01580810546875,0.0,46.44097900390625,141
2025-07-17T20:32:23.842497,1,18,"[0, 1, 2, 3, 5, 6, 7]",93.01580810546875,38.86540412902832,46.44097900390625,141,93.01580810546875,0.0,46.44097900390625,141
2025-07-17T20:32:23.849128,2,18,"[0, 1, 2, 3, 4, 5, 6, 7]",93.01580810546875,38.86540412902832,46.44097900390625,141,93.01580810546875,0.0,46.44097900390625,141
2025-07-17T20:32:23.855671,3,18,"[0, 1, 2, 3, 5, 6, 7]",93.01580810546875,38.86540412902832,46.44097900390625,141,93.01580810546875,0.0,46.44097900390625,141
2025-07-17T20:32:23.861865,4,18,"[0, 1, 2, 3, 5, 6, 7]",93.01580810546875,38.86540412902832,46.44097900390625,141,93.01580810546875,0.0,46.44097900390625,141
2025-07-17T20:32:23.869605,0,19,"[0, 1, 2, 3, 4, 5, 6, 7]",93.01580810546875,38.86540412902832,46.44097900390625,141,93.01580810546875,0.0,46.44097900390625,141
2025-07-17T20:32:23.880947,1,19,"[0, 1, 2, 3, 4, 5, 6, 7]",93.01580810546875,38.86540412902832,46.44097900390625,141,93.01580810546875,0.0,46.44097900390625,141
2025-07-17T20:32:23.883190,2,19,"[0, 1, 2, 3, 4, 5, 6, 7]",93.01580810546875,38.86540412902832,46.44097900390625,141,93.01580810546875,0.0,46.44097900390625,141
2025-07-17T20:32:23.890151,3,19,"[0, 1, 2, 3, 4, 5, 6, 7]",93.01580810546875,38.86540412902832,46.44097900390625,141,93.01580810546875,0.0,46.44097900390625,141
2025-07-17T20:32:23.897031,4,19,"[0, 1, 2, 3, 4, 5, 6, 7]",93.01580810546875,38.86540412902832,46.44097900390625,141,93.01580810546875,0.0,46.44097900390625,141
2025-07-17T20:32:23.910295,0,20,"[0, 1, 2, 3, 4, 5, 6, 7]",93.01580810546875,38.86540412902832,46.44097900390625,141,93.01580810546875,0.0,46.44097900390625,141
2025-07-17T20:32:23.912529,1,20,"[0, 1, 2, 3, 4, 5, 6]",93.01580810546875,38.86540412902832,46.44097900390625,141,93.01580810546875,0.0,46.44097900390625,141
2025-07-17T20:32:23.919429,2,20,"[0, 1, 2, 3, 4, 5, 6, 7]",93.01580810546875,38.86540412902832,46.44097900390625,141,93.01580810546875,0.0,46.44097900390625,141
2025-07-17T20:32:23.926294,3,20,"[0, 1, 2, 3, 4, 5, 6]",93.01580810546875,38.86540412902832,46.44097900390625,141,93.01580810546875,0.0,46.44097900390625,141
2025-07-17T20:32:23.937047,4,20,"[0, 1, 2, 3, 4, 5, 6]",93.01580810546875,38.86540412902832,46.44097900390625,141,93.01580810546875,0.0,46.44097900390625,141
2025-07-17T20:32:23.944344,0,21,"[0, 1, 2, 3, 4, 5, 6, 7]",93.01580810546875,38.86540412902832,46.44097900390625,141,93.01580810546875,0.0,46.44097900390625,141
2025-07-17T20:32:23.951917,1,21,"[0, 1, 2, 3, 4, 5, 6, 7]",93.01580810546875,38.86540412902832,46.44097900390625,141,93.01580810546875,0.0,46.44097900390625,141
2025-07-17T20:32:23.958881,2,21,"[0, 1, 2, 3, 4, 5, 6, 7]",93.01580810546875,38.86540412902832,46.44097900390625,141,93.01580810546875,0.0,46.44097900390625,141
2025-07-17T20:32:23.965700,3,21,"[0, 1, 2, 3, 4, 5, 6, 7]",93.01580810546875,38.86540412902832,46.44097900390625,141,93.01580810546875,0.0,46.44097900390625,141
2025-07-17T20:32:23.972678,4,21,"[0, 1, 2, 3, 4, 5, 6, 7]",93.01580810546875,38.86540412902832,46.44097900390625,141,93.01580810546875,0.0,46.44097900390625,141
2025-07-17T20:32:23.979529,0,22,"[0, 1, 2, 3, 4, 5, 6, 7]",93.01580810546875,38.86540412902832,46.44097900390625,141,93.01580810546875,0.0,46.44097900390625,141
2025-07-17T20:32:23.986432,1,22,"[0, 1, 2, 3, 4, 5, 6, 7]",93.01580810546875,38.86540412902832,46.44097900390625,141,93.01580810546875,0.0,46.44097900390625,141
2025-07-17T20:32:23.993615,2,22,"[0, 1, 2, 3, 4, 5, 6, 7]",93.01580810546875,38.86540412902832,46.44097900390625,141,93.01580810546875,0.0,46.44097900390625,141
2025-07-17T20:32:24.000387,3,22,"[0, 1, 2, 3, 4, 5, 6, 7]",93.01580810546875,38.86540412902832,46.44097900390625,141,93.01580810546875,0.0,46.44097900390625,141
2025-07-17T20:32:24.006923,4,22,"[0, 1, 2, 3, 4, 5, 6, 7]",93.01580810546875,38.86540412902832,46.44097900390625,141,93.01580810546875,0.0,46.44097900390625,141
2025-07-17T20:32:24.016640,0,23,"[0, 1, 2, 3, 4, 5, 6, 7]",93.01580810546875,38.86540412902832,46.44097900390625,141,93.01580810546875,0.0,46.44097900390625,141
2025-07-17T20:32:24.023785,1,23,"[0, 1, 2, 3, 4, 5, 6, 7]",93.01580810546875,38.86482238769531,46.44097900390625,141,93.01580810546875,0.0,46.44097900390625,141
2025-07-17T20:32:24.026682,2,23,"[0, 1, 2, 3, 4, 5, 6, 7]",93.01580810546875,38.86482238769531,46.44097900390625,141,93.01580810546875,0.0,46.44097900390625,141
2025-07-17T20:32:24.037769,3,23,"[0, 1, 2, 3, 4, 5, 6, 7]",93.01580810546875,38.86482238769531,46.44097900390625,141,93.01580810546875,0.0,46.44097900390625,141
2025-07-17T20:32:24.045199,4,23,"[0, 1, 2, 3, 4, 5, 6, 7]",93.01580810546875,38.86456489562988,46.44097900390625,141,93.01580810546875,0.0,46.44097900390625,141
2025-07-17T20:32:24.052405,0,24,"[0, 1, 2, 3, 4, 5, 6, 7]",93.01580810546875,38.86540412902832,46.44097900390625,141,93.01580810546875,0.0,46.44097900390625,141
2025-07-17T20:32:24.060450,1,24,"[0, 1, 2, 3, 4, 5, 6, 7]",93.01580810546875,38.86540412902832,46.44097900390625,141,93.01580810546875,0.0,46.44097900390625,141
2025-07-17T20:32:24.067770,2,24,"[0, 1, 2, 3, 4, 5, 6, 7]",93.01580810546875,38.86540412902832,46.44097900390625,141,93.01580810546875,0.0,46.44097900390625,141
2025-07-17T20:32:24.075109,3,24,"[0, 1, 2, 3, 4, 5, 6, 7]",93.01580810546875,38.86482238769531,46.44097900390625,141,93.01580810546875,0.0,46.44097900390625,141
2025-07-17T20:32:24.081897,4,24,"[0, 1, 2, 3, 4, 5, 6, 7]",93.01580810546875,38.86482238769531,46.44097900390625,141,93.01580810546875,0.0,46.44097900390625,141
2025-07-17T20:32:24.091074,0,25,"[0, 1, 2, 3, 4, 5, 6, 7]",93.01580810546875,38.86456489562988,46.44097900390625,141,93.01580810546875,0.0,46.44097900390625,141
2025-07-17T20:32:24.098486,1,25,"[0, 1, 2, 3, 4, 5, 6, 7]",93.01580810546875,38.86540412902832,46.44097900390625,141,93.01580810546875,0.0,46.44097900390625,141
2025-07-17T20:32:24.106048,2,25,"[0, 1, 2, 3, 4, 5, 6, 7]",93.01580810546875,38.86540412902832,46.44097900390625,141,93.01580810546875,0.0,46.44097900390625,141
2025-07-17T20:32:24.113228,3,25,"[0, 1, 2, 3, 4, 5, 6, 7]",93.01580810546875,38.86540412902832,46.44097900390625,141,93.01580810546875,0.0,46.44097900390625,141
2025-07-17T20:32:24.120300,4,25,"[0, 1, 2, 3, 4, 5, 6, 7]",93.01580810546875,38.86540412902832,46.44097900390625,141,93.01580810546875,0.0,46.44097900390625,141
2025-07-17T20:32:24.127499,0,26,"[0, 1, 2, 3, 4, 5, 6, 7]",93.01580810546875,38.86540412902832,46.44097900390625,141,93.01580810546875,0.0,46.44097900390625,141
2025-07-17T20:32:24.134255,1,26,"[0, 1, 2, 3, 4, 5, 6, 7]",93.01580810546875,38.86540412902832,46.44097900390625,141,93.01580810546875,0.0,46.44097900390625,141
2025-07-17T20:32:24.142045,2,26,"[0, 1, 2, 3, 4, 5, 6, 7]",93.01580810546875,38.86540412902832,46.44097900390625,141,93.01580810546875,0.0,46.44097900390625,141
2025-07-17T20:32:24.149158,3,26,"[0, 1, 2, 3, 4, 5, 6, 7]",93.01580810546875,38.86540412902832,46.44097900390625,141,93.01580810546875,0.0,46.44097900390625,141
2025-07-17T20:32:24.151695,4,26,"[0, 1, 2, 3, 4, 5, 6, 7]",93.01580810546875,38.86540412902832,46.44097900390625,141,93.01580810546875,0.0,46.44097900390625,141
2025-07-17T20:32:24.159158,0,27,"[0, 1, 2, 3, 4, 5, 6, 7]",93.01580810546875,38.86540412902832,46.44097900390625,141,93.01580810546875,0.0,46.44097900390625,141
2025-07-17T20:32:24.166948,1,27,"[0, 1, 3, 4, 5, 6, 7]",93.01580810546875,38.86540412902832,46.44097900390625,141,93.01580810546875,0.0,46.44097900390625,141
2025-07-17T20:32:24.174502,2,27,"[0, 1, 2, 3, 4, 5, 6, 7]",93.01580810546875,38.86540412902832,46.44097900390625,141,93.01580810546875,0.0,46.44097900390625,141
2025-07-17T20:32:24.181424,3,27,"[0, 1, 3, 4, 5, 6, 7]",93.01580810546875,38.86540412902832,46.44097900390625,141,93.01580810546875,0.0,46.44097900390625,141
2025-07-17T20:32:24.188856,4,27,"[0, 1, 3, 4, 5, 6, 7]",93.01580810546875,38.86540412902832,46.44097900390625,141,93.01580810546875,0.0,46.44097900390625,141
2025-07-17T20:32:24.196157,0,28,"[0, 1, 2, 3, 4, 5, 6, 7]",93.01580810546875,38.86540412902832,46.44097900390625,141,93.01580810546875,0.0,46.44097900390625,141
2025-07-17T20:32:24.203570,1,28,"[0, 1, 2, 3, 5, 6, 7]",93.01580810546875,38.86540412902832,46.44097900390625,141,93.01580810546875,0.0,46.44097900390625,141
2025-07-17T20:32:24.211218,2,28,"[0, 1, 2, 3, 4, 5, 6, 7]",93.01580810546875,38.86540412902832,46.44097900390625,141,93.01580810546875,0.0,46.44097900390625,141
2025-07-17T20:32:24.218849,3,28,"[0, 1, 2, 3, 5, 6, 7]",93.01580810546875,38.86540412902832,46.44097900390625,141,93.01580810546875,0.0,46.44097900390625,141
2025-07-17T20:32:24.230613,4,28,"[0, 1, 2, 3, 5, 6, 7]",93.01580810546875,38.86540412902832,46.44097900390625,141,93.01580810546875,0.0,46.44097900390625,141
2025-07-17T20:32:24.232700,0,29,"[0, 1, 2, 3, 4, 5, 6, 7]",93.01580810546875,38.86540412902832,46.44097900390625,141,93.01580810546875,0.0,46.44097900390625,141
2025-07-17T20:32:24.239865,1,29,"[1, 2, 3, 4, 5, 6, 7]",93.01580810546875,38.86540412902832,46.44097900390625,141,93.01580810546875,0.0,46.44097900390625,141
2025-07-17T20:32:24.246566,2,29,"[0, 1, 2, 3, 4, 5, 6, 7]",93.01580810546875,38.86540412902832,46.44097900390625,141,93.01580810546875,0.0,46.44097900390625,141
2025-07-17T20:32:24.253058,3,29,"[1, 2, 3, 4, 5, 6, 7]",93.01580810546875,38.86540412902832,46.44097900390625,141,93.01580810546875,0.0,46.44097900390625,141
2025-07-17T20:32:24.260001,4,29,"[1, 2, 3, 4, 5, 6, 7]",93.01580810546875,38.86540412902832,46.44097900390625,141,93.01580810546875,0.0,46.44097900390625,141
2025-07-17T20:32:24.267102,0,30,"[0, 1, 2, 3, 4, 5, 6, 7]",93.01580810546875,38.86540412902832,46.44097900390625,141,93.01580810546875,0.0,46.44097900390625,141
2025-07-17T20:32:24.273189,1,30,"[0, 1, 3, 4, 5, 7]",93.01580810546875,38.86540412902832,46.44097900390625,141,93.01580810546875,0.0,46.44097900390625,141
2025-07-17T20:32:24.280770,2,30,"[0, 1, 2, 3, 4, 5, 6, 7]",93.01580810546875,38.86540412902832,46.44097900390625,141,93.01580810546875,0.0,46.44097900390625,141
2025-07-17T20:32:24.287809,3,30,"[0, 1, 3, 4, 5, 7]",93.01580810546875,38.86540412902832,46.44097900390625,141,93.01580810546875,0.0,46.44097900390625,141
2025-07-17T20:32:24.294892,4,30,"[0, 1, 3, 4, 5, 7]",93.01580810546875,38.86540412902832,46.44097900390625,141,93.01580810546875,0.0,46.44097900390625,141
2025-07-17T20:32:24.302629,0,31,"[0, 1, 2, 3, 4, 5, 6, 7]",93.01580810546875,38.87229824066162,46.44097900390625,141,93.01580810546875,0.0,46.44097900390625,141
2025-07-17T20:32:24.311212,1,31,"[1, 2, 3, 4, 5, 6, 7]",93.01580810546875,38.8688325881958,46.44097900390625,141,93.01580810546875,0.0,46.44097900390625,141
2025-07-17T20:32:24.319671,2,31,"[0, 1, 2, 3, 4, 5, 6, 7]",93.01580810546875,38.86620616912842,46.44097900390625,141,93.01580810546875,0.0,46.44097900390625,141
2025-07-17T20:32:24.329768,3,31,"[1, 2, 3, 4, 5, 6, 7]",93.01580810546875,38.863579750061035,46.44097900390625,141,93.01580810546875,0.0,46.44097900390625,141
2025-07-17T20:32:24.337690,4,31,"[1, 2, 3, 4, 5, 6, 7]",93.01580810546875,38.86002254486084,46.44097900390625,141,93.01580810546875,0.0,46.44097900390625,141
2025-07-17T20:32:24.352981,0,0,"[0, 1, 2, 3, 4, 5, 6, 7]",93.01580810546875,38.85531425476074,46.44097900390625,141,93.01580810546875,0.0,46.44097900390625,141
2025-07-17T20:32:24.360055,1,0,"[1, 2, 3, 4, 5, 6, 7]",93.01580810546875,38.85852241516113,46.44097900390625,141,93.01580810546875,0.0,46.44097900390625,141
2025-07-17T20:32:24.367811,2,0,"[0, 1, 2, 3, 4, 5, 6, 7]",93.01580810546875,38.86149787902832,46.44097900390625,141,93.01580810546875,0.0,46.44097900390625,141
2025-07-17T20:32:24.375841,3,0,"[1, 2, 3, 4, 5, 6, 7]",93.01580810546875,38.86438179016113,46.44097900390625,141,93.01580810546875,0.0,46.44097900390625,141
2025-07-17T20:32:24.382574,4,0,"[1, 2, 3, 4, 5, 6, 7]",93.01580810546875,38.86540412902832,46.44097900390625,141,93.01580810546875,0.0,46.44097900390625,141
2025-07-17T20:32:24.389772,0,1,"[0, 1, 2, 3, 4, 5, 6, 7]",93.01580810546875,38.86540412902832,46.44097900390625,141,93.01580810546875,0.0,46.44097900390625,141
2025-07-17T20:32:24.396907,1,1,"[0, 1, 2, 3, 4, 5, 6, 7]",93.01580810546875,38.86540412902832,46.44097900390625,141,93.01580810546875,0.0,46.44097900390625,141
2025-07-17T20:32:24.403588,2,1,"[0, 1, 2, 3, 4, 5, 6, 7]",93.01580810546875,38.86540412902832,46.44097900390625,141,93.01580810546875,0.0,46.44097900390625,141
2025-07-17T20:32:24.410703,3,1,"[0, 1, 2, 3, 4, 5, 6, 7]",93.01580810546875,38.86540412902832,46.44097900390625,141,93.01580810546875,0.0,46.44097900390625,141
2025-07-17T20:32:24.417552,4,1,"[0, 1, 2, 3, 4, 5, 6, 7]",93.01580810546875,38.86540412902832,46.44097900390625,141,93.01580810546875,0.0,46.44097900390625,141
2025-07-17T20:32:24.424667,0,2,"[0, 1, 2, 3, 4, 5, 6, 7]",93.01580810546875,38.86540412902832,46.44097900390625,141,93.01580810546875,0.0,46.44097900390625,141
2025-07-17T20:32:24.431925,1,2,"[0, 1, 2, 3, 4, 5, 6, 7]",93.01580810546875,38.86540412902832,46.44097900390625,141,93.01580810546875,0.0,46.44097900390625,141
2025-07-17T20:32:24.438571,2,2,"[0, 1, 2, 3, 4, 5, 6, 7]",93.01580810546875,38.86540412902832,46.44097900390625,141,93.01580810546875,0.0,46.44097900390625,141
2025-07-17T20:32:24.445590,3,2,"[0, 1, 2, 3, 4, 5, 6, 7]",93.01580810546875,38.86540412902832,46.44097900390625,141,93.01580810546875,0.0,46.44097900390625,141
2025-07-17T20:32:24.452649,4,2,"[0, 1, 2, 3, 4, 5, 6, 7]",93.01580810546875,38.86540412902832,46.44097900390625,141,93.01580810546875,0.0,46.44097900390625,141
2025-07-17T20:32:24.461150,0,3,"[0, 1, 2, 3, 4, 5, 6, 7]",93.01580810546875,38.86540412902832,46.44097900390625,141,93.01580810546875,0.0,46.44097900390625,141
2025-07-17T20:32:24.467757,1,3,"[0, 1, 2, 3, 4, 5, 6]",93.01580810546875,38.86540412902832,46.44097900390625,141,93.01580810546875,0.0,46.44097900390625,141
2025-07-17T20:32:24.475215,2,3,"[0, 1, 2, 3, 4, 5, 6, 7]",93.01580810546875,38.86540412902832,46.44097900390625,141,93.01580810546875,0.0,46.44097900390625,141
2025-07-17T20:32:24.483261,3,3,"[0, 1, 2, 3, 4, 5, 6]",93.01580810546875,38.86540412902832,46.44097900390625,141,93.01580810546875,0.0,46.44097900390625,141
2025-07-17T20:32:24.485620,4,3,"[0, 1, 2, 3, 4, 5, 6]",93.01580810546875,38.86540412902832,46.44097900390625,141,93.01580810546875,0.0,46.44097900390625,141
2025-07-17T20:32:24.492837,0,4,"[0, 1, 2, 3, 4, 5, 6, 7]",93.01580810546875,38.86540412902832,46.44097900390625,141,93.01580810546875,0.0,46.44097900390625,141
2025-07-17T20:32:24.500311,1,4,"[0, 1, 2, 3, 4, 5, 6, 7]",93.01580810546875,38.86540412902832,46.44097900390625,141,93.01580810546875,0.0,46.44097900390625,141
2025-07-17T20:32:24.507517,2,4,"[0, 1, 2, 3, 4, 5, 6, 7]",93.01580810546875,38.86540412902832,46.44097900390625,141,93.01580810546875,0.0,46.44097900390625,141
2025-07-17T20:32:24.515829,3,4,"[0, 1, 2, 3, 4, 5, 6, 7]",93.01580810546875,38.86540412902832,46.44097900390625,141,93.01580810546875,0.0,46.44097900390625,141
2025-07-17T20:32:24.522426,4,4,"[0, 1, 2, 3, 4, 5, 6, 7]",93.01580810546875,38.86540412902832,46.44097900390625,141,93.01580810546875,0.0,46.44097900390625,141
2025-07-17T20:32:24.533836,0,5,"[0, 1, 2, 3, 4, 5, 6, 7]",93.01580810546875,38.86540412902832,46.44097900390625,141,93.01580810546875,0.0,46.44097900390625,141
2025-07-17T20:32:24.536545,1,5,"[0, 1, 2, 3, 4, 6, 7]",93.01580810546875,38.86540412902832,46.44097900390625,141,93.01580810546875,0.0,46.44097900390625,141
2025-07-17T20:32:24.543846,2,5,"[0, 1, 2, 3, 4, 5, 6, 7]",93.01580810546875,38.86540412902832,46.44097900390625,141,93.01580810546875,0.0,46.44097900390625,141
2025-07-17T20:32:24.551520,3,5,"[0, 1, 2, 3, 4, 6, 7]",93.01580810546875,38.86540412902832,46.44097900390625,141,93.01580810546875,0.0,46.44097900390625,141
2025-07-17T20:32:24.559809,4,5,"[0, 1, 2, 3, 4, 6, 7]",93.01580810546875,38.86540412902832,46.44097900390625,141,93.01580810546875,0.0,46.44097900390625,141
2025-07-17T20:32:24.565713,0,6,"[0, 1, 2, 3, 4, 5, 6, 7]",93.01580810546875,38.86540412902832,46.44097900390625,141,93.01580810546875,0.0,46.44097900390625,141
2025-07-17T20:32:24.578391,1,6,"[0, 2, 3, 4, 5, 6, 7]",93.01580810546875,38.86540412902832,46.44097900390625,141,93.01580810546875,0.0,46.44097900390625,141
2025-07-17T20:32:24.580802,2,6,"[0, 1, 2, 3, 4, 5, 6, 7]",93.01580810546875,38.86540412902832,46.44097900390625,141,93.01580810546875,0.0,46.44097900390625,141
2025-07-17T20:32:24.588365,3,6,"[0, 2, 3, 4, 5, 6, 7]",93.01580810546875,38.86540412902832,46.44097900390625,141,93.01580810546875,0.0,46.44097900390625,141
2025-07-17T20:32:24.594865,4,6,"[0, 2, 3, 4, 5, 6, 7]",93.01580810546875,38.86540412902832,46.44097900390625,141,93.01580810546875,0.0,46.44097900390625,141
2025-07-17T20:32:24.602295,0,7,"[0, 1, 2, 3, 4, 5, 6, 7]",93.01580810546875,38.86540412902832,46.44097900390625,141,93.01580810546875,0.0,46.44097900390625,141
2025-07-17T20:32:24.609591,1,7,"[0, 1, 2, 3, 4, 5, 6, 7]",93.01580810546875,38.86540412902832,46.44097900390625,141,93.01580810546875,0.0,46.44097900390625,141
2025-07-17T20:32:24.616121,2,7,"[0, 1, 2, 3, 4, 5, 6, 7]",93.01580810546875,38.86540412902832,46.44097900390625,141,93.01580810546875,0.0,46.44097900390625,141
2025-07-17T20:32:24.623194,3,7,"[0, 1, 2, 3, 4, 5, 6, 7]",93.01580810546875,38.86540412902832,46.44097900390625,141,93.01580810546875,0.0,46.44097900390625,141
2025-07-17T20:32:24.630753,4,7,"[0, 1, 2, 3, 4, 5, 6, 7]",93.01580810546875,38.86540412902832,46.44097900390625,141,93.01580810546875,0.0,46.44097900390625,141
2025-07-17T20:32:24.638073,0,8,"[0, 1, 2, 3, 4, 5, 6, 7]",93.01580810546875,38.86540412902832,46.44097900390625,141,93.01580810546875,0.0,46.44097900390625,141
2025-07-17T20:32:24.645541,1,8,"[0, 1, 2, 3, 4, 5, 6, 7]",93.01580810546875,38.86540412902832,46.44097900390625,141,93.01580810546875,0.0,46.44097900390625,141
2025-07-17T20:32:24.656386,2,8,"[0, 1, 2, 3, 4, 5, 6, 7]",93.01580810546875,38.86540412902832,46.44097900390625,141,93.01580810546875,0.0,46.44097900390625,141
2025-07-17T20:32:24.663056,3,8,"[0, 1, 2, 3, 4, 5, 6, 7]",93.01580810546875,38.86540412902832,46.44097900390625,141,93.01580810546875,0.0,46.44097900390625,141
2025-07-17T20:32:24.670219,4,8,"[0, 1, 2, 3, 4, 5, 6, 7]",93.01580810546875,38.86540412902832,46.44097900390625,141,93.01580810546875,0.0,46.44097900390625,141
2025-07-17T20:32:24.678039,0,9,"[0, 1, 2, 3, 4, 5, 6, 7]",93.01580810546875,38.86540412902832,46.44097900390625,141,93.01580810546875,0.0,46.44097900390625,141
2025-07-17T20:32:24.685448,1,9,"[0, 1, 2, 3, 4, 5, 6, 7]",93.01580810546875,38.86540412902832,46.44097900390625,141,93.01580810546875,0.0,46.44097900390625,141
2025-07-17T20:32:24.691909,2,9,"[0, 1, 2, 3, 4, 5, 6, 7]",93.01580810546875,38.86540412902832,46.44097900390625,141,93.01580810546875,0.0,46.44097900390625,141
2025-07-17T20:32:24.699591,3,9,"[0, 1, 2, 3, 4, 5, 6, 7]",93.01580810546875,38.86540412902832,46.44097900390625,141,93.01580810546875,0.0,46.44097900390625,141
2025-07-17T20:32:24.706999,4,9,"[0, 1, 2, 3, 4, 5, 6, 7]",93.01580810546875,38.86540412902832,46.44097900390625,141,93.01580810546875,0.0,46.44097900390625,141
2025-07-17T20:32:24.714594,0,10,"[0, 1, 2, 3, 4, 5, 6, 7]",93.01580810546875,38.86482238769531,46.44097900390625,141,93.01580810546875,0.0,46.44097900390625,141
2025-07-17T20:32:24.721888,1,10,"[0, 1, 2, 3, 4, 5, 6, 7]",93.01580810546875,38.86482238769531,46.44097900390625,141,93.01580810546875,0.0,46.44097900390625,141
2025-07-17T20:32:24.728944,2,10,"[0, 1, 2, 3, 4, 5, 6, 7]",93.01580810546875,38.86482238769531,46.44097900390625,141,93.01580810546875,0.0,46.44097900390625,141
2025-07-17T20:32:24.736409,3,10,"[0, 1, 2, 3, 4, 5, 6, 7]",93.01580810546875,38.86456489562988,46.44097900390625,141,93.01580810546875,0.0,46.44097900390625,141
2025-07-17T20:32:24.743209,4,10,"[0, 1, 2, 3, 4, 5, 6, 7]",93.01580810546875,38.86456489562988,46.44097900390625,141,93.01580810546875,0.0,46.44097900390625,141
2025-07-17T20:32:24.750725,0,11,"[0, 1, 2, 3, 4, 5, 6, 7]",93.01580810546875,38.86540412902832,46.44097900390625,141,93.01580810546875,0.0,46.44097900390625,141
2025-07-17T20:32:24.758126,1,11,"[0, 1, 2, 3, 4, 5, 6, 7]",93.01580810546875,38.86540412902832,46.44097900390625,141,93.01580810546875,0.0,46.44097900390625,141
2025-07-17T20:32:24.765900,2,11,"[0, 1, 2, 3, 4, 5, 6, 7]",93.01580810546875,38.86540412902832,46.44097900390625,141,93.01580810546875,0.0,46.44097900390625,141
2025-07-17T20:32:24.772925,3,11,"[0, 1, 2, 3, 4, 5, 6, 7]",93.01580810546875,38.86540412902832,46.44097900390625,141,93.01580810546875,0.0,46.44097900390625,141
2025-07-17T20:32:24.780261,4,11,"[0, 1, 2, 3, 4, 5, 6, 7]",93.01580810546875,38.86540412902832,46.44097900390625,141,93.01580810546875,0.0,46.44097900390625,141
2025-07-17T20:32:24.788108,0,12,"[0, 1, 2, 3, 4, 5, 6, 7]",93.01580810546875,38.86540412902832,46.44097900390625,141,93.01580810546875,0.0,46.44097900390625,141
2025-07-17T20:32:24.795559,1,12,"[0, 1, 2, 3, 4, 5, 6]",93.01580810546875,38.86540412902832,46.44097900390625,141,93.01580810546875,0.0,46.44097900390625,141
2025-07-17T20:32:24.803361,2,12,"[0, 1, 2, 3, 4, 5, 6, 7]",93.01580810546875,38.86540412902832,46.44097900390625,141,93.01580810546875,0.0,46.44097900390625,141
2025-07-17T20:32:24.810750,3,12,"[0, 1, 2, 3, 4, 5, 6]",93.01580810546875,38.86540412902832,46.44097900390625,141,93.01580810546875,0.0,46.44097900390625,141
2025-07-17T20:32:24.817610,4,12,"[0, 1, 2, 3, 4, 5, 6]",93.01580810546875,38.86540412902832,46.44097900390625,141,93.01580810546875,0.0,46.44097900390625,141
2025-07-17T20:32:24.825097,0,13,"[0, 1, 2, 3, 4, 5, 6, 7]",93.01580810546875,38.86540412902832,46.44097900390625,141,93.01580810546875,0.0,46.44097900390625,141
2025-07-17T20:32:24.832741,1,13,"[0, 1, 2, 3, 5, 7]",93.01580810546875,38.86540412902832,46.44097900390625,141,93.01580810546875,0.0,46.44097900390625,141
2025-07-17T20:32:24.839954,2,13,"[0, 1, 2, 3, 4, 5, 6, 7]",93.01580810546875,38.86540412902832,46.44097900390625,141,93.01580810546875,0.0,46.44097900390625,141
2025-07-17T20:32:24.846715,3,13,"[0, 1, 2, 3, 5, 7]",93.01580810546875,38.86540412902832,46.44097900390625,141,93.01580810546875,0.0,46.44097900390625,141
2025-07-17T20:32:24.854575,4,13,"[0, 1, 2, 3, 5, 7]",93.01580810546875,38.86540412902832,46.44097900390625,141,93.01580810546875,0.0,46.44097900390625,141
2025-07-17T20:32:24.861647,0,14,"[0, 1, 2, 3, 4, 5, 6, 7]",93.01580810546875,38.86456489562988,46.44097900390625,141,93.01580810546875,0.0,46.44097900390625,141
2025-07-17T20:32:24.868987,1,14,"[0, 1, 2, 3, 4, 5, 6]",93.01580810546875,38.86456489562988,46.44097900390625,141,93.01580810546875,0.0,46.44097900390625,141
2025-07-17T20:32:24.876820,2,14,"[0, 1, 2, 3, 4, 5, 6, 7]",93.01580810546875,38.86456489562988,46.44097900390625,141,93.01580810546875,0.0,46.44097900390625,141
2025-07-17T20:32:24.884561,3,14,"[0, 1, 2, 3, 4, 5, 6]",93.01580810546875,38.86482238769531,46.44097900390625,141,93.01580810546875,0.0,46.44097900390625,141
2025-07-17T20:32:24.891258,4,14,"[0, 1, 2, 3, 4, 5, 6]",93.01580810546875,38.86540412902832,46.44097900390625,141,93.01580810546875,0.0,46.44097900390625,141
2025-07-17T20:32:24.899907,0,15,"[0, 1, 2, 3, 4, 5, 6, 7]",93.01580810546875,38.86540412902832,46.44097900390625,141,93.01580810546875,0.0,46.44097900390625,141
2025-07-17T20:32:24.907772,1,15,"[0, 1, 2, 3, 4, 5, 6, 7]",93.01580810546875,38.86540412902832,46.44097900390625,141,93.01580810546875,0.0,46.44097900390625,141
2025-07-17T20:32:24.915162,2,15,"[0, 1, 2, 3, 4, 5, 6, 7]",93.01580810546875,38.86540412902832,46.44097900390625,141,93.01580810546875,0.0,46.44097900390625,141
2025-07-17T20:32:24.922251,3,15,"[0, 1, 2, 3, 4, 5, 6, 7]",93.01580810546875,38.86540412902832,46.44097900390625,141,93.01580810546875,0.0,46.44097900390625,141
2025-07-17T20:32:24.929000,4,15,"[0, 1, 2, 3, 4, 5, 6, 7]",93.01580810546875,38.86540412902832,46.44097900390625,141,93.01580810546875,0.0,46.44097900390625,141
2025-07-17T20:32:24.935766,0,16,"[0, 1, 2, 3, 4, 5, 6, 7]",93.01580810546875,38.86540412902832,46.44097900390625,141,93.01580810546875,0.0,46.44097900390625,141
2025-07-17T20:32:24.942603,1,16,"[0, 1, 2, 3, 4, 5, 6, 7]",93.01580810546875,38.86540412902832,46.44097900390625,141,93.01580810546875,0.0,46.44097900390625,141
2025-07-17T20:32:24.949773,2,16,"[0, 1, 2, 3, 4, 5, 6, 7]",93.01580810546875,38.86540412902832,46.44097900390625,141,93.01580810546875,0.0,46.44097900390625,141
2025-07-17T20:32:24.956831,3,16,"[0, 1, 2, 3, 4, 5, 6, 7]",93.01580810546875,38.86540412902832,46.44097900390625,141,93.01580810546875,0.0,46.44097900390625,141
2025-07-17T20:32:24.964118,4,16,"[0, 1, 2, 3, 4, 5, 6, 7]",93.01580810546875,38.86540412902832,46.44097900390625,141,93.01580810546875,0.0,46.44097900390625,141
2025-07-17T20:32:24.971864,0,17,"[0, 1, 2, 3, 4, 5, 6, 7]",93.01580810546875,38.86540412902832,46.44097900390625,141,93.01580810546875,0.0,46.44097900390625,141
2025-07-17T20:32:24.979167,1,17,"[0, 1, 2, 3, 4, 5, 6, 7]",93.01580810546875,38.86540412902832,46.44097900390625,141,93.01580810546875,0.0,46.44097900390625,141
2025-07-17T20:32:24.982035,2,17,"[0, 1, 2, 3, 4, 5, 6, 7]",93.01580810546875,38.86540412902832,46.44097900390625,141,93.01580810546875,0.0,46.44097900390625,141
2025-07-17T20:32:24.990005,3,17,"[0, 1, 2, 3, 4, 5, 6, 7]",93.01580810546875,38.86540412902832,46.44097900390625,141,93.01580810546875,0.0,46.44097900390625,141
2025-07-17T20:32:24.996375,4,17,"[0, 1, 2, 3, 4, 5, 6, 7]",93.01580810546875,38.86540412902832,46.44097900390625,141,93.01580810546875,0.0,46.44097900390625,141
2025-07-17T20:32:25.003948,0,18,"[0, 1, 2, 3, 4, 5, 6, 7]",93.01580810546875,38.86540412902832,46.44097900390625,141,93.01580810546875,0.0,46.44097900390625,141
2025-07-17T20:32:25.015401,1,18,"[0, 1, 2, 3, 4, 5, 6, 7]",93.01580810546875,38.86540412902832,46.44097900390625,141,93.01580810546875,0.0,46.44097900390625,141
2025-07-17T20:32:25.022782,2,18,"[0, 1, 2, 3, 4, 5, 6, 7]",93.01580810546875,38.86540412902832,46.44097900390625,141,93.01580810546875,0.0,46.44097900390625,141
2025-07-17T20:32:25.029702,3,18,"[0, 1, 2, 3, 4, 5, 6, 7]",93.01580810546875,38.86540412902832,46.44097900390625,141,93.01580810546875,0.0,46.44097900390625,141
2025-07-17T20:32:25.037188,4,18,"[0, 1, 2, 3, 4, 5, 6, 7]",93.01580810546875,38.86540412902832,46.44097900390625,141,93.01580810546875,0.0,46.44097900390625,141
2025-07-17T20:32:25.044455,0,19,"[0, 1, 2, 3, 4, 5, 6, 7]",93.01580810546875,38.86540412902832,46.44097900390625,141,93.01580810546875,0.0,46.44097900390625,141
2025-07-17T20:32:25.051162,1,19,"[0, 1, 2, 3, 4, 5, 6, 7]",93.01580810546875,38.86540412902832,46.44097900390625,141,93.01580810546875,0.0,46.44097900390625,141
2025-07-17T20:32:25.058622,2,19,"[0, 1, 2, 3, 4, 5, 6, 7]",93.01580810546875,38.86540412902832,46.44097900390625,141,93.01580810546875,0.0,46.44097900390625,141
2025-07-17T20:32:25.067355,3,19,"[0, 1, 2, 3, 4, 5, 6, 7]",93.01580810546875,38.86456489562988,46.44097900390625,141,93.01580810546875,0.0,46.44097900390625,141
2025-07-17T20:32:25.074933,4,19,"[0, 1, 2, 3, 4, 5, 6, 7]",93.01580810546875,38.86456489562988,46.44097900390625,141,93.01580810546875,0.0,46.44097900390625,141
2025-07-17T20:32:25.081943,0,20,"[0, 1, 2, 3, 4, 5, 6, 7]",93.01580810546875,38.86456489562988,46.44097900390625,141,93.01580810546875,0.0,46.44097900390625,141
2025-07-17T20:32:25.088978,1,20,"[0, 2, 3, 4, 5, 6, 7]",93.01580810546875,38.86456489562988,46.44097900390625,141,93.01580810546875,0.0,46.44097900390625,141
2025-07-17T20:32:25.095872,2,20,"[0, 1, 2, 3, 4, 5, 6, 7]",93.01580810546875,38.86456489562988,46.44097900390625,141,93.01580810546875,0.0,46.44097900390625,141
2025-07-17T20:32:25.102714,3,20,"[0, 2, 3, 4, 5, 6, 7]",93.01580810546875,38.86540412902832,46.44097900390625,141,93.01580810546875,0.0,46.44097900390625,141
2025-07-17T20:32:25.109657,4,20,"[0, 2, 3, 4, 5, 6, 7]",93.01580810546875,38.86540412902832,46.44097900390625,141,93.01580810546875,0.0,46.44097900390625,141
2025-07-17T20:32:25.117174,0,21,"[0, 1, 2, 3, 4, 5, 6, 7]",93.01580810546875,38.86540412902832,46.44097900390625,141,93.01580810546875,0.0,46.44097900390625,141
2025-07-17T20:32:25.124136,1,21,"[0, 1, 2, 3, 4, 5, 6, 7]",93.01580810546875,38.86540412902832,46.44097900390625,141,93.01580810546875,0.0,46.44097900390625,141
2025-07-17T20:32:25.130998,2,21,"[0, 1, 2, 3, 4, 5, 6, 7]",93.01580810546875,38.86540412902832,46.44097900390625,141,93.01580810546875,0.0,46.44097900390625,141
2025-07-17T20:32:25.137691,3,21,"[0, 1, 2, 3, 4, 5, 6, 7]",93.01580810546875,38.86540412902832,46.44097900390625,141,93.01580810546875,0.0,46.44097900390625,141
2025-07-17T20:32:25.144803,4,21,"[0, 1, 2, 3, 4, 5, 6, 7]",93.01580810546875,38.86540412902832,46.44097900390625,141,93.01580810546875,0.0,46.44097900390625,141
2025-07-17T20:32:25.151542,0,22,"[0, 1, 2, 3, 4, 5, 6, 7]",93.01580810546875,38.86540412902832,46.44097900390625,141,93.01580810546875,0.0,46.44097900390625,141
2025-07-17T20:32:25.159876,1,22,"[0, 1, 2, 3, 4, 5, 6, 7]",93.01580810546875,38.86540412902832,46.44097900390625,141,93.01580810546875,0.0,46.44097900390625,141
2025-07-17T20:32:25.166891,2,22,"[0, 1, 2, 3, 4, 5, 6, 7]",93.01580810546875,38.86540412902832,46.44097900390625,141,93.01580810546875,0.0,46.44097900390625,141
2025-07-17T20:32:25.174041,3,22,"[0, 1, 2, 3, 4, 5, 6, 7]",93.01580810546875,38.86540412902832,46.44097900390625,141,93.01580810546875,0.0,46.44097900390625,141
2025-07-17T20:32:25.180984,4,22,"[0, 1, 2, 3, 4, 5, 6, 7]",93.01580810546875,38.86540412902832,46.44097900390625,141,93.01580810546875,0.0,46.44097900390625,141
2025-07-17T20:32:25.189074,0,23,"[0, 1, 2, 3, 4, 5, 6, 7]",93.01580810546875,38.86540412902832,46.44097900390625,141,93.01580810546875,0.0,46.44097900390625,141
2025-07-17T20:32:25.191375,1,23,"[0, 1, 2, 3, 4, 5, 6, 7]",93.01580810546875,38.86540412902832,46.44097900390625,141,93.01580810546875,0.0,46.44097900390625,141
2025-07-17T20:32:25.198767,2,23,"[0, 1, 2, 3, 4, 5, 6, 7]",93.01580810546875,38.86540412902832,46.44097900390625,141,93.01580810546875,0.0,46.44097900390625,141
2025-07-17T20:32:25.206277,3,23,"[0, 1, 2, 3, 4, 5, 6, 7]",93.01580810546875,38.86540412902832,46.44097900390625,141,93.01580810546875,0.0,46.44097900390625,141
2025-07-17T20:32:25.213148,4,23,"[0, 1, 2, 3, 4, 5, 6, 7]",93.01580810546875,38.86540412902832,46.44097900390625,141,93.01580810546875,0.0,46.44097900390625,141
2025-07-17T20:32:25.220796,0,24,"[0, 1, 2, 3, 4, 5, 6, 7]",93.01580810546875,38.86540412902832,46.44097900390625,141,93.01580810546875,0.0,46.44097900390625,141
2025-07-17T20:32:25.227356,1,24,"[1, 2, 3, 4, 5, 6, 7]",93.01580810546875,38.86540412902832,46.44097900390625,141,93.01580810546875,0.0,46.44097900390625,141
2025-07-17T20:32:25.239839,2,24,"[0, 1, 2, 3, 4, 5, 6, 7]",93.01580810546875,38.86540412902832,46.44097900390625,141,93.01580810546875,0.0,46.44097900390625,141
2025-07-17T20:32:25.241943,3,24,"[1, 2, 3, 4, 5, 6, 7]",93.01580810546875,38.86540412902832,46.44097900390625,141,93.01580810546875,0.0,46.44097900390625,141
2025-07-17T20:32:25.249250,4,24,"[1, 2, 3, 4, 5, 6, 7]",93.01580810546875,38.86540412902832,46.44097900390625,141,93.01580810546875,0.0,46.44097900390625,141
2025-07-17T20:32:25.256558,0,25,"[0, 1, 2, 3, 4, 5, 6, 7]",93.01580810546875,38.86540412902832,46.44097900390625,141,93.01580810546875,0.0,46.44097900390625,141
2025-07-17T20:32:25.263483,1,25,"[0, 1, 2, 3, 4, 5, 6, 7]",93.01580810546875,38.86540412902832,46.44097900390625,141,93.01580810546875,0.0,46.44097900390625,141
2025-07-17T20:32:25.269538,2,25,"[0, 1, 2, 3, 4, 5, 6, 7]",93.01580810546875,38.86540412902832,46.44097900390625,141,93.01580810546875,0.0,46.44097900390625,141
2025-07-17T20:32:25.276678,3,25,"[0, 1, 2, 3, 4, 5, 6, 7]",93.01580810546875,38.86540412902832,46.44097900390625,141,93.01580810546875,0.0,46.44097900390625,141
2025-07-17T20:32:25.284617,4,25,"[0, 1, 2, 3, 4, 5, 6, 7]",93.01580810546875,38.86540412902832,46.44097900390625,141,93.01580810546875,0.0,46.44097900390625,141
2025-07-17T20:32:25.292286,0,26,"[0, 1, 2, 3, 4, 5, 6, 7]",93.01580810546875,38.86540412902832,46.44097900390625,141,93.01580810546875,0.0,46.44097900390625,141
2025-07-17T20:32:25.299275,1,26,"[0, 1, 2, 3, 5, 6, 7]",93.01580810546875,38.86540412902832,46.44097900390625,141,93.01580810546875,0.0,46.44097900390625,141
2025-07-17T20:32:25.310811,2,26,"[0, 1, 2, 3, 4, 5, 6, 7]",93.01580810546875,38.86540412902832,46.44097900390625,141,93.01580810546875,0.0,46.44097900390625,141
2025-07-17T20:32:25.317917,3,26,"[0, 1, 2, 3, 5, 6, 7]",93.01580810546875,38.86540412902832,46.44097900390625,141,93.01580810546875,0.0,46.44097900390625,141
2025-07-17T20:32:25.324672,4,26,"[0, 1, 2, 3, 5, 6, 7]",93.01580810546875,38.86540412902832,46.44097900390625,141,93.01580810546875,0.0,46.44097900390625,141
2025-07-17T20:32:25.331315,0,27,"[0, 1, 2, 3, 4, 5, 6, 7]",93.01580810546875,38.86540412902832,46.44097900390625,141,93.01580810546875,0.0,46.44097900390625,141
2025-07-17T20:32:25.339142,1,27,"[0, 1, 2, 3, 4, 6, 7]",93.01580810546875,38.86540412902832,46.44097900390625,141,93.01580810546875,0.0,46.44097900390625,141
2025-07-17T20:32:25.345724,2,27,"[0, 1, 2, 3, 4, 5, 6, 7]",93.01580810546875,38.86540412902832,46.44097900390625,141,93.01580810546875,0.0,46.44097900390625,141
2025-07-17T20:32:25.352558,3,27,"[0, 1, 2, 3, 4, 6, 7]",93.01580810546875,38.86540412902832,46.44097900390625,141,93.01580810546875,0.0,46.44097900390625,141
2025-07-17T20:32:25.359515,4,27,"[0, 1, 2, 3, 4, 6, 7]",93.01580810546875,38.86540412902832,46.44097900390625,141,93.01580810546875,0.0,46.44097900390625,141
2025-07-17T20:32:25.367528,0,28,"[0, 1, 2, 3, 4, 5, 6, 7]",93.01580810546875,38.86540412902832,46.44097900390625,141,93.01580810546875,0.0,46.44097900390625,141
2025-07-17T20:32:25.374665,1,28,"[0, 1, 3, 4, 5, 6, 7]",93.01580810546875,38.86482238769531,46.44097900390625,141,93.01580810546875,0.0,46.44097900390625,141
2025-07-17T20:32:25.382549,2,28,"[0, 1, 2, 3, 4, 5, 6, 7]",93.01580810546875,38.86482238769531,46.44097900390625,141,93.01580810546875,0.0,46.44097900390625,141
2025-07-17T20:32:25.384696,3,28,"[0, 1, 3, 4, 5, 6, 7]",93.01580810546875,38.86456489562988,46.44097900390625,141,93.01580810546875,0.0,46.44097900390625,141
2025-07-17T20:32:25.397626,4,28,"[0, 1, 3, 4, 5, 6, 7]",93.01580810546875,38.86456489562988,46.44097900390625,141,93.01580810546875,0.0,46.44097900390625,141
2025-07-17T20:32:25.399832,0,29,"[0, 1, 2, 3, 4, 5, 6, 7]",93.01580810546875,38.86540412902832,46.44097900390625,141,93.01580810546875,0.0,46.44097900390625,141
2025-07-17T20:32:25.406845,1,29,"[0, 2, 3, 4, 5, 6, 7]",93.01580810546875,38.86540412902832,46.44097900390625,141,93.01580810546875,0.0,46.44097900390625,141
2025-07-17T20:32:25.413895,2,29,"[0, 1, 2, 3, 4, 5, 6, 7]",93.01580810546875,38.86540412902832,46.44097900390625,141,93.01580810546875,0.0,46.44097900390625,141
2025-07-17T20:32:25.425525,3,29,"[0, 2, 3, 4, 5, 6, 7]",93.01580810546875,38.86540412902832,46.44097900390625,141,93.01580810546875,0.0,46.44097900390625,141
2025-07-17T20:32:25.427857,4,29,"[0, 2, 3, 4, 5, 6, 7]",93.01580810546875,38.86540412902832,46.44097900390625,141,93.01580810546875,0.0,46.44097900390625,141
2025-07-17T20:32:25.434999,0,30,"[0, 1, 2, 3, 4, 5, 6, 7]",93.01580810546875,38.86540412902832,46.44097900390625,141,93.01580810546875,0.0,46.44097900390625,141
2025-07-17T20:32:25.445242,1,30,"[0, 2, 3, 4, 5, 6, 7]",93.01580810546875,38.86540412902832,46.44097900390625,141,93.01580810546875,0.0,46.44097900390625,141
2025-07-17T20:32:25.452441,2,30,"[0, 1, 2, 3, 4, 5, 6, 7]",93.01580810546875,38.86540412902832,46.44097900390625,141,93.01580810546875,0.0,46.44097900390625,141
2025-07-17T20:32:25.460124,3,30,"[0, 2, 3, 4, 5, 6, 7]",93.01580810546875,38.86540412902832,46.44097900390625,141,93.01580810546875,0.0,46.44097900390625,141
2025-07-17T20:32:25.467485,4,30,"[0, 2, 3, 4, 5, 6, 7]",93.01580810546875,38.86482238769531,46.44097900390625,141,93.01580810546875,0.0,46.44097900390625,141
2025-07-17T20:32:25.474687,0,31,"[0, 1, 2, 3, 4, 5, 6, 7]",93.01580810546875,38.871459007263184,46.44097900390625,141,93.01580810546875,0.0,46.44097900390625,141
2025-07-17T20:32:25.483183,1,31,"[0, 1, 2, 4, 5, 6, 7]",93.01580810546875,38.8688325881958,46.44097900390625,141,93.01580810546875,0.0,46.44097900390625,141
2025-07-17T20:32:25.491155,2,31,"[0, 1, 2, 3, 4, 5, 6, 7]",93.01580810546875,38.86620616912842,46.44097900390625,141,93.01580810546875,0.0,46.44097900390625,141
2025-07-17T20:32:25.499741,3,31,"[0, 1, 2, 4, 5, 6, 7]",93.01580810546875,38.86299800872803,46.44097900390625,141,93.01580810546875,0.0,46.44097900390625,141
2025-07-17T20:32:25.503841,4,31,"[0, 1, 2, 4, 5, 6, 7]",93.01580810546875,38.86002254486084,46.44097900390625,141,93.01580810546875,0.0,46.44097900390625,141
2025-07-17T20:32:25.519712,0,0,"[0, 1, 2, 3, 4, 5, 6, 7]",93.01580810546875,38.85531425476074,46.44097900390625,141,93.01580810546875,0.0,46.44097900390625,141
2025-07-17T20:32:25.528387,1,0,"[0, 1, 2, 3, 4, 5, 6, 7]",93.01580810546875,38.85852241516113,46.44097900390625,141,93.01580810546875,0.0,46.44097900390625,141
2025-07-17T20:32:25.536930,2,0,"[0, 1, 2, 3, 4, 5, 6, 7]",93.01580810546875,38.86149787902832,46.44097900390625,141,93.01580810546875,0.0,46.44097900390625,141
2025-07-17T20:32:25.540416,3,0,"[0, 1, 2, 3, 4, 5, 6, 7]",93.01580810546875,38.86438179016113,46.44097900390625,141,93.01580810546875,0.0,46.44097900390625,141
2025-07-17T20:32:25.548197,4,0,"[0, 1, 2, 3, 4, 5, 6, 7]",93.01580810546875,38.86540412902832,46.44097900390625,141,93.01580810546875,0.0,46.44097900390625,141
2025-07-17T20:32:25.555187,0,1,"[0, 1, 2, 3, 4, 5, 6, 7]",93.01580810546875,38.86540412902832,46.44097900390625,141,93.01580810546875,0.0,46.44097900390625,141
2025-07-17T20:32:25.562334,1,1,"[0, 1, 2, 3, 4, 5, 6, 7]",93.01580810546875,38.86540412902832,46.44097900390625,141,93.01580810546875,0.0,46.44097900390625,141
2025-07-17T20:32:25.570002,2,1,"[0, 1, 2, 3, 4, 5, 6, 7]",93.01580810546875,38.86540412902832,46.44097900390625,141,93.01580810546875,0.0,46.44097900390625,141
2025-07-17T20:32:25.576679,3,1,"[0, 1, 2, 3, 4, 5, 6, 7]",93.01580810546875,38.86540412902832,46.44097900390625,141,93.01580810546875,0.0,46.44097900390625,141
2025-07-17T20:32:25.583924,4,1,"[0, 1, 2, 3, 4, 5, 6, 7]",93.01580810546875,38.86540412902832,46.44097900390625,141,93.01580810546875,0.0,46.44097900390625,141
2025-07-17T20:32:25.591923,0,2,"[0, 1, 2, 3, 4, 5, 6, 7]",93.01580810546875,38.86540412902832,46.44097900390625,141,93.01580810546875,0.0,46.44097900390625,141
2025-07-17T20:32:25.598875,1,2,"[0, 1, 2, 3, 4, 5, 6, 7]",93.01580810546875,38.86540412902832,46.44097900390625,141,93.01580810546875,0.0,46.44097900390625,141
2025-07-17T20:32:25.606447,2,2,"[0, 1, 2, 3, 4, 5, 6, 7]",93.01580810546875,38.86540412902832,46.44097900390625,141,93.01580810546875,0.0,46.44097900390625,141
2025-07-17T20:32:25.612865,3,2,"[0, 1, 2, 3, 4, 5, 6, 7]",93.01580810546875,38.86540412902832,46.44097900390625,141,93.01580810546875,0.0,46.44097900390625,141
2025-07-17T20:32:25.619324,4,2,"[0, 1, 2, 3, 4, 5, 6, 7]",93.01580810546875,38.86540412902832,46.44097900390625,141,93.01580810546875,0.0,46.44097900390625,141
2025-07-17T20:32:25.626888,0,3,"[0, 1, 2, 3, 4, 5, 6, 7]",93.01580810546875,38.86540412902832,46.44097900390625,141,93.01580810546875,0.0,46.44097900390625,141
2025-07-17T20:32:25.633241,1,3,"[0, 1, 2, 3, 4, 5, 6, 7]",93.01580810546875,38.86540412902832,46.44097900390625,141,93.01580810546875,0.0,46.44097900390625,141
2025-07-17T20:32:25.640129,2,3,"[0, 1, 2, 3, 4, 5, 6, 7]",93.01580810546875,38.86540412902832,46.44097900390625,141,93.01580810546875,0.0,46.44097900390625,141
2025-07-17T20:32:25.646744,3,3,"[0, 1, 2, 3, 4, 5, 6, 7]",93.01580810546875,38.86540412902832,46.44097900390625,141,93.01580810546875,0.0,46.44097900390625,141
2025-07-17T20:32:25.659308,4,3,"[0, 1, 2, 3, 4, 5, 6, 7]",93.01580810546875,38.86540412902832,46.44097900390625,141,93.01580810546875,0.0,46.44097900390625,141
2025-07-17T20:32:25.661436,0,4,"[0, 1, 2, 3, 4, 5, 6, 7]",93.01580810546875,38.86540412902832,46.44097900390625,141,93.01580810546875,0.0,46.44097900390625,141
2025-07-17T20:32:25.668419,1,4,"[0, 1, 2, 3, 4, 5, 6, 7]",93.01580810546875,38.86540412902832,46.44097900390625,141,93.01580810546875,0.0,46.44097900390625,141
2025-07-17T20:32:25.675972,2,4,"[0, 1, 2, 3, 4, 5, 6, 7]",93.01580810546875,38.86540412902832,46.44097900390625,141,93.01580810546875,0.0,46.44097900390625,141
2025-07-17T20:32:25.682237,3,4,"[0, 1, 2, 3, 4, 5, 6, 7]",93.01580810546875,38.86540412902832,46.44097900390625,141,93.01580810546875,0.0,46.44097900390625,141
2025-07-17T20:32:25.695799,4,4,"[0, 1, 2, 3, 4, 5, 6, 7]",93.01580810546875,38.86540412902832,46.44097900390625,141,93.01580810546875,0.0,46.44097900390625,141
2025-07-17T20:32:25.703109,0,5,"[0, 1, 2, 3, 4, 5, 6, 7]",93.01580810546875,38.86482238769531,46.44097900390625,141,93.01580810546875,0.0,46.44097900390625,141
2025-07-17T20:32:25.712031,1,5,"[0, 1, 2, 3, 4, 5, 6, 7]",93.01580810546875,38.86482238769531,46.44097900390625,141,93.01580810546875,0.0,46.44097900390625,141
2025-07-17T20:32:25.719774,2,5,"[0, 1, 2, 3, 4, 5, 6, 7]",93.01580810546875,38.86482238769531,46.44097900390625,141,93.01580810546875,0.0,46.44097900390625,141
2025-07-17T20:32:25.722165,3,5,"[0, 1, 2, 3, 4, 5, 6, 7]",93.01580810546875,38.86456489562988,46.44097900390625,141,93.01580810546875,0.0,46.44097900390625,141
2025-07-17T20:32:25.730094,4,5,"[0, 1, 2, 3, 4, 5, 6, 7]",93.01580810546875,38.86540412902832,46.44097900390625,141,93.01580810546875,0.0,46.44097900390625,141
2025-07-17T20:32:25.736803,0,6,"[0, 1, 2, 3, 4, 5, 6, 7]",93.01580810546875,38.86540412902832,46.44097900390625,141,93.01580810546875,0.0,46.44097900390625,141
2025-07-17T20:32:25.744933,1,6,"[0, 1, 2, 3, 4, 5, 6, 7]",93.01580810546875,38.86540412902832,46.44097900390625,141,93.01580810546875,0.0,46.44097900390625,141
2025-07-17T20:32:25.752137,2,6,"[0, 1, 2, 3, 4, 5, 6, 7]",93.01580810546875,38.86540412902832,46.44097900390625,141,93.01580810546875,0.0,46.44097900390625,141
2025-07-17T20:32:25.759194,3,6,"[0, 1, 2, 3, 4, 5, 6, 7]",93.01580810546875,38.86540412902832,46.44097900390625,141,93.01580810546875,0.0,46.44097900390625,141
2025-07-17T20:32:25.765695,4,6,"[0, 1, 2, 3, 4, 5, 6, 7]",93.01580810546875,38.86540412902832,46.44097900390625,141,93.01580810546875,0.0,46.44097900390625,141
2025-07-17T20:32:25.773607,0,7,"[0, 1, 2, 3, 4, 5, 6, 7]",93.01580810546875,38.86540412902832,46.44097900390625,141,93.01580810546875,0.0,46.44097900390625,141
2025-07-17T20:32:25.780563,1,7,"[0, 1, 2, 3, 4, 5, 6, 7]",93.01580810546875,38.86540412902832,46.44097900390625,141,93.01580810546875,0.0,46.44097900390625,141
2025-07-17T20:32:25.787326,2,7,"[0, 1, 2, 3, 4, 5, 6, 7]",93.01580810546875,38.86540412902832,46.44097900390625,141,93.01580810546875,0.0,46.44097900390625,141
2025-07-17T20:32:25.799210,3,7,"[0, 1, 2, 3, 4, 5, 6, 7]",93.01580810546875,38.86540412902832,46.44097900390625,141,93.01580810546875,0.0,46.44097900390625,141
2025-07-17T20:32:25.801655,4,7,"[0, 1, 2, 3, 4, 5, 6, 7]",93.01580810546875,38.86540412902832,46.44097900390625,141,93.01580810546875,0.0,46.44097900390625,141
2025-07-17T20:32:25.808382,0,8,"[0, 1, 2, 3, 4, 5, 6, 7]",93.01580810546875,38.86540412902832,46.44097900390625,141,93.01580810546875,0.0,46.44097900390625,141
2025-07-17T20:32:25.816003,1,8,"[0, 1, 2, 3, 4, 5, 6, 7]",93.01580810546875,38.86540412902832,46.44097900390625,141,93.01580810546875,0.0,46.44097900390625,141
2025-07-17T20:32:25.822358,2,8,"[0, 1, 2, 3, 4, 5, 6, 7]",93.01580810546875,38.86540412902832,46.44097900390625,141,93.01580810546875,0.0,46.44097900390625,141
2025-07-17T20:32:25.828593,3,8,"[0, 1, 2, 3, 4, 5, 6, 7]",93.01580810546875,38.86540412902832,46.44097900390625,141,93.01580810546875,0.0,46.44097900390625,141
2025-07-17T20:32:25.835492,4,8,"[0, 1, 2, 3, 4, 5, 6, 7]",93.01580810546875,38.86540412902832,46.44097900390625,141,93.01580810546875,0.0,46.44097900390625,141
2025-07-17T20:32:25.841950,0,9,"[0, 1, 2, 3, 4, 5, 6, 7]",93.01580810546875,38.86540412902832,46.44097900390625,141,93.01580810546875,0.0,46.44097900390625,141
2025-07-17T20:32:25.848794,1,9,"[0, 1, 3, 4, 5, 6, 7]",93.01580810546875,38.86540412902832,46.44097900390625,141,93.01580810546875,0.0,46.44097900390625,141
2025-07-17T20:32:25.856484,2,9,"[0, 1, 2, 3, 4, 5, 6, 7]",93.01580810546875,38.86540412902832,46.44097900390625,141,93.01580810546875,0.0,46.44097900390625,141
2025-07-17T20:32:25.864605,3,9,"[0, 1, 3, 4, 5, 6, 7]",93.01580810546875,38.86540412902832,46.44097900390625,141,93.01580810546875,0.0,46.44097900390625,141
2025-07-17T20:32:25.871197,4,9,"[0, 1, 3, 4, 5, 6, 7]",93.01580810546875,38.86540412902832,46.44097900390625,141,93.01580810546875,0.0,46.44097900390625,141
2025-07-17T20:32:25.878028,0,10,"[0, 1, 2, 3, 4, 5, 6, 7]",93.01580810546875,38.86540412902832,46.44097900390625,141,93.01580810546875,0.0,46.44097900390625,141
2025-07-17T20:32:25.890269,1,10,"[0, 1, 2, 4, 5, 6, 7]",93.01580810546875,38.86540412902832,46.44097900390625,141,93.01580810546875,0.0,46.44097900390625,141
2025-07-17T20:32:25.892422,2,10,"[0, 1, 2, 3, 4, 5, 6, 7]",93.01580810546875,38.86540412902832,46.44097900390625,141,93.01580810546875,0.0,46.44097900390625,141
2025-07-17T20:32:25.899553,3,10,"[0, 1, 2, 4, 5, 6, 7]",93.01580810546875,38.86540412902832,46.44097900390625,141,93.01580810546875,0.0,46.44097900390625,141
2025-07-17T20:32:25.907437,4,10,"[0, 1, 2, 4, 5, 6, 7]",93.01580810546875,38.86540412902832,46.44097900390625,141,93.01580810546875,0.0,46.44097900390625,141
2025-07-17T20:32:25.914251,0,11,"[0, 1, 2, 4, 5, 6, 7]",93.01580810546875,38.86540412902832,46.44097900390625,141,93.01580810546875,0.0,46.44097900390625,141
2025-07-17T20:32:25.921012,1,11,"[0, 1, 2, 3, 4, 5, 7]",93.01580810546875,38.86540412902832,46.44097900390625,141,93.01580810546875,0.0,46.44097900390625,141
2025-07-17T20:32:25.929116,2,11,"[0, 1, 2, 3, 4, 5, 6, 7]",93.01580810546875,38.86540412902832,46.44097900390625,141,93.01580810546875,0.0,46.44097900390625,141
2025-07-17T20:32:25.941845,3,11,"[0, 1, 2, 3, 4, 5, 7]",93.01580810546875,38.86540412902832,46.44097900390625,141,93.01580810546875,0.0,46.44097900390625,141
2025-07-17T20:32:25.944033,4,11,"[0, 1, 2, 3, 4, 5, 7]",93.01580810546875,38.86540412902832,46.44097900390625,141,93.01580810546875,0.0,46.44097900390625,141
2025-07-17T20:32:25.951210,0,12,"[0, 1, 2, 3, 4, 5, 6, 7]",93.01580810546875,38.86540412902832,46.44097900390625,141,93.01580810546875,0.0,46.44097900390625,141
2025-07-17T20:32:25.963286,1,12,"[0, 1, 2, 3, 4, 5, 6, 7]",93.01580810546875,38.86540412902832,46.44097900390625,141,93.01580810546875,0.0,46.44097900390625,141
2025-07-17T20:32:25.965583,2,12,"[0, 1, 2, 3, 4, 5, 6, 7]",93.01580810546875,38.86540412902832,46.44097900390625,141,93.01580810546875,0.0,46.44097900390625,141
2025-07-17T20:32:25.977152,3,12,"[0, 1, 2, 3, 4, 5, 6, 7]",93.01580810546875,38.86540412902832,46.44097900390625,141,93.01580810546875,0.0,46.44097900390625,141
2025-07-17T20:32:25.980615,4,12,"[0, 1, 2, 3, 4, 5, 6, 7]",93.01580810546875,38.86540412902832,46.44097900390625,141,93.01580810546875,0.0,46.44097900390625,141
2025-07-17T20:32:25.987771,0,13,"[0, 1, 2, 3, 4, 5, 6, 7]",93.01580810546875,38.86540412902832,46.44097900390625,141,93.01580810546875,0.0,46.44097900390625,141
2025-07-17T20:32:25.994071,1,13,"[0, 1, 2, 3, 4, 7]",93.01580810546875,38.86540412902832,46.44097900390625,141,93.01580810546875,0.0,46.44097900390625,141
2025-07-17T20:32:26.000579,2,13,"[0, 1, 2, 3, 4, 5, 6, 7]",93.01580810546875,38.86540412902832,46.44097900390625,141,93.01580810546875,0.0,46.44097900390625,141
2025-07-17T20:32:26.013101,3,13,"[0, 1, 2, 3, 4, 7]",93.01580810546875,38.86540412902832,46.44097900390625,141,93.01580810546875,0.0,46.44097900390625,141
2025-07-17T20:32:26.015783,4,13,"[0, 1, 2, 3, 4, 7]",93.01580810546875,38.86540412902832,46.44097900390625,141,93.01580810546875,0.0,46.44097900390625,141
2025-07-17T20:32:26.022247,0,14,"[0, 1, 2, 3, 4, 5, 6, 7]",93.01580810546875,38.86540412902832,46.44097900390625,141,93.01580810546875,0.0,46.44097900390625,141
2025-07-17T20:32:26.029459,1,14,"[0, 1, 2, 3, 4, 5, 6, 7]",93.01580810546875,38.86540412902832,46.44097900390625,141,93.01580810546875,0.0,46.44097900390625,141
2025-07-17T20:32:26.041599,2,14,"[0, 1, 2, 3, 4, 5, 6, 7]",93.01580810546875,38.86540412902832,46.44097900390625,141,93.01580810546875,0.0,46.44097900390625,141
2025-07-17T20:32:26.044259,3,14,"[0, 1, 2, 3, 4, 5, 6, 7]",93.01580810546875,38.86540412902832,46.44097900390625,141,93.01580810546875,0.0,46.44097900390625,141
2025-07-17T20:32:26.055984,4,14,"[0, 1, 2, 3, 4, 5, 6, 7]",93.01580810546875,38.86540412902832,46.44097900390625,141,93.01580810546875,0.0,46.44097900390625,141
2025-07-17T20:32:26.058449,0,15,"[0, 1, 2, 3, 4, 5, 6, 7]",93.01580810546875,38.86540412902832,46.44097900390625,141,93.01580810546875,0.0,46.44097900390625,141
2025-07-17T20:32:26.065838,1,15,"[0, 1, 2, 3, 4, 5, 6, 7]",93.01580810546875,38.86540412902832,46.44097900390625,141,93.01580810546875,0.0,46.44097900390625,141
2025-07-17T20:32:26.073080,2,15,"[0, 1, 2, 3, 4, 5, 6, 7]",93.01580810546875,38.86540412902832,46.44097900390625,141,93.01580810546875,0.0,46.44097900390625,141
2025-07-17T20:32:26.080407,3,15,"[0, 1, 2, 3, 4, 5, 6, 7]",93.01580810546875,38.86540412902832,46.44097900390625,141,93.01580810546875,0.0,46.44097900390625,141
2025-07-17T20:32:26.087455,4,15,"[0, 1, 2, 3, 4, 5, 6, 7]",93.01580810546875,38.86540412902832,46.44097900390625,141,93.01580810546875,0.0,46.44097900390625,141
2025-07-17T20:32:26.101281,0,16,"[0, 1, 2, 3, 4, 5, 6, 7]",93.01580810546875,38.86540412902832,46.44097900390625,141,93.01580810546875,0.0,46.44097900390625,141
2025-07-17T20:32:26.103721,1,16,"[0, 1, 2, 3, 4, 5, 6, 7]",93.01580810546875,38.86540412902832,46.44097900390625,141,93.01580810546875,0.0,46.44097900390625,141
2025-07-17T20:32:26.111325,2,16,"[0, 1, 2, 3, 4, 5, 6, 7]",93.01580810546875,38.86540412902832,46.44097900390625,141,93.01580810546875,0.0,46.44097900390625,141
2025-07-17T20:32:26.123541,3,16,"[0, 1, 2, 3, 4, 5, 6, 7]",93.01580810546875,38.86540412902832,46.44097900390625,141,93.01580810546875,0.0,46.44097900390625,141
2025-07-17T20:32:26.125800,4,16,"[0, 1, 2, 3, 4, 5, 6, 7]",93.01580810546875,38.86540412902832,46.44097900390625,141,93.01580810546875,0.0,46.44097900390625,141
2025-07-17T20:32:26.138669,0,17,"[0, 1, 2, 3, 4, 5, 6, 7]",93.01580810546875,38.86540412902832,46.44097900390625,141,93.01580810546875,0.0,46.44097900390625,141
2025-07-17T20:32:26.140655,1,17,"[0, 2, 3, 4, 5, 6, 7]",93.01580810546875,38.86540412902832,46.44097900390625,141,93.01580810546875,0.0,46.44097900390625,141
2025-07-17T20:32:26.152649,2,17,"[0, 1, 2, 3, 4, 5, 6, 7]",93.01580810546875,38.86540412902832,46.44097900390625,141,93.01580810546875,0.0,46.44097900390625,141
2025-07-17T20:32:26.159837,3,17,"[0, 2, 3, 4, 5, 6, 7]",93.01580810546875,38.86482238769531,46.44097900390625,141,93.01580810546875,0.0,46.44097900390625,141
2025-07-17T20:32:26.168045,4,17,"[0, 2, 3, 4, 5, 6, 7]",93.01580810546875,38.86456489562988,46.44097900390625,141,93.01580810546875,0.0,46.44097900390625,141
2025-07-17T20:32:26.174842,0,18,"[0, 1, 2, 3, 4, 5, 6, 7]",93.01580810546875,38.86456489562988,46.44097900390625,141,93.01580810546875,0.0,46.44097900390625,141
2025-07-17T20:32:26.182683,1,18,"[0, 1, 2, 3, 4, 5, 6, 7]",93.01580810546875,38.86456489562988,46.44097900390625,141,93.01580810546875,0.0,46.44097900390625,141
2025-07-17T20:32:26.189978,2,18,"[0, 1, 2, 3, 4, 5, 6, 7]",93.01580810546875,38.86456489562988,46.44097900390625,141,93.01580810546875,0.0,46.44097900390625,141
2025-07-17T20:32:26.196849,3,18,"[0, 1, 2, 3, 4, 5, 6, 7]",93.01580810546875,38.86540412902832,46.44097900390625,141,93.01580810546875,0.0,46.44097900390625,141
2025-07-17T20:32:26.204200,4,18,"[0, 1, 2, 3, 4, 5, 6, 7]",93.01580810546875,38.86540412902832,46.44097900390625,141,93.01580810546875,0.0,46.44097900390625,141
2025-07-17T20:32:26.210745,0,19,"[0, 1, 2, 3, 4, 5, 6, 7]",93.01580810546875,38.86540412902832,46.44097900390625,141,93.01580810546875,0.0,46.44097900390625,141
2025-07-17T20:32:26.217693,1,19,"[0, 1, 2, 3, 4, 5, 6, 7]",93.01580810546875,38.86540412902832,46.44097900390625,141,93.01580810546875,0.0,46.44097900390625,141
2025-07-17T20:32:26.224257,2,19,"[0, 1, 2, 3, 4, 5, 6, 7]",93.01580810546875,38.86540412902832,46.44097900390625,141,93.01580810546875,0.0,46.44097900390625,141
2025-07-17T20:32:26.231840,3,19,"[0, 1, 2, 3, 4, 5, 6, 7]",93.01580810546875,38.86540412902832,46.44097900390625,141,93.01580810546875,0.0,46.44097900390625,141
2025-07-17T20:32:26.238790,4,19,"[0, 1, 2, 3, 4, 5, 6, 7]",93.01580810546875,38.86540412902832,46.44097900390625,141,93.01580810546875,0.0,46.44097900390625,141
2025-07-17T20:32:26.245623,0,20,"[0, 1, 2, 3, 4, 5, 6, 7]",93.01580810546875,38.86540412902832,46.44097900390625,141,93.01580810546875,0.0,46.44097900390625,141
2025-07-17T20:32:26.253055,1,20,"[0, 1, 2, 3, 4, 5, 6, 7]",93.01580810546875,38.86540412902832,46.44097900390625,141,93.01580810546875,0.0,46.44097900390625,141
2025-07-17T20:32:26.260791,2,20,"[0, 1, 2, 3, 4, 5, 6, 7]",93.01580810546875,38.86540412902832,46.44097900390625,141,93.01580810546875,0.0,46.44097900390625,141
2025-07-17T20:32:26.267649,3,20,"[0, 1, 2, 3, 4, 5, 6, 7]",93.01580810546875,38.86540412902832,46.44097900390625,141,93.01580810546875,0.0,46.44097900390625,141
2025-07-17T20:32:26.275267,4,20,"[0, 1, 2, 3, 4, 5, 6, 7]",93.01580810546875,38.86540412902832,46.44097900390625,141,93.01580810546875,0.0,46.44097900390625,141
2025-07-17T20:32:26.282757,0,21,"[0, 1, 2, 3, 4, 5, 6, 7]",93.01580810546875,38.86540412902832,46.44097900390625,141,93.01580810546875,0.0,46.44097900390625,141
2025-07-17T20:32:26.290835,1,21,"[0, 1, 2, 3, 4, 5, 6, 7]",93.01580810546875,38.86540412902832,46.44097900390625,141,93.01580810546875,0.0,46.44097900390625,141
2025-07-17T20:32:26.293290,2,21,"[0, 1, 2, 3, 4, 5, 6, 7]",93.01580810546875,38.86540412902832,46.44097900390625,141,93.01580810546875,0.0,46.44097900390625,141
2025-07-17T20:32:26.300438,3,21,"[0, 1, 2, 3, 4, 5, 6, 7]",93.01580810546875,38.86540412902832,46.44097900390625,141,93.01580810546875,0.0,46.44097900390625,141
2025-07-17T20:32:26.311990,4,21,"[0, 1, 2, 3, 4, 5, 6, 7]",93.01580810546875,38.86540412902832,46.44097900390625,141,93.01580810546875,0.0,46.44097900390625,141
2025-07-17T20:32:26.319172,0,22,"[0, 1, 2, 3, 4, 5, 6, 7]",93.01580810546875,38.86540412902832,46.44097900390625,141,93.01580810546875,0.0,46.44097900390625,141
2025-07-17T20:32:26.327339,1,22,"[0, 1, 2, 3, 4, 5, 6, 7]",93.01580810546875,38.86540412902832,46.44097900390625,141,93.01580810546875,0.0,46.44097900390625,141
2025-07-17T20:32:26.329774,2,22,"[0, 1, 2, 3, 4, 5, 6, 7]",93.01580810546875,38.86540412902832,46.44097900390625,141,93.01580810546875,0.0,46.44097900390625,141
2025-07-17T20:32:26.338171,3,22,"[0, 1, 2, 3, 4, 5, 6, 7]",93.01580810546875,38.86540412902832,46.44097900390625,141,93.01580810546875,0.0,46.44097900390625,141
2025-07-17T20:32:26.344892,4,22,"[0, 1, 2, 3, 4, 5, 6, 7]",93.01580810546875,38.86540412902832,46.44097900390625,141,93.01580810546875,0.0,46.44097900390625,141
2025-07-17T20:32:26.351163,0,23,"[0, 1, 2, 3, 4, 5, 6, 7]",93.01580810546875,38.86540412902832,46.44097900390625,141,93.01580810546875,0.0,46.44097900390625,141
2025-07-17T20:32:26.358477,1,23,"[0, 1, 2, 3, 4, 5, 6, 7]",93.01580810546875,38.86540412902832,46.44097900390625,141,93.01580810546875,0.0,46.44097900390625,141
2025-07-17T20:32:26.364731,2,23,"[0, 1, 2, 3, 4, 5, 6, 7]",93.01580810546875,38.86540412902832,46.44097900390625,141,93.01580810546875,0.0,46.44097900390625,141
2025-07-17T20:32:26.372918,3,23,"[0, 1, 2, 3, 4, 5, 6, 7]",93.01580810546875,38.86540412902832,46.44097900390625,141,93.01580810546875,0.0,46.44097900390625,141
2025-07-17T20:32:26.380565,4,23,"[0, 1, 2, 3, 4, 5, 6, 7]",93.01580810546875,38.86540412902832,46.44097900390625,141,93.01580810546875,0.0,46.44097900390625,141
2025-07-17T20:32:26.387681,0,24,"[0, 1, 2, 3, 4, 5, 6, 7]",93.01580810546875,38.86540412902832,46.44097900390625,141,93.01580810546875,0.0,46.44097900390625,141
2025-07-17T20:32:26.395223,1,24,"[0, 1, 2, 3, 4, 5, 6, 7]",93.01580810546875,38.86540412902832,46.44097900390625,141,93.01580810546875,0.0,46.44097900390625,141
2025-07-17T20:32:26.403282,2,24,"[0, 1, 2, 3, 4, 5, 6, 7]",93.01580810546875,38.86540412902832,46.44097900390625,141,93.01580810546875,0.0,46.44097900390625,141
2025-07-17T20:32:26.411047,3,24,"[0, 1, 2, 3, 4, 5, 6, 7]",93.01580810546875,38.86540412902832,46.44097900390625,141,93.01580810546875,0.0,46.44097900390625,141
2025-07-17T20:32:26.423941,4,24,"[0, 1, 2, 3, 4, 5, 6, 7]",93.01580810546875,38.86540412902832,46.44097900390625,141,93.01580810546875,0.0,46.44097900390625,141
2025-07-17T20:32:26.426339,0,25,"[0, 1, 2, 3, 4, 5, 6, 7]",93.01580810546875,38.86540412902832,46.44097900390625,141,93.01580810546875,0.0,46.44097900390625,141
2025-07-17T20:32:26.433889,1,25,"[0, 1, 2, 3, 5, 6, 7]",93.01580810546875,38.86540412902832,46.44097900390625,141,93.01580810546875,0.0,46.44097900390625,141
2025-07-17T20:32:26.440945,2,25,"[0, 1, 2, 3, 4, 5, 6, 7]",93.01580810546875,38.86540412902832,46.44097900390625,141,93.01580810546875,0.0,46.44097900390625,141
2025-07-17T20:32:26.449976,3,25,"[0, 1, 2, 3, 5, 6, 7]",93.01580810546875,38.86540412902832,46.44097900390625,141,93.01580810546875,0.0,46.44097900390625,141
2025-07-17T20:32:26.456487,4,25,"[0, 1, 2, 3, 5, 6, 7]",93.01580810546875,38.86540412902832,46.44097900390625,141,93.01580810546875,0.0,46.44097900390625,141
2025-07-17T20:32:26.463321,0,26,"[0, 1, 2, 3, 4, 5, 6, 7]",93.01580810546875,38.86540412902832,46.44097900390625,141,93.01580810546875,0.0,46.44097900390625,141
2025-07-17T20:32:26.469157,1,26,"[0, 1, 2, 3, 4, 5, 6, 7]",93.01580810546875,38.86540412902832,46.44097900390625,141,93.01580810546875,0.0,46.44097900390625,141
2025-07-17T20:32:26.475651,2,26,"[0, 1, 2, 3, 4, 5, 6, 7]",93.01580810546875,38.86540412902832,46.44097900390625,141,93.01580810546875,0.0,46.44097900390625,141
2025-07-17T20:32:26.483013,3,26,"[0, 1, 2, 3, 4, 5, 6, 7]",93.01580810546875,38.86540412902832,46.44097900390625,141,93.01580810546875,0.0,46.44097900390625,141
2025-07-17T20:32:26.490864,4,26,"[0, 1, 2, 3, 4, 5, 6, 7]",93.01580810546875,38.86540412902832,46.44097900390625,141,93.01580810546875,0.0,46.44097900390625,141
2025-07-17T20:32:26.497951,0,27,"[0, 1, 2, 3, 4, 5, 6, 7]",93.01580810546875,38.86540412902832,46.44097900390625,141,93.01580810546875,0.0,46.44097900390625,141
2025-07-17T20:32:26.505700,1,27,"[0, 1, 2, 3, 4, 5, 6, 7]",93.01580810546875,38.86540412902832,46.44097900390625,141,93.01580810546875,0.0,46.44097900390625,141
2025-07-17T20:32:26.512799,2,27,"[0, 1, 2, 3, 4, 5, 6, 7]",93.01580810546875,38.86540412902832,46.44097900390625,141,93.01580810546875,0.0,46.44097900390625,141
2025-07-17T20:32:26.519570,3,27,"[0, 1, 2, 3, 4, 5, 6, 7]",93.01580810546875,38.86540412902832,46.44097900390625,141,93.01580810546875,0.0,46.44097900390625,141
2025-07-17T20:32:26.526083,4,27,"[0, 1, 2, 3, 4, 5, 6, 7]",93.01580810546875,38.86540412902832,46.44097900390625,141,93.01580810546875,0.0,46.44097900390625,141
2025-07-17T20:32:26.539129,0,28,"[0, 1, 2, 3, 4, 5, 6, 7]",93.01580810546875,38.86540412902832,46.44097900390625,141,93.01580810546875,0.0,46.44097900390625,141
2025-07-17T20:32:26.541180,1,28,"[0, 1, 2, 3, 4, 5, 6, 7]",93.01580810546875,38.86540412902832,46.44097900390625,141,93.01580810546875,0.0,46.44097900390625,141
2025-07-17T20:32:26.548603,2,28,"[0, 1, 2, 3, 4, 5, 6, 7]",93.01580810546875,38.86540412902832,46.44097900390625,141,93.01580810546875,0.0,46.44097900390625,141
2025-07-17T20:32:26.555581,3,28,"[0, 1, 2, 3, 4, 5, 6, 7]",93.01580810546875,38.86540412902832,46.44097900390625,141,93.01580810546875,0.0,46.44097900390625,141
2025-07-17T20:32:26.562220,4,28,"[0, 1, 2, 3, 4, 5, 6, 7]",93.01580810546875,38.86540412902832,46.44097900390625,141,93.01580810546875,0.0,46.44097900390625,141
2025-07-17T20:32:26.569651,0,29,"[0, 1, 2, 3, 4, 5, 6, 7]",93.01580810546875,38.86540412902832,46.44097900390625,141,93.01580810546875,0.0,46.44097900390625,141
2025-07-17T20:32:26.578159,1,29,"[0, 1, 2, 3, 4, 5, 6, 7]",93.01580810546875,38.86540412902832,46.44097900390625,141,93.01580810546875,0.0,46.44097900390625,141
2025-07-17T20:32:26.584120,2,29,"[0, 1, 2, 3, 4, 5, 6, 7]",93.01580810546875,38.86540412902832,46.44097900390625,141,93.01580810546875,0.0,46.44097900390625,141
2025-07-17T20:32:26.590869,3,29,"[0, 1, 2, 3, 4, 5, 6, 7]",93.01580810546875,38.86540412902832,46.44097900390625,141,93.01580810546875,0.0,46.44097900390625,141
2025-07-17T20:32:26.597233,4,29,"[0, 1, 2, 3, 4, 5, 6, 7]",93.01580810546875,38.86540412902832,46.44097900390625,141,93.01580810546875,0.0,46.44097900390625,141
2025-07-17T20:32:26.603950,0,30,"[0, 1, 2, 3, 4, 5, 6, 7]",93.01580810546875,38.86540412902832,46.44097900390625,141,93.01580810546875,0.0,46.44097900390625,141
2025-07-17T20:32:26.610564,1,30,"[0, 2, 3, 4, 5, 6, 7]",93.01580810546875,38.86540412902832,46.44097900390625,141,93.01580810546875,0.0,46.44097900390625,141
2025-07-17T20:32:26.616929,2,30,"[0, 1, 2, 3, 4, 5, 6, 7]",93.01580810546875,38.86540412902832,46.44097900390625,141,93.01580810546875,0.0,46.44097900390625,141
2025-07-17T20:32:26.624265,3,30,"[0, 2, 3, 4, 5, 6, 7]",93.01580810546875,38.86540412902832,46.44097900390625,141,93.01580810546875,0.0,46.44097900390625,141
2025-07-17T20:32:26.632116,4,30,"[0, 2, 3, 4, 5, 6, 7]",93.01580810546875,38.86540412902832,46.44097900390625,141,93.01580810546875,0.0,46.44097900390625,141
2025-07-17T20:32:26.644604,0,31,"[0, 1, 2, 3, 4, 5, 6, 7]",93.01580810546875,38.87287998199463,46.44097900390625,141,93.01580810546875,0.0,46.44097900390625,141
2025-07-17T20:32:26.648352,1,31,"[0, 1, 2, 3, 5, 6, 7]",93.01580810546875,38.86967182159424,46.44097900390625,141,93.01580810546875,0.0,46.44097900390625,141
2025-07-17T20:32:26.657401,2,31,"[0, 1, 2, 3, 4, 5, 6, 7]",93.01580810546875,38.867045402526855,46.44097900390625,141,93.01580810546875,0.0,46.44097900390625,141
2025-07-17T20:32:26.666363,3,31,"[0, 1, 2, 3, 5, 6, 7]",93.01580810546875,38.863579750061035,46.44097900390625,141,93.01580810546875,0.0,46.44097900390625,141
2025-07-17T20:32:26.674797,4,31,"[0, 1, 2, 3, 5, 6, 7]",93.01580810546875,38.86002254486084,46.44097900390625,141,93.01580810546875,0.0,46.44097900390625,141
2025-07-17T20:32:26.691729,0,0,"[0, 1, 2, 3, 4, 5, 6, 7]",93.01580810546875,38.85531425476074,46.44097900390625,141,93.01580810546875,0.0,46.44097900390625,141
2025-07-17T20:32:26.694211,1,0,"[0, 1, 2, 3, 4, 5, 6, 7]",93.01580810546875,38.85852241516113,46.44097900390625,141,93.01580810546875,0.0,46.44097900390625,141
2025-07-17T20:32:26.701951,2,0,"[0, 1, 2, 3, 4, 5, 6, 7]",93.01580810546875,38.86149787902832,46.44097900390625,141,93.01580810546875,0.0,46.44097900390625,141
2025-07-17T20:32:26.709978,3,0,"[0, 1, 2, 3, 4, 5, 6, 7]",93.01580810546875,38.86438179016113,46.44097900390625,141,93.01580810546875,0.0,46.44097900390625,141
2025-07-17T20:32:26.717320,4,0,"[0, 1, 2, 3, 4, 5, 6, 7]",93.01580810546875,38.86540412902832,46.44097900390625,141,93.01580810546875,0.0,46.44097900390625,141
2025-07-17T20:32:26.727931,0,1,"[0, 1, 2, 3, 4, 5, 6, 7]",93.01580810546875,38.86540412902832,46.44097900390625,141,93.01580810546875,0.0,46.44097900390625,141
2025-07-17T20:32:26.735081,1,1,"[0, 1, 2, 3, 4, 5, 6, 7]",93.01580810546875,38.86540412902832,46.44097900390625,141,93.01580810546875,0.0,46.44097900390625,141
2025-07-17T20:32:26.742439,2,1,"[0, 1, 2, 3, 4, 5, 6, 7]",93.01580810546875,38.86540412902832,46.44097900390625,141,93.01580810546875,0.0,46.44097900390625,141
2025-07-17T20:32:26.749720,3,1,"[0, 1, 2, 3, 4, 5, 6, 7]",93.01580810546875,38.86540412902832,46.44097900390625,141,93.01580810546875,0.0,46.44097900390625,141
2025-07-17T20:32:26.756718,4,1,"[0, 1, 2, 3, 4, 5, 6, 7]",93.01580810546875,38.86540412902832,46.44097900390625,141,93.01580810546875,0.0,46.44097900390625,141
2025-07-17T20:32:26.763651,0,2,"[0, 1, 2, 3, 4, 5, 6, 7]",93.01580810546875,38.86540412902832,46.44097900390625,141,93.01580810546875,0.0,46.44097900390625,141
2025-07-17T20:32:26.770320,1,2,"[0, 1, 2, 3, 4, 5, 6, 7]",93.01580810546875,38.86540412902832,46.44097900390625,141,93.01580810546875,0.0,46.44097900390625,141
2025-07-17T20:32:26.776816,2,2,"[0, 1, 2, 3, 4, 5, 6, 7]",93.01580810546875,38.86540412902832,46.44097900390625,141,93.01580810546875,0.0,46.44097900390625,141
2025-07-17T20:32:26.784077,3,2,"[0, 1, 2, 3, 4, 5, 6, 7]",93.01580810546875,38.86540412902832,46.44097900390625,141,93.01580810546875,0.0,46.44097900390625,141
2025-07-17T20:32:26.792728,4,2,"[0, 1, 2, 3, 4, 5, 6, 7]",93.01580810546875,38.86540412902832,46.44097900390625,141,93.01580810546875,0.0,46.44097900390625,141
2025-07-17T20:32:26.800313,0,3,"[0, 1, 2, 3, 4, 5, 6, 7]",93.01580810546875,38.86540412902832,46.44097900390625,141,93.01580810546875,0.0,46.44097900390625,141
2025-07-17T20:32:26.807548,1,3,"[0, 1, 2, 3, 4, 5, 6, 7]",93.01580810546875,38.86540412902832,46.44097900390625,141,93.01580810546875,0.0,46.44097900390625,141
2025-07-17T20:32:26.814560,2,3,"[0, 1, 2, 3, 4, 5, 6, 7]",93.01580810546875,38.86540412902832,46.44097900390625,141,93.01580810546875,0.0,46.44097900390625,141
2025-07-17T20:32:26.821926,3,3,"[0, 1, 2, 3, 4, 5, 6, 7]",93.01580810546875,38.86540412902832,46.44097900390625,141,93.01580810546875,0.0,46.44097900390625,141
2025-07-17T20:32:26.829188,4,3,"[0, 1, 2, 3, 4, 5, 6, 7]",93.01580810546875,38.86540412902832,46.44097900390625,141,93.01580810546875,0.0,46.44097900390625,141
2025-07-17T20:32:26.835776,0,4,"[0, 1, 2, 3, 4, 5, 6, 7]",93.01580810546875,38.86540412902832,46.44097900390625,141,93.01580810546875,0.0,46.44097900390625,141
2025-07-17T20:32:26.842754,1,4,"[0, 1, 2, 3, 4, 5, 6, 7]",93.01580810546875,38.86540412902832,46.44097900390625,141,93.01580810546875,0.0,46.44097900390625,141
2025-07-17T20:32:26.849305,2,4,"[0, 1, 2, 3, 4, 5, 6, 7]",93.01580810546875,38.86540412902832,46.44097900390625,141,93.01580810546875,0.0,46.44097900390625,141
2025-07-17T20:32:26.856309,3,4,"[0, 1, 2, 3, 4, 5, 6, 7]",93.01580810546875,38.86540412902832,46.44097900390625,141,93.01580810546875,0.0,46.44097900390625,141
2025-07-17T20:32:26.863209,4,4,"[0, 1, 2, 3, 4, 5, 6, 7]",93.01580810546875,38.86540412902832,46.44097900390625,141,93.01580810546875,0.0,46.44097900390625,141
2025-07-17T20:32:26.870114,0,5,"[0, 1, 2, 3, 4, 5, 6, 7]",93.01580810546875,38.86540412902832,46.44097900390625,141,93.01580810546875,0.0,46.44097900390625,141
2025-07-17T20:32:26.877665,1,5,"[0, 1, 2, 3, 4, 6, 7]",93.01580810546875,38.86540412902832,46.44097900390625,141,93.01580810546875,0.0,46.44097900390625,141
2025-07-17T20:32:26.885920,2,5,"[0, 1, 2, 3, 4, 5, 6, 7]",93.01580810546875,38.86540412902832,46.44097900390625,141,93.01580810546875,0.0,46.44097900390625,141
2025-07-17T20:32:26.888547,3,5,"[0, 1, 2, 3, 4, 6, 7]",93.01580810546875,38.86540412902832,46.44097900390625,141,93.01580810546875,0.0,46.44097900390625,141
2025-07-17T20:32:26.897094,4,5,"[0, 1, 2, 3, 4, 6, 7]",93.01580810546875,38.86540412902832,46.44097900390625,141,93.01580810546875,0.0,46.44097900390625,141
2025-07-17T20:32:26.910220,0,6,"[0, 1, 2, 3, 4, 5, 6, 7]",93.01580810546875,38.86540412902832,46.44097900390625,141,93.01580810546875,0.0,46.44097900390625,141
2025-07-17T20:32:26.912508,1,6,"[0, 1, 2, 3, 4, 5, 6, 7]",93.01580810546875,38.86540412902832,46.44097900390625,141,93.01580810546875,0.0,46.44097900390625,141
2025-07-17T20:32:26.919842,2,6,"[0, 1, 2, 3, 4, 5, 6, 7]",93.01580810546875,38.86540412902832,46.44097900390625,141,93.01580810546875,0.0,46.44097900390625,141
2025-07-17T20:32:26.933231,3,6,"[0, 1, 2, 3, 4, 5, 6, 7]",93.01580810546875,38.86540412902832,46.44097900390625,141,93.01580810546875,0.0,46.44097900390625,141
2025-07-17T20:32:26.936504,4,6,"[0, 1, 2, 3, 4, 5, 6, 7]",93.01580810546875,38.86540412902832,46.44097900390625,141,93.01580810546875,0.0,46.44097900390625,141
2025-07-17T20:32:26.942773,0,7,"[0, 1, 2, 3, 4, 5, 6, 7]",93.01580810546875,38.86540412902832,46.44097900390625,141,93.01580810546875,0.0,46.44097900390625,141
2025-07-17T20:32:26.949328,1,7,"[0, 2, 3, 4, 5, 6, 7]",93.01580810546875,38.86540412902832,46.44097900390625,141,93.01580810546875,0.0,46.44097900390625,141
2025-07-17T20:32:26.957158,2,7,"[0, 1, 2, 3, 4, 5, 6, 7]",93.01580810546875,38.86540412902832,46.44097900390625,141,93.01580810546875,0.0,46.44097900390625,141
2025-07-17T20:32:26.963805,3,7,"[0, 2, 3, 4, 5, 6, 7]",93.01580810546875,38.86540412902832,46.44097900390625,141,93.01580810546875,0.0,46.44097900390625,141
2025-07-17T20:32:26.970301,4,7,"[0, 2, 3, 4, 5, 6, 7]",93.01580810546875,38.86540412902832,46.44097900390625,141,93.01580810546875,0.0,46.44097900390625,141
2025-07-17T20:32:26.976855,0,8,"[0, 1, 2, 3, 4, 5, 6, 7]",93.01580810546875,38.86540412902832,46.44097900390625,141,93.01580810546875,0.0,46.44097900390625,141
2025-07-17T20:32:26.984959,1,8,"[0, 1, 2, 3, 4, 5, 6, 7]",93.01580810546875,38.86540412902832,46.44097900390625,141,93.01580810546875,0.0,46.44097900390625,141
2025-07-17T20:32:26.993089,2,8,"[0, 1, 2, 3, 4, 5, 6, 7]",93.01580810546875,38.86540412902832,46.44097900390625,141,93.01580810546875,0.0,46.44097900390625,141
2025-07-17T20:32:27.000318,3,8,"[0, 1, 2, 3, 4, 5, 6, 7]",93.01580810546875,38.86540412902832,46.44097900390625,141,93.01580810546875,0.0,46.44097900390625,141
2025-07-17T20:32:27.011864,4,8,"[0, 1, 2, 3, 4, 5, 6, 7]",93.01580810546875,38.86540412902832,46.44097900390625,141,93.01580810546875,0.0,46.44097900390625,141
2025-07-17T20:32:27.018593,0,9,"[0, 1, 2, 3, 4, 5, 6, 7]",93.01580810546875,38.86540412902832,46.44097900390625,141,93.01580810546875,0.0,46.44097900390625,141
2025-07-17T20:32:27.025529,1,9,"[0, 1, 2, 4, 5, 6, 7]",93.01580810546875,38.86540412902832,46.44097900390625,141,93.01580810546875,0.0,46.44097900390625,141
2025-07-17T20:32:27.032164,2,9,"[0, 1, 2, 3, 4, 5, 6, 7]",93.01580810546875,38.86540412902832,46.44097900390625,141,93.01580810546875,0.0,46.44097900390625,141
2025-07-17T20:32:27.039183,3,9,"[0, 1, 2, 4, 5, 6, 7]",93.01580810546875,38.86540412902832,46.44097900390625,141,93.01580810546875,0.0,46.44097900390625,141
2025-07-17T20:32:27.046566,4,9,"[0, 1, 2, 4, 5, 6, 7]",93.01580810546875,38.86540412902832,46.44097900390625,141,93.01580810546875,0.0,46.44097900390625,141
2025-07-17T20:32:27.054008,0,10,"[0, 1, 2, 3, 4, 5, 6, 7]",93.01580810546875,38.86540412902832,46.44097900390625,141,93.01580810546875,0.0,46.44097900390625,141
2025-07-17T20:32:27.062099,1,10,"[0, 1, 2, 3, 4, 5, 7]",93.01580810546875,38.86540412902832,46.44097900390625,141,93.01580810546875,0.0,46.44097900390625,141
2025-07-17T20:32:27.068825,2,10,"[0, 1, 2, 3, 4, 5, 6, 7]",93.01580810546875,38.86540412902832,46.44097900390625,141,93.01580810546875,0.0,46.44097900390625,141
2025-07-17T20:32:27.075410,3,10,"[0, 1, 2, 3, 4, 5, 7]",93.01580810546875,38.86540412902832,46.44097900390625,141,93.01580810546875,0.0,46.44097900390625,141
2025-07-17T20:32:27.082057,4,10,"[0, 1, 2, 3, 4, 5, 7]",93.01580810546875,38.86540412902832,46.44097900390625,141,93.01580810546875,0.0,46.44097900390625,141
2025-07-17T20:32:27.088960,0,11,"[0, 1, 2, 3, 4, 5, 6, 7]",93.01580810546875,38.86540412902832,46.44097900390625,141,93.01580810546875,0.0,46.44097900390625,141
2025-07-17T20:32:27.095752,1,11,"[0, 1, 2, 3, 4, 5, 6, 7]",93.01580810546875,38.86540412902832,46.44097900390625,141,93.01580810546875,0.0,46.44097900390625,141
2025-07-17T20:32:27.102845,2,11,"[0, 1, 2, 3, 4, 5, 6, 7]",93.01580810546875,38.86540412902832,46.44097900390625,141,93.01580810546875,0.0,46.44097900390625,141
2025-07-17T20:32:27.109860,3,11,"[0, 1, 2, 3, 4, 5, 6, 7]",93.01580810546875,38.86540412902832,46.44097900390625,141,93.01580810546875,0.0,46.44097900390625,141
2025-07-17T20:32:27.117306,4,11,"[0, 1, 2, 3, 4, 5, 6, 7]",93.01580810546875,38.86540412902832,46.44097900390625,141,93.01580810546875,0.0,46.44097900390625,141
2025-07-17T20:32:27.124822,0,12,"[0, 1, 2, 3, 4, 5, 6, 7]",93.01580810546875,38.86540412902832,46.44097900390625,141,93.01580810546875,0.0,46.44097900390625,141
2025-07-17T20:32:27.132260,1,12,"[0, 1, 2, 3, 5, 6, 7]",93.01580810546875,38.86482238769531,46.44097900390625,141,93.01580810546875,0.0,46.44097900390625,141
2025-07-17T20:32:27.140232,2,12,"[0, 1, 2, 3, 4, 5, 6, 7]",93.01580810546875,38.86482238769531,46.44097900390625,141,93.01580810546875,0.0,46.44097900390625,141
2025-07-17T20:32:27.147385,3,12,"[0, 1, 2, 3, 5, 6, 7]",93.01580810546875,38.86456489562988,46.44097900390625,141,93.01580810546875,0.0,46.44097900390625,141
2025-07-17T20:32:27.154399,4,12,"[0, 1, 2, 3, 5, 6, 7]",93.01580810546875,38.86456489562988,46.44097900390625,141,93.01580810546875,0.0,46.44097900390625,141
2025-07-17T20:32:27.161181,0,13,"[0, 1, 2, 3, 4, 5, 6, 7]",93.01580810546875,38.86456489562988,46.44097900390625,141,93.01580810546875,0.0,46.44097900390625,141
2025-07-17T20:32:27.168002,1,13,"[1, 2, 3, 4, 5, 7]",93.01580810546875,38.86540412902832,46.44097900390625,141,93.01580810546875,0.0,46.44097900390625,141
2025-07-17T20:32:27.175211,2,13,"[0, 1, 2, 3, 4, 5, 6, 7]",93.01580810546875,38.86540412902832,46.44097900390625,141,93.01580810546875,0.0,46.44097900390625,141
2025-07-17T20:32:27.182577,3,13,"[1, 2, 3, 4, 5, 7]",93.01580810546875,38.86540412902832,46.44097900390625,141,93.01580810546875,0.0,46.44097900390625,141
2025-07-17T20:32:27.189689,4,13,"[1, 2, 3, 4, 5, 7]",93.01580810546875,38.86540412902832,46.44097900390625,141,93.01580810546875,0.0,46.44097900390625,141
2025-07-17T20:32:27.196240,0,14,"[0, 1, 2, 3, 4, 5, 6, 7]",93.01580810546875,38.86540412902832,46.44097900390625,141,93.01580810546875,0.0,46.44097900390625,141
2025-07-17T20:32:27.207479,1,14,"[0, 1, 2, 3, 4, 5, 6]",93.01580810546875,38.86456489562988,46.44097900390625,141,93.01580810546875,0.0,46.44097900390625,141
2025-07-17T20:32:27.215123,2,14,"[0, 1, 2, 3, 4, 5, 6, 7]",93.01580810546875,38.86456489562988,46.44097900390625,141,93.01580810546875,0.0,46.44097900390625,141
2025-07-17T20:32:27.218182,3,14,"[0, 1, 2, 3, 4, 5, 6]",93.01580810546875,38.86456489562988,46.44097900390625,141,93.01580810546875,0.0,46.44097900390625,141
2025-07-17T20:32:27.229224,4,14,"[0, 1, 2, 3, 4, 5, 6]",93.01580810546875,38.86456489562988,46.44097900390625,141,93.01580810546875,0.0,46.44097900390625,141
2025-07-17T20:32:27.235654,0,15,"[0, 1, 2, 3, 4, 5, 6, 7]",93.01580810546875,38.86456489562988,46.44097900390625,141,93.01580810546875,0.0,46.44097900390625,141
2025-07-17T20:32:27.246606,1,15,"[0, 1, 2, 3, 4, 5, 6, 7]",93.01580810546875,38.86540412902832,46.44097900390625,141,93.01580810546875,0.0,46.44097900390625,141
2025-07-17T20:32:27.253832,2,15,"[0, 1, 2, 3, 4, 5, 6, 7]",93.01580810546875,38.86540412902832,46.44097900390625,141,93.01580810546875,0.0,46.44097900390625,141
2025-07-17T20:32:27.260421,3,15,"[0, 1, 2, 3, 4, 5, 6, 7]",93.01580810546875,38.86540412902832,46.44097900390625,141,93.01580810546875,0.0,46.44097900390625,141
2025-07-17T20:32:27.266983,4,15,"[0, 1, 2, 3, 4, 5, 6, 7]",93.01580810546875,38.86540412902832,46.44097900390625,141,93.01580810546875,0.0,46.44097900390625,141
2025-07-17T20:32:27.273758,0,16,"[0, 1, 2, 3, 4, 5, 6, 7]",93.01580810546875,38.86540412902832,46.44097900390625,141,93.01580810546875,0.0,46.44097900390625,141
2025-07-17T20:32:27.280601,1,16,"[0, 2, 3, 4, 5, 6, 7]",93.01580810546875,38.86540412902832,46.44097900390625,141,93.01580810546875,0.0,46.44097900390625,141
2025-07-17T20:32:27.289673,2,16,"[0, 1, 2, 3, 4, 5, 6, 7]",93.01580810546875,38.86540412902832,46.44097900390625,141,93.01580810546875,0.0,46.44097900390625,141
2025-07-17T20:32:27.296442,3,16,"[0, 2, 3, 4, 5, 6, 7]",93.01580810546875,38.86482238769531,46.44097900390625,141,93.01580810546875,0.0,46.44097900390625,141
2025-07-17T20:32:27.304053,4,16,"[0, 2, 3, 4, 5, 6, 7]",93.01580810546875,38.86482238769531,46.44097900390625,141,93.01580810546875,0.0,46.44097900390625,141
2025-07-17T20:32:27.311395,0,17,"[0, 1, 2, 3, 4, 5, 6, 7]",93.01580810546875,38.86482238769531,46.44097900390625,141,93.01580810546875,0.0,46.44097900390625,141
2025-07-17T20:32:27.318733,1,17,"[1, 2, 3, 4, 5, 6, 7]",93.01580810546875,38.86456489562988,46.44097900390625,141,93.01580810546875,0.0,46.44097900390625,141
2025-07-17T20:32:27.326367,2,17,"[0, 1, 2, 3, 4, 5, 6, 7]",93.01580810546875,38.86540412902832,46.44097900390625,141,93.01580810546875,0.0,46.44097900390625,141
2025-07-17T20:32:27.333587,3,17,"[1, 2, 3, 4, 5, 6, 7]",93.01580810546875,38.86540412902832,46.44097900390625,141,93.01580810546875,0.0,46.44097900390625,141
2025-07-17T20:32:27.341123,4,17,"[1, 2, 3, 4, 5, 6, 7]",93.01580810546875,38.86540412902832,46.44097900390625,141,93.01580810546875,0.0,46.44097900390625,141
2025-07-17T20:32:27.348257,0,18,"[0, 1, 2, 3, 4, 5, 6, 7]",93.01580810546875,38.86482238769531,46.44097900390625,141,93.01580810546875,0.0,46.44097900390625,141
2025-07-17T20:32:27.354942,1,18,"[0, 1, 2, 3, 4, 5, 6, 7]",93.01580810546875,38.86482238769531,46.44097900390625,141,93.01580810546875,0.0,46.44097900390625,141
2025-07-17T20:32:27.361877,2,18,"[0, 1, 2, 3, 4, 5, 6, 7]",93.01580810546875,38.86456489562988,46.44097900390625,141,93.01580810546875,0.0,46.44097900390625,141
2025-07-17T20:32:27.368630,3,18,"[0, 1, 2, 3, 4, 5, 6, 7]",93.01580810546875,38.86456489562988,46.44097900390625,141,93.01580810546875,0.0,46.44097900390625,141
2025-07-17T20:32:27.375307,4,18,"[0, 1, 2, 3, 4, 5, 6, 7]",93.01580810546875,38.86540412902832,46.44097900390625,141,93.01580810546875,0.0,46.44097900390625,141
2025-07-17T20:32:27.382959,0,19,"[0, 1, 2, 3, 4, 5, 6, 7]",93.01580810546875,38.86540412902832,46.44097900390625,141,93.01580810546875,0.0,46.44097900390625,141
2025-07-17T20:32:27.389856,1,19,"[0, 1, 2, 3, 4, 5, 6, 7]",93.01580810546875,38.86540412902832,46.44097900390625,141,93.01580810546875,0.0,46.44097900390625,141
2025-07-17T20:32:27.397041,2,19,"[0, 1, 2, 3, 4, 5, 6, 7]",93.01580810546875,38.86540412902832,46.44097900390625,141,93.01580810546875,0.0,46.44097900390625,141
2025-07-17T20:32:27.405402,3,19,"[0, 1, 2, 3, 4, 5, 6, 7]",93.01580810546875,38.86540412902832,46.44097900390625,141,93.01580810546875,0.0,46.44097900390625,141
2025-07-17T20:32:27.412866,4,19,"[0, 1, 2, 3, 4, 5, 6, 7]",93.01580810546875,38.86540412902832,46.44097900390625,141,93.01580810546875,0.0,46.44097900390625,141
2025-07-17T20:32:27.420684,0,20,"[0, 1, 2, 3, 4, 5, 6, 7]",93.01580810546875,38.86540412902832,46.44097900390625,141,93.01580810546875,0.0,46.44097900390625,141
2025-07-17T20:32:27.428068,1,20,"[0, 1, 2, 3, 4, 5, 6, 7]",93.01580810546875,38.86540412902832,46.44097900390625,141,93.01580810546875,0.0,46.44097900390625,141
2025-07-17T20:32:27.435009,2,20,"[0, 1, 2, 3, 4, 5, 6, 7]",93.01580810546875,38.86540412902832,46.44097900390625,141,93.01580810546875,0.0,46.44097900390625,141
2025-07-17T20:32:27.441960,3,20,"[0, 1, 2, 3, 4, 5, 6, 7]",93.01580810546875,38.86540412902832,46.44097900390625,141,93.01580810546875,0.0,46.44097900390625,141
2025-07-17T20:32:27.449161,4,20,"[0, 1, 2, 3, 4, 5, 6, 7]",93.01580810546875,38.86540412902832,46.44097900390625,141,93.01580810546875,0.0,46.44097900390625,141
2025-07-17T20:32:27.456957,0,21,"[0, 1, 2, 3, 4, 5, 6, 7]",93.01580810546875,38.86540412902832,46.44097900390625,141,93.01580810546875,0.0,46.44097900390625,141
2025-07-17T20:32:27.460080,1,21,"[0, 1, 2, 3, 4, 5, 7]",93.01580810546875,38.86540412902832,46.44097900390625,141,93.01580810546875,0.0,46.44097900390625,141
2025-07-17T20:32:27.467618,2,21,"[0, 1, 2, 3, 4, 5, 6, 7]",93.01580810546875,38.86540412902832,46.44097900390625,141,93.01580810546875,0.0,46.44097900390625,141
2025-07-17T20:32:27.475641,3,21,"[0, 1, 2, 3, 4, 5, 7]",93.01580810546875,38.86540412902832,46.44097900390625,141,93.01580810546875,0.0,46.44097900390625,141
2025-07-17T20:32:27.482845,4,21,"[0, 1, 2, 3, 4, 5, 7]",93.01580810546875,38.86540412902832,46.44097900390625,141,93.01580810546875,0.0,46.44097900390625,141
2025-07-17T20:32:27.495914,0,22,"[0, 1, 2, 3, 4, 5, 6, 7]",93.01580810546875,38.86540412902832,46.44097900390625,141,93.01580810546875,0.0,46.44097900390625,141
2025-07-17T20:32:27.497899,1,22,"[0, 1, 2, 3, 4, 5, 6, 7]",93.01580810546875,38.86540412902832,46.44097900390625,141,93.01580810546875,0.0,46.44097900390625,141
2025-07-17T20:32:27.504747,2,22,"[0, 1, 2, 3, 4, 5, 6, 7]",93.01580810546875,38.86540412902832,46.44097900390625,141,93.01580810546875,0.0,46.44097900390625,141
2025-07-17T20:32:27.512057,3,22,"[0, 1, 2, 3, 4, 5, 6, 7]",93.01580810546875,38.86540412902832,46.44097900390625,141,93.01580810546875,0.0,46.44097900390625,141
2025-07-17T20:32:27.519138,4,22,"[0, 1, 2, 3, 4, 5, 6, 7]",93.01580810546875,38.86540412902832,46.44097900390625,141,93.01580810546875,0.0,46.44097900390625,141
2025-07-17T20:32:27.525378,0,23,"[0, 1, 2, 3, 4, 5, 6, 7]",93.01580810546875,38.86540412902832,46.44097900390625,141,93.01580810546875,0.0,46.44097900390625,141
2025-07-17T20:32:27.535007,1,23,"[0, 1, 2, 3, 4, 5, 6, 7]",93.01580810546875,38.86540412902832,46.44097900390625,141,93.01580810546875,0.0,46.44097900390625,141
2025-07-17T20:32:27.548268,2,23,"[0, 1, 2, 3, 4, 5, 6, 7]",93.01580810546875,38.86540412902832,46.44097900390625,141,93.01580810546875,0.0,46.44097900390625,141
2025-07-17T20:32:27.550709,3,23,"[0, 1, 2, 3, 4, 5, 6, 7]",93.01580810546875,38.86540412902832,46.44097900390625,141,93.01580810546875,0.0,46.44097900390625,141
2025-07-17T20:32:27.557988,4,23,"[0, 1, 2, 3, 4, 5, 6, 7]",93.01580810546875,38.86540412902832,46.44097900390625,141,93.01580810546875,0.0,46.44097900390625,141
2025-07-17T20:32:27.565807,0,24,"[0, 1, 2, 3, 4, 5, 6, 7]",93.01580810546875,38.86540412902832,46.44097900390625,141,93.01580810546875,0.0,46.44097900390625,141
2025-07-17T20:32:27.572846,1,24,"[0, 1, 2, 3, 4, 5, 6, 7]",93.01580810546875,38.86540412902832,46.44097900390625,141,93.01580810546875,0.0,46.44097900390625,141
2025-07-17T20:32:27.584822,2,24,"[0, 1, 2, 3, 4, 5, 6, 7]",93.01580810546875,38.86540412902832,46.44097900390625,141,93.01580810546875,0.0,46.44097900390625,141
2025-07-17T20:32:27.587030,3,24,"[0, 1, 2, 3, 4, 5, 6, 7]",93.01580810546875,38.86540412902832,46.44097900390625,141,93.01580810546875,0.0,46.44097900390625,141
2025-07-17T20:32:27.594903,4,24,"[0, 1, 2, 3, 4, 5, 6, 7]",93.01580810546875,38.86540412902832,46.44097900390625,141,93.01580810546875,0.0,46.44097900390625,141
2025-07-17T20:32:27.601754,0,25,"[0, 1, 2, 3, 4, 5, 6, 7]",93.01580810546875,38.86540412902832,46.44097900390625,141,93.01580810546875,0.0,46.44097900390625,141
2025-07-17T20:32:27.608512,1,25,"[0, 1, 2, 3, 4, 5, 6, 7]",93.01580810546875,38.86540412902832,46.44097900390625,141,93.01580810546875,0.0,46.44097900390625,141
2025-07-17T20:32:27.617108,2,25,"[0, 1, 2, 3, 4, 5, 6, 7]",93.01580810546875,38.86540412902832,46.44097900390625,141,93.01580810546875,0.0,46.44097900390625,141
2025-07-17T20:32:27.623782,3,25,"[0, 1, 2, 3, 4, 5, 6, 7]",93.01580810546875,38.86540412902832,46.44097900390625,141,93.01580810546875,0.0,46.44097900390625,141
2025-07-17T20:32:27.635868,4,25,"[0, 1, 2, 3, 4, 5, 6, 7]",93.01580810546875,38.86540412902832,46.44097900390625,141,93.01580810546875,0.0,46.44097900390625,141
2025-07-17T20:32:27.638115,0,26,"[0, 1, 2, 3, 4, 5, 6, 7]",93.01580810546875,38.86540412902832,46.44097900390625,141,93.01580810546875,0.0,46.44097900390625,141
2025-07-17T20:32:27.650845,1,26,"[0, 1, 2, 3, 4, 6, 7]",93.01580810546875,38.86540412902832,46.44097900390625,141,93.01580810546875,0.0,46.44097900390625,141
2025-07-17T20:32:27.653170,2,26,"[0, 1, 2, 3, 4, 5, 6, 7]",93.01580810546875,38.86540412902832,46.44097900390625,141,93.01580810546875,0.0,46.44097900390625,141
2025-07-17T20:32:27.659560,3,26,"[0, 1, 2, 3, 4, 6, 7]",93.01580810546875,38.86540412902832,46.44097900390625,141,93.01580810546875,0.0,46.44097900390625,141
2025-07-17T20:32:27.666115,4,26,"[0, 1, 2, 3, 4, 6, 7]",93.01580810546875,38.86540412902832,46.44097900390625,141,93.01580810546875,0.0,46.44097900390625,141
2025-07-17T20:32:27.673538,0,27,"[0, 1, 2, 3, 4, 5, 6, 7]",93.01580810546875,38.86540412902832,46.44097900390625,141,93.01580810546875,0.0,46.44097900390625,141
2025-07-17T20:32:27.680736,1,27,"[0, 1, 2, 3, 4, 5, 6, 7]",93.01580810546875,38.86540412902832,46.44097900390625,141,93.01580810546875,0.0,46.44097900390625,141
2025-07-17T20:32:27.692424,2,27,"[0, 1, 2, 3, 4, 5, 6, 7]",93.01580810546875,38.86540412902832,46.44097900390625,141,93.01580810546875,0.0,46.44097900390625,141
2025-07-17T20:32:27.700981,3,27,"[0, 1, 2, 3, 4, 5, 6, 7]",93.01580810546875,38.86540412902832,46.44097900390625,141,93.01580810546875,0.0,46.44097900390625,141
2025-07-17T20:32:27.703701,4,27,"[0, 1, 2, 3, 4, 5, 6, 7]",93.01580810546875,38.86540412902832,46.44097900390625,141,93.01580810546875,0.0,46.44097900390625,141
2025-07-17T20:32:27.709968,0,28,"[0, 1, 2, 3, 4, 5, 6, 7]",93.01580810546875,38.86540412902832,46.44097900390625,141,93.01580810546875,0.0,46.44097900390625,141
2025-07-17T20:32:27.716238,1,28,"[0, 1, 2, 3, 4, 5, 6, 7]",93.01580810546875,38.86540412902832,46.44097900390625,141,93.01580810546875,0.0,46.44097900390625,141
2025-07-17T20:32:27.722735,2,28,"[0, 1, 2, 3, 4, 5, 6, 7]",93.01580810546875,38.86540412902832,46.44097900390625,141,93.01580810546875,0.0,46.44097900390625,141
2025-07-17T20:32:27.734838,3,28,"[0, 1, 2, 3, 4, 5, 6, 7]",93.01580810546875,38.86540412902832,46.44097900390625,141,93.01580810546875,0.0,46.44097900390625,141
2025-07-17T20:32:27.736958,4,28,"[0, 1, 2, 3, 4, 5, 6, 7]",93.01580810546875,38.86540412902832,46.44097900390625,141,93.01580810546875,0.0,46.44097900390625,141
2025-07-17T20:32:27.744223,0,29,"[0, 1, 2, 3, 4, 5, 6, 7]",93.01580810546875,38.86540412902832,46.44097900390625,141,93.01580810546875,0.0,46.44097900390625,141
2025-07-17T20:32:27.751876,1,29,"[0, 1, 2, 3, 4, 5, 6, 7]",93.01580810546875,38.86540412902832,46.44097900390625,141,93.01580810546875,0.0,46.44097900390625,141
2025-07-17T20:32:27.758427,2,29,"[0, 1, 2, 3, 4, 5, 6, 7]",93.01580810546875,38.86540412902832,46.44097900390625,141,93.01580810546875,0.0,46.44097900390625,141
2025-07-17T20:32:27.765066,3,29,"[0, 1, 2, 3, 4, 5, 6, 7]",93.01580810546875,38.86540412902832,46.44097900390625,141,93.01580810546875,0.0,46.44097900390625,141
2025-07-17T20:32:27.772035,4,29,"[0, 1, 2, 3, 4, 5, 6, 7]",93.01580810546875,38.86540412902832,46.44097900390625,141,93.01580810546875,0.0,46.44097900390625,141
2025-07-17T20:32:27.778673,0,30,"[0, 1, 2, 3, 4, 5, 6, 7]",93.01580810546875,38.86540412902832,46.44097900390625,141,93.01580810546875,0.0,46.44097900390625,141
2025-07-17T20:32:27.785531,1,30,"[0, 1, 2, 3, 4, 5, 6, 7]",93.01580810546875,38.86540412902832,46.44097900390625,141,93.01580810546875,0.0,46.44097900390625,141
2025-07-17T20:32:27.792367,2,30,"[0, 1, 2, 3, 4, 5, 6, 7]",93.01580810546875,38.86540412902832,46.44097900390625,141,93.01580810546875,0.0,46.44097900390625,141
2025-07-17T20:32:27.798848,3,30,"[0, 1, 2, 3, 4, 5, 6, 7]",93.01580810546875,38.86540412902832,46.44097900390625,141,93.01580810546875,0.0,46.44097900390625,141
2025-07-17T20:32:27.806831,4,30,"[0, 1, 2, 3, 4, 5, 6, 7]",93.01580810546875,38.86540412902832,46.44097900390625,141,93.01580810546875,0.0,46.44097900390625,141
2025-07-17T20:32:27.813348,0,31,"[0, 1, 2, 3, 4, 5, 6, 7]",93.01580810546875,38.87287998199463,46.44097900390625,141,93.01580810546875,0.0,46.44097900390625,141
2025-07-17T20:32:27.822064,1,31,"[0, 1, 2, 3, 4, 5, 6, 7]",93.01580810546875,38.86967182159424,46.44097900390625,141,93.01580810546875,0.0,46.44097900390625,141
2025-07-17T20:32:27.830571,2,31,"[0, 1, 2, 3, 4, 5, 6, 7]",93.01580810546875,38.86646366119385,46.44097900390625,141,93.01580810546875,0.0,46.44097900390625,141
2025-07-17T20:32:27.838811,3,31,"[0, 1, 2, 3, 4, 5, 6, 7]",93.01580810546875,38.863837242126465,46.44097900390625,141,93.01580810546875,0.0,46.44097900390625,141
2025-07-17T20:32:27.846982,4,31,"[0, 1, 2, 3, 4, 5, 6, 7]",93.01580810546875,38.86002254486084,46.44097900390625,141,93.01580810546875,0.0,46.44097900390625,141
2025-07-17T20:32:27.858366,0,0,"[0, 1, 2, 3, 4, 5, 6, 7]",93.01580810546875,38.85531425476074,46.44097900390625,141,93.01580810546875,0.0,46.44097900390625,141
2025-07-17T20:32:27.871365,1,0,"[0, 1, 2, 3, 4, 5, 6, 7]",93.01580810546875,38.85852241516113,46.44097900390625,141,93.01580810546875,0.0,46.44097900390625,141
2025-07-17T20:32:27.874160,2,0,"[0, 1, 2, 3, 4, 5, 6, 7]",93.01580810546875,38.86149787902832,46.44097900390625,141,93.01580810546875,0.0,46.44097900390625,141
2025-07-17T20:32:27.882759,3,0,"[0, 1, 2, 3, 4, 5, 6, 7]",93.01580810546875,38.86438179016113,46.44097900390625,141,93.01580810546875,0.0,46.44097900390625,141
2025-07-17T20:32:27.890737,4,0,"[0, 1, 2, 3, 4, 5, 6, 7]",93.01580810546875,38.86540412902832,46.44097900390625,141,93.01580810546875,0.0,46.44097900390625,141
2025-07-17T20:32:27.898090,0,1,"[0, 1, 2, 3, 4, 5, 6, 7]",93.01580810546875,38.86540412902832,46.44097900390625,141,93.01580810546875,0.0,46.44097900390625,141
2025-07-17T20:32:27.904873,1,1,"[0, 1, 2, 3, 4, 5, 6, 7]",93.01580810546875,38.86540412902832,46.44097900390625,141,93.01580810546875,0.0,46.44097900390625,141
2025-07-17T20:32:27.911297,2,1,"[0, 1, 2, 3, 4, 5, 6, 7]",93.01580810546875,38.86540412902832,46.44097900390625,141,93.01580810546875,0.0,46.44097900390625,141
2025-07-17T20:32:27.922818,3,1,"[0, 1, 2, 3, 4, 5, 6, 7]",93.01580810546875,38.86540412902832,46.44097900390625,141,93.01580810546875,0.0,46.44097900390625,141
2025-07-17T20:32:27.925251,4,1,"[0, 1, 2, 3, 4, 5, 6, 7]",93.01580810546875,38.86540412902832,46.44097900390625,141,93.01580810546875,0.0,46.44097900390625,141
2025-07-17T20:32:27.932644,0,2,"[0, 1, 2, 3, 4, 5, 6, 7]",93.01580810546875,38.86540412902832,46.44097900390625,141,93.01580810546875,0.0,46.44097900390625,141
2025-07-17T20:32:27.941108,1,2,"[0, 1, 2, 3, 4, 5, 6, 7]",93.01580810546875,38.86540412902832,46.44097900390625,141,93.01580810546875,0.0,46.44097900390625,141
2025-07-17T20:32:27.948052,2,2,"[0, 1, 2, 3, 4, 5, 6, 7]",93.01580810546875,38.86540412902832,46.44097900390625,141,93.01580810546875,0.0,46.44097900390625,141
2025-07-17T20:32:27.960037,3,2,"[0, 1, 2, 3, 4, 5, 6, 7]",93.01580810546875,38.86540412902832,46.44097900390625,141,93.01580810546875,0.0,46.44097900390625,141
2025-07-17T20:32:27.967434,4,2,"[0, 1, 2, 3, 4, 5, 6, 7]",93.01580810546875,38.86540412902832,46.44097900390625,141,93.01580810546875,0.0,46.44097900390625,141
2025-07-17T20:32:27.970495,0,3,"[0, 1, 2, 3, 4, 5, 6, 7]",93.01580810546875,38.86540412902832,46.44097900390625,141,93.01580810546875,0.0,46.44097900390625,141
2025-07-17T20:32:27.977424,1,3,"[0, 1, 2, 3, 4, 5, 6, 7]",93.01580810546875,38.86540412902832,46.44097900390625,141,93.01580810546875,0.0,46.44097900390625,141
2025-07-17T20:32:27.989456,2,3,"[0, 1, 2, 3, 4, 5, 6, 7]",93.01580810546875,38.86540412902832,46.44097900390625,141,93.01580810546875,0.0,46.44097900390625,141
2025-07-17T20:32:27.991923,3,3,"[0, 1, 2, 3, 4, 5, 6, 7]",93.01580810546875,38.86540412902832,46.44097900390625,141,93.01580810546875,0.0,46.44097900390625,141
2025-07-17T20:32:27.998310,4,3,"[0, 1, 2, 3, 4, 5, 6, 7]",93.01580810546875,38.86540412902832,46.44097900390625,141,93.01580810546875,0.0,46.44097900390625,141
2025-07-17T20:32:28.006001,0,4,"[0, 1, 2, 3, 4, 5, 6, 7]",93.01580810546875,38.86540412902832,46.44097900390625,141,93.01580810546875,0.0,46.44097900390625,141
2025-07-17T20:32:28.013034,1,4,"[0, 1, 2, 3, 4, 5, 6, 7]",93.01580810546875,38.86540412902832,46.44097900390625,141,93.01580810546875,0.0,46.44097900390625,141
2025-07-17T20:32:28.020382,2,4,"[0, 1, 2, 3, 4, 5, 6, 7]",93.01580810546875,38.86540412902832,46.44097900390625,141,93.01580810546875,0.0,46.44097900390625,141
2025-07-17T20:32:28.027341,3,4,"[0, 1, 2, 3, 4, 5, 6, 7]",93.01580810546875,38.86540412902832,46.44097900390625,141,93.01580810546875,0.0,46.44097900390625,141
2025-07-17T20:32:28.034444,4,4,"[0, 1, 2, 3, 4, 5, 6, 7]",93.01580810546875,38.86540412902832,46.44097900390625,141,93.01580810546875,0.0,46.44097900390625,141
2025-07-17T20:32:28.045599,0,5,"[0, 1, 2, 3, 4, 5, 6, 7]",93.01580810546875,38.86540412902832,46.44097900390625,141,93.01580810546875,0.0,46.44097900390625,141
2025-07-17T20:32:28.053795,1,5,"[0, 1, 2, 3, 4, 5, 6, 7]",93.01580810546875,38.86540412902832,46.44097900390625,141,93.01580810546875,0.0,46.44097900390625,141
2025-07-17T20:32:28.061011,2,5,"[0, 1, 2, 3, 4, 5, 6, 7]",93.01580810546875,38.86540412902832,46.44097900390625,141,93.01580810546875,0.0,46.44097900390625,141
2025-07-17T20:32:28.067912,3,5,"[0, 1, 2, 3, 4, 5, 6, 7]",93.01580810546875,38.86540412902832,46.44097900390625,141,93.01580810546875,0.0,46.44097900390625,141
2025-07-17T20:32:28.074888,4,5,"[0, 1, 2, 3, 4, 5, 6, 7]",93.01580810546875,38.86540412902832,46.44097900390625,141,93.01580810546875,0.0,46.44097900390625,141
2025-07-17T20:32:28.081958,0,6,"[0, 1, 2, 3, 4, 5, 6, 7]",93.01580810546875,38.86540412902832,46.44097900390625,141,93.01580810546875,0.0,46.44097900390625,141
2025-07-17T20:32:28.088727,1,6,"[0, 1, 2, 3, 4, 5, 6, 7]",93.01580810546875,38.86540412902832,46.44097900390625,141,93.01580810546875,0.0,46.44097900390625,141
2025-07-17T20:32:28.095482,2,6,"[0, 1, 2, 3, 4, 5, 6, 7]",93.01580810546875,38.86540412902832,46.44097900390625,141,93.01580810546875,0.0,46.44097900390625,141
2025-07-17T20:32:28.103066,3,6,"[0, 1, 2, 3, 4, 5, 6, 7]",93.01580810546875,38.86540412902832,46.44097900390625,141,93.01580810546875,0.0,46.44097900390625,141
2025-07-17T20:32:28.109964,4,6,"[0, 1, 2, 3, 4, 5, 6, 7]",93.01580810546875,38.86540412902832,46.44097900390625,141,93.01580810546875,0.0,46.44097900390625,141
2025-07-17T20:32:28.117805,0,7,"[0, 1, 2, 3, 4, 5, 6, 7]",93.01580810546875,38.86540412902832,46.44097900390625,141,93.01580810546875,0.0,46.44097900390625,141
2025-07-17T20:32:28.124810,1,7,"[0, 1, 2, 3, 4, 5, 6, 7]",93.01580810546875,38.86540412902832,46.44097900390625,141,93.01580810546875,0.0,46.44097900390625,141
2025-07-17T20:32:28.132114,2,7,"[0, 1, 2, 3, 4, 5, 6, 7]",93.01580810546875,38.86540412902832,46.44097900390625,141,93.01580810546875,0.0,46.44097900390625,141
2025-07-17T20:32:28.138957,3,7,"[0, 1, 2, 3, 4, 5, 6, 7]",93.01580810546875,38.86540412902832,46.44097900390625,141,93.01580810546875,0.0,46.44097900390625,141
2025-07-17T20:32:28.146121,4,7,"[0, 1, 2, 3, 4, 5, 6, 7]",93.01580810546875,38.86540412902832,46.44097900390625,141,93.01580810546875,0.0,46.44097900390625,141
2025-07-17T20:32:28.153583,0,8,"[0, 1, 2, 3, 4, 5, 6, 7]",93.01580810546875,38.86540412902832,46.44097900390625,141,93.01580810546875,0.0,46.44097900390625,141
2025-07-17T20:32:28.160967,1,8,"[1, 2, 3, 4, 5, 6, 7]",93.01580810546875,38.86540412902832,46.44097900390625,141,93.01580810546875,0.0,46.44097900390625,141
2025-07-17T20:32:28.168091,2,8,"[0, 1, 2, 3, 4, 5, 6, 7]",93.01580810546875,38.86540412902832,46.44097900390625,141,93.01580810546875,0.0,46.44097900390625,141
2025-07-17T20:32:28.175846,3,8,"[1, 2, 3, 4, 5, 6, 7]",93.01580810546875,38.86540412902832,46.44097900390625,141,93.01580810546875,0.0,46.44097900390625,141
2025-07-17T20:32:28.182614,4,8,"[1, 2, 3, 4, 5, 6, 7]",93.01580810546875,38.86540412902832,46.44097900390625,141,93.01580810546875,0.0,46.44097900390625,141
2025-07-17T20:32:28.189619,0,9,"[0, 1, 2, 3, 4, 5, 6, 7]",93.01580810546875,38.86540412902832,46.44097900390625,141,93.01580810546875,0.0,46.44097900390625,141
2025-07-17T20:32:28.197092,1,9,"[0, 1, 2, 4, 5, 6, 7]",93.01580810546875,38.86540412902832,46.44097900390625,141,93.01580810546875,0.0,46.44097900390625,141
2025-07-17T20:32:28.204169,2,9,"[0, 1, 2, 3, 4, 5, 6, 7]",93.01580810546875,38.86540412902832,46.44097900390625,141,93.01580810546875,0.0,46.44097900390625,141
2025-07-17T20:32:28.210602,3,9,"[0, 1, 2, 4, 5, 6, 7]",93.01580810546875,38.86540412902832,46.44097900390625,141,93.01580810546875,0.0,46.44097900390625,141
2025-07-17T20:32:28.217404,4,9,"[0, 1, 2, 4, 5, 6, 7]",93.01580810546875,38.86540412902832,46.44097900390625,141,93.01580810546875,0.0,46.44097900390625,141
2025-07-17T20:32:28.224443,0,10,"[0, 1, 2, 3, 4, 5, 6, 7]",93.01580810546875,38.86540412902832,46.44097900390625,141,93.01580810546875,0.0,46.44097900390625,141
2025-07-17T20:32:28.232398,1,10,"[0, 1, 2, 3, 4, 5, 7]",93.01580810546875,38.86540412902832,46.44097900390625,141,93.01580810546875,0.0,46.44097900390625,141
2025-07-17T20:32:28.240540,2,10,"[0, 1, 2, 3, 4, 5, 6, 7]",93.01580810546875,38.86540412902832,46.44097900390625,141,93.01580810546875,0.0,46.44097900390625,141
2025-07-17T20:32:28.247652,3,10,"[0, 1, 2, 3, 4, 5, 7]",93.01580810546875,38.86540412902832,46.44097900390625,141,93.01580810546875,0.0,46.44097900390625,141
2025-07-17T20:32:28.255288,4,10,"[0, 1, 2, 3, 4, 5, 7]",93.01580810546875,38.86540412902832,46.44097900390625,141,93.01580810546875,0.0,46.44097900390625,141
2025-07-17T20:32:28.262337,0,11,"[0, 1, 2, 3, 4, 5, 6, 7]",93.01580810546875,38.86540412902832,46.44097900390625,141,93.01580810546875,0.0,46.44097900390625,141
2025-07-17T20:32:28.269104,1,11,"[0, 1, 2, 3, 4, 5, 6, 7]",93.01580810546875,38.86540412902832,46.44097900390625,141,93.01580810546875,0.0,46.44097900390625,141
2025-07-17T20:32:28.276192,2,11,"[0, 1, 2, 3, 4, 5, 6, 7]",93.01580810546875,38.86540412902832,46.44097900390625,141,93.01580810546875,0.0,46.44097900390625,141
2025-07-17T20:32:28.284136,3,11,"[0, 1, 2, 3, 4, 5, 6, 7]",93.01580810546875,38.86540412902832,46.44097900390625,141,93.01580810546875,0.0,46.44097900390625,141
2025-07-17T20:32:28.291271,4,11,"[0, 1, 2, 3, 4, 5, 6, 7]",93.01580810546875,38.86540412902832,46.44097900390625,141,93.01580810546875,0.0,46.44097900390625,141
2025-07-17T20:32:28.298289,0,12,"[0, 1, 2, 3, 4, 5, 6, 7]",93.01580810546875,38.86540412902832,46.44097900390625,141,93.01580810546875,0.0,46.44097900390625,141
2025-07-17T20:32:28.305722,1,12,"[0, 1, 2, 3, 4, 5, 6, 7]",93.01580810546875,38.86540412902832,46.44097900390625,141,93.01580810546875,0.0,46.44097900390625,141
2025-07-17T20:32:28.312603,2,12,"[0, 1, 2, 3, 4, 5, 6, 7]",93.01580810546875,38.86540412902832,46.44097900390625,141,93.01580810546875,0.0,46.44097900390625,141
2025-07-17T20:32:28.319990,3,12,"[0, 1, 2, 3, 4, 5, 6, 7]",93.01580810546875,38.86540412902832,46.44097900390625,141,93.01580810546875,0.0,46.44097900390625,141
2025-07-17T20:32:28.327669,4,12,"[0, 1, 2, 3, 4, 5, 6, 7]",93.01580810546875,38.86540412902832,46.44097900390625,141,93.01580810546875,0.0,46.44097900390625,141
2025-07-17T20:32:28.330510,0,13,"[0, 1, 2, 3, 4, 5, 6, 7]",93.01580810546875,38.86540412902832,46.44097900390625,141,93.01580810546875,0.0,46.44097900390625,141
2025-07-17T20:32:28.342152,1,13,"[0, 1, 2, 3, 5, 7]",93.01580810546875,38.86540412902832,46.44097900390625,141,93.01580810546875,0.0,46.44097900390625,141
2025-07-17T20:32:28.349398,2,13,"[0, 1, 2, 3, 4, 5, 6, 7]",93.01580810546875,38.86540412902832,46.44097900390625,141,93.01580810546875,0.0,46.44097900390625,141
2025-07-17T20:32:28.351547,3,13,"[0, 1, 2, 3, 5, 7]",93.01580810546875,38.86540412902832,46.44097900390625,141,93.01580810546875,0.0,46.44097900390625,141
2025-07-17T20:32:28.363631,4,13,"[0, 1, 2, 3, 5, 7]",93.01580810546875,38.86540412902832,46.44097900390625,141,93.01580810546875,0.0,46.44097900390625,141
2025-07-17T20:32:28.370695,0,14,"[0, 1, 2, 3, 4, 5, 6, 7]",93.01580810546875,38.86540412902832,46.44097900390625,141,93.01580810546875,0.0,46.44097900390625,141
2025-07-17T20:32:28.376996,1,14,"[0, 1, 2, 3, 4, 5, 6, 7]",93.01580810546875,38.86540412902832,46.44097900390625,141,93.01580810546875,0.0,46.44097900390625,141
2025-07-17T20:32:28.384034,2,14,"[0, 1, 2, 3, 4, 5, 6, 7]",93.01580810546875,38.86540412902832,46.44097900390625,141,93.01580810546875,0.0,46.44097900390625,141
2025-07-17T20:32:28.390604,3,14,"[0, 1, 2, 3, 4, 5, 6, 7]",93.01580810546875,38.86540412902832,46.44097900390625,141,93.01580810546875,0.0,46.44097900390625,141
2025-07-17T20:32:28.397866,4,14,"[0, 1, 2, 3, 4, 5, 6, 7]",93.01580810546875,38.86540412902832,46.44097900390625,141,93.01580810546875,0.0,46.44097900390625,141
2025-07-17T20:32:28.405015,0,15,"[0, 1, 2, 3, 4, 5, 6, 7]",93.01580810546875,38.86540412902832,46.44097900390625,141,93.01580810546875,0.0,46.44097900390625,141
2025-07-17T20:32:28.412617,1,15,"[0, 1, 2, 3, 4, 5, 6, 7]",93.01580810546875,38.86540412902832,46.44097900390625,141,93.01580810546875,0.0,46.44097900390625,141
2025-07-17T20:32:28.420632,2,15,"[0, 1, 2, 3, 4, 5, 6, 7]",93.01580810546875,38.86540412902832,46.44097900390625,141,93.01580810546875,0.0,46.44097900390625,141
2025-07-17T20:32:28.428025,3,15,"[0, 1, 2, 3, 4, 5, 6, 7]",93.01580810546875,38.86456489562988,46.44097900390625,141,93.01580810546875,0.0,46.44097900390625,141
2025-07-17T20:32:28.435904,4,15,"[0, 1, 2, 3, 4, 5, 6, 7]",93.01580810546875,38.86456489562988,46.44097900390625,141,93.01580810546875,0.0,46.44097900390625,141
2025-07-17T20:32:28.442480,0,16,"[0, 1, 2, 3, 4, 5, 6, 7]",93.01580810546875,38.86456489562988,46.44097900390625,141,93.01580810546875,0.0,46.44097900390625,141
2025-07-17T20:32:28.450168,1,16,"[0, 1, 2, 3, 5, 6, 7]",93.01580810546875,38.86482238769531,46.44097900390625,141,93.01580810546875,0.0,46.44097900390625,141
2025-07-17T20:32:28.458050,2,16,"[0, 1, 2, 3, 4, 5, 6, 7]",93.01580810546875,38.86540412902832,46.44097900390625,141,93.01580810546875,0.0,46.44097900390625,141
2025-07-17T20:32:28.465109,3,16,"[0, 1, 2, 3, 5, 6, 7]",93.01580810546875,38.86540412902832,46.44097900390625,141,93.01580810546875,0.0,46.44097900390625,141
2025-07-17T20:32:28.471968,4,16,"[0, 1, 2, 3, 5, 6, 7]",93.01580810546875,38.86540412902832,46.44097900390625,141,93.01580810546875,0.0,46.44097900390625,141
2025-07-17T20:32:28.479385,0,17,"[0, 1, 2, 3, 4, 5, 6, 7]",93.01580810546875,38.86540412902832,46.44097900390625,141,93.01580810546875,0.0,46.44097900390625,141
2025-07-17T20:32:28.486540,1,17,"[1, 2, 3, 4, 5, 6, 7]",93.01580810546875,38.86540412902832,46.44097900390625,141,93.01580810546875,0.0,46.44097900390625,141
2025-07-17T20:32:28.494213,2,17,"[0, 1, 2, 3, 4, 5, 6, 7]",93.01580810546875,38.86540412902832,46.44097900390625,141,93.01580810546875,0.0,46.44097900390625,141
2025-07-17T20:32:28.501706,3,17,"[1, 2, 3, 4, 5, 6, 7]",93.01580810546875,38.86540412902832,46.44097900390625,141,93.01580810546875,0.0,46.44097900390625,141
2025-07-17T20:32:28.509110,4,17,"[1, 2, 3, 4, 5, 6, 7]",93.01580810546875,38.86540412902832,46.44097900390625,141,93.01580810546875,0.0,46.44097900390625,141
2025-07-17T20:32:28.516219,0,18,"[0, 1, 2, 3, 4, 5, 6, 7]",93.01580810546875,38.86540412902832,46.44097900390625,141,93.01580810546875,0.0,46.44097900390625,141
2025-07-17T20:32:28.523538,1,18,"[0, 1, 2, 3, 4, 5, 6, 7]",93.01580810546875,38.86540412902832,46.44097900390625,141,93.01580810546875,0.0,46.44097900390625,141
2025-07-17T20:32:28.530714,2,18,"[0, 1, 2, 3, 4, 5, 6, 7]",93.01580810546875,38.86540412902832,46.44097900390625,141,93.01580810546875,0.0,46.44097900390625,141
2025-07-17T20:32:28.537984,3,18,"[0, 1, 2, 3, 4, 5, 6, 7]",93.01580810546875,38.86540412902832,46.44097900390625,141,93.01580810546875,0.0,46.44097900390625,141
2025-07-17T20:32:28.544889,4,18,"[0, 1, 2, 3, 4, 5, 6, 7]",93.01580810546875,38.86540412902832,46.44097900390625,141,93.01580810546875,0.0,46.44097900390625,141
2025-07-17T20:32:28.552115,0,19,"[0, 1, 2, 3, 4, 5, 6, 7]",93.01580810546875,38.86540412902832,46.44097900390625,141,93.01580810546875,0.0,46.44097900390625,141
2025-07-17T20:32:28.560166,1,19,"[0, 1, 2, 3, 4, 5, 6, 7]",93.01580810546875,38.86540412902832,46.44097900390625,141,93.01580810546875,0.0,46.44097900390625,141
2025-07-17T20:32:28.567136,2,19,"[0, 1, 2, 3, 4, 5, 6, 7]",93.01580810546875,38.86540412902832,46.44097900390625,141,93.01580810546875,0.0,46.44097900390625,141
2025-07-17T20:32:28.574530,3,19,"[0, 1, 2, 3, 4, 5, 6, 7]",93.01580810546875,38.86540412902832,46.44097900390625,141,93.01580810546875,0.0,46.44097900390625,141
2025-07-17T20:32:28.581814,4,19,"[0, 1, 2, 3, 4, 5, 6, 7]",93.01580810546875,38.86540412902832,46.44097900390625,141,93.01580810546875,0.0,46.44097900390625,141
2025-07-17T20:32:28.589135,0,20,"[0, 1, 2, 3, 4, 5, 6, 7]",93.01580810546875,38.86540412902832,46.44097900390625,141,93.01580810546875,0.0,46.44097900390625,141
2025-07-17T20:32:28.596094,1,20,"[0, 1, 2, 3, 4, 5, 6, 7]",93.01580810546875,38.86540412902832,46.44097900390625,141,93.01580810546875,0.0,46.44097900390625,141
2025-07-17T20:32:28.602870,2,20,"[0, 1, 2, 3, 4, 5, 6, 7]",93.01580810546875,38.86540412902832,46.44097900390625,141,93.01580810546875,0.0,46.44097900390625,141
2025-07-17T20:32:28.613309,3,20,"[0, 1, 2, 3, 4, 5, 6, 7]",93.01580810546875,38.86540412902832,46.44097900390625,141,93.01580810546875,0.0,46.44097900390625,141
2025-07-17T20:32:28.619945,4,20,"[0, 1, 2, 3, 4, 5, 6, 7]",93.01580810546875,38.86540412902832,46.44097900390625,141,93.01580810546875,0.0,46.44097900390625,141
2025-07-17T20:32:28.627057,0,21,"[0, 1, 2, 3, 4, 5, 6, 7]",93.01580810546875,38.86540412902832,46.44097900390625,141,93.01580810546875,0.0,46.44097900390625,141
2025-07-17T20:32:28.633999,1,21,"[0, 1, 2, 3, 4, 5, 6, 7]",93.01580810546875,38.86540412902832,46.44097900390625,141,93.01580810546875,0.0,46.44097900390625,141
2025-07-17T20:32:28.641600,2,21,"[0, 1, 2, 3, 4, 5, 6, 7]",93.01580810546875,38.86540412902832,46.44097900390625,141,93.01580810546875,0.0,46.44097900390625,141
2025-07-17T20:32:28.648331,3,21,"[0, 1, 2, 3, 4, 5, 6, 7]",93.01580810546875,38.86540412902832,46.44097900390625,141,93.01580810546875,0.0,46.44097900390625,141
2025-07-17T20:32:28.656805,4,21,"[0, 1, 2, 3, 4, 5, 6, 7]",93.01580810546875,38.86540412902832,46.44097900390625,141,93.01580810546875,0.0,46.44097900390625,141
2025-07-17T20:32:28.659392,0,22,"[0, 1, 2, 3, 4, 5, 6, 7]",93.01580810546875,38.86540412902832,46.44097900390625,141,93.01580810546875,0.0,46.44097900390625,141
2025-07-17T20:32:28.666482,1,22,"[0, 1, 2, 4, 5, 6, 7]",93.01580810546875,38.86540412902832,46.44097900390625,141,93.01580810546875,0.0,46.44097900390625,141
2025-07-17T20:32:28.674306,2,22,"[0, 1, 2, 3, 4, 5, 6, 7]",93.01580810546875,38.86540412902832,46.44097900390625,141,93.01580810546875,0.0,46.44097900390625,141
2025-07-17T20:32:28.686715,3,22,"[0, 1, 2, 4, 5, 6, 7]",93.01580810546875,38.86540412902832,46.44097900390625,141,93.01580810546875,0.0,46.44097900390625,141
2025-07-17T20:32:28.688726,4,22,"[0, 1, 2, 4, 5, 6, 7]",93.01580810546875,38.86540412902832,46.44097900390625,141,93.01580810546875,0.0,46.44097900390625,141
2025-07-17T20:32:28.696514,0,23,"[0, 1, 2, 3, 4, 5, 6, 7]",93.01580810546875,38.86540412902832,46.44097900390625,141,93.01580810546875,0.0,46.44097900390625,141
2025-07-17T20:32:28.704438,1,23,"[0, 1, 2, 3, 4, 5, 6, 7]",93.01580810546875,38.86540412902832,46.44097900390625,141,93.01580810546875,0.0,46.44097900390625,141
2025-07-17T20:32:28.712138,2,23,"[0, 1, 2, 3, 4, 5, 6, 7]",93.01580810546875,38.86540412902832,46.44097900390625,141,93.01580810546875,0.0,46.44097900390625,141
2025-07-17T20:32:28.723673,3,23,"[0, 1, 2, 3, 4, 5, 6, 7]",93.01580810546875,38.86540412902832,46.44097900390625,141,93.01580810546875,0.0,46.44097900390625,141
2025-07-17T20:32:28.731067,4,23,"[0, 1, 2, 3, 4, 5, 6, 7]",93.01580810546875,38.86540412902832,46.44097900390625,141,93.01580810546875,0.0,46.44097900390625,141
2025-07-17T20:32:28.738936,0,24,"[0, 1, 2, 3, 4, 5, 6, 7]",93.01580810546875,38.86540412902832,46.44097900390625,141,93.01580810546875,0.0,46.44097900390625,141
2025-07-17T20:32:28.746800,1,24,"[0, 1, 2, 3, 4, 6, 7]",93.01580810546875,38.86540412902832,46.44097900390625,141,93.01580810546875,0.0,46.44097900390625,141
2025-07-17T20:32:28.755048,2,24,"[0, 1, 2, 3, 4, 5, 6, 7]",93.01580810546875,38.86540412902832,46.44097900390625,141,93.01580810546875,0.0,46.44097900390625,141
2025-07-17T20:32:28.761783,3,24,"[0, 1, 2, 3, 4, 6, 7]",93.01580810546875,38.86540412902832,46.44097900390625,141,93.01580810546875,0.0,46.44097900390625,141
2025-07-17T20:32:28.769065,4,24,"[0, 1, 2, 3, 4, 6, 7]",93.01580810546875,38.86540412902832,46.44097900390625,141,93.01580810546875,0.0,46.44097900390625,141
2025-07-17T20:32:28.775774,0,25,"[0, 1, 2, 3, 4, 5, 6, 7]",93.01580810546875,38.86540412902832,46.44097900390625,141,93.01580810546875,0.0,46.44097900390625,141
2025-07-17T20:32:28.784038,1,25,"[0, 1, 3, 4, 5, 6, 7]",93.01580810546875,38.86540412902832,46.44097900390625,141,93.01580810546875,0.0,46.44097900390625,141
2025-07-17T20:32:28.791355,2,25,"[0, 1, 2, 3, 4, 5, 6, 7]",93.01580810546875,38.86540412902832,46.44097900390625,141,93.01580810546875,0.0,46.44097900390625,141
2025-07-17T20:32:28.798892,3,25,"[0, 1, 3, 4, 5, 6, 7]",93.01580810546875,38.86540412902832,46.44097900390625,141,93.01580810546875,0.0,46.44097900390625,141
2025-07-17T20:32:28.806188,4,25,"[0, 1, 3, 4, 5, 6, 7]",93.01580810546875,38.86540412902832,46.44097900390625,141,93.01580810546875,0.0,46.44097900390625,141
2025-07-17T20:32:28.813006,0,26,"[0, 1, 2, 3, 4, 5, 6, 7]",93.01580810546875,38.86540412902832,46.44097900390625,141,93.01580810546875,0.0,46.44097900390625,141
2025-07-17T20:32:28.820250,1,26,"[0, 2, 3, 4, 5, 6, 7]",93.01580810546875,38.86540412902832,46.44097900390625,141,93.01580810546875,0.0,46.44097900390625,141
2025-07-17T20:32:28.827423,2,26,"[0, 1, 2, 3, 4, 5, 6, 7]",93.01580810546875,38.86540412902832,46.44097900390625,141,93.01580810546875,0.0,46.44097900390625,141
2025-07-17T20:32:28.834914,3,26,"[0, 2, 3, 4, 5, 6, 7]",93.01580810546875,38.86540412902832,46.44097900390625,141,93.01580810546875,0.0,46.44097900390625,141
2025-07-17T20:32:28.842234,4,26,"[0, 2, 3, 4, 5, 6, 7]",93.01580810546875,38.86540412902832,46.44097900390625,141,93.01580810546875,0.0,46.44097900390625,141
2025-07-17T20:32:28.850537,0,27,"[0, 1, 2, 3, 4, 5, 6, 7]",93.01580810546875,38.86482238769531,46.44097900390625,141,93.01580810546875,0.0,46.44097900390625,141
2025-07-17T20:32:28.857605,1,27,"[0, 1, 2, 3, 4, 5, 6, 7]",93.01580810546875,38.86456489562988,46.44097900390625,141,93.01580810546875,0.0,46.44097900390625,141
2025-07-17T20:32:28.864385,2,27,"[0, 1, 2, 3, 4, 5, 6, 7]",93.01580810546875,38.86456489562988,46.44097900390625,141,93.01580810546875,0.0,46.44097900390625,141
2025-07-17T20:32:28.872335,3,27,"[0, 1, 2, 3, 4, 5, 6, 7]",93.01580810546875,38.86456489562988,46.44097900390625,141,93.01580810546875,0.0,46.44097900390625,141
2025-07-17T20:32:28.880425,4,27,"[0, 1, 2, 3, 4, 5, 6, 7]",93.01580810546875,38.86540412902832,46.44097900390625,141,93.01580810546875,0.0,46.44097900390625,141
2025-07-17T20:32:28.887448,0,28,"[0, 1, 2, 3, 4, 5, 6, 7]",93.01580810546875,38.86540412902832,46.44097900390625,141,93.01580810546875,0.0,46.44097900390625,141
2025-07-17T20:32:28.894164,1,28,"[0, 1, 2, 3, 4, 5, 6, 7]",93.01580810546875,38.86540412902832,46.44097900390625,141,93.01580810546875,0.0,46.44097900390625,141
2025-07-17T20:32:28.902548,2,28,"[0, 1, 2, 3, 4, 5, 6, 7]",93.01580810546875,38.86540412902832,46.44097900390625,141,93.01580810546875,0.0,46.44097900390625,141
2025-07-17T20:32:28.909817,3,28,"[0, 1, 2, 3, 4, 5, 6, 7]",93.01580810546875,38.86540412902832,46.44097900390625,141,93.01580810546875,0.0,46.44097900390625,141
2025-07-17T20:32:28.916762,4,28,"[0, 1, 2, 3, 4, 5, 6, 7]",93.01580810546875,38.86540412902832,46.44097900390625,141,93.01580810546875,0.0,46.44097900390625,141
2025-07-17T20:32:28.923573,0,29,"[0, 1, 2, 3, 4, 5, 6, 7]",93.01580810546875,38.86540412902832,46.44097900390625,141,93.01580810546875,0.0,46.44097900390625,141
2025-07-17T20:32:28.930225,1,29,"[0, 1, 2, 3, 4, 5, 6, 7]",93.01580810546875,38.86540412902832,46.44097900390625,141,93.01580810546875,0.0,46.44097900390625,141
2025-07-17T20:32:28.936837,2,29,"[0, 1, 2, 3, 4, 5, 6, 7]",93.01580810546875,38.86540412902832,46.44097900390625,141,93.01580810546875,0.0,46.44097900390625,141
2025-07-17T20:32:28.947051,3,29,"[0, 1, 2, 3, 4, 5, 6, 7]",93.01580810546875,38.86540412902832,46.44097900390625,141,93.01580810546875,0.0,46.44097900390625,141
2025-07-17T20:32:28.949795,4,29,"[0, 1, 2, 3, 4, 5, 6, 7]",93.01580810546875,38.86456489562988,46.44097900390625,141,93.01580810546875,0.0,46.44097900390625,141
2025-07-17T20:32:28.956520,0,30,"[0, 1, 2, 3, 4, 5, 6, 7]",93.01580810546875,38.86456489562988,46.44097900390625,141,93.01580810546875,0.0,46.44097900390625,141
2025-07-17T20:32:28.964331,1,30,"[0, 2, 3, 4, 5, 6, 7]",93.01580810546875,38.86456489562988,46.44097900390625,141,93.01580810546875,0.0,46.44097900390625,141
2025-07-17T20:32:28.972500,2,30,"[0, 1, 2, 3, 4, 5, 6, 7]",93.01580810546875,38.86456489562988,46.44097900390625,141,93.01580810546875,0.0,46.44097900390625,141
2025-07-17T20:32:28.979488,3,30,"[0, 2, 3, 4, 5, 6, 7]",93.01580810546875,38.86540412902832,46.44097900390625,141,93.01580810546875,0.0,46.44097900390625,141
2025-07-17T20:32:28.992237,4,30,"[0, 2, 3, 4, 5, 6, 7]",93.01580810546875,38.86540412902832,46.44097900390625,141,93.01580810546875,0.0,46.44097900390625,141
2025-07-17T20:32:28.994788,0,31,"[0, 1, 2, 3, 4, 5, 6, 7]",93.01580810546875,38.87287998199463,46.44097900390625,141,93.01580810546875,0.0,46.44097900390625,141
2025-07-17T20:32:29.002565,1,31,"[1, 2, 3, 4, 5, 6, 7]",93.01580810546875,38.86967182159424,46.44097900390625,141,93.01580810546875,0.0,46.44097900390625,141
2025-07-17T20:32:29.011784,2,31,"[0, 1, 2, 3, 5, 6, 7]",93.01580810546875,38.86646366119385,46.44097900390625,141,93.01580810546875,0.0,46.44097900390625,141
2025-07-17T20:32:29.023988,3,31,"[1, 2, 3, 4, 5, 6, 7]",93.01580810546875,38.86299800872803,46.44097900390625,141,93.01580810546875,0.0,46.44097900390625,141
2025-07-17T20:32:29.027358,4,31,"[1, 2, 3, 4, 5, 6, 7]",93.01580810546875,38.86002254486084,46.44097900390625,141,93.01580810546875,0.0,46.44097900390625,141
2025-07-17T20:32:29.043669,0,0,"[0, 1, 2, 3, 4, 5, 6, 7]",93.01580810546875,38.85531425476074,46.44097900390625,141,93.01580810546875,0.0,46.44097900390625,141
2025-07-17T20:32:29.045905,1,0,"[0, 1, 2, 3, 4, 5, 6, 7]",93.01580810546875,38.85852241516113,46.44097900390625,141,93.01580810546875,0.0,46.44097900390625,141
2025-07-17T20:32:29.053652,2,0,"[0, 1, 2, 3, 4, 5, 6, 7]",93.01580810546875,38.86149787902832,46.44097900390625,141,93.01580810546875,0.0,46.44097900390625,141
2025-07-17T20:32:29.068101,3,0,"[0, 1, 2, 3, 4, 5, 6, 7]",93.01580810546875,38.86438179016113,46.44097900390625,141,93.01580810546875,0.0,46.44097900390625,141
2025-07-17T20:32:29.070841,4,0,"[0, 1, 2, 3, 4, 5, 6, 7]",93.01580810546875,38.86540412902832,46.44097900390625,141,93.01580810546875,0.0,46.44097900390625,141
2025-07-17T20:32:29.079107,0,1,"[0, 1, 2, 3, 4, 5, 6, 7]",93.01580810546875,38.86540412902832,46.44097900390625,141,93.01580810546875,0.0,46.44097900390625,141
2025-07-17T20:32:29.090813,1,1,"[0, 1, 2, 3, 4, 5, 6, 7]",93.01580810546875,38.86540412902832,46.44097900390625,141,93.01580810546875,0.0,46.44097900390625,141
2025-07-17T20:32:29.093042,2,1,"[0, 1, 2, 3, 4, 5, 6, 7]",93.01580810546875,38.86540412902832,46.44097900390625,141,93.01580810546875,0.0,46.44097900390625,141
2025-07-17T20:32:29.101775,3,1,"[0, 1, 2, 3, 4, 5, 6, 7]",93.01580810546875,38.86540412902832,46.44097900390625,141,93.01580810546875,0.0,46.44097900390625,141
2025-07-17T20:32:29.109288,4,1,"[0, 1, 2, 3, 4, 5, 6, 7]",93.01580810546875,38.86540412902832,46.44097900390625,141,93.01580810546875,0.0,46.44097900390625,141
2025-07-17T20:32:29.116112,0,2,"[0, 1, 2, 3, 4, 5, 6, 7]",93.01580810546875,38.86540412902832,46.44097900390625,141,93.01580810546875,0.0,46.44097900390625,141
2025-07-17T20:32:29.124128,1,2,"[0, 1, 2, 3, 4, 5, 6, 7]",93.01580810546875,38.86540412902832,46.44097900390625,141,93.01580810546875,0.0,46.44097900390625,141
2025-07-17T20:32:29.136718,2,2,"[0, 1, 2, 3, 4, 5, 6, 7]",93.01580810546875,38.86540412902832,46.44097900390625,141,93.01580810546875,0.0,46.44097900390625,141
2025-07-17T20:32:29.144360,3,2,"[0, 1, 2, 3, 4, 5, 6, 7]",93.01580810546875,38.86540412902832,46.44097900390625,141,93.01580810546875,0.0,46.44097900390625,141
2025-07-17T20:32:29.146832,4,2,"[0, 1, 2, 3, 4, 5, 6, 7]",93.01580810546875,38.86540412902832,46.44097900390625,141,93.01580810546875,0.0,46.44097900390625,141
2025-07-17T20:32:29.158434,0,3,"[0, 1, 2, 3, 4, 5, 6, 7]",93.01580810546875,38.86540412902832,46.44097900390625,141,93.01580810546875,0.0,46.44097900390625,141
2025-07-17T20:32:29.165579,1,3,"[0, 1, 2, 3, 4, 5, 6, 7]",93.01580810546875,38.86540412902832,46.44097900390625,141,93.01580810546875,0.0,46.44097900390625,141
2025-07-17T20:32:29.172860,2,3,"[0, 1, 2, 3, 4, 5, 6, 7]",93.01580810546875,38.86540412902832,46.44097900390625,141,93.01580810546875,0.0,46.44097900390625,141
2025-07-17T20:32:29.180416,3,3,"[0, 1, 2, 3, 4, 5, 6, 7]",93.01580810546875,38.86540412902832,46.44097900390625,141,93.01580810546875,0.0,46.44097900390625,141
2025-07-17T20:32:29.187903,4,3,"[0, 1, 2, 3, 4, 5, 6, 7]",93.01580810546875,38.86540412902832,46.44097900390625,141,93.01580810546875,0.0,46.44097900390625,141
2025-07-17T20:32:29.194906,0,4,"[0, 1, 2, 3, 4, 5, 6, 7]",93.01580810546875,38.86540412902832,46.44097900390625,141,93.01580810546875,0.0,46.44097900390625,141
2025-07-17T20:32:29.201933,1,4,"[1, 2, 3, 4, 5, 6, 7]",93.01580810546875,38.86540412902832,46.44097900390625,141,93.01580810546875,0.0,46.44097900390625,141
2025-07-17T20:32:29.208453,2,4,"[0, 1, 2, 3, 4, 5, 6, 7]",93.01580810546875,38.86540412902832,46.44097900390625,141,93.01580810546875,0.0,46.44097900390625,141
2025-07-17T20:32:29.219374,3,4,"[1, 2, 3, 4, 5, 6, 7]",93.01580810546875,38.86456489562988,46.44097900390625,141,93.01580810546875,0.0,46.44097900390625,141
2025-07-17T20:32:29.226742,4,4,"[1, 2, 3, 4, 5, 6, 7]",93.01580810546875,38.86456489562988,46.44097900390625,141,93.01580810546875,0.0,46.44097900390625,141
2025-07-17T20:32:29.234078,0,5,"[0, 1, 2, 3, 4, 5, 6, 7]",93.01580810546875,38.86456489562988,46.44097900390625,141,93.01580810546875,0.0,46.44097900390625,141
2025-07-17T20:32:29.241646,1,5,"[0, 1, 2, 3, 4, 5, 6, 7]",93.01580810546875,38.86456489562988,46.44097900390625,141,93.01580810546875,0.0,46.44097900390625,141
2025-07-17T20:32:29.248995,2,5,"[0, 1, 2, 3, 4, 5, 6, 7]",93.01580810546875,38.86456489562988,46.44097900390625,141,93.01580810546875,0.0,46.44097900390625,141
2025-07-17T20:32:29.255592,3,5,"[0, 1, 2, 3, 4, 5, 6, 7]",93.01580810546875,38.86540412902832,46.44097900390625,141,93.01580810546875,0.0,46.44097900390625,141
2025-07-17T20:32:29.262930,4,5,"[0, 1, 2, 3, 4, 5, 6, 7]",93.01580810546875,38.86540412902832,46.44097900390625,141,93.01580810546875,0.0,46.44097900390625,141
2025-07-17T20:32:29.270387,0,6,"[0, 1, 2, 3, 4, 5, 6, 7]",93.01580810546875,38.86540412902832,46.44097900390625,141,93.01580810546875,0.0,46.44097900390625,141
2025-07-17T20:32:29.277698,1,6,"[0, 1, 2, 3, 4, 5, 6, 7]",93.01580810546875,38.86540412902832,46.44097900390625,141,93.01580810546875,0.0,46.44097900390625,141
2025-07-17T20:32:29.285160,2,6,"[0, 1, 2, 3, 4, 5, 6, 7]",93.01580810546875,38.86540412902832,46.44097900390625,141,93.01580810546875,0.0,46.44097900390625,141
2025-07-17T20:32:29.292772,3,6,"[0, 1, 2, 3, 4, 5, 6, 7]",93.01580810546875,38.86540412902832,46.44097900390625,141,93.01580810546875,0.0,46.44097900390625,141
2025-07-17T20:32:29.299782,4,6,"[0, 1, 2, 3, 4, 5, 6, 7]",93.01580810546875,38.86540412902832,46.44097900390625,141,93.01580810546875,0.0,46.44097900390625,141
2025-07-17T20:32:29.306642,0,7,"[0, 1, 2, 3, 4, 5, 6, 7]",93.01580810546875,38.86540412902832,46.44097900390625,141,93.01580810546875,0.0,46.44097900390625,141
2025-07-17T20:32:29.313596,1,7,"[0, 1, 2, 3, 4, 5, 6]",93.01580810546875,38.86540412902832,46.44097900390625,141,93.01580810546875,0.0,46.44097900390625,141
2025-07-17T20:32:29.322402,2,7,"[0, 1, 2, 3, 5, 6, 7]",93.01580810546875,38.86540412902832,46.44097900390625,141,93.01580810546875,0.0,46.44097900390625,141
2025-07-17T20:32:29.329813,3,7,"[0, 1, 2, 3, 4, 5, 6]",93.01580810546875,38.86540412902832,46.44097900390625,141,93.01580810546875,0.0,46.44097900390625,141
2025-07-17T20:32:29.336538,4,7,"[0, 1, 2, 3, 4, 5, 6]",93.01580810546875,38.86540412902832,46.44097900390625,141,93.01580810546875,0.0,46.44097900390625,141
2025-07-17T20:32:29.344195,0,8,"[0, 1, 2, 3, 4, 5, 6, 7]",93.01580810546875,38.86540412902832,46.44097900390625,141,93.01580810546875,0.0,46.44097900390625,141
2025-07-17T20:32:29.352090,1,8,"[0, 1, 2, 3, 4, 5, 6, 7]",93.01580810546875,38.86540412902832,46.44097900390625,141,93.01580810546875,0.0,46.44097900390625,141
2025-07-17T20:32:29.359279,2,8,"[0, 1, 2, 3, 4, 5, 6, 7]",93.01580810546875,38.86540412902832,46.44097900390625,141,93.01580810546875,0.0,46.44097900390625,141
2025-07-17T20:32:29.366930,3,8,"[0, 1, 2, 3, 4, 5, 6, 7]",93.01580810546875,38.86540412902832,46.44097900390625,141,93.01580810546875,0.0,46.44097900390625,141
2025-07-17T20:32:29.369495,4,8,"[0, 1, 2, 3, 4, 5, 6, 7]",93.01580810546875,38.86540412902832,46.44097900390625,141,93.01580810546875,0.0,46.44097900390625,141
2025-07-17T20:32:29.377208,0,9,"[0, 1, 2, 3, 4, 5, 6, 7]",93.01580810546875,38.86540412902832,46.44097900390625,141,93.01580810546875,0.0,46.44097900390625,141
2025-07-17T20:32:29.389849,1,9,"[0, 1, 2, 3, 4, 5, 6, 7]",93.01580810546875,38.86540412902832,46.44097900390625,141,93.01580810546875,0.0,46.44097900390625,141
2025-07-17T20:32:29.392904,2,9,"[0, 1, 2, 3, 4, 5, 6, 7]",93.01580810546875,38.86540412902832,46.44097900390625,141,93.01580810546875,0.0,46.44097900390625,141
2025-07-17T20:32:29.405212,3,9,"[0, 1, 2, 3, 4, 5, 6, 7]",93.01580810546875,38.86540412902832,46.44097900390625,141,93.01580810546875,0.0,46.44097900390625,141
2025-07-17T20:32:29.407536,4,9,"[0, 1, 2, 3, 4, 5, 6, 7]",93.01580810546875,38.86540412902832,46.44097900390625,141,93.01580810546875,0.0,46.44097900390625,141
2025-07-17T20:32:29.415166,0,10,"[0, 1, 2, 3, 4, 5, 6, 7]",93.01580810546875,38.86540412902832,46.44097900390625,141,93.01580810546875,0.0,46.44097900390625,141
2025-07-17T20:32:29.427232,1,10,"[0, 1, 2, 3, 4, 5, 6, 7]",93.01580810546875,38.86540412902832,46.44097900390625,141,93.01580810546875,0.0,46.44097900390625,141
2025-07-17T20:32:29.429879,2,10,"[0, 1, 2, 3, 4, 5, 6, 7]",93.01580810546875,38.86540412902832,46.44097900390625,141,93.01580810546875,0.0,46.44097900390625,141
2025-07-17T20:32:29.442090,3,10,"[0, 1, 2, 3, 4, 5, 6, 7]",93.01580810546875,38.86540412902832,46.44097900390625,141,93.01580810546875,0.0,46.44097900390625,141
2025-07-17T20:32:29.450751,4,10,"[0, 1, 2, 3, 4, 5, 6, 7]",93.01580810546875,38.86540412902832,46.44097900390625,141,93.01580810546875,0.0,46.44097900390625,141
2025-07-17T20:32:29.457928,0,11,"[0, 1, 2, 3, 4, 5, 6, 7]",93.01580810546875,38.86540412902832,46.44097900390625,141,93.01580810546875,0.0,46.44097900390625,141
2025-07-17T20:32:29.466268,1,11,"[0, 1, 2, 3, 4, 5, 6, 7]",93.01580810546875,38.86540412902832,46.44097900390625,141,93.01580810546875,0.0,46.44097900390625,141
2025-07-17T20:32:29.473708,2,11,"[0, 1, 2, 3, 4, 5, 6, 7]",93.01580810546875,38.86540412902832,46.44097900390625,141,93.01580810546875,0.0,46.44097900390625,141
2025-07-17T20:32:29.476452,3,11,"[0, 1, 2, 3, 4, 5, 6, 7]",93.01580810546875,38.86540412902832,46.44097900390625,141,93.01580810546875,0.0,46.44097900390625,141
2025-07-17T20:32:29.483814,4,11,"[0, 1, 2, 3, 4, 5, 6, 7]",93.01580810546875,38.86540412902832,46.44097900390625,141,93.01580810546875,0.0,46.44097900390625,141
2025-07-17T20:32:29.490933,0,12,"[0, 1, 2, 3, 4, 5, 6, 7]",93.01580810546875,38.86540412902832,46.44097900390625,141,93.01580810546875,0.0,46.44097900390625,141
2025-07-17T20:32:29.498069,1,12,"[0, 1, 2, 3, 4, 5, 6, 7]",93.01580810546875,38.86540412902832,46.44097900390625,141,93.01580810546875,0.0,46.44097900390625,141
2025-07-17T20:32:29.504900,2,12,"[0, 1, 2, 3, 4, 5, 6, 7]",93.01580810546875,38.86540412902832,46.44097900390625,141,93.01580810546875,0.0,46.44097900390625,141
2025-07-17T20:32:29.517386,3,12,"[0, 1, 2, 3, 4, 5, 6, 7]",93.01580810546875,38.86540412902832,46.44097900390625,141,93.01580810546875,0.0,46.44097900390625,141
2025-07-17T20:32:29.525054,4,12,"[0, 1, 2, 3, 4, 5, 6, 7]",93.01580810546875,38.86540412902832,46.44097900390625,141,93.01580810546875,0.0,46.44097900390625,141
2025-07-17T20:32:29.527374,0,13,"[0, 1, 2, 3, 4, 5, 6, 7]",93.01580810546875,38.86540412902832,46.44097900390625,141,93.01580810546875,0.0,46.44097900390625,141
2025-07-17T20:32:29.533424,1,13,"[1, 2, 3, 4, 5, 6, 7]",93.01580810546875,38.86540412902832,46.44097900390625,141,93.01580810546875,0.0,46.44097900390625,141
2025-07-17T20:32:29.539720,2,13,"[0, 1, 2, 3, 4, 5, 6, 7]",93.01580810546875,38.86540412902832,46.44097900390625,141,93.01580810546875,0.0,46.44097900390625,141
2025-07-17T20:32:29.548278,3,13,"[1, 2, 3, 4, 5, 6, 7]",93.01580810546875,38.86540412902832,46.44097900390625,141,93.01580810546875,0.0,46.44097900390625,141
2025-07-17T20:32:29.554919,4,13,"[1, 2, 3, 4, 5, 6, 7]",93.01580810546875,38.86540412902832,46.44097900390625,141,93.01580810546875,0.0,46.44097900390625,141
2025-07-17T20:32:29.562639,0,14,"[0, 1, 2, 3, 4, 5, 6, 7]",93.01580810546875,38.86540412902832,46.44097900390625,141,93.01580810546875,0.0,46.44097900390625,141
2025-07-17T20:32:29.569171,1,14,"[0, 1, 2, 3, 4, 5, 6, 7]",93.01580810546875,38.86540412902832,46.44097900390625,141,93.01580810546875,0.0,46.44097900390625,141
2025-07-17T20:32:29.581738,2,14,"[0, 1, 2, 3, 4, 5, 6, 7]",93.01580810546875,38.86540412902832,46.44097900390625,141,93.01580810546875,0.0,46.44097900390625,141
2025-07-17T20:32:29.584079,3,14,"[0, 1, 2, 3, 4, 5, 6, 7]",93.01580810546875,38.86540412902832,46.44097900390625,141,93.01580810546875,0.0,46.44097900390625,141
2025-07-17T20:32:29.590700,4,14,"[0, 1, 2, 3, 4, 5, 6, 7]",93.01580810546875,38.86540412902832,46.44097900390625,141,93.01580810546875,0.0,46.44097900390625,141
2025-07-17T20:32:29.597318,0,15,"[0, 1, 2, 3, 4, 5, 6, 7]",93.01580810546875,38.86540412902832,46.44097900390625,141,93.01580810546875,0.0,46.44097900390625,141
2025-07-17T20:32:29.604479,1,15,"[0, 1, 2, 3, 4, 5, 6, 7]",93.01580810546875,38.86540412902832,46.44097900390625,141,93.01580810546875,0.0,46.44097900390625,141
2025-07-17T20:32:29.616772,2,15,"[0, 1, 2, 3, 4, 5, 6, 7]",93.01580810546875,38.86540412902832,46.44097900390625,141,93.01580810546875,0.0,46.44097900390625,141
2025-07-17T20:32:29.619209,3,15,"[0, 1, 2, 3, 4, 5, 6, 7]",93.01580810546875,38.86540412902832,46.44097900390625,141,93.01580810546875,0.0,46.44097900390625,141
2025-07-17T20:32:29.626140,4,15,"[0, 1, 2, 3, 4, 5, 6, 7]",93.01580810546875,38.86540412902832,46.44097900390625,141,93.01580810546875,0.0,46.44097900390625,141
2025-07-17T20:32:29.633634,0,16,"[0, 1, 2, 3, 4, 5, 6, 7]",93.01580810546875,38.86540412902832,46.44097900390625,141,93.01580810546875,0.0,46.44097900390625,141
2025-07-17T20:32:29.645825,1,16,"[0, 1, 2, 3, 4, 5, 6, 7]",93.01580810546875,38.86540412902832,46.44097900390625,141,93.01580810546875,0.0,46.44097900390625,141
2025-07-17T20:32:29.648408,2,16,"[0, 1, 2, 3, 4, 5, 6, 7]",93.01580810546875,38.86540412902832,46.44097900390625,141,93.01580810546875,0.0,46.44097900390625,141
2025-07-17T20:32:29.659788,3,16,"[0, 1, 2, 3, 4, 5, 6, 7]",93.01580810546875,38.86540412902832,46.44097900390625,141,93.01580810546875,0.0,46.44097900390625,141
2025-07-17T20:32:29.662077,4,16,"[0, 1, 2, 3, 4, 5, 6, 7]",93.01580810546875,38.86540412902832,46.44097900390625,141,93.01580810546875,0.0,46.44097900390625,141
2025-07-17T20:32:29.669675,0,17,"[0, 1, 2, 3, 4, 5, 6, 7]",93.01580810546875,38.86540412902832,46.44097900390625,141,93.01580810546875,0.0,46.44097900390625,141
2025-07-17T20:32:29.677003,1,17,"[0, 1, 2, 3, 4, 5, 6, 7]",93.01580810546875,38.86540412902832,46.44097900390625,141,93.01580810546875,0.0,46.44097900390625,141
2025-07-17T20:32:29.689639,2,17,"[0, 1, 2, 3, 4, 5, 6, 7]",93.01580810546875,38.86540412902832,46.44097900390625,141,93.01580810546875,0.0,46.44097900390625,141
2025-07-17T20:32:29.691925,3,17,"[0, 1, 2, 3, 4, 5, 6, 7]",93.01580810546875,38.86540412902832,46.44097900390625,141,93.01580810546875,0.0,46.44097900390625,141
2025-07-17T20:32:29.699380,4,17,"[0, 1, 2, 3, 4, 5, 6, 7]",93.01580810546875,38.86540412902832,46.44097900390625,141,93.01580810546875,0.0,46.44097900390625,141
2025-07-17T20:32:29.707514,0,18,"[0, 1, 2, 3, 4, 5, 6, 7]",93.01580810546875,38.86540412902832,46.44097900390625,141,93.01580810546875,0.0,46.44097900390625,141
2025-07-17T20:32:29.714852,1,18,"[0, 2, 3, 4, 5, 6, 7]",93.01580810546875,38.86540412902832,46.44097900390625,141,93.01580810546875,0.0,46.44097900390625,141
2025-07-17T20:32:29.727818,2,18,"[0, 1, 2, 3, 4, 5, 6, 7]",93.01580810546875,38.86540412902832,46.44097900390625,141,93.01580810546875,0.0,46.44097900390625,141
2025-07-17T20:32:29.730193,3,18,"[0, 2, 3, 4, 5, 6, 7]",93.01580810546875,38.86540412902832,46.44097900390625,141,93.01580810546875,0.0,46.44097900390625,141
2025-07-17T20:32:29.737561,4,18,"[0, 2, 3, 4, 5, 6, 7]",93.01580810546875,38.86540412902832,46.44097900390625,141,93.01580810546875,0.0,46.44097900390625,141
2025-07-17T20:32:29.744169,0,19,"[0, 1, 2, 3, 4, 5, 6, 7]",93.01580810546875,38.86540412902832,46.44097900390625,141,93.01580810546875,0.0,46.44097900390625,141
2025-07-17T20:32:29.752508,1,19,"[0, 1, 2, 3, 4, 5, 6, 7]",93.01580810546875,38.86540412902832,46.44097900390625,141,93.01580810546875,0.0,46.44097900390625,141
2025-07-17T20:32:29.759487,2,19,"[0, 1, 2, 3, 4, 5, 6, 7]",93.01580810546875,38.86540412902832,46.44097900390625,141,93.01580810546875,0.0,46.44097900390625,141
2025-07-17T20:32:29.766329,3,19,"[0, 1, 2, 3, 4, 5, 6, 7]",93.01580810546875,38.86540412902832,46.44097900390625,141,93.01580810546875,0.0,46.44097900390625,141
2025-07-17T20:32:29.772979,4,19,"[0, 1, 2, 3, 4, 5, 6, 7]",93.01580810546875,38.86540412902832,46.44097900390625,141,93.01580810546875,0.0,46.44097900390625,141
2025-07-17T20:32:29.779725,0,20,"[0, 1, 2, 3, 4, 5, 6, 7]",93.01580810546875,38.86540412902832,46.44097900390625,141,93.01580810546875,0.0,46.44097900390625,141
2025-07-17T20:32:29.786867,1,20,"[0, 1, 2, 3, 4, 5, 6, 7]",93.01580810546875,38.86540412902832,46.44097900390625,141,93.01580810546875,0.0,46.44097900390625,141
2025-07-17T20:32:29.798830,2,20,"[0, 1, 2, 3, 4, 5, 6, 7]",93.01580810546875,38.86540412902832,46.44097900390625,141,93.01580810546875,0.0,46.44097900390625,141
2025-07-17T20:32:29.801044,3,20,"[0, 1, 2, 3, 4, 5, 6, 7]",93.01580810546875,38.86540412902832,46.44097900390625,141,93.01580810546875,0.0,46.44097900390625,141
2025-07-17T20:32:29.814266,4,20,"[0, 1, 2, 3, 4, 5, 6, 7]",93.01580810546875,38.86540412902832,46.44097900390625,141,93.01580810546875,0.0,46.44097900390625,141
2025-07-17T20:32:29.816438,0,21,"[0, 1, 2, 3, 4, 5, 6, 7]",93.01580810546875,38.86540412902832,46.44097900390625,141,93.01580810546875,0.0,46.44097900390625,141
2025-07-17T20:32:29.823787,1,21,"[0, 1, 2, 3, 4, 5, 6, 7]",93.01580810546875,38.86540412902832,46.44097900390625,141,93.01580810546875,0.0,46.44097900390625,141
2025-07-17T20:32:29.831114,2,21,"[0, 1, 2, 3, 4, 5, 6, 7]",93.01580810546875,38.86540412902832,46.44097900390625,141,93.01580810546875,0.0,46.44097900390625,141
2025-07-17T20:32:29.837997,3,21,"[0, 1, 2, 3, 4, 5, 6, 7]",93.01580810546875,38.86540412902832,46.44097900390625,141,93.01580810546875,0.0,46.44097900390625,141
2025-07-17T20:32:29.850044,4,21,"[0, 1, 2, 3, 4, 5, 6, 7]",93.01580810546875,38.86540412902832,46.44097900390625,141,93.01580810546875,0.0,46.44097900390625,141
2025-07-17T20:32:29.857266,0,22,"[0, 1, 2, 3, 4, 5, 6, 7]",93.01580810546875,38.86540412902832,46.44097900390625,141,93.01580810546875,0.0,46.44097900390625,141
2025-07-17T20:32:29.865066,1,22,"[0, 1, 2, 3, 4, 5, 6, 7]",93.01580810546875,38.86540412902832,46.44097900390625,141,93.01580810546875,0.0,46.44097900390625,141
2025-07-17T20:32:29.867450,2,22,"[0, 1, 2, 3, 4, 5, 6, 7]",93.01580810546875,38.86540412902832,46.44097900390625,141,93.01580810546875,0.0,46.44097900390625,141
2025-07-17T20:32:29.874855,3,22,"[0, 1, 2, 3, 4, 5, 6, 7]",93.01580810546875,38.86540412902832,46.44097900390625,141,93.01580810546875,0.0,46.44097900390625,141
2025-07-17T20:32:29.881690,4,22,"[0, 1, 2, 3, 4, 5, 6, 7]",93.01580810546875,38.86540412902832,46.44097900390625,141,93.01580810546875,0.0,46.44097900390625,141
2025-07-17T20:32:29.894184,0,23,"[0, 1, 2, 3, 4, 5, 6, 7]",93.01580810546875,38.86540412902832,46.44097900390625,141,93.01580810546875,0.0,46.44097900390625,141
2025-07-17T20:32:29.896493,1,23,"[0, 1, 2, 3, 4, 5, 6, 7]",93.01580810546875,38.86540412902832,46.44097900390625,141,93.01580810546875,0.0,46.44097900390625,141
2025-07-17T20:32:29.903149,2,23,"[0, 1, 2, 3, 4, 5, 6, 7]",93.01580810546875,38.86540412902832,46.44097900390625,141,93.01580810546875,0.0,46.44097900390625,141
2025-07-17T20:32:29.915749,3,23,"[0, 1, 2, 3, 4, 5, 6, 7]",93.01580810546875,38.86540412902832,46.44097900390625,141,93.01580810546875,0.0,46.44097900390625,141
2025-07-17T20:32:29.918150,4,23,"[0, 1, 2, 3, 4, 5, 6, 7]",93.01580810546875,38.86540412902832,46.44097900390625,141,93.01580810546875,0.0,46.44097900390625,141
2025-07-17T20:32:29.930921,0,24,"[0, 1, 2, 3, 4, 5, 6, 7]",93.01580810546875,38.86540412902832,46.44097900390625,141,93.01580810546875,0.0,46.44097900390625,141
2025-07-17T20:32:29.937350,1,24,"[0, 1, 2, 3, 4, 5, 6, 7]",93.01580810546875,38.86540412902832,46.44097900390625,141,93.01580810546875,0.0,46.44097900390625,141
2025-07-17T20:32:29.940128,2,24,"[0, 1, 2, 3, 4, 5, 6, 7]",93.01580810546875,38.86540412902832,46.44097900390625,141,93.01580810546875,0.0,46.44097900390625,141
2025-07-17T20:32:29.946967,3,24,"[0, 1, 2, 3, 4, 5, 6, 7]",93.01580810546875,38.86540412902832,46.44097900390625,141,93.01580810546875,0.0,46.44097900390625,141
2025-07-17T20:32:29.953381,4,24,"[0, 1, 2, 3, 4, 5, 6, 7]",93.01580810546875,38.86540412902832,46.44097900390625,141,93.01580810546875,0.0,46.44097900390625,141
2025-07-17T20:32:29.960527,0,25,"[0, 1, 2, 3, 4, 5, 6, 7]",93.01580810546875,38.86540412902832,46.44097900390625,141,93.01580810546875,0.0,46.44097900390625,141
2025-07-17T20:32:29.972864,1,25,"[0, 1, 2, 3, 4, 6, 7]",93.01580810546875,38.86540412902832,46.44097900390625,141,93.01580810546875,0.0,46.44097900390625,141
2025-07-17T20:32:29.975054,2,25,"[0, 1, 2, 3, 4, 5, 6, 7]",93.01580810546875,38.86540412902832,46.44097900390625,141,93.01580810546875,0.0,46.44097900390625,141
2025-07-17T20:32:29.982292,3,25,"[0, 1, 2, 3, 4, 6, 7]",93.01580810546875,38.86540412902832,46.44097900390625,141,93.01580810546875,0.0,46.44097900390625,141
2025-07-17T20:32:29.990448,4,25,"[0, 1, 2, 3, 4, 6, 7]",93.01580810546875,38.86540412902832,46.44097900390625,141,93.01580810546875,0.0,46.44097900390625,141
2025-07-17T20:32:29.997579,0,26,"[0, 1, 2, 3, 4, 5, 6, 7]",93.01580810546875,38.86540412902832,46.44097900390625,141,93.01580810546875,0.0,46.44097900390625,141
2025-07-17T20:32:30.005052,1,26,"[0, 2, 3, 4, 5, 6, 7]",93.01580810546875,38.86540412902832,46.44097900390625,141,93.01580810546875,0.0,46.44097900390625,141
2025-07-17T20:32:30.016726,2,26,"[0, 1, 2, 3, 4, 5, 6, 7]",93.01580810546875,38.86540412902832,46.44097900390625,141,93.01580810546875,0.0,46.44097900390625,141
2025-07-17T20:32:30.023069,3,26,"[0, 2, 3, 4, 5, 6, 7]",93.01580810546875,38.86540412902832,46.44097900390625,141,93.01580810546875,0.0,46.44097900390625,141
2025-07-17T20:32:30.030315,4,26,"[0, 2, 3, 4, 5, 6, 7]",93.01580810546875,38.86540412902832,46.44097900390625,141,93.01580810546875,0.0,46.44097900390625,141
2025-07-17T20:32:30.036811,0,27,"[0, 1, 2, 3, 4, 5, 6, 7]",93.01580810546875,38.86540412902832,46.44097900390625,141,93.01580810546875,0.0,46.44097900390625,141
2025-07-17T20:32:30.043763,1,27,"[0, 1, 2, 3, 4, 5, 6, 7]",93.01580810546875,38.86540412902832,46.44097900390625,141,93.01580810546875,0.0,46.44097900390625,141
2025-07-17T20:32:30.050753,2,27,"[0, 1, 2, 3, 4, 5, 6, 7]",93.01580810546875,38.86540412902832,46.44097900390625,141,93.01580810546875,0.0,46.44097900390625,141
2025-07-17T20:32:30.058005,3,27,"[0, 1, 2, 3, 4, 5, 6, 7]",93.01580810546875,38.86540412902832,46.44097900390625,141,93.01580810546875,0.0,46.44097900390625,141
2025-07-17T20:32:30.064963,4,27,"[0, 1, 2, 3, 4, 5, 6, 7]",93.01580810546875,38.86540412902832,46.44097900390625,141,93.01580810546875,0.0,46.44097900390625,141
2025-07-17T20:32:30.072006,0,28,"[0, 1, 2, 3, 4, 5, 6, 7]",93.01580810546875,38.86540412902832,46.44097900390625,141,93.01580810546875,0.0,46.44097900390625,141
2025-07-17T20:32:30.079255,1,28,"[0, 1, 2, 3, 4, 5, 6, 7]",93.01580810546875,38.86540412902832,46.44097900390625,141,93.01580810546875,0.0,46.44097900390625,141
2025-07-17T20:32:30.086651,2,28,"[0, 1, 2, 3, 4, 5, 6, 7]",93.01580810546875,38.86540412902832,46.44097900390625,141,93.01580810546875,0.0,46.44097900390625,141
2025-07-17T20:32:30.093942,3,28,"[0, 1, 2, 3, 4, 5, 6, 7]",93.01580810546875,38.86540412902832,46.44097900390625,141,93.01580810546875,0.0,46.44097900390625,141
2025-07-17T20:32:30.101123,4,28,"[0, 1, 2, 3, 4, 5, 6, 7]",93.01580810546875,38.86540412902832,46.44097900390625,141,93.01580810546875,0.0,46.44097900390625,141
2025-07-17T20:32:30.108568,0,29,"[0, 1, 2, 3, 4, 5, 6, 7]",93.01580810546875,38.86540412902832,46.44097900390625,141,93.01580810546875,0.0,46.44097900390625,141
2025-07-17T20:32:30.117510,1,29,"[0, 1, 2, 3, 5, 6, 7]",93.01580810546875,38.86482238769531,46.44097900390625,141,93.01580810546875,0.0,46.44097900390625,141
2025-07-17T20:32:30.124701,2,29,"[0, 1, 2, 3, 4, 5, 6, 7]",93.01580810546875,38.86482238769531,46.44097900390625,141,93.01580810546875,0.0,46.44097900390625,141
2025-07-17T20:32:30.127306,3,29,"[0, 1, 2, 3, 5, 6, 7]",93.01580810546875,38.86456489562988,46.44097900390625,141,93.01580810546875,0.0,46.44097900390625,141
2025-07-17T20:32:30.138426,4,29,"[0, 1, 2, 3, 5, 6, 7]",93.01580810546875,38.86456489562988,46.44097900390625,141,93.01580810546875,0.0,46.44097900390625,141
2025-07-17T20:32:30.145734,0,30,"[0, 1, 2, 3, 4, 5, 6, 7]",93.01580810546875,38.86456489562988,46.44097900390625,141,93.01580810546875,0.0,46.44097900390625,141
2025-07-17T20:32:30.153580,1,30,"[0, 1, 2, 3, 4, 5, 7]",93.01580810546875,38.86540412902832,46.44097900390625,141,93.01580810546875,0.0,46.44097900390625,141
2025-07-17T20:32:30.161763,2,30,"[0, 1, 2, 3, 4, 5, 6, 7]",93.01580810546875,38.86540412902832,46.44097900390625,141,93.01580810546875,0.0,46.44097900390625,141
2025-07-17T20:32:30.168568,3,30,"[0, 1, 2, 3, 4, 5, 7]",93.01580810546875,38.86482238769531,46.44097900390625,141,93.01580810546875,0.0,46.44097900390625,141
2025-07-17T20:32:30.175554,4,30,"[0, 1, 2, 3, 4, 5, 7]",93.01580810546875,38.86482238769531,46.44097900390625,141,93.01580810546875,0.0,46.44097900390625,141
2025-07-17T20:32:30.182668,0,31,"[0, 1, 2, 3, 4, 5, 6, 7]",93.01580810546875,38.87171649932861,46.44097900390625,141,93.01580810546875,0.0,46.44097900390625,141
2025-07-17T20:32:30.187992,1,31,"[0, 1, 2, 3, 4, 5, 6, 7]",93.01580810546875,38.86825084686279,46.44097900390625,141,93.01580810546875,0.0,46.44097900390625,141
2025-07-17T20:32:30.200958,2,31,"[0, 1, 2, 3, 4, 5, 6, 7]",93.01580810546875,38.86562442779541,46.44097900390625,141,93.01580810546875,0.0,46.44097900390625,141
2025-07-17T20:32:30.209736,3,31,"[0, 1, 2, 3, 4, 5, 6, 7]",93.01580810546875,38.86299800872803,46.44097900390625,141,93.01580810546875,0.0,46.44097900390625,141
2025-07-17T20:32:30.213297,4,31,"[0, 1, 2, 3, 4, 5, 6, 7]",93.01580810546875,38.86002254486084,46.44097900390625,141,93.01580810546875,0.0,46.44097900390625,141
2025-07-17T20:32:30.229674,0,0,"[0, 1, 2, 3, 4, 5, 6, 7]",93.01580810546875,38.85531425476074,46.44097900390625,141,93.01580810546875,0.0,46.44097900390625,141
2025-07-17T20:32:30.232187,1,0,"[0, 1, 2, 4, 5, 6, 7]",93.01580810546875,38.85852241516113,46.44097900390625,141,93.01580810546875,0.0,46.44097900390625,141
2025-07-17T20:32:30.239974,2,0,"[0, 1, 2, 3, 4, 5, 6, 7]",93.01580810546875,38.86149787902832,46.44097900390625,141,93.01580810546875,0.0,46.44097900390625,141
2025-07-17T20:32:30.252685,3,0,"[0, 1, 2, 4, 5, 6, 7]",93.01580810546875,38.86438179016113,46.44097900390625,141,93.01580810546875,0.0,46.44097900390625,141
2025-07-17T20:32:30.259959,4,0,"[0, 1, 2, 4, 5, 6, 7]",93.01580810546875,38.86540412902832,46.44097900390625,141,93.01580810546875,0.0,46.44097900390625,141
2025-07-17T20:32:30.267876,0,1,"[0, 1, 2, 3, 4, 5, 6, 7]",93.01580810546875,38.86540412902832,46.44097900390625,141,93.01580810546875,0.0,46.44097900390625,141
2025-07-17T20:32:30.275403,1,1,"[0, 1, 2, 3, 4, 5, 6, 7]",93.01580810546875,38.86540412902832,46.44097900390625,141,93.01580810546875,0.0,46.44097900390625,141
2025-07-17T20:32:30.278636,2,1,"[0, 1, 2, 3, 4, 5, 6, 7]",93.01580810546875,38.86540412902832,46.44097900390625,141,93.01580810546875,0.0,46.44097900390625,141
2025-07-17T20:32:30.290419,3,1,"[0, 1, 2, 3, 4, 5, 6, 7]",93.01580810546875,38.86540412902832,46.44097900390625,141,93.01580810546875,0.0,46.44097900390625,141
2025-07-17T20:32:30.298192,4,1,"[0, 1, 2, 3, 4, 5, 6, 7]",93.01580810546875,38.86540412902832,46.44097900390625,141,93.01580810546875,0.0,46.44097900390625,141
2025-07-17T20:32:30.305280,0,2,"[0, 1, 2, 3, 4, 5, 6, 7]",93.01580810546875,38.86482238769531,46.44097900390625,141,93.01580810546875,0.0,46.44097900390625,141
2025-07-17T20:32:30.312170,1,2,"[0, 1, 2, 3, 4, 5, 6, 7]",93.01580810546875,38.86482238769531,46.44097900390625,141,93.01580810546875,0.0,46.44097900390625,141
2025-07-17T20:32:30.321059,2,2,"[0, 1, 2, 3, 4, 5, 6, 7]",93.01580810546875,38.86540412902832,46.44097900390625,141,93.01580810546875,0.0,46.44097900390625,141
2025-07-17T20:32:30.328096,3,2,"[0, 1, 2, 3, 4, 5, 6, 7]",93.01580810546875,38.86456489562988,46.44097900390625,141,93.01580810546875,0.0,46.44097900390625,141
2025-07-17T20:32:30.335706,4,2,"[0, 1, 2, 3, 4, 5, 6, 7]",93.01580810546875,38.86540412902832,46.44097900390625,141,93.01580810546875,0.0,46.44097900390625,141
2025-07-17T20:32:30.342894,0,3,"[0, 1, 2, 3, 4, 5, 6, 7]",93.01580810546875,38.86540412902832,46.44097900390625,141,93.01580810546875,0.0,46.44097900390625,141
2025-07-17T20:32:30.350964,1,3,"[0, 1, 3, 4, 5, 6, 7]",93.01580810546875,38.86540412902832,46.44097900390625,141,93.01580810546875,0.0,46.44097900390625,141
2025-07-17T20:32:30.359342,2,3,"[0, 1, 2, 3, 4, 5, 6, 7]",93.01580810546875,38.86482238769531,46.44097900390625,141,93.01580810546875,0.0,46.44097900390625,141
2025-07-17T20:32:30.367116,3,3,"[0, 1, 3, 4, 5, 6, 7]",93.01580810546875,38.86482238769531,46.44097900390625,141,93.01580810546875,0.0,46.44097900390625,141
2025-07-17T20:32:30.374140,4,3,"[0, 1, 3, 4, 5, 6, 7]",93.01580810546875,38.86456489562988,46.44097900390625,141,93.01580810546875,0.0,46.44097900390625,141
2025-07-17T20:32:30.380990,0,4,"[0, 1, 2, 3, 4, 5, 6, 7]",93.01580810546875,38.86456489562988,46.44097900390625,141,93.01580810546875,0.0,46.44097900390625,141
2025-07-17T20:32:30.388073,1,4,"[0, 1, 2, 3, 4, 5, 6, 7]",93.01580810546875,38.86456489562988,46.44097900390625,141,93.01580810546875,0.0,46.44097900390625,141
2025-07-17T20:32:30.395166,2,4,"[0, 1, 2, 3, 4, 5, 6, 7]",93.01580810546875,38.86540412902832,46.44097900390625,141,93.01580810546875,0.0,46.44097900390625,141
2025-07-17T20:32:30.403187,3,4,"[0, 1, 2, 3, 4, 5, 6, 7]",93.01580810546875,38.86540412902832,46.44097900390625,141,93.01580810546875,0.0,46.44097900390625,141
2025-07-17T20:32:30.410256,4,4,"[0, 1, 2, 3, 4, 5, 6, 7]",93.01580810546875,38.86482238769531,46.44097900390625,141,93.01580810546875,0.0,46.44097900390625,141
2025-07-17T20:32:30.417547,0,5,"[0, 1, 2, 3, 4, 5, 6, 7]",93.01580810546875,38.86482238769531,46.44097900390625,141,93.01580810546875,0.0,46.44097900390625,141
2025-07-17T20:32:30.425228,1,5,"[0, 1, 2, 3, 4, 5, 6, 7]",93.01580810546875,38.86482238769531,46.44097900390625,141,93.01580810546875,0.0,46.44097900390625,141
2025-07-17T20:32:30.432075,2,5,"[0, 1, 2, 3, 4, 5, 6, 7]",93.01580810546875,38.86456489562988,46.44097900390625,141,93.01580810546875,0.0,46.44097900390625,141
2025-07-17T20:32:30.439437,3,5,"[0, 1, 2, 3, 4, 5, 6, 7]",93.01580810546875,38.86540412902832,46.44097900390625,141,93.01580810546875,0.0,46.44097900390625,141
2025-07-17T20:32:30.447041,4,5,"[0, 1, 2, 3, 4, 5, 6, 7]",93.01580810546875,38.86540412902832,46.44097900390625,141,93.01580810546875,0.0,46.44097900390625,141
2025-07-17T20:32:30.454637,0,6,"[0, 1, 2, 3, 4, 5, 6, 7]",93.01580810546875,38.86540412902832,46.44097900390625,141,93.01580810546875,0.0,46.44097900390625,141
2025-07-17T20:32:30.463116,1,6,"[0, 1, 2, 3, 4, 5, 6, 7]",93.01580810546875,38.86482238769531,46.44097900390625,141,93.01580810546875,0.0,46.44097900390625,141
2025-07-17T20:32:30.470785,2,6,"[0, 1, 2, 3, 4, 5, 6, 7]",93.01580810546875,38.86482238769531,46.44097900390625,141,93.01580810546875,0.0,46.44097900390625,141
2025-07-17T20:32:30.478309,3,6,"[0, 1, 2, 3, 4, 5, 6, 7]",93.01580810546875,38.86456489562988,46.44097900390625,141,93.01580810546875,0.0,46.44097900390625,141
2025-07-17T20:32:30.485855,4,6,"[0, 1, 2, 3, 4, 5, 6, 7]",93.01580810546875,38.86540412902832,46.44097900390625,141,93.01580810546875,0.0,46.44097900390625,141
2025-07-17T20:32:30.493257,0,7,"[0, 1, 2, 3, 4, 5, 6, 7]",93.01580810546875,38.86540412902832,46.44097900390625,141,93.01580810546875,0.0,46.44097900390625,141
2025-07-17T20:32:30.499941,1,7,"[0, 1, 2, 3, 4, 5, 6, 7]",93.01580810546875,38.86540412902832,46.44097900390625,141,93.01580810546875,0.0,46.44097900390625,141
2025-07-17T20:32:30.507347,2,7,"[0, 1, 2, 3, 4, 5, 6, 7]",93.01580810546875,38.86540412902832,46.44097900390625,141,93.01580810546875,0.0,46.44097900390625,141
2025-07-17T20:32:30.514144,3,7,"[0, 1, 2, 3, 4, 5, 6, 7]",93.01580810546875,38.86540412902832,46.44097900390625,141,93.01580810546875,0.0,46.44097900390625,141
2025-07-17T20:32:30.521123,4,7,"[0, 1, 2, 3, 4, 5, 6, 7]",93.01580810546875,38.86540412902832,46.44097900390625,141,93.01580810546875,0.0,46.44097900390625,141
2025-07-17T20:32:30.529338,0,8,"[0, 1, 2, 3, 4, 5, 6, 7]",93.01580810546875,38.86540412902832,46.44097900390625,141,93.01580810546875,0.0,46.44097900390625,141
2025-07-17T20:32:30.537211,1,8,"[0, 1, 2, 3, 4, 5, 6, 7]",93.01580810546875,38.86540412902832,46.44097900390625,141,93.01580810546875,0.0,46.44097900390625,141
2025-07-17T20:32:30.544005,2,8,"[0, 1, 2, 3, 4, 5, 6, 7]",93.01580810546875,38.86540412902832,46.44097900390625,141,93.01580810546875,0.0,46.44097900390625,141
2025-07-17T20:32:30.551322,3,8,"[0, 1, 2, 3, 4, 5, 6, 7]",93.01580810546875,38.86540412902832,46.44097900390625,141,93.01580810546875,0.0,46.44097900390625,141
2025-07-17T20:32:30.558664,4,8,"[0, 1, 2, 3, 4, 5, 6, 7]",93.01580810546875,38.86540412902832,46.44097900390625,141,93.01580810546875,0.0,46.44097900390625,141
2025-07-17T20:32:30.566369,0,9,"[0, 1, 2, 3, 4, 5, 6, 7]",93.01580810546875,38.86540412902832,46.44097900390625,141,93.01580810546875,0.0,46.44097900390625,141
2025-07-17T20:32:30.573554,1,9,"[0, 1, 2, 3, 4, 5, 6, 7]",93.01580810546875,38.86540412902832,46.44097900390625,141,93.01580810546875,0.0,46.44097900390625,141
2025-07-17T20:32:30.581364,2,9,"[0, 1, 2, 3, 4, 5, 6, 7]",93.01580810546875,38.86540412902832,46.44097900390625,141,93.01580810546875,0.0,46.44097900390625,141
2025-07-17T20:32:30.588892,3,9,"[0, 1, 2, 3, 4, 5, 6, 7]",93.01580810546875,38.86540412902832,46.44097900390625,141,93.01580810546875,0.0,46.44097900390625,141
2025-07-17T20:32:30.596220,4,9,"[0, 1, 2, 3, 4, 5, 6, 7]",93.01580810546875,38.86540412902832,46.44097900390625,141,93.01580810546875,0.0,46.44097900390625,141
2025-07-17T20:32:30.603098,0,10,"[0, 1, 2, 3, 4, 5, 6, 7]",93.01580810546875,38.86540412902832,46.44097900390625,141,93.01580810546875,0.0,46.44097900390625,141
2025-07-17T20:32:30.610260,1,10,"[0, 1, 2, 3, 4, 5, 6, 7]",93.01580810546875,38.86540412902832,46.44097900390625,141,93.01580810546875,0.0,46.44097900390625,141
2025-07-17T20:32:30.616550,2,10,"[0, 1, 2, 3, 4, 5, 6, 7]",93.01580810546875,38.86540412902832,46.44097900390625,141,93.01580810546875,0.0,46.44097900390625,141
2025-07-17T20:32:30.623401,3,10,"[0, 1, 2, 3, 4, 5, 6, 7]",93.01580810546875,38.86540412902832,46.44097900390625,141,93.01580810546875,0.0,46.44097900390625,141
2025-07-17T20:32:30.630107,4,10,"[0, 1, 2, 3, 4, 5, 6, 7]",93.01580810546875,38.86540412902832,46.44097900390625,141,93.01580810546875,0.0,46.44097900390625,141
2025-07-17T20:32:30.637503,0,11,"[0, 1, 2, 3, 4, 5, 6, 7]",93.01580810546875,38.86540412902832,46.44097900390625,141,93.01580810546875,0.0,46.44097900390625,141
2025-07-17T20:32:30.644875,1,11,"[0, 1, 2, 3, 4, 5, 6, 7]",93.01580810546875,38.86540412902832,46.44097900390625,141,93.01580810546875,0.0,46.44097900390625,141
2025-07-17T20:32:30.651938,2,11,"[0, 1, 2, 3, 4, 5, 6, 7]",93.01580810546875,38.86540412902832,46.44097900390625,141,93.01580810546875,0.0,46.44097900390625,141
2025-07-17T20:32:30.658993,3,11,"[0, 1, 2, 3, 4, 5, 6, 7]",93.01580810546875,38.86540412902832,46.44097900390625,141,93.01580810546875,0.0,46.44097900390625,141
2025-07-17T20:32:30.666431,4,11,"[0, 1, 2, 3, 4, 5, 6, 7]",93.01580810546875,38.86540412902832,46.44097900390625,141,93.01580810546875,0.0,46.44097900390625,141
2025-07-17T20:32:30.674270,0,12,"[0, 1, 2, 3, 4, 5, 6, 7]",93.01580810546875,38.86540412902832,46.44097900390625,141,93.01580810546875,0.0,46.44097900390625,141
2025-07-17T20:32:30.681990,1,12,"[0, 1, 2, 3, 4, 5]",93.01580810546875,38.86540412902832,46.44097900390625,141,93.01580810546875,0.0,46.44097900390625,141
2025-07-17T20:32:30.689898,2,12,"[0, 1, 2, 3, 4, 5, 6, 7]",93.01580810546875,38.86540412902832,46.44097900390625,141,93.01580810546875,0.0,46.44097900390625,141
2025-07-17T20:32:30.696904,3,12,"[0, 1, 2, 3, 4, 5]",93.01580810546875,38.86540412902832,46.44097900390625,141,93.01580810546875,0.0,46.44097900390625,141
2025-07-17T20:32:30.706071,4,12,"[0, 1, 2, 3, 4, 5]",93.01580810546875,38.86540412902832,46.44097900390625,141,93.01580810546875,0.0,46.44097900390625,141
2025-07-17T20:32:30.708274,0,13,"[0, 1, 2, 3, 4, 5, 6, 7]",93.01580810546875,38.86540412902832,46.44097900390625,141,93.01580810546875,0.0,46.44097900390625,141
2025-07-17T20:32:30.715557,1,13,"[0, 1, 2, 4, 5, 6, 7]",93.01580810546875,38.86540412902832,46.44097900390625,141,93.01580810546875,0.0,46.44097900390625,141
2025-07-17T20:32:30.722718,2,13,"[0, 1, 2, 3, 4, 5, 6, 7]",93.01580810546875,38.86540412902832,46.44097900390625,141,93.01580810546875,0.0,46.44097900390625,141
2025-07-17T20:32:30.729839,3,13,"[0, 1, 2, 4, 5, 6, 7]",93.01580810546875,38.86540412902832,46.44097900390625,141,93.01580810546875,0.0,46.44097900390625,141
2025-07-17T20:32:30.737250,4,13,"[0, 1, 2, 4, 5, 6, 7]",93.01580810546875,38.86540412902832,46.44097900390625,141,93.01580810546875,0.0,46.44097900390625,141
2025-07-17T20:32:30.744556,0,14,"[0, 1, 2, 3, 4, 5, 6, 7]",93.01580810546875,38.86540412902832,46.44097900390625,141,93.01580810546875,0.0,46.44097900390625,141
2025-07-17T20:32:30.752372,1,14,"[0, 1, 2, 3, 4, 5, 6, 7]",93.01580810546875,38.86540412902832,46.44097900390625,141,93.01580810546875,0.0,46.44097900390625,141
2025-07-17T20:32:30.762928,2,14,"[0, 1, 2, 3, 4, 5, 6, 7]",93.01580810546875,38.86540412902832,46.44097900390625,141,93.01580810546875,0.0,46.44097900390625,141
2025-07-17T20:32:30.770447,3,14,"[0, 1, 2, 3, 4, 5, 6, 7]",93.01580810546875,38.86540412902832,46.44097900390625,141,93.01580810546875,0.0,46.44097900390625,141
2025-07-17T20:32:30.777508,4,14,"[0, 1, 2, 3, 4, 5, 6, 7]",93.01580810546875,38.86540412902832,46.44097900390625,141,93.01580810546875,0.0,46.44097900390625,141
2025-07-17T20:32:30.785141,0,15,"[0, 1, 2, 3, 4, 5, 6, 7]",93.01580810546875,38.86540412902832,46.44097900390625,141,93.01580810546875,0.0,46.44097900390625,141
2025-07-17T20:32:30.792567,1,15,"[0, 1, 2, 3, 4, 5, 6, 7]",93.01580810546875,38.86540412902832,46.44097900390625,141,93.01580810546875,0.0,46.44097900390625,141
2025-07-17T20:32:30.799694,2,15,"[0, 1, 2, 3, 4, 5, 6, 7]",93.01580810546875,38.86540412902832,46.44097900390625,141,93.01580810546875,0.0,46.44097900390625,141
2025-07-17T20:32:30.806767,3,15,"[0, 1, 2, 3, 4, 5, 6, 7]",93.01580810546875,38.86540412902832,46.44097900390625,141,93.01580810546875,0.0,46.44097900390625,141
2025-07-17T20:32:30.813780,4,15,"[0, 1, 2, 3, 4, 5, 6, 7]",93.01580810546875,38.86540412902832,46.44097900390625,141,93.01580810546875,0.0,46.44097900390625,141
2025-07-17T20:32:30.821030,0,16,"[0, 1, 2, 3, 4, 5, 6, 7]",93.01580810546875,38.86540412902832,46.44097900390625,141,93.01580810546875,0.0,46.44097900390625,141
2025-07-17T20:32:30.828339,1,16,"[0, 1, 2, 3, 4, 5, 6, 7]",93.01580810546875,38.86540412902832,46.44097900390625,141,93.01580810546875,0.0,46.44097900390625,141
2025-07-17T20:32:30.836146,2,16,"[0, 1, 2, 3, 4, 5, 6, 7]",93.01580810546875,38.86482238769531,46.44097900390625,141,93.01580810546875,0.0,46.44097900390625,141
2025-07-17T20:32:30.838723,3,16,"[0, 1, 2, 3, 4, 5, 6, 7]",93.01580810546875,38.86482238769531,46.44097900390625,141,93.01580810546875,0.0,46.44097900390625,141
2025-07-17T20:32:30.845812,4,16,"[0, 1, 2, 3, 4, 5, 6, 7]",93.01580810546875,38.86456489562988,46.44097900390625,141,93.01580810546875,0.0,46.44097900390625,141
2025-07-17T20:32:30.857606,0,17,"[0, 1, 2, 3, 4, 5, 6, 7]",93.01580810546875,38.86456489562988,46.44097900390625,141,93.01580810546875,0.0,46.44097900390625,141
2025-07-17T20:32:30.864543,1,17,"[0, 1, 2, 3, 4, 5, 6, 7]",93.01580810546875,38.86456489562988,46.44097900390625,141,93.01580810546875,0.0,46.44097900390625,141
2025-07-17T20:32:30.872189,2,17,"[0, 1, 2, 3, 4, 5, 6, 7]",93.01580810546875,38.86540412902832,46.44097900390625,141,93.01580810546875,0.0,46.44097900390625,141
2025-07-17T20:32:30.879637,3,17,"[0, 1, 2, 3, 4, 5, 6, 7]",93.01580810546875,38.86540412902832,46.44097900390625,141,93.01580810546875,0.0,46.44097900390625,141
2025-07-17T20:32:30.887338,4,17,"[0, 1, 2, 3, 4, 5, 6, 7]",93.01580810546875,38.86540412902832,46.44097900390625,141,93.01580810546875,0.0,46.44097900390625,141
2025-07-17T20:32:30.894554,0,18,"[0, 1, 2, 3, 4, 5, 6, 7]",93.01580810546875,38.86540412902832,46.44097900390625,141,93.01580810546875,0.0,46.44097900390625,141
2025-07-17T20:32:30.902157,1,18,"[0, 1, 2, 3, 4, 5, 6, 7]",93.01580810546875,38.86540412902832,46.44097900390625,141,93.01580810546875,0.0,46.44097900390625,141
2025-07-17T20:32:30.909088,2,18,"[0, 1, 2, 3, 4, 5, 6, 7]",93.01580810546875,38.86540412902832,46.44097900390625,141,93.01580810546875,0.0,46.44097900390625,141
2025-07-17T20:32:30.917655,3,18,"[0, 1, 2, 3, 4, 5, 6, 7]",93.01580810546875,38.86540412902832,46.44097900390625,141,93.01580810546875,0.0,46.44097900390625,141
2025-07-17T20:32:30.924856,4,18,"[0, 1, 2, 3, 4, 5, 6, 7]",93.01580810546875,38.86540412902832,46.44097900390625,141,93.01580810546875,0.0,46.44097900390625,141
2025-07-17T20:32:30.927668,0,19,"[0, 1, 2, 3, 4, 5, 6, 7]",93.01580810546875,38.86540412902832,46.44097900390625,141,93.01580810546875,0.0,46.44097900390625,141
2025-07-17T20:32:30.935299,1,19,"[0, 1, 2, 3, 4, 5, 6, 7]",93.01580810546875,38.86540412902832,46.44097900390625,141,93.01580810546875,0.0,46.44097900390625,141
2025-07-17T20:32:30.948057,2,19,"[0, 1, 2, 3, 4, 5, 6, 7]",93.01580810546875,38.86540412902832,46.44097900390625,141,93.01580810546875,0.0,46.44097900390625,141
2025-07-17T20:32:30.954437,3,19,"[0, 1, 2, 3, 4, 5, 6, 7]",93.01580810546875,38.86540412902832,46.44097900390625,141,93.01580810546875,0.0,46.44097900390625,141
2025-07-17T20:32:30.961190,4,19,"[0, 1, 2, 3, 4, 5, 6, 7]",93.01580810546875,38.86540412902832,46.44097900390625,141,93.01580810546875,0.0,46.44097900390625,141
2025-07-17T20:32:30.968106,0,20,"[0, 1, 2, 3, 4, 5, 6, 7]",93.01580810546875,38.86540412902832,46.44097900390625,141,93.01580810546875,0.0,46.44097900390625,141
2025-07-17T20:32:30.975001,1,20,"[0, 1, 2, 3, 4, 5, 6, 7]",93.01580810546875,38.86540412902832,46.44097900390625,141,93.01580810546875,0.0,46.44097900390625,141
2025-07-17T20:32:30.982094,2,20,"[0, 1, 2, 3, 4, 5, 6, 7]",93.01580810546875,38.86540412902832,46.44097900390625,141,93.01580810546875,0.0,46.44097900390625,141
2025-07-17T20:32:30.989287,3,20,"[0, 1, 2, 3, 4, 5, 6, 7]",93.01580810546875,38.86540412902832,46.44097900390625,141,93.01580810546875,0.0,46.44097900390625,141
2025-07-17T20:32:30.996216,4,20,"[0, 1, 2, 3, 4, 5, 6, 7]",93.01580810546875,38.86540412902832,46.44097900390625,141,93.01580810546875,0.0,46.44097900390625,141
2025-07-17T20:32:31.002960,0,21,"[0, 1, 2, 3, 4, 5, 6, 7]",93.01580810546875,38.86540412902832,46.44097900390625,141,93.01580810546875,0.0,46.44097900390625,141
2025-07-17T20:32:31.006006,1,21,"[0, 1, 2, 3, 4, 5, 7]",93.01580810546875,38.86540412902832,46.44097900390625,141,93.01580810546875,0.0,46.44097900390625,141
2025-07-17T20:32:31.013480,2,21,"[0, 1, 2, 3, 4, 5, 6, 7]",93.01580810546875,38.86540412902832,46.44097900390625,141,93.01580810546875,0.0,46.44097900390625,141
2025-07-17T20:32:31.025489,3,21,"[0, 1, 2, 3, 4, 5, 7]",93.01580810546875,38.86540412902832,46.44097900390625,141,93.01580810546875,0.0,46.44097900390625,141
2025-07-17T20:32:31.032844,4,21,"[0, 1, 2, 3, 4, 5, 7]",93.01580810546875,38.86540412902832,46.44097900390625,141,93.01580810546875,0.0,46.44097900390625,141
2025-07-17T20:32:31.039939,0,22,"[0, 1, 2, 3, 4, 5, 6, 7]",93.01580810546875,38.86540412902832,46.44097900390625,141,93.01580810546875,0.0,46.44097900390625,141
2025-07-17T20:32:31.046888,1,22,"[1, 2, 3, 4, 5, 6]",93.01580810546875,38.86540412902832,46.44097900390625,141,93.01580810546875,0.0,46.44097900390625,141
2025-07-17T20:32:31.054316,2,22,"[0, 1, 2, 3, 4, 5, 6, 7]",93.01580810546875,38.86540412902832,46.44097900390625,141,93.01580810546875,0.0,46.44097900390625,141
2025-07-17T20:32:31.061720,3,22,"[1, 2, 3, 4, 5, 6]",93.01580810546875,38.86540412902832,46.44097900390625,141,93.01580810546875,0.0,46.44097900390625,141
2025-07-17T20:32:31.069161,4,22,"[1, 2, 3, 4, 5, 6]",93.01580810546875,38.86540412902832,46.44097900390625,141,93.01580810546875,0.0,46.44097900390625,141
2025-07-17T20:32:31.076628,0,23,"[0, 1, 2, 3, 4, 5, 6, 7]",93.01580810546875,38.86540412902832,46.44097900390625,141,93.01580810546875,0.0,46.44097900390625,141
2025-07-17T20:32:31.083801,1,23,"[0, 1, 2, 3, 4, 5, 6, 7]",93.01580810546875,38.86540412902832,46.44097900390625,141,93.01580810546875,0.0,46.44097900390625,141
2025-07-17T20:32:31.091212,2,23,"[0, 1, 2, 3, 4, 5, 6, 7]",93.01580810546875,38.86540412902832,46.44097900390625,141,93.01580810546875,0.0,46.44097900390625,141
2025-07-17T20:32:31.098633,3,23,"[0, 1, 2, 3, 4, 5, 6, 7]",93.01580810546875,38.86540412902832,46.44097900390625,141,93.01580810546875,0.0,46.44097900390625,141
2025-07-17T20:32:31.105859,4,23,"[0, 1, 2, 3, 4, 5, 6, 7]",93.01580810546875,38.86540412902832,46.44097900390625,141,93.01580810546875,0.0,46.44097900390625,141
2025-07-17T20:32:31.114699,0,24,"[0, 1, 2, 3, 4, 5, 6, 7]",93.01580810546875,38.86540412902832,46.44097900390625,141,93.01580810546875,0.0,46.44097900390625,141
2025-07-17T20:32:31.121531,1,24,"[0, 1, 2, 3, 4, 5, 6, 7]",93.01580810546875,38.86540412902832,46.44097900390625,141,93.01580810546875,0.0,46.44097900390625,141
2025-07-17T20:32:31.128457,2,24,"[0, 1, 2, 3, 4, 5, 6, 7]",93.01580810546875,38.86456489562988,46.44097900390625,141,93.01580810546875,0.0,46.44097900390625,141
2025-07-17T20:32:31.135430,3,24,"[0, 1, 2, 3, 4, 5, 6, 7]",93.01580810546875,38.86456489562988,46.44097900390625,141,93.01580810546875,0.0,46.44097900390625,141
2025-07-17T20:32:31.142033,4,24,"[0, 1, 2, 3, 4, 5, 6, 7]",93.01580810546875,38.86456489562988,46.44097900390625,141,93.01580810546875,0.0,46.44097900390625,141
2025-07-17T20:32:31.149181,0,25,"[0, 1, 2, 3, 4, 5, 6, 7]",93.01580810546875,38.86540412902832,46.44097900390625,141,93.01580810546875,0.0,46.44097900390625,141
2025-07-17T20:32:31.156496,1,25,"[0, 1, 2, 3, 4, 5, 6, 7]",93.01580810546875,38.86540412902832,46.44097900390625,141,93.01580810546875,0.0,46.44097900390625,141
2025-07-17T20:32:31.163261,2,25,"[0, 1, 2, 3, 4, 5, 6, 7]",93.01580810546875,38.86540412902832,46.44097900390625,141,93.01580810546875,0.0,46.44097900390625,141
2025-07-17T20:32:31.170166,3,25,"[0, 1, 2, 3, 4, 5, 6, 7]",93.01580810546875,38.86540412902832,46.44097900390625,141,93.01580810546875,0.0,46.44097900390625,141
2025-07-17T20:32:31.177196,4,25,"[0, 1, 2, 3, 4, 5, 6, 7]",93.01580810546875,38.86540412902832,46.44097900390625,141,93.01580810546875,0.0,46.44097900390625,141
2025-07-17T20:32:31.184060,0,26,"[0, 1, 2, 3, 4, 5, 6, 7]",93.01580810546875,38.86540412902832,46.44097900390625,141,93.01580810546875,0.0,46.44097900390625,141
2025-07-17T20:32:31.191206,1,26,"[0, 1, 2, 3, 4, 5, 6, 7]",93.01580810546875,38.86540412902832,46.44097900390625,141,93.01580810546875,0.0,46.44097900390625,141
2025-07-17T20:32:31.198698,2,26,"[0, 1, 2, 3, 4, 5, 6, 7]",93.01580810546875,38.86540412902832,46.44097900390625,141,93.01580810546875,0.0,46.44097900390625,141
2025-07-17T20:32:31.206198,3,26,"[0, 1, 2, 3, 4, 5, 6, 7]",93.01580810546875,38.86540412902832,46.44097900390625,141,93.01580810546875,0.0,46.44097900390625,141
2025-07-17T20:32:31.213481,4,26,"[0, 1, 2, 3, 4, 5, 6, 7]",93.01580810546875,38.86540412902832,46.44097900390625,141,93.01580810546875,0.0,46.44097900390625,141
2025-07-17T20:32:31.220479,0,27,"[0, 1, 2, 3, 4, 5, 6, 7]",93.01580810546875,38.86540412902832,46.44097900390625,141,93.01580810546875,0.0,46.44097900390625,141
2025-07-17T20:32:31.228215,1,27,"[0, 1, 2, 3, 4, 5, 6, 7]",93.01580810546875,38.86540412902832,46.44097900390625,141,93.01580810546875,0.0,46.44097900390625,141
2025-07-17T20:32:31.236809,2,27,"[0, 1, 2, 3, 4, 5, 6, 7]",93.01580810546875,38.86540412902832,46.44097900390625,141,93.01580810546875,0.0,46.44097900390625,141
2025-07-17T20:32:31.245218,3,27,"[0, 1, 2, 3, 4, 5, 6, 7]",93.01580810546875,38.86482238769531,46.44097900390625,141,93.01580810546875,0.0,46.44097900390625,141
2025-07-17T20:32:31.247170,4,27,"[0, 1, 2, 3, 4, 5, 6, 7]",93.01580810546875,38.86482238769531,46.44097900390625,141,93.01580810546875,0.0,46.44097900390625,141
2025-07-17T20:32:31.254386,0,28,"[0, 1, 2, 3, 4, 5, 6, 7]",93.01580810546875,38.86456489562988,46.44097900390625,141,93.01580810546875,0.0,46.44097900390625,141
2025-07-17T20:32:31.265614,1,28,"[0, 1, 2, 3, 4, 5, 6, 7]",93.01580810546875,38.86456489562988,46.44097900390625,141,93.01580810546875,0.0,46.44097900390625,141
2025-07-17T20:32:31.267633,2,28,"[0, 1, 2, 3, 4, 5, 6, 7]",93.01580810546875,38.86540412902832,46.44097900390625,141,93.01580810546875,0.0,46.44097900390625,141
2025-07-17T20:32:31.274764,3,28,"[0, 1, 2, 3, 4, 5, 6, 7]",93.01580810546875,38.86540412902832,46.44097900390625,141,93.01580810546875,0.0,46.44097900390625,141
2025-07-17T20:32:31.283741,4,28,"[0, 1, 2, 3, 4, 5, 6, 7]",93.01580810546875,38.86540412902832,46.44097900390625,141,93.01580810546875,0.0,46.44097900390625,141
2025-07-17T20:32:31.290653,0,29,"[0, 1, 2, 3, 4, 5, 6, 7]",93.01580810546875,38.86540412902832,46.44097900390625,141,93.01580810546875,0.0,46.44097900390625,141
2025-07-17T20:32:31.296799,1,29,"[0, 1, 2, 3, 4, 5, 6, 7]",93.01580810546875,38.86540412902832,46.44097900390625,141,93.01580810546875,0.0,46.44097900390625,141
2025-07-17T20:32:31.304247,2,29,"[0, 1, 2, 3, 4, 5, 6, 7]",93.01580810546875,38.86540412902832,46.44097900390625,141,93.01580810546875,0.0,46.44097900390625,141
2025-07-17T20:32:31.311416,3,29,"[0, 1, 2, 3, 4, 5, 6, 7]",93.01580810546875,38.86540412902832,46.44097900390625,141,93.01580810546875,0.0,46.44097900390625,141
2025-07-17T20:32:31.318628,4,29,"[0, 1, 2, 3, 4, 5, 6, 7]",93.01580810546875,38.86540412902832,46.44097900390625,141,93.01580810546875,0.0,46.44097900390625,141
2025-07-17T20:32:31.324721,0,30,"[0, 1, 2, 3, 4, 5, 6, 7]",93.01580810546875,38.86540412902832,46.44097900390625,141,93.01580810546875,0.0,46.44097900390625,141
2025-07-17T20:32:31.332902,1,30,"[0, 1, 2, 3, 4, 5, 6, 7]",93.01580810546875,38.86540412902832,46.44097900390625,141,93.01580810546875,0.0,46.44097900390625,141
2025-07-17T20:32:31.345230,2,30,"[0, 1, 2, 3, 4, 5, 6, 7]",93.01580810546875,38.86540412902832,46.44097900390625,141,93.01580810546875,0.0,46.44097900390625,141
2025-07-17T20:32:31.347483,3,30,"[0, 1, 2, 3, 4, 5, 6, 7]",93.01580810546875,38.86540412902832,46.44097900390625,141,93.01580810546875,0.0,46.44097900390625,141
2025-07-17T20:32:31.354568,4,30,"[0, 1, 2, 3, 4, 5, 6, 7]",93.01580810546875,38.86540412902832,46.44097900390625,141,93.01580810546875,0.0,46.44097900390625,141
2025-07-17T20:32:31.361653,0,31,"[0, 1, 2, 3, 4, 5, 6, 7]",93.01580810546875,38.87229824066162,46.44097900390625,141,93.01580810546875,0.0,46.44097900390625,141
2025-07-17T20:32:31.373884,1,31,"[0, 1, 2, 3, 4, 5, 6, 7]",93.01580810546875,38.86967182159424,46.44097900390625,141,93.01580810546875,0.0,46.44097900390625,141
2025-07-17T20:32:31.382951,2,31,"[0, 1, 2, 3, 4, 5, 6, 7]",93.01580810546875,38.86620616912842,46.44097900390625,141,93.01580810546875,0.0,46.44097900390625,141
2025-07-17T20:32:31.386431,3,31,"[0, 1, 2, 3, 4, 5, 6, 7]",93.01580810546875,38.863579750061035,46.44097900390625,141,93.01580810546875,0.0,46.44097900390625,141
2025-07-17T20:32:31.394645,4,31,"[0, 1, 2, 3, 4, 5, 6, 7]",93.01580810546875,38.86002254486084,46.44097900390625,141,93.01580810546875,0.0,46.44097900390625,141
2025-07-17T20:32:31.405841,0,0,"[0, 1, 2, 3, 4, 5, 6, 7]",93.01580810546875,38.85531425476074,46.44097900390625,141,93.01580810546875,0.0,46.44097900390625,141
2025-07-17T20:32:31.413027,1,0,"[0, 1, 2, 3, 4, 5, 6, 7]",93.01580810546875,38.85852241516113,46.44097900390625,141,93.01580810546875,0.0,46.44097900390625,141
2025-07-17T20:32:31.420544,2,0,"[0, 1, 2, 3, 4, 5, 6, 7]",93.01580810546875,38.86149787902832,46.44097900390625,141,93.01580810546875,0.0,46.44097900390625,141
2025-07-17T20:32:31.428169,3,0,"[0, 1, 2, 3, 4, 5, 6, 7]",93.01580810546875,38.86438179016113,46.44097900390625,141,93.01580810546875,0.0,46.44097900390625,141
2025-07-17T20:32:31.435315,4,0,"[0, 1, 2, 3, 4, 5, 6, 7]",93.01580810546875,38.86540412902832,46.44097900390625,141,93.01580810546875,0.0,46.44097900390625,141
2025-07-17T20:32:31.447931,0,1,"[0, 1, 2, 3, 4, 5, 6, 7]",93.01580810546875,38.86540412902832,46.44097900390625,141,93.01580810546875,0.0,46.44097900390625,141
2025-07-17T20:32:31.455956,1,1,"[0, 1, 2, 3, 4, 5, 6, 7]",93.01580810546875,38.86540412902832,46.44097900390625,141,93.01580810546875,0.0,46.44097900390625,141
2025-07-17T20:32:31.463302,2,1,"[0, 1, 2, 3, 4, 5, 6]",93.01580810546875,38.86540412902832,46.44097900390625,141,93.01580810546875,0.0,46.44097900390625,141
2025-07-17T20:32:31.470495,3,1,"[0, 1, 2, 3, 4, 5, 6, 7]",93.01580810546875,38.86540412902832,46.44097900390625,141,93.01580810546875,0.0,46.44097900390625,141
2025-07-17T20:32:31.478134,4,1,"[0, 1, 2, 3, 4, 5, 6, 7]",93.01580810546875,38.86540412902832,46.44097900390625,141,93.01580810546875,0.0,46.44097900390625,141
2025-07-17T20:32:31.485574,0,2,"[0, 1, 2, 3, 4, 5, 6, 7]",93.01580810546875,38.86540412902832,46.44097900390625,141,93.01580810546875,0.0,46.44097900390625,141
2025-07-17T20:32:31.493188,1,2,"[0, 1, 2, 3, 4, 5, 6, 7]",93.01580810546875,38.86540412902832,46.44097900390625,141,93.01580810546875,0.0,46.44097900390625,141
2025-07-17T20:32:31.500279,2,2,"[0, 1, 2, 3, 4, 5, 6, 7]",93.01580810546875,38.86540412902832,46.44097900390625,141,93.01580810546875,0.0,46.44097900390625,141
2025-07-17T20:32:31.507287,3,2,"[0, 1, 2, 3, 4, 5, 6, 7]",93.01580810546875,38.86540412902832,46.44097900390625,141,93.01580810546875,0.0,46.44097900390625,141
2025-07-17T20:32:31.514281,4,2,"[0, 1, 2, 3, 4, 5, 6, 7]",93.01580810546875,38.86540412902832,46.44097900390625,141,93.01580810546875,0.0,46.44097900390625,141
2025-07-17T20:32:31.521498,0,3,"[0, 1, 2, 3, 4, 5, 6, 7]",93.01580810546875,38.86540412902832,46.44097900390625,141,93.01580810546875,0.0,46.44097900390625,141
2025-07-17T20:32:31.529272,1,3,"[0, 1, 2, 3, 4, 5, 6, 7]",93.01580810546875,38.86540412902832,46.44097900390625,141,93.01580810546875,0.0,46.44097900390625,141
2025-07-17T20:32:31.535862,2,3,"[0, 1, 2, 3, 4, 5, 6, 7]",93.01580810546875,38.86540412902832,46.44097900390625,141,93.01580810546875,0.0,46.44097900390625,141
2025-07-17T20:32:31.543116,3,3,"[0, 1, 2, 3, 4, 5, 6, 7]",93.01580810546875,38.86540412902832,46.44097900390625,141,93.01580810546875,0.0,46.44097900390625,141
2025-07-17T20:32:31.549881,4,3,"[0, 1, 2, 3, 4, 5, 6, 7]",93.01580810546875,38.86540412902832,46.44097900390625,141,93.01580810546875,0.0,46.44097900390625,141
2025-07-17T20:32:31.556779,0,4,"[0, 1, 2, 3, 4, 5, 6, 7]",93.01580810546875,38.86540412902832,46.44097900390625,141,93.01580810546875,0.0,46.44097900390625,141
2025-07-17T20:32:31.563968,1,4,"[0, 1, 2, 3, 4, 5, 6, 7]",93.01580810546875,38.86540412902832,46.44097900390625,141,93.01580810546875,0.0,46.44097900390625,141
2025-07-17T20:32:31.571159,2,4,"[0, 1, 2, 3, 4, 5, 6, 7]",93.01580810546875,38.86540412902832,46.44097900390625,141,93.01580810546875,0.0,46.44097900390625,141
2025-07-17T20:32:31.578195,3,4,"[0, 1, 2, 3, 4, 5, 6, 7]",93.01580810546875,38.86540412902832,46.44097900390625,141,93.01580810546875,0.0,46.44097900390625,141
2025-07-17T20:32:31.585255,4,4,"[0, 1, 2, 3, 4, 5, 6, 7]",93.01580810546875,38.86540412902832,46.44097900390625,141,93.01580810546875,0.0,46.44097900390625,141
2025-07-17T20:32:31.591972,0,5,"[0, 1, 2, 3, 4, 5, 6, 7]",93.01580810546875,38.86540412902832,46.44097900390625,141,93.01580810546875,0.0,46.44097900390625,141
2025-07-17T20:32:31.599169,1,5,"[0, 1, 2, 3, 4, 5, 6, 7]",93.01580810546875,38.86540412902832,46.44097900390625,141,93.01580810546875,0.0,46.44097900390625,141
2025-07-17T20:32:31.607368,2,5,"[0, 1, 2, 3, 4, 5, 6, 7]",93.01580810546875,38.86540412902832,46.44097900390625,141,93.01580810546875,0.0,46.44097900390625,141
2025-07-17T20:32:31.609916,3,5,"[0, 1, 2, 3, 4, 5, 6, 7]",93.01580810546875,38.86540412902832,46.44097900390625,141,93.01580810546875,0.0,46.44097900390625,141
2025-07-17T20:32:31.616841,4,5,"[0, 1, 2, 3, 4, 5, 6, 7]",93.01580810546875,38.86540412902832,46.44097900390625,141,93.01580810546875,0.0,46.44097900390625,141
2025-07-17T20:32:31.624674,0,6,"[0, 1, 2, 3, 4, 5, 6, 7]",93.01580810546875,38.86540412902832,46.44097900390625,141,93.01580810546875,0.0,46.44097900390625,141
2025-07-17T20:32:31.632785,1,6,"[0, 1, 2, 3, 4, 5, 6, 7]",93.01580810546875,38.86540412902832,46.44097900390625,141,93.01580810546875,0.0,46.44097900390625,141
2025-07-17T20:32:31.644729,2,6,"[0, 1, 2, 3, 4, 5, 6, 7]",93.01580810546875,38.86540412902832,46.44097900390625,141,93.01580810546875,0.0,46.44097900390625,141
2025-07-17T20:32:31.647682,3,6,"[0, 1, 2, 3, 4, 5, 6, 7]",93.01580810546875,38.86540412902832,46.44097900390625,141,93.01580810546875,0.0,46.44097900390625,141
2025-07-17T20:32:31.654892,4,6,"[0, 1, 2, 3, 4, 5, 6, 7]",93.01580810546875,38.86540412902832,46.44097900390625,141,93.01580810546875,0.0,46.44097900390625,141
2025-07-17T20:32:31.661982,0,7,"[0, 1, 2, 3, 4, 5, 6, 7]",93.01580810546875,38.86540412902832,46.44097900390625,141,93.01580810546875,0.0,46.44097900390625,141
2025-07-17T20:32:31.669842,1,7,"[0, 1, 2, 3, 4, 5, 6, 7]",93.01580810546875,38.86540412902832,46.44097900390625,141,93.01580810546875,0.0,46.44097900390625,141
2025-07-17T20:32:31.676513,2,7,"[0, 1, 2, 3, 4, 5, 6, 7]",93.01580810546875,38.86540412902832,46.44097900390625,141,93.01580810546875,0.0,46.44097900390625,141
2025-07-17T20:32:31.683172,3,7,"[0, 1, 2, 3, 4, 5, 6, 7]",93.01580810546875,38.86540412902832,46.44097900390625,141,93.01580810546875,0.0,46.44097900390625,141
2025-07-17T20:32:31.694795,4,7,"[0, 1, 2, 3, 4, 5, 6, 7]",93.01580810546875,38.86540412902832,46.44097900390625,141,93.01580810546875,0.0,46.44097900390625,141
2025-07-17T20:32:31.702190,0,8,"[0, 1, 2, 3, 4, 5, 6, 7]",93.01580810546875,38.86482238769531,46.44097900390625,141,93.01580810546875,0.0,46.44097900390625,141
2025-07-17T20:32:31.709918,1,8,"[0, 1, 2, 3, 4, 5, 6, 7]",93.01580810546875,38.86482238769531,46.44097900390625,141,93.01580810546875,0.0,46.44097900390625,141
2025-07-17T20:32:31.717961,2,8,"[0, 1, 2, 3, 4, 5, 6, 7]",93.01580810546875,38.86482238769531,46.44097900390625,141,93.01580810546875,0.0,46.44097900390625,141
2025-07-17T20:32:31.720861,3,8,"[0, 1, 2, 3, 4, 5, 6, 7]",93.01580810546875,38.86456489562988,46.44097900390625,141,93.01580810546875,0.0,46.44097900390625,141
2025-07-17T20:32:31.734032,4,8,"[0, 1, 2, 3, 4, 5, 6, 7]",93.01580810546875,38.86456489562988,46.44097900390625,141,93.01580810546875,0.0,46.44097900390625,141
2025-07-17T20:32:31.736059,0,9,"[0, 1, 2, 3, 4, 5, 6, 7]",93.01580810546875,38.86540412902832,46.44097900390625,141,93.01580810546875,0.0,46.44097900390625,141
2025-07-17T20:32:31.742823,1,9,"[0, 1, 2, 3, 4, 5, 7]",93.01580810546875,38.86540412902832,46.44097900390625,141,93.01580810546875,0.0,46.44097900390625,141
2025-07-17T20:32:31.749366,2,9,"[0, 1, 2, 3, 4, 5, 6, 7]",93.01580810546875,38.86540412902832,46.44097900390625,141,93.01580810546875,0.0,46.44097900390625,141
2025-07-17T20:32:31.762107,3,9,"[0, 1, 2, 3, 4, 5, 7]",93.01580810546875,38.86540412902832,46.44097900390625,141,93.01580810546875,0.0,46.44097900390625,141
2025-07-17T20:32:31.764534,4,9,"[0, 1, 2, 3, 4, 5, 7]",93.01580810546875,38.86540412902832,46.44097900390625,141,93.01580810546875,0.0,46.44097900390625,141
2025-07-17T20:32:31.771837,0,10,"[0, 1, 2, 3, 4, 5, 6, 7]",93.01580810546875,38.86540412902832,46.44097900390625,141,93.01580810546875,0.0,46.44097900390625,141
2025-07-17T20:32:31.784038,1,10,"[0, 1, 2, 3, 4, 5, 7]",93.01580810546875,38.86540412902832,46.44097900390625,141,93.01580810546875,0.0,46.44097900390625,141
2025-07-17T20:32:31.786558,2,10,"[0, 1, 2, 3, 4, 5, 6, 7]",93.01580810546875,38.86540412902832,46.44097900390625,141,93.01580810546875,0.0,46.44097900390625,141
2025-07-17T20:32:31.793679,3,10,"[0, 1, 2, 3, 4, 5, 7]",93.01580810546875,38.86540412902832,46.44097900390625,141,93.01580810546875,0.0,46.44097900390625,141
2025-07-17T20:32:31.801448,4,10,"[0, 1, 2, 3, 4, 5, 7]",93.01580810546875,38.86540412902832,46.44097900390625,141,93.01580810546875,0.0,46.44097900390625,141
2025-07-17T20:32:31.809635,0,11,"[0, 1, 2, 3, 4, 5, 6, 7]",93.01580810546875,38.86540412902832,46.44097900390625,141,93.01580810546875,0.0,46.44097900390625,141
2025-07-17T20:32:31.817285,1,11,"[0, 1, 2, 3, 4, 5, 6, 7]",93.01580810546875,38.86540412902832,46.44097900390625,141,93.01580810546875,0.0,46.44097900390625,141
2025-07-17T20:32:31.828680,2,11,"[0, 1, 2, 3, 4, 5, 6, 7]",93.01580810546875,38.86540412902832,46.44097900390625,141,93.01580810546875,0.0,46.44097900390625,141
2025-07-17T20:32:31.831078,3,11,"[0, 1, 2, 3, 4, 5, 6, 7]",93.01580810546875,38.86540412902832,46.44097900390625,141,93.01580810546875,0.0,46.44097900390625,141
2025-07-17T20:32:31.843297,4,11,"[0, 1, 2, 3, 4, 5, 6, 7]",93.01580810546875,38.86540412902832,46.44097900390625,141,93.01580810546875,0.0,46.44097900390625,141
2025-07-17T20:32:31.851334,0,12,"[0, 1, 2, 3, 4, 5, 6, 7]",93.01580810546875,38.86540412902832,46.44097900390625,141,93.01580810546875,0.0,46.44097900390625,141
2025-07-17T20:32:31.858558,1,12,"[0, 1, 2, 3, 4, 5, 6]",93.01580810546875,38.86540412902832,46.44097900390625,141,93.01580810546875,0.0,46.44097900390625,141
2025-07-17T20:32:31.865064,2,12,"[0, 1, 2, 3, 4, 5, 6, 7]",93.01580810546875,38.86540412902832,46.44097900390625,141,93.01580810546875,0.0,46.44097900390625,141
2025-07-17T20:32:31.872114,3,12,"[0, 1, 2, 3, 4, 5, 6]",93.01580810546875,38.86540412902832,46.44097900390625,141,93.01580810546875,0.0,46.44097900390625,141
2025-07-17T20:32:31.879169,4,12,"[0, 1, 2, 3, 4, 5, 6]",93.01580810546875,38.86540412902832,46.44097900390625,141,93.01580810546875,0.0,46.44097900390625,141
2025-07-17T20:32:31.886013,0,13,"[0, 1, 2, 3, 4, 5, 6, 7]",93.01580810546875,38.86540412902832,46.44097900390625,141,93.01580810546875,0.0,46.44097900390625,141
2025-07-17T20:32:31.893730,1,13,"[0, 1, 2, 3, 4, 5, 6, 7]",93.01580810546875,38.86540412902832,46.44097900390625,141,93.01580810546875,0.0,46.44097900390625,141
2025-07-17T20:32:31.900797,2,13,"[0, 1, 2, 3, 4, 5, 6, 7]",93.01580810546875,38.86540412902832,46.44097900390625,141,93.01580810546875,0.0,46.44097900390625,141
2025-07-17T20:32:31.907865,3,13,"[0, 1, 2, 3, 4, 5, 6, 7]",93.01580810546875,38.86540412902832,46.44097900390625,141,93.01580810546875,0.0,46.44097900390625,141
2025-07-17T20:32:31.915123,4,13,"[0, 1, 2, 3, 4, 5, 6, 7]",93.01580810546875,38.86540412902832,46.44097900390625,141,93.01580810546875,0.0,46.44097900390625,141
2025-07-17T20:32:31.922284,0,14,"[0, 1, 2, 3, 4, 5, 6, 7]",93.01580810546875,38.86540412902832,46.44097900390625,141,93.01580810546875,0.0,46.44097900390625,141
2025-07-17T20:32:31.929099,1,14,"[0, 1, 2, 3, 4, 5, 6, 7]",93.01580810546875,38.86540412902832,46.44097900390625,141,93.01580810546875,0.0,46.44097900390625,141
2025-07-17T20:32:31.936449,2,14,"[0, 1, 2, 3, 4, 5, 6, 7]",93.01580810546875,38.86540412902832,46.44097900390625,141,93.01580810546875,0.0,46.44097900390625,141
2025-07-17T20:32:31.943112,3,14,"[0, 1, 2, 3, 4, 5, 6, 7]",93.01580810546875,38.86540412902832,46.44097900390625,141,93.01580810546875,0.0,46.44097900390625,141
2025-07-17T20:32:31.950116,4,14,"[0, 1, 2, 3, 4, 5, 6, 7]",93.01580810546875,38.86540412902832,46.44097900390625,141,93.01580810546875,0.0,46.44097900390625,141
2025-07-17T20:32:31.957129,0,15,"[0, 1, 2, 3, 4, 5, 6, 7]",93.01580810546875,38.86540412902832,46.44097900390625,141,93.01580810546875,0.0,46.44097900390625,141
2025-07-17T20:32:31.963835,1,15,"[0, 1, 2, 3, 4, 5, 6, 7]",93.01580810546875,38.86540412902832,46.44097900390625,141,93.01580810546875,0.0,46.44097900390625,141
2025-07-17T20:32:31.972006,2,15,"[0, 1, 2, 3, 4, 5, 6, 7]",93.01580810546875,38.86540412902832,46.44097900390625,141,93.01580810546875,0.0,46.44097900390625,141
2025-07-17T20:32:31.979435,3,15,"[0, 1, 2, 3, 4, 5, 6, 7]",93.01580810546875,38.86540412902832,46.44097900390625,141,93.01580810546875,0.0,46.44097900390625,141
2025-07-17T20:32:31.985967,4,15,"[0, 1, 2, 3, 4, 5, 6, 7]",93.01580810546875,38.86540412902832,46.44097900390625,141,93.01580810546875,0.0,46.44097900390625,141
2025-07-17T20:32:31.993086,0,16,"[0, 1, 2, 3, 4, 5, 6, 7]",93.01580810546875,38.86540412902832,46.44097900390625,141,93.01580810546875,0.0,46.44097900390625,141
2025-07-17T20:32:32.001319,1,16,"[0, 1, 2, 3, 4, 5, 6, 7]",93.01580810546875,38.86482238769531,46.44097900390625,141,93.01580810546875,0.0,46.44097900390625,141
2025-07-17T20:32:32.010140,2,16,"[0, 1, 2, 3, 4, 5, 6, 7]",93.01580810546875,38.86540412902832,46.44097900390625,141,93.01580810546875,0.0,46.44097900390625,141
2025-07-17T20:32:32.018185,3,16,"[0, 1, 2, 3, 4, 5, 6, 7]",93.01580810546875,38.86482238769531,46.44097900390625,141,93.01580810546875,0.0,46.44097900390625,141
2025-07-17T20:32:32.026121,4,16,"[0, 1, 2, 3, 4, 5, 6, 7]",93.01580810546875,38.86482238769531,46.44097900390625,141,93.01580810546875,0.0,46.44097900390625,141
2025-07-17T20:32:32.033739,0,17,"[0, 1, 2, 3, 4, 5, 6, 7]",93.01580810546875,38.86456489562988,46.44097900390625,141,93.01580810546875,0.0,46.44097900390625,141
2025-07-17T20:32:32.041184,1,17,"[0, 1, 2, 3, 4, 5, 6, 7]",93.01580810546875,38.86540412902832,46.44097900390625,141,93.01580810546875,0.0,46.44097900390625,141
2025-07-17T20:32:32.047864,2,17,"[0, 1, 2, 3, 4, 5, 6, 7]",93.01580810546875,38.86540412902832,46.44097900390625,141,93.01580810546875,0.0,46.44097900390625,141
2025-07-17T20:32:32.055052,3,17,"[0, 1, 2, 3, 4, 5, 6, 7]",93.01580810546875,38.86540412902832,46.44097900390625,141,93.01580810546875,0.0,46.44097900390625,141
2025-07-17T20:32:32.061817,4,17,"[0, 1, 2, 3, 4, 5, 6, 7]",93.01580810546875,38.86540412902832,46.44097900390625,141,93.01580810546875,0.0,46.44097900390625,141
2025-07-17T20:32:32.072321,0,18,"[0, 1, 2, 3, 4, 5, 6, 7]",93.01580810546875,38.86482238769531,46.44097900390625,141,93.01580810546875,0.0,46.44097900390625,141
2025-07-17T20:32:32.080991,1,18,"[0, 1, 2, 3, 4, 5, 6, 7]",93.01580810546875,38.86456489562988,46.44097900390625,141,93.01580810546875,0.0,46.44097900390625,141
2025-07-17T20:32:32.088097,2,18,"[0, 1, 2, 3, 4, 5, 6, 7]",93.01580810546875,38.86456489562988,46.44097900390625,141,93.01580810546875,0.0,46.44097900390625,141
2025-07-17T20:32:32.096046,3,18,"[0, 1, 2, 3, 4, 5, 6, 7]",93.01580810546875,38.86456489562988,46.44097900390625,141,93.01580810546875,0.0,46.44097900390625,141
2025-07-17T20:32:32.098262,4,18,"[0, 1, 2, 3, 4, 5, 6, 7]",93.01580810546875,38.86456489562988,46.44097900390625,141,93.01580810546875,0.0,46.44097900390625,141
2025-07-17T20:32:32.109176,0,19,"[0, 1, 2, 3, 4, 5, 6, 7]",93.01580810546875,38.86540412902832,46.44097900390625,141,93.01580810546875,0.0,46.44097900390625,141
2025-07-17T20:32:32.116206,1,19,"[0, 1, 2, 3, 4, 5, 6, 7]",93.01580810546875,38.86540412902832,46.44097900390625,141,93.01580810546875,0.0,46.44097900390625,141
2025-07-17T20:32:32.122901,2,19,"[0, 1, 2, 3, 4, 5, 6, 7]",93.01580810546875,38.86540412902832,46.44097900390625,141,93.01580810546875,0.0,46.44097900390625,141
2025-07-17T20:32:32.129517,3,19,"[0, 1, 2, 3, 4, 5, 6, 7]",93.01580810546875,38.86540412902832,46.44097900390625,141,93.01580810546875,0.0,46.44097900390625,141
2025-07-17T20:32:32.137194,4,19,"[0, 1, 2, 3, 4, 5, 6, 7]",93.01580810546875,38.86540412902832,46.44097900390625,141,93.01580810546875,0.0,46.44097900390625,141
2025-07-17T20:32:32.143837,0,20,"[0, 1, 2, 3, 4, 5, 6, 7]",93.01580810546875,38.86540412902832,46.44097900390625,141,93.01580810546875,0.0,46.44097900390625,141
2025-07-17T20:32:32.151349,1,20,"[0, 1, 2, 3, 4, 5, 6, 7]",93.01580810546875,38.86540412902832,46.44097900390625,141,93.01580810546875,0.0,46.44097900390625,141
2025-07-17T20:32:32.157996,2,20,"[0, 1, 2, 3, 4, 5, 6, 7]",93.01580810546875,38.86540412902832,46.44097900390625,141,93.01580810546875,0.0,46.44097900390625,141
2025-07-17T20:32:32.165008,3,20,"[0, 1, 2, 3, 4, 5, 6, 7]",93.01580810546875,38.86540412902832,46.44097900390625,141,93.01580810546875,0.0,46.44097900390625,141
2025-07-17T20:32:32.172016,4,20,"[0, 1, 2, 3, 4, 5, 6, 7]",93.01580810546875,38.86540412902832,46.44097900390625,141,93.01580810546875,0.0,46.44097900390625,141
2025-07-17T20:32:32.179354,0,21,"[0, 1, 2, 3, 4, 5, 6, 7]",93.01580810546875,38.86540412902832,46.44097900390625,141,93.01580810546875,0.0,46.44097900390625,141
2025-07-17T20:32:32.186294,1,21,"[0, 1, 2, 3, 4, 5, 6, 7]",93.01580810546875,38.86540412902832,46.44097900390625,141,93.01580810546875,0.0,46.44097900390625,141
2025-07-17T20:32:32.193231,2,21,"[0, 1, 2, 3, 4, 5, 6, 7]",93.01580810546875,38.86540412902832,46.44097900390625,141,93.01580810546875,0.0,46.44097900390625,141
2025-07-17T20:32:32.200028,3,21,"[0, 1, 2, 3, 4, 5, 6, 7]",93.01580810546875,38.86540412902832,46.44097900390625,141,93.01580810546875,0.0,46.44097900390625,141
2025-07-17T20:32:32.206968,4,21,"[0, 1, 2, 3, 4, 5, 6, 7]",93.01580810546875,38.86540412902832,46.44097900390625,141,93.01580810546875,0.0,46.44097900390625,141
2025-07-17T20:32:32.214770,0,22,"[0, 1, 2, 3, 4, 5, 6, 7]",93.01580810546875,38.86540412902832,46.44097900390625,141,93.01580810546875,0.0,46.44097900390625,141
2025-07-17T20:32:32.221879,1,22,"[0, 1, 3, 4, 5, 6, 7]",93.01580810546875,38.86482238769531,46.44097900390625,141,93.01580810546875,0.0,46.44097900390625,141
2025-07-17T20:32:32.229049,2,22,"[0, 1, 2, 3, 4, 5, 6, 7]",93.01580810546875,38.86482238769531,46.44097900390625,141,93.01580810546875,0.0,46.44097900390625,141
2025-07-17T20:32:32.236574,3,22,"[0, 1, 3, 4, 5, 6, 7]",93.01580810546875,38.86482238769531,46.44097900390625,141,93.01580810546875,0.0,46.44097900390625,141
2025-07-17T20:32:32.244287,4,22,"[0, 1, 3, 4, 5, 6, 7]",93.01580810546875,38.86482238769531,46.44097900390625,141,93.01580810546875,0.0,46.44097900390625,141
2025-07-17T20:32:32.251038,0,23,"[0, 1, 2, 3, 4, 5, 6, 7]",93.01580810546875,38.86456489562988,46.44097900390625,141,93.01580810546875,0.0,46.44097900390625,141
2025-07-17T20:32:32.258891,1,23,"[0, 1, 2, 3, 4, 5, 6, 7]",93.01580810546875,38.86540412902832,46.44097900390625,141,93.01580810546875,0.0,46.44097900390625,141
2025-07-17T20:32:32.266042,2,23,"[0, 1, 2, 3, 4, 5, 6, 7]",93.01580810546875,38.86540412902832,46.44097900390625,141,93.01580810546875,0.0,46.44097900390625,141
2025-07-17T20:32:32.273913,3,23,"[0, 1, 2, 3, 4, 5, 6, 7]",93.01580810546875,38.86540412902832,46.44097900390625,141,93.01580810546875,0.0,46.44097900390625,141
2025-07-17T20:32:32.281790,4,23,"[0, 1, 2, 3, 4, 5, 6, 7]",93.01580810546875,38.86540412902832,46.44097900390625,141,93.01580810546875,0.0,46.44097900390625,141
2025-07-17T20:32:32.289005,0,24,"[0, 1, 2, 3, 4, 5, 6, 7]",93.01580810546875,38.86482238769531,46.44097900390625,141,93.01580810546875,0.0,46.44097900390625,141
2025-07-17T20:32:32.296577,1,24,"[0, 1, 2, 3, 5, 6, 7]",93.01580810546875,38.86456489562988,46.44097900390625,141,93.01580810546875,0.0,46.44097900390625,141
2025-07-17T20:32:32.304026,2,24,"[0, 1, 2, 3, 4, 5, 6, 7]",93.01580810546875,38.86456489562988,46.44097900390625,141,93.01580810546875,0.0,46.44097900390625,141
2025-07-17T20:32:32.306513,3,24,"[0, 1, 2, 3, 5, 6, 7]",93.01580810546875,38.86540412902832,46.44097900390625,141,93.01580810546875,0.0,46.44097900390625,141
2025-07-17T20:32:32.314651,4,24,"[0, 1, 2, 3, 5, 6, 7]",93.01580810546875,38.86540412902832,46.44097900390625,141,93.01580810546875,0.0,46.44097900390625,141
2025-07-17T20:32:32.322201,0,25,"[0, 1, 2, 3, 4, 5, 6, 7]",93.01580810546875,38.86540412902832,46.44097900390625,141,93.01580810546875,0.0,46.44097900390625,141
2025-07-17T20:32:32.329173,1,25,"[0, 1, 2, 3, 4, 5, 6, 7]",93.01580810546875,38.86540412902832,46.44097900390625,141,93.01580810546875,0.0,46.44097900390625,141
2025-07-17T20:32:32.341057,2,25,"[0, 1, 2, 3, 4, 5, 6, 7]",93.01580810546875,38.86540412902832,46.44097900390625,141,93.01580810546875,0.0,46.44097900390625,141
2025-07-17T20:32:32.343435,3,25,"[0, 1, 2, 3, 4, 5, 6, 7]",93.01580810546875,38.86540412902832,46.44097900390625,141,93.01580810546875,0.0,46.44097900390625,141
2025-07-17T20:32:32.350755,4,25,"[0, 1, 2, 3, 4, 5, 6, 7]",93.01580810546875,38.86540412902832,46.44097900390625,141,93.01580810546875,0.0,46.44097900390625,141
2025-07-17T20:32:32.358087,0,26,"[0, 1, 2, 3, 4, 5, 6, 7]",93.01580810546875,38.86540412902832,46.44097900390625,141,93.01580810546875,0.0,46.44097900390625,141
2025-07-17T20:32:32.370694,1,26,"[0, 1, 2, 3, 4, 5, 6, 7]",93.01580810546875,38.86540412902832,46.44097900390625,141,93.01580810546875,0.0,46.44097900390625,141
2025-07-17T20:32:32.372894,2,26,"[0, 1, 2, 3, 4, 5, 6, 7]",93.01580810546875,38.86540412902832,46.44097900390625,141,93.01580810546875,0.0,46.44097900390625,141
2025-07-17T20:32:32.379303,3,26,"[0, 1, 2, 3, 4, 5, 6, 7]",93.01580810546875,38.86540412902832,46.44097900390625,141,93.01580810546875,0.0,46.44097900390625,141
2025-07-17T20:32:32.386268,4,26,"[0, 1, 2, 3, 4, 5, 6, 7]",93.01580810546875,38.86540412902832,46.44097900390625,141,93.01580810546875,0.0,46.44097900390625,141
2025-07-17T20:32:32.394009,0,27,"[0, 1, 2, 3, 4, 5, 6, 7]",93.01580810546875,38.86540412902832,46.44097900390625,141,93.01580810546875,0.0,46.44097900390625,141
2025-07-17T20:32:32.405387,1,27,"[0, 1, 2, 3, 4, 5, 6, 7]",93.01580810546875,38.86540412902832,46.44097900390625,141,93.01580810546875,0.0,46.44097900390625,141
2025-07-17T20:32:32.412760,2,27,"[0, 1, 2, 3, 4, 5, 6, 7]",93.01580810546875,38.86540412902832,46.44097900390625,141,93.01580810546875,0.0,46.44097900390625,141
2025-07-17T20:32:32.420189,3,27,"[0, 1, 2, 3, 4, 5, 6, 7]",93.01580810546875,38.86540412902832,46.44097900390625,141,93.01580810546875,0.0,46.44097900390625,141
2025-07-17T20:32:32.428158,4,27,"[0, 1, 2, 3, 4, 5, 6, 7]",93.01580810546875,38.86540412902832,46.44097900390625,141,93.01580810546875,0.0,46.44097900390625,141
2025-07-17T20:32:32.434905,0,28,"[0, 1, 2, 3, 4, 5, 6, 7]",93.01580810546875,38.86540412902832,46.44097900390625,141,93.01580810546875,0.0,46.44097900390625,141
2025-07-17T20:32:32.443442,1,28,"[0, 1, 2, 3, 4, 5, 6, 7]",93.01580810546875,38.86482238769531,46.44097900390625,141,93.01580810546875,0.0,46.44097900390625,141
2025-07-17T20:32:32.451835,2,28,"[0, 1, 2, 3, 4, 5, 6, 7]",93.01580810546875,38.86482238769531,46.44097900390625,141,93.01580810546875,0.0,46.44097900390625,141
2025-07-17T20:32:32.454356,3,28,"[0, 1, 2, 3, 4, 5, 6, 7]",93.01580810546875,38.86456489562988,46.44097900390625,141,93.01580810546875,0.0,46.44097900390625,141
2025-07-17T20:32:32.465795,4,28,"[0, 1, 2, 3, 4, 5, 6, 7]",93.01580810546875,38.86540412902832,46.44097900390625,141,93.01580810546875,0.0,46.44097900390625,141
2025-07-17T20:32:32.472848,0,29,"[0, 1, 2, 3, 4, 5, 6, 7]",93.01580810546875,38.86540412902832,46.44097900390625,141,93.01580810546875,0.0,46.44097900390625,141
2025-07-17T20:32:32.480150,1,29,"[0, 1, 2, 3, 4, 5, 6, 7]",93.01580810546875,38.86540412902832,46.44097900390625,141,93.01580810546875,0.0,46.44097900390625,141
2025-07-17T20:32:32.487835,2,29,"[0, 1, 2, 3, 4, 5, 6, 7]",93.01580810546875,38.86540412902832,46.44097900390625,141,93.01580810546875,0.0,46.44097900390625,141
2025-07-17T20:32:32.494839,3,29,"[0, 1, 2, 3, 4, 5, 6, 7]",93.01580810546875,38.86540412902832,46.44097900390625,141,93.01580810546875,0.0,46.44097900390625,141
2025-07-17T20:32:32.501758,4,29,"[0, 1, 2, 3, 4, 5, 6, 7]",93.01580810546875,38.86540412902832,46.44097900390625,141,93.01580810546875,0.0,46.44097900390625,141
2025-07-17T20:32:32.508786,0,30,"[0, 1, 2, 3, 4, 5, 6, 7]",93.01580810546875,38.86540412902832,46.44097900390625,141,93.01580810546875,0.0,46.44097900390625,141
2025-07-17T20:32:32.515943,1,30,"[0, 1, 3, 4, 5, 6, 7]",93.01580810546875,38.86540412902832,46.44097900390625,141,93.01580810546875,0.0,46.44097900390625,141
2025-07-17T20:32:32.522520,2,30,"[0, 1, 2, 3, 4, 5, 6, 7]",93.01580810546875,38.86540412902832,46.44097900390625,141,93.01580810546875,0.0,46.44097900390625,141
2025-07-17T20:32:32.529989,3,30,"[0, 1, 3, 4, 5, 6, 7]",93.01580810546875,38.86540412902832,46.44097900390625,141,93.01580810546875,0.0,46.44097900390625,141
2025-07-17T20:32:32.536983,4,30,"[0, 1, 3, 4, 5, 6, 7]",93.01580810546875,38.86540412902832,46.44097900390625,141,93.01580810546875,0.0,46.44097900390625,141
2025-07-17T20:32:32.545207,0,31,"[0, 1, 2, 3, 4, 5, 6, 7]",93.01580810546875,38.87287998199463,46.44097900390625,141,93.01580810546875,0.0,46.44097900390625,141
2025-07-17T20:32:32.554264,1,31,"[0, 1, 2, 3, 4, 5, 6, 7]",93.01580810546875,38.870253562927246,46.44097900390625,141,93.01580810546875,0.0,46.44097900390625,141
2025-07-17T20:32:32.562792,2,31,"[0, 1, 2, 3, 4, 5, 6, 7]",93.01580810546875,38.867045402526855,46.44097900390625,141,93.01580810546875,0.0,46.44097900390625,141
2025-07-17T20:32:32.571502,3,31,"[0, 1, 2, 3, 4, 5, 6, 7]",93.01580810546875,38.863837242126465,46.44097900390625,141,93.01580810546875,0.0,46.44097900390625,141
2025-07-17T20:32:32.575420,4,31,"[0, 1, 2, 3, 4, 5, 6, 7]",93.01580810546875,38.86002254486084,46.44097900390625,141,93.01580810546875,0.0,46.44097900390625,141
2025-07-17T20:32:32.590850,0,0,"[0, 1, 2, 3, 4, 5, 6, 7]",93.01580810546875,38.85531425476074,46.44097900390625,141,93.01580810546875,0.0,46.44097900390625,141
2025-07-17T20:32:32.597996,1,0,"[0, 1, 2, 3, 4, 5, 6, 7]",93.01580810546875,38.85852241516113,46.44097900390625,141,93.01580810546875,0.0,46.44097900390625,141
2025-07-17T20:32:32.605025,2,0,"[0, 1, 2, 3, 4, 5, 6, 7]",93.01580810546875,38.86149787902832,46.44097900390625,141,93.01580810546875,0.0,46.44097900390625,141
2025-07-17T20:32:32.614184,3,0,"[0, 1, 2, 3, 4, 5, 6, 7]",93.01580810546875,38.86438179016113,46.44097900390625,141,93.01580810546875,0.0,46.44097900390625,141
2025-07-17T20:32:32.622018,4,0,"[0, 1, 2, 3, 4, 5, 6, 7]",93.01580810546875,38.86540412902832,46.44097900390625,141,93.01580810546875,0.0,46.44097900390625,141
2025-07-17T20:32:32.629170,0,1,"[0, 1, 2, 3, 4, 5, 6, 7]",93.01580810546875,38.86540412902832,46.44097900390625,141,93.01580810546875,0.0,46.44097900390625,141
2025-07-17T20:32:32.636452,1,1,"[0, 1, 2, 3, 4, 5, 6, 7]",93.01580810546875,38.86540412902832,46.44097900390625,141,93.01580810546875,0.0,46.44097900390625,141
2025-07-17T20:32:32.643826,2,1,"[0, 1, 2, 3, 4, 5, 6, 7]",93.01580810546875,38.86540412902832,46.44097900390625,141,93.01580810546875,0.0,46.44097900390625,141
2025-07-17T20:32:32.650915,3,1,"[0, 1, 2, 3, 4, 5, 6, 7]",93.01580810546875,38.86540412902832,46.44097900390625,141,93.01580810546875,0.0,46.44097900390625,141
2025-07-17T20:32:32.658414,4,1,"[0, 1, 2, 3, 4, 5, 6, 7]",93.01580810546875,38.86540412902832,46.44097900390625,141,93.01580810546875,0.0,46.44097900390625,141
2025-07-17T20:32:32.666242,0,2,"[0, 1, 2, 3, 4, 5, 6, 7]",93.01580810546875,38.86540412902832,46.44097900390625,141,93.01580810546875,0.0,46.44097900390625,141
2025-07-17T20:32:32.673953,1,2,"[0, 1, 2, 3, 4, 5, 6, 7]",93.01580810546875,38.86540412902832,46.44097900390625,141,93.01580810546875,0.0,46.44097900390625,141
2025-07-17T20:32:32.681185,2,2,"[0, 1, 2, 3, 4, 5, 6, 7]",93.01580810546875,38.86540412902832,46.44097900390625,141,93.01580810546875,0.0,46.44097900390625,141
2025-07-17T20:32:32.688119,3,2,"[0, 1, 2, 3, 4, 5, 6, 7]",93.01580810546875,38.86540412902832,46.44097900390625,141,93.01580810546875,0.0,46.44097900390625,141
2025-07-17T20:32:32.695156,4,2,"[0, 1, 2, 3, 4, 5, 6, 7]",93.01580810546875,38.86540412902832,46.44097900390625,141,93.01580810546875,0.0,46.44097900390625,141
2025-07-17T20:32:32.702272,0,3,"[0, 1, 2, 3, 4, 5, 6, 7]",93.01580810546875,38.86540412902832,46.44097900390625,141,93.01580810546875,0.0,46.44097900390625,141
2025-07-17T20:32:32.708965,1,3,"[0, 1, 2, 3, 4, 5, 6, 7]",93.01580810546875,38.86540412902832,46.44097900390625,141,93.01580810546875,0.0,46.44097900390625,141
2025-07-17T20:32:32.715882,2,3,"[0, 1, 2, 3, 4, 5, 6, 7]",93.01580810546875,38.86540412902832,46.44097900390625,141,93.01580810546875,0.0,46.44097900390625,141
2025-07-17T20:32:32.722885,3,3,"[0, 1, 2, 3, 4, 5, 6, 7]",93.01580810546875,38.86540412902832,46.44097900390625,141,93.01580810546875,0.0,46.44097900390625,141
2025-07-17T20:32:32.731080,4,3,"[0, 1, 2, 3, 4, 5, 6, 7]",93.01580810546875,38.86540412902832,46.44097900390625,141,93.01580810546875,0.0,46.44097900390625,141
2025-07-17T20:32:32.738104,0,4,"[0, 1, 2, 3, 4, 5, 6, 7]",93.01580810546875,38.86540412902832,46.44097900390625,141,93.01580810546875,0.0,46.44097900390625,141
2025-07-17T20:32:32.745369,1,4,"[0, 1, 2, 3, 4, 5, 6, 7]",93.01580810546875,38.86540412902832,46.44097900390625,141,93.01580810546875,0.0,46.44097900390625,141
2025-07-17T20:32:32.752913,2,4,"[0, 1, 2, 3, 4, 5, 6, 7]",93.01580810546875,38.86540412902832,46.44097900390625,141,93.01580810546875,0.0,46.44097900390625,141
2025-07-17T20:32:32.760377,3,4,"[0, 1, 2, 3, 4, 5, 6, 7]",93.01580810546875,38.86540412902832,46.44097900390625,141,93.01580810546875,0.0,46.44097900390625,141
2025-07-17T20:32:32.768328,4,4,"[0, 1, 2, 3, 4, 5, 6, 7]",93.01580810546875,38.86540412902832,46.44097900390625,141,93.01580810546875,0.0,46.44097900390625,141
2025-07-17T20:32:32.770827,0,5,"[0, 1, 2, 3, 4, 5, 6, 7]",93.01580810546875,38.86540412902832,46.44097900390625,141,93.01580810546875,0.0,46.44097900390625,141
2025-07-17T20:32:32.778942,1,5,"[0, 1, 2, 3, 4, 5, 6, 7]",93.01580810546875,38.86540412902832,46.44097900390625,141,93.01580810546875,0.0,46.44097900390625,141
2025-07-17T20:32:32.785977,2,5,"[0, 1, 2, 3, 4, 5, 6, 7]",93.01580810546875,38.86540412902832,46.44097900390625,141,93.01580810546875,0.0,46.44097900390625,141
2025-07-17T20:32:32.792801,3,5,"[0, 1, 2, 3, 4, 5, 6, 7]",93.01580810546875,38.86540412902832,46.44097900390625,141,93.01580810546875,0.0,46.44097900390625,141
2025-07-17T20:32:32.799176,4,5,"[0, 1, 2, 3, 4, 5, 6, 7]",93.01580810546875,38.86540412902832,46.44097900390625,141,93.01580810546875,0.0,46.44097900390625,141
2025-07-17T20:32:32.806591,0,6,"[0, 1, 2, 3, 4, 5, 6, 7]",93.01580810546875,38.86540412902832,46.44097900390625,141,93.01580810546875,0.0,46.44097900390625,141
2025-07-17T20:32:32.813848,1,6,"[0, 1, 2, 4, 5, 6, 7]",93.01580810546875,38.86540412902832,46.44097900390625,141,93.01580810546875,0.0,46.44097900390625,141
2025-07-17T20:32:32.824842,2,6,"[0, 1, 2, 3, 4, 5, 6, 7]",93.01580810546875,38.86540412902832,46.44097900390625,141,93.01580810546875,0.0,46.44097900390625,141
2025-07-17T20:32:32.827315,3,6,"[0, 1, 2, 4, 5, 6, 7]",93.01580810546875,38.86540412902832,46.44097900390625,141,93.01580810546875,0.0,46.44097900390625,141
2025-07-17T20:32:32.838515,4,6,"[0, 1, 2, 4, 5, 6, 7]",93.01580810546875,38.86540412902832,46.44097900390625,141,93.01580810546875,0.0,46.44097900390625,141
2025-07-17T20:32:32.845439,0,7,"[0, 1, 2, 3, 4, 5, 6, 7]",93.01580810546875,38.86540412902832,46.44097900390625,141,93.01580810546875,0.0,46.44097900390625,141
2025-07-17T20:32:32.852522,1,7,"[0, 1, 2, 4, 5, 6, 7]",93.01580810546875,38.86540412902832,46.44097900390625,141,93.01580810546875,0.0,46.44097900390625,141
2025-07-17T20:32:32.861035,2,7,"[0, 1, 2, 3, 4, 5, 6, 7]",93.01580810546875,38.86540412902832,46.44097900390625,141,93.01580810546875,0.0,46.44097900390625,141
2025-07-17T20:32:32.868821,3,7,"[0, 1, 2, 4, 5, 6, 7]",93.01580810546875,38.86456489562988,46.44097900390625,141,93.01580810546875,0.0,46.44097900390625,141
2025-07-17T20:32:32.876405,4,7,"[0, 1, 2, 4, 5, 6, 7]",93.01580810546875,38.86456489562988,46.44097900390625,141,93.01580810546875,0.0,46.44097900390625,141
2025-07-17T20:32:32.883797,0,8,"[0, 1, 2, 3, 4, 5, 6, 7]",93.01580810546875,38.86456489562988,46.44097900390625,141,93.01580810546875,0.0,46.44097900390625,141
2025-07-17T20:32:32.891196,1,8,"[0, 1, 2, 3, 4, 5, 6, 7]",93.01580810546875,38.86456489562988,46.44097900390625,141,93.01580810546875,0.0,46.44097900390625,141
2025-07-17T20:32:32.898068,2,8,"[0, 1, 2, 3, 4, 5, 6, 7]",93.01580810546875,38.86540412902832,46.44097900390625,141,93.01580810546875,0.0,46.44097900390625,141
2025-07-17T20:32:32.904974,3,8,"[0, 1, 2, 3, 4, 5, 6, 7]",93.01580810546875,38.86540412902832,46.44097900390625,141,93.01580810546875,0.0,46.44097900390625,141
2025-07-17T20:32:32.911335,4,8,"[0, 1, 2, 3, 4, 5, 6, 7]",93.01580810546875,38.86540412902832,46.44097900390625,141,93.01580810546875,0.0,46.44097900390625,141
2025-07-17T20:32:32.918179,0,9,"[0, 1, 2, 3, 4, 5, 6, 7]",93.01580810546875,38.86540412902832,46.44097900390625,141,93.01580810546875,0.0,46.44097900390625,141
2025-07-17T20:32:32.925142,1,9,"[0, 1, 2, 4, 5, 6, 7]",93.01580810546875,38.86540412902832,46.44097900390625,141,93.01580810546875,0.0,46.44097900390625,141
2025-07-17T20:32:32.932198,2,9,"[0, 1, 2, 3, 4, 5, 6, 7]",93.01580810546875,38.86540412902832,46.44097900390625,141,93.01580810546875,0.0,46.44097900390625,141
2025-07-17T20:32:32.939736,3,9,"[0, 1, 2, 4, 5, 6, 7]",93.01580810546875,38.86540412902832,46.44097900390625,141,93.01580810546875,0.0,46.44097900390625,141
2025-07-17T20:32:32.947694,4,9,"[0, 1, 2, 4, 5, 6, 7]",93.01580810546875,38.86540412902832,46.44097900390625,141,93.01580810546875,0.0,46.44097900390625,141
2025-07-17T20:32:32.954149,0,10,"[0, 1, 2, 3, 4, 5, 6, 7]",93.01580810546875,38.86482238769531,46.44097900390625,141,93.01580810546875,0.0,46.44097900390625,141
2025-07-17T20:32:32.961111,1,10,"[0, 1, 2, 3, 4, 5, 6, 7]",93.01580810546875,38.86482238769531,46.44097900390625,141,93.01580810546875,0.0,46.44097900390625,141
2025-07-17T20:32:32.968049,2,10,"[0, 1, 2, 3, 4, 5, 6, 7]",93.01580810546875,38.86456489562988,46.44097900390625,141,93.01580810546875,0.0,46.44097900390625,141
2025-07-17T20:32:32.975978,3,10,"[0, 1, 2, 3, 4, 5, 6, 7]",93.01580810546875,38.86456489562988,46.44097900390625,141,93.01580810546875,0.0,46.44097900390625,141
2025-07-17T20:32:32.982942,4,10,"[0, 1, 2, 3, 4, 5, 6, 7]",93.01580810546875,38.86540412902832,46.44097900390625,141,93.01580810546875,0.0,46.44097900390625,141
2025-07-17T20:32:32.990312,0,11,"[0, 1, 2, 3, 4, 5, 6, 7]",93.01580810546875,38.86540412902832,46.44097900390625,141,93.01580810546875,0.0,46.44097900390625,141
2025-07-17T20:32:32.997041,1,11,"[0, 1, 2, 3, 4, 5, 6, 7]",93.01580810546875,38.86540412902832,46.44097900390625,141,93.01580810546875,0.0,46.44097900390625,141
2025-07-17T20:32:33.004700,2,11,"[0, 1, 2, 3, 4, 5, 6, 7]",93.01580810546875,38.86540412902832,46.44097900390625,141,93.01580810546875,0.0,46.44097900390625,141
2025-07-17T20:32:33.012814,3,11,"[0, 1, 2, 3, 4, 5, 6, 7]",93.01580810546875,38.86540412902832,46.44097900390625,141,93.01580810546875,0.0,46.44097900390625,141
2025-07-17T20:32:33.021158,4,11,"[0, 1, 2, 3, 4, 5, 6, 7]",93.01580810546875,38.86540412902832,46.44097900390625,141,93.01580810546875,0.0,46.44097900390625,141
2025-07-17T20:32:33.028023,0,12,"[0, 1, 2, 3, 4, 5, 6, 7]",93.01580810546875,38.86540412902832,46.44097900390625,141,93.01580810546875,0.0,46.44097900390625,141
2025-07-17T20:32:33.035933,1,12,"[0, 1, 2, 3, 4, 5, 6]",93.01580810546875,38.86482238769531,46.44097900390625,141,93.01580810546875,0.0,46.44097900390625,141
2025-07-17T20:32:33.043103,2,12,"[0, 1, 2, 3, 4, 5, 6, 7]",93.01580810546875,38.86482238769531,46.44097900390625,141,93.01580810546875,0.0,46.44097900390625,141
2025-07-17T20:32:33.050839,3,12,"[0, 1, 2, 3, 4, 5, 6]",93.01580810546875,38.86482238769531,46.44097900390625,141,93.01580810546875,0.0,46.44097900390625,141
2025-07-17T20:32:33.058401,4,12,"[0, 1, 2, 3, 4, 5, 6]",93.01580810546875,38.86456489562988,46.44097900390625,141,93.01580810546875,0.0,46.44097900390625,141
2025-07-17T20:32:33.066725,0,13,"[0, 1, 2, 3, 4, 5, 6, 7]",93.01580810546875,38.86456489562988,46.44097900390625,141,93.01580810546875,0.0,46.44097900390625,141
2025-07-17T20:32:33.069101,1,13,"[0, 1, 2, 3, 4, 5, 6, 7]",93.01580810546875,38.86540412902832,46.44097900390625,141,93.01580810546875,0.0,46.44097900390625,141
2025-07-17T20:32:33.075998,2,13,"[0, 1, 2, 3, 4, 5, 6, 7]",93.01580810546875,38.86540412902832,46.44097900390625,141,93.01580810546875,0.0,46.44097900390625,141
2025-07-17T20:32:33.083668,3,13,"[0, 1, 2, 3, 4, 5, 6, 7]",93.01580810546875,38.86540412902832,46.44097900390625,141,93.01580810546875,0.0,46.44097900390625,141
2025-07-17T20:32:33.094663,4,13,"[0, 1, 2, 3, 4, 5, 6, 7]",93.01580810546875,38.86540412902832,46.44097900390625,141,93.01580810546875,0.0,46.44097900390625,141
2025-07-17T20:32:33.097366,0,14,"[0, 1, 2, 3, 4, 5, 6, 7]",93.01580810546875,38.86540412902832,46.44097900390625,141,93.01580810546875,0.0,46.44097900390625,141
2025-07-17T20:32:33.108507,1,14,"[0, 1, 2, 3, 4, 5, 6, 7]",93.01580810546875,38.86540412902832,46.44097900390625,141,93.01580810546875,0.0,46.44097900390625,141
2025-07-17T20:32:33.115524,2,14,"[0, 1, 2, 3, 4, 5, 6, 7]",93.01580810546875,38.86540412902832,46.44097900390625,141,93.01580810546875,0.0,46.44097900390625,141
2025-07-17T20:32:33.123107,3,14,"[0, 1, 2, 3, 4, 5, 6, 7]",93.01580810546875,38.86540412902832,46.44097900390625,141,93.01580810546875,0.0,46.44097900390625,141
2025-07-17T20:32:33.130069,4,14,"[0, 1, 2, 3, 4, 5, 6, 7]",93.01580810546875,38.86540412902832,46.44097900390625,141,93.01580810546875,0.0,46.44097900390625,141
2025-07-17T20:32:33.137380,0,15,"[0, 1, 2, 3, 4, 5, 6, 7]",93.01580810546875,38.86540412902832,46.44097900390625,141,93.01580810546875,0.0,46.44097900390625,141
2025-07-17T20:32:33.145096,1,15,"[0, 1, 2, 3, 4, 5, 6, 7]",93.01580810546875,38.86456489562988,46.44097900390625,141,93.01580810546875,0.0,46.44097900390625,141
2025-07-17T20:32:33.151624,2,15,"[0, 1, 2, 3, 4, 5, 6, 7]",93.01580810546875,38.86456489562988,46.44097900390625,141,93.01580810546875,0.0,46.44097900390625,141
2025-07-17T20:32:33.160074,3,15,"[0, 1, 2, 3, 4, 5, 6, 7]",93.01580810546875,38.86540412902832,46.44097900390625,141,93.01580810546875,0.0,46.44097900390625,141
2025-07-17T20:32:33.169066,4,15,"[0, 1, 2, 3, 4, 5, 6, 7]",93.01580810546875,38.86482238769531,46.44097900390625,141,93.01580810546875,0.0,46.44097900390625,141
2025-07-17T20:32:33.171028,0,16,"[0, 1, 2, 3, 4, 5, 6, 7]",93.01580810546875,38.86540412902832,46.44097900390625,141,93.01580810546875,0.0,46.44097900390625,141
2025-07-17T20:32:33.178983,1,16,"[0, 1, 2, 3, 4, 5, 6, 7]",93.01580810546875,38.86540412902832,46.44097900390625,141,93.01580810546875,0.0,46.44097900390625,141
2025-07-17T20:32:33.185586,2,16,"[0, 1, 2, 3, 4, 5, 6, 7]",93.01580810546875,38.86540412902832,46.44097900390625,141,93.01580810546875,0.0,46.44097900390625,141
2025-07-17T20:32:33.192074,3,16,"[0, 1, 2, 3, 4, 5, 6, 7]",93.01580810546875,38.86540412902832,46.44097900390625,141,93.01580810546875,0.0,46.44097900390625,141
2025-07-17T20:32:33.199825,4,16,"[0, 1, 2, 3, 4, 5, 6, 7]",93.01580810546875,38.86540412902832,46.44097900390625,141,93.01580810546875,0.0,46.44097900390625,141
2025-07-17T20:32:33.211611,0,17,"[0, 1, 2, 3, 4, 5, 6, 7]",93.01580810546875,38.86540412902832,46.44097900390625,141,93.01580810546875,0.0,46.44097900390625,141
2025-07-17T20:32:33.218586,1,17,"[0, 1, 2, 4, 5, 6, 7]",93.01580810546875,38.86540412902832,46.44097900390625,141,93.01580810546875,0.0,46.44097900390625,141
2025-07-17T20:32:33.225373,2,17,"[0, 1, 2, 3, 4, 5, 6, 7]",93.01580810546875,38.86540412902832,46.44097900390625,141,93.01580810546875,0.0,46.44097900390625,141
2025-07-17T20:32:33.232234,3,17,"[0, 1, 2, 4, 5, 6, 7]",93.01580810546875,38.86540412902832,46.44097900390625,141,93.01580810546875,0.0,46.44097900390625,141
2025-07-17T20:32:33.239133,4,17,"[0, 1, 2, 4, 5, 6, 7]",93.01580810546875,38.86540412902832,46.44097900390625,141,93.01580810546875,0.0,46.44097900390625,141
2025-07-17T20:32:33.247041,0,18,"[0, 1, 2, 3, 4, 5, 6, 7]",93.01580810546875,38.86540412902832,46.44097900390625,141,93.01580810546875,0.0,46.44097900390625,141
2025-07-17T20:32:33.254263,1,18,"[0, 1, 2, 3, 4, 5, 6, 7]",93.01580810546875,38.86540412902832,46.44097900390625,141,93.01580810546875,0.0,46.44097900390625,141
2025-07-17T20:32:33.261517,2,18,"[0, 1, 2, 3, 4, 5, 6, 7]",93.01580810546875,38.86540412902832,46.44097900390625,141,93.01580810546875,0.0,46.44097900390625,141
2025-07-17T20:32:33.268877,3,18,"[0, 1, 2, 3, 4, 5, 6, 7]",93.01580810546875,38.86540412902832,46.44097900390625,141,93.01580810546875,0.0,46.44097900390625,141
2025-07-17T20:32:33.276245,4,18,"[0, 1, 2, 3, 4, 5, 6, 7]",93.01580810546875,38.86540412902832,46.44097900390625,141,93.01580810546875,0.0,46.44097900390625,141
2025-07-17T20:32:33.283254,0,19,"[0, 1, 2, 3, 4, 5, 6, 7]",93.01580810546875,38.86540412902832,46.44097900390625,141,93.01580810546875,0.0,46.44097900390625,141
2025-07-17T20:32:33.290937,1,19,"[0, 1, 2, 3, 4, 5, 6, 7]",93.01580810546875,38.86540412902832,46.44097900390625,141,93.01580810546875,0.0,46.44097900390625,141
2025-07-17T20:32:33.297990,2,19,"[0, 1, 2, 3, 4, 5, 6, 7]",93.01580810546875,38.86540412902832,46.44097900390625,141,93.01580810546875,0.0,46.44097900390625,141
2025-07-17T20:32:33.306060,3,19,"[0, 1, 2, 3, 4, 5, 6, 7]",93.01580810546875,38.86540412902832,46.44097900390625,141,93.01580810546875,0.0,46.44097900390625,141
2025-07-17T20:32:33.313347,4,19,"[0, 1, 2, 3, 4, 5, 6, 7]",93.01580810546875,38.86540412902832,46.44097900390625,141,93.01580810546875,0.0,46.44097900390625,141
2025-07-17T20:32:33.321305,0,20,"[0, 1, 2, 3, 4, 5, 6, 7]",93.01580810546875,38.86482238769531,46.44097900390625,141,93.01580810546875,0.0,46.44097900390625,141
2025-07-17T20:32:33.329023,1,20,"[0, 1, 2, 3, 4, 5, 6, 7]",93.01580810546875,38.86482238769531,46.44097900390625,141,93.01580810546875,0.0,46.44097900390625,141
2025-07-17T20:32:33.337167,2,20,"[0, 1, 2, 3, 4, 5, 6, 7]",93.01580810546875,38.86482238769531,46.44097900390625,141,93.01580810546875,0.0,46.44097900390625,141
2025-07-17T20:32:33.344480,3,20,"[0, 1, 2, 3, 4, 5, 6, 7]",93.01580810546875,38.86456489562988,46.44097900390625,141,93.01580810546875,0.0,46.44097900390625,141
2025-07-17T20:32:33.351537,4,20,"[0, 1, 2, 3, 4, 5, 6, 7]",93.01580810546875,38.86456489562988,46.44097900390625,141,93.01580810546875,0.0,46.44097900390625,141
2025-07-17T20:32:33.359169,0,21,"[0, 1, 2, 3, 4, 5, 6, 7]",93.01580810546875,38.86540412902832,46.44097900390625,141,93.01580810546875,0.0,46.44097900390625,141
2025-07-17T20:32:33.366740,1,21,"[0, 1, 2, 3, 4, 5, 6, 7]",93.01580810546875,38.86540412902832,46.44097900390625,141,93.01580810546875,0.0,46.44097900390625,141
2025-07-17T20:32:33.373802,2,21,"[0, 1, 2, 3, 4, 5, 6, 7]",93.01580810546875,38.86540412902832,46.44097900390625,141,93.01580810546875,0.0,46.44097900390625,141
2025-07-17T20:32:33.381308,3,21,"[0, 1, 2, 3, 4, 5, 6, 7]",93.01580810546875,38.86540412902832,46.44097900390625,141,93.01580810546875,0.0,46.44097900390625,141
2025-07-17T20:32:33.388669,4,21,"[0, 1, 2, 3, 4, 5, 6, 7]",93.01580810546875,38.86540412902832,46.44097900390625,141,93.01580810546875,0.0,46.44097900390625,141
2025-07-17T20:32:33.396215,0,22,"[0, 1, 2, 3, 4, 5, 6, 7]",93.01580810546875,38.86540412902832,46.44097900390625,141,93.01580810546875,0.0,46.44097900390625,141
2025-07-17T20:32:33.403736,1,22,"[1, 2, 3, 4, 5, 6, 7]",93.01580810546875,38.86540412902832,46.44097900390625,141,93.01580810546875,0.0,46.44097900390625,141
2025-07-17T20:32:33.411779,2,22,"[0, 1, 2, 3, 4, 5, 6, 7]",93.01580810546875,38.86540412902832,46.44097900390625,141,93.01580810546875,0.0,46.44097900390625,141
2025-07-17T20:32:33.419733,3,22,"[1, 2, 3, 4, 5, 6, 7]",93.01580810546875,38.86540412902832,46.44097900390625,141,93.01580810546875,0.0,46.44097900390625,141
2025-07-17T20:32:33.427272,4,22,"[1, 2, 3, 4, 5, 6, 7]",93.01580810546875,38.86540412902832,46.44097900390625,141,93.01580810546875,0.0,46.44097900390625,141
2025-07-17T20:32:33.434278,0,23,"[0, 1, 2, 3, 4, 5, 6, 7]",93.01580810546875,38.86540412902832,46.44097900390625,141,93.01580810546875,0.0,46.44097900390625,141
2025-07-17T20:32:33.442673,1,23,"[0, 1, 2, 3, 4, 5, 6, 7]",93.01580810546875,38.86540412902832,46.44097900390625,141,93.01580810546875,0.0,46.44097900390625,141
2025-07-17T20:32:33.449541,2,23,"[0, 1, 2, 3, 4, 5, 6, 7]",93.01580810546875,38.86482238769531,46.44097900390625,141,93.01580810546875,0.0,46.44097900390625,141
2025-07-17T20:32:33.456186,3,23,"[0, 1, 2, 3, 4, 5, 6, 7]",93.01580810546875,38.86482238769531,46.44097900390625,141,93.01580810546875,0.0,46.44097900390625,141
2025-07-17T20:32:33.463006,4,23,"[0, 1, 2, 3, 4, 5, 6, 7]",93.01580810546875,38.86482238769531,46.44097900390625,141,93.01580810546875,0.0,46.44097900390625,141
2025-07-17T20:32:33.470210,0,24,"[0, 1, 2, 3, 4, 5, 6, 7]",93.01580810546875,38.86456489562988,46.44097900390625,141,93.01580810546875,0.0,46.44097900390625,141
2025-07-17T20:32:33.477256,1,24,"[0, 1, 2, 3, 4, 5, 6, 7]",93.01580810546875,38.86540412902832,46.44097900390625,141,93.01580810546875,0.0,46.44097900390625,141
2025-07-17T20:32:33.485264,2,24,"[0, 1, 2, 3, 4, 5, 6, 7]",93.01580810546875,38.86540412902832,46.44097900390625,141,93.01580810546875,0.0,46.44097900390625,141
2025-07-17T20:32:33.492178,3,24,"[0, 1, 2, 3, 4, 5, 6, 7]",93.01580810546875,38.86540412902832,46.44097900390625,141,93.01580810546875,0.0,46.44097900390625,141
2025-07-17T20:32:33.499864,4,24,"[0, 1, 2, 3, 4, 5, 6, 7]",93.01580810546875,38.86540412902832,46.44097900390625,141,93.01580810546875,0.0,46.44097900390625,141
2025-07-17T20:32:33.508203,0,25,"[0, 1, 2, 3, 4, 5, 6, 7]",93.01580810546875,38.86482238769531,46.44097900390625,141,93.01580810546875,0.0,46.44097900390625,141
2025-07-17T20:32:33.515329,1,25,"[0, 1, 2, 3, 4, 6, 7]",93.01580810546875,38.86456489562988,46.44097900390625,141,93.01580810546875,0.0,46.44097900390625,141
2025-07-17T20:32:33.522806,2,25,"[0, 1, 2, 3, 4, 5, 6, 7]",93.01580810546875,38.86456489562988,46.44097900390625,141,93.01580810546875,0.0,46.44097900390625,141
2025-07-17T20:32:33.530025,3,25,"[0, 1, 2, 3, 4, 6, 7]",93.01580810546875,38.86456489562988,46.44097900390625,141,93.01580810546875,0.0,46.44097900390625,141
2025-07-17T20:32:33.536986,4,25,"[0, 1, 2, 3, 4, 6, 7]",93.01580810546875,38.86456489562988,46.44097900390625,141,93.01580810546875,0.0,46.44097900390625,141
2025-07-17T20:32:33.544477,0,26,"[0, 1, 2, 3, 4, 5, 6, 7]",93.01580810546875,38.86540412902832,46.44097900390625,141,93.01580810546875,0.0,46.44097900390625,141
2025-07-17T20:32:33.551266,1,26,"[0, 1, 2, 3, 4, 5, 6, 7]",93.01580810546875,38.86540412902832,46.44097900390625,141,93.01580810546875,0.0,46.44097900390625,141
2025-07-17T20:32:33.557790,2,26,"[0, 1, 2, 3, 4, 5, 6, 7]",93.01580810546875,38.86540412902832,46.44097900390625,141,93.01580810546875,0.0,46.44097900390625,141
2025-07-17T20:32:33.567708,3,26,"[0, 1, 2, 3, 4, 5, 6, 7]",93.01580810546875,38.86482238769531,46.44097900390625,141,93.01580810546875,0.0,46.44097900390625,141
2025-07-17T20:32:33.575975,4,26,"[0, 1, 2, 3, 4, 5, 6, 7]",93.01580810546875,38.86482238769531,46.44097900390625,141,93.01580810546875,0.0,46.44097900390625,141
2025-07-17T20:32:33.583850,0,27,"[0, 1, 2, 3, 4, 5, 6, 7]",93.01580810546875,38.86456489562988,46.44097900390625,141,93.01580810546875,0.0,46.44097900390625,141
2025-07-17T20:32:33.592005,1,27,"[0, 1, 2, 3, 4, 5, 6, 7]",93.01580810546875,38.86456489562988,46.44097900390625,141,93.01580810546875,0.0,46.44097900390625,141
2025-07-17T20:32:33.594946,2,27,"[0, 1, 2, 3, 4, 5, 6, 7]",93.01580810546875,38.86456489562988,46.44097900390625,141,93.01580810546875,0.0,46.44097900390625,141
2025-07-17T20:32:33.607220,3,27,"[0, 1, 2, 3, 4, 5, 6, 7]",93.01580810546875,38.86540412902832,46.44097900390625,141,93.01580810546875,0.0,46.44097900390625,141
2025-07-17T20:32:33.615221,4,27,"[0, 1, 2, 3, 4, 5, 6, 7]",93.01580810546875,38.86540412902832,46.44097900390625,141,93.01580810546875,0.0,46.44097900390625,141
2025-07-17T20:32:33.621831,0,28,"[0, 1, 2, 3, 4, 5, 6, 7]",93.01580810546875,38.86540412902832,46.44097900390625,141,93.01580810546875,0.0,46.44097900390625,141
2025-07-17T20:32:33.628949,1,28,"[0, 1, 2, 3, 4, 5, 6, 7]",93.01580810546875,38.86540412902832,46.44097900390625,141,93.01580810546875,0.0,46.44097900390625,141
2025-07-17T20:32:33.635839,2,28,"[0, 1, 2, 3, 4, 5, 6, 7]",93.01580810546875,38.86540412902832,46.44097900390625,141,93.01580810546875,0.0,46.44097900390625,141
2025-07-17T20:32:33.642611,3,28,"[0, 1, 2, 3, 4, 5, 6, 7]",93.01580810546875,38.86540412902832,46.44097900390625,141,93.01580810546875,0.0,46.44097900390625,141
2025-07-17T20:32:33.649408,4,28,"[0, 1, 2, 3, 4, 5, 6, 7]",93.01580810546875,38.86540412902832,46.44097900390625,141,93.01580810546875,0.0,46.44097900390625,141
2025-07-17T20:32:33.656891,0,29,"[0, 1, 2, 3, 4, 5, 6, 7]",93.01580810546875,38.86540412902832,46.44097900390625,141,93.01580810546875,0.0,46.44097900390625,141
2025-07-17T20:32:33.659831,1,29,"[0, 1, 2, 3, 4, 5, 6, 7]",93.01580810546875,38.86540412902832,46.44097900390625,141,93.01580810546875,0.0,46.44097900390625,141
2025-07-17T20:32:33.666755,2,29,"[0, 1, 2, 3, 4, 5, 6, 7]",93.01580810546875,38.86540412902832,46.44097900390625,141,93.01580810546875,0.0,46.44097900390625,141
2025-07-17T20:32:33.673837,3,29,"[0, 1, 2, 3, 4, 5, 6, 7]",93.01580810546875,38.86540412902832,46.44097900390625,141,93.01580810546875,0.0,46.44097900390625,141
2025-07-17T20:32:33.681044,4,29,"[0, 1, 2, 3, 4, 5, 6, 7]",93.01580810546875,38.86540412902832,46.44097900390625,141,93.01580810546875,0.0,46.44097900390625,141
2025-07-17T20:32:33.688352,0,30,"[0, 1, 2, 3, 4, 5, 6, 7]",93.01580810546875,38.86540412902832,46.44097900390625,141,93.01580810546875,0.0,46.44097900390625,141
2025-07-17T20:32:33.701819,1,30,"[0, 1, 2, 3, 4, 5, 6, 7]",93.01580810546875,38.86540412902832,46.44097900390625,141,93.01580810546875,0.0,46.44097900390625,141
2025-07-17T20:32:33.703942,2,30,"[0, 1, 2, 3, 4, 5, 6, 7]",93.01580810546875,38.86540412902832,46.44097900390625,141,93.01580810546875,0.0,46.44097900390625,141
2025-07-17T20:32:33.714857,3,30,"[0, 1, 2, 3, 4, 5, 6, 7]",93.01580810546875,38.86540412902832,46.44097900390625,141,93.01580810546875,0.0,46.44097900390625,141
2025-07-17T20:32:33.717521,4,30,"[0, 1, 2, 3, 4, 5, 6, 7]",93.01580810546875,38.86540412902832,46.44097900390625,141,93.01580810546875,0.0,46.44097900390625,141
2025-07-17T20:32:33.728378,0,31,"[0, 1, 2, 3, 4, 5, 6, 7]",93.01580810546875,38.87229824066162,46.44097900390625,141,93.01580810546875,0.0,46.44097900390625,141
2025-07-17T20:32:33.737752,1,31,"[0, 1, 2, 3, 4, 5, 6, 7]",93.01580810546875,38.86909008026123,46.44097900390625,141,93.01580810546875,0.0,46.44097900390625,141
2025-07-17T20:32:33.741744,2,31,"[0, 1, 2, 3, 4, 5, 6, 7]",93.01580810546875,38.86646366119385,46.44097900390625,141,93.01580810546875,0.0,46.44097900390625,141
2025-07-17T20:32:33.750847,3,31,"[0, 1, 2, 3, 4, 5, 6, 7]",93.01580810546875,38.86299800872803,46.44097900390625,141,93.01580810546875,0.0,46.44097900390625,141
2025-07-17T20:32:33.757121,4,31,"[0, 1, 2, 3, 4, 5, 6, 7]",93.01580810546875,38.86002254486084,46.44097900390625,141,93.01580810546875,0.0,46.44097900390625,141
2025-07-17T20:32:33.771918,0,0,"[0, 1, 2, 3, 4, 5, 6, 7]",93.01580810546875,38.85531425476074,46.44097900390625,141,93.01580810546875,0.0,46.44097900390625,141
2025-07-17T20:32:33.775025,1,0,"[0, 1, 2, 3, 4, 5, 6, 7]",93.01580810546875,38.85852241516113,46.44097900390625,141,93.01580810546875,0.0,46.44097900390625,141
2025-07-17T20:32:33.782493,2,0,"[0, 1, 2, 3, 4, 5, 6, 7]",93.01580810546875,38.86149787902832,46.44097900390625,141,93.01580810546875,0.0,46.44097900390625,141
2025-07-17T20:32:33.790218,3,0,"[0, 1, 2, 3, 4, 5, 6, 7]",93.01580810546875,38.86438179016113,46.44097900390625,141,93.01580810546875,0.0,46.44097900390625,141
2025-07-17T20:32:33.802122,4,0,"[0, 1, 2, 3, 4, 5, 6, 7]",93.01580810546875,38.86540412902832,46.44097900390625,141,93.01580810546875,0.0,46.44097900390625,141
2025-07-17T20:32:33.808897,0,1,"[0, 1, 2, 3, 4, 5, 6, 7]",93.01580810546875,38.86540412902832,46.44097900390625,141,93.01580810546875,0.0,46.44097900390625,141
2025-07-17T20:32:33.815976,1,1,"[0, 1, 2, 3, 4, 5, 6, 7]",93.01580810546875,38.86540412902832,46.44097900390625,141,93.01580810546875,0.0,46.44097900390625,141
2025-07-17T20:32:33.823139,2,1,"[0, 1, 2, 3, 4, 5, 6, 7]",93.01580810546875,38.86540412902832,46.44097900390625,141,93.01580810546875,0.0,46.44097900390625,141
2025-07-17T20:32:33.830979,3,1,"[0, 1, 2, 3, 4, 5, 6, 7]",93.01580810546875,38.86540412902832,46.44097900390625,141,93.01580810546875,0.0,46.44097900390625,141
2025-07-17T20:32:33.837942,4,1,"[0, 1, 2, 3, 4, 5, 6, 7]",93.01580810546875,38.86540412902832,46.44097900390625,141,93.01580810546875,0.0,46.44097900390625,141
2025-07-17T20:32:33.845675,0,2,"[0, 1, 2, 3, 4, 5, 6, 7]",93.01580810546875,38.86540412902832,46.44097900390625,141,93.01580810546875,0.0,46.44097900390625,141
2025-07-17T20:32:33.853252,1,2,"[0, 1, 2, 3, 4, 5, 6, 7]",93.01580810546875,38.86540412902832,46.44097900390625,141,93.01580810546875,0.0,46.44097900390625,141
2025-07-17T20:32:33.855764,2,2,"[1, 2, 3, 4, 5, 6, 7]",93.01580810546875,38.86540412902832,46.44097900390625,141,93.01580810546875,0.0,46.44097900390625,141
2025-07-17T20:32:33.864199,3,2,"[0, 1, 2, 3, 4, 5, 6, 7]",93.01580810546875,38.86540412902832,46.44097900390625,141,93.01580810546875,0.0,46.44097900390625,141
2025-07-17T20:32:33.870840,4,2,"[0, 1, 2, 3, 4, 5, 6, 7]",93.01580810546875,38.86540412902832,46.44097900390625,141,93.01580810546875,0.0,46.44097900390625,141
2025-07-17T20:32:33.877801,0,3,"[0, 1, 2, 3, 4, 5, 6, 7]",93.01580810546875,38.86540412902832,46.44097900390625,141,93.01580810546875,0.0,46.44097900390625,141
2025-07-17T20:32:33.885567,1,3,"[0, 1, 2, 3, 4, 5, 6, 7]",93.01580810546875,38.86540412902832,46.44097900390625,141,93.01580810546875,0.0,46.44097900390625,141
2025-07-17T20:32:33.898097,2,3,"[0, 1, 2, 3, 4, 5, 6, 7]",93.01580810546875,38.86540412902832,46.44097900390625,141,93.01580810546875,0.0,46.44097900390625,141
2025-07-17T20:32:33.900799,3,3,"[0, 1, 2, 3, 4, 5, 6, 7]",93.01580810546875,38.86540412902832,46.44097900390625,141,93.01580810546875,0.0,46.44097900390625,141
2025-07-17T20:32:33.908591,4,3,"[0, 1, 2, 3, 4, 5, 6, 7]",93.01580810546875,38.86540412902832,46.44097900390625,141,93.01580810546875,0.0,46.44097900390625,141
2025-07-17T20:32:33.915802,0,4,"[0, 1, 2, 3, 4, 5, 6, 7]",93.01580810546875,38.86540412902832,46.44097900390625,141,93.01580810546875,0.0,46.44097900390625,141
2025-07-17T20:32:33.923629,1,4,"[0, 1, 2, 3, 4, 5, 6, 7]",93.01580810546875,38.86540412902832,46.44097900390625,141,93.01580810546875,0.0,46.44097900390625,141
2025-07-17T20:32:33.930644,2,4,"[0, 1, 2, 3, 4, 5, 6, 7]",93.01580810546875,38.86540412902832,46.44097900390625,141,93.01580810546875,0.0,46.44097900390625,141
2025-07-17T20:32:33.938174,3,4,"[0, 1, 2, 3, 4, 5, 6, 7]",93.01580810546875,38.86540412902832,46.44097900390625,141,93.01580810546875,0.0,46.44097900390625,141
2025-07-17T20:32:33.945340,4,4,"[0, 1, 2, 3, 4, 5, 6, 7]",93.01580810546875,38.86540412902832,46.44097900390625,141,93.01580810546875,0.0,46.44097900390625,141
2025-07-17T20:32:33.952342,0,5,"[0, 1, 2, 3, 4, 5, 6, 7]",93.01580810546875,38.86540412902832,46.44097900390625,141,93.01580810546875,0.0,46.44097900390625,141
2025-07-17T20:32:33.965197,1,5,"[0, 1, 2, 3, 4, 5, 6, 7]",93.01580810546875,38.86540412902832,46.44097900390625,141,93.01580810546875,0.0,46.44097900390625,141
2025-07-17T20:32:33.967481,2,5,"[0, 1, 2, 3, 4, 5, 6, 7]",93.01580810546875,38.86540412902832,46.44097900390625,141,93.01580810546875,0.0,46.44097900390625,141
2025-07-17T20:32:33.973935,3,5,"[0, 1, 2, 3, 4, 5, 6, 7]",93.01580810546875,38.86540412902832,46.44097900390625,141,93.01580810546875,0.0,46.44097900390625,141
2025-07-17T20:32:33.985734,4,5,"[0, 1, 2, 3, 4, 5, 6, 7]",93.01580810546875,38.86540412902832,46.44097900390625,141,93.01580810546875,0.0,46.44097900390625,141
2025-07-17T20:32:33.993566,0,6,"[0, 1, 2, 3, 4, 5, 6, 7]",93.01580810546875,38.86540412902832,46.44097900390625,141,93.01580810546875,0.0,46.44097900390625,141
2025-07-17T20:32:34.001023,1,6,"[0, 1, 2, 3, 4, 5, 6, 7]",93.01580810546875,38.86540412902832,46.44097900390625,141,93.01580810546875,0.0,46.44097900390625,141
2025-07-17T20:32:34.008134,2,6,"[0, 1, 2, 3, 4, 5, 6, 7]",93.01580810546875,38.86540412902832,46.44097900390625,141,93.01580810546875,0.0,46.44097900390625,141
2025-07-17T20:32:34.015362,3,6,"[0, 1, 2, 3, 4, 5, 6, 7]",93.01580810546875,38.86540412902832,46.44097900390625,141,93.01580810546875,0.0,46.44097900390625,141
2025-07-17T20:32:34.023003,4,6,"[0, 1, 2, 3, 4, 5, 6, 7]",93.01580810546875,38.86540412902832,46.44097900390625,141,93.01580810546875,0.0,46.44097900390625,141
2025-07-17T20:32:34.030073,0,7,"[0, 1, 2, 3, 4, 5, 6, 7]",93.01580810546875,38.86540412902832,46.44097900390625,141,93.01580810546875,0.0,46.44097900390625,141
2025-07-17T20:32:34.038050,1,7,"[0, 1, 2, 3, 4, 5, 6, 7]",93.01580810546875,38.86540412902832,46.44097900390625,141,93.01580810546875,0.0,46.44097900390625,141
2025-07-17T20:32:34.045540,2,7,"[0, 1, 2, 3, 4, 5, 6, 7]",93.01580810546875,38.86540412902832,46.44097900390625,141,93.01580810546875,0.0,46.44097900390625,141
2025-07-17T20:32:34.053501,3,7,"[0, 1, 2, 3, 4, 5, 6, 7]",93.01580810546875,38.86540412902832,46.44097900390625,141,93.01580810546875,0.0,46.44097900390625,141
2025-07-17T20:32:34.061440,4,7,"[0, 1, 2, 3, 4, 5, 6, 7]",93.01580810546875,38.86540412902832,46.44097900390625,141,93.01580810546875,0.0,46.44097900390625,141
2025-07-17T20:32:34.069050,0,8,"[0, 1, 2, 3, 4, 5, 6, 7]",93.01580810546875,38.86482238769531,46.44097900390625,141,93.01580810546875,0.0,46.44097900390625,141
2025-07-17T20:32:34.077077,1,8,"[0, 1, 2, 3, 4, 5, 6, 7]",93.01580810546875,38.86482238769531,46.44097900390625,141,93.01580810546875,0.0,46.44097900390625,141
2025-07-17T20:32:34.084786,2,8,"[0, 1, 2, 3, 4, 5, 6, 7]",93.01580810546875,38.86482238769531,46.44097900390625,141,93.01580810546875,0.0,46.44097900390625,141
2025-07-17T20:32:34.091911,3,8,"[0, 1, 2, 3, 4, 5, 6, 7]",93.01580810546875,38.86456489562988,46.44097900390625,141,93.01580810546875,0.0,46.44097900390625,141
2025-07-17T20:32:34.100237,4,8,"[0, 1, 2, 3, 4, 5, 6, 7]",93.01580810546875,38.86540412902832,46.44097900390625,141,93.01580810546875,0.0,46.44097900390625,141
2025-07-17T20:32:34.107914,0,9,"[0, 1, 2, 3, 4, 5, 6, 7]",93.01580810546875,38.86540412902832,46.44097900390625,141,93.01580810546875,0.0,46.44097900390625,141
2025-07-17T20:32:34.115170,1,9,"[0, 1, 2, 3, 4, 5, 6, 7]",93.01580810546875,38.86540412902832,46.44097900390625,141,93.01580810546875,0.0,46.44097900390625,141
2025-07-17T20:32:34.123386,2,9,"[0, 1, 2, 3, 4, 5, 6, 7]",93.01580810546875,38.86540412902832,46.44097900390625,141,93.01580810546875,0.0,46.44097900390625,141
2025-07-17T20:32:34.130121,3,9,"[0, 1, 2, 3, 4, 5, 6, 7]",93.01580810546875,38.86482238769531,46.44097900390625,141,93.01580810546875,0.0,46.44097900390625,141
2025-07-17T20:32:34.137126,4,9,"[0, 1, 2, 3, 4, 5, 6, 7]",93.01580810546875,38.86456489562988,46.44097900390625,141,93.01580810546875,0.0,46.44097900390625,141
2025-07-17T20:32:34.144150,0,10,"[0, 1, 2, 3, 4, 5, 6, 7]",93.01580810546875,38.86456489562988,46.44097900390625,141,93.01580810546875,0.0,46.44097900390625,141
2025-07-17T20:32:34.150968,1,10,"[0, 1, 2, 3, 4, 5, 6, 7]",93.01580810546875,38.86456489562988,46.44097900390625,141,93.01580810546875,0.0,46.44097900390625,141
2025-07-17T20:32:34.158919,2,10,"[0, 1, 2, 3, 4, 5, 6, 7]",93.01580810546875,38.86540412902832,46.44097900390625,141,93.01580810546875,0.0,46.44097900390625,141
2025-07-17T20:32:34.166312,3,10,"[0, 1, 2, 3, 4, 5, 6, 7]",93.01580810546875,38.86540412902832,46.44097900390625,141,93.01580810546875,0.0,46.44097900390625,141
2025-07-17T20:32:34.173328,4,10,"[0, 1, 2, 3, 4, 5, 6, 7]",93.01580810546875,38.86540412902832,46.44097900390625,141,93.01580810546875,0.0,46.44097900390625,141
2025-07-17T20:32:34.179575,0,11,"[0, 1, 2, 3, 4, 5, 6, 7]",93.01580810546875,38.86540412902832,46.44097900390625,141,93.01580810546875,0.0,46.44097900390625,141
2025-07-17T20:32:34.186115,1,11,"[0, 1, 2, 3, 4, 5, 6, 7]",93.01580810546875,38.86540412902832,46.44097900390625,141,93.01580810546875,0.0,46.44097900390625,141
2025-07-17T20:32:34.193040,2,11,"[0, 1, 2, 3, 4, 5, 6, 7]",93.01580810546875,38.86540412902832,46.44097900390625,141,93.01580810546875,0.0,46.44097900390625,141
2025-07-17T20:32:34.200902,3,11,"[0, 1, 2, 3, 4, 5, 6, 7]",93.01580810546875,38.86540412902832,46.44097900390625,141,93.01580810546875,0.0,46.44097900390625,141
2025-07-17T20:32:34.208351,4,11,"[0, 1, 2, 3, 4, 5, 6, 7]",93.01580810546875,38.86540412902832,46.44097900390625,141,93.01580810546875,0.0,46.44097900390625,141
2025-07-17T20:32:34.214999,0,12,"[0, 1, 2, 3, 4, 5, 6, 7]",93.01580810546875,38.86540412902832,46.44097900390625,141,93.01580810546875,0.0,46.44097900390625,141
2025-07-17T20:32:34.221877,1,12,"[0, 1, 2, 3, 5, 6, 7]",93.01580810546875,38.86540412902832,46.44097900390625,141,93.01580810546875,0.0,46.44097900390625,141
2025-07-17T20:32:34.226826,2,12,"[0, 1, 2, 3, 4, 5, 6, 7]",93.01580810546875,38.86456489562988,46.44097900390625,141,93.01580810546875,0.0,46.44097900390625,141
2025-07-17T20:32:34.235720,3,12,"[0, 1, 2, 3, 5, 6, 7]",93.01580810546875,38.86456489562988,46.44097900390625,141,93.01580810546875,0.0,46.44097900390625,141
2025-07-17T20:32:34.242716,4,12,"[0, 1, 2, 3, 5, 6, 7]",93.01580810546875,38.86456489562988,46.44097900390625,141,93.01580810546875,0.0,46.44097900390625,141
2025-07-17T20:32:34.249081,0,13,"[0, 1, 2, 3, 4, 5, 7]",93.01580810546875,38.86456489562988,46.44097900390625,141,93.01580810546875,0.0,46.44097900390625,141
2025-07-17T20:32:34.262282,1,13,"[0, 1, 2, 3, 4, 5, 6]",93.01580810546875,38.86456489562988,46.44097900390625,141,93.01580810546875,0.0,46.44097900390625,141
2025-07-17T20:32:34.264477,2,13,"[0, 1, 2, 3, 4, 5, 6, 7]",93.01580810546875,38.86540412902832,46.44097900390625,141,93.01580810546875,0.0,46.44097900390625,141
2025-07-17T20:32:34.272125,3,13,"[0, 1, 2, 3, 4, 5, 6]",93.01580810546875,38.86540412902832,46.44097900390625,141,93.01580810546875,0.0,46.44097900390625,141
2025-07-17T20:32:34.279779,4,13,"[0, 1, 2, 3, 4, 5, 6]",93.01580810546875,38.86540412902832,46.44097900390625,141,93.01580810546875,0.0,46.44097900390625,141
2025-07-17T20:32:34.286384,0,14,"[0, 1, 2, 3, 4, 5, 6, 7]",93.01580810546875,38.86540412902832,46.44097900390625,141,93.01580810546875,0.0,46.44097900390625,141
2025-07-17T20:32:34.298526,1,14,"[0, 1, 2, 3, 4, 5, 6, 7]",93.01580810546875,38.86540412902832,46.44097900390625,141,93.01580810546875,0.0,46.44097900390625,141
2025-07-17T20:32:34.306346,2,14,"[0, 1, 2, 3, 4, 5, 6, 7]",93.01580810546875,38.86540412902832,46.44097900390625,141,93.01580810546875,0.0,46.44097900390625,141
2025-07-17T20:32:34.314674,3,14,"[0, 1, 2, 3, 4, 5, 6, 7]",93.01580810546875,38.86540412902832,46.44097900390625,141,93.01580810546875,0.0,46.44097900390625,141
2025-07-17T20:32:34.316694,4,14,"[0, 1, 2, 3, 4, 5, 6, 7]",93.01580810546875,38.86540412902832,46.44097900390625,141,93.01580810546875,0.0,46.44097900390625,141
2025-07-17T20:32:34.323734,0,15,"[0, 1, 2, 3, 4, 5, 6, 7]",93.01580810546875,38.86540412902832,46.44097900390625,141,93.01580810546875,0.0,46.44097900390625,141
2025-07-17T20:32:34.331446,1,15,"[0, 1, 2, 3, 4, 5, 6]",93.01580810546875,38.86540412902832,46.44097900390625,141,93.01580810546875,0.0,46.44097900390625,141
2025-07-17T20:32:34.338551,2,15,"[0, 1, 2, 3, 4, 5, 6, 7]",93.01580810546875,38.86540412902832,46.44097900390625,141,93.01580810546875,0.0,46.44097900390625,141
2025-07-17T20:32:34.345884,3,15,"[0, 1, 2, 3, 4, 5, 6]",93.01580810546875,38.86540412902832,46.44097900390625,141,93.01580810546875,0.0,46.44097900390625,141
2025-07-17T20:32:34.352175,4,15,"[0, 1, 2, 3, 4, 5, 6]",93.01580810546875,38.86540412902832,46.44097900390625,141,93.01580810546875,0.0,46.44097900390625,141
2025-07-17T20:32:34.359597,0,16,"[0, 1, 2, 3, 4, 5, 6, 7]",93.01580810546875,38.86540412902832,46.44097900390625,141,93.01580810546875,0.0,46.44097900390625,141
2025-07-17T20:32:34.367289,1,16,"[0, 1, 2, 3, 4, 5, 6, 7]",93.01580810546875,38.86540412902832,46.44097900390625,141,93.01580810546875,0.0,46.44097900390625,141
2025-07-17T20:32:34.374683,2,16,"[0, 1, 2, 3, 4, 5, 6, 7]",93.01580810546875,38.86540412902832,46.44097900390625,141,93.01580810546875,0.0,46.44097900390625,141
2025-07-17T20:32:34.386937,3,16,"[0, 1, 2, 3, 4, 5, 6, 7]",93.01580810546875,38.86540412902832,46.44097900390625,141,93.01580810546875,0.0,46.44097900390625,141
2025-07-17T20:32:34.389542,4,16,"[0, 1, 2, 3, 4, 5, 6, 7]",93.01580810546875,38.86540412902832,46.44097900390625,141,93.01580810546875,0.0,46.44097900390625,141
2025-07-17T20:32:34.396971,0,17,"[0, 1, 2, 3, 4, 5, 6, 7]",93.01580810546875,38.86540412902832,46.44097900390625,141,93.01580810546875,0.0,46.44097900390625,141
2025-07-17T20:32:34.404861,1,17,"[1, 2, 3, 4, 5, 6, 7]",93.01580810546875,38.86540412902832,46.44097900390625,141,93.01580810546875,0.0,46.44097900390625,141
2025-07-17T20:32:34.412756,2,17,"[0, 1, 2, 3, 4, 5, 6, 7]",93.01580810546875,38.86540412902832,46.44097900390625,141,93.01580810546875,0.0,46.44097900390625,141
2025-07-17T20:32:34.419721,3,17,"[1, 2, 3, 4, 5, 6, 7]",93.01580810546875,38.86540412902832,46.44097900390625,141,93.01580810546875,0.0,46.44097900390625,141
2025-07-17T20:32:34.427023,4,17,"[1, 2, 3, 4, 5, 6, 7]",93.01580810546875,38.86540412902832,46.44097900390625,141,93.01580810546875,0.0,46.44097900390625,141
2025-07-17T20:32:34.439599,0,18,"[0, 1, 2, 3, 4, 5, 6, 7]",93.01580810546875,38.86540412902832,46.44097900390625,141,93.01580810546875,0.0,46.44097900390625,141
2025-07-17T20:32:34.442047,1,18,"[0, 1, 3, 4, 5, 6, 7]",93.01580810546875,38.86540412902832,46.44097900390625,141,93.01580810546875,0.0,46.44097900390625,141
2025-07-17T20:32:34.454159,2,18,"[0, 1, 2, 3, 4, 5, 6, 7]",93.01580810546875,38.86540412902832,46.44097900390625,141,93.01580810546875,0.0,46.44097900390625,141
2025-07-17T20:32:34.461129,3,18,"[0, 1, 3, 4, 5, 6, 7]",93.01580810546875,38.86540412902832,46.44097900390625,141,93.01580810546875,0.0,46.44097900390625,141
2025-07-17T20:32:34.468062,4,18,"[0, 1, 3, 4, 5, 6, 7]",93.01580810546875,38.86540412902832,46.44097900390625,141,93.01580810546875,0.0,46.44097900390625,141
2025-07-17T20:32:34.475333,0,19,"[0, 1, 2, 3, 4, 5, 6, 7]",93.01580810546875,38.86540412902832,46.44097900390625,141,93.01580810546875,0.0,46.44097900390625,141
2025-07-17T20:32:34.482973,1,19,"[0, 1, 2, 3, 4, 5, 6, 7]",93.01580810546875,38.86540412902832,46.44097900390625,141,93.01580810546875,0.0,46.44097900390625,141
2025-07-17T20:32:34.490554,2,19,"[0, 1, 2, 3, 4, 5, 6, 7]",93.01580810546875,38.86540412902832,46.44097900390625,141,93.01580810546875,0.0,46.44097900390625,141
2025-07-17T20:32:34.493458,3,19,"[0, 1, 2, 3, 4, 5, 6, 7]",93.01580810546875,38.86540412902832,46.44097900390625,141,93.01580810546875,0.0,46.44097900390625,141
2025-07-17T20:32:34.500592,4,19,"[0, 1, 2, 3, 4, 5, 6, 7]",93.01580810546875,38.86540412902832,46.44097900390625,141,93.01580810546875,0.0,46.44097900390625,141
2025-07-17T20:32:34.511849,0,20,"[0, 1, 2, 3, 4, 5, 6, 7]",93.01580810546875,38.86540412902832,46.44097900390625,141,93.01580810546875,0.0,46.44097900390625,141
2025-07-17T20:32:34.519375,1,20,"[0, 1, 2, 3, 4, 5, 6, 7]",93.01580810546875,38.86540412902832,46.44097900390625,141,93.01580810546875,0.0,46.44097900390625,141
2025-07-17T20:32:34.526652,2,20,"[0, 1, 2, 3, 4, 5, 6, 7]",93.01580810546875,38.86540412902832,46.44097900390625,141,93.01580810546875,0.0,46.44097900390625,141
2025-07-17T20:32:34.533740,3,20,"[0, 1, 2, 3, 4, 5, 6, 7]",93.01580810546875,38.86540412902832,46.44097900390625,141,93.01580810546875,0.0,46.44097900390625,141
2025-07-17T20:32:34.541216,4,20,"[0, 1, 2, 3, 4, 5, 6, 7]",93.01580810546875,38.86540412902832,46.44097900390625,141,93.01580810546875,0.0,46.44097900390625,141
2025-07-17T20:32:34.549022,0,21,"[0, 1, 2, 3, 4, 5, 6, 7]",93.01580810546875,38.86540412902832,46.44097900390625,141,93.01580810546875,0.0,46.44097900390625,141
2025-07-17T20:32:34.556968,1,21,"[0, 1, 2, 3, 4, 5, 6, 7]",93.01580810546875,38.86540412902832,46.44097900390625,141,93.01580810546875,0.0,46.44097900390625,141
2025-07-17T20:32:34.563926,2,21,"[0, 1, 2, 3, 4, 5, 6, 7]",93.01580810546875,38.86540412902832,46.44097900390625,141,93.01580810546875,0.0,46.44097900390625,141
2025-07-17T20:32:34.571195,3,21,"[0, 1, 2, 3, 4, 5, 6, 7]",93.01580810546875,38.86540412902832,46.44097900390625,141,93.01580810546875,0.0,46.44097900390625,141
2025-07-17T20:32:34.578298,4,21,"[0, 1, 2, 3, 4, 5, 6, 7]",93.01580810546875,38.86540412902832,46.44097900390625,141,93.01580810546875,0.0,46.44097900390625,141
2025-07-17T20:32:34.585654,0,22,"[0, 1, 2, 3, 4, 5, 6, 7]",93.01580810546875,38.86540412902832,46.44097900390625,141,93.01580810546875,0.0,46.44097900390625,141
2025-07-17T20:32:34.592852,1,22,"[0, 1, 2, 3, 4, 5, 6, 7]",93.01580810546875,38.86540412902832,46.44097900390625,141,93.01580810546875,0.0,46.44097900390625,141
2025-07-17T20:32:34.600417,2,22,"[0, 1, 2, 3, 4, 5, 6, 7]",93.01580810546875,38.86540412902832,46.44097900390625,141,93.01580810546875,0.0,46.44097900390625,141
2025-07-17T20:32:34.608389,3,22,"[0, 1, 2, 3, 4, 5, 6, 7]",93.01580810546875,38.86540412902832,46.44097900390625,141,93.01580810546875,0.0,46.44097900390625,141
2025-07-17T20:32:34.615966,4,22,"[0, 1, 2, 3, 4, 5, 6, 7]",93.01580810546875,38.86540412902832,46.44097900390625,141,93.01580810546875,0.0,46.44097900390625,141
2025-07-17T20:32:34.622847,0,23,"[0, 1, 2, 3, 4, 5, 6, 7]",93.01580810546875,38.86540412902832,46.44097900390625,141,93.01580810546875,0.0,46.44097900390625,141
2025-07-17T20:32:34.630844,1,23,"[0, 1, 2, 3, 4, 5, 6, 7]",93.01580810546875,38.86482238769531,46.44097900390625,141,93.01580810546875,0.0,46.44097900390625,141
2025-07-17T20:32:34.638497,2,23,"[0, 1, 2, 3, 4, 5, 6, 7]",93.01580810546875,38.86456489562988,46.44097900390625,141,93.01580810546875,0.0,46.44097900390625,141
2025-07-17T20:32:34.645586,3,23,"[0, 1, 2, 3, 4, 5, 6, 7]",93.01580810546875,38.86456489562988,46.44097900390625,141,93.01580810546875,0.0,46.44097900390625,141
2025-07-17T20:32:34.652826,4,23,"[0, 1, 2, 3, 4, 5, 6, 7]",93.01580810546875,38.86456489562988,46.44097900390625,141,93.01580810546875,0.0,46.44097900390625,141
2025-07-17T20:32:34.659786,0,24,"[0, 1, 2, 3, 4, 5, 6, 7]",93.01580810546875,38.86456489562988,46.44097900390625,141,93.01580810546875,0.0,46.44097900390625,141
2025-07-17T20:32:34.667727,1,24,"[1, 3, 4, 5, 6, 7]",93.01580810546875,38.86540412902832,46.44097900390625,141,93.01580810546875,0.0,46.44097900390625,141
2025-07-17T20:32:34.675055,2,24,"[0, 1, 2, 3, 4, 5, 6, 7]",93.01580810546875,38.86540412902832,46.44097900390625,141,93.01580810546875,0.0,46.44097900390625,141
2025-07-17T20:32:34.682091,3,24,"[1, 3, 4, 5, 6, 7]",93.01580810546875,38.86540412902832,46.44097900390625,141,93.01580810546875,0.0,46.44097900390625,141
2025-07-17T20:32:34.689422,4,24,"[1, 3, 4, 5, 6, 7]",93.01580810546875,38.86540412902832,46.44097900390625,141,93.01580810546875,0.0,46.44097900390625,141
2025-07-17T20:32:34.697557,0,25,"[0, 1, 2, 3, 4, 5, 6, 7]",93.01580810546875,38.86540412902832,46.44097900390625,141,93.01580810546875,0.0,46.44097900390625,141
2025-07-17T20:32:34.704709,1,25,"[0, 1, 2, 3, 4, 5, 6, 7]",93.01580810546875,38.86540412902832,46.44097900390625,141,93.01580810546875,0.0,46.44097900390625,141
2025-07-17T20:32:34.711652,2,25,"[0, 1, 2, 3, 4, 5, 6, 7]",93.01580810546875,38.86540412902832,46.44097900390625,141,93.01580810546875,0.0,46.44097900390625,141
2025-07-17T20:32:34.719852,3,25,"[0, 1, 2, 3, 4, 5, 6, 7]",93.01580810546875,38.86540412902832,46.44097900390625,141,93.01580810546875,0.0,46.44097900390625,141
2025-07-17T20:32:34.727267,4,25,"[0, 1, 2, 3, 4, 5, 6, 7]",93.01580810546875,38.86540412902832,46.44097900390625,141,93.01580810546875,0.0,46.44097900390625,141
2025-07-17T20:32:34.734213,0,26,"[0, 1, 2, 3, 4, 5, 6, 7]",93.01580810546875,38.86540412902832,46.44097900390625,141,93.01580810546875,0.0,46.44097900390625,141
2025-07-17T20:32:34.741341,1,26,"[0, 1, 2, 3, 4, 5, 6, 7]",93.01580810546875,38.86540412902832,46.44097900390625,141,93.01580810546875,0.0,46.44097900390625,141
2025-07-17T20:32:34.748418,2,26,"[0, 1, 2, 3, 4, 5, 6, 7]",93.01580810546875,38.86540412902832,46.44097900390625,141,93.01580810546875,0.0,46.44097900390625,141
2025-07-17T20:32:34.755848,3,26,"[0, 1, 2, 3, 4, 5, 6, 7]",93.01580810546875,38.86540412902832,46.44097900390625,141,93.01580810546875,0.0,46.44097900390625,141
2025-07-17T20:32:34.762963,4,26,"[0, 1, 2, 3, 4, 5, 6, 7]",93.01580810546875,38.86540412902832,46.44097900390625,141,93.01580810546875,0.0,46.44097900390625,141
2025-07-17T20:32:34.769913,0,27,"[0, 1, 2, 3, 4, 5, 6, 7]",93.01580810546875,38.86540412902832,46.44097900390625,141,93.01580810546875,0.0,46.44097900390625,141
2025-07-17T20:32:34.777054,1,27,"[0, 1, 3, 4, 6, 7]",93.01580810546875,38.86540412902832,46.44097900390625,141,93.01580810546875,0.0,46.44097900390625,141
2025-07-17T20:32:34.784076,2,27,"[0, 1, 2, 3, 4, 5, 6, 7]",93.01580810546875,38.86540412902832,46.44097900390625,141,93.01580810546875,0.0,46.44097900390625,141
2025-07-17T20:32:34.791270,3,27,"[0, 1, 3, 4, 6, 7]",93.01580810546875,38.86540412902832,46.44097900390625,141,93.01580810546875,0.0,46.44097900390625,141
2025-07-17T20:32:34.798944,4,27,"[0, 1, 3, 4, 6, 7]",93.01580810546875,38.86540412902832,46.44097900390625,141,93.01580810546875,0.0,46.44097900390625,141
2025-07-17T20:32:34.805855,0,28,"[0, 1, 2, 3, 4, 5, 6, 7]",93.01580810546875,38.86540412902832,46.44097900390625,141,93.01580810546875,0.0,46.44097900390625,141
2025-07-17T20:32:34.812967,1,28,"[0, 1, 2, 3, 4, 5, 6, 7]",93.01580810546875,38.86540412902832,46.44097900390625,141,93.01580810546875,0.0,46.44097900390625,141
2025-07-17T20:32:34.820425,2,28,"[0, 1, 2, 3, 4, 5, 6, 7]",93.01580810546875,38.86540412902832,46.44097900390625,141,93.01580810546875,0.0,46.44097900390625,141
2025-07-17T20:32:34.828021,3,28,"[0, 1, 2, 3, 4, 5, 6, 7]",93.01580810546875,38.86540412902832,46.44097900390625,141,93.01580810546875,0.0,46.44097900390625,141
2025-07-17T20:32:34.835782,4,28,"[0, 1, 2, 3, 4, 5, 6, 7]",93.01580810546875,38.86540412902832,46.44097900390625,141,93.01580810546875,0.0,46.44097900390625,141
2025-07-17T20:32:34.843449,0,29,"[0, 1, 2, 3, 4, 5, 6, 7]",93.01580810546875,38.86540412902832,46.44097900390625,141,93.01580810546875,0.0,46.44097900390625,141
2025-07-17T20:32:34.852035,1,29,"[0, 1, 2, 3, 4, 5, 6, 7]",93.01580810546875,38.86456489562988,46.44097900390625,141,93.01580810546875,0.0,46.44097900390625,141
2025-07-17T20:32:34.859100,2,29,"[0, 1, 2, 3, 4, 5, 6, 7]",93.01580810546875,38.86456489562988,46.44097900390625,141,93.01580810546875,0.0,46.44097900390625,141
2025-07-17T20:32:34.865763,3,29,"[0, 1, 2, 3, 4, 5, 6, 7]",93.01580810546875,38.86456489562988,46.44097900390625,141,93.01580810546875,0.0,46.44097900390625,141
2025-07-17T20:32:34.873586,4,29,"[0, 1, 2, 3, 4, 5, 6, 7]",93.01580810546875,38.86456489562988,46.44097900390625,141,93.01580810546875,0.0,46.44097900390625,141
2025-07-17T20:32:34.881031,0,30,"[0, 1, 2, 3, 4, 5, 6, 7]",93.01580810546875,38.86540412902832,46.44097900390625,141,93.01580810546875,0.0,46.44097900390625,141
2025-07-17T20:32:34.887797,1,30,"[0, 1, 2, 3, 4, 5, 6, 7]",93.01580810546875,38.86540412902832,46.44097900390625,141,93.01580810546875,0.0,46.44097900390625,141
2025-07-17T20:32:34.895052,2,30,"[0, 1, 2, 3, 4, 5, 6, 7]",93.01580810546875,38.86540412902832,46.44097900390625,141,93.01580810546875,0.0,46.44097900390625,141
2025-07-17T20:32:34.903060,3,30,"[0, 1, 2, 3, 4, 5, 6, 7]",93.01580810546875,38.86540412902832,46.44097900390625,141,93.01580810546875,0.0,46.44097900390625,141
2025-07-17T20:32:34.910168,4,30,"[0, 1, 2, 3, 4, 5, 6, 7]",93.01580810546875,38.86540412902832,46.44097900390625,141,93.01580810546875,0.0,46.44097900390625,141
2025-07-17T20:32:34.918372,0,31,"[0, 1, 2, 3, 4, 5, 6, 7]",93.01580810546875,38.87204074859619,46.44097900390625,141,93.01580810546875,0.0,46.44097900390625,141
2025-07-17T20:32:34.928998,1,31,"[1, 2, 3, 4, 5, 6, 7]",93.01580810546875,38.86941432952881,46.44097900390625,141,93.01580810546875,0.0,46.44097900390625,141
2025-07-17T20:32:34.937982,2,31,"[0, 1, 2, 3, 4, 5, 6, 7]",93.01580810546875,38.86620616912842,46.44097900390625,141,93.01580810546875,0.0,46.44097900390625,141
2025-07-17T20:32:34.947158,3,31,"[1, 2, 3, 4, 5, 6, 7]",93.01580810546875,38.863579750061035,46.44097900390625,141,93.01580810546875,0.0,46.44097900390625,141
2025-07-17T20:32:34.950042,4,31,"[1, 2, 3, 4, 5, 6, 7]",93.01580810546875,38.86002254486084,46.44097900390625,141,93.01580810546875,0.0,46.44097900390625,141
2025-07-17T20:32:34.965315,0,0,"[0, 1, 2, 3, 4, 5, 6, 7]",93.01580810546875,38.85531425476074,46.44097900390625,141,93.01580810546875,0.0,46.44097900390625,141
2025-07-17T20:32:34.973172,1,0,"[0, 1, 2, 3, 5, 6, 7]",93.01580810546875,38.85852241516113,46.44097900390625,141,93.01580810546875,0.0,46.44097900390625,141
2025-07-17T20:32:34.977256,2,0,"[0, 1, 2, 3, 4, 5, 6, 7]",93.01580810546875,38.86149787902832,46.44097900390625,141,93.01580810546875,0.0,46.44097900390625,141
2025-07-17T20:32:34.991115,3,0,"[0, 1, 2, 3, 5, 6, 7]",93.01580810546875,38.86438179016113,46.44097900390625,141,93.01580810546875,0.0,46.44097900390625,141
2025-07-17T20:32:34.998763,4,0,"[0, 1, 2, 3, 5, 6, 7]",93.01580810546875,38.86540412902832,46.44097900390625,141,93.01580810546875,0.0,46.44097900390625,141
2025-07-17T20:32:35.008416,0,1,"[0, 1, 2, 3, 4, 5, 6, 7]",93.01580810546875,38.86482238769531,46.44097900390625,141,93.01580810546875,0.0,46.44097900390625,141
2025-07-17T20:32:35.015621,1,1,"[0, 1, 2, 3, 4, 5, 6, 7]",93.01580810546875,38.86482238769531,46.44097900390625,141,93.01580810546875,0.0,46.44097900390625,141
2025-07-17T20:32:35.022552,2,1,"[0, 1, 2, 3, 4, 5, 6, 7]",93.01580810546875,38.86482238769531,46.44097900390625,141,93.01580810546875,0.0,46.44097900390625,141
2025-07-17T20:32:35.029441,3,1,"[0, 1, 2, 3, 4, 5, 6, 7]",93.01580810546875,38.86456489562988,46.44097900390625,141,93.01580810546875,0.0,46.44097900390625,141
2025-07-17T20:32:35.040118,4,1,"[0, 1, 2, 3, 4, 5, 6, 7]",93.01580810546875,38.86540412902832,46.44097900390625,141,93.01580810546875,0.0,46.44097900390625,141
2025-07-17T20:32:35.048425,0,2,"[0, 1, 2, 3, 4, 5, 6, 7]",93.01580810546875,38.86540412902832,46.44097900390625,141,93.01580810546875,0.0,46.44097900390625,141
2025-07-17T20:32:35.051575,1,2,"[0, 1, 2, 3, 4, 5, 6, 7]",93.01580810546875,38.86540412902832,46.44097900390625,141,93.01580810546875,0.0,46.44097900390625,141
2025-07-17T20:32:35.065778,2,2,"[0, 1, 2, 3, 4, 5, 6, 7]",93.01580810546875,38.86540412902832,46.44097900390625,141,93.01580810546875,0.0,46.44097900390625,141
2025-07-17T20:32:35.068097,3,2,"[0, 1, 2, 3, 4, 5, 6, 7]",93.01580810546875,38.86540412902832,46.44097900390625,141,93.01580810546875,0.0,46.44097900390625,141
2025-07-17T20:32:35.075813,4,2,"[0, 1, 2, 3, 4, 5, 6, 7]",93.01580810546875,38.86540412902832,46.44097900390625,141,93.01580810546875,0.0,46.44097900390625,141
2025-07-17T20:32:35.084882,0,3,"[0, 1, 2, 3, 4, 5, 6, 7]",93.01580810546875,38.86540412902832,46.44097900390625,141,93.01580810546875,0.0,46.44097900390625,141
2025-07-17T20:32:35.092006,1,3,"[0, 1, 2, 3, 4, 5, 6, 7]",93.01580810546875,38.86540412902832,46.44097900390625,141,93.01580810546875,0.0,46.44097900390625,141
2025-07-17T20:32:35.099043,2,3,"[0, 1, 2, 3, 4, 5, 6, 7]",93.01580810546875,38.86540412902832,46.44097900390625,141,93.01580810546875,0.0,46.44097900390625,141
2025-07-17T20:32:35.106495,3,3,"[0, 1, 2, 3, 4, 5, 6, 7]",93.01580810546875,38.86540412902832,46.44097900390625,141,93.01580810546875,0.0,46.44097900390625,141
2025-07-17T20:32:35.113111,4,3,"[0, 1, 2, 3, 4, 5, 6, 7]",93.01580810546875,38.86540412902832,46.44097900390625,141,93.01580810546875,0.0,46.44097900390625,141
2025-07-17T20:32:35.126032,0,4,"[0, 1, 2, 3, 4, 5, 6, 7]",93.01580810546875,38.86540412902832,46.44097900390625,141,93.01580810546875,0.0,46.44097900390625,141
2025-07-17T20:32:35.128218,1,4,"[0, 1, 3, 4, 5, 6, 7]",93.01580810546875,38.86540412902832,46.44097900390625,141,93.01580810546875,0.0,46.44097900390625,141
2025-07-17T20:32:35.135619,2,4,"[0, 1, 2, 3, 4, 5, 6, 7]",93.01580810546875,38.86540412902832,46.44097900390625,141,93.01580810546875,0.0,46.44097900390625,141
2025-07-17T20:32:35.142398,3,4,"[0, 1, 3, 4, 5, 6, 7]",93.01580810546875,38.86540412902832,46.44097900390625,141,93.01580810546875,0.0,46.44097900390625,141
2025-07-17T20:32:35.149561,4,4,"[0, 1, 3, 4, 5, 6, 7]",93.01580810546875,38.86540412902832,46.44097900390625,141,93.01580810546875,0.0,46.44097900390625,141
2025-07-17T20:32:35.157570,0,5,"[0, 1, 2, 3, 4, 5, 6, 7]",93.01580810546875,38.86540412902832,46.44097900390625,141,93.01580810546875,0.0,46.44097900390625,141
2025-07-17T20:32:35.164452,1,5,"[0, 1, 2, 3, 4, 5, 6, 7]",93.01580810546875,38.86540412902832,46.44097900390625,141,93.01580810546875,0.0,46.44097900390625,141
2025-07-17T20:32:35.173290,2,5,"[0, 1, 2, 3, 4, 5, 6, 7]",93.01580810546875,38.86540412902832,46.44097900390625,141,93.01580810546875,0.0,46.44097900390625,141
2025-07-17T20:32:35.180502,3,5,"[0, 1, 2, 3, 4, 5, 6, 7]",93.01580810546875,38.86540412902832,46.44097900390625,141,93.01580810546875,0.0,46.44097900390625,141
2025-07-17T20:32:35.187081,4,5,"[0, 1, 2, 3, 4, 5, 6, 7]",93.01580810546875,38.86540412902832,46.44097900390625,141,93.01580810546875,0.0,46.44097900390625,141
2025-07-17T20:32:35.194869,0,6,"[0, 1, 2, 3, 4, 5, 6, 7]",93.01580810546875,38.86540412902832,46.44097900390625,141,93.01580810546875,0.0,46.44097900390625,141
2025-07-17T20:32:35.201704,1,6,"[0, 1, 2, 3, 4, 5, 6, 7]",93.01580810546875,38.86540412902832,46.44097900390625,141,93.01580810546875,0.0,46.44097900390625,141
2025-07-17T20:32:35.208538,2,6,"[0, 1, 2, 3, 4, 5, 6, 7]",93.01580810546875,38.86540412902832,46.44097900390625,141,93.01580810546875,0.0,46.44097900390625,141
2025-07-17T20:32:35.215228,3,6,"[0, 1, 2, 3, 4, 5, 6, 7]",93.01580810546875,38.86540412902832,46.44097900390625,141,93.01580810546875,0.0,46.44097900390625,141
2025-07-17T20:32:35.228748,4,6,"[0, 1, 2, 3, 4, 5, 6, 7]",93.01580810546875,38.86540412902832,46.44097900390625,141,93.01580810546875,0.0,46.44097900390625,141
2025-07-17T20:32:35.231199,0,7,"[0, 1, 2, 3, 4, 5, 6, 7]",93.01580810546875,38.86540412902832,46.44097900390625,141,93.01580810546875,0.0,46.44097900390625,141
2025-07-17T20:32:35.238495,1,7,"[0, 1, 2, 3, 4, 5, 6, 7]",93.01580810546875,38.86540412902832,46.44097900390625,141,93.01580810546875,0.0,46.44097900390625,141
2025-07-17T20:32:35.250653,2,7,"[0, 1, 2, 3, 4, 5, 6, 7]",93.01580810546875,38.86540412902832,46.44097900390625,141,93.01580810546875,0.0,46.44097900390625,141
2025-07-17T20:32:35.253196,3,7,"[0, 1, 2, 3, 4, 5, 6, 7]",93.01580810546875,38.86540412902832,46.44097900390625,141,93.01580810546875,0.0,46.44097900390625,141
2025-07-17T20:32:35.264678,4,7,"[0, 1, 2, 3, 4, 5, 6, 7]",93.01580810546875,38.86540412902832,46.44097900390625,141,93.01580810546875,0.0,46.44097900390625,141
2025-07-17T20:32:35.271896,0,8,"[0, 1, 2, 3, 4, 5, 6, 7]",93.01580810546875,38.86540412902832,46.44097900390625,141,93.01580810546875,0.0,46.44097900390625,141
2025-07-17T20:32:35.278938,1,8,"[0, 1, 2, 3, 4, 5, 6, 7]",93.01580810546875,38.86540412902832,46.44097900390625,141,93.01580810546875,0.0,46.44097900390625,141
2025-07-17T20:32:35.286164,2,8,"[0, 1, 2, 3, 4, 5, 6, 7]",93.01580810546875,38.86540412902832,46.44097900390625,141,93.01580810546875,0.0,46.44097900390625,141
2025-07-17T20:32:35.295205,3,8,"[0, 1, 2, 3, 4, 5, 6, 7]",93.01580810546875,38.86540412902832,46.44097900390625,141,93.01580810546875,0.0,46.44097900390625,141
2025-07-17T20:32:35.303578,4,8,"[0, 1, 2, 3, 4, 5, 6, 7]",93.01580810546875,38.86540412902832,46.44097900390625,141,93.01580810546875,0.0,46.44097900390625,141
2025-07-17T20:32:35.306692,0,9,"[0, 1, 2, 3, 4, 5, 6, 7]",93.01580810546875,38.86540412902832,46.44097900390625,141,93.01580810546875,0.0,46.44097900390625,141
2025-07-17T20:32:35.318475,1,9,"[0, 1, 2, 3, 4, 5, 6, 7]",93.01580810546875,38.86540412902832,46.44097900390625,141,93.01580810546875,0.0,46.44097900390625,141
2025-07-17T20:32:35.325952,2,9,"[0, 1, 2, 3, 4, 5, 6, 7]",93.01580810546875,38.86540412902832,46.44097900390625,141,93.01580810546875,0.0,46.44097900390625,141
2025-07-17T20:32:35.332935,3,9,"[0, 1, 2, 3, 4, 5, 6, 7]",93.01580810546875,38.86540412902832,46.44097900390625,141,93.01580810546875,0.0,46.44097900390625,141
2025-07-17T20:32:35.339877,4,9,"[0, 1, 2, 3, 4, 5, 6, 7]",93.01580810546875,38.86540412902832,46.44097900390625,141,93.01580810546875,0.0,46.44097900390625,141
2025-07-17T20:32:35.347272,0,10,"[0, 1, 2, 3, 4, 5, 6, 7]",93.01580810546875,38.86540412902832,46.44097900390625,141,93.01580810546875,0.0,46.44097900390625,141
2025-07-17T20:32:35.354379,1,10,"[0, 1, 2, 3, 4, 5, 7]",93.01580810546875,38.86540412902832,46.44097900390625,141,93.01580810546875,0.0,46.44097900390625,141
2025-07-17T20:32:35.361843,2,10,"[0, 1, 2, 3, 4, 5, 6, 7]",93.01580810546875,38.86540412902832,46.44097900390625,141,93.01580810546875,0.0,46.44097900390625,141
2025-07-17T20:32:35.368775,3,10,"[0, 1, 2, 3, 4, 5, 7]",93.01580810546875,38.86540412902832,46.44097900390625,141,93.01580810546875,0.0,46.44097900390625,141
2025-07-17T20:32:35.375901,4,10,"[0, 1, 2, 3, 4, 5, 7]",93.01580810546875,38.86540412902832,46.44097900390625,141,93.01580810546875,0.0,46.44097900390625,141
2025-07-17T20:32:35.383021,0,11,"[0, 1, 2, 3, 4, 5, 6, 7]",93.01580810546875,38.86540412902832,46.44097900390625,141,93.01580810546875,0.0,46.44097900390625,141
2025-07-17T20:32:35.389934,1,11,"[0, 1, 2, 3, 4, 5, 6, 7]",93.01580810546875,38.86540412902832,46.44097900390625,141,93.01580810546875,0.0,46.44097900390625,141
2025-07-17T20:32:35.397219,2,11,"[0, 1, 2, 3, 4, 5, 6, 7]",93.01580810546875,38.86540412902832,46.44097900390625,141,93.01580810546875,0.0,46.44097900390625,141
2025-07-17T20:32:35.404130,3,11,"[0, 1, 2, 3, 4, 5, 6, 7]",93.01580810546875,38.86540412902832,46.44097900390625,141,93.01580810546875,0.0,46.44097900390625,141
2025-07-17T20:32:35.411687,4,11,"[0, 1, 2, 3, 4, 5, 6, 7]",93.01580810546875,38.86456489562988,46.44097900390625,141,93.01580810546875,0.0,46.44097900390625,141
2025-07-17T20:32:35.419886,0,12,"[0, 1, 2, 3, 4, 5, 6, 7]",93.01580810546875,38.86456489562988,46.44097900390625,141,93.01580810546875,0.0,46.44097900390625,141
2025-07-17T20:32:35.427962,1,12,"[0, 1, 2, 3, 4, 5, 6, 7]",93.01580810546875,38.86456489562988,46.44097900390625,141,93.01580810546875,0.0,46.44097900390625,141
2025-07-17T20:32:35.430142,2,12,"[0, 1, 2, 3, 4, 5, 6, 7]",93.01580810546875,38.86456489562988,46.44097900390625,141,93.01580810546875,0.0,46.44097900390625,141
2025-07-17T20:32:35.437628,3,12,"[0, 1, 2, 3, 4, 5, 6, 7]",93.01580810546875,38.86456489562988,46.44097900390625,141,93.01580810546875,0.0,46.44097900390625,141
2025-07-17T20:32:35.445293,4,12,"[0, 1, 2, 3, 4, 5, 6, 7]",93.01580810546875,38.86540412902832,46.44097900390625,141,93.01580810546875,0.0,46.44097900390625,141
2025-07-17T20:32:35.452722,0,13,"[0, 1, 2, 3, 4, 5, 6, 7]",93.01580810546875,38.86540412902832,46.44097900390625,141,93.01580810546875,0.0,46.44097900390625,141
2025-07-17T20:32:35.464371,1,13,"[0, 1, 2, 3, 4, 5, 6, 7]",93.01580810546875,38.86540412902832,46.44097900390625,141,93.01580810546875,0.0,46.44097900390625,141
2025-07-17T20:32:35.466625,2,13,"[0, 1, 2, 3, 4, 5, 6, 7]",93.01580810546875,38.86540412902832,46.44097900390625,141,93.01580810546875,0.0,46.44097900390625,141
2025-07-17T20:32:35.472979,3,13,"[0, 1, 2, 3, 4, 5, 6, 7]",93.01580810546875,38.86540412902832,46.44097900390625,141,93.01580810546875,0.0,46.44097900390625,141
2025-07-17T20:32:35.480743,4,13,"[0, 1, 2, 3, 4, 5, 6, 7]",93.01580810546875,38.86540412902832,46.44097900390625,141,93.01580810546875,0.0,46.44097900390625,141
2025-07-17T20:32:35.488791,0,14,"[0, 1, 2, 3, 4, 5, 6, 7]",93.01580810546875,38.86540412902832,46.44097900390625,141,93.01580810546875,0.0,46.44097900390625,141
2025-07-17T20:32:35.496223,1,14,"[0, 1, 2, 3, 4, 5, 6, 7]",93.01580810546875,38.86540412902832,46.44097900390625,141,93.01580810546875,0.0,46.44097900390625,141
2025-07-17T20:32:35.502200,2,14,"[0, 1, 2, 3, 4, 5, 6, 7]",93.01580810546875,38.86540412902832,46.44097900390625,141,93.01580810546875,0.0,46.44097900390625,141
2025-07-17T20:32:35.513529,3,14,"[0, 1, 2, 3, 4, 5, 6, 7]",93.01580810546875,38.86540412902832,46.44097900390625,141,93.01580810546875,0.0,46.44097900390625,141
2025-07-17T20:32:35.520565,4,14,"[0, 1, 2, 3, 4, 5, 6, 7]",93.01580810546875,38.86540412902832,46.44097900390625,141,93.01580810546875,0.0,46.44097900390625,141
2025-07-17T20:32:35.528236,0,15,"[0, 1, 2, 3, 4, 5, 6, 7]",93.01580810546875,38.86540412902832,46.44097900390625,141,93.01580810546875,0.0,46.44097900390625,141
2025-07-17T20:32:35.535368,1,15,"[0, 1, 2, 3, 4, 5, 6, 7]",93.01580810546875,38.86540412902832,46.44097900390625,141,93.01580810546875,0.0,46.44097900390625,141
2025-07-17T20:32:35.543080,2,15,"[0, 1, 2, 3, 4, 5, 6, 7]",93.01580810546875,38.86540412902832,46.44097900390625,141,93.01580810546875,0.0,46.44097900390625,141
2025-07-17T20:32:35.550395,3,15,"[0, 1, 2, 3, 4, 5, 6, 7]",93.01580810546875,38.86540412902832,46.44097900390625,141,93.01580810546875,0.0,46.44097900390625,141
2025-07-17T20:32:35.558123,4,15,"[0, 1, 2, 3, 4, 5, 6, 7]",93.01580810546875,38.86540412902832,46.44097900390625,141,93.01580810546875,0.0,46.44097900390625,141
2025-07-17T20:32:35.565441,0,16,"[0, 1, 2, 3, 4, 5, 6, 7]",93.01580810546875,38.86540412902832,46.44097900390625,141,93.01580810546875,0.0,46.44097900390625,141
2025-07-17T20:32:35.573055,1,16,"[0, 1, 2, 3, 4, 5, 6, 7]",93.01580810546875,38.86482238769531,46.44097900390625,141,93.01580810546875,0.0,46.44097900390625,141
2025-07-17T20:32:35.580304,2,16,"[0, 1, 2, 3, 4, 5, 6, 7]",93.01580810546875,38.86482238769531,46.44097900390625,141,93.01580810546875,0.0,46.44097900390625,141
2025-07-17T20:32:35.587114,3,16,"[0, 1, 2, 3, 4, 5, 6, 7]",93.01580810546875,38.86482238769531,46.44097900390625,141,93.01580810546875,0.0,46.44097900390625,141
2025-07-17T20:32:35.594279,4,16,"[0, 1, 2, 3, 4, 5, 6, 7]",93.01580810546875,38.86456489562988,46.44097900390625,141,93.01580810546875,0.0,46.44097900390625,141
2025-07-17T20:32:35.602138,0,17,"[0, 1, 2, 3, 4, 5, 6, 7]",93.01580810546875,38.86540412902832,46.44097900390625,141,93.01580810546875,0.0,46.44097900390625,141
2025-07-17T20:32:35.608791,1,17,"[0, 1, 2, 3, 4, 5, 6, 7]",93.01580810546875,38.86540412902832,46.44097900390625,141,93.01580810546875,0.0,46.44097900390625,141
2025-07-17T20:32:35.615278,2,17,"[0, 1, 2, 3, 4, 5, 6, 7]",93.01580810546875,38.86540412902832,46.44097900390625,141,93.01580810546875,0.0,46.44097900390625,141
2025-07-17T20:32:35.623609,3,17,"[0, 1, 2, 3, 4, 5, 6, 7]",93.01580810546875,38.86540412902832,46.44097900390625,141,93.01580810546875,0.0,46.44097900390625,141
2025-07-17T20:32:35.630736,4,17,"[0, 1, 2, 3, 4, 5, 6, 7]",93.01580810546875,38.86540412902832,46.44097900390625,141,93.01580810546875,0.0,46.44097900390625,141
2025-07-17T20:32:35.638061,0,18,"[0, 1, 2, 3, 4, 5, 6, 7]",93.01580810546875,38.86540412902832,46.44097900390625,141,93.01580810546875,0.0,46.44097900390625,141
2025-07-17T20:32:35.644748,1,18,"[0, 1, 2, 3, 4, 5, 6, 7]",93.01580810546875,38.86540412902832,46.44097900390625,141,93.01580810546875,0.0,46.44097900390625,141
2025-07-17T20:32:35.651827,2,18,"[0, 1, 2, 3, 4, 5, 6, 7]",93.01580810546875,38.86540412902832,46.44097900390625,141,93.01580810546875,0.0,46.44097900390625,141
2025-07-17T20:32:35.659134,3,18,"[0, 1, 2, 3, 4, 5, 6, 7]",93.01580810546875,38.86540412902832,46.44097900390625,141,93.01580810546875,0.0,46.44097900390625,141
2025-07-17T20:32:35.661490,4,18,"[0, 1, 2, 3, 4, 5, 6, 7]",93.01580810546875,38.86540412902832,46.44097900390625,141,93.01580810546875,0.0,46.44097900390625,141
2025-07-17T20:32:35.673621,0,19,"[0, 1, 2, 3, 4, 5, 6, 7]",93.01580810546875,38.86540412902832,46.44097900390625,141,93.01580810546875,0.0,46.44097900390625,141
2025-07-17T20:32:35.676165,1,19,"[0, 1, 2, 3, 4, 5, 6, 7]",93.01580810546875,38.86540412902832,46.44097900390625,141,93.01580810546875,0.0,46.44097900390625,141
2025-07-17T20:32:35.684186,2,19,"[0, 1, 2, 3, 4, 5, 6, 7]",93.01580810546875,38.86540412902832,46.44097900390625,141,93.01580810546875,0.0,46.44097900390625,141
2025-07-17T20:32:35.697212,3,19,"[0, 1, 2, 3, 4, 5, 6, 7]",93.01580810546875,38.86540412902832,46.44097900390625,141,93.01580810546875,0.0,46.44097900390625,141
2025-07-17T20:32:35.700042,4,19,"[0, 1, 2, 3, 4, 5, 6, 7]",93.01580810546875,38.86540412902832,46.44097900390625,141,93.01580810546875,0.0,46.44097900390625,141
2025-07-17T20:32:35.706474,0,20,"[0, 1, 2, 3, 4, 5, 6, 7]",93.01580810546875,38.86540412902832,46.44097900390625,141,93.01580810546875,0.0,46.44097900390625,141
2025-07-17T20:32:35.713092,1,20,"[0, 1, 2, 3, 4, 5, 6, 7]",93.01580810546875,38.86540412902832,46.44097900390625,141,93.01580810546875,0.0,46.44097900390625,141
2025-07-17T20:32:35.720128,2,20,"[0, 1, 3, 4, 5, 6, 7]",93.01580810546875,38.86540412902832,46.44097900390625,141,93.01580810546875,0.0,46.44097900390625,141
2025-07-17T20:32:35.732392,3,20,"[0, 1, 2, 3, 4, 5, 6, 7]",93.01580810546875,38.86540412902832,46.44097900390625,141,93.01580810546875,0.0,46.44097900390625,141
2025-07-17T20:32:35.734646,4,20,"[0, 1, 2, 3, 4, 5, 6, 7]",93.01580810546875,38.86540412902832,46.44097900390625,141,93.01580810546875,0.0,46.44097900390625,141
2025-07-17T20:32:35.742558,0,21,"[0, 1, 2, 3, 4, 5, 6, 7]",93.01580810546875,38.86540412902832,46.44097900390625,141,93.01580810546875,0.0,46.44097900390625,141
2025-07-17T20:32:35.749024,1,21,"[0, 1, 2, 3, 4, 5, 7]",93.01580810546875,38.86540412902832,46.44097900390625,141,93.01580810546875,0.0,46.44097900390625,141
2025-07-17T20:32:35.756628,2,21,"[0, 1, 2, 3, 4, 5, 6, 7]",93.01580810546875,38.86540412902832,46.44097900390625,141,93.01580810546875,0.0,46.44097900390625,141
2025-07-17T20:32:35.763255,3,21,"[0, 1, 2, 3, 4, 5, 7]",93.01580810546875,38.86540412902832,46.44097900390625,141,93.01580810546875,0.0,46.44097900390625,141
2025-07-17T20:32:35.770174,4,21,"[0, 1, 2, 3, 4, 5, 7]",93.01580810546875,38.86540412902832,46.44097900390625,141,93.01580810546875,0.0,46.44097900390625,141
2025-07-17T20:32:35.777574,0,22,"[0, 1, 2, 3, 4, 5, 6, 7]",93.01580810546875,38.86540412902832,46.44097900390625,141,93.01580810546875,0.0,46.44097900390625,141
2025-07-17T20:32:35.784249,1,22,"[0, 1, 2, 3, 4, 5, 6, 7]",93.01580810546875,38.86540412902832,46.44097900390625,141,93.01580810546875,0.0,46.44097900390625,141
2025-07-17T20:32:35.791157,2,22,"[0, 1, 2, 3, 4, 5, 6, 7]",93.01580810546875,38.86540412902832,46.44097900390625,141,93.01580810546875,0.0,46.44097900390625,141
2025-07-17T20:32:35.798170,3,22,"[0, 1, 2, 3, 4, 5, 6, 7]",93.01580810546875,38.86540412902832,46.44097900390625,141,93.01580810546875,0.0,46.44097900390625,141
2025-07-17T20:32:35.805662,4,22,"[0, 1, 2, 3, 4, 5, 6, 7]",93.01580810546875,38.86540412902832,46.44097900390625,141,93.01580810546875,0.0,46.44097900390625,141
2025-07-17T20:32:35.812633,0,23,"[0, 1, 2, 3, 4, 5, 6, 7]",93.01580810546875,38.86540412902832,46.44097900390625,141,93.01580810546875,0.0,46.44097900390625,141
2025-07-17T20:32:35.825201,1,23,"[0, 1, 2, 3, 4, 5, 6]",93.01580810546875,38.86540412902832,46.44097900390625,141,93.01580810546875,0.0,46.44097900390625,141
2025-07-17T20:32:35.827739,2,23,"[0, 1, 2, 3, 4, 5, 6, 7]",93.01580810546875,38.86540412902832,46.44097900390625,141,93.01580810546875,0.0,46.44097900390625,141
2025-07-17T20:32:35.834677,3,23,"[0, 1, 2, 3, 4, 5, 6]",93.01580810546875,38.86540412902832,46.44097900390625,141,93.01580810546875,0.0,46.44097900390625,141
2025-07-17T20:32:35.846728,4,23,"[0, 1, 2, 3, 4, 5, 6]",93.01580810546875,38.86540412902832,46.44097900390625,141,93.01580810546875,0.0,46.44097900390625,141
2025-07-17T20:32:35.848915,0,24,"[0, 1, 2, 3, 4, 5, 6, 7]",93.01580810546875,38.86540412902832,46.44097900390625,141,93.01580810546875,0.0,46.44097900390625,141
2025-07-17T20:32:35.856763,1,24,"[0, 1, 2, 3, 4, 5, 6, 7]",93.01580810546875,38.86540412902832,46.44097900390625,141,93.01580810546875,0.0,46.44097900390625,141
2025-07-17T20:32:35.864447,2,24,"[0, 1, 2, 3, 4, 5, 6, 7]",93.01580810546875,38.86540412902832,46.44097900390625,141,93.01580810546875,0.0,46.44097900390625,141
2025-07-17T20:32:35.871161,3,24,"[0, 1, 2, 3, 4, 5, 6, 7]",93.01580810546875,38.86540412902832,46.44097900390625,141,93.01580810546875,0.0,46.44097900390625,141
2025-07-17T20:32:35.878757,4,24,"[0, 1, 2, 3, 4, 5, 6, 7]",93.01580810546875,38.86540412902832,46.44097900390625,141,93.01580810546875,0.0,46.44097900390625,141
2025-07-17T20:32:35.885593,0,25,"[0, 1, 2, 3, 4, 5, 6, 7]",93.01580810546875,38.86540412902832,46.44097900390625,141,93.01580810546875,0.0,46.44097900390625,141
2025-07-17T20:32:35.892624,1,25,"[0, 1, 2, 3, 4, 5, 6, 7]",93.01580810546875,38.86540412902832,46.44097900390625,141,93.01580810546875,0.0,46.44097900390625,141
2025-07-17T20:32:35.905028,2,25,"[0, 1, 2, 3, 4, 5, 6, 7]",93.01580810546875,38.86540412902832,46.44097900390625,141,93.01580810546875,0.0,46.44097900390625,141
2025-07-17T20:32:35.907260,3,25,"[0, 1, 2, 3, 4, 5, 6, 7]",93.01580810546875,38.86540412902832,46.44097900390625,141,93.01580810546875,0.0,46.44097900390625,141
2025-07-17T20:32:35.913818,4,25,"[0, 1, 2, 3, 4, 5, 6, 7]",93.01580810546875,38.86540412902832,46.44097900390625,141,93.01580810546875,0.0,46.44097900390625,141
2025-07-17T20:32:35.924817,0,26,"[0, 1, 2, 3, 4, 5, 6, 7]",93.01580810546875,38.86540412902832,46.44097900390625,141,93.01580810546875,0.0,46.44097900390625,141
2025-07-17T20:32:35.931932,1,26,"[0, 1, 2, 3, 4, 5, 6, 7]",93.01580810546875,38.86540412902832,46.44097900390625,141,93.01580810546875,0.0,46.44097900390625,141
2025-07-17T20:32:35.939379,2,26,"[0, 1, 2, 3, 4, 5, 6, 7]",93.01580810546875,38.86540412902832,46.44097900390625,141,93.01580810546875,0.0,46.44097900390625,141
2025-07-17T20:32:35.947830,3,26,"[0, 1, 2, 3, 4, 5, 6, 7]",93.01580810546875,38.86482238769531,46.44097900390625,141,93.01580810546875,0.0,46.44097900390625,141
2025-07-17T20:32:35.954534,4,26,"[0, 1, 2, 3, 4, 5, 6, 7]",93.01580810546875,38.86482238769531,46.44097900390625,141,93.01580810546875,0.0,46.44097900390625,141
2025-07-17T20:32:35.962227,0,27,"[0, 1, 2, 3, 4, 5, 6, 7]",93.01580810546875,38.86456489562988,46.44097900390625,141,93.01580810546875,0.0,46.44097900390625,141
2025-07-17T20:32:35.968689,1,27,"[0, 1, 2, 3, 4, 5, 6, 7]",93.01580810546875,38.86456489562988,46.44097900390625,141,93.01580810546875,0.0,46.44097900390625,141
2025-07-17T20:32:35.976180,2,27,"[0, 1, 2, 3, 4, 5, 6, 7]",93.01580810546875,38.86456489562988,46.44097900390625,141,93.01580810546875,0.0,46.44097900390625,141
2025-07-17T20:32:35.983549,3,27,"[0, 1, 2, 3, 4, 5, 6, 7]",93.01580810546875,38.86540412902832,46.44097900390625,141,93.01580810546875,0.0,46.44097900390625,141
2025-07-17T20:32:35.991273,4,27,"[0, 1, 2, 3, 4, 5, 6, 7]",93.01580810546875,38.86540412902832,46.44097900390625,141,93.01580810546875,0.0,46.44097900390625,141
2025-07-17T20:32:35.999109,0,28,"[0, 1, 2, 3, 4, 5, 6, 7]",93.01580810546875,38.86540412902832,46.44097900390625,141,93.01580810546875,0.0,46.44097900390625,141
2025-07-17T20:32:36.006070,1,28,"[0, 1, 2, 3, 4, 5, 6, 7]",93.01580810546875,38.86540412902832,46.44097900390625,141,93.01580810546875,0.0,46.44097900390625,141
2025-07-17T20:32:36.013031,2,28,"[0, 1, 2, 3, 4, 5, 6, 7]",93.01580810546875,38.86540412902832,46.44097900390625,141,93.01580810546875,0.0,46.44097900390625,141
2025-07-17T20:32:36.021532,3,28,"[0, 1, 2, 3, 4, 5, 6, 7]",93.01580810546875,38.86540412902832,46.44097900390625,141,93.01580810546875,0.0,46.44097900390625,141
2025-07-17T20:32:36.023846,4,28,"[0, 1, 2, 3, 4, 5, 6, 7]",93.01580810546875,38.86540412902832,46.44097900390625,141,93.01580810546875,0.0,46.44097900390625,141
2025-07-17T20:32:36.031356,0,29,"[0, 1, 2, 3, 4, 5, 6, 7]",93.01580810546875,38.86540412902832,46.44097900390625,141,93.01580810546875,0.0,46.44097900390625,141
2025-07-17T20:32:36.038494,1,29,"[0, 1, 2, 3, 4, 5, 6, 7]",93.01580810546875,38.86540412902832,46.44097900390625,141,93.01580810546875,0.0,46.44097900390625,141
2025-07-17T20:32:36.046278,2,29,"[0, 1, 2, 3, 4, 5, 6, 7]",93.01580810546875,38.86540412902832,46.44097900390625,141,93.01580810546875,0.0,46.44097900390625,141
2025-07-17T20:32:36.054515,3,29,"[0, 1, 2, 3, 4, 5, 6, 7]",93.01580810546875,38.86540412902832,46.44097900390625,141,93.01580810546875,0.0,46.44097900390625,141
2025-07-17T20:32:36.069056,4,29,"[0, 1, 2, 3, 4, 5, 6, 7]",93.01580810546875,38.86540412902832,46.44097900390625,141,93.01580810546875,0.0,46.44097900390625,141
2025-07-17T20:32:36.071150,0,30,"[0, 1, 2, 3, 4, 5, 6, 7]",93.01580810546875,38.86540412902832,46.44097900390625,141,93.01580810546875,0.0,46.44097900390625,141
2025-07-17T20:32:36.083856,1,30,"[0, 1, 2, 3, 4, 5, 6, 7]",93.01580810546875,38.86540412902832,46.44097900390625,141,93.01580810546875,0.0,46.44097900390625,141
2025-07-17T20:32:36.086049,2,30,"[0, 1, 2, 3, 4, 5, 6, 7]",93.01580810546875,38.86540412902832,46.44097900390625,141,93.01580810546875,0.0,46.44097900390625,141
2025-07-17T20:32:36.092912,3,30,"[0, 1, 2, 3, 4, 5, 6, 7]",93.01580810546875,38.86540412902832,46.44097900390625,141,93.01580810546875,0.0,46.44097900390625,141
2025-07-17T20:32:36.099584,4,30,"[0, 1, 2, 3, 4, 5, 6, 7]",93.01580810546875,38.86540412902832,46.44097900390625,141,93.01580810546875,0.0,46.44097900390625,141
2025-07-17T20:32:36.108004,0,31,"[0, 1, 2, 3, 4, 5, 6, 7]",93.01580810546875,38.87229824066162,46.44097900390625,141,93.01580810546875,0.0,46.44097900390625,141
2025-07-17T20:32:36.115556,1,31,"[0, 1, 2, 3, 4, 5, 6, 7]",93.01580810546875,38.86967182159424,46.44097900390625,141,93.01580810546875,0.0,46.44097900390625,141
2025-07-17T20:32:36.124029,2,31,"[0, 2, 3, 4, 5, 6, 7]",93.01580810546875,38.867045402526855,46.44097900390625,141,93.01580810546875,0.0,46.44097900390625,141
2025-07-17T20:32:36.136866,3,31,"[0, 1, 2, 3, 4, 5, 6, 7]",93.01580810546875,38.863579750061035,46.44097900390625,141,93.01580810546875,0.0,46.44097900390625,141
2025-07-17T20:32:36.140950,4,31,"[0, 1, 2, 3, 4, 5, 6, 7]",93.01580810546875,38.86002254486084,46.44097900390625,141,93.01580810546875,0.0,46.44097900390625,141
2025-07-17T20:32:36.156031,0,0,"[0, 1, 2, 3, 4, 5, 6, 7]",93.01580810546875,38.85531425476074,46.44097900390625,141,93.01580810546875,0.0,46.44097900390625,141
2025-07-17T20:32:36.163184,1,0,"[0, 1, 2, 3, 4, 5, 6, 7]",93.01580810546875,38.85852241516113,46.44097900390625,141,93.01580810546875,0.0,46.44097900390625,141
2025-07-17T20:32:36.169833,2,0,"[0, 1, 2, 3, 4, 5, 6, 7]",93.01580810546875,38.86149787902832,46.44097900390625,141,93.01580810546875,0.0,46.44097900390625,141
2025-07-17T20:32:36.177078,3,0,"[0, 1, 2, 3, 4, 5, 6, 7]",93.01580810546875,38.86438179016113,46.44097900390625,141,93.01580810546875,0.0,46.44097900390625,141
2025-07-17T20:32:36.184171,4,0,"[0, 1, 2, 3, 4, 5, 6, 7]",93.01580810546875,38.86540412902832,46.44097900390625,141,93.01580810546875,0.0,46.44097900390625,141
2025-07-17T20:32:36.192073,0,1,"[0, 1, 2, 3, 4, 5, 6, 7]",93.01580810546875,38.86540412902832,46.44097900390625,141,93.01580810546875,0.0,46.44097900390625,141
2025-07-17T20:32:36.198850,1,1,"[0, 1, 2, 3, 4, 5, 6, 7]",93.01580810546875,38.86540412902832,46.44097900390625,141,93.01580810546875,0.0,46.44097900390625,141
2025-07-17T20:32:36.206481,2,1,"[0, 1, 2, 3, 4, 5, 6, 7]",93.01580810546875,38.86540412902832,46.44097900390625,141,93.01580810546875,0.0,46.44097900390625,141
2025-07-17T20:32:36.213622,3,1,"[0, 1, 2, 3, 4, 5, 6, 7]",93.01580810546875,38.86540412902832,46.44097900390625,141,93.01580810546875,0.0,46.44097900390625,141
2025-07-17T20:32:36.221155,4,1,"[0, 1, 2, 3, 4, 5, 6, 7]",93.01580810546875,38.86540412902832,46.44097900390625,141,93.01580810546875,0.0,46.44097900390625,141
2025-07-17T20:32:36.229316,0,2,"[0, 1, 2, 3, 4, 5, 6, 7]",93.01580810546875,38.86540412902832,46.44097900390625,141,93.01580810546875,0.0,46.44097900390625,141
2025-07-17T20:32:36.236368,1,2,"[0, 1, 2, 3, 4, 5, 6, 7]",93.01580810546875,38.86540412902832,46.44097900390625,141,93.01580810546875,0.0,46.44097900390625,141
2025-07-17T20:32:36.243209,2,2,"[0, 1, 2, 3, 4, 5, 6, 7]",93.01580810546875,38.86540412902832,46.44097900390625,141,93.01580810546875,0.0,46.44097900390625,141
2025-07-17T20:32:36.250041,3,2,"[0, 1, 2, 3, 4, 5, 6, 7]",93.01580810546875,38.86540412902832,46.44097900390625,141,93.01580810546875,0.0,46.44097900390625,141
2025-07-17T20:32:36.257429,4,2,"[0, 1, 2, 3, 4, 5, 6, 7]",93.01580810546875,38.86540412902832,46.44097900390625,141,93.01580810546875,0.0,46.44097900390625,141
2025-07-17T20:32:36.265020,0,3,"[0, 1, 2, 3, 4, 5, 6, 7]",93.01580810546875,38.86540412902832,46.44097900390625,141,93.01580810546875,0.0,46.44097900390625,141
2025-07-17T20:32:36.272417,1,3,"[0, 1, 2, 3, 4, 5, 6, 7]",93.01580810546875,38.86540412902832,46.44097900390625,141,93.01580810546875,0.0,46.44097900390625,141
2025-07-17T20:32:36.280196,2,3,"[0, 1, 2, 3, 4, 5, 6, 7]",93.01580810546875,38.86540412902832,46.44097900390625,141,93.01580810546875,0.0,46.44097900390625,141
2025-07-17T20:32:36.289501,3,3,"[0, 1, 2, 3, 4, 5, 6, 7]",93.01580810546875,38.86456489562988,46.44097900390625,141,93.01580810546875,0.0,46.44097900390625,141
2025-07-17T20:32:36.297146,4,3,"[0, 1, 2, 3, 4, 5, 6, 7]",93.01580810546875,38.86456489562988,46.44097900390625,141,93.01580810546875,0.0,46.44097900390625,141
2025-07-17T20:32:36.304280,0,4,"[0, 1, 2, 3, 4, 5, 6, 7]",93.01580810546875,38.86456489562988,46.44097900390625,141,93.01580810546875,0.0,46.44097900390625,141
2025-07-17T20:32:36.311708,1,4,"[0, 1, 2, 3, 4, 5, 6, 7]",93.01580810546875,38.86456489562988,46.44097900390625,141,93.01580810546875,0.0,46.44097900390625,141
2025-07-17T20:32:36.319536,2,4,"[0, 1, 2, 3, 4, 5, 6, 7]",93.01580810546875,38.86456489562988,46.44097900390625,141,93.01580810546875,0.0,46.44097900390625,141
2025-07-17T20:32:36.326171,3,4,"[0, 1, 2, 3, 4, 5, 6, 7]",93.01580810546875,38.86540412902832,46.44097900390625,141,93.01580810546875,0.0,46.44097900390625,141
2025-07-17T20:32:36.333976,4,4,"[0, 1, 2, 3, 4, 5, 6, 7]",93.01580810546875,38.86540412902832,46.44097900390625,141,93.01580810546875,0.0,46.44097900390625,141
2025-07-17T20:32:36.341873,0,5,"[0, 1, 2, 3, 4, 5, 6, 7]",93.01580810546875,38.86540412902832,46.44097900390625,141,93.01580810546875,0.0,46.44097900390625,141
2025-07-17T20:32:36.349512,1,5,"[0, 1, 2, 3, 4, 5, 6, 7]",93.01580810546875,38.86540412902832,46.44097900390625,141,93.01580810546875,0.0,46.44097900390625,141
2025-07-17T20:32:36.356198,2,5,"[0, 1, 2, 3, 4, 5, 6, 7]",93.01580810546875,38.86540412902832,46.44097900390625,141,93.01580810546875,0.0,46.44097900390625,141
2025-07-17T20:32:36.363707,3,5,"[0, 1, 2, 3, 4, 5, 6, 7]",93.01580810546875,38.86540412902832,46.44097900390625,141,93.01580810546875,0.0,46.44097900390625,141
2025-07-17T20:32:36.371394,4,5,"[0, 1, 2, 3, 4, 5, 6, 7]",93.01580810546875,38.86540412902832,46.44097900390625,141,93.01580810546875,0.0,46.44097900390625,141
2025-07-17T20:32:36.378991,0,6,"[0, 1, 2, 3, 4, 5, 6, 7]",93.01580810546875,38.86540412902832,46.44097900390625,141,93.01580810546875,0.0,46.44097900390625,141
2025-07-17T20:32:36.387104,1,6,"[1, 2, 3, 4, 5, 6, 7]",93.01580810546875,38.86482238769531,46.44097900390625,141,93.01580810546875,0.0,46.44097900390625,141
2025-07-17T20:32:36.394249,2,6,"[0, 1, 2, 3, 4, 5, 6, 7]",93.01580810546875,38.86482238769531,46.44097900390625,141,93.01580810546875,0.0,46.44097900390625,141
2025-07-17T20:32:36.401399,3,6,"[1, 2, 3, 4, 5, 6, 7]",93.01580810546875,38.86456489562988,46.44097900390625,141,93.01580810546875,0.0,46.44097900390625,141
2025-07-17T20:32:36.409916,4,6,"[1, 2, 3, 4, 5, 6, 7]",93.01580810546875,38.86456489562988,46.44097900390625,141,93.01580810546875,0.0,46.44097900390625,141
2025-07-17T20:32:36.417050,0,7,"[0, 1, 2, 3, 4, 5, 6, 7]",93.01580810546875,38.86456489562988,46.44097900390625,141,93.01580810546875,0.0,46.44097900390625,141
2025-07-17T20:32:36.424524,1,7,"[0, 1, 2, 3, 4, 5, 6, 7]",93.01580810546875,38.86540412902832,46.44097900390625,141,93.01580810546875,0.0,46.44097900390625,141
2025-07-17T20:32:36.427729,2,7,"[0, 1, 2, 3, 4, 5, 6, 7]",93.01580810546875,38.86540412902832,46.44097900390625,141,93.01580810546875,0.0,46.44097900390625,141
2025-07-17T20:32:36.440064,3,7,"[0, 1, 2, 3, 4, 5, 6, 7]",93.01580810546875,38.86540412902832,46.44097900390625,141,93.01580810546875,0.0,46.44097900390625,141
2025-07-17T20:32:36.447281,4,7,"[0, 1, 2, 3, 4, 5, 6, 7]",93.01580810546875,38.86540412902832,46.44097900390625,141,93.01580810546875,0.0,46.44097900390625,141
2025-07-17T20:32:36.454158,0,8,"[0, 1, 2, 3, 4, 5, 6, 7]",93.01580810546875,38.86540412902832,46.44097900390625,141,93.01580810546875,0.0,46.44097900390625,141
2025-07-17T20:32:36.462923,1,8,"[0, 1, 2, 3, 4, 5, 6, 7]",93.01580810546875,38.86456489562988,46.44097900390625,141,93.01580810546875,0.0,46.44097900390625,141
2025-07-17T20:32:36.470830,2,8,"[0, 1, 2, 3, 4, 5, 6, 7]",93.01580810546875,38.86540412902832,46.44097900390625,141,93.01580810546875,0.0,46.44097900390625,141
2025-07-17T20:32:36.478378,3,8,"[0, 1, 2, 3, 4, 5, 6, 7]",93.01580810546875,38.86482238769531,46.44097900390625,141,93.01580810546875,0.0,46.44097900390625,141
2025-07-17T20:32:36.485296,4,8,"[0, 1, 2, 3, 4, 5, 6, 7]",93.01580810546875,38.86482238769531,46.44097900390625,141,93.01580810546875,0.0,46.44097900390625,141
2025-07-17T20:32:36.492662,0,9,"[0, 1, 2, 3, 4, 5, 6, 7]",93.01580810546875,38.86482238769531,46.44097900390625,141,93.01580810546875,0.0,46.44097900390625,141
2025-07-17T20:32:36.500159,1,9,"[0, 1, 2, 3, 4, 5, 6, 7]",93.01580810546875,38.86540412902832,46.44097900390625,141,93.01580810546875,0.0,46.44097900390625,141
2025-07-17T20:32:36.507295,2,9,"[0, 1, 2, 3, 4, 5, 6, 7]",93.01580810546875,38.86540412902832,46.44097900390625,141,93.01580810546875,0.0,46.44097900390625,141
2025-07-17T20:32:36.514611,3,9,"[0, 1, 2, 3, 4, 5, 6, 7]",93.01580810546875,38.86540412902832,46.44097900390625,141,93.01580810546875,0.0,46.44097900390625,141
2025-07-17T20:32:36.522281,4,9,"[0, 1, 2, 3, 4, 5, 6, 7]",93.01580810546875,38.86540412902832,46.44097900390625,141,93.01580810546875,0.0,46.44097900390625,141
2025-07-17T20:32:36.529074,0,10,"[0, 1, 2, 3, 4, 5, 6, 7]",93.01580810546875,38.86540412902832,46.44097900390625,141,93.01580810546875,0.0,46.44097900390625,141
2025-07-17T20:32:36.535898,1,10,"[0, 1, 2, 3, 4, 5, 6, 7]",93.01580810546875,38.86540412902832,46.44097900390625,141,93.01580810546875,0.0,46.44097900390625,141
2025-07-17T20:32:36.543938,2,10,"[0, 1, 2, 3, 4, 5, 6, 7]",93.01580810546875,38.86540412902832,46.44097900390625,141,93.01580810546875,0.0,46.44097900390625,141
2025-07-17T20:32:36.551501,3,10,"[0, 1, 2, 3, 4, 5, 6, 7]",93.01580810546875,38.86540412902832,46.44097900390625,141,93.01580810546875,0.0,46.44097900390625,141
2025-07-17T20:32:36.558072,4,10,"[0, 1, 2, 3, 4, 5, 6, 7]",93.01580810546875,38.86540412902832,46.44097900390625,141,93.01580810546875,0.0,46.44097900390625,141
2025-07-17T20:32:36.563245,0,11,"[0, 1, 2, 3, 4, 5, 6, 7]",93.01580810546875,38.86482238769531,46.44097900390625,141,93.01580810546875,0.0,46.44097900390625,141
2025-07-17T20:32:36.574258,1,11,"[0, 1, 2, 3, 4, 5, 6, 7]",93.01580810546875,38.86482238769531,46.44097900390625,141,93.01580810546875,0.0,46.44097900390625,141
2025-07-17T20:32:36.581203,2,11,"[0, 1, 2, 3, 4, 5, 6, 7]",93.01580810546875,38.86456489562988,46.44097900390625,141,93.01580810546875,0.0,46.44097900390625,141
2025-07-17T20:32:36.588202,3,11,"[0, 1, 2, 3, 4, 5, 6, 7]",93.01580810546875,38.86540412902832,46.44097900390625,141,93.01580810546875,0.0,46.44097900390625,141
2025-07-17T20:32:36.595306,4,11,"[0, 1, 2, 3, 4, 5, 6, 7]",93.01580810546875,38.86540412902832,46.44097900390625,141,93.01580810546875,0.0,46.44097900390625,141
2025-07-17T20:32:36.603765,0,12,"[0, 1, 2, 3, 4, 5, 6, 7]",93.01580810546875,38.86540412902832,46.44097900390625,141,93.01580810546875,0.0,46.44097900390625,141
2025-07-17T20:32:36.611076,1,12,"[0, 1, 2, 3, 4, 5, 6, 7]",93.01580810546875,38.86482238769531,46.44097900390625,141,93.01580810546875,0.0,46.44097900390625,141
2025-07-17T20:32:36.618783,2,12,"[0, 1, 2, 3, 4, 5, 6, 7]",93.01580810546875,38.86482238769531,46.44097900390625,141,93.01580810546875,0.0,46.44097900390625,141
2025-07-17T20:32:36.625873,3,12,"[0, 1, 2, 3, 4, 5, 6, 7]",93.01580810546875,38.86456489562988,46.44097900390625,141,93.01580810546875,0.0,46.44097900390625,141
2025-07-17T20:32:36.632777,4,12,"[0, 1, 2, 3, 4, 5, 6, 7]",93.01580810546875,38.86456489562988,46.44097900390625,141,93.01580810546875,0.0,46.44097900390625,141
2025-07-17T20:32:36.639429,0,13,"[0, 1, 2, 3, 4, 5, 6, 7]",93.01580810546875,38.86540412902832,46.44097900390625,141,93.01580810546875,0.0,46.44097900390625,141
2025-07-17T20:32:36.646132,1,13,"[0, 1, 2, 3, 4, 5, 6, 7]",93.01580810546875,38.86540412902832,46.44097900390625,141,93.01580810546875,0.0,46.44097900390625,141
2025-07-17T20:32:36.653129,2,13,"[0, 1, 2, 3, 4, 5, 6, 7]",93.01580810546875,38.86540412902832,46.44097900390625,141,93.01580810546875,0.0,46.44097900390625,141
2025-07-17T20:32:36.663402,3,13,"[0, 1, 2, 3, 4, 5, 6, 7]",93.01580810546875,38.86482238769531,46.44097900390625,141,93.01580810546875,0.0,46.44097900390625,141
2025-07-17T20:32:36.670750,4,13,"[0, 1, 2, 3, 4, 5, 6, 7]",93.01580810546875,38.86482238769531,46.44097900390625,141,93.01580810546875,0.0,46.44097900390625,141
2025-07-17T20:32:36.678735,0,14,"[0, 1, 2, 3, 4, 5, 6, 7]",93.01580810546875,38.86456489562988,46.44097900390625,141,93.01580810546875,0.0,46.44097900390625,141
2025-07-17T20:32:36.685934,1,14,"[0, 1, 3, 4, 5, 6, 7]",93.01580810546875,38.86456489562988,46.44097900390625,141,93.01580810546875,0.0,46.44097900390625,141
2025-07-17T20:32:36.692980,2,14,"[0, 1, 3, 4, 5, 6, 7]",93.01580810546875,38.86456489562988,46.44097900390625,141,93.01580810546875,0.0,46.44097900390625,141
2025-07-17T20:32:36.699755,3,14,"[0, 1, 3, 4, 5, 6, 7]",93.01580810546875,38.86540412902832,46.44097900390625,141,93.01580810546875,0.0,46.44097900390625,141
2025-07-17T20:32:36.707441,4,14,"[0, 1, 3, 4, 5, 6, 7]",93.01580810546875,38.86540412902832,46.44097900390625,141,93.01580810546875,0.0,46.44097900390625,141
2025-07-17T20:32:36.714185,0,15,"[0, 1, 2, 3, 4, 5, 6, 7]",93.01580810546875,38.86540412902832,46.44097900390625,141,93.01580810546875,0.0,46.44097900390625,141
2025-07-17T20:32:36.721031,1,15,"[0, 1, 2, 3, 4, 5, 6, 7]",93.01580810546875,38.86540412902832,46.44097900390625,141,93.01580810546875,0.0,46.44097900390625,141
2025-07-17T20:32:36.728127,2,15,"[0, 1, 2, 3, 4, 5, 6, 7]",93.01580810546875,38.86540412902832,46.44097900390625,141,93.01580810546875,0.0,46.44097900390625,141
2025-07-17T20:32:36.735293,3,15,"[0, 1, 2, 3, 4, 5, 6, 7]",93.01580810546875,38.86540412902832,46.44097900390625,141,93.01580810546875,0.0,46.44097900390625,141
2025-07-17T20:32:36.742018,4,15,"[0, 1, 2, 3, 4, 5, 6, 7]",93.01580810546875,38.86540412902832,46.44097900390625,141,93.01580810546875,0.0,46.44097900390625,141
2025-07-17T20:32:36.749154,0,16,"[0, 1, 2, 3, 4, 5, 6, 7]",93.01580810546875,38.86540412902832,46.44097900390625,141,93.01580810546875,0.0,46.44097900390625,141
2025-07-17T20:32:36.756702,1,16,"[0, 1, 2, 3, 4, 5, 6, 7]",93.01580810546875,38.86540412902832,46.44097900390625,141,93.01580810546875,0.0,46.44097900390625,141
2025-07-17T20:32:36.763869,2,16,"[0, 1, 2, 3, 4, 5, 6, 7]",93.01580810546875,38.86540412902832,46.44097900390625,141,93.01580810546875,0.0,46.44097900390625,141
2025-07-17T20:32:36.770806,3,16,"[0, 1, 2, 3, 4, 5, 6, 7]",93.01580810546875,38.86540412902832,46.44097900390625,141,93.01580810546875,0.0,46.44097900390625,141
2025-07-17T20:32:36.778131,4,16,"[0, 1, 2, 3, 4, 5, 6, 7]",93.01580810546875,38.86540412902832,46.44097900390625,141,93.01580810546875,0.0,46.44097900390625,141
2025-07-17T20:32:36.785084,0,17,"[0, 1, 2, 3, 4, 5, 6, 7]",93.01580810546875,38.86540412902832,46.44097900390625,141,93.01580810546875,0.0,46.44097900390625,141
2025-07-17T20:32:36.792700,1,17,"[0, 1, 2, 3, 4, 5, 6, 7]",93.01580810546875,38.86540412902832,46.44097900390625,141,93.01580810546875,0.0,46.44097900390625,141
2025-07-17T20:32:36.801058,2,17,"[0, 1, 2, 3, 4, 5, 6, 7]",93.01580810546875,38.86482238769531,46.44097900390625,141,93.01580810546875,0.0,46.44097900390625,141
2025-07-17T20:32:36.808018,3,17,"[0, 1, 2, 3, 4, 5, 6, 7]",93.01580810546875,38.86456489562988,46.44097900390625,141,93.01580810546875,0.0,46.44097900390625,141
2025-07-17T20:32:36.815900,4,17,"[0, 1, 2, 3, 4, 5, 6, 7]",93.01580810546875,38.86456489562988,46.44097900390625,141,93.01580810546875,0.0,46.44097900390625,141
2025-07-17T20:32:36.823188,0,18,"[0, 1, 2, 3, 4, 5, 6, 7]",93.01580810546875,38.86456489562988,46.44097900390625,141,93.01580810546875,0.0,46.44097900390625,141
2025-07-17T20:32:36.831041,1,18,"[0, 1, 2, 3, 4, 5, 6, 7]",93.01580810546875,38.86456489562988,46.44097900390625,141,93.01580810546875,0.0,46.44097900390625,141
2025-07-17T20:32:36.839172,2,18,"[0, 1, 2, 3, 4, 5, 6, 7]",93.01580810546875,38.86540412902832,46.44097900390625,141,93.01580810546875,0.0,46.44097900390625,141
2025-07-17T20:32:36.846782,3,18,"[0, 1, 2, 3, 4, 5, 6, 7]",93.01580810546875,38.86540412902832,46.44097900390625,141,93.01580810546875,0.0,46.44097900390625,141
2025-07-17T20:32:36.853975,4,18,"[0, 1, 2, 3, 4, 5, 6, 7]",93.01580810546875,38.86540412902832,46.44097900390625,141,93.01580810546875,0.0,46.44097900390625,141
2025-07-17T20:32:36.860659,0,19,"[0, 1, 2, 3, 4, 5, 6, 7]",93.01580810546875,38.86540412902832,46.44097900390625,141,93.01580810546875,0.0,46.44097900390625,141
2025-07-17T20:32:36.867708,1,19,"[1, 2, 4, 5, 6, 7]",93.01580810546875,38.86540412902832,46.44097900390625,141,93.01580810546875,0.0,46.44097900390625,141
2025-07-17T20:32:36.874621,2,19,"[0, 1, 2, 3, 4, 5, 6, 7]",93.01580810546875,38.86540412902832,46.44097900390625,141,93.01580810546875,0.0,46.44097900390625,141
2025-07-17T20:32:36.883797,3,19,"[1, 2, 4, 5, 6, 7]",93.01580810546875,38.86482238769531,46.44097900390625,141,93.01580810546875,0.0,46.44097900390625,141
2025-07-17T20:32:36.890923,4,19,"[1, 2, 4, 5, 6, 7]",93.01580810546875,38.86482238769531,46.44097900390625,141,93.01580810546875,0.0,46.44097900390625,141
2025-07-17T20:32:36.897836,0,20,"[0, 1, 2, 3, 4, 5, 6, 7]",93.01580810546875,38.86482238769531,46.44097900390625,141,93.01580810546875,0.0,46.44097900390625,141
2025-07-17T20:32:36.906004,1,20,"[0, 1, 2, 3, 4, 5, 6, 7]",93.01580810546875,38.86482238769531,46.44097900390625,141,93.01580810546875,0.0,46.44097900390625,141
2025-07-17T20:32:36.908511,2,20,"[0, 1, 2, 3, 4, 5, 6, 7]",93.01580810546875,38.86456489562988,46.44097900390625,141,93.01580810546875,0.0,46.44097900390625,141
2025-07-17T20:32:36.921595,3,20,"[0, 1, 2, 3, 4, 5, 6, 7]",93.01580810546875,38.86540412902832,46.44097900390625,141,93.01580810546875,0.0,46.44097900390625,141
2025-07-17T20:32:36.924660,4,20,"[0, 1, 2, 3, 4, 5, 6, 7]",93.01580810546875,38.86540412902832,46.44097900390625,141,93.01580810546875,0.0,46.44097900390625,141
2025-07-17T20:32:36.935632,0,21,"[0, 1, 2, 3, 4, 5, 6, 7]",93.01580810546875,38.86540412902832,46.44097900390625,141,93.01580810546875,0.0,46.44097900390625,141
2025-07-17T20:32:36.937941,1,21,"[0, 1, 2, 3, 4, 5, 6]",93.01580810546875,38.86540412902832,46.44097900390625,141,93.01580810546875,0.0,46.44097900390625,141
2025-07-17T20:32:36.945031,2,21,"[0, 1, 2, 3, 4, 5, 6, 7]",93.01580810546875,38.86540412902832,46.44097900390625,141,93.01580810546875,0.0,46.44097900390625,141
2025-07-17T20:32:36.953591,3,21,"[0, 1, 2, 3, 4, 5, 6]",93.01580810546875,38.86540412902832,46.44097900390625,141,93.01580810546875,0.0,46.44097900390625,141
2025-07-17T20:32:36.964679,4,21,"[0, 1, 2, 3, 4, 5, 6]",93.01580810546875,38.86540412902832,46.44097900390625,141,93.01580810546875,0.0,46.44097900390625,141
2025-07-17T20:32:36.966843,0,22,"[0, 1, 2, 3, 4, 5, 6, 7]",93.01580810546875,38.86540412902832,46.44097900390625,141,93.01580810546875,0.0,46.44097900390625,141
2025-07-17T20:32:36.973958,1,22,"[0, 1, 2, 3, 4, 5, 6, 7]",93.01580810546875,38.86540412902832,46.44097900390625,141,93.01580810546875,0.0,46.44097900390625,141
2025-07-17T20:32:36.981809,2,22,"[0, 1, 2, 3, 4, 5, 6, 7]",93.01580810546875,38.86540412902832,46.44097900390625,141,93.01580810546875,0.0,46.44097900390625,141
2025-07-17T20:32:36.988256,3,22,"[0, 1, 2, 3, 4, 5, 6, 7]",93.01580810546875,38.86540412902832,46.44097900390625,141,93.01580810546875,0.0,46.44097900390625,141
2025-07-17T20:32:37.002827,4,22,"[0, 1, 2, 3, 4, 5, 6, 7]",93.01580810546875,38.86540412902832,46.44097900390625,141,93.01580810546875,0.0,46.44097900390625,141
2025-07-17T20:32:37.011049,0,23,"[0, 1, 2, 3, 4, 5, 6, 7]",93.01580810546875,38.86540412902832,46.44097900390625,141,93.01580810546875,0.0,46.44097900390625,141
2025-07-17T20:32:37.013285,1,23,"[0, 1, 2, 3, 4, 5, 6]",93.01580810546875,38.86540412902832,46.44097900390625,141,93.01580810546875,0.0,46.44097900390625,141
2025-07-17T20:32:37.025100,2,23,"[0, 1, 2, 3, 4, 5, 6, 7]",93.01580810546875,38.86540412902832,46.44097900390625,141,93.01580810546875,0.0,46.44097900390625,141
2025-07-17T20:32:37.027388,3,23,"[0, 1, 2, 3, 4, 5, 6]",93.01580810546875,38.86540412902832,46.44097900390625,141,93.01580810546875,0.0,46.44097900390625,141
2025-07-17T20:32:37.040047,4,23,"[0, 1, 2, 3, 4, 5, 6]",93.01580810546875,38.86540412902832,46.44097900390625,141,93.01580810546875,0.0,46.44097900390625,141
2025-07-17T20:32:37.042354,0,24,"[0, 1, 2, 3, 4, 5, 6, 7]",93.01580810546875,38.86540412902832,46.44097900390625,141,93.01580810546875,0.0,46.44097900390625,141
2025-07-17T20:32:37.049643,1,24,"[0, 1, 2, 4, 5, 6, 7]",93.01580810546875,38.86540412902832,46.44097900390625,141,93.01580810546875,0.0,46.44097900390625,141
2025-07-17T20:32:37.056922,2,24,"[0, 1, 2, 3, 4, 5, 6, 7]",93.01580810546875,38.86540412902832,46.44097900390625,141,93.01580810546875,0.0,46.44097900390625,141
2025-07-17T20:32:37.063912,3,24,"[0, 1, 2, 4, 5, 6, 7]",93.01580810546875,38.86540412902832,46.44097900390625,141,93.01580810546875,0.0,46.44097900390625,141
2025-07-17T20:32:37.070188,4,24,"[0, 1, 2, 4, 5, 6, 7]",93.01580810546875,38.86540412902832,46.44097900390625,141,93.01580810546875,0.0,46.44097900390625,141
2025-07-17T20:32:37.077185,0,25,"[0, 1, 2, 3, 4, 5, 6, 7]",93.01580810546875,38.86540412902832,46.44097900390625,141,93.01580810546875,0.0,46.44097900390625,141
2025-07-17T20:32:37.084578,1,25,"[0, 1, 2, 3, 4, 6, 7]",93.01580810546875,38.86540412902832,46.44097900390625,141,93.01580810546875,0.0,46.44097900390625,141
2025-07-17T20:32:37.091615,2,25,"[0, 1, 2, 3, 4, 5, 6, 7]",93.01580810546875,38.86540412902832,46.44097900390625,141,93.01580810546875,0.0,46.44097900390625,141
2025-07-17T20:32:37.098816,3,25,"[0, 1, 2, 3, 4, 6, 7]",93.01580810546875,38.86540412902832,46.44097900390625,141,93.01580810546875,0.0,46.44097900390625,141
2025-07-17T20:32:37.106096,4,25,"[0, 1, 2, 3, 4, 6, 7]",93.01580810546875,38.86540412902832,46.44097900390625,141,93.01580810546875,0.0,46.44097900390625,141
2025-07-17T20:32:37.113927,0,26,"[0, 1, 2, 3, 4, 5, 6, 7]",93.01580810546875,38.86540412902832,46.44097900390625,141,93.01580810546875,0.0,46.44097900390625,141
2025-07-17T20:32:37.121434,1,26,"[0, 1, 2, 3, 4, 5, 6, 7]",93.01580810546875,38.86540412902832,46.44097900390625,141,93.01580810546875,0.0,46.44097900390625,141
2025-07-17T20:32:37.129249,2,26,"[0, 1, 2, 3, 4, 5, 6, 7]",93.01580810546875,38.86540412902832,46.44097900390625,141,93.01580810546875,0.0,46.44097900390625,141
2025-07-17T20:32:37.135979,3,26,"[0, 1, 2, 3, 4, 5, 6, 7]",93.01580810546875,38.86540412902832,46.44097900390625,141,93.01580810546875,0.0,46.44097900390625,141
2025-07-17T20:32:37.147522,4,26,"[0, 1, 2, 3, 4, 5, 6, 7]",93.01580810546875,38.86540412902832,46.44097900390625,141,93.01580810546875,0.0,46.44097900390625,141
2025-07-17T20:32:37.149567,0,27,"[0, 1, 2, 3, 4, 5, 6, 7]",93.01580810546875,38.86540412902832,46.44097900390625,141,93.01580810546875,0.0,46.44097900390625,141
2025-07-17T20:32:37.157185,1,27,"[0, 1, 2, 3, 4, 5, 6, 7]",93.01580810546875,38.86540412902832,46.44097900390625,141,93.01580810546875,0.0,46.44097900390625,141
2025-07-17T20:32:37.170534,2,27,"[0, 1, 2, 3, 4, 5, 6, 7]",93.01580810546875,38.86540412902832,46.44097900390625,141,93.01580810546875,0.0,46.44097900390625,141
2025-07-17T20:32:37.172654,3,27,"[0, 1, 2, 3, 4, 5, 6, 7]",93.01580810546875,38.86540412902832,46.44097900390625,141,93.01580810546875,0.0,46.44097900390625,141
2025-07-17T20:32:37.180111,4,27,"[0, 1, 2, 3, 4, 5, 6, 7]",93.01580810546875,38.86540412902832,46.44097900390625,141,93.01580810546875,0.0,46.44097900390625,141
2025-07-17T20:32:37.193459,0,28,"[0, 1, 2, 3, 4, 5, 6, 7]",93.01580810546875,38.86540412902832,46.44097900390625,141,93.01580810546875,0.0,46.44097900390625,141
2025-07-17T20:32:37.195513,1,28,"[0, 1, 2, 3, 4, 5, 6, 7]",93.01580810546875,38.86540412902832,46.44097900390625,141,93.01580810546875,0.0,46.44097900390625,141
2025-07-17T20:32:37.202329,2,28,"[0, 1, 2, 3, 4, 5, 6, 7]",93.01580810546875,38.86540412902832,46.44097900390625,141,93.01580810546875,0.0,46.44097900390625,141
2025-07-17T20:32:37.210211,3,28,"[0, 1, 2, 3, 4, 5, 6, 7]",93.01580810546875,38.86540412902832,46.44097900390625,141,93.01580810546875,0.0,46.44097900390625,141
2025-07-17T20:32:37.216836,4,28,"[0, 1, 2, 3, 4, 5, 6, 7]",93.01580810546875,38.86540412902832,46.44097900390625,141,93.01580810546875,0.0,46.44097900390625,141
2025-07-17T20:32:37.223555,0,29,"[0, 1, 2, 3, 4, 5, 6, 7]",93.01580810546875,38.86540412902832,46.44097900390625,141,93.01580810546875,0.0,46.44097900390625,141
2025-07-17T20:32:37.236794,1,29,"[0, 1, 2, 3, 4, 5, 6, 7]",93.01580810546875,38.86540412902832,46.44097900390625,141,93.01580810546875,0.0,46.44097900390625,141
2025-07-17T20:32:37.238855,2,29,"[0, 1, 2, 3, 5, 6, 7]",93.01580810546875,38.86540412902832,46.44097900390625,141,93.01580810546875,0.0,46.44097900390625,141
2025-07-17T20:32:37.246570,3,29,"[0, 1, 2, 3, 4, 5, 6, 7]",93.01580810546875,38.86540412902832,46.44097900390625,141,93.01580810546875,0.0,46.44097900390625,141
2025-07-17T20:32:37.258483,4,29,"[0, 1, 2, 3, 4, 5, 6, 7]",93.01580810546875,38.86540412902832,46.44097900390625,141,93.01580810546875,0.0,46.44097900390625,141
2025-07-17T20:32:37.267459,0,30,"[0, 1, 2, 3, 4, 5, 6, 7]",93.01580810546875,38.86540412902832,46.44097900390625,141,93.01580810546875,0.0,46.44097900390625,141
2025-07-17T20:32:37.269688,1,30,"[0, 1, 2, 3, 4, 5, 6, 7]",93.01580810546875,38.86540412902832,46.44097900390625,141,93.01580810546875,0.0,46.44097900390625,141
2025-07-17T20:32:37.275630,2,30,"[0, 1, 2, 3, 4, 5, 6, 7]",93.01580810546875,38.86540412902832,46.44097900390625,141,93.01580810546875,0.0,46.44097900390625,141
2025-07-17T20:32:37.282448,3,30,"[0, 1, 2, 3, 4, 5, 6, 7]",93.01580810546875,38.86540412902832,46.44097900390625,141,93.01580810546875,0.0,46.44097900390625,141
2025-07-17T20:32:37.290659,4,30,"[0, 1, 2, 3, 4, 5, 6, 7]",93.01580810546875,38.86540412902832,46.44097900390625,141,93.01580810546875,0.0,46.44097900390625,141
2025-07-17T20:32:37.298255,0,31,"[0, 1, 2, 3, 4, 5, 6, 7]",93.01580810546875,38.87229824066162,46.44097900390625,141,93.01580810546875,0.0,46.44097900390625,141
2025-07-17T20:32:37.306884,1,31,"[0, 1, 2, 3, 4, 5, 6, 7]",93.01580810546875,38.86967182159424,46.44097900390625,141,93.01580810546875,0.0,46.44097900390625,141
2025-07-17T20:32:37.315146,2,31,"[0, 1, 2, 3, 4, 5, 6, 7]",93.01580810546875,38.86646366119385,46.44097900390625,141,93.01580810546875,0.0,46.44097900390625,141
2025-07-17T20:32:37.329506,3,31,"[0, 1, 2, 3, 4, 5, 6, 7]",93.01580810546875,38.86299800872803,46.44097900390625,141,93.01580810546875,0.0,46.44097900390625,141
2025-07-17T20:32:37.332141,4,31,"[0, 1, 2, 3, 4, 5, 6, 7]",93.01580810546875,38.86002254486084,46.44097900390625,141,93.01580810546875,0.0,46.44097900390625,141
2025-07-17T20:32:37.346708,0,0,"[0, 1, 2, 3, 4, 5, 6, 7]",93.01580810546875,38.85531425476074,46.44097900390625,141,93.01580810546875,0.0,46.44097900390625,141
2025-07-17T20:32:37.353893,1,0,"[0, 1, 2, 3, 4, 5, 6, 7]",93.01580810546875,38.85852241516113,46.44097900390625,141,93.01580810546875,0.0,46.44097900390625,141
2025-07-17T20:32:37.361142,2,0,"[0, 1, 2, 3, 4, 5, 6, 7]",93.01580810546875,38.86149787902832,46.44097900390625,141,93.01580810546875,0.0,46.44097900390625,141
2025-07-17T20:32:37.368060,3,0,"[0, 1, 2, 3, 4, 5, 6, 7]",93.01580810546875,38.86438179016113,46.44097900390625,141,93.01580810546875,0.0,46.44097900390625,141
2025-07-17T20:32:37.375143,4,0,"[0, 1, 2, 3, 4, 5, 6, 7]",93.01580810546875,38.86540412902832,46.44097900390625,141,93.01580810546875,0.0,46.44097900390625,141
2025-07-17T20:32:37.383242,0,1,"[0, 1, 2, 3, 4, 5, 6, 7]",93.01580810546875,38.86540412902832,46.44097900390625,141,93.01580810546875,0.0,46.44097900390625,141
2025-07-17T20:32:37.390728,1,1,"[0, 1, 2, 3, 4, 5, 6, 7]",93.01580810546875,38.86540412902832,46.44097900390625,141,93.01580810546875,0.0,46.44097900390625,141
2025-07-17T20:32:37.397961,2,1,"[0, 1, 2, 3, 4, 5, 6, 7]",93.01580810546875,38.86540412902832,46.44097900390625,141,93.01580810546875,0.0,46.44097900390625,141
2025-07-17T20:32:37.406294,3,1,"[0, 1, 2, 3, 4, 5, 6, 7]",93.01580810546875,38.86540412902832,46.44097900390625,141,93.01580810546875,0.0,46.44097900390625,141
2025-07-17T20:32:37.414561,4,1,"[0, 1, 2, 3, 4, 5, 6, 7]",93.01580810546875,38.86540412902832,46.44097900390625,141,93.01580810546875,0.0,46.44097900390625,141
2025-07-17T20:32:37.421836,0,2,"[0, 1, 2, 3, 4, 5, 6, 7]",93.01580810546875,38.86482238769531,46.44097900390625,141,93.01580810546875,0.0,46.44097900390625,141
2025-07-17T20:32:37.429278,1,2,"[0, 1, 2, 3, 4, 5, 6, 7]",93.01580810546875,38.86482238769531,46.44097900390625,141,93.01580810546875,0.0,46.44097900390625,141
2025-07-17T20:32:37.436217,2,2,"[0, 1, 2, 3, 4, 5, 6, 7]",93.01580810546875,38.86482238769531,46.44097900390625,141,93.01580810546875,0.0,46.44097900390625,141
2025-07-17T20:32:37.443999,3,2,"[0, 1, 2, 3, 4, 5, 6, 7]",93.01580810546875,38.86456489562988,46.44097900390625,141,93.01580810546875,0.0,46.44097900390625,141
2025-07-17T20:32:37.451300,4,2,"[0, 1, 2, 3, 4, 5, 6, 7]",93.01580810546875,38.86540412902832,46.44097900390625,141,93.01580810546875,0.0,46.44097900390625,141
2025-07-17T20:32:37.458072,0,3,"[0, 1, 2, 3, 4, 5, 6, 7]",93.01580810546875,38.86540412902832,46.44097900390625,141,93.01580810546875,0.0,46.44097900390625,141
2025-07-17T20:32:37.465132,1,3,"[0, 1, 2, 3, 4, 5, 6, 7]",93.01580810546875,38.86540412902832,46.44097900390625,141,93.01580810546875,0.0,46.44097900390625,141
2025-07-17T20:32:37.472538,2,3,"[0, 1, 2, 3, 4, 5, 6, 7]",93.01580810546875,38.86540412902832,46.44097900390625,141,93.01580810546875,0.0,46.44097900390625,141
2025-07-17T20:32:37.479391,3,3,"[0, 1, 2, 3, 4, 5, 6, 7]",93.01580810546875,38.86540412902832,46.44097900390625,141,93.01580810546875,0.0,46.44097900390625,141
2025-07-17T20:32:37.487390,4,3,"[0, 1, 2, 3, 4, 5, 6, 7]",93.01580810546875,38.86540412902832,46.44097900390625,141,93.01580810546875,0.0,46.44097900390625,141
2025-07-17T20:32:37.494909,0,4,"[0, 1, 2, 3, 4, 5, 6, 7]",93.01580810546875,38.86540412902832,46.44097900390625,141,93.01580810546875,0.0,46.44097900390625,141
2025-07-17T20:32:37.502935,1,4,"[0, 1, 2, 3, 4, 5, 6, 7]",93.01580810546875,38.86540412902832,46.44097900390625,141,93.01580810546875,0.0,46.44097900390625,141
2025-07-17T20:32:37.510094,2,4,"[0, 1, 2, 3, 4, 5, 6, 7]",93.01580810546875,38.86540412902832,46.44097900390625,141,93.01580810546875,0.0,46.44097900390625,141
2025-07-17T20:32:37.519344,3,4,"[0, 1, 2, 3, 4, 5, 6, 7]",93.01580810546875,38.86482238769531,46.44097900390625,141,93.01580810546875,0.0,46.44097900390625,141
2025-07-17T20:32:37.527696,4,4,"[0, 1, 2, 3, 4, 5, 6, 7]",93.01580810546875,38.86456489562988,46.44097900390625,141,93.01580810546875,0.0,46.44097900390625,141
2025-07-17T20:32:37.534823,0,5,"[0, 1, 2, 3, 4, 5, 6, 7]",93.01580810546875,38.86456489562988,46.44097900390625,141,93.01580810546875,0.0,46.44097900390625,141
2025-07-17T20:32:37.541901,1,5,"[0, 1, 2, 3, 4, 5, 6, 7]",93.01580810546875,38.86456489562988,46.44097900390625,141,93.01580810546875,0.0,46.44097900390625,141
2025-07-17T20:32:37.549114,2,5,"[0, 1, 2, 3, 4, 5, 6, 7]",93.01580810546875,38.86456489562988,46.44097900390625,141,93.01580810546875,0.0,46.44097900390625,141
2025-07-17T20:32:37.555858,3,5,"[0, 1, 2, 3, 4, 5, 6, 7]",93.01580810546875,38.86540412902832,46.44097900390625,141,93.01580810546875,0.0,46.44097900390625,141
2025-07-17T20:32:37.564179,4,5,"[0, 1, 2, 3, 4, 5, 6, 7]",93.01580810546875,38.86482238769531,46.44097900390625,141,93.01580810546875,0.0,46.44097900390625,141
2025-07-17T20:32:37.572203,0,6,"[0, 1, 2, 3, 4, 5, 6, 7]",93.01580810546875,38.86482238769531,46.44097900390625,141,93.01580810546875,0.0,46.44097900390625,141
2025-07-17T20:32:37.578904,1,6,"[0, 1, 2, 3, 4, 5, 6, 7]",93.01580810546875,38.86482238769531,46.44097900390625,141,93.01580810546875,0.0,46.44097900390625,141
2025-07-17T20:32:37.586411,2,6,"[0, 1, 2, 3, 4, 5, 6, 7]",93.01580810546875,38.86482238769531,46.44097900390625,141,93.01580810546875,0.0,46.44097900390625,141
2025-07-17T20:32:37.593627,3,6,"[0, 1, 2, 3, 4, 5, 6, 7]",93.01580810546875,38.86456489562988,46.44097900390625,141,93.01580810546875,0.0,46.44097900390625,141
2025-07-17T20:32:37.601984,4,6,"[0, 1, 2, 3, 4, 5, 6, 7]",93.01580810546875,38.86540412902832,46.44097900390625,141,93.01580810546875,0.0,46.44097900390625,141
2025-07-17T20:32:37.608761,0,7,"[0, 1, 2, 3, 4, 5, 6, 7]",93.01580810546875,38.86540412902832,46.44097900390625,141,93.01580810546875,0.0,46.44097900390625,141
2025-07-17T20:32:37.615936,1,7,"[0, 1, 2, 3, 4, 5, 6, 7]",93.01580810546875,38.86540412902832,46.44097900390625,141,93.01580810546875,0.0,46.44097900390625,141
2025-07-17T20:32:37.623290,2,7,"[0, 1, 2, 3, 4, 5, 6, 7]",93.01580810546875,38.86540412902832,46.44097900390625,141,93.01580810546875,0.0,46.44097900390625,141
2025-07-17T20:32:37.630139,3,7,"[0, 1, 2, 3, 4, 5, 6, 7]",93.01580810546875,38.86540412902832,46.44097900390625,141,93.01580810546875,0.0,46.44097900390625,141
2025-07-17T20:32:37.637128,4,7,"[0, 1, 2, 3, 4, 5, 6, 7]",93.01580810546875,38.86540412902832,46.44097900390625,141,93.01580810546875,0.0,46.44097900390625,141
2025-07-17T20:32:37.644001,0,8,"[0, 1, 2, 3, 4, 5, 6, 7]",93.01580810546875,38.86540412902832,46.44097900390625,141,93.01580810546875,0.0,46.44097900390625,141
2025-07-17T20:32:37.651388,1,8,"[1, 2, 3, 4, 5, 6, 7]",93.01580810546875,38.86540412902832,46.44097900390625,141,93.01580810546875,0.0,46.44097900390625,141
2025-07-17T20:32:37.659337,2,8,"[0, 1, 2, 3, 4, 5, 6, 7]",93.01580810546875,38.86540412902832,46.44097900390625,141,93.01580810546875,0.0,46.44097900390625,141
2025-07-17T20:32:37.666305,3,8,"[1, 2, 3, 4, 5, 6, 7]",93.01580810546875,38.86540412902832,46.44097900390625,141,93.01580810546875,0.0,46.44097900390625,141
2025-07-17T20:32:37.673125,4,8,"[1, 2, 3, 4, 5, 6, 7]",93.01580810546875,38.86540412902832,46.44097900390625,141,93.01580810546875,0.0,46.44097900390625,141
2025-07-17T20:32:37.679891,0,9,"[0, 1, 2, 3, 4, 5, 6, 7]",93.01580810546875,38.86540412902832,46.44097900390625,141,93.01580810546875,0.0,46.44097900390625,141
2025-07-17T20:32:37.688272,1,9,"[0, 1, 2, 3, 4, 5, 6, 7]",93.01580810546875,38.86540412902832,46.44097900390625,141,93.01580810546875,0.0,46.44097900390625,141
2025-07-17T20:32:37.695725,2,9,"[0, 1, 2, 3, 5, 6, 7]",93.01580810546875,38.86540412902832,46.44097900390625,141,93.01580810546875,0.0,46.44097900390625,141
2025-07-17T20:32:37.703165,3,9,"[0, 1, 2, 3, 4, 5, 6, 7]",93.01580810546875,38.86540412902832,46.44097900390625,141,93.01580810546875,0.0,46.44097900390625,141
2025-07-17T20:32:37.710133,4,9,"[0, 1, 2, 3, 4, 5, 6, 7]",93.01580810546875,38.86540412902832,46.44097900390625,141,93.01580810546875,0.0,46.44097900390625,141
2025-07-17T20:32:37.717087,0,10,"[0, 1, 2, 3, 4, 5, 6, 7]",93.01580810546875,38.86540412902832,46.44097900390625,141,93.01580810546875,0.0,46.44097900390625,141
2025-07-17T20:32:37.724273,1,10,"[0, 1, 2, 3, 4, 5, 6, 7]",93.01580810546875,38.86540412902832,46.44097900390625,141,93.01580810546875,0.0,46.44097900390625,141
2025-07-17T20:32:37.731293,2,10,"[0, 1, 2, 3, 4, 5, 6, 7]",93.01580810546875,38.86540412902832,46.44097900390625,141,93.01580810546875,0.0,46.44097900390625,141
2025-07-17T20:32:37.738320,3,10,"[0, 1, 2, 3, 4, 5, 6, 7]",93.01580810546875,38.86540412902832,46.44097900390625,141,93.01580810546875,0.0,46.44097900390625,141
2025-07-17T20:32:37.745245,4,10,"[0, 1, 2, 3, 4, 5, 6, 7]",93.01580810546875,38.86540412902832,46.44097900390625,141,93.01580810546875,0.0,46.44097900390625,141
2025-07-17T20:32:37.752299,0,11,"[0, 1, 2, 3, 4, 5, 6, 7]",93.01580810546875,38.86540412902832,46.44097900390625,141,93.01580810546875,0.0,46.44097900390625,141
2025-07-17T20:32:37.759269,1,11,"[0, 1, 2, 3, 4, 5, 6, 7]",93.01580810546875,38.86540412902832,46.44097900390625,141,93.01580810546875,0.0,46.44097900390625,141
2025-07-17T20:32:37.767016,2,11,"[0, 1, 2, 3, 4, 5, 6, 7]",93.01580810546875,38.86540412902832,46.44097900390625,141,93.01580810546875,0.0,46.44097900390625,141
2025-07-17T20:32:37.774140,3,11,"[0, 1, 2, 3, 4, 5, 6, 7]",93.01580810546875,38.86540412902832,46.44097900390625,141,93.01580810546875,0.0,46.44097900390625,141
2025-07-17T20:32:37.781831,4,11,"[0, 1, 2, 3, 4, 5, 6, 7]",93.01580810546875,38.86540412902832,46.44097900390625,141,93.01580810546875,0.0,46.44097900390625,141
2025-07-17T20:32:37.788925,0,12,"[0, 1, 2, 3, 4, 5, 6, 7]",93.01580810546875,38.86540412902832,46.44097900390625,141,93.01580810546875,0.0,46.44097900390625,141
2025-07-17T20:32:37.795878,1,12,"[0, 1, 2, 3, 4, 5, 6]",93.01580810546875,38.86540412902832,46.44097900390625,141,93.01580810546875,0.0,46.44097900390625,141
2025-07-17T20:32:37.803105,2,12,"[0, 1, 2, 3, 4, 5, 6, 7]",93.01580810546875,38.86540412902832,46.44097900390625,141,93.01580810546875,0.0,46.44097900390625,141
2025-07-17T20:32:37.810579,3,12,"[0, 1, 2, 3, 4, 5, 6]",93.01580810546875,38.86540412902832,46.44097900390625,141,93.01580810546875,0.0,46.44097900390625,141
2025-07-17T20:32:37.817810,4,12,"[0, 1, 2, 3, 4, 5, 6]",93.01580810546875,38.86540412902832,46.44097900390625,141,93.01580810546875,0.0,46.44097900390625,141
2025-07-17T20:32:37.824919,0,13,"[0, 1, 2, 3, 4, 5, 6, 7]",93.01580810546875,38.86540412902832,46.44097900390625,141,93.01580810546875,0.0,46.44097900390625,141
2025-07-17T20:32:37.832980,1,13,"[0, 1, 2, 3, 4, 6, 7]",93.01580810546875,38.86540412902832,46.44097900390625,141,93.01580810546875,0.0,46.44097900390625,141
2025-07-17T20:32:37.840841,2,13,"[0, 1, 2, 3, 4, 5, 6, 7]",93.01580810546875,38.86540412902832,46.44097900390625,141,93.01580810546875,0.0,46.44097900390625,141
2025-07-17T20:32:37.847897,3,13,"[0, 1, 2, 3, 4, 6, 7]",93.01580810546875,38.86540412902832,46.44097900390625,141,93.01580810546875,0.0,46.44097900390625,141
2025-07-17T20:32:37.854693,4,13,"[0, 1, 2, 3, 4, 6, 7]",93.01580810546875,38.86540412902832,46.44097900390625,141,93.01580810546875,0.0,46.44097900390625,141
2025-07-17T20:32:37.862715,0,14,"[0, 1, 2, 3, 4, 5, 6, 7]",93.01580810546875,38.86540412902832,46.44097900390625,141,93.01580810546875,0.0,46.44097900390625,141
2025-07-17T20:32:37.869747,1,14,"[0, 1, 2, 3, 4, 5, 6, 7]",93.01580810546875,38.86540412902832,46.44097900390625,141,93.01580810546875,0.0,46.44097900390625,141
2025-07-17T20:32:37.876946,2,14,"[0, 1, 2, 3, 4, 5, 6, 7]",93.01580810546875,38.86540412902832,46.44097900390625,141,93.01580810546875,0.0,46.44097900390625,141
2025-07-17T20:32:37.885032,3,14,"[0, 1, 2, 3, 4, 5, 6, 7]",93.01580810546875,38.86540412902832,46.44097900390625,141,93.01580810546875,0.0,46.44097900390625,141
2025-07-17T20:32:37.893002,4,14,"[0, 1, 2, 3, 4, 5, 6, 7]",93.01580810546875,38.86540412902832,46.44097900390625,141,93.01580810546875,0.0,46.44097900390625,141
2025-07-17T20:32:37.900242,0,15,"[0, 1, 2, 3, 4, 5, 6, 7]",93.01580810546875,38.86540412902832,46.44097900390625,141,93.01580810546875,0.0,46.44097900390625,141
2025-07-17T20:32:37.907359,1,15,"[0, 1, 2, 3, 4, 5, 6, 7]",93.01580810546875,38.86540412902832,46.44097900390625,141,93.01580810546875,0.0,46.44097900390625,141
2025-07-17T20:32:37.914383,2,15,"[0, 1, 2, 3, 4, 5, 6, 7]",93.01580810546875,38.86540412902832,46.44097900390625,141,93.01580810546875,0.0,46.44097900390625,141
2025-07-17T20:32:37.922504,3,15,"[0, 1, 2, 3, 4, 5, 6, 7]",93.01580810546875,38.86540412902832,46.44097900390625,141,93.01580810546875,0.0,46.44097900390625,141
2025-07-17T20:32:37.929924,4,15,"[0, 1, 2, 3, 4, 5, 6, 7]",93.01580810546875,38.86540412902832,46.44097900390625,141,93.01580810546875,0.0,46.44097900390625,141
2025-07-17T20:32:37.937484,0,16,"[0, 1, 2, 3, 4, 5, 6, 7]",93.01580810546875,38.86540412902832,46.44097900390625,141,93.01580810546875,0.0,46.44097900390625,141
2025-07-17T20:32:37.940235,1,16,"[0, 1, 3, 4, 5, 6, 7]",93.01580810546875,38.86540412902832,46.44097900390625,141,93.01580810546875,0.0,46.44097900390625,141
2025-07-17T20:32:37.948518,2,16,"[0, 1, 2, 3, 4, 5, 6, 7]",93.01580810546875,38.86540412902832,46.44097900390625,141,93.01580810546875,0.0,46.44097900390625,141
2025-07-17T20:32:37.960869,3,16,"[0, 1, 3, 4, 5, 6, 7]",93.01580810546875,38.86540412902832,46.44097900390625,141,93.01580810546875,0.0,46.44097900390625,141
2025-07-17T20:32:37.963042,4,16,"[0, 1, 3, 4, 5, 6, 7]",93.01580810546875,38.86540412902832,46.44097900390625,141,93.01580810546875,0.0,46.44097900390625,141
2025-07-17T20:32:37.969930,0,17,"[0, 1, 2, 3, 4, 5, 6, 7]",93.01580810546875,38.86540412902832,46.44097900390625,141,93.01580810546875,0.0,46.44097900390625,141
2025-07-17T20:32:37.976868,1,17,"[0, 1, 2, 3, 4, 5, 6, 7]",93.01580810546875,38.86540412902832,46.44097900390625,141,93.01580810546875,0.0,46.44097900390625,141
2025-07-17T20:32:37.985006,2,17,"[0, 1, 2, 3, 4, 5, 6, 7]",93.01580810546875,38.86540412902832,46.44097900390625,141,93.01580810546875,0.0,46.44097900390625,141
2025-07-17T20:32:37.997742,3,17,"[0, 1, 2, 3, 4, 5, 6, 7]",93.01580810546875,38.86540412902832,46.44097900390625,141,93.01580810546875,0.0,46.44097900390625,141
2025-07-17T20:32:38.000081,4,17,"[0, 1, 2, 3, 4, 5, 6, 7]",93.01580810546875,38.86540412902832,46.44097900390625,141,93.01580810546875,0.0,46.44097900390625,141
2025-07-17T20:32:38.011191,0,18,"[0, 1, 2, 3, 4, 5, 6, 7]",93.01580810546875,38.86540412902832,46.44097900390625,141,93.01580810546875,0.0,46.44097900390625,141
2025-07-17T20:32:38.018195,1,18,"[0, 1, 2, 3, 4, 5, 6, 7]",93.01580810546875,38.86540412902832,46.44097900390625,141,93.01580810546875,0.0,46.44097900390625,141
2025-07-17T20:32:38.025131,2,18,"[0, 1, 2, 3, 4, 5, 6, 7]",93.01580810546875,38.86540412902832,46.44097900390625,141,93.01580810546875,0.0,46.44097900390625,141
2025-07-17T20:32:38.032539,3,18,"[0, 1, 2, 3, 4, 5, 6, 7]",93.01580810546875,38.86540412902832,46.44097900390625,141,93.01580810546875,0.0,46.44097900390625,141
2025-07-17T20:32:38.039247,4,18,"[0, 1, 2, 3, 4, 5, 6, 7]",93.01580810546875,38.86540412902832,46.44097900390625,141,93.01580810546875,0.0,46.44097900390625,141
2025-07-17T20:32:38.045943,0,19,"[0, 1, 2, 3, 4, 5, 6, 7]",93.01580810546875,38.86540412902832,46.44097900390625,141,93.01580810546875,0.0,46.44097900390625,141
2025-07-17T20:32:38.053379,1,19,"[0, 1, 2, 3, 4, 5, 6, 7]",93.01580810546875,38.86540412902832,46.44097900390625,141,93.01580810546875,0.0,46.44097900390625,141
2025-07-17T20:32:38.060143,2,19,"[0, 1, 2, 3, 4, 5, 6, 7]",93.01580810546875,38.86540412902832,46.44097900390625,141,93.01580810546875,0.0,46.44097900390625,141
2025-07-17T20:32:38.067504,3,19,"[0, 1, 2, 3, 4, 5, 6, 7]",93.01580810546875,38.86540412902832,46.44097900390625,141,93.01580810546875,0.0,46.44097900390625,141
2025-07-17T20:32:38.076190,4,19,"[0, 1, 2, 3, 4, 5, 6, 7]",93.01580810546875,38.86540412902832,46.44097900390625,141,93.01580810546875,0.0,46.44097900390625,141
2025-07-17T20:32:38.083449,0,20,"[0, 1, 2, 3, 4, 5, 6, 7]",93.01580810546875,38.86540412902832,46.44097900390625,141,93.01580810546875,0.0,46.44097900390625,141
2025-07-17T20:32:38.090122,1,20,"[0, 1, 2, 3, 4, 5, 6, 7]",93.01580810546875,38.86540412902832,46.44097900390625,141,93.01580810546875,0.0,46.44097900390625,141
2025-07-17T20:32:38.097748,2,20,"[0, 1, 2, 3, 4, 5, 6, 7]",93.01580810546875,38.86540412902832,46.44097900390625,141,93.01580810546875,0.0,46.44097900390625,141
2025-07-17T20:32:38.104862,3,20,"[0, 1, 2, 3, 4, 5, 6, 7]",93.01580810546875,38.86540412902832,46.44097900390625,141,93.01580810546875,0.0,46.44097900390625,141
2025-07-17T20:32:38.112492,4,20,"[0, 1, 2, 3, 4, 5, 6, 7]",93.01580810546875,38.86540412902832,46.44097900390625,141,93.01580810546875,0.0,46.44097900390625,141
2025-07-17T20:32:38.119820,0,21,"[0, 1, 2, 3, 4, 5, 6, 7]",93.01580810546875,38.86540412902832,46.44097900390625,141,93.01580810546875,0.0,46.44097900390625,141
2025-07-17T20:32:38.127022,1,21,"[0, 1, 2, 3, 4, 5, 6, 7]",93.01580810546875,38.86540412902832,46.44097900390625,141,93.01580810546875,0.0,46.44097900390625,141
2025-07-17T20:32:38.135081,2,21,"[0, 1, 2, 3, 4, 5, 6, 7]",93.01580810546875,38.86540412902832,46.44097900390625,141,93.01580810546875,0.0,46.44097900390625,141
2025-07-17T20:32:38.143218,3,21,"[0, 1, 2, 3, 4, 5, 6, 7]",93.01580810546875,38.86482238769531,46.44097900390625,141,93.01580810546875,0.0,46.44097900390625,141
2025-07-17T20:32:38.150040,4,21,"[0, 1, 2, 3, 4, 5, 6, 7]",93.01580810546875,38.86456489562988,46.44097900390625,141,93.01580810546875,0.0,46.44097900390625,141
2025-07-17T20:32:38.157334,0,22,"[0, 1, 2, 3, 4, 5, 6, 7]",93.01580810546875,38.86456489562988,46.44097900390625,141,93.01580810546875,0.0,46.44097900390625,141
2025-07-17T20:32:38.164285,1,22,"[0, 1, 2, 3, 4, 5, 6, 7]",93.01580810546875,38.86456489562988,46.44097900390625,141,93.01580810546875,0.0,46.44097900390625,141
2025-07-17T20:32:38.171169,2,22,"[0, 1, 2, 3, 4, 5, 6, 7]",93.01580810546875,38.86456489562988,46.44097900390625,141,93.01580810546875,0.0,46.44097900390625,141
2025-07-17T20:32:38.178111,3,22,"[0, 1, 2, 3, 4, 5, 6, 7]",93.01580810546875,38.86540412902832,46.44097900390625,141,93.01580810546875,0.0,46.44097900390625,141
2025-07-17T20:32:38.185058,4,22,"[0, 1, 2, 3, 4, 5, 6, 7]",93.01580810546875,38.86540412902832,46.44097900390625,141,93.01580810546875,0.0,46.44097900390625,141
2025-07-17T20:32:38.192898,0,23,"[0, 1, 2, 3, 4, 5, 6, 7]",93.01580810546875,38.86540412902832,46.44097900390625,141,93.01580810546875,0.0,46.44097900390625,141
2025-07-17T20:32:38.200177,1,23,"[0, 1, 2, 3, 4, 5, 6, 7]",93.01580810546875,38.86540412902832,46.44097900390625,141,93.01580810546875,0.0,46.44097900390625,141
2025-07-17T20:32:38.208661,2,23,"[0, 1, 2, 3, 4, 5, 6, 7]",93.01580810546875,38.86540412902832,46.44097900390625,141,93.01580810546875,0.0,46.44097900390625,141
2025-07-17T20:32:38.212065,3,23,"[0, 1, 2, 3, 4, 5, 6, 7]",93.01580810546875,38.86456489562988,46.44097900390625,141,93.01580810546875,0.0,46.44097900390625,141
2025-07-17T20:32:38.219906,4,23,"[0, 1, 2, 3, 4, 5, 6, 7]",93.01580810546875,38.86456489562988,46.44097900390625,141,93.01580810546875,0.0,46.44097900390625,141
2025-07-17T20:32:38.226618,0,24,"[0, 1, 2, 3, 4, 5, 6, 7]",93.01580810546875,38.86456489562988,46.44097900390625,141,93.01580810546875,0.0,46.44097900390625,141
2025-07-17T20:32:38.234320,1,24,"[0, 1, 2, 3, 4, 5, 6, 7]",93.01580810546875,38.86456489562988,46.44097900390625,141,93.01580810546875,0.0,46.44097900390625,141
2025-07-17T20:32:38.241507,2,24,"[0, 1, 2, 3, 4, 5, 6, 7]",93.01580810546875,38.86540412902832,46.44097900390625,141,93.01580810546875,0.0,46.44097900390625,141
2025-07-17T20:32:38.254092,3,24,"[0, 1, 2, 3, 4, 5, 6, 7]",93.01580810546875,38.86540412902832,46.44097900390625,141,93.01580810546875,0.0,46.44097900390625,141
2025-07-17T20:32:38.262199,4,24,"[0, 1, 2, 3, 4, 5, 6, 7]",93.01580810546875,38.86540412902832,46.44097900390625,141,93.01580810546875,0.0,46.44097900390625,141
2025-07-17T20:32:38.264602,0,25,"[0, 1, 2, 3, 4, 5, 6, 7]",93.01580810546875,38.86540412902832,46.44097900390625,141,93.01580810546875,0.0,46.44097900390625,141
2025-07-17T20:32:38.278141,1,25,"[0, 1, 2, 3, 4, 5, 6, 7]",93.01580810546875,38.86540412902832,46.44097900390625,141,93.01580810546875,0.0,46.44097900390625,141
2025-07-17T20:32:38.280675,2,25,"[0, 1, 2, 3, 4, 5, 6, 7]",93.01580810546875,38.86540412902832,46.44097900390625,141,93.01580810546875,0.0,46.44097900390625,141
2025-07-17T20:32:38.287611,3,25,"[0, 1, 2, 3, 4, 5, 6, 7]",93.01580810546875,38.86540412902832,46.44097900390625,141,93.01580810546875,0.0,46.44097900390625,141
2025-07-17T20:32:38.294449,4,25,"[0, 1, 2, 3, 4, 5, 6, 7]",93.01580810546875,38.86540412902832,46.44097900390625,141,93.01580810546875,0.0,46.44097900390625,141
2025-07-17T20:32:38.301878,0,26,"[0, 1, 2, 3, 4, 5, 6, 7]",93.01580810546875,38.86540412902832,46.44097900390625,141,93.01580810546875,0.0,46.44097900390625,141
2025-07-17T20:32:38.313544,1,26,"[0, 1, 2, 3, 4, 5, 6, 7]",93.01580810546875,38.86540412902832,46.44097900390625,141,93.01580810546875,0.0,46.44097900390625,141
2025-07-17T20:32:38.320560,2,26,"[0, 1, 2, 3, 4, 5, 6, 7]",93.01580810546875,38.86540412902832,46.44097900390625,141,93.01580810546875,0.0,46.44097900390625,141
2025-07-17T20:32:38.327307,3,26,"[0, 1, 2, 3, 4, 5, 6, 7]",93.01580810546875,38.86540412902832,46.44097900390625,141,93.01580810546875,0.0,46.44097900390625,141
2025-07-17T20:32:38.334485,4,26,"[0, 1, 2, 3, 4, 5, 6, 7]",93.01580810546875,38.86540412902832,46.44097900390625,141,93.01580810546875,0.0,46.44097900390625,141
2025-07-17T20:32:38.341483,0,27,"[0, 1, 2, 3, 4, 5, 6, 7]",93.01580810546875,38.86540412902832,46.44097900390625,141,93.01580810546875,0.0,46.44097900390625,141
2025-07-17T20:32:38.348357,1,27,"[0, 1, 2, 3, 4, 6, 7]",93.01580810546875,38.86540412902832,46.44097900390625,141,93.01580810546875,0.0,46.44097900390625,141
2025-07-17T20:32:38.356074,2,27,"[0, 1, 2, 3, 4, 5, 6, 7]",93.01580810546875,38.86540412902832,46.44097900390625,141,93.01580810546875,0.0,46.44097900390625,141
2025-07-17T20:32:38.363009,3,27,"[0, 1, 2, 3, 4, 6, 7]",93.01580810546875,38.86540412902832,46.44097900390625,141,93.01580810546875,0.0,46.44097900390625,141
2025-07-17T20:32:38.370288,4,27,"[0, 1, 2, 3, 4, 6, 7]",93.01580810546875,38.86540412902832,46.44097900390625,141,93.01580810546875,0.0,46.44097900390625,141
2025-07-17T20:32:38.377671,0,28,"[0, 1, 2, 3, 4, 5, 6, 7]",93.01580810546875,38.86540412902832,46.44097900390625,141,93.01580810546875,0.0,46.44097900390625,141
2025-07-17T20:32:38.384060,1,28,"[0, 1, 2, 3, 4, 5, 6, 7]",93.01580810546875,38.86540412902832,46.44097900390625,141,93.01580810546875,0.0,46.44097900390625,141
2025-07-17T20:32:38.391278,2,28,"[0, 1, 2, 3, 4, 5, 6, 7]",93.01580810546875,38.86540412902832,46.44097900390625,141,93.01580810546875,0.0,46.44097900390625,141
2025-07-17T20:32:38.398359,3,28,"[0, 1, 2, 3, 4, 5, 6, 7]",93.01580810546875,38.86540412902832,46.44097900390625,141,93.01580810546875,0.0,46.44097900390625,141
2025-07-17T20:32:38.404987,4,28,"[0, 1, 2, 3, 4, 5, 6, 7]",93.01580810546875,38.86540412902832,46.44097900390625,141,93.01580810546875,0.0,46.44097900390625,141
2025-07-17T20:32:38.412263,0,29,"[0, 1, 2, 3, 4, 5, 6, 7]",93.01580810546875,38.86540412902832,46.44097900390625,141,93.01580810546875,0.0,46.44097900390625,141
2025-07-17T20:32:38.420173,1,29,"[0, 1, 2, 3, 4, 5, 6, 7]",93.01580810546875,38.86540412902832,46.44097900390625,141,93.01580810546875,0.0,46.44097900390625,141
2025-07-17T20:32:38.427057,2,29,"[0, 1, 2, 3, 4, 5, 6, 7]",93.01580810546875,38.86540412902832,46.44097900390625,141,93.01580810546875,0.0,46.44097900390625,141
2025-07-17T20:32:38.434357,3,29,"[0, 1, 2, 3, 4, 5, 6, 7]",93.01580810546875,38.86540412902832,46.44097900390625,141,93.01580810546875,0.0,46.44097900390625,141
2025-07-17T20:32:38.441148,4,29,"[0, 1, 2, 3, 4, 5, 6, 7]",93.01580810546875,38.86540412902832,46.44097900390625,141,93.01580810546875,0.0,46.44097900390625,141
2025-07-17T20:32:38.448528,0,30,"[0, 1, 2, 3, 4, 5, 6, 7]",93.01580810546875,38.86540412902832,46.44097900390625,141,93.01580810546875,0.0,46.44097900390625,141
2025-07-17T20:32:38.455941,1,30,"[0, 1, 2, 3, 4, 5, 6, 7]",93.01580810546875,38.86540412902832,46.44097900390625,141,93.01580810546875,0.0,46.44097900390625,141
2025-07-17T20:32:38.463767,2,30,"[0, 1, 2, 3, 4, 5, 6, 7]",93.01580810546875,38.86540412902832,46.44097900390625,141,93.01580810546875,0.0,46.44097900390625,141
2025-07-17T20:32:38.471134,3,30,"[0, 1, 2, 3, 4, 5, 6, 7]",93.01580810546875,38.86540412902832,46.44097900390625,141,93.01580810546875,0.0,46.44097900390625,141
2025-07-17T20:32:38.478449,4,30,"[0, 1, 2, 3, 4, 5, 6, 7]",93.01580810546875,38.86540412902832,46.44097900390625,141,93.01580810546875,0.0,46.44097900390625,141
2025-07-17T20:32:38.486585,0,31,"[0, 1, 2, 3, 4, 5, 6, 7]",93.01580810546875,38.87287998199463,46.44097900390625,141,93.01580810546875,0.0,46.44097900390625,141
2025-07-17T20:32:38.495819,1,31,"[0, 1, 2, 3, 4, 5, 6, 7]",93.01580810546875,38.86967182159424,46.44097900390625,141,93.01580810546875,0.0,46.44097900390625,141
2025-07-17T20:32:38.499844,2,31,"[0, 1, 2, 3, 4, 5, 6, 7]",93.01580810546875,38.86620616912842,46.44097900390625,141,93.01580810546875,0.0,46.44097900390625,141
2025-07-17T20:32:38.508560,3,31,"[0, 1, 2, 3, 4, 5, 6, 7]",93.01580810546875,38.863579750061035,46.44097900390625,141,93.01580810546875,0.0,46.44097900390625,141
2025-07-17T20:32:38.515685,4,31,"[0, 1, 2, 3, 4, 5, 6, 7]",93.01580810546875,38.86002254486084,46.44097900390625,141,93.01580810546875,0.0,46.44097900390625,141
2025-07-17T20:32:38.527815,0,0,"[0, 1, 2, 3, 4, 5, 6, 7]",93.01580810546875,38.85531425476074,46.44097900390625,141,93.01580810546875,0.0,46.44097900390625,141
2025-07-17T20:32:38.535376,1,0,"[0, 1, 2, 3, 4, 5, 6, 7]",93.01580810546875,38.85852241516113,46.44097900390625,141,93.01580810546875,0.0,46.44097900390625,141
2025-07-17T20:32:38.548011,2,0,"[0, 1, 2, 3, 4, 5, 6, 7]",93.01580810546875,38.86149787902832,46.44097900390625,141,93.01580810546875,0.0,46.44097900390625,141
2025-07-17T20:32:38.550409,3,0,"[0, 1, 2, 3, 4, 5, 6, 7]",93.01580810546875,38.86438179016113,46.44097900390625,141,93.01580810546875,0.0,46.44097900390625,141
2025-07-17T20:32:38.557901,4,0,"[0, 1, 2, 3, 4, 5, 6, 7]",93.01580810546875,38.86540412902832,46.44097900390625,141,93.01580810546875,0.0,46.44097900390625,141
2025-07-17T20:32:38.566221,0,1,"[0, 1, 2, 3, 4, 5, 6, 7]",93.01580810546875,38.86540412902832,46.44097900390625,141,93.01580810546875,0.0,46.44097900390625,141
2025-07-17T20:32:38.573176,1,1,"[0, 1, 2, 3, 4, 5, 6, 7]",93.01580810546875,38.86540412902832,46.44097900390625,141,93.01580810546875,0.0,46.44097900390625,141
2025-07-17T20:32:38.580500,2,1,"[0, 1, 2, 3, 4, 5, 6, 7]",93.01580810546875,38.86540412902832,46.44097900390625,141,93.01580810546875,0.0,46.44097900390625,141
2025-07-17T20:32:38.586746,3,1,"[0, 1, 2, 3, 4, 5, 6, 7]",93.01580810546875,38.86540412902832,46.44097900390625,141,93.01580810546875,0.0,46.44097900390625,141
2025-07-17T20:32:38.593623,4,1,"[0, 1, 2, 3, 4, 5, 6, 7]",93.01580810546875,38.86540412902832,46.44097900390625,141,93.01580810546875,0.0,46.44097900390625,141
2025-07-17T20:32:38.602091,0,2,"[0, 1, 2, 3, 4, 5, 6, 7]",93.01580810546875,38.86540412902832,46.44097900390625,141,93.01580810546875,0.0,46.44097900390625,141
2025-07-17T20:32:38.614520,1,2,"[0, 1, 2, 3, 4, 5, 6, 7]",93.01580810546875,38.86540412902832,46.44097900390625,141,93.01580810546875,0.0,46.44097900390625,141
2025-07-17T20:32:38.617513,2,2,"[0, 1, 2, 3, 4, 5, 6, 7]",93.01580810546875,38.86540412902832,46.44097900390625,141,93.01580810546875,0.0,46.44097900390625,141
2025-07-17T20:32:38.624583,3,2,"[0, 1, 2, 3, 4, 5, 6, 7]",93.01580810546875,38.86540412902832,46.44097900390625,141,93.01580810546875,0.0,46.44097900390625,141
2025-07-17T20:32:38.631577,4,2,"[0, 1, 2, 3, 4, 5, 6, 7]",93.01580810546875,38.86540412902832,46.44097900390625,141,93.01580810546875,0.0,46.44097900390625,141
2025-07-17T20:32:38.644805,0,3,"[0, 1, 2, 3, 4, 5, 6, 7]",93.01580810546875,38.86540412902832,46.44097900390625,141,93.01580810546875,0.0,46.44097900390625,141
2025-07-17T20:32:38.646965,1,3,"[0, 1, 2, 3, 4, 6, 7]",93.01580810546875,38.86540412902832,46.44097900390625,141,93.01580810546875,0.0,46.44097900390625,141
2025-07-17T20:32:38.653952,2,3,"[0, 1, 2, 3, 4, 5, 6, 7]",93.01580810546875,38.86540412902832,46.44097900390625,141,93.01580810546875,0.0,46.44097900390625,141
2025-07-17T20:32:38.661372,3,3,"[0, 1, 2, 3, 4, 6, 7]",93.01580810546875,38.86540412902832,46.44097900390625,141,93.01580810546875,0.0,46.44097900390625,141
2025-07-17T20:32:38.668550,4,3,"[0, 1, 2, 3, 4, 6, 7]",93.01580810546875,38.86540412902832,46.44097900390625,141,93.01580810546875,0.0,46.44097900390625,141
2025-07-17T20:32:38.676813,0,4,"[0, 1, 2, 3, 4, 5, 6, 7]",93.01580810546875,38.86540412902832,46.44097900390625,141,93.01580810546875,0.0,46.44097900390625,141
2025-07-17T20:32:38.683423,1,4,"[0, 1, 2, 3, 4, 5, 6, 7]",93.01580810546875,38.86540412902832,46.44097900390625,141,93.01580810546875,0.0,46.44097900390625,141
2025-07-17T20:32:38.690395,2,4,"[0, 1, 2, 3, 4, 5, 6, 7]",93.01580810546875,38.86540412902832,46.44097900390625,141,93.01580810546875,0.0,46.44097900390625,141
2025-07-17T20:32:38.698419,3,4,"[0, 1, 2, 3, 4, 5, 6, 7]",93.01580810546875,38.86540412902832,46.44097900390625,141,93.01580810546875,0.0,46.44097900390625,141
2025-07-17T20:32:38.710244,4,4,"[0, 1, 2, 3, 4, 5, 6, 7]",93.01580810546875,38.86540412902832,46.44097900390625,141,93.01580810546875,0.0,46.44097900390625,141
2025-07-17T20:32:38.712401,0,5,"[0, 1, 2, 3, 4, 5, 6, 7]",93.01580810546875,38.86540412902832,46.44097900390625,141,93.01580810546875,0.0,46.44097900390625,141
2025-07-17T20:32:38.719854,1,5,"[0, 1, 2, 3, 4, 5, 6, 7]",93.01580810546875,38.86540412902832,46.44097900390625,141,93.01580810546875,0.0,46.44097900390625,141
2025-07-17T20:32:38.727563,2,5,"[0, 1, 2, 3, 4, 5, 6, 7]",93.01580810546875,38.86540412902832,46.44097900390625,141,93.01580810546875,0.0,46.44097900390625,141
2025-07-17T20:32:38.735352,3,5,"[0, 1, 2, 3, 4, 5, 6, 7]",93.01580810546875,38.86540412902832,46.44097900390625,141,93.01580810546875,0.0,46.44097900390625,141
2025-07-17T20:32:38.743242,4,5,"[0, 1, 2, 3, 4, 5, 6, 7]",93.01580810546875,38.86540412902832,46.44097900390625,141,93.01580810546875,0.0,46.44097900390625,141
2025-07-17T20:32:38.750711,0,6,"[0, 1, 2, 3, 4, 5, 6, 7]",93.01580810546875,38.86540412902832,46.44097900390625,141,93.01580810546875,0.0,46.44097900390625,141
2025-07-17T20:32:38.757959,1,6,"[0, 1, 2, 3, 4, 5, 6, 7]",93.01580810546875,38.86540412902832,46.44097900390625,141,93.01580810546875,0.0,46.44097900390625,141
2025-07-17T20:32:38.764854,2,6,"[0, 1, 2, 3, 4, 5, 6, 7]",93.01580810546875,38.86540412902832,46.44097900390625,141,93.01580810546875,0.0,46.44097900390625,141
2025-07-17T20:32:38.772038,3,6,"[0, 1, 2, 3, 4, 5, 6, 7]",93.01580810546875,38.86540412902832,46.44097900390625,141,93.01580810546875,0.0,46.44097900390625,141
2025-07-17T20:32:38.784882,4,6,"[0, 1, 2, 3, 4, 5, 6, 7]",93.01580810546875,38.86540412902832,46.44097900390625,141,93.01580810546875,0.0,46.44097900390625,141
2025-07-17T20:32:38.787121,0,7,"[0, 1, 2, 3, 4, 5, 6, 7]",93.01580810546875,38.86540412902832,46.44097900390625,141,93.01580810546875,0.0,46.44097900390625,141
2025-07-17T20:32:38.799273,1,7,"[0, 2, 3, 4, 5, 6, 7]",93.01580810546875,38.86540412902832,46.44097900390625,141,93.01580810546875,0.0,46.44097900390625,141
2025-07-17T20:32:38.801441,2,7,"[0, 1, 2, 3, 4, 5, 6, 7]",93.01580810546875,38.86540412902832,46.44097900390625,141,93.01580810546875,0.0,46.44097900390625,141
2025-07-17T20:32:38.808480,3,7,"[0, 2, 3, 4, 5, 6, 7]",93.01580810546875,38.86540412902832,46.44097900390625,141,93.01580810546875,0.0,46.44097900390625,141
2025-07-17T20:32:38.821779,4,7,"[0, 2, 3, 4, 5, 6, 7]",93.01580810546875,38.86540412902832,46.44097900390625,141,93.01580810546875,0.0,46.44097900390625,141
2025-07-17T20:32:38.823694,0,8,"[0, 1, 2, 3, 4, 5, 6, 7]",93.01580810546875,38.86540412902832,46.44097900390625,141,93.01580810546875,0.0,46.44097900390625,141
2025-07-17T20:32:38.831159,1,8,"[0, 2, 3, 4, 5, 6, 7]",93.01580810546875,38.86540412902832,46.44097900390625,141,93.01580810546875,0.0,46.44097900390625,141
2025-07-17T20:32:38.838096,2,8,"[0, 1, 2, 3, 4, 5, 6, 7]",93.01580810546875,38.86540412902832,46.44097900390625,141,93.01580810546875,0.0,46.44097900390625,141
2025-07-17T20:32:38.846077,3,8,"[0, 2, 3, 4, 5, 6, 7]",93.01580810546875,38.86540412902832,46.44097900390625,141,93.01580810546875,0.0,46.44097900390625,141
2025-07-17T20:32:38.853527,4,8,"[0, 2, 3, 4, 5, 6, 7]",93.01580810546875,38.86540412902832,46.44097900390625,141,93.01580810546875,0.0,46.44097900390625,141
2025-07-17T20:32:38.860530,0,9,"[0, 1, 2, 3, 4, 5, 6, 7]",93.01580810546875,38.86540412902832,46.44097900390625,141,93.01580810546875,0.0,46.44097900390625,141
2025-07-17T20:32:38.866946,1,9,"[0, 1, 2, 3, 4, 5, 6, 7]",93.01580810546875,38.86540412902832,46.44097900390625,141,93.01580810546875,0.0,46.44097900390625,141
2025-07-17T20:32:38.874710,2,9,"[0, 1, 2, 3, 4, 5, 6, 7]",93.01580810546875,38.86540412902832,46.44097900390625,141,93.01580810546875,0.0,46.44097900390625,141
2025-07-17T20:32:38.881099,3,9,"[0, 1, 2, 3, 4, 5, 6, 7]",93.01580810546875,38.86540412902832,46.44097900390625,141,93.01580810546875,0.0,46.44097900390625,141
2025-07-17T20:32:38.894230,4,9,"[0, 1, 2, 3, 4, 5, 6, 7]",93.01580810546875,38.86540412902832,46.44097900390625,141,93.01580810546875,0.0,46.44097900390625,141
2025-07-17T20:32:38.896175,0,10,"[0, 1, 2, 3, 4, 5, 6, 7]",93.01580810546875,38.86540412902832,46.44097900390625,141,93.01580810546875,0.0,46.44097900390625,141
2025-07-17T20:32:38.904247,1,10,"[0, 1, 2, 3, 4, 6, 7]",93.01580810546875,38.86540412902832,46.44097900390625,141,93.01580810546875,0.0,46.44097900390625,141
2025-07-17T20:32:38.912887,2,10,"[0, 1, 2, 3, 4, 5, 6, 7]",93.01580810546875,38.86540412902832,46.44097900390625,141,93.01580810546875,0.0,46.44097900390625,141
2025-07-17T20:32:38.926748,3,10,"[0, 1, 2, 3, 4, 6, 7]",93.01580810546875,38.86540412902832,46.44097900390625,141,93.01580810546875,0.0,46.44097900390625,141
2025-07-17T20:32:38.928834,4,10,"[0, 1, 2, 3, 4, 6, 7]",93.01580810546875,38.86540412902832,46.44097900390625,141,93.01580810546875,0.0,46.44097900390625,141
2025-07-17T20:32:38.940867,0,11,"[0, 1, 2, 3, 4, 5, 6, 7]",93.01580810546875,38.86540412902832,46.44097900390625,141,93.01580810546875,0.0,46.44097900390625,141
2025-07-17T20:32:38.943088,1,11,"[0, 1, 2, 3, 4, 5, 6, 7]",93.01580810546875,38.86540412902832,46.44097900390625,141,93.01580810546875,0.0,46.44097900390625,141
2025-07-17T20:32:38.950589,2,11,"[0, 1, 2, 3, 4, 5, 6, 7]",93.01580810546875,38.86540412902832,46.44097900390625,141,93.01580810546875,0.0,46.44097900390625,141
2025-07-17T20:32:38.957828,3,11,"[0, 1, 2, 3, 4, 5, 6, 7]",93.01580810546875,38.86540412902832,46.44097900390625,141,93.01580810546875,0.0,46.44097900390625,141
2025-07-17T20:32:38.969591,4,11,"[0, 1, 2, 3, 4, 5, 6, 7]",93.01580810546875,38.86540412902832,46.44097900390625,141,93.01580810546875,0.0,46.44097900390625,141
2025-07-17T20:32:38.971967,0,12,"[0, 1, 2, 3, 4, 5, 6, 7]",93.01580810546875,38.86540412902832,46.44097900390625,141,93.01580810546875,0.0,46.44097900390625,141
2025-07-17T20:32:38.986893,1,12,"[0, 1, 2, 3, 4, 5, 6]",93.01580810546875,38.86540412902832,46.44097900390625,141,93.01580810546875,0.0,46.44097900390625,141
2025-07-17T20:32:38.989256,2,12,"[0, 1, 2, 3, 4, 5, 6, 7]",93.01580810546875,38.86540412902832,46.44097900390625,141,93.01580810546875,0.0,46.44097900390625,141
2025-07-17T20:32:39.000656,3,12,"[0, 1, 2, 3, 4, 5, 6]",93.01580810546875,38.86456489562988,46.44097900390625,141,93.01580810546875,0.0,46.44097900390625,141
2025-07-17T20:32:39.007869,4,12,"[0, 1, 2, 3, 4, 5, 6]",93.01580810546875,38.86456489562988,46.44097900390625,141,93.01580810546875,0.0,46.44097900390625,141
2025-07-17T20:32:39.014988,0,13,"[0, 1, 2, 3, 4, 5, 6, 7]",93.01580810546875,38.86456489562988,46.44097900390625,141,93.01580810546875,0.0,46.44097900390625,141
2025-07-17T20:32:39.022196,1,13,"[0, 1, 2, 3, 4, 5, 6, 7]",93.01580810546875,38.86456489562988,46.44097900390625,141,93.01580810546875,0.0,46.44097900390625,141
2025-07-17T20:32:39.029475,2,13,"[0, 1, 2, 3, 4, 5, 6, 7]",93.01580810546875,38.86540412902832,46.44097900390625,141,93.01580810546875,0.0,46.44097900390625,141
2025-07-17T20:32:39.036985,3,13,"[0, 1, 2, 3, 4, 5, 6, 7]",93.01580810546875,38.86540412902832,46.44097900390625,141,93.01580810546875,0.0,46.44097900390625,141
2025-07-17T20:32:39.044154,4,13,"[0, 1, 2, 3, 4, 5, 6, 7]",93.01580810546875,38.86540412902832,46.44097900390625,141,93.01580810546875,0.0,46.44097900390625,141
2025-07-17T20:32:39.051859,0,14,"[0, 1, 2, 3, 4, 5, 6, 7]",93.01580810546875,38.86540412902832,46.44097900390625,141,93.01580810546875,0.0,46.44097900390625,141
2025-07-17T20:32:39.059430,1,14,"[0, 1, 2, 3, 4, 5, 6]",93.01580810546875,38.86540412902832,46.44097900390625,141,93.01580810546875,0.0,46.44097900390625,141
2025-07-17T20:32:39.067173,2,14,"[0, 1, 2, 3, 4, 5, 6, 7]",93.01580810546875,38.86540412902832,46.44097900390625,141,93.01580810546875,0.0,46.44097900390625,141
2025-07-17T20:32:39.074310,3,14,"[0, 1, 2, 3, 4, 5, 6]",93.01580810546875,38.86540412902832,46.44097900390625,141,93.01580810546875,0.0,46.44097900390625,141
2025-07-17T20:32:39.081431,4,14,"[0, 1, 2, 3, 4, 5, 6]",93.01580810546875,38.86540412902832,46.44097900390625,141,93.01580810546875,0.0,46.44097900390625,141
2025-07-17T20:32:39.088328,0,15,"[0, 1, 2, 3, 4, 5, 6, 7]",93.01580810546875,38.86540412902832,46.44097900390625,141,93.01580810546875,0.0,46.44097900390625,141
2025-07-17T20:32:39.095478,1,15,"[0, 1, 2, 3, 4, 5, 7]",93.01580810546875,38.86540412902832,46.44097900390625,141,93.01580810546875,0.0,46.44097900390625,141
2025-07-17T20:32:39.101832,2,15,"[0, 1, 2, 3, 4, 5, 6, 7]",93.01580810546875,38.86540412902832,46.44097900390625,141,93.01580810546875,0.0,46.44097900390625,141
2025-07-17T20:32:39.108921,3,15,"[0, 1, 2, 3, 4, 5, 7]",93.01580810546875,38.86540412902832,46.44097900390625,141,93.01580810546875,0.0,46.44097900390625,141
2025-07-17T20:32:39.115629,4,15,"[0, 1, 2, 3, 4, 5, 7]",93.01580810546875,38.86540412902832,46.44097900390625,141,93.01580810546875,0.0,46.44097900390625,141
2025-07-17T20:32:39.122486,0,16,"[0, 1, 2, 3, 4, 5, 6, 7]",93.01580810546875,38.86540412902832,46.44097900390625,141,93.01580810546875,0.0,46.44097900390625,141
2025-07-17T20:32:39.129347,1,16,"[0, 1, 2, 3, 4, 5, 6, 7]",93.01580810546875,38.86540412902832,46.44097900390625,141,93.01580810546875,0.0,46.44097900390625,141
2025-07-17T20:32:39.136196,2,16,"[0, 1, 2, 3, 4, 5, 6, 7]",93.01580810546875,38.86540412902832,46.44097900390625,141,93.01580810546875,0.0,46.44097900390625,141
2025-07-17T20:32:39.143521,3,16,"[0, 1, 2, 3, 4, 5, 6, 7]",93.01580810546875,38.86540412902832,46.44097900390625,141,93.01580810546875,0.0,46.44097900390625,141
2025-07-17T20:32:39.150339,4,16,"[0, 1, 2, 3, 4, 5, 6, 7]",93.01580810546875,38.86540412902832,46.44097900390625,141,93.01580810546875,0.0,46.44097900390625,141
2025-07-17T20:32:39.157232,0,17,"[0, 1, 2, 3, 4, 5, 6, 7]",93.01580810546875,38.86540412902832,46.44097900390625,141,93.01580810546875,0.0,46.44097900390625,141
2025-07-17T20:32:39.163811,1,17,"[0, 1, 2, 3, 4, 5, 6, 7]",93.01580810546875,38.86540412902832,46.44097900390625,141,93.01580810546875,0.0,46.44097900390625,141
2025-07-17T20:32:39.172077,2,17,"[0, 1, 2, 3, 4, 5, 6, 7]",93.01580810546875,38.86456489562988,46.44097900390625,141,93.01580810546875,0.0,46.44097900390625,141
2025-07-17T20:32:39.179933,3,17,"[0, 1, 2, 3, 4, 5, 6, 7]",93.01580810546875,38.86456489562988,46.44097900390625,141,93.01580810546875,0.0,46.44097900390625,141
2025-07-17T20:32:39.187281,4,17,"[0, 1, 2, 3, 4, 5, 6, 7]",93.01580810546875,38.86456489562988,46.44097900390625,141,93.01580810546875,0.0,46.44097900390625,141
2025-07-17T20:32:39.196092,0,18,"[0, 1, 2, 3, 4, 5, 6, 7]",93.01580810546875,38.86482238769531,46.44097900390625,141,93.01580810546875,0.0,46.44097900390625,141
2025-07-17T20:32:39.203348,1,18,"[0, 1, 2, 3, 4, 5, 6, 7]",93.01580810546875,38.86482238769531,46.44097900390625,141,93.01580810546875,0.0,46.44097900390625,141
2025-07-17T20:32:39.210123,2,18,"[0, 1, 2, 3, 4, 5, 6, 7]",93.01580810546875,38.86540412902832,46.44097900390625,141,93.01580810546875,0.0,46.44097900390625,141
2025-07-17T20:32:39.216994,3,18,"[0, 1, 2, 3, 4, 5, 6, 7]",93.01580810546875,38.86540412902832,46.44097900390625,141,93.01580810546875,0.0,46.44097900390625,141
2025-07-17T20:32:39.224183,4,18,"[0, 1, 2, 3, 4, 5, 6, 7]",93.01580810546875,38.86540412902832,46.44097900390625,141,93.01580810546875,0.0,46.44097900390625,141
2025-07-17T20:32:39.231242,0,19,"[0, 1, 2, 3, 4, 5, 6, 7]",93.01580810546875,38.86540412902832,46.44097900390625,141,93.01580810546875,0.0,46.44097900390625,141
2025-07-17T20:32:39.238162,1,19,"[0, 1, 2, 3, 4, 5, 6, 7]",93.01580810546875,38.86540412902832,46.44097900390625,141,93.01580810546875,0.0,46.44097900390625,141
2025-07-17T20:32:39.245084,2,19,"[0, 1, 2, 3, 4, 5, 6, 7]",93.01580810546875,38.86540412902832,46.44097900390625,141,93.01580810546875,0.0,46.44097900390625,141
2025-07-17T20:32:39.254282,3,19,"[0, 1, 2, 3, 4, 5, 6, 7]",93.01580810546875,38.86540412902832,46.44097900390625,141,93.01580810546875,0.0,46.44097900390625,141
2025-07-17T20:32:39.262160,4,19,"[0, 1, 2, 3, 4, 5, 6, 7]",93.01580810546875,38.86540412902832,46.44097900390625,141,93.01580810546875,0.0,46.44097900390625,141
2025-07-17T20:32:39.269340,0,20,"[0, 1, 2, 3, 4, 5, 6, 7]",93.01580810546875,38.86456489562988,46.44097900390625,141,93.01580810546875,0.0,46.44097900390625,141
2025-07-17T20:32:39.277141,1,20,"[0, 1, 2, 3, 4, 5, 6, 7]",93.01580810546875,38.86456489562988,46.44097900390625,141,93.01580810546875,0.0,46.44097900390625,141
2025-07-17T20:32:39.283794,2,20,"[0, 1, 2, 3, 4, 5, 6, 7]",93.01580810546875,38.86456489562988,46.44097900390625,141,93.01580810546875,0.0,46.44097900390625,141
2025-07-17T20:32:39.291481,3,20,"[0, 1, 2, 3, 4, 5, 6, 7]",93.01580810546875,38.86540412902832,46.44097900390625,141,93.01580810546875,0.0,46.44097900390625,141
2025-07-17T20:32:39.298813,4,20,"[0, 1, 2, 3, 4, 5, 6, 7]",93.01580810546875,38.86540412902832,46.44097900390625,141,93.01580810546875,0.0,46.44097900390625,141
2025-07-17T20:32:39.305795,0,21,"[0, 1, 2, 3, 4, 5, 6, 7]",93.01580810546875,38.86540412902832,46.44097900390625,141,93.01580810546875,0.0,46.44097900390625,141
2025-07-17T20:32:39.312770,1,21,"[0, 1, 2, 3, 5, 7]",93.01580810546875,38.86540412902832,46.44097900390625,141,93.01580810546875,0.0,46.44097900390625,141
2025-07-17T20:32:39.321510,2,21,"[0, 1, 2, 3, 4, 5, 6, 7]",93.01580810546875,38.86540412902832,46.44097900390625,141,93.01580810546875,0.0,46.44097900390625,141
2025-07-17T20:32:39.323760,3,21,"[0, 1, 2, 3, 5, 7]",93.01580810546875,38.86540412902832,46.44097900390625,141,93.01580810546875,0.0,46.44097900390625,141
2025-07-17T20:32:39.335138,4,21,"[0, 1, 2, 3, 5, 7]",93.01580810546875,38.86540412902832,46.44097900390625,141,93.01580810546875,0.0,46.44097900390625,141
2025-07-17T20:32:39.342751,0,22,"[0, 1, 2, 3, 4, 5, 6, 7]",93.01580810546875,38.86540412902832,46.44097900390625,141,93.01580810546875,0.0,46.44097900390625,141
2025-07-17T20:32:39.350417,1,22,"[0, 1, 2, 3, 4, 6, 7]",93.01580810546875,38.86540412902832,46.44097900390625,141,93.01580810546875,0.0,46.44097900390625,141
2025-07-17T20:32:39.357925,2,22,"[0, 1, 2, 3, 4, 5, 6, 7]",93.01580810546875,38.86540412902832,46.44097900390625,141,93.01580810546875,0.0,46.44097900390625,141
2025-07-17T20:32:39.365361,3,22,"[0, 1, 2, 3, 4, 6, 7]",93.01580810546875,38.86540412902832,46.44097900390625,141,93.01580810546875,0.0,46.44097900390625,141
2025-07-17T20:32:39.372649,4,22,"[0, 1, 2, 3, 4, 6, 7]",93.01580810546875,38.86540412902832,46.44097900390625,141,93.01580810546875,0.0,46.44097900390625,141
2025-07-17T20:32:39.380270,0,23,"[0, 1, 2, 3, 4, 5, 6, 7]",93.01580810546875,38.86540412902832,46.44097900390625,141,93.01580810546875,0.0,46.44097900390625,141
2025-07-17T20:32:39.386982,1,23,"[0, 1, 2, 3, 4, 5, 6]",93.01580810546875,38.86540412902832,46.44097900390625,141,93.01580810546875,0.0,46.44097900390625,141
2025-07-17T20:32:39.394316,2,23,"[0, 1, 2, 3, 4, 5, 6, 7]",93.01580810546875,38.86540412902832,46.44097900390625,141,93.01580810546875,0.0,46.44097900390625,141
2025-07-17T20:32:39.402019,3,23,"[0, 1, 2, 3, 4, 5, 6]",93.01580810546875,38.86540412902832,46.44097900390625,141,93.01580810546875,0.0,46.44097900390625,141
2025-07-17T20:32:39.409768,4,23,"[0, 1, 2, 3, 4, 5, 6]",93.01580810546875,38.86540412902832,46.44097900390625,141,93.01580810546875,0.0,46.44097900390625,141
2025-07-17T20:32:39.416936,0,24,"[0, 1, 2, 3, 4, 5, 6, 7]",93.01580810546875,38.86540412902832,46.44097900390625,141,93.01580810546875,0.0,46.44097900390625,141
2025-07-17T20:32:39.424617,1,24,"[0, 1, 3, 4, 5, 6, 7]",93.01580810546875,38.86482238769531,46.44097900390625,141,93.01580810546875,0.0,46.44097900390625,141
2025-07-17T20:32:39.432378,2,24,"[0, 1, 2, 3, 4, 5, 6, 7]",93.01580810546875,38.86482238769531,46.44097900390625,141,93.01580810546875,0.0,46.44097900390625,141
2025-07-17T20:32:39.438978,3,24,"[0, 1, 3, 4, 5, 6, 7]",93.01580810546875,38.86456489562988,46.44097900390625,141,93.01580810546875,0.0,46.44097900390625,141
2025-07-17T20:32:39.447167,4,24,"[0, 1, 3, 4, 5, 6, 7]",93.01580810546875,38.86456489562988,46.44097900390625,141,93.01580810546875,0.0,46.44097900390625,141
2025-07-17T20:32:39.454144,0,25,"[0, 1, 2, 3, 4, 5, 6, 7]",93.01580810546875,38.86540412902832,46.44097900390625,141,93.01580810546875,0.0,46.44097900390625,141
2025-07-17T20:32:39.461269,1,25,"[0, 1, 2, 3, 4, 6, 7]",93.01580810546875,38.86540412902832,46.44097900390625,141,93.01580810546875,0.0,46.44097900390625,141
2025-07-17T20:32:39.469217,2,25,"[0, 1, 2, 3, 4, 5, 6, 7]",93.01580810546875,38.86540412902832,46.44097900390625,141,93.01580810546875,0.0,46.44097900390625,141
2025-07-17T20:32:39.476211,3,25,"[0, 1, 2, 3, 4, 6, 7]",93.01580810546875,38.86540412902832,46.44097900390625,141,93.01580810546875,0.0,46.44097900390625,141
2025-07-17T20:32:39.483524,4,25,"[0, 1, 2, 3, 4, 6, 7]",93.01580810546875,38.86540412902832,46.44097900390625,141,93.01580810546875,0.0,46.44097900390625,141
2025-07-17T20:32:39.490880,0,26,"[0, 1, 2, 3, 4, 5, 6, 7]",93.01580810546875,38.86540412902832,46.44097900390625,141,93.01580810546875,0.0,46.44097900390625,141
2025-07-17T20:32:39.497723,1,26,"[0, 1, 2, 3, 4, 5, 6, 7]",93.01580810546875,38.86540412902832,46.44097900390625,141,93.01580810546875,0.0,46.44097900390625,141
2025-07-17T20:32:39.505444,2,26,"[0, 1, 2, 3, 4, 5, 6, 7]",93.01580810546875,38.86540412902832,46.44097900390625,141,93.01580810546875,0.0,46.44097900390625,141
2025-07-17T20:32:39.513076,3,26,"[0, 1, 2, 3, 4, 5, 6, 7]",93.01580810546875,38.86540412902832,46.44097900390625,141,93.01580810546875,0.0,46.44097900390625,141
2025-07-17T20:32:39.520136,4,26,"[0, 1, 2, 3, 4, 5, 6, 7]",93.01580810546875,38.86540412902832,46.44097900390625,141,93.01580810546875,0.0,46.44097900390625,141
2025-07-17T20:32:39.528491,0,27,"[0, 1, 2, 3, 4, 5, 6, 7]",93.01580810546875,38.86540412902832,46.44097900390625,141,93.01580810546875,0.0,46.44097900390625,141
2025-07-17T20:32:39.535399,1,27,"[0, 1, 2, 3, 4, 5, 6, 7]",93.01580810546875,38.86540412902832,46.44097900390625,141,93.01580810546875,0.0,46.44097900390625,141
2025-07-17T20:32:39.544163,2,27,"[0, 1, 2, 3, 4, 5, 6, 7]",93.01580810546875,38.86482238769531,46.44097900390625,141,93.01580810546875,0.0,46.44097900390625,141
2025-07-17T20:32:39.551277,3,27,"[0, 1, 2, 3, 4, 5, 6, 7]",93.01580810546875,38.86482238769531,46.44097900390625,141,93.01580810546875,0.0,46.44097900390625,141
2025-07-17T20:32:39.553496,4,27,"[0, 1, 2, 3, 4, 5, 6, 7]",93.01580810546875,38.86482238769531,46.44097900390625,141,93.01580810546875,0.0,46.44097900390625,141
2025-07-17T20:32:39.560361,0,28,"[0, 1, 2, 3, 4, 5, 6, 7]",93.01580810546875,38.86456489562988,46.44097900390625,141,93.01580810546875,0.0,46.44097900390625,141
2025-07-17T20:32:39.567555,1,28,"[0, 1, 2, 3, 4, 5, 6, 7]",93.01580810546875,38.86456489562988,46.44097900390625,141,93.01580810546875,0.0,46.44097900390625,141
2025-07-17T20:32:39.579273,2,28,"[0, 1, 2, 3, 4, 5, 6, 7]",93.01580810546875,38.86540412902832,46.44097900390625,141,93.01580810546875,0.0,46.44097900390625,141
2025-07-17T20:32:39.586915,3,28,"[0, 1, 2, 3, 4, 5, 6, 7]",93.01580810546875,38.86540412902832,46.44097900390625,141,93.01580810546875,0.0,46.44097900390625,141
2025-07-17T20:32:39.594043,4,28,"[0, 1, 2, 3, 4, 5, 6, 7]",93.01580810546875,38.86540412902832,46.44097900390625,141,93.01580810546875,0.0,46.44097900390625,141
2025-07-17T20:32:39.600907,0,29,"[0, 1, 2, 3, 4, 5, 6, 7]",93.01580810546875,38.86540412902832,46.44097900390625,141,93.01580810546875,0.0,46.44097900390625,141
2025-07-17T20:32:39.607898,1,29,"[0, 2, 3, 4, 5, 7]",93.01580810546875,38.86540412902832,46.44097900390625,141,93.01580810546875,0.0,46.44097900390625,141
2025-07-17T20:32:39.615005,2,29,"[0, 1, 2, 3, 4, 5, 6, 7]",93.01580810546875,38.86540412902832,46.44097900390625,141,93.01580810546875,0.0,46.44097900390625,141
2025-07-17T20:32:39.622727,3,29,"[0, 2, 3, 4, 5, 7]",93.01580810546875,38.86540412902832,46.44097900390625,141,93.01580810546875,0.0,46.44097900390625,141
2025-07-17T20:32:39.629861,4,29,"[0, 2, 3, 4, 5, 7]",93.01580810546875,38.86540412902832,46.44097900390625,141,93.01580810546875,0.0,46.44097900390625,141
2025-07-17T20:32:39.636840,0,30,"[0, 1, 2, 3, 4, 5, 6, 7]",93.01580810546875,38.86540412902832,46.44097900390625,141,93.01580810546875,0.0,46.44097900390625,141
2025-07-17T20:32:39.643795,1,30,"[0, 2, 3, 4, 5, 6, 7]",93.01580810546875,38.86540412902832,46.44097900390625,141,93.01580810546875,0.0,46.44097900390625,141
2025-07-17T20:32:39.650924,2,30,"[0, 1, 2, 3, 4, 5, 6, 7]",93.01580810546875,38.86540412902832,46.44097900390625,141,93.01580810546875,0.0,46.44097900390625,141
2025-07-17T20:32:39.657970,3,30,"[0, 2, 3, 4, 5, 6, 7]",93.01580810546875,38.86540412902832,46.44097900390625,141,93.01580810546875,0.0,46.44097900390625,141
2025-07-17T20:32:39.666216,4,30,"[0, 2, 3, 4, 5, 6, 7]",93.01580810546875,38.86540412902832,46.44097900390625,141,93.01580810546875,0.0,46.44097900390625,141
2025-07-17T20:32:39.673402,0,31,"[0, 1, 2, 3, 4, 5, 6, 7]",93.01580810546875,38.87229824066162,46.44097900390625,141,93.01580810546875,0.0,46.44097900390625,141
2025-07-17T20:32:39.682373,1,31,"[0, 1, 2, 4, 5, 6, 7]",93.01580810546875,38.86967182159424,46.44097900390625,141,93.01580810546875,0.0,46.44097900390625,141
2025-07-17T20:32:39.690968,2,31,"[0, 1, 2, 3, 4, 5, 6, 7]",93.01580810546875,38.86620616912842,46.44097900390625,141,93.01580810546875,0.0,46.44097900390625,141
2025-07-17T20:32:39.699851,3,31,"[0, 1, 2, 4, 5, 6, 7]",93.01580810546875,38.86299800872803,46.44097900390625,141,93.01580810546875,0.0,46.44097900390625,141
2025-07-17T20:32:39.703479,4,31,"[0, 1, 2, 4, 5, 6, 7]",93.01580810546875,38.86002254486084,46.44097900390625,141,93.01580810546875,0.0,46.44097900390625,141
2025-07-17T20:32:39.714972,0,0,"[0, 1, 2, 3, 4, 5, 6, 7]",93.01580810546875,38.85531425476074,46.44097900390625,141,93.01580810546875,0.0,46.44097900390625,141
2025-07-17T20:32:39.722551,1,0,"[0, 1, 2, 3, 4, 5, 6]",93.01580810546875,38.85852241516113,46.44097900390625,141,93.01580810546875,0.0,46.44097900390625,141
2025-07-17T20:32:39.730483,2,0,"[0, 1, 2, 3, 4, 5, 6, 7]",93.01580810546875,38.86149787902832,46.44097900390625,141,93.01580810546875,0.0,46.44097900390625,141
2025-07-17T20:32:39.738293,3,0,"[0, 1, 2, 3, 4, 5, 6]",93.01580810546875,38.86438179016113,46.44097900390625,141,93.01580810546875,0.0,46.44097900390625,141
2025-07-17T20:32:39.746343,4,0,"[0, 1, 2, 3, 4, 5, 6]",93.01580810546875,38.86540412902832,46.44097900390625,141,93.01580810546875,0.0,46.44097900390625,141
2025-07-17T20:32:39.753398,0,1,"[0, 1, 2, 3, 4, 5, 6, 7]",93.01580810546875,38.86540412902832,46.44097900390625,141,93.01580810546875,0.0,46.44097900390625,141
2025-07-17T20:32:39.759875,1,1,"[0, 1, 2, 3, 4, 5, 6, 7]",93.01580810546875,38.86540412902832,46.44097900390625,141,93.01580810546875,0.0,46.44097900390625,141
2025-07-17T20:32:39.766595,2,1,"[0, 1, 2, 3, 4, 5, 6, 7]",93.01580810546875,38.86540412902832,46.44097900390625,141,93.01580810546875,0.0,46.44097900390625,141
2025-07-17T20:32:39.773977,3,1,"[0, 1, 2, 3, 4, 5, 6, 7]",93.01580810546875,38.86540412902832,46.44097900390625,141,93.01580810546875,0.0,46.44097900390625,141
2025-07-17T20:32:39.780179,4,1,"[0, 1, 2, 3, 4, 5, 6, 7]",93.01580810546875,38.86540412902832,46.44097900390625,141,93.01580810546875,0.0,46.44097900390625,141
2025-07-17T20:32:39.791182,0,2,"[0, 1, 2, 3, 4, 5, 6, 7]",93.01580810546875,38.86540412902832,46.44097900390625,141,93.01580810546875,0.0,46.44097900390625,141
2025-07-17T20:32:39.798234,1,2,"[0, 1, 2, 3, 4, 5, 6, 7]",93.01580810546875,38.86540412902832,46.44097900390625,141,93.01580810546875,0.0,46.44097900390625,141
2025-07-17T20:32:39.805487,2,2,"[0, 1, 2, 3, 4, 5, 6, 7]",93.01580810546875,38.86540412902832,46.44097900390625,141,93.01580810546875,0.0,46.44097900390625,141
2025-07-17T20:32:39.812610,3,2,"[0, 1, 2, 3, 4, 5, 6, 7]",93.01580810546875,38.86540412902832,46.44097900390625,141,93.01580810546875,0.0,46.44097900390625,141
2025-07-17T20:32:39.819858,4,2,"[0, 1, 2, 3, 4, 5, 6, 7]",93.01580810546875,38.86540412902832,46.44097900390625,141,93.01580810546875,0.0,46.44097900390625,141
2025-07-17T20:32:39.827347,0,3,"[0, 1, 2, 3, 4, 5, 6, 7]",93.01580810546875,38.86540412902832,46.44097900390625,141,93.01580810546875,0.0,46.44097900390625,141
2025-07-17T20:32:39.830288,1,3,"[0, 1, 2, 3, 4, 5, 6, 7]",93.01580810546875,38.86540412902832,46.44097900390625,141,93.01580810546875,0.0,46.44097900390625,141
2025-07-17T20:32:39.842059,2,3,"[0, 1, 2, 3, 4, 5, 6, 7]",93.01580810546875,38.86540412902832,46.44097900390625,141,93.01580810546875,0.0,46.44097900390625,141
2025-07-17T20:32:39.849052,3,3,"[0, 1, 2, 3, 4, 5, 6, 7]",93.01580810546875,38.86540412902832,46.44097900390625,141,93.01580810546875,0.0,46.44097900390625,141
2025-07-17T20:32:39.856800,4,3,"[0, 1, 2, 3, 4, 5, 6, 7]",93.01580810546875,38.86540412902832,46.44097900390625,141,93.01580810546875,0.0,46.44097900390625,141
2025-07-17T20:32:39.863757,0,4,"[0, 1, 2, 3, 4, 5, 6, 7]",93.01580810546875,38.86540412902832,46.44097900390625,141,93.01580810546875,0.0,46.44097900390625,141
2025-07-17T20:32:39.870939,1,4,"[0, 1, 2, 3, 4, 5, 6, 7]",93.01580810546875,38.86540412902832,46.44097900390625,141,93.01580810546875,0.0,46.44097900390625,141
2025-07-17T20:32:39.878059,2,4,"[0, 1, 2, 3, 4, 5, 6, 7]",93.01580810546875,38.86540412902832,46.44097900390625,141,93.01580810546875,0.0,46.44097900390625,141
2025-07-17T20:32:39.884953,3,4,"[0, 1, 2, 3, 4, 5, 6, 7]",93.01580810546875,38.86540412902832,46.44097900390625,141,93.01580810546875,0.0,46.44097900390625,141
2025-07-17T20:32:39.892349,4,4,"[0, 1, 2, 3, 4, 5, 6, 7]",93.01580810546875,38.86540412902832,46.44097900390625,141,93.01580810546875,0.0,46.44097900390625,141
2025-07-17T20:32:39.900764,0,5,"[0, 1, 2, 3, 4, 5, 6, 7]",93.01580810546875,38.86540412902832,46.44097900390625,141,93.01580810546875,0.0,46.44097900390625,141
2025-07-17T20:32:39.907649,1,5,"[0, 1, 2, 3, 4, 5, 6, 7]",93.01580810546875,38.86540412902832,46.44097900390625,141,93.01580810546875,0.0,46.44097900390625,141
2025-07-17T20:32:39.915771,2,5,"[0, 1, 2, 3, 4, 5, 6, 7]",93.01580810546875,38.86540412902832,46.44097900390625,141,93.01580810546875,0.0,46.44097900390625,141
2025-07-17T20:32:39.922919,3,5,"[0, 1, 2, 3, 4, 5, 6, 7]",93.01580810546875,38.86540412902832,46.44097900390625,141,93.01580810546875,0.0,46.44097900390625,141
2025-07-17T20:32:39.930129,4,5,"[0, 1, 2, 3, 4, 5, 6, 7]",93.01580810546875,38.86540412902832,46.44097900390625,141,93.01580810546875,0.0,46.44097900390625,141
2025-07-17T20:32:39.937900,0,6,"[0, 1, 2, 3, 4, 5, 6, 7]",93.01580810546875,38.86540412902832,46.44097900390625,141,93.01580810546875,0.0,46.44097900390625,141
2025-07-17T20:32:39.940530,1,6,"[0, 1, 2, 3, 4, 5, 6, 7]",93.01580810546875,38.86540412902832,46.44097900390625,141,93.01580810546875,0.0,46.44097900390625,141
2025-07-17T20:32:39.953642,2,6,"[0, 1, 2, 3, 4, 5, 6, 7]",93.01580810546875,38.86540412902832,46.44097900390625,141,93.01580810546875,0.0,46.44097900390625,141
2025-07-17T20:32:39.956107,3,6,"[0, 1, 2, 3, 4, 5, 6, 7]",93.01580810546875,38.86540412902832,46.44097900390625,141,93.01580810546875,0.0,46.44097900390625,141
2025-07-17T20:32:39.964682,4,6,"[0, 1, 2, 3, 4, 5, 6, 7]",93.01580810546875,38.86540412902832,46.44097900390625,141,93.01580810546875,0.0,46.44097900390625,141
2025-07-17T20:32:39.977096,0,7,"[0, 1, 2, 3, 4, 5, 6, 7]",93.01580810546875,38.86540412902832,46.44097900390625,141,93.01580810546875,0.0,46.44097900390625,141
2025-07-17T20:32:39.979571,1,7,"[0, 1, 2, 3, 4, 5, 6, 7]",93.01580810546875,38.86540412902832,46.44097900390625,141,93.01580810546875,0.0,46.44097900390625,141
2025-07-17T20:32:39.986310,2,7,"[0, 1, 2, 3, 4, 5, 6, 7]",93.01580810546875,38.86540412902832,46.44097900390625,141,93.01580810546875,0.0,46.44097900390625,141
2025-07-17T20:32:39.994179,3,7,"[0, 1, 2, 3, 4, 5, 6, 7]",93.01580810546875,38.86540412902832,46.44097900390625,141,93.01580810546875,0.0,46.44097900390625,141
2025-07-17T20:32:40.000928,4,7,"[0, 1, 2, 3, 4, 5, 6, 7]",93.01580810546875,38.86540412902832,46.44097900390625,141,93.01580810546875,0.0,46.44097900390625,141
2025-07-17T20:32:40.008531,0,8,"[0, 1, 2, 3, 4, 5, 6, 7]",93.01580810546875,38.86540412902832,46.44097900390625,141,93.01580810546875,0.0,46.44097900390625,141
2025-07-17T20:32:40.020350,1,8,"[0, 1, 2, 3, 4, 5, 6, 7]",93.01580810546875,38.86540412902832,46.44097900390625,141,93.01580810546875,0.0,46.44097900390625,141
2025-07-17T20:32:40.022941,2,8,"[0, 1, 2, 3, 4, 5, 6, 7]",93.01580810546875,38.86540412902832,46.44097900390625,141,93.01580810546875,0.0,46.44097900390625,141
2025-07-17T20:32:40.034362,3,8,"[0, 1, 2, 3, 4, 5, 6, 7]",93.01580810546875,38.86540412902832,46.44097900390625,141,93.01580810546875,0.0,46.44097900390625,141
2025-07-17T20:32:40.036319,4,8,"[0, 1, 2, 3, 4, 5, 6, 7]",93.01580810546875,38.86540412902832,46.44097900390625,141,93.01580810546875,0.0,46.44097900390625,141
2025-07-17T20:32:40.043103,0,9,"[0, 1, 2, 3, 4, 5, 6, 7]",93.01580810546875,38.86540412902832,46.44097900390625,141,93.01580810546875,0.0,46.44097900390625,141
2025-07-17T20:32:40.050507,1,9,"[0, 1, 2, 3, 4, 5, 6, 7]",93.01580810546875,38.86540412902832,46.44097900390625,141,93.01580810546875,0.0,46.44097900390625,141
2025-07-17T20:32:40.057542,2,9,"[0, 1, 2, 3, 4, 5, 6, 7]",93.01580810546875,38.86540412902832,46.44097900390625,141,93.01580810546875,0.0,46.44097900390625,141
2025-07-17T20:32:40.065410,3,9,"[0, 1, 2, 3, 4, 5, 6, 7]",93.01580810546875,38.86540412902832,46.44097900390625,141,93.01580810546875,0.0,46.44097900390625,141
2025-07-17T20:32:40.072625,4,9,"[0, 1, 2, 3, 4, 5, 6, 7]",93.01580810546875,38.86540412902832,46.44097900390625,141,93.01580810546875,0.0,46.44097900390625,141
2025-07-17T20:32:40.079550,0,10,"[0, 1, 2, 3, 4, 5, 6, 7]",93.01580810546875,38.86540412902832,46.44097900390625,141,93.01580810546875,0.0,46.44097900390625,141
2025-07-17T20:32:40.086166,1,10,"[0, 1, 2, 3, 4, 5, 6, 7]",93.01580810546875,38.86540412902832,46.44097900390625,141,93.01580810546875,0.0,46.44097900390625,141
2025-07-17T20:32:40.092869,2,10,"[0, 1, 2, 3, 4, 5, 6, 7]",93.01580810546875,38.86540412902832,46.44097900390625,141,93.01580810546875,0.0,46.44097900390625,141
2025-07-17T20:32:40.105698,3,10,"[0, 1, 2, 3, 4, 5, 6, 7]",93.01580810546875,38.86540412902832,46.44097900390625,141,93.01580810546875,0.0,46.44097900390625,141
2025-07-17T20:32:40.107658,4,10,"[0, 1, 2, 3, 4, 5, 6, 7]",93.01580810546875,38.86540412902832,46.44097900390625,141,93.01580810546875,0.0,46.44097900390625,141
2025-07-17T20:32:40.115091,0,11,"[0, 1, 2, 3, 4, 5, 6, 7]",93.01580810546875,38.86540412902832,46.44097900390625,141,93.01580810546875,0.0,46.44097900390625,141
2025-07-17T20:32:40.123163,1,11,"[0, 1, 2, 3, 4, 5, 6, 7]",93.01580810546875,38.86540412902832,46.44097900390625,141,93.01580810546875,0.0,46.44097900390625,141
2025-07-17T20:32:40.130141,2,11,"[0, 1, 2, 3, 4, 5, 6, 7]",93.01580810546875,38.86540412902832,46.44097900390625,141,93.01580810546875,0.0,46.44097900390625,141
2025-07-17T20:32:40.137584,3,11,"[0, 1, 2, 3, 4, 5, 6, 7]",93.01580810546875,38.86540412902832,46.44097900390625,141,93.01580810546875,0.0,46.44097900390625,141
2025-07-17T20:32:40.150798,4,11,"[0, 1, 2, 3, 4, 5, 6, 7]",93.01580810546875,38.86540412902832,46.44097900390625,141,93.01580810546875,0.0,46.44097900390625,141
2025-07-17T20:32:40.152637,0,12,"[0, 1, 2, 3, 4, 5, 6, 7]",93.01580810546875,38.86540412902832,46.44097900390625,141,93.01580810546875,0.0,46.44097900390625,141
2025-07-17T20:32:40.160834,1,12,"[0, 1, 2, 3, 4, 5, 6]",93.01580810546875,38.86540412902832,46.44097900390625,141,93.01580810546875,0.0,46.44097900390625,141
2025-07-17T20:32:40.174771,2,12,"[0, 1, 2, 3, 4, 5, 6, 7]",93.01580810546875,38.86540412902832,46.44097900390625,141,93.01580810546875,0.0,46.44097900390625,141
2025-07-17T20:32:40.176877,3,12,"[0, 1, 2, 3, 4, 5, 6]",93.01580810546875,38.86540412902832,46.44097900390625,141,93.01580810546875,0.0,46.44097900390625,141
2025-07-17T20:32:40.189656,4,12,"[0, 1, 2, 3, 4, 5, 6]",93.01580810546875,38.86540412902832,46.44097900390625,141,93.01580810546875,0.0,46.44097900390625,141
2025-07-17T20:32:40.191996,0,13,"[0, 1, 2, 3, 4, 5, 6, 7]",93.01580810546875,38.86540412902832,46.44097900390625,141,93.01580810546875,0.0,46.44097900390625,141
2025-07-17T20:32:40.198897,1,13,"[0, 1, 2, 3, 4, 6, 7]",93.01580810546875,38.86540412902832,46.44097900390625,141,93.01580810546875,0.0,46.44097900390625,141
2025-07-17T20:32:40.207378,2,13,"[0, 1, 2, 3, 4, 5, 6, 7]",93.01580810546875,38.86540412902832,46.44097900390625,141,93.01580810546875,0.0,46.44097900390625,141
2025-07-17T20:32:40.215042,3,13,"[0, 1, 2, 3, 4, 6, 7]",93.01580810546875,38.86540412902832,46.44097900390625,141,93.01580810546875,0.0,46.44097900390625,141
2025-07-17T20:32:40.221676,4,13,"[0, 1, 2, 3, 4, 6, 7]",93.01580810546875,38.86540412902832,46.44097900390625,141,93.01580810546875,0.0,46.44097900390625,141
2025-07-17T20:32:40.228475,0,14,"[0, 1, 2, 3, 4, 5, 6, 7]",93.01580810546875,38.86540412902832,46.44097900390625,141,93.01580810546875,0.0,46.44097900390625,141
2025-07-17T20:32:40.235990,1,14,"[0, 1, 2, 3, 4, 5, 6, 7]",93.01580810546875,38.86540412902832,46.44097900390625,141,93.01580810546875,0.0,46.44097900390625,141
2025-07-17T20:32:40.243670,2,14,"[0, 1, 2, 3, 4, 5, 6, 7]",93.01580810546875,38.86540412902832,46.44097900390625,141,93.01580810546875,0.0,46.44097900390625,141
2025-07-17T20:32:40.250882,3,14,"[0, 1, 2, 3, 4, 5, 6, 7]",93.01580810546875,38.86540412902832,46.44097900390625,141,93.01580810546875,0.0,46.44097900390625,141
2025-07-17T20:32:40.258948,4,14,"[0, 1, 2, 3, 4, 5, 6, 7]",93.01580810546875,38.86540412902832,46.44097900390625,141,93.01580810546875,0.0,46.44097900390625,141
2025-07-17T20:32:40.265662,0,15,"[0, 1, 2, 3, 4, 5, 6, 7]",93.01580810546875,38.86540412902832,46.44097900390625,141,93.01580810546875,0.0,46.44097900390625,141
2025-07-17T20:32:40.278263,1,15,"[0, 1, 2, 3, 4, 5, 6, 7]",93.01580810546875,38.86540412902832,46.44097900390625,141,93.01580810546875,0.0,46.44097900390625,141
2025-07-17T20:32:40.280307,2,15,"[0, 1, 2, 3, 4, 5, 6]",93.01580810546875,38.86540412902832,46.44097900390625,141,93.01580810546875,0.0,46.44097900390625,141
2025-07-17T20:32:40.287026,3,15,"[0, 1, 2, 3, 4, 5, 6, 7]",93.01580810546875,38.86540412902832,46.44097900390625,141,93.01580810546875,0.0,46.44097900390625,141
2025-07-17T20:32:40.294530,4,15,"[0, 1, 2, 3, 4, 5, 6, 7]",93.01580810546875,38.86540412902832,46.44097900390625,141,93.01580810546875,0.0,46.44097900390625,141
2025-07-17T20:32:40.301657,0,16,"[0, 1, 2, 3, 4, 5, 6, 7]",93.01580810546875,38.86540412902832,46.44097900390625,141,93.01580810546875,0.0,46.44097900390625,141
2025-07-17T20:32:40.308733,1,16,"[0, 1, 2, 3, 4, 5, 6, 7]",93.01580810546875,38.86540412902832,46.44097900390625,141,93.01580810546875,0.0,46.44097900390625,141
2025-07-17T20:32:40.315382,2,16,"[0, 1, 2, 3, 4, 5, 6, 7]",93.01580810546875,38.86540412902832,46.44097900390625,141,93.01580810546875,0.0,46.44097900390625,141
2025-07-17T20:32:40.322298,3,16,"[0, 1, 2, 3, 4, 5, 6, 7]",93.01580810546875,38.86540412902832,46.44097900390625,141,93.01580810546875,0.0,46.44097900390625,141
2025-07-17T20:32:40.329402,4,16,"[0, 1, 2, 3, 4, 5, 6, 7]",93.01580810546875,38.86540412902832,46.44097900390625,141,93.01580810546875,0.0,46.44097900390625,141
2025-07-17T20:32:40.336975,0,17,"[0, 1, 2, 3, 4, 5, 6, 7]",93.01580810546875,38.86540412902832,46.44097900390625,141,93.01580810546875,0.0,46.44097900390625,141
2025-07-17T20:32:40.344443,1,17,"[0, 1, 2, 3, 4, 5, 6, 7]",93.01580810546875,38.86540412902832,46.44097900390625,141,93.01580810546875,0.0,46.44097900390625,141
2025-07-17T20:32:40.352694,2,17,"[0, 1, 2, 3, 4, 5, 6, 7]",93.01580810546875,38.86540412902832,46.44097900390625,141,93.01580810546875,0.0,46.44097900390625,141
2025-07-17T20:32:40.359769,3,17,"[0, 1, 2, 3, 4, 5, 6, 7]",93.01580810546875,38.86540412902832,46.44097900390625,141,93.01580810546875,0.0,46.44097900390625,141
2025-07-17T20:32:40.372545,4,17,"[0, 1, 2, 3, 4, 5, 6, 7]",93.01580810546875,38.86540412902832,46.44097900390625,141,93.01580810546875,0.0,46.44097900390625,141
2025-07-17T20:32:40.374582,0,18,"[0, 1, 2, 3, 4, 5, 6, 7]",93.01580810546875,38.86540412902832,46.44097900390625,141,93.01580810546875,0.0,46.44097900390625,141
2025-07-17T20:32:40.382098,1,18,"[0, 1, 2, 3, 4, 5, 7]",93.01580810546875,38.86540412902832,46.44097900390625,141,93.01580810546875,0.0,46.44097900390625,141
2025-07-17T20:32:40.390367,2,18,"[0, 1, 2, 3, 4, 5, 6, 7]",93.01580810546875,38.86540412902832,46.44097900390625,141,93.01580810546875,0.0,46.44097900390625,141
2025-07-17T20:32:40.397049,3,18,"[0, 1, 2, 3, 4, 5, 7]",93.01580810546875,38.86540412902832,46.44097900390625,141,93.01580810546875,0.0,46.44097900390625,141
2025-07-17T20:32:40.404954,4,18,"[0, 1, 2, 3, 4, 5, 7]",93.01580810546875,38.86540412902832,46.44097900390625,141,93.01580810546875,0.0,46.44097900390625,141
2025-07-17T20:32:40.411685,0,19,"[0, 1, 2, 3, 4, 5, 6, 7]",93.01580810546875,38.86540412902832,46.44097900390625,141,93.01580810546875,0.0,46.44097900390625,141
2025-07-17T20:32:40.419708,1,19,"[0, 2, 3, 4, 5, 6, 7]",93.01580810546875,38.86540412902832,46.44097900390625,141,93.01580810546875,0.0,46.44097900390625,141
2025-07-17T20:32:40.432533,2,19,"[0, 1, 2, 3, 4, 5, 6, 7]",93.01580810546875,38.86540412902832,46.44097900390625,141,93.01580810546875,0.0,46.44097900390625,141
2025-07-17T20:32:40.434658,3,19,"[0, 2, 3, 4, 5, 6, 7]",93.01580810546875,38.86540412902832,46.44097900390625,141,93.01580810546875,0.0,46.44097900390625,141
2025-07-17T20:32:40.448862,4,19,"[0, 2, 3, 4, 5, 6, 7]",93.01580810546875,38.86540412902832,46.44097900390625,141,93.01580810546875,0.0,46.44097900390625,141
2025-07-17T20:32:40.451266,0,20,"[0, 1, 2, 3, 4, 5, 6, 7]",93.01580810546875,38.86540412902832,46.44097900390625,141,93.01580810546875,0.0,46.44097900390625,141
2025-07-17T20:32:40.459239,1,20,"[0, 1, 2, 3, 4, 5, 6, 7]",93.01580810546875,38.86540412902832,46.44097900390625,141,93.01580810546875,0.0,46.44097900390625,141
2025-07-17T20:32:40.471291,2,20,"[0, 1, 2, 3, 4, 5, 6, 7]",93.01580810546875,38.86540412902832,46.44097900390625,141,93.01580810546875,0.0,46.44097900390625,141
2025-07-17T20:32:40.474094,3,20,"[0, 1, 2, 3, 4, 5, 6, 7]",93.01580810546875,38.86540412902832,46.44097900390625,141,93.01580810546875,0.0,46.44097900390625,141
2025-07-17T20:32:40.481478,4,20,"[0, 1, 2, 3, 4, 5, 6, 7]",93.01580810546875,38.86540412902832,46.44097900390625,141,93.01580810546875,0.0,46.44097900390625,141
2025-07-17T20:32:40.489416,0,21,"[0, 1, 2, 3, 4, 5, 6, 7]",93.01580810546875,38.86540412902832,46.44097900390625,141,93.01580810546875,0.0,46.44097900390625,141
2025-07-17T20:32:40.496272,1,21,"[0, 1, 2, 3, 5, 7]",93.01580810546875,38.86540412902832,46.44097900390625,141,93.01580810546875,0.0,46.44097900390625,141
2025-07-17T20:32:40.508431,2,21,"[0, 1, 2, 3, 4, 5, 6, 7]",93.01580810546875,38.86540412902832,46.44097900390625,141,93.01580810546875,0.0,46.44097900390625,141
2025-07-17T20:32:40.515165,3,21,"[0, 1, 2, 3, 5, 7]",93.01580810546875,38.86540412902832,46.44097900390625,141,93.01580810546875,0.0,46.44097900390625,141
2025-07-17T20:32:40.521854,4,21,"[0, 1, 2, 3, 5, 7]",93.01580810546875,38.86540412902832,46.44097900390625,141,93.01580810546875,0.0,46.44097900390625,141
2025-07-17T20:32:40.532339,0,22,"[0, 1, 2, 3, 4, 5, 6, 7]",93.01580810546875,38.86482238769531,46.44097900390625,141,93.01580810546875,0.0,46.44097900390625,141
2025-07-17T20:32:40.538838,1,22,"[0, 1, 2, 3, 4, 5, 6, 7]",93.01580810546875,38.86482238769531,46.44097900390625,141,93.01580810546875,0.0,46.44097900390625,141
2025-07-17T20:32:40.546035,2,22,"[0, 1, 2, 3, 4, 5, 6, 7]",93.01580810546875,38.86482238769531,46.44097900390625,141,93.01580810546875,0.0,46.44097900390625,141
2025-07-17T20:32:40.553283,3,22,"[0, 1, 2, 3, 4, 5, 6, 7]",93.01580810546875,38.86456489562988,46.44097900390625,141,93.01580810546875,0.0,46.44097900390625,141
2025-07-17T20:32:40.563070,4,22,"[0, 1, 2, 3, 4, 5, 6, 7]",93.01580810546875,38.86540412902832,46.44097900390625,141,93.01580810546875,0.0,46.44097900390625,141
2025-07-17T20:32:40.570351,0,23,"[0, 1, 2, 3, 4, 5, 6, 7]",93.01580810546875,38.86540412902832,46.44097900390625,141,93.01580810546875,0.0,46.44097900390625,141
2025-07-17T20:32:40.578397,1,23,"[0, 2, 3, 4, 6, 7]",93.01580810546875,38.86482238769531,46.44097900390625,141,93.01580810546875,0.0,46.44097900390625,141
2025-07-17T20:32:40.585727,2,23,"[0, 1, 2, 3, 4, 5, 6, 7]",93.01580810546875,38.86482238769531,46.44097900390625,141,93.01580810546875,0.0,46.44097900390625,141
2025-07-17T20:32:40.592749,3,23,"[0, 2, 3, 4, 6, 7]",93.01580810546875,38.86482238769531,46.44097900390625,141,93.01580810546875,0.0,46.44097900390625,141
2025-07-17T20:32:40.600544,4,23,"[0, 2, 3, 4, 6, 7]",93.01580810546875,38.86456489562988,46.44097900390625,141,93.01580810546875,0.0,46.44097900390625,141
2025-07-17T20:32:40.607718,0,24,"[0, 1, 2, 3, 4, 5, 6, 7]",93.01580810546875,38.86456489562988,46.44097900390625,141,93.01580810546875,0.0,46.44097900390625,141
2025-07-17T20:32:40.614493,1,24,"[0, 1, 2, 3, 4, 5, 6, 7]",93.01580810546875,38.86540412902832,46.44097900390625,141,93.01580810546875,0.0,46.44097900390625,141
2025-07-17T20:32:40.621586,2,24,"[0, 1, 2, 3, 4, 6, 7]",93.01580810546875,38.86540412902832,46.44097900390625,141,93.01580810546875,0.0,46.44097900390625,141
2025-07-17T20:32:40.628493,3,24,"[0, 1, 2, 3, 4, 5, 6, 7]",93.01580810546875,38.86540412902832,46.44097900390625,141,93.01580810546875,0.0,46.44097900390625,141
2025-07-17T20:32:40.635323,4,24,"[0, 1, 2, 3, 4, 5, 6, 7]",93.01580810546875,38.86540412902832,46.44097900390625,141,93.01580810546875,0.0,46.44097900390625,141
2025-07-17T20:32:40.643711,0,25,"[0, 1, 2, 3, 4, 5, 6, 7]",93.01580810546875,38.86540412902832,46.44097900390625,141,93.01580810546875,0.0,46.44097900390625,141
2025-07-17T20:32:40.650990,1,25,"[0, 1, 2, 3, 5, 6, 7]",93.01580810546875,38.86540412902832,46.44097900390625,141,93.01580810546875,0.0,46.44097900390625,141
2025-07-17T20:32:40.658170,2,25,"[0, 1, 2, 3, 5, 6, 7]",93.01580810546875,38.86540412902832,46.44097900390625,141,93.01580810546875,0.0,46.44097900390625,141
2025-07-17T20:32:40.665280,3,25,"[0, 1, 2, 3, 5, 6, 7]",93.01580810546875,38.86482238769531,46.44097900390625,141,93.01580810546875,0.0,46.44097900390625,141
2025-07-17T20:32:40.671965,4,25,"[0, 1, 2, 3, 5, 6, 7]",93.01580810546875,38.86482238769531,46.44097900390625,141,93.01580810546875,0.0,46.44097900390625,141
2025-07-17T20:32:40.679000,0,26,"[0, 1, 2, 3, 4, 5, 6, 7]",93.01580810546875,38.86482238769531,46.44097900390625,141,93.01580810546875,0.0,46.44097900390625,141
2025-07-17T20:32:40.685834,1,26,"[0, 1, 2, 3, 5, 7]",93.01580810546875,38.86456489562988,46.44097900390625,141,93.01580810546875,0.0,46.44097900390625,141
2025-07-17T20:32:40.692666,2,26,"[0, 1, 2, 3, 4, 5, 6, 7]",93.01580810546875,38.86540412902832,46.44097900390625,141,93.01580810546875,0.0,46.44097900390625,141
2025-07-17T20:32:40.699582,3,26,"[0, 1, 2, 3, 5, 7]",93.01580810546875,38.86540412902832,46.44097900390625,141,93.01580810546875,0.0,46.44097900390625,141
2025-07-17T20:32:40.706831,4,26,"[0, 1, 2, 3, 5, 7]",93.01580810546875,38.86540412902832,46.44097900390625,141,93.01580810546875,0.0,46.44097900390625,141
2025-07-17T20:32:40.713817,0,27,"[0, 1, 2, 3, 4, 5, 6, 7]",93.01580810546875,38.86540412902832,46.44097900390625,141,93.01580810546875,0.0,46.44097900390625,141
2025-07-17T20:32:40.722065,1,27,"[0, 1, 2, 3, 4, 5, 6, 7]",93.01580810546875,38.86540412902832,46.44097900390625,141,93.01580810546875,0.0,46.44097900390625,141
2025-07-17T20:32:40.730363,2,27,"[0, 1, 2, 3, 4, 5, 6, 7]",93.01580810546875,38.86540412902832,46.44097900390625,141,93.01580810546875,0.0,46.44097900390625,141
2025-07-17T20:32:40.732500,3,27,"[0, 1, 2, 3, 4, 5, 6, 7]",93.01580810546875,38.86540412902832,46.44097900390625,141,93.01580810546875,0.0,46.44097900390625,141
2025-07-17T20:32:40.740602,4,27,"[0, 1, 2, 3, 4, 5, 6, 7]",93.01580810546875,38.86540412902832,46.44097900390625,141,93.01580810546875,0.0,46.44097900390625,141
2025-07-17T20:32:40.748318,0,28,"[0, 1, 2, 3, 4, 5, 6, 7]",93.01580810546875,38.86540412902832,46.44097900390625,141,93.01580810546875,0.0,46.44097900390625,141
2025-07-17T20:32:40.755599,1,28,"[0, 1, 2, 3, 4, 5, 6, 7]",93.01580810546875,38.86540412902832,46.44097900390625,141,93.01580810546875,0.0,46.44097900390625,141
2025-07-17T20:32:40.762540,2,28,"[0, 1, 2, 3, 4, 5, 6, 7]",93.01580810546875,38.86540412902832,46.44097900390625,141,93.01580810546875,0.0,46.44097900390625,141
2025-07-17T20:32:40.769688,3,28,"[0, 1, 2, 3, 4, 5, 6, 7]",93.01580810546875,38.86540412902832,46.44097900390625,141,93.01580810546875,0.0,46.44097900390625,141
2025-07-17T20:32:40.777361,4,28,"[0, 1, 2, 3, 4, 5, 6, 7]",93.01580810546875,38.86540412902832,46.44097900390625,141,93.01580810546875,0.0,46.44097900390625,141
2025-07-17T20:32:40.785544,0,29,"[0, 1, 2, 3, 4, 5, 6, 7]",93.01580810546875,38.86540412902832,46.44097900390625,141,93.01580810546875,0.0,46.44097900390625,141
2025-07-17T20:32:40.792391,1,29,"[0, 1, 2, 3, 4, 5, 6, 7]",93.01580810546875,38.86540412902832,46.44097900390625,141,93.01580810546875,0.0,46.44097900390625,141
2025-07-17T20:32:40.799281,2,29,"[0, 1, 2, 3, 4, 5, 6, 7]",93.01580810546875,38.86540412902832,46.44097900390625,141,93.01580810546875,0.0,46.44097900390625,141
2025-07-17T20:32:40.805838,3,29,"[0, 1, 2, 3, 4, 5, 6, 7]",93.01580810546875,38.86540412902832,46.44097900390625,141,93.01580810546875,0.0,46.44097900390625,141
2025-07-17T20:32:40.813147,4,29,"[0, 1, 2, 3, 4, 5, 6, 7]",93.01580810546875,38.86540412902832,46.44097900390625,141,93.01580810546875,0.0,46.44097900390625,141
2025-07-17T20:32:40.820313,0,30,"[0, 1, 2, 3, 4, 5, 6, 7]",93.01580810546875,38.86540412902832,46.44097900390625,141,93.01580810546875,0.0,46.44097900390625,141
2025-07-17T20:32:40.832367,1,30,"[0, 1, 2, 3, 4, 5, 6, 7]",93.01580810546875,38.86540412902832,46.44097900390625,141,93.01580810546875,0.0,46.44097900390625,141
2025-07-17T20:32:40.840358,2,30,"[0, 1, 2, 3, 4, 5, 6, 7]",93.01580810546875,38.86540412902832,46.44097900390625,141,93.01580810546875,0.0,46.44097900390625,141
2025-07-17T20:32:40.842350,3,30,"[0, 1, 2, 3, 4, 5, 6, 7]",93.01580810546875,38.86540412902832,46.44097900390625,141,93.01580810546875,0.0,46.44097900390625,141
2025-07-17T20:32:40.854824,4,30,"[0, 1, 2, 3, 4, 5, 6, 7]",93.01580810546875,38.86540412902832,46.44097900390625,141,93.01580810546875,0.0,46.44097900390625,141
2025-07-17T20:32:40.857278,0,31,"[0, 1, 2, 3, 4, 5, 6, 7]",93.01580810546875,38.87287998199463,46.44097900390625,141,93.01580810546875,0.0,46.44097900390625,141
2025-07-17T20:32:40.865274,1,31,"[0, 1, 2, 3, 4, 5, 6, 7]",93.01580810546875,38.86967182159424,46.44097900390625,141,93.01580810546875,0.0,46.44097900390625,141
2025-07-17T20:32:40.874378,2,31,"[0, 1, 2, 3, 4, 5, 6, 7]",93.01580810546875,38.86620616912842,46.44097900390625,141,93.01580810546875,0.0,46.44097900390625,141
2025-07-17T20:32:40.886259,3,31,"[0, 1, 2, 3, 4, 5, 6, 7]",93.01580810546875,38.863579750061035,46.44097900390625,141,93.01580810546875,0.0,46.44097900390625,141
2025-07-17T20:32:40.888830,4,31,"[0, 1, 2, 3, 4, 5, 6, 7]",93.01580810546875,38.86002254486084,46.44097900390625,141,93.01580810546875,0.0,46.44097900390625,141
2025-07-17T20:32:40.900357,0,0,"[0, 1, 2, 3, 4, 5, 6, 7]",93.01580810546875,38.85531425476074,46.44097900390625,141,93.01580810546875,0.0,46.44097900390625,141
2025-07-17T20:32:40.912627,1,0,"[0, 1, 2, 3, 4, 5, 6]",93.01580810546875,38.85852241516113,46.44097900390625,141,93.01580810546875,0.0,46.44097900390625,141
2025-07-17T20:32:40.915016,2,0,"[0, 1, 2, 3, 4, 5, 6, 7]",93.01580810546875,38.86149787902832,46.44097900390625,141,93.01580810546875,0.0,46.44097900390625,141
2025-07-17T20:32:40.922608,3,0,"[0, 1, 2, 3, 4, 5, 6]",93.01580810546875,38.86438179016113,46.44097900390625,141,93.01580810546875,0.0,46.44097900390625,141
2025-07-17T20:32:40.930178,4,0,"[0, 1, 2, 3, 4, 5, 6]",93.01580810546875,38.86540412902832,46.44097900390625,141,93.01580810546875,0.0,46.44097900390625,141
2025-07-17T20:32:40.937561,0,1,"[0, 1, 2, 3, 4, 5, 6, 7]",93.01580810546875,38.86540412902832,46.44097900390625,141,93.01580810546875,0.0,46.44097900390625,141
2025-07-17T20:32:40.945380,1,1,"[0, 1, 2, 4, 5, 6, 7]",93.01580810546875,38.86540412902832,46.44097900390625,141,93.01580810546875,0.0,46.44097900390625,141
2025-07-17T20:32:40.952693,2,1,"[0, 1, 2, 3, 4, 5, 6, 7]",93.01580810546875,38.86540412902832,46.44097900390625,141,93.01580810546875,0.0,46.44097900390625,141
2025-07-17T20:32:40.960276,3,1,"[0, 1, 2, 4, 5, 6, 7]",93.01580810546875,38.86540412902832,46.44097900390625,141,93.01580810546875,0.0,46.44097900390625,141
2025-07-17T20:32:40.966811,4,1,"[0, 1, 2, 4, 5, 6, 7]",93.01580810546875,38.86540412902832,46.44097900390625,141,93.01580810546875,0.0,46.44097900390625,141
2025-07-17T20:32:40.974787,0,2,"[0, 1, 2, 3, 4, 5, 6, 7]",93.01580810546875,38.86540412902832,46.44097900390625,141,93.01580810546875,0.0,46.44097900390625,141
2025-07-17T20:32:40.982052,1,2,"[0, 1, 2, 3, 4, 5, 6, 7]",93.01580810546875,38.86540412902832,46.44097900390625,141,93.01580810546875,0.0,46.44097900390625,141
2025-07-17T20:32:40.989233,2,2,"[0, 1, 2, 3, 4, 5, 6, 7]",93.01580810546875,38.86540412902832,46.44097900390625,141,93.01580810546875,0.0,46.44097900390625,141
2025-07-17T20:32:40.996034,3,2,"[0, 1, 2, 3, 4, 5, 6, 7]",93.01580810546875,38.86540412902832,46.44097900390625,141,93.01580810546875,0.0,46.44097900390625,141
2025-07-17T20:32:41.003866,4,2,"[0, 1, 2, 3, 4, 5, 6, 7]",93.01580810546875,38.86540412902832,46.44097900390625,141,93.01580810546875,0.0,46.44097900390625,141
2025-07-17T20:32:41.011272,0,3,"[0, 1, 2, 3, 4, 5, 6, 7]",93.01580810546875,38.86540412902832,46.44097900390625,141,93.01580810546875,0.0,46.44097900390625,141
2025-07-17T20:32:41.018757,1,3,"[0, 1, 2, 3, 4, 5, 6, 7]",93.01580810546875,38.86540412902832,46.44097900390625,141,93.01580810546875,0.0,46.44097900390625,141
2025-07-17T20:32:41.026332,2,3,"[0, 1, 2, 3, 4, 5, 6, 7]",93.01580810546875,38.86540412902832,46.44097900390625,141,93.01580810546875,0.0,46.44097900390625,141
2025-07-17T20:32:41.033624,3,3,"[0, 1, 2, 3, 4, 5, 6, 7]",93.01580810546875,38.86540412902832,46.44097900390625,141,93.01580810546875,0.0,46.44097900390625,141
2025-07-17T20:32:41.042778,4,3,"[0, 1, 2, 3, 4, 5, 6, 7]",93.01580810546875,38.86540412902832,46.44097900390625,141,93.01580810546875,0.0,46.44097900390625,141
2025-07-17T20:32:41.049607,0,4,"[0, 1, 2, 3, 4, 5, 6, 7]",93.01580810546875,38.86540412902832,46.44097900390625,141,93.01580810546875,0.0,46.44097900390625,141
2025-07-17T20:32:41.056446,1,4,"[0, 1, 2, 3, 4, 5, 6, 7]",93.01580810546875,38.86540412902832,46.44097900390625,141,93.01580810546875,0.0,46.44097900390625,141
2025-07-17T20:32:41.063029,2,4,"[0, 1, 2, 3, 4, 5, 6, 7]",93.01580810546875,38.86540412902832,46.44097900390625,141,93.01580810546875,0.0,46.44097900390625,141
2025-07-17T20:32:41.069249,3,4,"[0, 1, 2, 3, 4, 5, 6, 7]",93.01580810546875,38.86540412902832,46.44097900390625,141,93.01580810546875,0.0,46.44097900390625,141
2025-07-17T20:32:41.076694,4,4,"[0, 1, 2, 3, 4, 5, 6, 7]",93.01580810546875,38.86540412902832,46.44097900390625,141,93.01580810546875,0.0,46.44097900390625,141
2025-07-17T20:32:41.083435,0,5,"[0, 1, 2, 3, 4, 5, 6, 7]",93.01580810546875,38.86540412902832,46.44097900390625,141,93.01580810546875,0.0,46.44097900390625,141
2025-07-17T20:32:41.090281,1,5,"[0, 1, 2, 3, 4, 5, 6, 7]",93.01580810546875,38.86540412902832,46.44097900390625,141,93.01580810546875,0.0,46.44097900390625,141
2025-07-17T20:32:41.097523,2,5,"[0, 1, 2, 3, 4, 5, 6, 7]",93.01580810546875,38.86540412902832,46.44097900390625,141,93.01580810546875,0.0,46.44097900390625,141
2025-07-17T20:32:41.110073,3,5,"[0, 1, 2, 3, 4, 5, 6, 7]",93.01580810546875,38.86540412902832,46.44097900390625,141,93.01580810546875,0.0,46.44097900390625,141
2025-07-17T20:32:41.112105,4,5,"[0, 1, 2, 3, 4, 5, 6, 7]",93.01580810546875,38.86540412902832,46.44097900390625,141,93.01580810546875,0.0,46.44097900390625,141
2025-07-17T20:32:41.120346,0,6,"[0, 1, 2, 3, 4, 5, 6, 7]",93.01580810546875,38.86540412902832,46.44097900390625,141,93.01580810546875,0.0,46.44097900390625,141
2025-07-17T20:32:41.128419,1,6,"[0, 2, 3, 4, 5, 6, 7]",93.01580810546875,38.86540412902832,46.44097900390625,141,93.01580810546875,0.0,46.44097900390625,141
2025-07-17T20:32:41.141532,2,6,"[0, 1, 2, 3, 4, 5, 6, 7]",93.01580810546875,38.86540412902832,46.44097900390625,141,93.01580810546875,0.0,46.44097900390625,141
2025-07-17T20:32:41.143619,3,6,"[0, 2, 3, 4, 5, 6, 7]",93.01580810546875,38.86540412902832,46.44097900390625,141,93.01580810546875,0.0,46.44097900390625,141
2025-07-17T20:32:41.151382,4,6,"[0, 2, 3, 4, 5, 6, 7]",93.01580810546875,38.86540412902832,46.44097900390625,141,93.01580810546875,0.0,46.44097900390625,141
2025-07-17T20:32:41.159282,0,7,"[0, 1, 2, 3, 4, 5, 6, 7]",93.01580810546875,38.86540412902832,46.44097900390625,141,93.01580810546875,0.0,46.44097900390625,141
2025-07-17T20:32:41.166583,1,7,"[0, 1, 2, 3, 4, 5, 6, 7]",93.01580810546875,38.86540412902832,46.44097900390625,141,93.01580810546875,0.0,46.44097900390625,141
2025-07-17T20:32:41.177823,2,7,"[0, 1, 2, 3, 4, 5, 6, 7]",93.01580810546875,38.86540412902832,46.44097900390625,141,93.01580810546875,0.0,46.44097900390625,141
2025-07-17T20:32:41.185373,3,7,"[0, 1, 2, 3, 4, 5, 6, 7]",93.01580810546875,38.86540412902832,46.44097900390625,141,93.01580810546875,0.0,46.44097900390625,141
2025-07-17T20:32:41.192856,4,7,"[0, 1, 2, 3, 4, 5, 6, 7]",93.01580810546875,38.86540412902832,46.44097900390625,141,93.01580810546875,0.0,46.44097900390625,141
2025-07-17T20:32:41.200171,0,8,"[0, 1, 2, 3, 4, 5, 6, 7]",93.01580810546875,38.86540412902832,46.44097900390625,141,93.01580810546875,0.0,46.44097900390625,141
2025-07-17T20:32:41.208669,1,8,"[1, 2, 3, 4, 5, 6, 7]",93.01580810546875,38.86540412902832,46.44097900390625,141,93.01580810546875,0.0,46.44097900390625,141
2025-07-17T20:32:41.216523,2,8,"[0, 1, 2, 3, 4, 5, 6, 7]",93.01580810546875,38.86540412902832,46.44097900390625,141,93.01580810546875,0.0,46.44097900390625,141
2025-07-17T20:32:41.224140,3,8,"[1, 2, 3, 4, 5, 6, 7]",93.01580810546875,38.86540412902832,46.44097900390625,141,93.01580810546875,0.0,46.44097900390625,141
2025-07-17T20:32:41.231688,4,8,"[1, 2, 3, 4, 5, 6, 7]",93.01580810546875,38.86540412902832,46.44097900390625,141,93.01580810546875,0.0,46.44097900390625,141
2025-07-17T20:32:41.238086,0,9,"[0, 1, 2, 3, 4, 5, 6, 7]",93.01580810546875,38.86482238769531,46.44097900390625,141,93.01580810546875,0.0,46.44097900390625,141
2025-07-17T20:32:41.246234,1,9,"[0, 1, 2, 3, 4, 5, 6, 7]",93.01580810546875,38.86482238769531,46.44097900390625,141,93.01580810546875,0.0,46.44097900390625,141
2025-07-17T20:32:41.252640,2,9,"[0, 1, 2, 3, 5, 6, 7]",93.01580810546875,38.86482238769531,46.44097900390625,141,93.01580810546875,0.0,46.44097900390625,141
2025-07-17T20:32:41.259685,3,9,"[0, 1, 2, 3, 4, 5, 6, 7]",93.01580810546875,38.86456489562988,46.44097900390625,141,93.01580810546875,0.0,46.44097900390625,141
2025-07-17T20:32:41.267158,4,9,"[0, 1, 2, 3, 4, 5, 6, 7]",93.01580810546875,38.86540412902832,46.44097900390625,141,93.01580810546875,0.0,46.44097900390625,141
2025-07-17T20:32:41.277220,0,10,"[0, 1, 2, 3, 4, 5, 6, 7]",93.01580810546875,38.86540412902832,46.44097900390625,141,93.01580810546875,0.0,46.44097900390625,141
2025-07-17T20:32:41.284078,1,10,"[0, 1, 2, 3, 4, 5, 6, 7]",93.01580810546875,38.86482238769531,46.44097900390625,141,93.01580810546875,0.0,46.44097900390625,141
2025-07-17T20:32:41.291753,2,10,"[0, 1, 2, 3, 4, 6, 7]",93.01580810546875,38.86482238769531,46.44097900390625,141,93.01580810546875,0.0,46.44097900390625,141
2025-07-17T20:32:41.300030,3,10,"[0, 1, 2, 3, 4, 5, 6, 7]",93.01580810546875,38.86482238769531,46.44097900390625,141,93.01580810546875,0.0,46.44097900390625,141
2025-07-17T20:32:41.308350,4,10,"[0, 1, 2, 3, 4, 5, 6, 7]",93.01580810546875,38.86456489562988,46.44097900390625,141,93.01580810546875,0.0,46.44097900390625,141
2025-07-17T20:32:41.315951,0,11,"[0, 1, 2, 3, 4, 5, 6, 7]",93.01580810546875,38.86540412902832,46.44097900390625,141,93.01580810546875,0.0,46.44097900390625,141
2025-07-17T20:32:41.323790,1,11,"[0, 1, 2, 3, 4, 5, 6, 7]",93.01580810546875,38.86540412902832,46.44097900390625,141,93.01580810546875,0.0,46.44097900390625,141
2025-07-17T20:32:41.326163,2,11,"[0, 1, 2, 3, 4, 5, 6, 7]",93.01580810546875,38.86540412902832,46.44097900390625,141,93.01580810546875,0.0,46.44097900390625,141
2025-07-17T20:32:41.337923,3,11,"[0, 1, 2, 3, 4, 5, 6, 7]",93.01580810546875,38.86540412902832,46.44097900390625,141,93.01580810546875,0.0,46.44097900390625,141
2025-07-17T20:32:41.345175,4,11,"[0, 1, 2, 3, 4, 5, 6, 7]",93.01580810546875,38.86540412902832,46.44097900390625,141,93.01580810546875,0.0,46.44097900390625,141
2025-07-17T20:32:41.352272,0,12,"[0, 1, 2, 3, 4, 5, 6, 7]",93.01580810546875,38.86540412902832,46.44097900390625,141,93.01580810546875,0.0,46.44097900390625,141
2025-07-17T20:32:41.360020,1,12,"[0, 1, 2, 3, 4, 5, 6]",93.01580810546875,38.86540412902832,46.44097900390625,141,93.01580810546875,0.0,46.44097900390625,141
2025-07-17T20:32:41.367263,2,12,"[0, 1, 2, 3, 4, 5, 6, 7]",93.01580810546875,38.86540412902832,46.44097900390625,141,93.01580810546875,0.0,46.44097900390625,141
2025-07-17T20:32:41.370509,3,12,"[0, 1, 2, 3, 4, 5, 6]",93.01580810546875,38.86540412902832,46.44097900390625,141,93.01580810546875,0.0,46.44097900390625,141
2025-07-17T20:32:41.377659,4,12,"[0, 1, 2, 3, 4, 5, 6]",93.01580810546875,38.86540412902832,46.44097900390625,141,93.01580810546875,0.0,46.44097900390625,141
2025-07-17T20:32:41.385345,0,13,"[0, 1, 2, 3, 4, 5, 6, 7]",93.01580810546875,38.86540412902832,46.44097900390625,141,93.01580810546875,0.0,46.44097900390625,141
2025-07-17T20:32:41.392895,1,13,"[0, 1, 2, 3, 4, 5, 7]",93.01580810546875,38.86540412902832,46.44097900390625,141,93.01580810546875,0.0,46.44097900390625,141
2025-07-17T20:32:41.400089,2,13,"[0, 1, 2, 3, 4, 5, 6, 7]",93.01580810546875,38.86540412902832,46.44097900390625,141,93.01580810546875,0.0,46.44097900390625,141
2025-07-17T20:32:41.412442,3,13,"[0, 1, 2, 3, 4, 5, 7]",93.01580810546875,38.86540412902832,46.44097900390625,141,93.01580810546875,0.0,46.44097900390625,141
2025-07-17T20:32:41.419025,4,13,"[0, 1, 2, 3, 4, 5, 7]",93.01580810546875,38.86540412902832,46.44097900390625,141,93.01580810546875,0.0,46.44097900390625,141
2025-07-17T20:32:41.426184,0,14,"[0, 1, 2, 3, 4, 5, 6, 7]",93.01580810546875,38.86540412902832,46.44097900390625,141,93.01580810546875,0.0,46.44097900390625,141
2025-07-17T20:32:41.433306,1,14,"[0, 1, 2, 3, 4, 5, 7]",93.01580810546875,38.86540412902832,46.44097900390625,141,93.01580810546875,0.0,46.44097900390625,141
2025-07-17T20:32:41.440058,2,14,"[0, 1, 2, 3, 4, 5, 6, 7]",93.01580810546875,38.86540412902832,46.44097900390625,141,93.01580810546875,0.0,46.44097900390625,141
2025-07-17T20:32:41.447451,3,14,"[0, 1, 2, 3, 4, 5, 7]",93.01580810546875,38.86540412902832,46.44097900390625,141,93.01580810546875,0.0,46.44097900390625,141
2025-07-17T20:32:41.455552,4,14,"[0, 1, 2, 3, 4, 5, 7]",93.01580810546875,38.86540412902832,46.44097900390625,141,93.01580810546875,0.0,46.44097900390625,141
2025-07-17T20:32:41.457864,0,15,"[0, 1, 2, 3, 4, 5, 6, 7]",93.01580810546875,38.86540412902832,46.44097900390625,141,93.01580810546875,0.0,46.44097900390625,141
2025-07-17T20:32:41.464689,1,15,"[1, 2, 3, 4, 5, 6, 7]",93.01580810546875,38.86540412902832,46.44097900390625,141,93.01580810546875,0.0,46.44097900390625,141
2025-07-17T20:32:41.475582,2,15,"[0, 1, 2, 3, 4, 5, 6, 7]",93.01580810546875,38.86540412902832,46.44097900390625,141,93.01580810546875,0.0,46.44097900390625,141
2025-07-17T20:32:41.482406,3,15,"[1, 2, 3, 4, 5, 6, 7]",93.01580810546875,38.86540412902832,46.44097900390625,141,93.01580810546875,0.0,46.44097900390625,141
2025-07-17T20:32:41.489189,4,15,"[1, 2, 3, 4, 5, 6, 7]",93.01580810546875,38.86540412902832,46.44097900390625,141,93.01580810546875,0.0,46.44097900390625,141
2025-07-17T20:32:41.496280,0,16,"[0, 1, 2, 3, 4, 5, 6, 7]",93.01580810546875,38.86540412902832,46.44097900390625,141,93.01580810546875,0.0,46.44097900390625,141
2025-07-17T20:32:41.503331,1,16,"[0, 1, 3, 4, 5, 6, 7]",93.01580810546875,38.86540412902832,46.44097900390625,141,93.01580810546875,0.0,46.44097900390625,141
2025-07-17T20:32:41.510726,2,16,"[0, 1, 2, 3, 4, 5, 6, 7]",93.01580810546875,38.86540412902832,46.44097900390625,141,93.01580810546875,0.0,46.44097900390625,141
2025-07-17T20:32:41.517765,3,16,"[0, 1, 3, 4, 5, 6, 7]",93.01580810546875,38.86540412902832,46.44097900390625,141,93.01580810546875,0.0,46.44097900390625,141
2025-07-17T20:32:41.525125,4,16,"[0, 1, 3, 4, 5, 6, 7]",93.01580810546875,38.86540412902832,46.44097900390625,141,93.01580810546875,0.0,46.44097900390625,141
2025-07-17T20:32:41.533060,0,17,"[0, 1, 2, 3, 4, 5, 6, 7]",93.01580810546875,38.86540412902832,46.44097900390625,141,93.01580810546875,0.0,46.44097900390625,141
2025-07-17T20:32:41.540322,1,17,"[0, 1, 2, 4, 5, 6, 7]",93.01580810546875,38.86540412902832,46.44097900390625,141,93.01580810546875,0.0,46.44097900390625,141
2025-07-17T20:32:41.547731,2,17,"[0, 1, 2, 3, 4, 5, 6, 7]",93.01580810546875,38.86540412902832,46.44097900390625,141,93.01580810546875,0.0,46.44097900390625,141
2025-07-17T20:32:41.554975,3,17,"[0, 1, 2, 4, 5, 6, 7]",93.01580810546875,38.86540412902832,46.44097900390625,141,93.01580810546875,0.0,46.44097900390625,141
2025-07-17T20:32:41.561797,4,17,"[0, 1, 2, 4, 5, 6, 7]",93.01580810546875,38.86540412902832,46.44097900390625,141,93.01580810546875,0.0,46.44097900390625,141
2025-07-17T20:32:41.570964,0,18,"[0, 1, 2, 3, 4, 5, 6, 7]",93.01580810546875,38.86456489562988,46.44097900390625,141,93.01580810546875,0.0,46.44097900390625,141
2025-07-17T20:32:41.577786,1,18,"[0, 1, 2, 4, 5, 6, 7]",93.01580810546875,38.86456489562988,46.44097900390625,141,93.01580810546875,0.0,46.44097900390625,141
2025-07-17T20:32:41.584846,2,18,"[0, 1, 2, 3, 4, 5, 6, 7]",93.01580810546875,38.86456489562988,46.44097900390625,141,93.01580810546875,0.0,46.44097900390625,141
2025-07-17T20:32:41.592630,3,18,"[0, 1, 2, 4, 5, 6, 7]",93.01580810546875,38.86456489562988,46.44097900390625,141,93.01580810546875,0.0,46.44097900390625,141
2025-07-17T20:32:41.600006,4,18,"[0, 1, 2, 4, 5, 6, 7]",93.01580810546875,38.86456489562988,46.44097900390625,141,93.01580810546875,0.0,46.44097900390625,141
2025-07-17T20:32:41.607717,0,19,"[0, 1, 2, 3, 4, 5, 6, 7]",93.01580810546875,38.86540412902832,46.44097900390625,141,93.01580810546875,0.0,46.44097900390625,141
2025-07-17T20:32:41.615514,1,19,"[0, 1, 2, 3, 4, 5, 6, 7]",93.01580810546875,38.86540412902832,46.44097900390625,141,93.01580810546875,0.0,46.44097900390625,141
2025-07-17T20:32:41.622390,2,19,"[0, 1, 2, 3, 4, 5, 6, 7]",93.01580810546875,38.86540412902832,46.44097900390625,141,93.01580810546875,0.0,46.44097900390625,141
2025-07-17T20:32:41.629421,3,19,"[0, 1, 2, 3, 4, 5, 6, 7]",93.01580810546875,38.86540412902832,46.44097900390625,141,93.01580810546875,0.0,46.44097900390625,141
2025-07-17T20:32:41.636229,4,19,"[0, 1, 2, 3, 4, 5, 6, 7]",93.01580810546875,38.86540412902832,46.44097900390625,141,93.01580810546875,0.0,46.44097900390625,141
2025-07-17T20:32:41.643620,0,20,"[0, 1, 2, 3, 4, 5, 6, 7]",93.01580810546875,38.86540412902832,46.44097900390625,141,93.01580810546875,0.0,46.44097900390625,141
2025-07-17T20:32:41.650492,1,20,"[0, 2, 3, 4, 5, 6, 7]",93.01580810546875,38.86540412902832,46.44097900390625,141,93.01580810546875,0.0,46.44097900390625,141
2025-07-17T20:32:41.658212,2,20,"[0, 1, 2, 3, 4, 5, 6, 7]",93.01580810546875,38.86540412902832,46.44097900390625,141,93.01580810546875,0.0,46.44097900390625,141
2025-07-17T20:32:41.665237,3,20,"[0, 2, 3, 4, 5, 6, 7]",93.01580810546875,38.86540412902832,46.44097900390625,141,93.01580810546875,0.0,46.44097900390625,141
2025-07-17T20:32:41.672577,4,20,"[0, 2, 3, 4, 5, 6, 7]",93.01580810546875,38.86540412902832,46.44097900390625,141,93.01580810546875,0.0,46.44097900390625,141
2025-07-17T20:32:41.679314,0,21,"[0, 1, 2, 3, 4, 5, 6, 7]",93.01580810546875,38.86540412902832,46.44097900390625,141,93.01580810546875,0.0,46.44097900390625,141
2025-07-17T20:32:41.686286,1,21,"[0, 1, 2, 3, 4, 5, 6, 7]",93.01580810546875,38.86540412902832,46.44097900390625,141,93.01580810546875,0.0,46.44097900390625,141
2025-07-17T20:32:41.694414,2,21,"[0, 1, 2, 3, 4, 5, 6, 7]",93.01580810546875,38.86540412902832,46.44097900390625,141,93.01580810546875,0.0,46.44097900390625,141
2025-07-17T20:32:41.702215,3,21,"[0, 1, 2, 3, 4, 5, 6, 7]",93.01580810546875,38.86540412902832,46.44097900390625,141,93.01580810546875,0.0,46.44097900390625,141
2025-07-17T20:32:41.710121,4,21,"[0, 1, 2, 3, 4, 5, 6, 7]",93.01580810546875,38.86540412902832,46.44097900390625,141,93.01580810546875,0.0,46.44097900390625,141
2025-07-17T20:32:41.717264,0,22,"[0, 1, 2, 3, 4, 5, 6, 7]",93.01580810546875,38.86540412902832,46.44097900390625,141,93.01580810546875,0.0,46.44097900390625,141
2025-07-17T20:32:41.724517,1,22,"[0, 1, 2, 3, 4, 5, 6, 7]",93.01580810546875,38.86540412902832,46.44097900390625,141,93.01580810546875,0.0,46.44097900390625,141
2025-07-17T20:32:41.731949,2,22,"[0, 1, 2, 3, 4, 5, 6, 7]",93.01580810546875,38.86540412902832,46.44097900390625,141,93.01580810546875,0.0,46.44097900390625,141
2025-07-17T20:32:41.739147,3,22,"[0, 1, 2, 3, 4, 5, 6, 7]",93.01580810546875,38.86540412902832,46.44097900390625,141,93.01580810546875,0.0,46.44097900390625,141
2025-07-17T20:32:41.746179,4,22,"[0, 1, 2, 3, 4, 5, 6, 7]",93.01580810546875,38.86540412902832,46.44097900390625,141,93.01580810546875,0.0,46.44097900390625,141
2025-07-17T20:32:41.753123,0,23,"[0, 1, 2, 3, 4, 5, 6, 7]",93.01580810546875,38.86540412902832,46.44097900390625,141,93.01580810546875,0.0,46.44097900390625,141
2025-07-17T20:32:41.760454,1,23,"[0, 1, 2, 3, 4, 5, 6, 7]",93.01580810546875,38.86540412902832,46.44097900390625,141,93.01580810546875,0.0,46.44097900390625,141
2025-07-17T20:32:41.768129,2,23,"[0, 1, 2, 3, 4, 5, 6, 7]",93.01580810546875,38.86540412902832,46.44097900390625,141,93.01580810546875,0.0,46.44097900390625,141
2025-07-17T20:32:41.775543,3,23,"[0, 1, 2, 3, 4, 5, 6, 7]",93.01580810546875,38.86482238769531,46.44097900390625,141,93.01580810546875,0.0,46.44097900390625,141
2025-07-17T20:32:41.783364,4,23,"[0, 1, 2, 3, 4, 5, 6, 7]",93.01580810546875,38.86482238769531,46.44097900390625,141,93.01580810546875,0.0,46.44097900390625,141
2025-07-17T20:32:41.794384,0,24,"[0, 1, 2, 3, 4, 5, 6, 7]",93.01580810546875,38.86456489562988,46.44097900390625,141,93.01580810546875,0.0,46.44097900390625,141
2025-07-17T20:32:41.796576,1,24,"[0, 1, 2, 3, 4, 5, 6, 7]",93.01580810546875,38.86456489562988,46.44097900390625,141,93.01580810546875,0.0,46.44097900390625,141
2025-07-17T20:32:41.804132,2,24,"[0, 1, 2, 3, 4, 5, 6, 7]",93.01580810546875,38.86456489562988,46.44097900390625,141,93.01580810546875,0.0,46.44097900390625,141
2025-07-17T20:32:41.817918,3,24,"[0, 1, 2, 3, 4, 5, 6, 7]",93.01580810546875,38.86540412902832,46.44097900390625,141,93.01580810546875,0.0,46.44097900390625,141
2025-07-17T20:32:41.820180,4,24,"[0, 1, 2, 3, 4, 5, 6, 7]",93.01580810546875,38.86540412902832,46.44097900390625,141,93.01580810546875,0.0,46.44097900390625,141
2025-07-17T20:32:41.831939,0,25,"[0, 1, 2, 3, 4, 5, 6, 7]",93.01580810546875,38.86540412902832,46.44097900390625,141,93.01580810546875,0.0,46.44097900390625,141
2025-07-17T20:32:41.833952,1,25,"[0, 1, 2, 3, 4, 5, 6, 7]",93.01580810546875,38.86540412902832,46.44097900390625,141,93.01580810546875,0.0,46.44097900390625,141
2025-07-17T20:32:41.841702,2,25,"[0, 1, 2, 3, 4, 5, 6, 7]",93.01580810546875,38.86540412902832,46.44097900390625,141,93.01580810546875,0.0,46.44097900390625,141
2025-07-17T20:32:41.847935,3,25,"[0, 1, 2, 3, 4, 5, 6, 7]",93.01580810546875,38.86540412902832,46.44097900390625,141,93.01580810546875,0.0,46.44097900390625,141
2025-07-17T20:32:41.855507,4,25,"[0, 1, 2, 3, 4, 5, 6, 7]",93.01580810546875,38.86540412902832,46.44097900390625,141,93.01580810546875,0.0,46.44097900390625,141
2025-07-17T20:32:41.863087,0,26,"[0, 1, 2, 3, 4, 5, 6, 7]",93.01580810546875,38.86540412902832,46.44097900390625,141,93.01580810546875,0.0,46.44097900390625,141
2025-07-17T20:32:41.870657,1,26,"[0, 2, 3, 4, 5, 6, 7]",93.01580810546875,38.86540412902832,46.44097900390625,141,93.01580810546875,0.0,46.44097900390625,141
2025-07-17T20:32:41.877059,2,26,"[0, 1, 2, 3, 4, 5, 6, 7]",93.01580810546875,38.86540412902832,46.44097900390625,141,93.01580810546875,0.0,46.44097900390625,141
2025-07-17T20:32:41.884093,3,26,"[0, 2, 3, 4, 5, 6, 7]",93.01580810546875,38.86540412902832,46.44097900390625,141,93.01580810546875,0.0,46.44097900390625,141
2025-07-17T20:32:41.892220,4,26,"[0, 2, 3, 4, 5, 6, 7]",93.01580810546875,38.86540412902832,46.44097900390625,141,93.01580810546875,0.0,46.44097900390625,141
2025-07-17T20:32:41.899858,0,27,"[0, 1, 2, 3, 4, 5, 6, 7]",93.01580810546875,38.86540412902832,46.44097900390625,141,93.01580810546875,0.0,46.44097900390625,141
2025-07-17T20:32:41.906687,1,27,"[0, 1, 2, 3, 4, 5, 6, 7]",93.01580810546875,38.86540412902832,46.44097900390625,141,93.01580810546875,0.0,46.44097900390625,141
2025-07-17T20:32:41.913184,2,27,"[0, 1, 2, 3, 4, 5, 6, 7]",93.01580810546875,38.86540412902832,46.44097900390625,141,93.01580810546875,0.0,46.44097900390625,141
2025-07-17T20:32:41.921022,3,27,"[0, 1, 2, 3, 4, 5, 6, 7]",93.01580810546875,38.86540412902832,46.44097900390625,141,93.01580810546875,0.0,46.44097900390625,141
2025-07-17T20:32:41.933029,4,27,"[0, 1, 2, 3, 4, 5, 6, 7]",93.01580810546875,38.86540412902832,46.44097900390625,141,93.01580810546875,0.0,46.44097900390625,141
2025-07-17T20:32:41.939849,0,28,"[0, 1, 2, 3, 4, 5, 6, 7]",93.01580810546875,38.86540412902832,46.44097900390625,141,93.01580810546875,0.0,46.44097900390625,141
2025-07-17T20:32:41.947018,1,28,"[0, 2, 3, 5, 6, 7]",93.01580810546875,38.86540412902832,46.44097900390625,141,93.01580810546875,0.0,46.44097900390625,141
2025-07-17T20:32:41.954098,2,28,"[0, 1, 2, 3, 4, 5, 6, 7]",93.01580810546875,38.86540412902832,46.44097900390625,141,93.01580810546875,0.0,46.44097900390625,141
2025-07-17T20:32:41.961536,3,28,"[0, 2, 3, 5, 6, 7]",93.01580810546875,38.86540412902832,46.44097900390625,141,93.01580810546875,0.0,46.44097900390625,141
2025-07-17T20:32:41.969350,4,28,"[0, 2, 3, 5, 6, 7]",93.01580810546875,38.86540412902832,46.44097900390625,141,93.01580810546875,0.0,46.44097900390625,141
2025-07-17T20:32:41.976515,0,29,"[0, 1, 2, 3, 4, 5, 6, 7]",93.01580810546875,38.86540412902832,46.44097900390625,141,93.01580810546875,0.0,46.44097900390625,141
2025-07-17T20:32:41.983919,1,29,"[0, 1, 2, 3, 4, 5, 6, 7]",93.01580810546875,38.86540412902832,46.44097900390625,141,93.01580810546875,0.0,46.44097900390625,141
2025-07-17T20:32:41.991321,2,29,"[0, 1, 2, 3, 4, 5, 6, 7]",93.01580810546875,38.86540412902832,46.44097900390625,141,93.01580810546875,0.0,46.44097900390625,141
2025-07-17T20:32:41.998288,3,29,"[0, 1, 2, 3, 4, 5, 6, 7]",93.01580810546875,38.86456489562988,46.44097900390625,141,93.01580810546875,0.0,46.44097900390625,141
2025-07-17T20:32:42.005956,4,29,"[0, 1, 2, 3, 4, 5, 6, 7]",93.01580810546875,38.86456489562988,46.44097900390625,141,93.01580810546875,0.0,46.44097900390625,141
2025-07-17T20:32:42.014097,0,30,"[0, 1, 2, 3, 4, 5, 6, 7]",93.01580810546875,38.86456489562988,46.44097900390625,141,93.01580810546875,0.0,46.44097900390625,141
2025-07-17T20:32:42.021664,1,30,"[0, 1, 2, 3, 4, 5, 7]",93.01580810546875,38.86540412902832,46.44097900390625,141,93.01580810546875,0.0,46.44097900390625,141
2025-07-17T20:32:42.029377,2,30,"[0, 1, 2, 3, 4, 5, 6, 7]",93.01580810546875,38.86540412902832,46.44097900390625,141,93.01580810546875,0.0,46.44097900390625,141
2025-07-17T20:32:42.037295,3,30,"[0, 1, 2, 3, 4, 5, 7]",93.01580810546875,38.86540412902832,46.44097900390625,141,93.01580810546875,0.0,46.44097900390625,141
2025-07-17T20:32:42.044307,4,30,"[0, 1, 2, 3, 4, 5, 7]",93.01580810546875,38.86540412902832,46.44097900390625,141,93.01580810546875,0.0,46.44097900390625,141
2025-07-17T20:32:42.051736,0,31,"[0, 1, 2, 3, 4, 5, 6, 7]",93.01580810546875,38.87229824066162,46.44097900390625,141,93.01580810546875,0.0,46.44097900390625,141
2025-07-17T20:32:42.064188,1,31,"[0, 1, 2, 3, 4, 5, 6, 7]",93.01580810546875,38.8688325881958,46.44097900390625,141,93.01580810546875,0.0,46.44097900390625,141
2025-07-17T20:32:42.070423,2,31,"[0, 1, 2, 3, 4, 5, 6, 7]",93.01580810546875,38.86620616912842,46.44097900390625,141,93.01580810546875,0.0,46.44097900390625,141
2025-07-17T20:32:42.084325,3,31,"[0, 1, 2, 3, 4, 5, 6, 7]",93.01580810546875,38.863579750061035,46.44097900390625,141,93.01580810546875,0.0,46.44097900390625,141
2025-07-17T20:32:42.088318,4,31,"[0, 1, 2, 3, 4, 5, 6, 7]",93.01580810546875,38.86002254486084,46.44097900390625,141,93.01580810546875,0.0,46.44097900390625,141
2025-07-17T20:32:42.105268,0,0,"[0, 1, 2, 3, 4, 5, 6, 7]",93.01580810546875,38.85531425476074,46.44097900390625,141,93.01580810546875,0.0,46.44097900390625,141
2025-07-17T20:32:42.115034,1,0,"[0, 1, 2, 4, 5, 6]",93.01580810546875,38.85852241516113,46.44097900390625,141,93.01580810546875,0.0,46.44097900390625,141
2025-07-17T20:32:42.123738,2,0,"[0, 1, 2, 3, 4, 5, 6, 7]",93.01580810546875,38.86149787902832,46.44097900390625,141,93.01580810546875,0.0,46.44097900390625,141
2025-07-17T20:32:42.132011,3,0,"[0, 1, 2, 4, 5, 6]",93.01580810546875,38.86438179016113,46.44097900390625,141,93.01580810546875,0.0,46.44097900390625,141
2025-07-17T20:32:42.139146,4,0,"[0, 1, 2, 4, 5, 6]",93.01580810546875,38.86540412902832,46.44097900390625,141,93.01580810546875,0.0,46.44097900390625,141
2025-07-17T20:32:42.146184,0,1,"[0, 1, 2, 3, 4, 5, 6, 7]",93.01580810546875,38.86540412902832,46.44097900390625,141,93.01580810546875,0.0,46.44097900390625,141
2025-07-17T20:32:42.153852,1,1,"[0, 1, 2, 3, 4, 5, 6, 7]",93.01580810546875,38.86540412902832,46.44097900390625,141,93.01580810546875,0.0,46.44097900390625,141
2025-07-17T20:32:42.161254,2,1,"[0, 1, 2, 3, 4, 5, 6, 7]",93.01580810546875,38.86540412902832,46.44097900390625,141,93.01580810546875,0.0,46.44097900390625,141
2025-07-17T20:32:42.168241,3,1,"[0, 1, 2, 3, 4, 5, 6, 7]",93.01580810546875,38.86540412902832,46.44097900390625,141,93.01580810546875,0.0,46.44097900390625,141
2025-07-17T20:32:42.176701,4,1,"[0, 1, 2, 3, 4, 5, 6, 7]",93.01580810546875,38.86540412902832,46.44097900390625,141,93.01580810546875,0.0,46.44097900390625,141
2025-07-17T20:32:42.179147,0,2,"[0, 1, 2, 3, 4, 5, 6, 7]",93.01580810546875,38.86540412902832,46.44097900390625,141,93.01580810546875,0.0,46.44097900390625,141
2025-07-17T20:32:42.191565,1,2,"[0, 1, 2, 3, 4, 5, 6, 7]",93.01580810546875,38.86540412902832,46.44097900390625,141,93.01580810546875,0.0,46.44097900390625,141
2025-07-17T20:32:42.198865,2,2,"[0, 1, 2, 3, 4, 5, 6, 7]",93.01580810546875,38.86540412902832,46.44097900390625,141,93.01580810546875,0.0,46.44097900390625,141
2025-07-17T20:32:42.206313,3,2,"[0, 1, 2, 3, 4, 5, 6, 7]",93.01580810546875,38.86540412902832,46.44097900390625,141,93.01580810546875,0.0,46.44097900390625,141
2025-07-17T20:32:42.216098,4,2,"[0, 1, 2, 3, 4, 5, 6, 7]",93.01580810546875,38.86540412902832,46.44097900390625,141,93.01580810546875,0.0,46.44097900390625,141
2025-07-17T20:32:42.223182,0,3,"[0, 1, 2, 3, 4, 5, 6, 7]",93.01580810546875,38.86482238769531,46.44097900390625,141,93.01580810546875,0.0,46.44097900390625,141
2025-07-17T20:32:42.230216,1,3,"[0, 1, 2, 3, 4, 5, 7]",93.01580810546875,38.86482238769531,46.44097900390625,141,93.01580810546875,0.0,46.44097900390625,141
2025-07-17T20:32:42.237429,2,3,"[0, 1, 2, 3, 4, 5, 6, 7]",93.01580810546875,38.86482238769531,46.44097900390625,141,93.01580810546875,0.0,46.44097900390625,141
2025-07-17T20:32:42.246132,3,3,"[0, 1, 2, 3, 4, 5, 7]",93.01580810546875,38.86456489562988,46.44097900390625,141,93.01580810546875,0.0,46.44097900390625,141
2025-07-17T20:32:42.253863,4,3,"[0, 1, 2, 3, 4, 5, 7]",93.01580810546875,38.86540412902832,46.44097900390625,141,93.01580810546875,0.0,46.44097900390625,141
2025-07-17T20:32:42.261365,0,4,"[0, 1, 2, 3, 4, 5, 6, 7]",93.01580810546875,38.86540412902832,46.44097900390625,141,93.01580810546875,0.0,46.44097900390625,141
2025-07-17T20:32:42.268489,1,4,"[0, 1, 2, 3, 4, 5, 6, 7]",93.01580810546875,38.86540412902832,46.44097900390625,141,93.01580810546875,0.0,46.44097900390625,141
2025-07-17T20:32:42.275881,2,4,"[0, 1, 2, 3, 4, 5, 6, 7]",93.01580810546875,38.86540412902832,46.44097900390625,141,93.01580810546875,0.0,46.44097900390625,141
2025-07-17T20:32:42.283791,3,4,"[0, 1, 2, 3, 4, 5, 6, 7]",93.01580810546875,38.86540412902832,46.44097900390625,141,93.01580810546875,0.0,46.44097900390625,141
2025-07-17T20:32:42.285780,4,4,"[0, 1, 2, 3, 4, 5, 6, 7]",93.01580810546875,38.86540412902832,46.44097900390625,141,93.01580810546875,0.0,46.44097900390625,141
2025-07-17T20:32:42.293164,0,5,"[0, 1, 2, 3, 4, 5, 6, 7]",93.01580810546875,38.86540412902832,46.44097900390625,141,93.01580810546875,0.0,46.44097900390625,141
2025-07-17T20:32:42.305315,1,5,"[0, 1, 2, 3, 4, 5, 6]",93.01580810546875,38.86540412902832,46.44097900390625,141,93.01580810546875,0.0,46.44097900390625,141
2025-07-17T20:32:42.312094,2,5,"[0, 1, 2, 3, 4, 5, 6, 7]",93.01580810546875,38.86540412902832,46.44097900390625,141,93.01580810546875,0.0,46.44097900390625,141
2025-07-17T20:32:42.320085,3,5,"[0, 1, 2, 3, 4, 5, 6]",93.01580810546875,38.86540412902832,46.44097900390625,141,93.01580810546875,0.0,46.44097900390625,141
2025-07-17T20:32:42.327357,4,5,"[0, 1, 2, 3, 4, 5, 6]",93.01580810546875,38.86540412902832,46.44097900390625,141,93.01580810546875,0.0,46.44097900390625,141
2025-07-17T20:32:42.336139,0,6,"[0, 1, 2, 3, 4, 5, 6, 7]",93.01580810546875,38.86540412902832,46.44097900390625,141,93.01580810546875,0.0,46.44097900390625,141
2025-07-17T20:32:42.343330,1,6,"[0, 1, 2, 3, 4, 5, 6, 7]",93.01580810546875,38.86482238769531,46.44097900390625,141,93.01580810546875,0.0,46.44097900390625,141
2025-07-17T20:32:42.350912,2,6,"[0, 1, 2, 3, 4, 5, 6, 7]",93.01580810546875,38.86482238769531,46.44097900390625,141,93.01580810546875,0.0,46.44097900390625,141
2025-07-17T20:32:42.357788,3,6,"[0, 1, 2, 3, 4, 5, 6, 7]",93.01580810546875,38.86482238769531,46.44097900390625,141,93.01580810546875,0.0,46.44097900390625,141
2025-07-17T20:32:42.365376,4,6,"[0, 1, 2, 3, 4, 5, 6, 7]",93.01580810546875,38.86456489562988,46.44097900390625,141,93.01580810546875,0.0,46.44097900390625,141
2025-07-17T20:32:42.372806,0,7,"[0, 1, 2, 3, 4, 5, 6, 7]",93.01580810546875,38.86540412902832,46.44097900390625,141,93.01580810546875,0.0,46.44097900390625,141
2025-07-17T20:32:42.379731,1,7,"[0, 1, 2, 3, 4, 5, 6, 7]",93.01580810546875,38.86540412902832,46.44097900390625,141,93.01580810546875,0.0,46.44097900390625,141
2025-07-17T20:32:42.386911,2,7,"[0, 1, 2, 3, 4, 5, 6, 7]",93.01580810546875,38.86540412902832,46.44097900390625,141,93.01580810546875,0.0,46.44097900390625,141
2025-07-17T20:32:42.393814,3,7,"[0, 1, 2, 3, 4, 5, 6, 7]",93.01580810546875,38.86540412902832,46.44097900390625,141,93.01580810546875,0.0,46.44097900390625,141
2025-07-17T20:32:42.401357,4,7,"[0, 1, 2, 3, 4, 5, 6, 7]",93.01580810546875,38.86540412902832,46.44097900390625,141,93.01580810546875,0.0,46.44097900390625,141
2025-07-17T20:32:42.409431,0,8,"[0, 1, 2, 3, 4, 5, 6, 7]",93.01580810546875,38.86540412902832,46.44097900390625,141,93.01580810546875,0.0,46.44097900390625,141
2025-07-17T20:32:42.411864,1,8,"[0, 1, 2, 3, 4, 5, 6, 7]",93.01580810546875,38.86540412902832,46.44097900390625,141,93.01580810546875,0.0,46.44097900390625,141
2025-07-17T20:32:42.419299,2,8,"[0, 1, 2, 3, 4, 5, 6, 7]",93.01580810546875,38.86540412902832,46.44097900390625,141,93.01580810546875,0.0,46.44097900390625,141
2025-07-17T20:32:42.431934,3,8,"[0, 1, 2, 3, 4, 5, 6, 7]",93.01580810546875,38.86540412902832,46.44097900390625,141,93.01580810546875,0.0,46.44097900390625,141
2025-07-17T20:32:42.439683,4,8,"[0, 1, 2, 3, 4, 5, 6, 7]",93.01580810546875,38.86540412902832,46.44097900390625,141,93.01580810546875,0.0,46.44097900390625,141
2025-07-17T20:32:42.442549,0,9,"[0, 1, 2, 3, 4, 5, 6, 7]",93.01580810546875,38.86540412902832,46.44097900390625,141,93.01580810546875,0.0,46.44097900390625,141
2025-07-17T20:32:42.449501,1,9,"[0, 1, 2, 3, 4, 5, 6, 7]",93.01580810546875,38.86540412902832,46.44097900390625,141,93.01580810546875,0.0,46.44097900390625,141
2025-07-17T20:32:42.456867,2,9,"[0, 1, 2, 3, 4, 5, 6, 7]",93.01580810546875,38.86540412902832,46.44097900390625,141,93.01580810546875,0.0,46.44097900390625,141
2025-07-17T20:32:42.464328,3,9,"[0, 1, 2, 3, 4, 5, 6, 7]",93.01580810546875,38.86540412902832,46.44097900390625,141,93.01580810546875,0.0,46.44097900390625,141
2025-07-17T20:32:42.471701,4,9,"[0, 1, 2, 3, 4, 5, 6, 7]",93.01580810546875,38.86540412902832,46.44097900390625,141,93.01580810546875,0.0,46.44097900390625,141
2025-07-17T20:32:42.479659,0,10,"[0, 1, 2, 3, 4, 5, 6, 7]",93.01580810546875,38.86540412902832,46.44097900390625,141,93.01580810546875,0.0,46.44097900390625,141
2025-07-17T20:32:42.487211,1,10,"[0, 1, 2, 3, 4, 5, 6, 7]",93.01580810546875,38.86540412902832,46.44097900390625,141,93.01580810546875,0.0,46.44097900390625,141
2025-07-17T20:32:42.494427,2,10,"[0, 1, 2, 3, 4, 5, 6, 7]",93.01580810546875,38.86540412902832,46.44097900390625,141,93.01580810546875,0.0,46.44097900390625,141
2025-07-17T20:32:42.501615,3,10,"[0, 1, 2, 3, 4, 5, 6, 7]",93.01580810546875,38.86540412902832,46.44097900390625,141,93.01580810546875,0.0,46.44097900390625,141
2025-07-17T20:32:42.509560,4,10,"[0, 1, 2, 3, 4, 5, 6, 7]",93.01580810546875,38.86540412902832,46.44097900390625,141,93.01580810546875,0.0,46.44097900390625,141
2025-07-17T20:32:42.520862,0,11,"[0, 1, 2, 3, 4, 5, 6, 7]",93.01580810546875,38.86540412902832,46.44097900390625,141,93.01580810546875,0.0,46.44097900390625,141
2025-07-17T20:32:42.528094,1,11,"[0, 1, 2, 3, 4, 5, 6, 7]",93.01580810546875,38.86540412902832,46.44097900390625,141,93.01580810546875,0.0,46.44097900390625,141
2025-07-17T20:32:42.535182,2,11,"[0, 1, 2, 3, 4, 5, 6, 7]",93.01580810546875,38.86540412902832,46.44097900390625,141,93.01580810546875,0.0,46.44097900390625,141
2025-07-17T20:32:42.541797,3,11,"[0, 1, 2, 3, 4, 5, 6, 7]",93.01580810546875,38.86540412902832,46.44097900390625,141,93.01580810546875,0.0,46.44097900390625,141
2025-07-17T20:32:42.548459,4,11,"[0, 1, 2, 3, 4, 5, 6, 7]",93.01580810546875,38.86540412902832,46.44097900390625,141,93.01580810546875,0.0,46.44097900390625,141
2025-07-17T20:32:42.555245,0,12,"[0, 1, 2, 3, 4, 5, 6, 7]",93.01580810546875,38.86540412902832,46.44097900390625,141,93.01580810546875,0.0,46.44097900390625,141
2025-07-17T20:32:42.562484,1,12,"[0, 1, 2, 3, 4, 5, 6]",93.01580810546875,38.86540412902832,46.44097900390625,141,93.01580810546875,0.0,46.44097900390625,141
2025-07-17T20:32:42.572478,2,12,"[0, 1, 2, 3, 4, 5, 6, 7]",93.01580810546875,38.86540412902832,46.44097900390625,141,93.01580810546875,0.0,46.44097900390625,141
2025-07-17T20:32:42.579959,3,12,"[0, 1, 2, 3, 4, 5, 6]",93.01580810546875,38.86482238769531,46.44097900390625,141,93.01580810546875,0.0,46.44097900390625,141
2025-07-17T20:32:42.587206,4,12,"[0, 1, 2, 3, 4, 5, 6]",93.01580810546875,38.86482238769531,46.44097900390625,141,93.01580810546875,0.0,46.44097900390625,141
2025-07-17T20:32:42.594016,0,13,"[0, 1, 2, 3, 4, 5, 6, 7]",93.01580810546875,38.86456489562988,46.44097900390625,141,93.01580810546875,0.0,46.44097900390625,141
2025-07-17T20:32:42.600758,1,13,"[0, 1, 2, 3, 5, 7]",93.01580810546875,38.86456489562988,46.44097900390625,141,93.01580810546875,0.0,46.44097900390625,141
2025-07-17T20:32:42.608055,2,13,"[0, 1, 2, 3, 4, 5, 6, 7]",93.01580810546875,38.86540412902832,46.44097900390625,141,93.01580810546875,0.0,46.44097900390625,141
2025-07-17T20:32:42.616396,3,13,"[0, 1, 2, 3, 5, 7]",93.01580810546875,38.86540412902832,46.44097900390625,141,93.01580810546875,0.0,46.44097900390625,141
2025-07-17T20:32:42.623865,4,13,"[0, 1, 2, 3, 5, 7]",93.01580810546875,38.86540412902832,46.44097900390625,141,93.01580810546875,0.0,46.44097900390625,141
2025-07-17T20:32:42.632134,0,14,"[0, 1, 2, 3, 4, 5, 6, 7]",93.01580810546875,38.86482238769531,46.44097900390625,141,93.01580810546875,0.0,46.44097900390625,141
2025-07-17T20:32:42.640053,1,14,"[0, 1, 2, 3, 4, 5, 6]",93.01580810546875,38.86540412902832,46.44097900390625,141,93.01580810546875,0.0,46.44097900390625,141
2025-07-17T20:32:42.648519,2,14,"[0, 1, 2, 3, 4, 5, 6, 7]",93.01580810546875,38.86456489562988,46.44097900390625,141,93.01580810546875,0.0,46.44097900390625,141
2025-07-17T20:32:42.655853,3,14,"[0, 1, 2, 3, 4, 5, 6]",93.01580810546875,38.86456489562988,46.44097900390625,141,93.01580810546875,0.0,46.44097900390625,141
2025-07-17T20:32:42.662964,4,14,"[0, 1, 2, 3, 4, 5, 6]",93.01580810546875,38.86456489562988,46.44097900390625,141,93.01580810546875,0.0,46.44097900390625,141
2025-07-17T20:32:42.670133,0,15,"[0, 1, 2, 3, 4, 5, 6, 7]",93.01580810546875,38.86540412902832,46.44097900390625,141,93.01580810546875,0.0,46.44097900390625,141
2025-07-17T20:32:42.676881,1,15,"[0, 1, 2, 3, 4, 5, 6, 7]",93.01580810546875,38.86540412902832,46.44097900390625,141,93.01580810546875,0.0,46.44097900390625,141
2025-07-17T20:32:42.683278,2,15,"[0, 1, 2, 3, 4, 5, 6, 7]",93.01580810546875,38.86540412902832,46.44097900390625,141,93.01580810546875,0.0,46.44097900390625,141
2025-07-17T20:32:42.692093,3,15,"[0, 1, 2, 3, 4, 5, 6, 7]",93.01580810546875,38.86540412902832,46.44097900390625,141,93.01580810546875,0.0,46.44097900390625,141
2025-07-17T20:32:42.699381,4,15,"[0, 1, 2, 3, 4, 5, 6, 7]",93.01580810546875,38.86540412902832,46.44097900390625,141,93.01580810546875,0.0,46.44097900390625,141
2025-07-17T20:32:42.706559,0,16,"[0, 1, 2, 3, 4, 5, 6, 7]",93.01580810546875,38.86540412902832,46.44097900390625,141,93.01580810546875,0.0,46.44097900390625,141
2025-07-17T20:32:42.713639,1,16,"[0, 2, 3, 4, 5, 6, 7]",93.01580810546875,38.86540412902832,46.44097900390625,141,93.01580810546875,0.0,46.44097900390625,141
2025-07-17T20:32:42.720554,2,16,"[0, 1, 2, 3, 4, 5, 6, 7]",93.01580810546875,38.86540412902832,46.44097900390625,141,93.01580810546875,0.0,46.44097900390625,141
2025-07-17T20:32:42.727593,3,16,"[0, 2, 3, 4, 5, 6, 7]",93.01580810546875,38.86540412902832,46.44097900390625,141,93.01580810546875,0.0,46.44097900390625,141
2025-07-17T20:32:42.734789,4,16,"[0, 2, 3, 4, 5, 6, 7]",93.01580810546875,38.86540412902832,46.44097900390625,141,93.01580810546875,0.0,46.44097900390625,141
2025-07-17T20:32:42.741283,0,17,"[0, 1, 2, 3, 4, 5, 6, 7]",93.01580810546875,38.86540412902832,46.44097900390625,141,93.01580810546875,0.0,46.44097900390625,141
2025-07-17T20:32:42.751317,1,17,"[1, 2, 4, 5, 6, 7]",93.01580810546875,38.86482238769531,46.44097900390625,141,93.01580810546875,0.0,46.44097900390625,141
2025-07-17T20:32:42.759017,2,17,"[0, 1, 2, 3, 4, 5, 6, 7]",93.01580810546875,38.86482238769531,46.44097900390625,141,93.01580810546875,0.0,46.44097900390625,141
2025-07-17T20:32:42.766509,3,17,"[1, 2, 4, 5, 6, 7]",93.01580810546875,38.86482238769531,46.44097900390625,141,93.01580810546875,0.0,46.44097900390625,141
2025-07-17T20:32:42.774167,4,17,"[1, 2, 4, 5, 6, 7]",93.01580810546875,38.86482238769531,46.44097900390625,141,93.01580810546875,0.0,46.44097900390625,141
2025-07-17T20:32:42.781359,0,18,"[0, 1, 2, 3, 4, 5, 6, 7]",93.01580810546875,38.86456489562988,46.44097900390625,141,93.01580810546875,0.0,46.44097900390625,141
2025-07-17T20:32:42.789088,1,18,"[0, 1, 2, 3, 4, 5, 6]",93.01580810546875,38.86540412902832,46.44097900390625,141,93.01580810546875,0.0,46.44097900390625,141
2025-07-17T20:32:42.796411,2,18,"[0, 1, 2, 3, 4, 5, 6, 7]",93.01580810546875,38.86540412902832,46.44097900390625,141,93.01580810546875,0.0,46.44097900390625,141
2025-07-17T20:32:42.803763,3,18,"[0, 1, 2, 3, 4, 5, 6]",93.01580810546875,38.86540412902832,46.44097900390625,141,93.01580810546875,0.0,46.44097900390625,141
2025-07-17T20:32:42.811437,4,18,"[0, 1, 2, 3, 4, 5, 6]",93.01580810546875,38.86540412902832,46.44097900390625,141,93.01580810546875,0.0,46.44097900390625,141
2025-07-17T20:32:42.818340,0,19,"[0, 1, 2, 3, 4, 5, 6, 7]",93.01580810546875,38.86540412902832,46.44097900390625,141,93.01580810546875,0.0,46.44097900390625,141
2025-07-17T20:32:42.826436,1,19,"[0, 2, 3, 4, 5, 6, 7]",93.01580810546875,38.86456489562988,46.44097900390625,141,93.01580810546875,0.0,46.44097900390625,141
2025-07-17T20:32:42.834214,2,19,"[0, 1, 2, 3, 4, 5, 6, 7]",93.01580810546875,38.86456489562988,46.44097900390625,141,93.01580810546875,0.0,46.44097900390625,141
2025-07-17T20:32:42.841189,3,19,"[0, 2, 3, 4, 5, 6, 7]",93.01580810546875,38.86456489562988,46.44097900390625,141,93.01580810546875,0.0,46.44097900390625,141
2025-07-17T20:32:42.849044,4,19,"[0, 2, 3, 4, 5, 6, 7]",93.01580810546875,38.86482238769531,46.44097900390625,141,93.01580810546875,0.0,46.44097900390625,141
2025-07-17T20:32:42.857106,0,20,"[0, 1, 2, 3, 4, 5, 6, 7]",93.01580810546875,38.86482238769531,46.44097900390625,141,93.01580810546875,0.0,46.44097900390625,141
2025-07-17T20:32:42.864036,1,20,"[0, 1, 2, 3, 4, 5, 6, 7]",93.01580810546875,38.86540412902832,46.44097900390625,141,93.01580810546875,0.0,46.44097900390625,141
2025-07-17T20:32:42.871366,2,20,"[0, 1, 2, 3, 4, 5, 6, 7]",93.01580810546875,38.86540412902832,46.44097900390625,141,93.01580810546875,0.0,46.44097900390625,141
2025-07-17T20:32:42.878324,3,20,"[0, 1, 2, 3, 4, 5, 6, 7]",93.01580810546875,38.86540412902832,46.44097900390625,141,93.01580810546875,0.0,46.44097900390625,141
2025-07-17T20:32:42.885409,4,20,"[0, 1, 2, 3, 4, 5, 6, 7]",93.01580810546875,38.86540412902832,46.44097900390625,141,93.01580810546875,0.0,46.44097900390625,141
2025-07-17T20:32:42.893957,0,21,"[0, 1, 2, 3, 4, 5, 6, 7]",93.01580810546875,38.86540412902832,46.44097900390625,141,93.01580810546875,0.0,46.44097900390625,141
2025-07-17T20:32:42.901040,1,21,"[0, 1, 2, 3, 4, 5, 6, 7]",93.01580810546875,38.86540412902832,46.44097900390625,141,93.01580810546875,0.0,46.44097900390625,141
2025-07-17T20:32:42.908237,2,21,"[0, 1, 2, 3, 4, 5, 6, 7]",93.01580810546875,38.86540412902832,46.44097900390625,141,93.01580810546875,0.0,46.44097900390625,141
2025-07-17T20:32:42.915352,3,21,"[0, 1, 2, 3, 4, 5, 6, 7]",93.01580810546875,38.86540412902832,46.44097900390625,141,93.01580810546875,0.0,46.44097900390625,141
2025-07-17T20:32:42.922743,4,21,"[0, 1, 2, 3, 4, 5, 6, 7]",93.01580810546875,38.86540412902832,46.44097900390625,141,93.01580810546875,0.0,46.44097900390625,141
2025-07-17T20:32:42.930681,0,22,"[0, 1, 2, 3, 4, 5, 6, 7]",93.01580810546875,38.86540412902832,46.44097900390625,141,93.01580810546875,0.0,46.44097900390625,141
2025-07-17T20:32:42.940685,1,22,"[0, 1, 2, 3, 4, 5, 6, 7]",93.01580810546875,38.86482238769531,46.44097900390625,141,93.01580810546875,0.0,46.44097900390625,141
2025-07-17T20:32:42.948055,2,22,"[0, 1, 2, 3, 4, 5, 6, 7]",93.01580810546875,38.86540412902832,46.44097900390625,141,93.01580810546875,0.0,46.44097900390625,141
2025-07-17T20:32:42.955096,3,22,"[0, 1, 2, 3, 4, 5, 6, 7]",93.01580810546875,38.86540412902832,46.44097900390625,141,93.01580810546875,0.0,46.44097900390625,141
2025-07-17T20:32:42.962575,4,22,"[0, 1, 2, 3, 4, 5, 6, 7]",93.01580810546875,38.86456489562988,46.44097900390625,141,93.01580810546875,0.0,46.44097900390625,141
2025-07-17T20:32:42.970386,0,23,"[0, 1, 2, 3, 4, 5, 6, 7]",93.01580810546875,38.86456489562988,46.44097900390625,141,93.01580810546875,0.0,46.44097900390625,141
2025-07-17T20:32:42.977187,1,23,"[0, 2, 3, 4, 5, 7]",93.01580810546875,38.86540412902832,46.44097900390625,141,93.01580810546875,0.0,46.44097900390625,141
2025-07-17T20:32:42.984830,2,23,"[0, 1, 2, 3, 4, 5, 6, 7]",93.01580810546875,38.86540412902832,46.44097900390625,141,93.01580810546875,0.0,46.44097900390625,141
2025-07-17T20:32:42.992179,3,23,"[0, 2, 3, 4, 5, 7]",93.01580810546875,38.86540412902832,46.44097900390625,141,93.01580810546875,0.0,46.44097900390625,141
2025-07-17T20:32:42.999121,4,23,"[0, 2, 3, 4, 5, 7]",93.01580810546875,38.86540412902832,46.44097900390625,141,93.01580810546875,0.0,46.44097900390625,141
2025-07-17T20:32:43.006266,0,24,"[0, 1, 2, 3, 4, 5, 6, 7]",93.01580810546875,38.86540412902832,46.44097900390625,141,93.01580810546875,0.0,46.44097900390625,141
2025-07-17T20:32:43.013023,1,24,"[0, 1, 2, 3, 4, 5, 6, 7]",93.01580810546875,38.86540412902832,46.44097900390625,141,93.01580810546875,0.0,46.44097900390625,141
2025-07-17T20:32:43.022306,2,24,"[0, 1, 2, 3, 4, 5, 6, 7]",93.01580810546875,38.86482238769531,46.44097900390625,141,93.01580810546875,0.0,46.44097900390625,141
2025-07-17T20:32:43.030085,3,24,"[0, 1, 2, 3, 4, 5, 6, 7]",93.01580810546875,38.86482238769531,46.44097900390625,141,93.01580810546875,0.0,46.44097900390625,141
2025-07-17T20:32:43.037137,4,24,"[0, 1, 2, 3, 4, 5, 6, 7]",93.01580810546875,38.86482238769531,46.44097900390625,141,93.01580810546875,0.0,46.44097900390625,141
2025-07-17T20:32:43.044207,0,25,"[0, 1, 2, 3, 4, 5, 6, 7]",93.01580810546875,38.86482238769531,46.44097900390625,141,93.01580810546875,0.0,46.44097900390625,141
2025-07-17T20:32:43.052527,1,25,"[0, 1, 2, 3, 5, 6, 7]",93.01580810546875,38.86456489562988,46.44097900390625,141,93.01580810546875,0.0,46.44097900390625,141
2025-07-17T20:32:43.060000,2,25,"[0, 1, 2, 3, 4, 5, 6, 7]",93.01580810546875,38.86540412902832,46.44097900390625,141,93.01580810546875,0.0,46.44097900390625,141
2025-07-17T20:32:43.067498,3,25,"[0, 1, 2, 3, 5, 6, 7]",93.01580810546875,38.86540412902832,46.44097900390625,141,93.01580810546875,0.0,46.44097900390625,141
2025-07-17T20:32:43.074399,4,25,"[0, 1, 2, 3, 5, 6, 7]",93.01580810546875,38.86540412902832,46.44097900390625,141,93.01580810546875,0.0,46.44097900390625,141
2025-07-17T20:32:43.082228,0,26,"[0, 1, 2, 3, 4, 5, 6, 7]",93.01580810546875,38.86482238769531,46.44097900390625,141,93.01580810546875,0.0,46.44097900390625,141
2025-07-17T20:32:43.089440,1,26,"[0, 1, 2, 3, 4, 5, 6, 7]",93.01580810546875,38.86482238769531,46.44097900390625,141,93.01580810546875,0.0,46.44097900390625,141
2025-07-17T20:32:43.096762,2,26,"[0, 1, 2, 3, 4, 5, 6, 7]",93.01580810546875,38.86456489562988,46.44097900390625,141,93.01580810546875,0.0,46.44097900390625,141
2025-07-17T20:32:43.105175,3,26,"[0, 1, 2, 3, 4, 5, 6, 7]",93.01580810546875,38.86456489562988,46.44097900390625,141,93.01580810546875,0.0,46.44097900390625,141
2025-07-17T20:32:43.112375,4,26,"[0, 1, 2, 3, 4, 5, 6, 7]",93.01580810546875,38.86456489562988,46.44097900390625,141,93.01580810546875,0.0,46.44097900390625,141
2025-07-17T20:32:43.120361,0,27,"[0, 1, 2, 3, 4, 5, 6, 7]",93.01580810546875,38.86540412902832,46.44097900390625,141,93.01580810546875,0.0,46.44097900390625,141
2025-07-17T20:32:43.128024,1,27,"[0, 1, 2, 3, 4, 5, 6, 7]",93.01580810546875,38.86540412902832,46.44097900390625,141,93.01580810546875,0.0,46.44097900390625,141
2025-07-17T20:32:43.136283,2,27,"[0, 1, 2, 3, 4, 5, 6, 7]",93.01580810546875,38.86540412902832,46.44097900390625,141,93.01580810546875,0.0,46.44097900390625,141
2025-07-17T20:32:43.143033,3,27,"[0, 1, 2, 3, 4, 5, 6, 7]",93.01580810546875,38.86540412902832,46.44097900390625,141,93.01580810546875,0.0,46.44097900390625,141
2025-07-17T20:32:43.151226,4,27,"[0, 1, 2, 3, 4, 5, 6, 7]",93.01580810546875,38.86540412902832,46.44097900390625,141,93.01580810546875,0.0,46.44097900390625,141
2025-07-17T20:32:43.158248,0,28,"[0, 1, 2, 3, 4, 5, 6, 7]",93.01580810546875,38.86540412902832,46.44097900390625,141,93.01580810546875,0.0,46.44097900390625,141
2025-07-17T20:32:43.165262,1,28,"[0, 1, 2, 3, 4, 5, 6, 7]",93.01580810546875,38.86540412902832,46.44097900390625,141,93.01580810546875,0.0,46.44097900390625,141
2025-07-17T20:32:43.172908,2,28,"[0, 1, 2, 3, 4, 5, 6, 7]",93.01580810546875,38.86540412902832,46.44097900390625,141,93.01580810546875,0.0,46.44097900390625,141
2025-07-17T20:32:43.180536,3,28,"[0, 1, 2, 3, 4, 5, 6, 7]",93.01580810546875,38.86540412902832,46.44097900390625,141,93.01580810546875,0.0,46.44097900390625,141
2025-07-17T20:32:43.183882,4,28,"[0, 1, 2, 3, 4, 5, 6, 7]",93.01580810546875,38.86540412902832,46.44097900390625,141,93.01580810546875,0.0,46.44097900390625,141
2025-07-17T20:32:43.191283,0,29,"[0, 1, 2, 3, 4, 5, 6, 7]",93.01580810546875,38.86540412902832,46.44097900390625,141,93.01580810546875,0.0,46.44097900390625,141
2025-07-17T20:32:43.198945,1,29,"[0, 2, 3, 4, 5, 7]",93.01580810546875,38.86540412902832,46.44097900390625,141,93.01580810546875,0.0,46.44097900390625,141
2025-07-17T20:32:43.206000,2,29,"[0, 1, 2, 3, 4, 5, 6, 7]",93.01580810546875,38.86540412902832,46.44097900390625,141,93.01580810546875,0.0,46.44097900390625,141
2025-07-17T20:32:43.214432,3,29,"[0, 2, 3, 4, 5, 7]",93.01580810546875,38.86540412902832,46.44097900390625,141,93.01580810546875,0.0,46.44097900390625,141
2025-07-17T20:32:43.221998,4,29,"[0, 2, 3, 4, 5, 7]",93.01580810546875,38.86540412902832,46.44097900390625,141,93.01580810546875,0.0,46.44097900390625,141
2025-07-17T20:32:43.228835,0,30,"[0, 1, 2, 3, 4, 5, 6, 7]",93.01580810546875,38.86540412902832,46.44097900390625,141,93.01580810546875,0.0,46.44097900390625,141
2025-07-17T20:32:43.236261,1,30,"[0, 1, 2, 3, 4, 5, 7]",93.01580810546875,38.86540412902832,46.44097900390625,141,93.01580810546875,0.0,46.44097900390625,141
2025-07-17T20:32:43.244038,2,30,"[0, 1, 2, 3, 4, 5, 6, 7]",93.01580810546875,38.86540412902832,46.44097900390625,141,93.01580810546875,0.0,46.44097900390625,141
2025-07-17T20:32:43.251151,3,30,"[0, 1, 2, 3, 4, 5, 7]",93.01580810546875,38.86540412902832,46.44097900390625,141,93.01580810546875,0.0,46.44097900390625,141
2025-07-17T20:32:43.257520,4,30,"[0, 1, 2, 3, 4, 5, 7]",93.01580810546875,38.86540412902832,46.44097900390625,141,93.01580810546875,0.0,46.44097900390625,141
2025-07-17T20:32:43.265315,0,31,"[0, 1, 2, 3, 4, 5, 6, 7]",93.01580810546875,38.87204074859619,46.44097900390625,141,93.01580810546875,0.0,46.44097900390625,141
2025-07-17T20:32:43.272988,1,31,"[0, 1, 2, 3, 4, 5, 6, 7]",93.01580810546875,38.8688325881958,46.44097900390625,141,93.01580810546875,0.0,46.44097900390625,141
2025-07-17T20:32:43.280822,2,31,"[0, 1, 2, 3, 4, 5, 6, 7]",93.01580810546875,38.86562442779541,46.44097900390625,141,93.01580810546875,0.0,46.44097900390625,141
2025-07-17T20:32:43.293433,3,31,"[0, 1, 2, 3, 4, 5, 6, 7]",93.01580810546875,38.86299800872803,46.44097900390625,141,93.01580810546875,0.0,46.44097900390625,141
2025-07-17T20:32:43.296724,4,31,"[0, 1, 2, 3, 4, 5, 6, 7]",93.01580810546875,38.86002254486084,46.44097900390625,141,93.01580810546875,0.0,46.44097900390625,141
