timestamp,batch_id,moe_layer_id,experts_activated,GPU_0_total_mem_capacity,GPU_0_mem_usage,GPU_0_mem_free,GPU_0_experts_can_fit,GPU_1_total_mem_capacity,GPU_1_mem_usage,GPU_1_mem_free,GPU_1_experts_can_fit
2025-07-17T21:00:26.399681,0,0,"[0, 1, 2, 3, 4, 5, 6, 7]",93.01580810546875,40.57720947265625,52.4385986328125,159,93.01580810546875,41.0885009765625,51.92730712890625,158
2025-07-17T21:00:26.643738,0,1,"[0, 1, 2, 3, 4, 5, 6, 7]",93.01580810546875,40.57720947265625,52.4385986328125,159,93.01580810546875,41.0885009765625,51.92730712890625,158
2025-07-17T21:00:26.662437,0,2,"[0, 1, 2, 3, 4, 5, 6, 7]",93.01580810546875,40.57720947265625,52.4385986328125,159,93.01580810546875,41.0885009765625,51.92730712890625,158
2025-07-17T21:00:26.681125,0,3,"[0, 1, 2, 3, 4, 5, 6, 7]",93.01580810546875,40.57720947265625,52.4385986328125,159,93.01580810546875,41.0885009765625,51.92730712890625,158
2025-07-17T21:00:26.693288,0,4,"[0, 1, 2, 3, 4, 5, 6, 7]",93.01580810546875,40.57720947265625,52.4385986328125,159,93.01580810546875,41.0885009765625,51.92730712890625,158
2025-07-17T21:00:26.704797,0,5,"[0, 1, 2, 3, 4, 5, 6, 7]",93.01580810546875,40.57720947265625,52.4385986328125,159,93.01580810546875,41.0885009765625,51.92730712890625,158
2025-07-17T21:00:26.716340,0,6,"[0, 1, 2, 3, 4, 5, 6, 7]",93.01580810546875,40.57720947265625,52.4385986328125,159,93.01580810546875,41.0885009765625,51.92730712890625,158
2025-07-17T21:00:26.727452,0,7,"[0, 1, 2, 3, 4, 5, 6, 7]",93.01580810546875,40.57720947265625,52.4385986328125,159,93.01580810546875,41.0885009765625,51.92730712890625,158
2025-07-17T21:00:26.738800,0,8,"[0, 1, 2, 3, 4, 5, 6, 7]",93.01580810546875,40.57720947265625,52.4385986328125,159,93.01580810546875,41.0885009765625,51.92730712890625,158
2025-07-17T21:00:26.749676,0,9,"[0, 1, 2, 3, 4, 5, 6, 7]",93.01580810546875,40.57720947265625,52.4385986328125,159,93.01580810546875,41.0885009765625,51.92730712890625,158
2025-07-17T21:00:26.767947,0,10,"[0, 1, 2, 3, 4, 5, 6, 7]",93.01580810546875,40.57720947265625,52.4385986328125,159,93.01580810546875,41.0885009765625,51.92730712890625,158
2025-07-17T21:00:26.785226,0,11,"[0, 1, 2, 3, 4, 5, 6, 7]",93.01580810546875,40.57720947265625,52.4385986328125,159,93.01580810546875,41.0885009765625,51.92730712890625,158
2025-07-17T21:00:26.803984,0,12,"[0, 1, 2, 3, 4, 5, 6, 7]",93.01580810546875,40.57720947265625,52.4385986328125,159,93.01580810546875,41.0885009765625,51.92730712890625,158
2025-07-17T21:00:26.822534,0,13,"[0, 1, 2, 3, 4, 5, 6, 7]",93.01580810546875,40.57720947265625,52.4385986328125,159,93.01580810546875,41.0885009765625,51.92730712890625,158
2025-07-17T21:00:26.840408,0,14,"[0, 1, 2, 3, 4, 5, 6, 7]",93.01580810546875,40.57720947265625,52.4385986328125,159,93.01580810546875,41.0885009765625,51.92730712890625,158
2025-07-17T21:00:26.856215,0,15,"[0, 1, 2, 3, 4, 5, 6, 7]",93.01580810546875,40.57720947265625,52.4385986328125,159,93.01580810546875,41.0885009765625,51.92730712890625,158
2025-07-17T21:00:26.871143,0,16,"[0, 1, 2, 3, 4, 5, 6, 7]",93.01580810546875,40.57720947265625,52.4385986328125,159,93.01580810546875,41.0885009765625,51.92730712890625,158
2025-07-17T21:00:26.883183,0,17,"[0, 1, 2, 3, 4, 5, 6, 7]",93.01580810546875,40.57720947265625,52.4385986328125,159,93.01580810546875,41.0885009765625,51.92730712890625,158
2025-07-17T21:00:26.894242,0,18,"[0, 1, 2, 3, 4, 5, 6, 7]",93.01580810546875,40.57720947265625,52.4385986328125,159,93.01580810546875,41.0885009765625,51.92730712890625,158
2025-07-17T21:00:26.905425,0,19,"[0, 1, 2, 3, 4, 5, 6, 7]",93.01580810546875,40.57720947265625,52.4385986328125,159,93.01580810546875,41.0885009765625,51.92730712890625,158
2025-07-17T21:00:26.916319,0,20,"[0, 1, 2, 3, 4, 5, 6, 7]",93.01580810546875,40.57720947265625,52.4385986328125,159,93.01580810546875,41.0885009765625,51.92730712890625,158
2025-07-17T21:00:26.927617,0,21,"[0, 1, 2, 3, 4, 5, 6, 7]",93.01580810546875,40.57720947265625,52.4385986328125,159,93.01580810546875,41.0885009765625,51.92730712890625,158
2025-07-17T21:00:26.945283,0,22,"[0, 1, 2, 3, 4, 5, 6, 7]",93.01580810546875,40.57720947265625,52.4385986328125,159,93.01580810546875,41.0885009765625,51.92730712890625,158
2025-07-17T21:00:26.962878,0,23,"[0, 1, 2, 3, 4, 5, 6, 7]",93.01580810546875,40.57720947265625,52.4385986328125,159,93.01580810546875,41.0885009765625,51.92730712890625,158
2025-07-17T21:00:26.979223,0,24,"[0, 1, 2, 3, 4, 5, 6, 7]",93.01580810546875,40.57720947265625,52.4385986328125,159,93.01580810546875,41.0885009765625,51.92730712890625,158
2025-07-17T21:00:26.995721,0,25,"[0, 1, 2, 3, 4, 5, 6, 7]",93.01580810546875,40.57720947265625,52.4385986328125,159,93.01580810546875,41.0885009765625,51.92730712890625,158
2025-07-17T21:00:27.013763,0,26,"[0, 1, 2, 3, 4, 5, 6, 7]",93.01580810546875,40.57720947265625,52.4385986328125,159,93.01580810546875,41.0885009765625,51.92730712890625,158
2025-07-17T21:00:27.032198,0,27,"[0, 1, 2, 3, 4, 5, 6, 7]",93.01580810546875,40.57720947265625,52.4385986328125,159,93.01580810546875,41.0885009765625,51.92730712890625,158
2025-07-17T21:00:27.048300,0,28,"[0, 1, 2, 3, 4, 5, 6, 7]",93.01580810546875,40.57720947265625,52.4385986328125,159,93.01580810546875,41.0885009765625,51.92730712890625,158
2025-07-17T21:00:27.065170,0,29,"[0, 1, 2, 3, 4, 5, 6, 7]",93.01580810546875,40.57720947265625,52.4385986328125,159,93.01580810546875,41.0885009765625,51.92730712890625,158
2025-07-17T21:00:27.081001,0,30,"[0, 1, 2, 3, 4, 5, 6, 7]",93.01580810546875,40.57720947265625,52.4385986328125,159,93.01580810546875,41.0885009765625,51.92730712890625,158
2025-07-17T21:00:27.097552,0,31,"[0, 1, 2, 3, 4, 5, 6, 7]",93.01580810546875,40.57720947265625,52.4385986328125,159,93.01580810546875,41.0885009765625,51.92730712890625,158
2025-07-17T21:00:27.280768,0,0,"[0, 1, 3, 4, 5, 6, 7]",93.01580810546875,40.58111572265625,52.4346923828125,159,93.01580810546875,41.0924072265625,51.92340087890625,158
2025-07-17T21:00:27.286538,0,1,"[0, 1, 5, 6, 7]",93.01580810546875,40.58111572265625,52.4346923828125,159,93.01580810546875,41.0924072265625,51.92340087890625,158
2025-07-17T21:00:27.294137,0,2,"[0, 4, 5, 6, 7]",93.01580810546875,40.58111572265625,52.4346923828125,159,93.01580810546875,41.0924072265625,51.92340087890625,158
2025-07-17T21:00:27.303048,0,3,"[0, 2, 3, 4, 6, 7]",93.01580810546875,40.58111572265625,52.4346923828125,159,93.01580810546875,41.0924072265625,51.92340087890625,158
2025-07-17T21:00:27.309846,0,4,"[0, 1, 2, 3, 5, 6, 7]",93.01580810546875,40.58111572265625,52.4346923828125,159,93.01580810546875,41.0924072265625,51.92340087890625,158
2025-07-17T21:00:27.318200,0,5,"[0, 2, 3, 4, 5, 6, 7]",93.01580810546875,40.58111572265625,52.4346923828125,159,93.01580810546875,41.0924072265625,51.92340087890625,158
2025-07-17T21:00:27.326540,0,6,"[0, 2, 3, 4, 6]",93.01580810546875,40.58111572265625,52.4346923828125,159,93.01580810546875,41.0924072265625,51.92340087890625,158
2025-07-17T21:00:27.334386,0,7,"[1, 2, 5, 6, 7]",93.01580810546875,40.58111572265625,52.4346923828125,159,93.01580810546875,41.0924072265625,51.92340087890625,158
2025-07-17T21:00:27.342125,0,8,"[0, 2, 3, 5]",93.01580810546875,40.58111572265625,52.4346923828125,159,93.01580810546875,41.0924072265625,51.92340087890625,158
2025-07-17T21:00:27.350282,0,9,"[0, 1, 3, 4, 5, 6, 7]",93.01580810546875,40.58111572265625,52.4346923828125,159,93.01580810546875,41.0924072265625,51.92340087890625,158
2025-07-17T21:00:27.359323,0,10,"[0, 1, 2, 4, 6, 7]",93.01580810546875,40.58111572265625,52.4346923828125,159,93.01580810546875,41.0924072265625,51.92340087890625,158
2025-07-17T21:00:27.366887,0,11,"[0, 1, 3, 4, 7]",93.01580810546875,40.58111572265625,52.4346923828125,159,93.01580810546875,41.0924072265625,51.92340087890625,158
2025-07-17T21:00:27.374401,0,12,"[1, 3, 4, 7]",93.01580810546875,40.58111572265625,52.4346923828125,159,93.01580810546875,41.0924072265625,51.92340087890625,158
2025-07-17T21:00:27.381408,0,13,"[0, 1, 2, 4, 7]",93.01580810546875,40.58111572265625,52.4346923828125,159,93.01580810546875,41.0924072265625,51.92340087890625,158
2025-07-17T21:00:27.388801,0,14,"[0, 1, 2, 4]",93.01580810546875,40.58111572265625,52.4346923828125,159,93.01580810546875,41.0924072265625,51.92340087890625,158
2025-07-17T21:00:27.395777,0,15,"[1, 2, 3, 4, 6]",93.01580810546875,40.58111572265625,52.4346923828125,159,93.01580810546875,41.0924072265625,51.92340087890625,158
2025-07-17T21:00:27.405341,0,16,"[2, 3, 5, 6]",93.01580810546875,40.58111572265625,52.4346923828125,159,93.01580810546875,41.0924072265625,51.92340087890625,158
2025-07-17T21:00:27.411320,0,17,"[2, 3, 4, 5, 7]",93.01580810546875,40.58111572265625,52.4346923828125,159,93.01580810546875,41.0924072265625,51.92340087890625,158
2025-07-17T21:00:27.417904,0,18,"[0, 1, 3, 4, 5, 7]",93.01580810546875,40.58111572265625,52.4346923828125,159,93.01580810546875,41.0924072265625,51.92340087890625,158
2025-07-17T21:00:27.425162,0,19,"[0, 1, 2, 3, 7]",93.01580810546875,40.58111572265625,52.4346923828125,159,93.01580810546875,41.0924072265625,51.92340087890625,158
2025-07-17T21:00:27.433340,0,20,"[0, 4, 5, 6]",93.01580810546875,40.58111572265625,52.4346923828125,159,93.01580810546875,41.0924072265625,51.92340087890625,158
2025-07-17T21:00:27.440989,0,21,"[0, 1, 3, 4, 6, 7]",93.01580810546875,40.58111572265625,52.4346923828125,159,93.01580810546875,41.0924072265625,51.92340087890625,158
2025-07-17T21:00:27.448588,0,22,"[1, 2, 3, 4, 5, 7]",93.01580810546875,40.58111572265625,52.4346923828125,159,93.01580810546875,41.0924072265625,51.92340087890625,158
2025-07-17T21:00:27.456984,0,23,"[0, 1, 4, 5, 6, 7]",93.01580810546875,40.58111572265625,52.4346923828125,159,93.01580810546875,41.0924072265625,51.92340087890625,158
2025-07-17T21:00:27.464952,0,24,"[1, 3, 4, 5]",93.01580810546875,40.58111572265625,52.4346923828125,159,93.01580810546875,41.0924072265625,51.92340087890625,158
2025-07-17T21:00:27.472663,0,25,"[0, 2, 3, 4, 5, 6, 7]",93.01580810546875,40.58111572265625,52.4346923828125,159,93.01580810546875,41.0924072265625,51.92340087890625,158
2025-07-17T21:00:27.480808,0,26,"[0, 1, 2, 3, 4, 5, 6, 7]",93.01580810546875,40.58111572265625,52.4346923828125,159,93.01580810546875,41.0924072265625,51.92340087890625,158
2025-07-17T21:00:27.489558,0,27,"[1, 2, 3, 4, 6, 7]",93.01580810546875,40.58111572265625,52.4346923828125,159,93.01580810546875,41.0924072265625,51.92340087890625,158
2025-07-17T21:00:27.497974,0,28,"[1, 2, 4, 5, 6]",93.01580810546875,40.58111572265625,52.4346923828125,159,93.01580810546875,41.0924072265625,51.92340087890625,158
2025-07-17T21:00:27.508532,0,29,"[1, 2, 3, 4, 6, 7]",93.01580810546875,40.58111572265625,52.4346923828125,159,93.01580810546875,41.0924072265625,51.92340087890625,158
2025-07-17T21:00:27.515734,0,30,"[0, 1, 4, 5, 7]",93.01580810546875,40.58111572265625,52.4346923828125,159,93.01580810546875,41.0924072265625,51.92340087890625,158
2025-07-17T21:00:27.524275,0,31,"[1, 2, 3, 4, 6, 7]",93.01580810546875,40.58111572265625,52.4346923828125,159,93.01580810546875,41.0924072265625,51.92340087890625,158
2025-07-17T21:00:28.139272,0,0,"[0, 1, 2, 3, 4, 5, 6, 7]",93.01580810546875,44.72760009765625,48.2882080078125,147,93.01580810546875,45.2388916015625,47.77691650390625,145
2025-07-17T21:00:28.404967,1,0,"[0, 1, 2, 3, 4, 5, 6, 7]",93.01580810546875,45.25689697265625,47.7589111328125,145,93.01580810546875,45.7681884765625,47.24761962890625,143
2025-07-17T21:00:28.667807,2,0,"[0, 1, 2, 3, 4, 5, 6, 7]",93.01580810546875,45.25689697265625,47.7589111328125,145,93.01580810546875,45.7701416015625,47.24566650390625,143
2025-07-17T21:00:28.929775,3,0,"[0, 1, 2, 3, 4, 5, 6, 7]",93.01580810546875,45.78619384765625,47.2296142578125,143,93.01580810546875,46.2994384765625,46.71636962890625,142
2025-07-17T21:00:29.192251,4,0,"[0, 1, 2, 3, 4, 5, 6, 7]",93.01580810546875,45.78619384765625,47.2296142578125,143,93.01580810546875,46.3013916015625,46.71441650390625,142
2025-07-17T21:00:29.471433,0,1,"[0, 1, 2, 3, 4, 5, 6, 7]",93.01580810546875,46.05181884765625,46.9639892578125,143,93.01580810546875,46.5670166015625,46.44879150390625,141
2025-07-17T21:00:29.552383,1,1,"[0, 1, 2, 3, 4, 5, 6, 7]",93.01580810546875,46.05181884765625,46.9639892578125,143,93.01580810546875,46.5670166015625,46.44879150390625,141
2025-07-17T21:00:29.635285,2,1,"[0, 1, 2, 3, 4, 5, 6, 7]",93.01580810546875,46.05181884765625,46.9639892578125,143,93.01580810546875,46.5670166015625,46.44879150390625,141
2025-07-17T21:00:29.716360,3,1,"[0, 1, 2, 3, 4, 5, 6, 7]",93.01580810546875,46.05181884765625,46.9639892578125,143,93.01580810546875,46.5670166015625,46.44879150390625,141
2025-07-17T21:00:29.799288,4,1,"[0, 1, 2, 3, 4, 5, 6, 7]",93.01580810546875,46.05181884765625,46.9639892578125,143,93.01580810546875,46.5670166015625,46.44879150390625,141
2025-07-17T21:00:29.882637,0,2,"[0, 1, 2, 3, 4, 5, 6, 7]",93.01580810546875,46.05181884765625,46.9639892578125,143,93.01580810546875,46.5670166015625,46.44879150390625,141
2025-07-17T21:00:29.966844,1,2,"[0, 1, 2, 3, 4, 5, 6, 7]",93.01580810546875,46.05181884765625,46.9639892578125,143,93.01580810546875,46.5670166015625,46.44879150390625,141
2025-07-17T21:00:30.050771,2,2,"[0, 1, 2, 3, 4, 5, 6, 7]",93.01580810546875,46.05181884765625,46.9639892578125,143,93.01580810546875,46.5670166015625,46.44879150390625,141
2025-07-17T21:00:30.131540,3,2,"[0, 1, 2, 3, 4, 5, 6, 7]",93.01580810546875,46.05181884765625,46.9639892578125,143,93.01580810546875,46.5670166015625,46.44879150390625,141
2025-07-17T21:00:30.215001,4,2,"[0, 1, 2, 3, 4, 5, 6, 7]",93.01580810546875,46.05181884765625,46.9639892578125,143,93.01580810546875,46.5670166015625,46.44879150390625,141
2025-07-17T21:00:30.301300,0,3,"[0, 1, 2, 3, 4, 5, 6, 7]",93.01580810546875,46.05181884765625,46.9639892578125,143,93.01580810546875,46.5670166015625,46.44879150390625,141
2025-07-17T21:00:30.395793,1,3,"[0, 1, 2, 3, 4, 5, 6, 7]",93.01580810546875,46.05181884765625,46.9639892578125,143,93.01580810546875,46.5670166015625,46.44879150390625,141
2025-07-17T21:00:30.489949,2,3,"[0, 1, 2, 3, 4, 5, 6, 7]",93.01580810546875,46.05181884765625,46.9639892578125,143,93.01580810546875,46.5670166015625,46.44879150390625,141
2025-07-17T21:00:30.581825,3,3,"[0, 1, 2, 3, 4, 5, 6, 7]",93.01580810546875,46.05181884765625,46.9639892578125,143,93.01580810546875,46.5670166015625,46.44879150390625,141
2025-07-17T21:00:30.669820,4,3,"[0, 1, 2, 3, 4, 5, 6, 7]",93.01580810546875,46.05181884765625,46.9639892578125,143,93.01580810546875,46.5670166015625,46.44879150390625,141
2025-07-17T21:00:30.756642,0,4,"[0, 1, 2, 3, 4, 5, 6, 7]",93.01580810546875,46.05181884765625,46.9639892578125,143,93.01580810546875,46.5670166015625,46.44879150390625,141
2025-07-17T21:00:30.839871,1,4,"[0, 1, 2, 3, 4, 5, 6, 7]",93.01580810546875,46.05181884765625,46.9639892578125,143,93.01580810546875,46.5670166015625,46.44879150390625,141
2025-07-17T21:00:30.923626,2,4,"[0, 1, 2, 3, 4, 5, 6, 7]",93.01580810546875,46.05181884765625,46.9639892578125,143,93.01580810546875,46.5670166015625,46.44879150390625,141
2025-07-17T21:00:31.006618,3,4,"[0, 1, 2, 3, 4, 5, 6, 7]",93.01580810546875,46.05181884765625,46.9639892578125,143,93.01580810546875,46.5670166015625,46.44879150390625,141
2025-07-17T21:00:31.091045,4,4,"[0, 1, 2, 3, 4, 5, 6, 7]",93.01580810546875,46.05181884765625,46.9639892578125,143,93.01580810546875,46.5670166015625,46.44879150390625,141
2025-07-17T21:00:31.174394,0,5,"[0, 1, 2, 3, 4, 5, 6, 7]",93.01580810546875,46.05181884765625,46.9639892578125,143,93.01580810546875,46.5670166015625,46.44879150390625,141
2025-07-17T21:00:31.261438,1,5,"[0, 1, 2, 3, 4, 5, 6, 7]",93.01580810546875,46.05181884765625,46.9639892578125,143,93.01580810546875,46.5670166015625,46.44879150390625,141
2025-07-17T21:00:31.350271,2,5,"[0, 1, 2, 3, 4, 5, 6, 7]",93.01580810546875,46.05181884765625,46.9639892578125,143,93.01580810546875,46.5670166015625,46.44879150390625,141
2025-07-17T21:00:31.439258,3,5,"[0, 1, 2, 3, 4, 5, 6, 7]",93.01580810546875,46.05181884765625,46.9639892578125,143,93.01580810546875,46.5670166015625,46.44879150390625,141
2025-07-17T21:00:31.530135,4,5,"[0, 1, 2, 3, 4, 5, 6, 7]",93.01580810546875,46.05181884765625,46.9639892578125,143,93.01580810546875,46.5670166015625,46.44879150390625,141
2025-07-17T21:00:31.620804,0,6,"[0, 1, 2, 3, 4, 5, 6, 7]",93.01580810546875,46.05181884765625,46.9639892578125,143,93.01580810546875,46.5670166015625,46.44879150390625,141
2025-07-17T21:00:31.706927,1,6,"[0, 1, 2, 3, 4, 5, 6, 7]",93.01580810546875,46.05181884765625,46.9639892578125,143,93.01580810546875,46.5670166015625,46.44879150390625,141
2025-07-17T21:00:31.793987,2,6,"[0, 1, 2, 3, 4, 5, 6, 7]",93.01580810546875,46.05181884765625,46.9639892578125,143,93.01580810546875,46.5670166015625,46.44879150390625,141
2025-07-17T21:00:31.878024,3,6,"[0, 1, 2, 3, 4, 5, 6, 7]",93.01580810546875,46.05181884765625,46.9639892578125,143,93.01580810546875,46.5670166015625,46.44879150390625,141
2025-07-17T21:00:31.962942,4,6,"[0, 1, 2, 3, 4, 5, 6, 7]",93.01580810546875,46.05181884765625,46.9639892578125,143,93.01580810546875,46.5670166015625,46.44879150390625,141
2025-07-17T21:00:32.046152,0,7,"[0, 1, 2, 3, 4, 5, 6, 7]",93.01580810546875,46.05181884765625,46.9639892578125,143,93.01580810546875,46.5670166015625,46.44879150390625,141
2025-07-17T21:00:32.131337,1,7,"[0, 1, 2, 3, 4, 5, 6, 7]",93.01580810546875,46.05181884765625,46.9639892578125,143,93.01580810546875,46.5670166015625,46.44879150390625,141
2025-07-17T21:00:32.216061,2,7,"[0, 1, 2, 3, 4, 5, 6, 7]",93.01580810546875,46.05181884765625,46.9639892578125,143,93.01580810546875,46.5670166015625,46.44879150390625,141
2025-07-17T21:00:32.301897,3,7,"[0, 1, 2, 3, 4, 5, 6, 7]",93.01580810546875,46.05181884765625,46.9639892578125,143,93.01580810546875,46.5670166015625,46.44879150390625,141
2025-07-17T21:00:32.390797,4,7,"[0, 1, 2, 3, 4, 5, 6, 7]",93.01580810546875,46.05181884765625,46.9639892578125,143,93.01580810546875,46.5670166015625,46.44879150390625,141
2025-07-17T21:00:32.480611,0,8,"[0, 1, 2, 3, 4, 5, 6, 7]",93.01580810546875,46.05181884765625,46.9639892578125,143,93.01580810546875,46.5670166015625,46.44879150390625,141
2025-07-17T21:00:32.571240,1,8,"[0, 1, 2, 3, 4, 5, 6, 7]",93.01580810546875,46.05181884765625,46.9639892578125,143,93.01580810546875,46.5670166015625,46.44879150390625,141
2025-07-17T21:00:32.659072,2,8,"[0, 1, 2, 3, 4, 5, 6, 7]",93.01580810546875,46.05181884765625,46.9639892578125,143,93.01580810546875,46.5670166015625,46.44879150390625,141
2025-07-17T21:00:32.743015,3,8,"[0, 1, 2, 3, 4, 5, 6, 7]",93.01580810546875,46.05181884765625,46.9639892578125,143,93.01580810546875,46.5670166015625,46.44879150390625,141
2025-07-17T21:00:32.829432,4,8,"[0, 1, 2, 3, 4, 5, 6, 7]",93.01580810546875,46.05181884765625,46.9639892578125,143,93.01580810546875,46.5670166015625,46.44879150390625,141
2025-07-17T21:00:32.915221,0,9,"[0, 1, 2, 3, 4, 5, 6, 7]",93.01580810546875,46.05181884765625,46.9639892578125,143,93.01580810546875,46.5670166015625,46.44879150390625,141
2025-07-17T21:00:33.000336,1,9,"[0, 1, 2, 3, 4, 5, 6, 7]",93.01580810546875,46.05181884765625,46.9639892578125,143,93.01580810546875,46.5670166015625,46.44879150390625,141
2025-07-17T21:00:33.084648,2,9,"[0, 1, 2, 3, 4, 5, 6, 7]",93.01580810546875,46.05181884765625,46.9639892578125,143,93.01580810546875,46.5670166015625,46.44879150390625,141
2025-07-17T21:00:33.169081,3,9,"[0, 1, 2, 3, 4, 5, 6, 7]",93.01580810546875,46.05181884765625,46.9639892578125,143,93.01580810546875,46.5670166015625,46.44879150390625,141
2025-07-17T21:00:33.256166,4,9,"[0, 1, 2, 3, 4, 5, 6, 7]",93.01580810546875,46.05181884765625,46.9639892578125,143,93.01580810546875,46.5670166015625,46.44879150390625,141
2025-07-17T21:00:33.342185,0,10,"[0, 1, 2, 3, 4, 5, 6, 7]",93.01580810546875,46.05181884765625,46.9639892578125,143,93.01580810546875,46.5670166015625,46.44879150390625,141
2025-07-17T21:00:33.431981,1,10,"[0, 1, 2, 3, 4, 5, 6, 7]",93.01580810546875,46.05181884765625,46.9639892578125,143,93.01580810546875,46.5670166015625,46.44879150390625,141
2025-07-17T21:00:33.521269,2,10,"[0, 1, 2, 3, 4, 5, 6, 7]",93.01580810546875,46.05181884765625,46.9639892578125,143,93.01580810546875,46.5670166015625,46.44879150390625,141
2025-07-17T21:00:33.608310,3,10,"[0, 1, 2, 3, 4, 5, 6, 7]",93.01580810546875,46.05181884765625,46.9639892578125,143,93.01580810546875,46.5670166015625,46.44879150390625,141
2025-07-17T21:00:33.695768,4,10,"[0, 1, 2, 3, 4, 5, 6, 7]",93.01580810546875,46.05181884765625,46.9639892578125,143,93.01580810546875,46.5670166015625,46.44879150390625,141
2025-07-17T21:00:33.782877,0,11,"[0, 1, 2, 3, 4, 5, 6, 7]",93.01580810546875,46.05181884765625,46.9639892578125,143,93.01580810546875,46.5670166015625,46.44879150390625,141
2025-07-17T21:00:33.869618,1,11,"[0, 1, 2, 3, 4, 5, 6, 7]",93.01580810546875,46.05181884765625,46.9639892578125,143,93.01580810546875,46.5670166015625,46.44879150390625,141
2025-07-17T21:00:33.955660,2,11,"[0, 1, 2, 3, 4, 5, 6, 7]",93.01580810546875,46.05181884765625,46.9639892578125,143,93.01580810546875,46.5670166015625,46.44879150390625,141
2025-07-17T21:00:34.038065,3,11,"[0, 1, 2, 3, 4, 5, 6, 7]",93.01580810546875,46.05181884765625,46.9639892578125,143,93.01580810546875,46.5670166015625,46.44879150390625,141
2025-07-17T21:00:34.121506,4,11,"[0, 1, 2, 3, 4, 5, 6, 7]",93.01580810546875,46.05181884765625,46.9639892578125,143,93.01580810546875,46.5670166015625,46.44879150390625,141
2025-07-17T21:00:34.207540,0,12,"[0, 1, 2, 3, 4, 5, 6, 7]",93.01580810546875,46.05181884765625,46.9639892578125,143,93.01580810546875,46.5670166015625,46.44879150390625,141
2025-07-17T21:00:34.294976,1,12,"[0, 1, 2, 3, 4, 5, 6, 7]",93.01580810546875,46.05181884765625,46.9639892578125,143,93.01580810546875,46.5670166015625,46.44879150390625,141
2025-07-17T21:00:34.382796,2,12,"[0, 1, 2, 3, 4, 5, 6, 7]",93.01580810546875,46.05181884765625,46.9639892578125,143,93.01580810546875,46.5670166015625,46.44879150390625,141
2025-07-17T21:00:34.470664,3,12,"[0, 1, 2, 3, 4, 5, 6, 7]",93.01580810546875,46.05181884765625,46.9639892578125,143,93.01580810546875,46.5670166015625,46.44879150390625,141
2025-07-17T21:00:34.558962,4,12,"[0, 1, 2, 3, 4, 5, 6, 7]",93.01580810546875,46.05181884765625,46.9639892578125,143,93.01580810546875,46.5670166015625,46.44879150390625,141
2025-07-17T21:00:34.643863,0,13,"[0, 1, 2, 3, 4, 5, 6, 7]",93.01580810546875,46.05181884765625,46.9639892578125,143,93.01580810546875,46.5670166015625,46.44879150390625,141
2025-07-17T21:00:34.732177,1,13,"[0, 1, 2, 3, 4, 5, 6, 7]",93.01580810546875,46.05181884765625,46.9639892578125,143,93.01580810546875,46.5670166015625,46.44879150390625,141
2025-07-17T21:00:34.819670,2,13,"[0, 1, 2, 3, 4, 5, 6, 7]",93.01580810546875,46.05181884765625,46.9639892578125,143,93.01580810546875,46.5670166015625,46.44879150390625,141
2025-07-17T21:00:34.904568,3,13,"[0, 1, 2, 3, 4, 5, 6, 7]",93.01580810546875,46.05181884765625,46.9639892578125,143,93.01580810546875,46.5670166015625,46.44879150390625,141
2025-07-17T21:00:34.991422,4,13,"[0, 1, 2, 3, 4, 5, 6, 7]",93.01580810546875,46.05181884765625,46.9639892578125,143,93.01580810546875,46.5670166015625,46.44879150390625,141
2025-07-17T21:00:35.076200,0,14,"[0, 1, 2, 3, 4, 5, 6, 7]",93.01580810546875,46.05181884765625,46.9639892578125,143,93.01580810546875,46.5670166015625,46.44879150390625,141
2025-07-17T21:00:35.162353,1,14,"[0, 1, 2, 3, 4, 5, 6, 7]",93.01580810546875,46.05181884765625,46.9639892578125,143,93.01580810546875,46.5670166015625,46.44879150390625,141
2025-07-17T21:00:35.248548,2,14,"[0, 1, 2, 3, 4, 5, 6, 7]",93.01580810546875,46.05181884765625,46.9639892578125,143,93.01580810546875,46.5670166015625,46.44879150390625,141
2025-07-17T21:00:35.333980,3,14,"[0, 1, 2, 3, 4, 5, 6, 7]",93.01580810546875,46.05181884765625,46.9639892578125,143,93.01580810546875,46.5670166015625,46.44879150390625,141
2025-07-17T21:00:35.423219,4,14,"[0, 1, 2, 3, 4, 5, 6, 7]",93.01580810546875,46.05181884765625,46.9639892578125,143,93.01580810546875,46.5670166015625,46.44879150390625,141
2025-07-17T21:00:35.511197,0,15,"[0, 1, 2, 3, 4, 5, 6, 7]",93.01580810546875,46.05181884765625,46.9639892578125,143,93.01580810546875,46.5670166015625,46.44879150390625,141
2025-07-17T21:00:35.597764,1,15,"[0, 1, 2, 3, 4, 5, 6, 7]",93.01580810546875,46.05181884765625,46.9639892578125,143,93.01580810546875,46.5670166015625,46.44879150390625,141
2025-07-17T21:00:35.684115,2,15,"[0, 1, 2, 3, 4, 5, 6, 7]",93.01580810546875,46.05181884765625,46.9639892578125,143,93.01580810546875,46.5670166015625,46.44879150390625,141
2025-07-17T21:00:35.770192,3,15,"[0, 1, 2, 3, 4, 5, 6, 7]",93.01580810546875,46.05181884765625,46.9639892578125,143,93.01580810546875,46.5670166015625,46.44879150390625,141
2025-07-17T21:00:35.857030,4,15,"[0, 1, 2, 3, 4, 5, 6, 7]",93.01580810546875,46.05181884765625,46.9639892578125,143,93.01580810546875,46.5670166015625,46.44879150390625,141
2025-07-17T21:00:35.942275,0,16,"[0, 1, 2, 3, 4, 5, 6, 7]",93.01580810546875,46.05181884765625,46.9639892578125,143,93.01580810546875,46.5670166015625,46.44879150390625,141
2025-07-17T21:00:36.028592,1,16,"[0, 1, 2, 3, 4, 5, 6, 7]",93.01580810546875,46.05181884765625,46.9639892578125,143,93.01580810546875,46.5670166015625,46.44879150390625,141
2025-07-17T21:00:36.115651,2,16,"[0, 1, 2, 3, 4, 5, 6, 7]",93.01580810546875,46.05181884765625,46.9639892578125,143,93.01580810546875,46.5670166015625,46.44879150390625,141
2025-07-17T21:00:36.200799,3,16,"[0, 1, 2, 3, 4, 5, 6, 7]",93.01580810546875,46.05181884765625,46.9639892578125,143,93.01580810546875,46.5670166015625,46.44879150390625,141
2025-07-17T21:00:36.288061,4,16,"[0, 1, 2, 3, 4, 5, 6, 7]",93.01580810546875,46.05181884765625,46.9639892578125,143,93.01580810546875,46.5670166015625,46.44879150390625,141
2025-07-17T21:00:36.376271,0,17,"[0, 1, 2, 3, 4, 5, 6, 7]",93.01580810546875,46.05181884765625,46.9639892578125,143,93.01580810546875,46.5670166015625,46.44879150390625,141
2025-07-17T21:00:36.464194,1,17,"[0, 1, 2, 3, 4, 5, 6, 7]",93.01580810546875,46.05181884765625,46.9639892578125,143,93.01580810546875,46.5670166015625,46.44879150390625,141
2025-07-17T21:00:36.551582,2,17,"[0, 1, 2, 3, 4, 5, 6, 7]",93.01580810546875,46.05181884765625,46.9639892578125,143,93.01580810546875,46.5670166015625,46.44879150390625,141
2025-07-17T21:00:36.635224,3,17,"[0, 1, 2, 3, 4, 5, 6, 7]",93.01580810546875,46.05181884765625,46.9639892578125,143,93.01580810546875,46.5670166015625,46.44879150390625,141
2025-07-17T21:00:36.722345,4,17,"[0, 1, 2, 3, 4, 5, 6, 7]",93.01580810546875,46.05181884765625,46.9639892578125,143,93.01580810546875,46.5670166015625,46.44879150390625,141
2025-07-17T21:00:36.808448,0,18,"[0, 1, 2, 3, 4, 5, 6, 7]",93.01580810546875,46.05181884765625,46.9639892578125,143,93.01580810546875,46.5670166015625,46.44879150390625,141
2025-07-17T21:00:36.895842,1,18,"[0, 1, 2, 3, 4, 5, 6, 7]",93.01580810546875,46.05181884765625,46.9639892578125,143,93.01580810546875,46.5670166015625,46.44879150390625,141
2025-07-17T21:00:36.982727,2,18,"[0, 1, 2, 3, 4, 5, 6, 7]",93.01580810546875,46.05181884765625,46.9639892578125,143,93.01580810546875,46.5670166015625,46.44879150390625,141
2025-07-17T21:00:37.067275,3,18,"[0, 1, 2, 3, 4, 5, 6, 7]",93.01580810546875,46.05181884765625,46.9639892578125,143,93.01580810546875,46.5670166015625,46.44879150390625,141
2025-07-17T21:00:37.154374,4,18,"[0, 1, 2, 3, 4, 5, 6, 7]",93.01580810546875,46.05181884765625,46.9639892578125,143,93.01580810546875,46.5670166015625,46.44879150390625,141
2025-07-17T21:00:37.241553,0,19,"[0, 1, 2, 3, 4, 5, 6, 7]",93.01580810546875,46.05181884765625,46.9639892578125,143,93.01580810546875,46.5670166015625,46.44879150390625,141
2025-07-17T21:00:37.329545,1,19,"[0, 1, 2, 3, 4, 5, 6, 7]",93.01580810546875,46.05181884765625,46.9639892578125,143,93.01580810546875,46.5670166015625,46.44879150390625,141
2025-07-17T21:00:37.417919,2,19,"[0, 1, 2, 3, 4, 5, 6, 7]",93.01580810546875,46.05181884765625,46.9639892578125,143,93.01580810546875,46.5670166015625,46.44879150390625,141
2025-07-17T21:00:37.504061,3,19,"[0, 1, 2, 3, 4, 5, 6, 7]",93.01580810546875,46.05181884765625,46.9639892578125,143,93.01580810546875,46.5670166015625,46.44879150390625,141
2025-07-17T21:00:37.590517,4,19,"[0, 1, 2, 3, 4, 5, 6, 7]",93.01580810546875,46.05181884765625,46.9639892578125,143,93.01580810546875,46.5670166015625,46.44879150390625,141
2025-07-17T21:00:37.678060,0,20,"[0, 1, 2, 3, 4, 5, 6, 7]",93.01580810546875,46.05181884765625,46.9639892578125,143,93.01580810546875,46.5670166015625,46.44879150390625,141
2025-07-17T21:00:37.765078,1,20,"[0, 1, 2, 3, 4, 5, 6, 7]",93.01580810546875,46.05181884765625,46.9639892578125,143,93.01580810546875,46.5670166015625,46.44879150390625,141
2025-07-17T21:00:37.851382,2,20,"[0, 1, 2, 3, 4, 5, 6, 7]",93.01580810546875,46.05181884765625,46.9639892578125,143,93.01580810546875,46.5670166015625,46.44879150390625,141
2025-07-17T21:00:37.936602,3,20,"[0, 1, 2, 3, 4, 5, 6, 7]",93.01580810546875,46.05181884765625,46.9639892578125,143,93.01580810546875,46.5670166015625,46.44879150390625,141
2025-07-17T21:00:38.023693,4,20,"[0, 1, 2, 3, 4, 5, 6, 7]",93.01580810546875,46.05181884765625,46.9639892578125,143,93.01580810546875,46.5670166015625,46.44879150390625,141
2025-07-17T21:00:38.110414,0,21,"[0, 1, 2, 3, 4, 5, 6, 7]",93.01580810546875,46.05181884765625,46.9639892578125,143,93.01580810546875,46.5670166015625,46.44879150390625,141
2025-07-17T21:00:38.197619,1,21,"[0, 1, 2, 3, 4, 5, 6, 7]",93.01580810546875,46.05181884765625,46.9639892578125,143,93.01580810546875,46.5670166015625,46.44879150390625,141
2025-07-17T21:00:38.285177,2,21,"[0, 1, 2, 3, 4, 5, 6, 7]",93.01580810546875,46.05181884765625,46.9639892578125,143,93.01580810546875,46.5670166015625,46.44879150390625,141
2025-07-17T21:00:38.372846,3,21,"[0, 1, 2, 3, 4, 5, 6, 7]",93.01580810546875,46.05181884765625,46.9639892578125,143,93.01580810546875,46.5670166015625,46.44879150390625,141
2025-07-17T21:00:38.460857,4,21,"[0, 1, 2, 3, 4, 5, 6, 7]",93.01580810546875,46.05181884765625,46.9639892578125,143,93.01580810546875,46.5670166015625,46.44879150390625,141
2025-07-17T21:00:38.546608,0,22,"[0, 1, 2, 3, 4, 5, 6, 7]",93.01580810546875,46.05181884765625,46.9639892578125,143,93.01580810546875,46.5670166015625,46.44879150390625,141
2025-07-17T21:00:38.634930,1,22,"[0, 1, 2, 3, 4, 5, 6, 7]",93.01580810546875,46.05181884765625,46.9639892578125,143,93.01580810546875,46.5670166015625,46.44879150390625,141
2025-07-17T21:00:38.722223,2,22,"[0, 1, 2, 3, 4, 5, 6, 7]",93.01580810546875,46.05181884765625,46.9639892578125,143,93.01580810546875,46.5670166015625,46.44879150390625,141
2025-07-17T21:00:38.806971,3,22,"[0, 1, 2, 3, 4, 5, 6, 7]",93.01580810546875,46.05181884765625,46.9639892578125,143,93.01580810546875,46.5670166015625,46.44879150390625,141
2025-07-17T21:00:38.894324,4,22,"[0, 1, 2, 3, 4, 5, 6, 7]",93.01580810546875,46.05181884765625,46.9639892578125,143,93.01580810546875,46.5670166015625,46.44879150390625,141
2025-07-17T21:00:38.981725,0,23,"[0, 1, 2, 3, 4, 5, 6, 7]",93.01580810546875,46.05181884765625,46.9639892578125,143,93.01580810546875,46.5670166015625,46.44879150390625,141
2025-07-17T21:00:39.069114,1,23,"[0, 1, 2, 3, 4, 5, 6, 7]",93.01580810546875,46.05181884765625,46.9639892578125,143,93.01580810546875,46.5670166015625,46.44879150390625,141
2025-07-17T21:00:39.156495,2,23,"[0, 1, 2, 3, 4, 5, 6, 7]",93.01580810546875,46.05181884765625,46.9639892578125,143,93.01580810546875,46.5670166015625,46.44879150390625,141
2025-07-17T21:00:39.241759,3,23,"[0, 1, 2, 3, 4, 5, 6, 7]",93.01580810546875,46.05181884765625,46.9639892578125,143,93.01580810546875,46.5670166015625,46.44879150390625,141
2025-07-17T21:00:39.329197,4,23,"[0, 1, 2, 3, 4, 5, 6, 7]",93.01580810546875,46.05181884765625,46.9639892578125,143,93.01580810546875,46.5670166015625,46.44879150390625,141
2025-07-17T21:00:39.416416,0,24,"[0, 1, 2, 3, 4, 5, 6, 7]",93.01580810546875,46.05181884765625,46.9639892578125,143,93.01580810546875,46.5670166015625,46.44879150390625,141
2025-07-17T21:00:39.504207,1,24,"[0, 1, 2, 3, 4, 5, 6, 7]",93.01580810546875,46.05181884765625,46.9639892578125,143,93.01580810546875,46.5670166015625,46.44879150390625,141
2025-07-17T21:00:39.593735,2,24,"[0, 1, 2, 3, 4, 5, 6, 7]",93.01580810546875,46.05181884765625,46.9639892578125,143,93.01580810546875,46.5670166015625,46.44879150390625,141
2025-07-17T21:00:39.680679,3,24,"[0, 1, 2, 3, 4, 5, 6, 7]",93.01580810546875,46.05181884765625,46.9639892578125,143,93.01580810546875,46.5670166015625,46.44879150390625,141
2025-07-17T21:00:39.767761,4,24,"[0, 1, 2, 3, 4, 5, 6, 7]",93.01580810546875,46.05181884765625,46.9639892578125,143,93.01580810546875,46.5670166015625,46.44879150390625,141
2025-07-17T21:00:39.854053,0,25,"[0, 1, 2, 3, 4, 5, 6, 7]",93.01580810546875,46.05181884765625,46.9639892578125,143,93.01580810546875,46.5670166015625,46.44879150390625,141
2025-07-17T21:00:39.940171,1,25,"[0, 1, 2, 3, 4, 5, 6, 7]",93.01580810546875,46.05181884765625,46.9639892578125,143,93.01580810546875,46.5670166015625,46.44879150390625,141
2025-07-17T21:00:40.026104,2,25,"[0, 1, 2, 3, 4, 5, 6, 7]",93.01580810546875,46.05181884765625,46.9639892578125,143,93.01580810546875,46.5670166015625,46.44879150390625,141
2025-07-17T21:00:40.113003,3,25,"[0, 1, 2, 3, 4, 5, 6, 7]",93.01580810546875,46.05181884765625,46.9639892578125,143,93.01580810546875,46.5670166015625,46.44879150390625,141
2025-07-17T21:00:40.201759,4,25,"[0, 1, 2, 3, 4, 5, 6, 7]",93.01580810546875,46.05181884765625,46.9639892578125,143,93.01580810546875,46.5670166015625,46.44879150390625,141
2025-07-17T21:00:40.289908,0,26,"[0, 1, 2, 3, 4, 5, 6, 7]",93.01580810546875,46.05181884765625,46.9639892578125,143,93.01580810546875,46.5670166015625,46.44879150390625,141
2025-07-17T21:00:40.377066,1,26,"[0, 1, 2, 3, 4, 5, 6, 7]",93.01580810546875,46.05181884765625,46.9639892578125,143,93.01580810546875,46.5670166015625,46.44879150390625,141
2025-07-17T21:00:40.465750,2,26,"[0, 1, 2, 3, 4, 5, 6, 7]",93.01580810546875,46.05181884765625,46.9639892578125,143,93.01580810546875,46.5670166015625,46.44879150390625,141
2025-07-17T21:00:40.551445,3,26,"[0, 1, 2, 3, 4, 5, 6, 7]",93.01580810546875,46.05181884765625,46.9639892578125,143,93.01580810546875,46.5670166015625,46.44879150390625,141
2025-07-17T21:00:40.639271,4,26,"[0, 1, 2, 3, 4, 5, 6, 7]",93.01580810546875,46.05181884765625,46.9639892578125,143,93.01580810546875,46.5670166015625,46.44879150390625,141
2025-07-17T21:00:40.725924,0,27,"[0, 1, 2, 3, 4, 5, 6, 7]",93.01580810546875,46.05181884765625,46.9639892578125,143,93.01580810546875,46.5670166015625,46.44879150390625,141
2025-07-17T21:00:40.813428,1,27,"[0, 1, 2, 3, 4, 5, 6, 7]",93.01580810546875,46.05181884765625,46.9639892578125,143,93.01580810546875,46.5670166015625,46.44879150390625,141
2025-07-17T21:00:40.900505,2,27,"[0, 1, 2, 3, 4, 5, 6, 7]",93.01580810546875,46.05181884765625,46.9639892578125,143,93.01580810546875,46.5670166015625,46.44879150390625,141
2025-07-17T21:00:40.986005,3,27,"[0, 1, 2, 3, 4, 5, 6, 7]",93.01580810546875,46.05181884765625,46.9639892578125,143,93.01580810546875,46.5670166015625,46.44879150390625,141
2025-07-17T21:00:41.073703,4,27,"[0, 1, 2, 3, 4, 5, 6, 7]",93.01580810546875,46.05181884765625,46.9639892578125,143,93.01580810546875,46.5670166015625,46.44879150390625,141
2025-07-17T21:00:41.161675,0,28,"[0, 1, 2, 3, 4, 5, 6, 7]",93.01580810546875,46.05181884765625,46.9639892578125,143,93.01580810546875,46.5670166015625,46.44879150390625,141
2025-07-17T21:00:41.249581,1,28,"[0, 1, 2, 3, 4, 5, 6, 7]",93.01580810546875,46.05181884765625,46.9639892578125,143,93.01580810546875,46.5670166015625,46.44879150390625,141
2025-07-17T21:00:41.336693,2,28,"[0, 1, 2, 3, 4, 5, 6, 7]",93.01580810546875,46.05181884765625,46.9639892578125,143,93.01580810546875,46.5670166015625,46.44879150390625,141
2025-07-17T21:00:41.423757,3,28,"[0, 1, 2, 3, 4, 5, 6, 7]",93.01580810546875,46.05181884765625,46.9639892578125,143,93.01580810546875,46.5670166015625,46.44879150390625,141
2025-07-17T21:00:41.512730,4,28,"[0, 1, 2, 3, 4, 5, 6, 7]",93.01580810546875,46.05181884765625,46.9639892578125,143,93.01580810546875,46.5670166015625,46.44879150390625,141
2025-07-17T21:00:41.601529,0,29,"[0, 1, 2, 3, 4, 5, 6, 7]",93.01580810546875,46.05181884765625,46.9639892578125,143,93.01580810546875,46.5670166015625,46.44879150390625,141
2025-07-17T21:00:41.689826,1,29,"[0, 1, 2, 3, 4, 5, 6, 7]",93.01580810546875,46.05181884765625,46.9639892578125,143,93.01580810546875,46.5670166015625,46.44879150390625,141
2025-07-17T21:00:41.776944,2,29,"[0, 1, 2, 3, 4, 5, 6, 7]",93.01580810546875,46.05181884765625,46.9639892578125,143,93.01580810546875,46.5670166015625,46.44879150390625,141
2025-07-17T21:00:41.862686,3,29,"[0, 1, 2, 3, 4, 5, 6, 7]",93.01580810546875,46.05181884765625,46.9639892578125,143,93.01580810546875,46.5670166015625,46.44879150390625,141
2025-07-17T21:00:41.949200,4,29,"[0, 1, 2, 3, 4, 5, 6, 7]",93.01580810546875,46.05181884765625,46.9639892578125,143,93.01580810546875,46.5670166015625,46.44879150390625,141
2025-07-17T21:00:42.036298,0,30,"[0, 1, 2, 3, 4, 5, 6, 7]",93.01580810546875,46.05181884765625,46.9639892578125,143,93.01580810546875,46.5670166015625,46.44879150390625,141
2025-07-17T21:00:42.122854,1,30,"[0, 1, 2, 3, 4, 5, 6, 7]",93.01580810546875,46.05181884765625,46.9639892578125,143,93.01580810546875,46.5670166015625,46.44879150390625,141
2025-07-17T21:00:42.212111,2,30,"[0, 1, 2, 3, 4, 5, 6, 7]",93.01580810546875,46.05181884765625,46.9639892578125,143,93.01580810546875,46.5670166015625,46.44879150390625,141
2025-07-17T21:00:42.297771,3,30,"[0, 1, 2, 3, 4, 5, 6, 7]",93.01580810546875,46.05181884765625,46.9639892578125,143,93.01580810546875,46.5670166015625,46.44879150390625,141
2025-07-17T21:00:42.385607,4,30,"[0, 1, 2, 3, 4, 5, 6, 7]",93.01580810546875,46.05181884765625,46.9639892578125,143,93.01580810546875,46.5670166015625,46.44879150390625,141
2025-07-17T21:00:42.477093,0,31,"[0, 1, 2, 3, 4, 5, 6, 7]",93.01580810546875,46.05181884765625,46.9639892578125,143,93.01580810546875,46.5670166015625,46.44879150390625,141
2025-07-17T21:00:42.579967,1,31,"[0, 1, 2, 3, 4, 5, 6, 7]",93.01580810546875,46.05181884765625,46.9639892578125,143,93.01580810546875,46.5670166015625,46.44879150390625,141
2025-07-17T21:00:42.677825,2,31,"[0, 1, 2, 3, 4, 5, 6, 7]",93.01580810546875,46.05181884765625,46.9639892578125,143,93.01580810546875,46.5670166015625,46.44879150390625,141
2025-07-17T21:00:42.773816,3,31,"[0, 1, 2, 3, 4, 5, 6, 7]",93.01580810546875,46.05181884765625,46.9639892578125,143,93.01580810546875,46.5670166015625,46.44879150390625,141
2025-07-17T21:00:42.872356,4,31,"[0, 1, 2, 3, 4, 5, 6, 7]",93.01580810546875,46.05181884765625,46.9639892578125,143,93.01580810546875,46.5670166015625,46.44879150390625,141
2025-07-17T21:00:42.982892,0,0,"[0, 1, 2, 3, 7]",93.01580810546875,46.05572509765625,46.9600830078125,143,93.01580810546875,46.5709228515625,46.44488525390625,141
2025-07-17T21:00:42.985002,1,0,"[0, 7]",93.01580810546875,46.05572509765625,46.9600830078125,143,93.01580810546875,46.5709228515625,46.44488525390625,141
2025-07-17T21:00:42.992435,2,0,"[0, 1, 2, 3, 4, 6, 7]",93.01580810546875,46.05767822265625,46.9581298828125,143,93.01580810546875,46.5728759765625,46.44293212890625,141
2025-07-17T21:00:42.998529,3,0,"[0, 7]",93.01580810546875,46.05767822265625,46.9581298828125,143,93.01580810546875,46.5728759765625,46.44293212890625,141
2025-07-17T21:00:43.005925,4,0,"[0, 7]",93.01580810546875,46.05963134765625,46.9561767578125,143,93.01580810546875,46.5748291015625,46.44097900390625,141
2025-07-17T21:00:43.012390,0,1,"[0, 1, 2, 4, 5, 6, 7]",93.01580810546875,46.05963134765625,46.9561767578125,143,93.01580810546875,46.5748291015625,46.44097900390625,141
2025-07-17T21:00:43.024710,1,1,"[1, 3, 6, 7]",93.01580810546875,46.05963134765625,46.9561767578125,143,93.01580810546875,46.5748291015625,46.44097900390625,141
2025-07-17T21:00:43.026702,2,1,"[0, 1, 2, 5, 6, 7]",93.01580810546875,46.05963134765625,46.9561767578125,143,93.01580810546875,46.5748291015625,46.44097900390625,141
2025-07-17T21:00:43.033630,3,1,"[1, 3, 6, 7]",93.01580810546875,46.05963134765625,46.9561767578125,143,93.01580810546875,46.5748291015625,46.44097900390625,141
2025-07-17T21:00:43.045934,4,1,"[1, 3, 6, 7]",93.01580810546875,46.05963134765625,46.9561767578125,143,93.01580810546875,46.5748291015625,46.44097900390625,141
2025-07-17T21:00:43.047644,0,2,"[0, 3, 6, 7]",93.01580810546875,46.05963134765625,46.9561767578125,143,93.01580810546875,46.5748291015625,46.44097900390625,141
2025-07-17T21:00:43.054932,1,2,"[0, 1, 3, 5, 6, 7]",93.01580810546875,46.05963134765625,46.9561767578125,143,93.01580810546875,46.5748291015625,46.44097900390625,141
2025-07-17T21:00:43.061913,2,2,"[0, 1, 2, 3, 4, 5, 6, 7]",93.01580810546875,46.05963134765625,46.9561767578125,143,93.01580810546875,46.5748291015625,46.44097900390625,141
2025-07-17T21:00:43.068989,3,2,"[0, 1, 3, 5, 6, 7]",93.01580810546875,46.05963134765625,46.9561767578125,143,93.01580810546875,46.5748291015625,46.44097900390625,141
2025-07-17T21:00:43.075805,4,2,"[0, 1, 3, 5, 6, 7]",93.01580810546875,46.05963134765625,46.9561767578125,143,93.01580810546875,46.5748291015625,46.44097900390625,141
2025-07-17T21:00:43.081772,0,3,"[0, 2, 3, 4, 5, 6]",93.01580810546875,46.05963134765625,46.9561767578125,143,93.01580810546875,46.5748291015625,46.44097900390625,141
2025-07-17T21:00:43.088915,1,3,"[0, 1, 3, 4, 5, 6]",93.01580810546875,46.05963134765625,46.9561767578125,143,93.01580810546875,46.5748291015625,46.44097900390625,141
2025-07-17T21:00:43.095573,2,3,"[0, 1, 2, 3, 4, 5, 6, 7]",93.01580810546875,46.05963134765625,46.9561767578125,143,93.01580810546875,46.5748291015625,46.44097900390625,141
2025-07-17T21:00:43.102783,3,3,"[0, 1, 3, 4, 5, 6]",93.01580810546875,46.05963134765625,46.9561767578125,143,93.01580810546875,46.5748291015625,46.44097900390625,141
2025-07-17T21:00:43.109983,4,3,"[0, 1, 3, 4, 5, 6]",93.01580810546875,46.05963134765625,46.9561767578125,143,93.01580810546875,46.5748291015625,46.44097900390625,141
2025-07-17T21:00:43.117145,0,4,"[0, 1, 3, 4, 5, 6, 7]",93.01580810546875,46.05963134765625,46.9561767578125,143,93.01580810546875,46.5748291015625,46.44097900390625,141
2025-07-17T21:00:43.123594,1,4,"[0, 1, 3, 6, 7]",93.01580810546875,46.05963134765625,46.9561767578125,143,93.01580810546875,46.5748291015625,46.44097900390625,141
2025-07-17T21:00:43.130481,2,4,"[0, 1, 2, 3, 5, 6, 7]",93.01580810546875,46.05963134765625,46.9561767578125,143,93.01580810546875,46.5748291015625,46.44097900390625,141
2025-07-17T21:00:43.136884,3,4,"[0, 1, 3, 6, 7]",93.01580810546875,46.05963134765625,46.9561767578125,143,93.01580810546875,46.5748291015625,46.44097900390625,141
2025-07-17T21:00:43.143580,4,4,"[0, 1, 3, 6, 7]",93.01580810546875,46.05963134765625,46.9561767578125,143,93.01580810546875,46.5748291015625,46.44097900390625,141
2025-07-17T21:00:43.150162,0,5,"[0, 1, 2, 3, 4, 5, 6, 7]",93.01580810546875,46.05963134765625,46.9561767578125,143,93.01580810546875,46.5748291015625,46.44097900390625,141
2025-07-17T21:00:43.157176,1,5,"[0, 1, 2, 3, 5, 6, 7]",93.01580810546875,46.05963134765625,46.9561767578125,143,93.01580810546875,46.5748291015625,46.44097900390625,141
2025-07-17T21:00:43.163915,2,5,"[0, 1, 2, 3, 5, 6, 7]",93.01580810546875,46.05963134765625,46.9561767578125,143,93.01580810546875,46.5748291015625,46.44097900390625,141
2025-07-17T21:00:43.170563,3,5,"[0, 1, 2, 3, 5, 6, 7]",93.01580810546875,46.05963134765625,46.9561767578125,143,93.01580810546875,46.5748291015625,46.44097900390625,141
2025-07-17T21:00:43.177179,4,5,"[0, 1, 2, 3, 5, 6, 7]",93.01580810546875,46.05963134765625,46.9561767578125,143,93.01580810546875,46.5748291015625,46.44097900390625,141
2025-07-17T21:00:43.183647,0,6,"[0, 1, 2, 3, 4, 5, 6, 7]",93.01580810546875,46.05963134765625,46.9561767578125,143,93.01580810546875,46.5748291015625,46.44097900390625,141
2025-07-17T21:00:43.190169,1,6,"[0, 1, 5, 6, 7]",93.01580810546875,46.05963134765625,46.9561767578125,143,93.01580810546875,46.5748291015625,46.44097900390625,141
2025-07-17T21:00:43.196778,2,6,"[0, 1, 2, 3, 4, 5, 6]",93.01580810546875,46.05963134765625,46.9561767578125,143,93.01580810546875,46.5748291015625,46.44097900390625,141
2025-07-17T21:00:43.203191,3,6,"[0, 1, 5, 6, 7]",93.01580810546875,46.05963134765625,46.9561767578125,143,93.01580810546875,46.5748291015625,46.44097900390625,141
2025-07-17T21:00:43.209610,4,6,"[0, 1, 5, 6, 7]",93.01580810546875,46.05963134765625,46.9561767578125,143,93.01580810546875,46.5748291015625,46.44097900390625,141
2025-07-17T21:00:43.216283,0,7,"[0, 1, 2, 3, 5, 6, 7]",93.01580810546875,46.05963134765625,46.9561767578125,143,93.01580810546875,46.5748291015625,46.44097900390625,141
2025-07-17T21:00:43.222799,1,7,"[0, 1, 2, 5, 6]",93.01580810546875,46.05963134765625,46.9561767578125,143,93.01580810546875,46.5748291015625,46.44097900390625,141
2025-07-17T21:00:43.230687,2,7,"[0, 1, 2, 5, 6, 7]",93.01580810546875,46.05963134765625,46.9561767578125,143,93.01580810546875,46.5748291015625,46.44097900390625,141
2025-07-17T21:00:43.236789,3,7,"[0, 1, 2, 5, 6]",93.01580810546875,46.05963134765625,46.9561767578125,143,93.01580810546875,46.5748291015625,46.44097900390625,141
2025-07-17T21:00:43.247329,4,7,"[0, 1, 2, 5, 6]",93.01580810546875,46.05963134765625,46.9561767578125,143,93.01580810546875,46.5748291015625,46.44097900390625,141
2025-07-17T21:00:43.254778,0,8,"[0, 2, 3, 4, 5, 7]",93.01580810546875,46.05963134765625,46.9561767578125,143,93.01580810546875,46.5748291015625,46.44097900390625,141
2025-07-17T21:00:43.257331,1,8,"[0, 2, 3, 4, 5, 6, 7]",93.01580810546875,46.05963134765625,46.9561767578125,143,93.01580810546875,46.5748291015625,46.44097900390625,141
2025-07-17T21:00:43.269288,2,8,"[0, 1, 2, 4, 5, 7]",93.01580810546875,46.05963134765625,46.9561767578125,143,93.01580810546875,46.5748291015625,46.44097900390625,141
2025-07-17T21:00:43.271409,3,8,"[0, 2, 3, 4, 5, 6, 7]",93.01580810546875,46.05963134765625,46.9561767578125,143,93.01580810546875,46.5748291015625,46.44097900390625,141
2025-07-17T21:00:43.278584,4,8,"[0, 2, 3, 4, 5, 6, 7]",93.01580810546875,46.05963134765625,46.9561767578125,143,93.01580810546875,46.5748291015625,46.44097900390625,141
2025-07-17T21:00:43.290820,0,9,"[1, 2, 3, 4, 5, 6, 7]",93.01580810546875,46.05963134765625,46.9561767578125,143,93.01580810546875,46.5748291015625,46.44097900390625,141
2025-07-17T21:00:43.298604,1,9,"[3, 4, 5, 6, 7]",93.01580810546875,46.05963134765625,46.9561767578125,143,93.01580810546875,46.5748291015625,46.44097900390625,141
2025-07-17T21:00:43.300625,2,9,"[0, 1, 2, 3, 5, 6, 7]",93.01580810546875,46.05963134765625,46.9561767578125,143,93.01580810546875,46.5748291015625,46.44097900390625,141
2025-07-17T21:00:43.307623,3,9,"[3, 4, 5, 6, 7]",93.01580810546875,46.05963134765625,46.9561767578125,143,93.01580810546875,46.5748291015625,46.44097900390625,141
2025-07-17T21:00:43.313611,4,9,"[3, 4, 5, 6, 7]",93.01580810546875,46.05963134765625,46.9561767578125,143,93.01580810546875,46.5748291015625,46.44097900390625,141
2025-07-17T21:00:43.320537,0,10,"[0, 1, 2, 3, 4, 5, 6, 7]",93.01580810546875,46.05963134765625,46.9561767578125,143,93.01580810546875,46.5748291015625,46.44097900390625,141
2025-07-17T21:00:43.327039,1,10,"[0, 1, 2, 6, 7]",93.01580810546875,46.05963134765625,46.9561767578125,143,93.01580810546875,46.5748291015625,46.44097900390625,141
2025-07-17T21:00:43.333866,2,10,"[0, 1, 2, 4, 5, 6, 7]",93.01580810546875,46.05963134765625,46.9561767578125,143,93.01580810546875,46.5748291015625,46.44097900390625,141
2025-07-17T21:00:43.340453,3,10,"[0, 1, 2, 6, 7]",93.01580810546875,46.05963134765625,46.9561767578125,143,93.01580810546875,46.5748291015625,46.44097900390625,141
2025-07-17T21:00:43.346868,4,10,"[0, 1, 2, 6, 7]",93.01580810546875,46.05963134765625,46.9561767578125,143,93.01580810546875,46.5748291015625,46.44097900390625,141
2025-07-17T21:00:43.352840,0,11,"[0, 1, 2, 4, 5, 7]",93.01580810546875,46.05963134765625,46.9561767578125,143,93.01580810546875,46.5748291015625,46.44097900390625,141
2025-07-17T21:00:43.359093,1,11,"[2, 4, 5, 6, 7]",93.01580810546875,46.05963134765625,46.9561767578125,143,93.01580810546875,46.5748291015625,46.44097900390625,141
2025-07-17T21:00:43.366842,2,11,"[0, 1, 2, 3, 4, 6, 7]",93.01580810546875,46.05963134765625,46.9561767578125,143,93.01580810546875,46.5748291015625,46.44097900390625,141
2025-07-17T21:00:43.373341,3,11,"[2, 4, 5, 6, 7]",93.01580810546875,46.05963134765625,46.9561767578125,143,93.01580810546875,46.5748291015625,46.44097900390625,141
2025-07-17T21:00:43.379140,4,11,"[2, 4, 5, 6, 7]",93.01580810546875,46.05963134765625,46.9561767578125,143,93.01580810546875,46.5748291015625,46.44097900390625,141
2025-07-17T21:00:43.385742,0,12,"[0, 1, 2, 3, 4, 5, 6]",93.01580810546875,46.05963134765625,46.9561767578125,143,93.01580810546875,46.5748291015625,46.44097900390625,141
2025-07-17T21:00:43.391939,1,12,"[0, 1, 3, 5, 7]",93.01580810546875,46.05963134765625,46.9561767578125,143,93.01580810546875,46.5748291015625,46.44097900390625,141
2025-07-17T21:00:43.397934,2,12,"[1, 3, 4, 5, 6, 7]",93.01580810546875,46.05963134765625,46.9561767578125,143,93.01580810546875,46.5748291015625,46.44097900390625,141
2025-07-17T21:00:43.406549,3,12,"[0, 1, 3, 5, 7]",93.01580810546875,46.05963134765625,46.9561767578125,143,93.01580810546875,46.5748291015625,46.44097900390625,141
2025-07-17T21:00:43.413549,4,12,"[0, 1, 3, 5, 7]",93.01580810546875,46.05963134765625,46.9561767578125,143,93.01580810546875,46.5748291015625,46.44097900390625,141
2025-07-17T21:00:43.425517,0,13,"[0, 1, 2, 3, 4, 7]",93.01580810546875,46.05963134765625,46.9561767578125,143,93.01580810546875,46.5748291015625,46.44097900390625,141
2025-07-17T21:00:43.432817,1,13,"[0, 1, 2, 4, 7]",93.01580810546875,46.05963134765625,46.9561767578125,143,93.01580810546875,46.5748291015625,46.44097900390625,141
2025-07-17T21:00:43.440950,2,13,"[0, 1, 2, 3, 4, 7]",93.01580810546875,46.05963134765625,46.9561767578125,143,93.01580810546875,46.5748291015625,46.44097900390625,141
2025-07-17T21:00:43.443128,3,13,"[0, 1, 2, 4, 7]",93.01580810546875,46.05963134765625,46.9561767578125,143,93.01580810546875,46.5748291015625,46.44097900390625,141
2025-07-17T21:00:43.450488,4,13,"[0, 1, 2, 4, 7]",93.01580810546875,46.05963134765625,46.9561767578125,143,93.01580810546875,46.5748291015625,46.44097900390625,141
2025-07-17T21:00:43.456655,0,14,"[0, 2, 4, 5]",93.01580810546875,46.05963134765625,46.9561767578125,143,93.01580810546875,46.5748291015625,46.44097900390625,141
2025-07-17T21:00:43.467350,1,14,"[0, 2, 4, 5, 7]",93.01580810546875,46.05963134765625,46.9561767578125,143,93.01580810546875,46.5748291015625,46.44097900390625,141
2025-07-17T21:00:43.474234,2,14,"[0, 2, 4, 6, 7]",93.01580810546875,46.05963134765625,46.9561767578125,143,93.01580810546875,46.5748291015625,46.44097900390625,141
2025-07-17T21:00:43.481442,3,14,"[0, 2, 4, 5, 7]",93.01580810546875,46.05963134765625,46.9561767578125,143,93.01580810546875,46.5748291015625,46.44097900390625,141
2025-07-17T21:00:43.483947,4,14,"[0, 2, 4, 5, 7]",93.01580810546875,46.05963134765625,46.9561767578125,143,93.01580810546875,46.5748291015625,46.44097900390625,141
2025-07-17T21:00:43.491033,0,15,"[0, 3, 4, 5, 6]",93.01580810546875,46.05963134765625,46.9561767578125,143,93.01580810546875,46.5748291015625,46.44097900390625,141
2025-07-17T21:00:43.497458,1,15,"[0, 1, 3, 4, 5]",93.01580810546875,46.05963134765625,46.9561767578125,143,93.01580810546875,46.5748291015625,46.44097900390625,141
2025-07-17T21:00:43.503262,2,15,"[0, 1, 2, 3, 4, 5, 6]",93.01580810546875,46.05963134765625,46.9561767578125,143,93.01580810546875,46.5748291015625,46.44097900390625,141
2025-07-17T21:00:43.510726,3,15,"[0, 1, 3, 4, 5]",93.01580810546875,46.05963134765625,46.9561767578125,143,93.01580810546875,46.5748291015625,46.44097900390625,141
2025-07-17T21:00:43.518228,4,15,"[0, 1, 3, 4, 5]",93.01580810546875,46.05963134765625,46.9561767578125,143,93.01580810546875,46.5748291015625,46.44097900390625,141
2025-07-17T21:00:43.524553,0,16,"[0, 3, 4, 5, 6, 7]",93.01580810546875,46.05963134765625,46.9561767578125,143,93.01580810546875,46.5748291015625,46.44097900390625,141
2025-07-17T21:00:43.535618,1,16,"[3, 5, 6, 7]",93.01580810546875,46.05963134765625,46.9561767578125,143,93.01580810546875,46.5748291015625,46.44097900390625,141
2025-07-17T21:00:43.537614,2,16,"[0, 2, 3, 4, 5, 6, 7]",93.01580810546875,46.05963134765625,46.9561767578125,143,93.01580810546875,46.5748291015625,46.44097900390625,141
2025-07-17T21:00:43.543638,3,16,"[3, 5, 6, 7]",93.01580810546875,46.05963134765625,46.9561767578125,143,93.01580810546875,46.5748291015625,46.44097900390625,141
2025-07-17T21:00:43.550249,4,16,"[3, 5, 6, 7]",93.01580810546875,46.05963134765625,46.9561767578125,143,93.01580810546875,46.5748291015625,46.44097900390625,141
2025-07-17T21:00:43.561831,0,17,"[0, 1, 3, 4, 5, 6, 7]",93.01580810546875,46.05963134765625,46.9561767578125,143,93.01580810546875,46.5748291015625,46.44097900390625,141
2025-07-17T21:00:43.563619,1,17,"[0, 2, 3, 4, 6, 7]",93.01580810546875,46.05963134765625,46.9561767578125,143,93.01580810546875,46.5748291015625,46.44097900390625,141
2025-07-17T21:00:43.573972,2,17,"[0, 1, 2, 3, 5, 6, 7]",93.01580810546875,46.05963134765625,46.9561767578125,143,93.01580810546875,46.5748291015625,46.44097900390625,141
2025-07-17T21:00:43.576196,3,17,"[0, 2, 3, 4, 6, 7]",93.01580810546875,46.05963134765625,46.9561767578125,143,93.01580810546875,46.5748291015625,46.44097900390625,141
2025-07-17T21:00:43.582897,4,17,"[0, 2, 3, 4, 6, 7]",93.01580810546875,46.05963134765625,46.9561767578125,143,93.01580810546875,46.5748291015625,46.44097900390625,141
2025-07-17T21:00:43.589697,0,18,"[0, 1, 3, 4, 5, 7]",93.01580810546875,46.05963134765625,46.9561767578125,143,93.01580810546875,46.5748291015625,46.44097900390625,141
2025-07-17T21:00:43.596721,1,18,"[0, 1, 3, 7]",93.01580810546875,46.05963134765625,46.9561767578125,143,93.01580810546875,46.5748291015625,46.44097900390625,141
2025-07-17T21:00:43.603159,2,18,"[0, 1, 3, 4, 5, 6, 7]",93.01580810546875,46.05963134765625,46.9561767578125,143,93.01580810546875,46.5748291015625,46.44097900390625,141
2025-07-17T21:00:43.615073,3,18,"[0, 1, 3, 7]",93.01580810546875,46.05963134765625,46.9561767578125,143,93.01580810546875,46.5748291015625,46.44097900390625,141
2025-07-17T21:00:43.616743,4,18,"[0, 1, 3, 7]",93.01580810546875,46.05963134765625,46.9561767578125,143,93.01580810546875,46.5748291015625,46.44097900390625,141
2025-07-17T21:00:43.624394,0,19,"[0, 2, 3, 4, 5, 6, 7]",93.01580810546875,46.05963134765625,46.9561767578125,143,93.01580810546875,46.5748291015625,46.44097900390625,141
2025-07-17T21:00:43.632287,1,19,"[0, 2, 4, 6, 7]",93.01580810546875,46.05963134765625,46.9561767578125,143,93.01580810546875,46.5748291015625,46.44097900390625,141
2025-07-17T21:00:43.639486,2,19,"[0, 1, 2, 3, 4, 5, 6, 7]",93.01580810546875,46.05963134765625,46.9561767578125,143,93.01580810546875,46.5748291015625,46.44097900390625,141
2025-07-17T21:00:43.645067,3,19,"[0, 2, 4, 6, 7]",93.01580810546875,46.05963134765625,46.9561767578125,143,93.01580810546875,46.5748291015625,46.44097900390625,141
2025-07-17T21:00:43.651358,4,19,"[0, 2, 4, 6, 7]",93.01580810546875,46.05963134765625,46.9561767578125,143,93.01580810546875,46.5748291015625,46.44097900390625,141
2025-07-17T21:00:43.657558,0,20,"[0, 1, 2, 3, 6, 7]",93.01580810546875,46.05963134765625,46.9561767578125,143,93.01580810546875,46.5748291015625,46.44097900390625,141
2025-07-17T21:00:43.668816,1,20,"[0, 1, 2, 3, 5, 6]",93.01580810546875,46.05963134765625,46.9561767578125,143,93.01580810546875,46.5748291015625,46.44097900390625,141
2025-07-17T21:00:43.671305,2,20,"[0, 1, 2, 3, 4, 6, 7]",93.01580810546875,46.05963134765625,46.9561767578125,143,93.01580810546875,46.5748291015625,46.44097900390625,141
2025-07-17T21:00:43.678126,3,20,"[0, 1, 2, 3, 5, 6]",93.01580810546875,46.05963134765625,46.9561767578125,143,93.01580810546875,46.5748291015625,46.44097900390625,141
2025-07-17T21:00:43.684404,4,20,"[0, 1, 2, 3, 5, 6]",93.01580810546875,46.05963134765625,46.9561767578125,143,93.01580810546875,46.5748291015625,46.44097900390625,141
2025-07-17T21:00:43.696229,0,21,"[0, 2, 4, 5, 7]",93.01580810546875,46.05963134765625,46.9561767578125,143,93.01580810546875,46.5748291015625,46.44097900390625,141
2025-07-17T21:00:43.698710,1,21,"[0, 1, 4, 5, 7]",93.01580810546875,46.05963134765625,46.9561767578125,143,93.01580810546875,46.5748291015625,46.44097900390625,141
2025-07-17T21:00:43.704771,2,21,"[0, 1, 2, 3, 4, 5, 7]",93.01580810546875,46.05963134765625,46.9561767578125,143,93.01580810546875,46.5748291015625,46.44097900390625,141
2025-07-17T21:00:43.711679,3,21,"[0, 1, 4, 5, 7]",93.01580810546875,46.05963134765625,46.9561767578125,143,93.01580810546875,46.5748291015625,46.44097900390625,141
2025-07-17T21:00:43.718429,4,21,"[0, 1, 4, 5, 7]",93.01580810546875,46.05963134765625,46.9561767578125,143,93.01580810546875,46.5748291015625,46.44097900390625,141
2025-07-17T21:00:43.730002,0,22,"[0, 1, 2, 3, 4, 5, 6, 7]",93.01580810546875,46.05963134765625,46.9561767578125,143,93.01580810546875,46.5748291015625,46.44097900390625,141
2025-07-17T21:00:43.731890,1,22,"[0, 1, 3, 4, 6]",93.01580810546875,46.05963134765625,46.9561767578125,143,93.01580810546875,46.5748291015625,46.44097900390625,141
2025-07-17T21:00:43.738387,2,22,"[0, 1, 2, 3, 4, 5, 6, 7]",93.01580810546875,46.05963134765625,46.9561767578125,143,93.01580810546875,46.5748291015625,46.44097900390625,141
2025-07-17T21:00:43.744519,3,22,"[0, 1, 3, 4, 6]",93.01580810546875,46.05963134765625,46.9561767578125,143,93.01580810546875,46.5748291015625,46.44097900390625,141
2025-07-17T21:00:43.750899,4,22,"[0, 1, 3, 4, 6]",93.01580810546875,46.05963134765625,46.9561767578125,143,93.01580810546875,46.5748291015625,46.44097900390625,141
2025-07-17T21:00:43.758075,0,23,"[1, 2, 3, 4, 5, 6, 7]",93.01580810546875,46.05963134765625,46.9561767578125,143,93.01580810546875,46.5748291015625,46.44097900390625,141
2025-07-17T21:00:43.765237,1,23,"[2, 3, 4, 5, 6, 7]",93.01580810546875,46.05963134765625,46.9561767578125,143,93.01580810546875,46.5748291015625,46.44097900390625,141
2025-07-17T21:00:43.771783,2,23,"[0, 1, 2, 3, 4, 5, 6, 7]",93.01580810546875,46.05963134765625,46.9561767578125,143,93.01580810546875,46.5748291015625,46.44097900390625,141
2025-07-17T21:00:43.777792,3,23,"[2, 3, 4, 5, 6, 7]",93.01580810546875,46.05963134765625,46.9561767578125,143,93.01580810546875,46.5748291015625,46.44097900390625,141
2025-07-17T21:00:43.783847,4,23,"[2, 3, 4, 5, 6, 7]",93.01580810546875,46.05963134765625,46.9561767578125,143,93.01580810546875,46.5748291015625,46.44097900390625,141
2025-07-17T21:00:43.790244,0,24,"[0, 1, 3, 4, 5, 6, 7]",93.01580810546875,46.05963134765625,46.9561767578125,143,93.01580810546875,46.5748291015625,46.44097900390625,141
2025-07-17T21:00:43.797858,1,24,"[0, 3, 4, 5, 6, 7]",93.01580810546875,46.05963134765625,46.9561767578125,143,93.01580810546875,46.5748291015625,46.44097900390625,141
2025-07-17T21:00:43.810142,2,24,"[0, 1, 2, 3, 5, 6, 7]",93.01580810546875,46.05963134765625,46.9561767578125,143,93.01580810546875,46.5748291015625,46.44097900390625,141
2025-07-17T21:00:43.811973,3,24,"[0, 3, 4, 5, 6, 7]",93.01580810546875,46.05963134765625,46.9561767578125,143,93.01580810546875,46.5748291015625,46.44097900390625,141
2025-07-17T21:00:43.819002,4,24,"[0, 3, 4, 5, 6, 7]",93.01580810546875,46.05963134765625,46.9561767578125,143,93.01580810546875,46.5748291015625,46.44097900390625,141
2025-07-17T21:00:43.830889,0,25,"[0, 1, 2, 3, 5, 6]",93.01580810546875,46.05963134765625,46.9561767578125,143,93.01580810546875,46.5748291015625,46.44097900390625,141
2025-07-17T21:00:43.832931,1,25,"[0, 1, 2, 3, 5, 7]",93.01580810546875,46.05963134765625,46.9561767578125,143,93.01580810546875,46.5748291015625,46.44097900390625,141
2025-07-17T21:00:43.839757,2,25,"[0, 1, 2, 3, 5, 6, 7]",93.01580810546875,46.05963134765625,46.9561767578125,143,93.01580810546875,46.5748291015625,46.44097900390625,141
2025-07-17T21:00:43.846489,3,25,"[0, 1, 2, 3, 5, 7]",93.01580810546875,46.05963134765625,46.9561767578125,143,93.01580810546875,46.5748291015625,46.44097900390625,141
2025-07-17T21:00:43.853740,4,25,"[0, 1, 2, 3, 5, 7]",93.01580810546875,46.05963134765625,46.9561767578125,143,93.01580810546875,46.5748291015625,46.44097900390625,141
2025-07-17T21:00:43.860789,0,26,"[0, 2, 3, 5, 6]",93.01580810546875,46.05963134765625,46.9561767578125,143,93.01580810546875,46.5748291015625,46.44097900390625,141
2025-07-17T21:00:43.868382,1,26,"[0, 2, 3, 5, 6, 7]",93.01580810546875,46.05963134765625,46.9561767578125,143,93.01580810546875,46.5748291015625,46.44097900390625,141
2025-07-17T21:00:43.879820,2,26,"[0, 2, 3, 4, 5, 6, 7]",93.01580810546875,46.05963134765625,46.9561767578125,143,93.01580810546875,46.5748291015625,46.44097900390625,141
2025-07-17T21:00:43.881823,3,26,"[0, 2, 3, 5, 6, 7]",93.01580810546875,46.05963134765625,46.9561767578125,143,93.01580810546875,46.5748291015625,46.44097900390625,141
2025-07-17T21:00:43.889405,4,26,"[0, 2, 3, 5, 6, 7]",93.01580810546875,46.05963134765625,46.9561767578125,143,93.01580810546875,46.5748291015625,46.44097900390625,141
2025-07-17T21:00:43.895809,0,27,"[0, 1, 2, 3, 4, 7]",93.01580810546875,46.05963134765625,46.9561767578125,143,93.01580810546875,46.5748291015625,46.44097900390625,141
2025-07-17T21:00:43.901823,1,27,"[1, 3, 5, 7]",93.01580810546875,46.05963134765625,46.9561767578125,143,93.01580810546875,46.5748291015625,46.44097900390625,141
2025-07-17T21:00:43.912339,2,27,"[0, 1, 3, 4, 5, 7]",93.01580810546875,46.05963134765625,46.9561767578125,143,93.01580810546875,46.5748291015625,46.44097900390625,141
2025-07-17T21:00:43.919133,3,27,"[1, 3, 5, 7]",93.01580810546875,46.05963134765625,46.9561767578125,143,93.01580810546875,46.5748291015625,46.44097900390625,141
2025-07-17T21:00:43.925922,4,27,"[1, 3, 5, 7]",93.01580810546875,46.05963134765625,46.9561767578125,143,93.01580810546875,46.5748291015625,46.44097900390625,141
2025-07-17T21:00:43.932251,0,28,"[0, 1, 3, 5, 6, 7]",93.01580810546875,46.05963134765625,46.9561767578125,143,93.01580810546875,46.5748291015625,46.44097900390625,141
2025-07-17T21:00:43.939031,1,28,"[3, 5, 7]",93.01580810546875,46.05963134765625,46.9561767578125,143,93.01580810546875,46.5748291015625,46.44097900390625,141
2025-07-17T21:00:43.945266,2,28,"[1, 2, 3, 4, 5, 6, 7]",93.01580810546875,46.05963134765625,46.9561767578125,143,93.01580810546875,46.5748291015625,46.44097900390625,141
2025-07-17T21:00:43.951574,3,28,"[3, 5, 7]",93.01580810546875,46.05963134765625,46.9561767578125,143,93.01580810546875,46.5748291015625,46.44097900390625,141
2025-07-17T21:00:43.959124,4,28,"[3, 5, 7]",93.01580810546875,46.05963134765625,46.9561767578125,143,93.01580810546875,46.5748291015625,46.44097900390625,141
2025-07-17T21:00:43.965865,0,29,"[1, 3, 4, 5, 6, 7]",93.01580810546875,46.05963134765625,46.9561767578125,143,93.01580810546875,46.5748291015625,46.44097900390625,141
2025-07-17T21:00:43.974015,1,29,"[0, 1, 2, 3, 4, 5]",93.01580810546875,46.05963134765625,46.9561767578125,143,93.01580810546875,46.5748291015625,46.44097900390625,141
2025-07-17T21:00:43.980715,2,29,"[0, 1, 2, 3, 4, 5, 6, 7]",93.01580810546875,46.05963134765625,46.9561767578125,143,93.01580810546875,46.5748291015625,46.44097900390625,141
2025-07-17T21:00:43.987454,3,29,"[0, 1, 2, 3, 4, 5]",93.01580810546875,46.05963134765625,46.9561767578125,143,93.01580810546875,46.5748291015625,46.44097900390625,141
2025-07-17T21:00:43.994199,4,29,"[0, 1, 2, 3, 4, 5]",93.01580810546875,46.05963134765625,46.9561767578125,143,93.01580810546875,46.5748291015625,46.44097900390625,141
2025-07-17T21:00:44.001618,0,30,"[0, 3, 4, 5]",93.01580810546875,46.05963134765625,46.9561767578125,143,93.01580810546875,46.5748291015625,46.44097900390625,141
2025-07-17T21:00:44.008456,1,30,"[0, 4, 5]",93.01580810546875,46.05963134765625,46.9561767578125,143,93.01580810546875,46.5748291015625,46.44097900390625,141
2025-07-17T21:00:44.016250,2,30,"[0, 2, 3, 4, 5, 7]",93.01580810546875,46.05963134765625,46.9561767578125,143,93.01580810546875,46.5748291015625,46.44097900390625,141
2025-07-17T21:00:44.023192,3,30,"[0, 4, 5]",93.01580810546875,46.05963134765625,46.9561767578125,143,93.01580810546875,46.5748291015625,46.44097900390625,141
2025-07-17T21:00:44.030862,4,30,"[0, 4, 5]",93.01580810546875,46.05963134765625,46.9561767578125,143,93.01580810546875,46.5748291015625,46.44097900390625,141
2025-07-17T21:00:44.033363,0,31,"[2, 5, 7]",93.01580810546875,46.05963134765625,46.9561767578125,143,93.01580810546875,46.5748291015625,46.44097900390625,141
2025-07-17T21:00:44.042145,1,31,"[2, 7]",93.01580810546875,46.05963134765625,46.9561767578125,143,93.01580810546875,46.5748291015625,46.44097900390625,141
2025-07-17T21:00:44.050712,2,31,"[0, 1, 2, 5, 7]",93.01580810546875,46.05963134765625,46.9561767578125,143,93.01580810546875,46.5748291015625,46.44097900390625,141
2025-07-17T21:00:44.059164,3,31,"[2, 7]",93.01580810546875,46.05963134765625,46.9561767578125,143,93.01580810546875,46.5748291015625,46.44097900390625,141
2025-07-17T21:00:44.066269,4,31,"[2, 7]",93.01580810546875,46.05963134765625,46.9561767578125,143,93.01580810546875,46.5748291015625,46.44097900390625,141
2025-07-17T21:00:44.081015,0,0,"[0, 2, 3, 5, 6, 7]",93.01580810546875,46.05963134765625,46.9561767578125,143,93.01580810546875,46.5748291015625,46.44097900390625,141
2025-07-17T21:00:44.083717,1,0,"[0, 3, 5, 6]",93.01580810546875,46.05963134765625,46.9561767578125,143,93.01580810546875,46.5748291015625,46.44097900390625,141
2025-07-17T21:00:44.096053,2,0,"[0, 2, 3, 4, 5, 6, 7]",93.01580810546875,46.05963134765625,46.9561767578125,143,93.01580810546875,46.5748291015625,46.44097900390625,141
2025-07-17T21:00:44.098363,3,0,"[0, 3, 5, 6]",93.01580810546875,46.05963134765625,46.9561767578125,143,93.01580810546875,46.5748291015625,46.44097900390625,141
2025-07-17T21:00:44.105548,4,0,"[0, 3, 5, 6]",93.01580810546875,46.05963134765625,46.9561767578125,143,93.01580810546875,46.5748291015625,46.44097900390625,141
2025-07-17T21:00:44.112588,0,1,"[0, 1, 2, 4, 5, 6, 7]",93.01580810546875,46.05963134765625,46.9561767578125,143,93.01580810546875,46.5748291015625,46.44097900390625,141
2025-07-17T21:00:44.118745,1,1,"[0, 1, 2, 3, 4, 6]",93.01580810546875,46.05963134765625,46.9561767578125,143,93.01580810546875,46.5748291015625,46.44097900390625,141
2025-07-17T21:00:44.132537,2,1,"[0, 1, 2, 4, 5, 6, 7]",93.01580810546875,46.05963134765625,46.9561767578125,143,93.01580810546875,46.5748291015625,46.44097900390625,141
2025-07-17T21:00:44.140503,3,1,"[0, 1, 2, 3, 4, 6]",93.01580810546875,46.05963134765625,46.9561767578125,143,93.01580810546875,46.5748291015625,46.44097900390625,141
2025-07-17T21:00:44.142912,4,1,"[0, 1, 2, 3, 4, 6]",93.01580810546875,46.05963134765625,46.9561767578125,143,93.01580810546875,46.5748291015625,46.44097900390625,141
2025-07-17T21:00:44.155337,0,2,"[0, 1, 2, 3, 4, 6, 7]",93.01580810546875,46.05963134765625,46.9561767578125,143,93.01580810546875,46.5748291015625,46.44097900390625,141
2025-07-17T21:00:44.157449,1,2,"[1, 2, 3, 5, 6, 7]",93.01580810546875,46.05963134765625,46.9561767578125,143,93.01580810546875,46.5748291015625,46.44097900390625,141
2025-07-17T21:00:44.164540,2,2,"[0, 1, 2, 3, 5, 6, 7]",93.01580810546875,46.05963134765625,46.9561767578125,143,93.01580810546875,46.5748291015625,46.44097900390625,141
2025-07-17T21:00:44.173348,3,2,"[1, 2, 3, 5, 6, 7]",93.01580810546875,46.05963134765625,46.9561767578125,143,93.01580810546875,46.5748291015625,46.44097900390625,141
2025-07-17T21:00:44.185076,4,2,"[1, 2, 3, 5, 6, 7]",93.01580810546875,46.05963134765625,46.9561767578125,143,93.01580810546875,46.5748291015625,46.44097900390625,141
2025-07-17T21:00:44.186905,0,3,"[0, 1, 2, 3, 4, 5, 6, 7]",93.01580810546875,46.05963134765625,46.9561767578125,143,93.01580810546875,46.5748291015625,46.44097900390625,141
2025-07-17T21:00:44.193604,1,3,"[0, 3, 4, 5, 7]",93.01580810546875,46.05963134765625,46.9561767578125,143,93.01580810546875,46.5748291015625,46.44097900390625,141
2025-07-17T21:00:44.199883,2,3,"[0, 1, 2, 3, 4, 5, 6, 7]",93.01580810546875,46.05963134765625,46.9561767578125,143,93.01580810546875,46.5748291015625,46.44097900390625,141
2025-07-17T21:00:44.206719,3,3,"[0, 3, 4, 5, 7]",93.01580810546875,46.05963134765625,46.9561767578125,143,93.01580810546875,46.5748291015625,46.44097900390625,141
2025-07-17T21:00:44.213841,4,3,"[0, 3, 4, 5, 7]",93.01580810546875,46.05963134765625,46.9561767578125,143,93.01580810546875,46.5748291015625,46.44097900390625,141
2025-07-17T21:00:44.220162,0,4,"[0, 1, 2, 3, 4, 5, 6, 7]",93.01580810546875,46.05963134765625,46.9561767578125,143,93.01580810546875,46.5748291015625,46.44097900390625,141
2025-07-17T21:00:44.233312,1,4,"[0, 1, 2, 3, 6, 7]",93.01580810546875,46.05963134765625,46.9561767578125,143,93.01580810546875,46.5748291015625,46.44097900390625,141
2025-07-17T21:00:44.235805,2,4,"[0, 1, 2, 3, 4, 5, 6, 7]",93.01580810546875,46.05963134765625,46.9561767578125,143,93.01580810546875,46.5748291015625,46.44097900390625,141
2025-07-17T21:00:44.242646,3,4,"[0, 1, 2, 3, 6, 7]",93.01580810546875,46.05963134765625,46.9561767578125,143,93.01580810546875,46.5748291015625,46.44097900390625,141
2025-07-17T21:00:44.249688,4,4,"[0, 1, 2, 3, 6, 7]",93.01580810546875,46.05963134765625,46.9561767578125,143,93.01580810546875,46.5748291015625,46.44097900390625,141
2025-07-17T21:00:44.258832,0,5,"[0, 1, 2, 3, 4, 5, 6, 7]",93.01580810546875,46.05963134765625,46.9561767578125,143,93.01580810546875,46.5748291015625,46.44097900390625,141
2025-07-17T21:00:44.269355,1,5,"[2, 3, 5, 6, 7]",93.01580810546875,46.05963134765625,46.9561767578125,143,93.01580810546875,46.5748291015625,46.44097900390625,141
2025-07-17T21:00:44.271484,2,5,"[0, 1, 2, 3, 5, 6, 7]",93.01580810546875,46.05963134765625,46.9561767578125,143,93.01580810546875,46.5748291015625,46.44097900390625,141
2025-07-17T21:00:44.277952,3,5,"[2, 3, 5, 6, 7]",93.01580810546875,46.05963134765625,46.9561767578125,143,93.01580810546875,46.5748291015625,46.44097900390625,141
2025-07-17T21:00:44.284781,4,5,"[2, 3, 5, 6, 7]",93.01580810546875,46.05963134765625,46.9561767578125,143,93.01580810546875,46.5748291015625,46.44097900390625,141
2025-07-17T21:00:44.296632,0,6,"[0, 1, 2, 3, 5, 6, 7]",93.01580810546875,46.05963134765625,46.9561767578125,143,93.01580810546875,46.5748291015625,46.44097900390625,141
2025-07-17T21:00:44.298391,1,6,"[0, 2, 5, 6, 7]",93.01580810546875,46.05963134765625,46.9561767578125,143,93.01580810546875,46.5748291015625,46.44097900390625,141
2025-07-17T21:00:44.305360,2,6,"[0, 1, 2, 3, 4, 5, 6, 7]",93.01580810546875,46.05963134765625,46.9561767578125,143,93.01580810546875,46.5748291015625,46.44097900390625,141
2025-07-17T21:00:44.311537,3,6,"[0, 2, 5, 6, 7]",93.01580810546875,46.05963134765625,46.9561767578125,143,93.01580810546875,46.5748291015625,46.44097900390625,141
2025-07-17T21:00:44.322520,4,6,"[0, 2, 5, 6, 7]",93.01580810546875,46.05963134765625,46.9561767578125,143,93.01580810546875,46.5748291015625,46.44097900390625,141
2025-07-17T21:00:44.324373,0,7,"[1, 2, 3, 4, 5, 6]",93.01580810546875,46.05963134765625,46.9561767578125,143,93.01580810546875,46.5748291015625,46.44097900390625,141
2025-07-17T21:00:44.335891,1,7,"[1, 2, 3, 4, 5, 6]",93.01580810546875,46.05963134765625,46.9561767578125,143,93.01580810546875,46.5748291015625,46.44097900390625,141
2025-07-17T21:00:44.338201,2,7,"[0, 1, 3, 4, 5, 6, 7]",93.01580810546875,46.05963134765625,46.9561767578125,143,93.01580810546875,46.5748291015625,46.44097900390625,141
2025-07-17T21:00:44.350050,3,7,"[1, 2, 3, 4, 5, 6]",93.01580810546875,46.05963134765625,46.9561767578125,143,93.01580810546875,46.5748291015625,46.44097900390625,141
2025-07-17T21:00:44.351989,4,7,"[1, 2, 3, 4, 5, 6]",93.01580810546875,46.05963134765625,46.9561767578125,143,93.01580810546875,46.5748291015625,46.44097900390625,141
2025-07-17T21:00:44.358813,0,8,"[0, 2, 3, 4, 5, 7]",93.01580810546875,46.05963134765625,46.9561767578125,143,93.01580810546875,46.5748291015625,46.44097900390625,141
2025-07-17T21:00:44.371134,1,8,"[0, 3, 4, 5, 6, 7]",93.01580810546875,46.05963134765625,46.9561767578125,143,93.01580810546875,46.5748291015625,46.44097900390625,141
2025-07-17T21:00:44.373126,2,8,"[0, 1, 2, 3, 4, 5, 6, 7]",93.01580810546875,46.05963134765625,46.9561767578125,143,93.01580810546875,46.5748291015625,46.44097900390625,141
2025-07-17T21:00:44.379942,3,8,"[0, 3, 4, 5, 6, 7]",93.01580810546875,46.05963134765625,46.9561767578125,143,93.01580810546875,46.5748291015625,46.44097900390625,141
2025-07-17T21:00:44.392381,4,8,"[0, 3, 4, 5, 6, 7]",93.01580810546875,46.05963134765625,46.9561767578125,143,93.01580810546875,46.5748291015625,46.44097900390625,141
2025-07-17T21:00:44.394378,0,9,"[1, 2, 3, 4, 5, 6, 7]",93.01580810546875,46.05963134765625,46.9561767578125,143,93.01580810546875,46.5748291015625,46.44097900390625,141
2025-07-17T21:00:44.400945,1,9,"[1, 4, 5, 6, 7]",93.01580810546875,46.05963134765625,46.9561767578125,143,93.01580810546875,46.5748291015625,46.44097900390625,141
2025-07-17T21:00:44.407827,2,9,"[0, 1, 2, 4, 5, 6, 7]",93.01580810546875,46.05963134765625,46.9561767578125,143,93.01580810546875,46.5748291015625,46.44097900390625,141
2025-07-17T21:00:44.414868,3,9,"[1, 4, 5, 6, 7]",93.01580810546875,46.05963134765625,46.9561767578125,143,93.01580810546875,46.5748291015625,46.44097900390625,141
2025-07-17T21:00:44.421181,4,9,"[1, 4, 5, 6, 7]",93.01580810546875,46.05963134765625,46.9561767578125,143,93.01580810546875,46.5748291015625,46.44097900390625,141
2025-07-17T21:00:44.428755,0,10,"[0, 2, 3, 4, 5, 6, 7]",93.01580810546875,46.05963134765625,46.9561767578125,143,93.01580810546875,46.5748291015625,46.44097900390625,141
2025-07-17T21:00:44.435305,1,10,"[0, 1, 2, 4, 7]",93.01580810546875,46.05963134765625,46.9561767578125,143,93.01580810546875,46.5748291015625,46.44097900390625,141
2025-07-17T21:00:44.442208,2,10,"[0, 2, 4, 5, 6, 7]",93.01580810546875,46.05963134765625,46.9561767578125,143,93.01580810546875,46.5748291015625,46.44097900390625,141
2025-07-17T21:00:44.449326,3,10,"[0, 1, 2, 4, 7]",93.01580810546875,46.05963134765625,46.9561767578125,143,93.01580810546875,46.5748291015625,46.44097900390625,141
2025-07-17T21:00:44.461028,4,10,"[0, 1, 2, 4, 7]",93.01580810546875,46.05963134765625,46.9561767578125,143,93.01580810546875,46.5748291015625,46.44097900390625,141
2025-07-17T21:00:44.463098,0,11,"[1, 2, 4, 5, 7]",93.01580810546875,46.05963134765625,46.9561767578125,143,93.01580810546875,46.5748291015625,46.44097900390625,141
2025-07-17T21:00:44.470220,1,11,"[2, 4, 7]",93.01580810546875,46.05963134765625,46.9561767578125,143,93.01580810546875,46.5748291015625,46.44097900390625,141
2025-07-17T21:00:44.481891,2,11,"[0, 1, 2, 3, 4, 6, 7]",93.01580810546875,46.05963134765625,46.9561767578125,143,93.01580810546875,46.5748291015625,46.44097900390625,141
2025-07-17T21:00:44.483871,3,11,"[2, 4, 7]",93.01580810546875,46.05963134765625,46.9561767578125,143,93.01580810546875,46.5748291015625,46.44097900390625,141
2025-07-17T21:00:44.491505,4,11,"[2, 4, 7]",93.01580810546875,46.05963134765625,46.9561767578125,143,93.01580810546875,46.5748291015625,46.44097900390625,141
2025-07-17T21:00:44.497785,0,12,"[0, 1, 3, 4, 5, 6, 7]",93.01580810546875,46.05963134765625,46.9561767578125,143,93.01580810546875,46.5748291015625,46.44097900390625,141
2025-07-17T21:00:44.505055,1,12,"[0, 1, 3, 4, 5]",93.01580810546875,46.05963134765625,46.9561767578125,143,93.01580810546875,46.5748291015625,46.44097900390625,141
2025-07-17T21:00:44.512748,2,12,"[0, 1, 2, 3, 4, 5, 6]",93.01580810546875,46.05963134765625,46.9561767578125,143,93.01580810546875,46.5748291015625,46.44097900390625,141
2025-07-17T21:00:44.520286,3,12,"[0, 1, 3, 4, 5]",93.01580810546875,46.05963134765625,46.9561767578125,143,93.01580810546875,46.5748291015625,46.44097900390625,141
2025-07-17T21:00:44.527904,4,12,"[0, 1, 3, 4, 5]",93.01580810546875,46.05963134765625,46.9561767578125,143,93.01580810546875,46.5748291015625,46.44097900390625,141
2025-07-17T21:00:44.540350,0,13,"[0, 1, 2, 3, 4, 7]",93.01580810546875,46.05963134765625,46.9561767578125,143,93.01580810546875,46.5748291015625,46.44097900390625,141
2025-07-17T21:00:44.542106,1,13,"[1, 2, 7]",93.01580810546875,46.05963134765625,46.9561767578125,143,93.01580810546875,46.5748291015625,46.44097900390625,141
2025-07-17T21:00:44.555175,2,13,"[0, 1, 2, 3, 4, 5, 7]",93.01580810546875,46.05963134765625,46.9561767578125,143,93.01580810546875,46.5748291015625,46.44097900390625,141
2025-07-17T21:00:44.557425,3,13,"[1, 2, 7]",93.01580810546875,46.05963134765625,46.9561767578125,143,93.01580810546875,46.5748291015625,46.44097900390625,141
2025-07-17T21:00:44.563998,4,13,"[1, 2, 7]",93.01580810546875,46.05963134765625,46.9561767578125,143,93.01580810546875,46.5748291015625,46.44097900390625,141
2025-07-17T21:00:44.575168,0,14,"[0, 1, 4, 5, 6, 7]",93.01580810546875,46.05963134765625,46.9561767578125,143,93.01580810546875,46.5748291015625,46.44097900390625,141
2025-07-17T21:00:44.577249,1,14,"[0, 2, 4, 5]",93.01580810546875,46.05963134765625,46.9561767578125,143,93.01580810546875,46.5748291015625,46.44097900390625,141
2025-07-17T21:00:44.584012,2,14,"[0, 1, 2, 4, 5, 6, 7]",93.01580810546875,46.05963134765625,46.9561767578125,143,93.01580810546875,46.5748291015625,46.44097900390625,141
2025-07-17T21:00:44.590604,3,14,"[0, 2, 4, 5]",93.01580810546875,46.05963134765625,46.9561767578125,143,93.01580810546875,46.5748291015625,46.44097900390625,141
2025-07-17T21:00:44.597420,4,14,"[0, 2, 4, 5]",93.01580810546875,46.05963134765625,46.9561767578125,143,93.01580810546875,46.5748291015625,46.44097900390625,141
2025-07-17T21:00:44.609377,0,15,"[0, 1, 2, 3, 4, 5, 6]",93.01580810546875,46.05963134765625,46.9561767578125,143,93.01580810546875,46.5748291015625,46.44097900390625,141
2025-07-17T21:00:44.611553,1,15,"[0, 3, 4, 5]",93.01580810546875,46.05963134765625,46.9561767578125,143,93.01580810546875,46.5748291015625,46.44097900390625,141
2025-07-17T21:00:44.618438,2,15,"[0, 1, 2, 3, 4, 5, 7]",93.01580810546875,46.05963134765625,46.9561767578125,143,93.01580810546875,46.5748291015625,46.44097900390625,141
2025-07-17T21:00:44.624551,3,15,"[0, 3, 4, 5]",93.01580810546875,46.05963134765625,46.9561767578125,143,93.01580810546875,46.5748291015625,46.44097900390625,141
2025-07-17T21:00:44.631761,4,15,"[0, 3, 4, 5]",93.01580810546875,46.05963134765625,46.9561767578125,143,93.01580810546875,46.5748291015625,46.44097900390625,141
2025-07-17T21:00:44.638810,0,16,"[0, 2, 3, 4, 5, 6, 7]",93.01580810546875,46.05963134765625,46.9561767578125,143,93.01580810546875,46.5748291015625,46.44097900390625,141
2025-07-17T21:00:44.645523,1,16,"[3, 5, 6, 7]",93.01580810546875,46.05963134765625,46.9561767578125,143,93.01580810546875,46.5748291015625,46.44097900390625,141
2025-07-17T21:00:44.657790,2,16,"[1, 2, 3, 4, 5, 6, 7]",93.01580810546875,46.05963134765625,46.9561767578125,143,93.01580810546875,46.5748291015625,46.44097900390625,141
2025-07-17T21:00:44.659695,3,16,"[3, 5, 6, 7]",93.01580810546875,46.05963134765625,46.9561767578125,143,93.01580810546875,46.5748291015625,46.44097900390625,141
2025-07-17T21:00:44.670452,4,16,"[3, 5, 6, 7]",93.01580810546875,46.05963134765625,46.9561767578125,143,93.01580810546875,46.5748291015625,46.44097900390625,141
2025-07-17T21:00:44.677638,0,17,"[0, 1, 2, 3, 4, 5, 6, 7]",93.01580810546875,46.05963134765625,46.9561767578125,143,93.01580810546875,46.5748291015625,46.44097900390625,141
2025-07-17T21:00:44.684652,1,17,"[0, 3, 4, 6, 7]",93.01580810546875,46.05963134765625,46.9561767578125,143,93.01580810546875,46.5748291015625,46.44097900390625,141
2025-07-17T21:00:44.691321,2,17,"[0, 2, 3, 5, 6, 7]",93.01580810546875,46.05963134765625,46.9561767578125,143,93.01580810546875,46.5748291015625,46.44097900390625,141
2025-07-17T21:00:44.697796,3,17,"[0, 3, 4, 6, 7]",93.01580810546875,46.05963134765625,46.9561767578125,143,93.01580810546875,46.5748291015625,46.44097900390625,141
2025-07-17T21:00:44.704681,4,17,"[0, 3, 4, 6, 7]",93.01580810546875,46.05963134765625,46.9561767578125,143,93.01580810546875,46.5748291015625,46.44097900390625,141
2025-07-17T21:00:44.711871,0,18,"[0, 1, 2, 3, 4, 5, 7]",93.01580810546875,46.05963134765625,46.9561767578125,143,93.01580810546875,46.5748291015625,46.44097900390625,141
2025-07-17T21:00:44.718610,1,18,"[0, 1, 3, 4]",93.01580810546875,46.05963134765625,46.9561767578125,143,93.01580810546875,46.5748291015625,46.44097900390625,141
2025-07-17T21:00:44.725375,2,18,"[0, 2, 3, 4, 5, 7]",93.01580810546875,46.05963134765625,46.9561767578125,143,93.01580810546875,46.5748291015625,46.44097900390625,141
2025-07-17T21:00:44.732528,3,18,"[0, 1, 3, 4]",93.01580810546875,46.05963134765625,46.9561767578125,143,93.01580810546875,46.5748291015625,46.44097900390625,141
2025-07-17T21:00:44.739319,4,18,"[0, 1, 3, 4]",93.01580810546875,46.05963134765625,46.9561767578125,143,93.01580810546875,46.5748291015625,46.44097900390625,141
2025-07-17T21:00:44.747126,0,19,"[0, 1, 2, 3, 4, 5, 6, 7]",93.01580810546875,46.05963134765625,46.9561767578125,143,93.01580810546875,46.5748291015625,46.44097900390625,141
2025-07-17T21:00:44.753772,1,19,"[0, 2, 3, 5, 6, 7]",93.01580810546875,46.05963134765625,46.9561767578125,143,93.01580810546875,46.5748291015625,46.44097900390625,141
2025-07-17T21:00:44.760732,2,19,"[0, 1, 2, 3, 4, 5, 6, 7]",93.01580810546875,46.05963134765625,46.9561767578125,143,93.01580810546875,46.5748291015625,46.44097900390625,141
2025-07-17T21:00:44.767431,3,19,"[0, 2, 3, 5, 6, 7]",93.01580810546875,46.05963134765625,46.9561767578125,143,93.01580810546875,46.5748291015625,46.44097900390625,141
2025-07-17T21:00:44.773917,4,19,"[0, 2, 3, 5, 6, 7]",93.01580810546875,46.05963134765625,46.9561767578125,143,93.01580810546875,46.5748291015625,46.44097900390625,141
2025-07-17T21:00:44.780727,0,20,"[0, 1, 2, 3, 4, 5, 6]",93.01580810546875,46.05963134765625,46.9561767578125,143,93.01580810546875,46.5748291015625,46.44097900390625,141
2025-07-17T21:00:44.787269,1,20,"[0, 1, 2, 3, 4, 6]",93.01580810546875,46.05963134765625,46.9561767578125,143,93.01580810546875,46.5748291015625,46.44097900390625,141
2025-07-17T21:00:44.793936,2,20,"[0, 1, 2, 3, 4, 5, 6, 7]",93.01580810546875,46.05963134765625,46.9561767578125,143,93.01580810546875,46.5748291015625,46.44097900390625,141
2025-07-17T21:00:44.801445,3,20,"[0, 1, 2, 3, 4, 6]",93.01580810546875,46.05963134765625,46.9561767578125,143,93.01580810546875,46.5748291015625,46.44097900390625,141
2025-07-17T21:00:44.808506,4,20,"[0, 1, 2, 3, 4, 6]",93.01580810546875,46.05963134765625,46.9561767578125,143,93.01580810546875,46.5748291015625,46.44097900390625,141
2025-07-17T21:00:44.815251,0,21,"[0, 1, 2, 3, 4, 5, 7]",93.01580810546875,46.05963134765625,46.9561767578125,143,93.01580810546875,46.5748291015625,46.44097900390625,141
2025-07-17T21:00:44.822374,1,21,"[0, 1, 2, 3, 5]",93.01580810546875,46.05963134765625,46.9561767578125,143,93.01580810546875,46.5748291015625,46.44097900390625,141
2025-07-17T21:00:44.829483,2,21,"[0, 1, 2, 3, 4, 5, 6, 7]",93.01580810546875,46.05963134765625,46.9561767578125,143,93.01580810546875,46.5748291015625,46.44097900390625,141
2025-07-17T21:00:44.837312,3,21,"[0, 1, 2, 3, 5]",93.01580810546875,46.05963134765625,46.9561767578125,143,93.01580810546875,46.5748291015625,46.44097900390625,141
2025-07-17T21:00:44.844739,4,21,"[0, 1, 2, 3, 5]",93.01580810546875,46.05963134765625,46.9561767578125,143,93.01580810546875,46.5748291015625,46.44097900390625,141
2025-07-17T21:00:44.852576,0,22,"[0, 1, 2, 3, 4, 5, 6, 7]",93.01580810546875,46.05963134765625,46.9561767578125,143,93.01580810546875,46.5748291015625,46.44097900390625,141
2025-07-17T21:00:44.860292,1,22,"[0, 1, 2, 3, 4, 6]",93.01580810546875,46.05963134765625,46.9561767578125,143,93.01580810546875,46.5748291015625,46.44097900390625,141
2025-07-17T21:00:44.867226,2,22,"[0, 1, 2, 3, 4, 5, 6, 7]",93.01580810546875,46.05963134765625,46.9561767578125,143,93.01580810546875,46.5748291015625,46.44097900390625,141
2025-07-17T21:00:44.874106,3,22,"[0, 1, 2, 3, 4, 6]",93.01580810546875,46.05963134765625,46.9561767578125,143,93.01580810546875,46.5748291015625,46.44097900390625,141
2025-07-17T21:00:44.881158,4,22,"[0, 1, 2, 3, 4, 6]",93.01580810546875,46.05963134765625,46.9561767578125,143,93.01580810546875,46.5748291015625,46.44097900390625,141
2025-07-17T21:00:44.887970,0,23,"[0, 1, 2, 3, 4, 5, 6, 7]",93.01580810546875,46.05963134765625,46.9561767578125,143,93.01580810546875,46.5748291015625,46.44097900390625,141
2025-07-17T21:00:44.894886,1,23,"[0, 3, 4, 5, 6, 7]",93.01580810546875,46.05963134765625,46.9561767578125,143,93.01580810546875,46.5748291015625,46.44097900390625,141
2025-07-17T21:00:44.901582,2,23,"[0, 2, 3, 4, 5, 6, 7]",93.01580810546875,46.05963134765625,46.9561767578125,143,93.01580810546875,46.5748291015625,46.44097900390625,141
2025-07-17T21:00:44.908664,3,23,"[0, 3, 4, 5, 6, 7]",93.01580810546875,46.05963134765625,46.9561767578125,143,93.01580810546875,46.5748291015625,46.44097900390625,141
2025-07-17T21:00:44.915554,4,23,"[0, 3, 4, 5, 6, 7]",93.01580810546875,46.05963134765625,46.9561767578125,143,93.01580810546875,46.5748291015625,46.44097900390625,141
2025-07-17T21:00:44.917853,0,24,"[0, 1, 3, 4, 5, 6, 7]",93.01580810546875,46.05963134765625,46.9561767578125,143,93.01580810546875,46.5748291015625,46.44097900390625,141
2025-07-17T21:00:44.929587,1,24,"[0, 3, 4, 5, 6, 7]",93.01580810546875,46.05963134765625,46.9561767578125,143,93.01580810546875,46.5748291015625,46.44097900390625,141
2025-07-17T21:00:44.936229,2,24,"[0, 1, 2, 3, 4, 5, 6, 7]",93.01580810546875,46.05963134765625,46.9561767578125,143,93.01580810546875,46.5748291015625,46.44097900390625,141
2025-07-17T21:00:44.942685,3,24,"[0, 3, 4, 5, 6, 7]",93.01580810546875,46.05963134765625,46.9561767578125,143,93.01580810546875,46.5748291015625,46.44097900390625,141
2025-07-17T21:00:44.949189,4,24,"[0, 3, 4, 5, 6, 7]",93.01580810546875,46.05963134765625,46.9561767578125,143,93.01580810546875,46.5748291015625,46.44097900390625,141
2025-07-17T21:00:44.955850,0,25,"[0, 1, 2, 3, 4, 5, 6, 7]",93.01580810546875,46.05963134765625,46.9561767578125,143,93.01580810546875,46.5748291015625,46.44097900390625,141
2025-07-17T21:00:44.962457,1,25,"[0, 1, 2, 6, 7]",93.01580810546875,46.05963134765625,46.9561767578125,143,93.01580810546875,46.5748291015625,46.44097900390625,141
2025-07-17T21:00:44.968777,2,25,"[0, 1, 2, 3, 4, 5, 6, 7]",93.01580810546875,46.05963134765625,46.9561767578125,143,93.01580810546875,46.5748291015625,46.44097900390625,141
2025-07-17T21:00:44.976074,3,25,"[0, 1, 2, 6, 7]",93.01580810546875,46.05963134765625,46.9561767578125,143,93.01580810546875,46.5748291015625,46.44097900390625,141
2025-07-17T21:00:44.982727,4,25,"[0, 1, 2, 6, 7]",93.01580810546875,46.05963134765625,46.9561767578125,143,93.01580810546875,46.5748291015625,46.44097900390625,141
2025-07-17T21:00:44.989584,0,26,"[0, 1, 2, 3, 5, 7]",93.01580810546875,46.05963134765625,46.9561767578125,143,93.01580810546875,46.5748291015625,46.44097900390625,141
2025-07-17T21:00:44.996408,1,26,"[0, 2, 3, 4, 5, 6]",93.01580810546875,46.05963134765625,46.9561767578125,143,93.01580810546875,46.5748291015625,46.44097900390625,141
2025-07-17T21:00:45.003183,2,26,"[0, 1, 2, 3, 4, 5, 6, 7]",93.01580810546875,46.05963134765625,46.9561767578125,143,93.01580810546875,46.5748291015625,46.44097900390625,141
2025-07-17T21:00:45.010377,3,26,"[0, 2, 3, 4, 5, 6]",93.01580810546875,46.05963134765625,46.9561767578125,143,93.01580810546875,46.5748291015625,46.44097900390625,141
2025-07-17T21:00:45.016926,4,26,"[0, 2, 3, 4, 5, 6]",93.01580810546875,46.05963134765625,46.9561767578125,143,93.01580810546875,46.5748291015625,46.44097900390625,141
2025-07-17T21:00:45.023339,0,27,"[0, 1, 2, 3, 4, 5, 6, 7]",93.01580810546875,46.05963134765625,46.9561767578125,143,93.01580810546875,46.5748291015625,46.44097900390625,141
2025-07-17T21:00:45.030117,1,27,"[1, 2, 3, 6, 7]",93.01580810546875,46.05963134765625,46.9561767578125,143,93.01580810546875,46.5748291015625,46.44097900390625,141
2025-07-17T21:00:45.036756,2,27,"[0, 1, 3, 4, 5, 6, 7]",93.01580810546875,46.05963134765625,46.9561767578125,143,93.01580810546875,46.5748291015625,46.44097900390625,141
2025-07-17T21:00:45.043783,3,27,"[1, 2, 3, 6, 7]",93.01580810546875,46.05963134765625,46.9561767578125,143,93.01580810546875,46.5748291015625,46.44097900390625,141
2025-07-17T21:00:45.050783,4,27,"[1, 2, 3, 6, 7]",93.01580810546875,46.05963134765625,46.9561767578125,143,93.01580810546875,46.5748291015625,46.44097900390625,141
2025-07-17T21:00:45.058135,0,28,"[0, 1, 2, 3, 5, 6, 7]",93.01580810546875,46.05963134765625,46.9561767578125,143,93.01580810546875,46.5748291015625,46.44097900390625,141
2025-07-17T21:00:45.064298,1,28,"[0, 1, 2, 3, 5, 7]",93.01580810546875,46.05963134765625,46.9561767578125,143,93.01580810546875,46.5748291015625,46.44097900390625,141
2025-07-17T21:00:45.071163,2,28,"[0, 1, 2, 3, 4, 5, 6, 7]",93.01580810546875,46.05963134765625,46.9561767578125,143,93.01580810546875,46.5748291015625,46.44097900390625,141
2025-07-17T21:00:45.078353,3,28,"[0, 1, 2, 3, 5, 7]",93.01580810546875,46.05963134765625,46.9561767578125,143,93.01580810546875,46.5748291015625,46.44097900390625,141
2025-07-17T21:00:45.080490,4,28,"[0, 1, 2, 3, 5, 7]",93.01580810546875,46.05963134765625,46.9561767578125,143,93.01580810546875,46.5748291015625,46.44097900390625,141
2025-07-17T21:00:45.091541,0,29,"[1, 2, 3, 4, 5, 6, 7]",93.01580810546875,46.05963134765625,46.9561767578125,143,93.01580810546875,46.5748291015625,46.44097900390625,141
2025-07-17T21:00:45.098168,1,29,"[2, 3, 4, 5, 7]",93.01580810546875,46.05963134765625,46.9561767578125,143,93.01580810546875,46.5748291015625,46.44097900390625,141
2025-07-17T21:00:45.105175,2,29,"[0, 1, 2, 3, 4, 5, 6, 7]",93.01580810546875,46.05963134765625,46.9561767578125,143,93.01580810546875,46.5748291015625,46.44097900390625,141
2025-07-17T21:00:45.112074,3,29,"[2, 3, 4, 5, 7]",93.01580810546875,46.05963134765625,46.9561767578125,143,93.01580810546875,46.5748291015625,46.44097900390625,141
2025-07-17T21:00:45.120623,4,29,"[2, 3, 4, 5, 7]",93.01580810546875,46.05963134765625,46.9561767578125,143,93.01580810546875,46.5748291015625,46.44097900390625,141
2025-07-17T21:00:45.127372,0,30,"[0, 1, 3, 4, 5, 7]",93.01580810546875,46.05963134765625,46.9561767578125,143,93.01580810546875,46.5748291015625,46.44097900390625,141
2025-07-17T21:00:45.134741,1,30,"[0, 4, 5, 7]",93.01580810546875,46.05963134765625,46.9561767578125,143,93.01580810546875,46.5748291015625,46.44097900390625,141
2025-07-17T21:00:45.137104,2,30,"[0, 1, 2, 3, 4, 5, 6, 7]",93.01580810546875,46.05963134765625,46.9561767578125,143,93.01580810546875,46.5748291015625,46.44097900390625,141
2025-07-17T21:00:45.144166,3,30,"[0, 4, 5, 7]",93.01580810546875,46.05963134765625,46.9561767578125,143,93.01580810546875,46.5748291015625,46.44097900390625,141
2025-07-17T21:00:45.150865,4,30,"[0, 4, 5, 7]",93.01580810546875,46.05963134765625,46.9561767578125,143,93.01580810546875,46.5748291015625,46.44097900390625,141
2025-07-17T21:00:45.158101,0,31,"[0, 1, 2, 4, 5, 6, 7]",93.01580810546875,46.05963134765625,46.9561767578125,143,93.01580810546875,46.5748291015625,46.44097900390625,141
2025-07-17T21:00:45.166489,1,31,"[0, 1, 2, 7]",93.01580810546875,46.05963134765625,46.9561767578125,143,93.01580810546875,46.5748291015625,46.44097900390625,141
2025-07-17T21:00:45.174159,2,31,"[0, 1, 2, 3, 5, 6, 7]",93.01580810546875,46.05963134765625,46.9561767578125,143,93.01580810546875,46.5748291015625,46.44097900390625,141
2025-07-17T21:00:45.186640,3,31,"[0, 1, 2, 7]",93.01580810546875,46.05963134765625,46.9561767578125,143,93.01580810546875,46.5748291015625,46.44097900390625,141
2025-07-17T21:00:45.189080,4,31,"[0, 1, 2, 7]",93.01580810546875,46.05963134765625,46.9561767578125,143,93.01580810546875,46.5748291015625,46.44097900390625,141
2025-07-17T21:00:45.199905,0,0,"[0, 2, 3, 4, 5, 6, 7]",93.01580810546875,46.05963134765625,46.9561767578125,143,93.01580810546875,46.5748291015625,46.44097900390625,141
2025-07-17T21:00:45.206822,1,0,"[0, 2, 3, 4, 5, 6]",93.01580810546875,46.05963134765625,46.9561767578125,143,93.01580810546875,46.5748291015625,46.44097900390625,141
2025-07-17T21:00:45.213426,2,0,"[0, 1, 3, 4, 5, 6, 7]",93.01580810546875,46.05963134765625,46.9561767578125,143,93.01580810546875,46.5748291015625,46.44097900390625,141
2025-07-17T21:00:45.227898,3,0,"[0, 2, 3, 4, 5, 6]",93.01580810546875,46.05963134765625,46.9561767578125,143,93.01580810546875,46.5748291015625,46.44097900390625,141
2025-07-17T21:00:45.230222,4,0,"[0, 2, 3, 4, 5, 6]",93.01580810546875,46.05963134765625,46.9561767578125,143,93.01580810546875,46.5748291015625,46.44097900390625,141
2025-07-17T21:00:45.237178,0,1,"[0, 1, 2, 4, 5, 6, 7]",93.01580810546875,46.05963134765625,46.9561767578125,143,93.01580810546875,46.5748291015625,46.44097900390625,141
2025-07-17T21:00:45.243532,1,1,"[0, 1, 2, 4, 5, 6, 7]",93.01580810546875,46.05963134765625,46.9561767578125,143,93.01580810546875,46.5748291015625,46.44097900390625,141
2025-07-17T21:00:45.250388,2,1,"[0, 1, 2, 4, 5, 6, 7]",93.01580810546875,46.05963134765625,46.9561767578125,143,93.01580810546875,46.5748291015625,46.44097900390625,141
2025-07-17T21:00:45.257632,3,1,"[0, 1, 2, 4, 5, 6, 7]",93.01580810546875,46.05963134765625,46.9561767578125,143,93.01580810546875,46.5748291015625,46.44097900390625,141
2025-07-17T21:00:45.265044,4,1,"[0, 1, 2, 4, 5, 6, 7]",93.01580810546875,46.05963134765625,46.9561767578125,143,93.01580810546875,46.5748291015625,46.44097900390625,141
2025-07-17T21:00:45.271816,0,2,"[0, 1, 2, 3, 4, 6, 7]",93.01580810546875,46.05963134765625,46.9561767578125,143,93.01580810546875,46.5748291015625,46.44097900390625,141
2025-07-17T21:00:45.279331,1,2,"[0, 2, 3, 5, 6, 7]",93.01580810546875,46.05963134765625,46.9561767578125,143,93.01580810546875,46.5748291015625,46.44097900390625,141
2025-07-17T21:00:45.291681,2,2,"[0, 1, 2, 3, 4, 5, 6, 7]",93.01580810546875,46.05963134765625,46.9561767578125,143,93.01580810546875,46.5748291015625,46.44097900390625,141
2025-07-17T21:00:45.293791,3,2,"[0, 2, 3, 5, 6, 7]",93.01580810546875,46.05963134765625,46.9561767578125,143,93.01580810546875,46.5748291015625,46.44097900390625,141
2025-07-17T21:00:45.300455,4,2,"[0, 2, 3, 5, 6, 7]",93.01580810546875,46.05963134765625,46.9561767578125,143,93.01580810546875,46.5748291015625,46.44097900390625,141
2025-07-17T21:00:45.307275,0,3,"[1, 2, 3, 4, 5, 6, 7]",93.01580810546875,46.05963134765625,46.9561767578125,143,93.01580810546875,46.5748291015625,46.44097900390625,141
2025-07-17T21:00:45.314824,1,3,"[1, 2, 3, 4, 5, 6, 7]",93.01580810546875,46.05963134765625,46.9561767578125,143,93.01580810546875,46.5748291015625,46.44097900390625,141
2025-07-17T21:00:45.326991,2,3,"[0, 1, 2, 3, 4, 5, 6, 7]",93.01580810546875,46.05963134765625,46.9561767578125,143,93.01580810546875,46.5748291015625,46.44097900390625,141
2025-07-17T21:00:45.334607,3,3,"[1, 2, 3, 4, 5, 6, 7]",93.01580810546875,46.05963134765625,46.9561767578125,143,93.01580810546875,46.5748291015625,46.44097900390625,141
2025-07-17T21:00:45.336330,4,3,"[1, 2, 3, 4, 5, 6, 7]",93.01580810546875,46.05963134765625,46.9561767578125,143,93.01580810546875,46.5748291015625,46.44097900390625,141
2025-07-17T21:00:45.343851,0,4,"[0, 1, 2, 3, 4, 5, 6, 7]",93.01580810546875,46.05963134765625,46.9561767578125,143,93.01580810546875,46.5748291015625,46.44097900390625,141
2025-07-17T21:00:45.349678,1,4,"[0, 1, 2, 3, 4, 5, 6, 7]",93.01580810546875,46.05963134765625,46.9561767578125,143,93.01580810546875,46.5748291015625,46.44097900390625,141
2025-07-17T21:00:45.357392,2,4,"[0, 1, 2, 3, 4, 5, 6, 7]",93.01580810546875,46.05963134765625,46.9561767578125,143,93.01580810546875,46.5748291015625,46.44097900390625,141
2025-07-17T21:00:45.363236,3,4,"[0, 1, 2, 3, 4, 5, 6, 7]",93.01580810546875,46.05963134765625,46.9561767578125,143,93.01580810546875,46.5748291015625,46.44097900390625,141
2025-07-17T21:00:45.370727,4,4,"[0, 1, 2, 3, 4, 5, 6, 7]",93.01580810546875,46.05963134765625,46.9561767578125,143,93.01580810546875,46.5748291015625,46.44097900390625,141
2025-07-17T21:00:45.376927,0,5,"[0, 1, 2, 3, 4, 5, 6, 7]",93.01580810546875,46.05963134765625,46.9561767578125,143,93.01580810546875,46.5748291015625,46.44097900390625,141
2025-07-17T21:00:45.383245,1,5,"[0, 1, 2, 3, 4, 5, 6, 7]",93.01580810546875,46.05963134765625,46.9561767578125,143,93.01580810546875,46.5748291015625,46.44097900390625,141
2025-07-17T21:00:45.389767,2,5,"[0, 1, 2, 3, 4, 5, 6, 7]",93.01580810546875,46.05963134765625,46.9561767578125,143,93.01580810546875,46.5748291015625,46.44097900390625,141
2025-07-17T21:00:45.396429,3,5,"[0, 1, 2, 3, 4, 5, 6, 7]",93.01580810546875,46.05963134765625,46.9561767578125,143,93.01580810546875,46.5748291015625,46.44097900390625,141
2025-07-17T21:00:45.403510,4,5,"[0, 1, 2, 3, 4, 5, 6, 7]",93.01580810546875,46.05963134765625,46.9561767578125,143,93.01580810546875,46.5748291015625,46.44097900390625,141
2025-07-17T21:00:45.409986,0,6,"[0, 1, 2, 3, 4, 5, 6, 7]",93.01580810546875,46.05963134765625,46.9561767578125,143,93.01580810546875,46.5748291015625,46.44097900390625,141
2025-07-17T21:00:45.416897,1,6,"[1, 2, 3, 4, 5, 6, 7]",93.01580810546875,46.05963134765625,46.9561767578125,143,93.01580810546875,46.5748291015625,46.44097900390625,141
2025-07-17T21:00:45.423840,2,6,"[0, 1, 2, 3, 4, 5, 6, 7]",93.01580810546875,46.05963134765625,46.9561767578125,143,93.01580810546875,46.5748291015625,46.44097900390625,141
2025-07-17T21:00:45.430893,3,6,"[1, 2, 3, 4, 5, 6, 7]",93.01580810546875,46.05963134765625,46.9561767578125,143,93.01580810546875,46.5748291015625,46.44097900390625,141
2025-07-17T21:00:45.438000,4,6,"[1, 2, 3, 4, 5, 6, 7]",93.01580810546875,46.05963134765625,46.9561767578125,143,93.01580810546875,46.5748291015625,46.44097900390625,141
2025-07-17T21:00:45.444549,0,7,"[0, 1, 2, 3, 4, 5, 6, 7]",93.01580810546875,46.05963134765625,46.9561767578125,143,93.01580810546875,46.5748291015625,46.44097900390625,141
2025-07-17T21:00:45.451336,1,7,"[0, 1, 2, 3, 4, 5, 6, 7]",93.01580810546875,46.05963134765625,46.9561767578125,143,93.01580810546875,46.5748291015625,46.44097900390625,141
2025-07-17T21:00:45.457196,2,7,"[0, 1, 2, 3, 5, 6, 7]",93.01580810546875,46.05963134765625,46.9561767578125,143,93.01580810546875,46.5748291015625,46.44097900390625,141
2025-07-17T21:00:45.468625,3,7,"[0, 1, 2, 3, 4, 5, 6, 7]",93.01580810546875,46.05963134765625,46.9561767578125,143,93.01580810546875,46.5748291015625,46.44097900390625,141
2025-07-17T21:00:45.470438,4,7,"[0, 1, 2, 3, 4, 5, 6, 7]",93.01580810546875,46.05963134765625,46.9561767578125,143,93.01580810546875,46.5748291015625,46.44097900390625,141
2025-07-17T21:00:45.476837,0,8,"[1, 2, 3, 4, 5, 6, 7]",93.01580810546875,46.05963134765625,46.9561767578125,143,93.01580810546875,46.5748291015625,46.44097900390625,141
2025-07-17T21:00:45.483577,1,8,"[2, 3, 4, 5, 6, 7]",93.01580810546875,46.05963134765625,46.9561767578125,143,93.01580810546875,46.5748291015625,46.44097900390625,141
2025-07-17T21:00:45.490367,2,8,"[1, 2, 3, 4, 5, 6, 7]",93.01580810546875,46.05963134765625,46.9561767578125,143,93.01580810546875,46.5748291015625,46.44097900390625,141
2025-07-17T21:00:45.496899,3,8,"[2, 3, 4, 5, 6, 7]",93.01580810546875,46.05963134765625,46.9561767578125,143,93.01580810546875,46.5748291015625,46.44097900390625,141
2025-07-17T21:00:45.503136,4,8,"[2, 3, 4, 5, 6, 7]",93.01580810546875,46.05963134765625,46.9561767578125,143,93.01580810546875,46.5748291015625,46.44097900390625,141
2025-07-17T21:00:45.509724,0,9,"[0, 1, 2, 4, 5, 6, 7]",93.01580810546875,46.05963134765625,46.9561767578125,143,93.01580810546875,46.5748291015625,46.44097900390625,141
2025-07-17T21:00:45.516843,1,9,"[0, 1, 2, 4, 5, 6, 7]",93.01580810546875,46.05963134765625,46.9561767578125,143,93.01580810546875,46.5748291015625,46.44097900390625,141
2025-07-17T21:00:45.523399,2,9,"[0, 1, 2, 4, 5, 6, 7]",93.01580810546875,46.05963134765625,46.9561767578125,143,93.01580810546875,46.5748291015625,46.44097900390625,141
2025-07-17T21:00:45.530473,3,9,"[0, 1, 2, 4, 5, 6, 7]",93.01580810546875,46.05963134765625,46.9561767578125,143,93.01580810546875,46.5748291015625,46.44097900390625,141
2025-07-17T21:00:45.540970,4,9,"[0, 1, 2, 4, 5, 6, 7]",93.01580810546875,46.05963134765625,46.9561767578125,143,93.01580810546875,46.5748291015625,46.44097900390625,141
2025-07-17T21:00:45.547221,0,10,"[0, 2, 3, 4, 5, 6, 7]",93.01580810546875,46.05963134765625,46.9561767578125,143,93.01580810546875,46.5748291015625,46.44097900390625,141
2025-07-17T21:00:45.554030,1,10,"[0, 2, 3, 4, 5, 7]",93.01580810546875,46.05963134765625,46.9561767578125,143,93.01580810546875,46.5748291015625,46.44097900390625,141
2025-07-17T21:00:45.562580,2,10,"[0, 1, 2, 3, 4, 5, 7]",93.01580810546875,46.05963134765625,46.9561767578125,143,93.01580810546875,46.5748291015625,46.44097900390625,141
2025-07-17T21:00:45.568997,3,10,"[0, 2, 3, 4, 5, 7]",93.01580810546875,46.05963134765625,46.9561767578125,143,93.01580810546875,46.5748291015625,46.44097900390625,141
2025-07-17T21:00:45.575458,4,10,"[0, 2, 3, 4, 5, 7]",93.01580810546875,46.05963134765625,46.9561767578125,143,93.01580810546875,46.5748291015625,46.44097900390625,141
2025-07-17T21:00:45.582143,0,11,"[0, 1, 2, 4, 5, 6, 7]",93.01580810546875,46.05963134765625,46.9561767578125,143,93.01580810546875,46.5748291015625,46.44097900390625,141
2025-07-17T21:00:45.589161,1,11,"[0, 1, 2, 4, 5, 6, 7]",93.01580810546875,46.05963134765625,46.9561767578125,143,93.01580810546875,46.5748291015625,46.44097900390625,141
2025-07-17T21:00:45.596020,2,11,"[0, 1, 2, 4, 5, 7]",93.01580810546875,46.05963134765625,46.9561767578125,143,93.01580810546875,46.5748291015625,46.44097900390625,141
2025-07-17T21:00:45.599182,3,11,"[0, 1, 2, 4, 5, 6, 7]",93.01580810546875,46.05963134765625,46.9561767578125,143,93.01580810546875,46.5748291015625,46.44097900390625,141
2025-07-17T21:00:45.605799,4,11,"[0, 1, 2, 4, 5, 6, 7]",93.01580810546875,46.05963134765625,46.9561767578125,143,93.01580810546875,46.5748291015625,46.44097900390625,141
2025-07-17T21:00:45.612383,0,12,"[0, 1, 2, 3, 4, 5, 6]",93.01580810546875,46.05963134765625,46.9561767578125,143,93.01580810546875,46.5748291015625,46.44097900390625,141
2025-07-17T21:00:45.619570,1,12,"[0, 1, 3, 4, 5, 6]",93.01580810546875,46.05963134765625,46.9561767578125,143,93.01580810546875,46.5748291015625,46.44097900390625,141
2025-07-17T21:00:45.630795,2,12,"[0, 1, 2, 3, 4, 6, 7]",93.01580810546875,46.05963134765625,46.9561767578125,143,93.01580810546875,46.5748291015625,46.44097900390625,141
2025-07-17T21:00:45.632651,3,12,"[0, 1, 3, 4, 5, 6]",93.01580810546875,46.05963134765625,46.9561767578125,143,93.01580810546875,46.5748291015625,46.44097900390625,141
2025-07-17T21:00:45.639574,4,12,"[0, 1, 3, 4, 5, 6]",93.01580810546875,46.05963134765625,46.9561767578125,143,93.01580810546875,46.5748291015625,46.44097900390625,141
2025-07-17T21:00:45.651455,0,13,"[0, 1, 2, 3, 4, 5, 6, 7]",93.01580810546875,46.05963134765625,46.9561767578125,143,93.01580810546875,46.5748291015625,46.44097900390625,141
2025-07-17T21:00:45.653535,1,13,"[0, 2, 3, 4, 5, 7]",93.01580810546875,46.05963134765625,46.9561767578125,143,93.01580810546875,46.5748291015625,46.44097900390625,141
2025-07-17T21:00:45.659534,2,13,"[0, 1, 2, 3, 5, 6, 7]",93.01580810546875,46.05963134765625,46.9561767578125,143,93.01580810546875,46.5748291015625,46.44097900390625,141
2025-07-17T21:00:45.666848,3,13,"[0, 2, 3, 4, 5, 7]",93.01580810546875,46.05963134765625,46.9561767578125,143,93.01580810546875,46.5748291015625,46.44097900390625,141
2025-07-17T21:00:45.674887,4,13,"[0, 2, 3, 4, 5, 7]",93.01580810546875,46.05963134765625,46.9561767578125,143,93.01580810546875,46.5748291015625,46.44097900390625,141
2025-07-17T21:00:45.681132,0,14,"[0, 1, 2, 4, 5, 6, 7]",93.01580810546875,46.05963134765625,46.9561767578125,143,93.01580810546875,46.5748291015625,46.44097900390625,141
2025-07-17T21:00:45.687227,1,14,"[0, 1, 4, 5, 7]",93.01580810546875,46.05963134765625,46.9561767578125,143,93.01580810546875,46.5748291015625,46.44097900390625,141
2025-07-17T21:00:45.694103,2,14,"[0, 1, 2, 4, 5, 6, 7]",93.01580810546875,46.05963134765625,46.9561767578125,143,93.01580810546875,46.5748291015625,46.44097900390625,141
2025-07-17T21:00:45.700902,3,14,"[0, 1, 4, 5, 7]",93.01580810546875,46.05963134765625,46.9561767578125,143,93.01580810546875,46.5748291015625,46.44097900390625,141
2025-07-17T21:00:45.707776,4,14,"[0, 1, 4, 5, 7]",93.01580810546875,46.05963134765625,46.9561767578125,143,93.01580810546875,46.5748291015625,46.44097900390625,141
2025-07-17T21:00:45.714549,0,15,"[0, 1, 2, 3, 4, 5, 6, 7]",93.01580810546875,46.05963134765625,46.9561767578125,143,93.01580810546875,46.5748291015625,46.44097900390625,141
2025-07-17T21:00:45.721984,1,15,"[0, 1, 2, 3, 4, 5, 6]",93.01580810546875,46.05963134765625,46.9561767578125,143,93.01580810546875,46.5748291015625,46.44097900390625,141
2025-07-17T21:00:45.728629,2,15,"[0, 1, 2, 3, 4, 5, 6, 7]",93.01580810546875,46.05963134765625,46.9561767578125,143,93.01580810546875,46.5748291015625,46.44097900390625,141
2025-07-17T21:00:45.735688,3,15,"[0, 1, 2, 3, 4, 5, 6]",93.01580810546875,46.05963134765625,46.9561767578125,143,93.01580810546875,46.5748291015625,46.44097900390625,141
2025-07-17T21:00:45.747415,4,15,"[0, 1, 2, 3, 4, 5, 6]",93.01580810546875,46.05963134765625,46.9561767578125,143,93.01580810546875,46.5748291015625,46.44097900390625,141
2025-07-17T21:00:45.749331,0,16,"[0, 1, 2, 3, 4, 5, 6, 7]",93.01580810546875,46.05963134765625,46.9561767578125,143,93.01580810546875,46.5748291015625,46.44097900390625,141
2025-07-17T21:00:45.756533,1,16,"[0, 3, 4, 5, 6, 7]",93.01580810546875,46.05963134765625,46.9561767578125,143,93.01580810546875,46.5748291015625,46.44097900390625,141
2025-07-17T21:00:45.763876,2,16,"[0, 1, 2, 3, 4, 5, 6, 7]",93.01580810546875,46.05963134765625,46.9561767578125,143,93.01580810546875,46.5748291015625,46.44097900390625,141
2025-07-17T21:00:45.771105,3,16,"[0, 3, 4, 5, 6, 7]",93.01580810546875,46.05963134765625,46.9561767578125,143,93.01580810546875,46.5748291015625,46.44097900390625,141
2025-07-17T21:00:45.782682,4,16,"[0, 3, 4, 5, 6, 7]",93.01580810546875,46.05963134765625,46.9561767578125,143,93.01580810546875,46.5748291015625,46.44097900390625,141
2025-07-17T21:00:45.789281,0,17,"[0, 1, 2, 3, 4, 5, 6, 7]",93.01580810546875,46.05963134765625,46.9561767578125,143,93.01580810546875,46.5748291015625,46.44097900390625,141
2025-07-17T21:00:45.796160,1,17,"[0, 1, 2, 4, 5, 6, 7]",93.01580810546875,46.05963134765625,46.9561767578125,143,93.01580810546875,46.5748291015625,46.44097900390625,141
2025-07-17T21:00:45.804798,2,17,"[0, 1, 2, 3, 4, 5, 6, 7]",93.01580810546875,46.05963134765625,46.9561767578125,143,93.01580810546875,46.5748291015625,46.44097900390625,141
2025-07-17T21:00:45.806859,3,17,"[0, 1, 2, 4, 5, 6, 7]",93.01580810546875,46.05963134765625,46.9561767578125,143,93.01580810546875,46.5748291015625,46.44097900390625,141
2025-07-17T21:00:45.818601,4,17,"[0, 1, 2, 4, 5, 6, 7]",93.01580810546875,46.05963134765625,46.9561767578125,143,93.01580810546875,46.5748291015625,46.44097900390625,141
2025-07-17T21:00:45.825102,0,18,"[0, 1, 2, 3, 4, 5, 6, 7]",93.01580810546875,46.05963134765625,46.9561767578125,143,93.01580810546875,46.5748291015625,46.44097900390625,141
2025-07-17T21:00:45.833203,1,18,"[0, 1, 2, 3, 4, 5, 6, 7]",93.01580810546875,46.05963134765625,46.9561767578125,143,93.01580810546875,46.5748291015625,46.44097900390625,141
2025-07-17T21:00:45.835526,2,18,"[0, 1, 2, 3, 4, 5, 6, 7]",93.01580810546875,46.05963134765625,46.9561767578125,143,93.01580810546875,46.5748291015625,46.44097900390625,141
2025-07-17T21:00:45.847050,3,18,"[0, 1, 2, 3, 4, 5, 6, 7]",93.01580810546875,46.05963134765625,46.9561767578125,143,93.01580810546875,46.5748291015625,46.44097900390625,141
2025-07-17T21:00:45.854506,4,18,"[0, 1, 2, 3, 4, 5, 6, 7]",93.01580810546875,46.05963134765625,46.9561767578125,143,93.01580810546875,46.5748291015625,46.44097900390625,141
2025-07-17T21:00:45.862015,0,19,"[0, 1, 2, 3, 4, 5, 6, 7]",93.01580810546875,46.05963134765625,46.9561767578125,143,93.01580810546875,46.5748291015625,46.44097900390625,141
2025-07-17T21:00:45.868766,1,19,"[0, 1, 2, 3, 4, 5, 6, 7]",93.01580810546875,46.05963134765625,46.9561767578125,143,93.01580810546875,46.5748291015625,46.44097900390625,141
2025-07-17T21:00:45.875850,2,19,"[0, 1, 2, 3, 4, 5, 6, 7]",93.01580810546875,46.05963134765625,46.9561767578125,143,93.01580810546875,46.5748291015625,46.44097900390625,141
2025-07-17T21:00:45.878289,3,19,"[0, 1, 2, 3, 4, 5, 6, 7]",93.01580810546875,46.05963134765625,46.9561767578125,143,93.01580810546875,46.5748291015625,46.44097900390625,141
2025-07-17T21:00:45.889115,4,19,"[0, 1, 2, 3, 4, 5, 6, 7]",93.01580810546875,46.05963134765625,46.9561767578125,143,93.01580810546875,46.5748291015625,46.44097900390625,141
2025-07-17T21:00:45.896144,0,20,"[0, 1, 2, 3, 4, 5, 6, 7]",93.01580810546875,46.05963134765625,46.9561767578125,143,93.01580810546875,46.5748291015625,46.44097900390625,141
2025-07-17T21:00:45.902747,1,20,"[0, 1, 2, 3, 4, 5, 6]",93.01580810546875,46.05963134765625,46.9561767578125,143,93.01580810546875,46.5748291015625,46.44097900390625,141
2025-07-17T21:00:45.910797,2,20,"[0, 1, 2, 3, 4, 5, 6, 7]",93.01580810546875,46.05963134765625,46.9561767578125,143,93.01580810546875,46.5748291015625,46.44097900390625,141
2025-07-17T21:00:45.918893,3,20,"[0, 1, 2, 3, 4, 5, 6]",93.01580810546875,46.05963134765625,46.9561767578125,143,93.01580810546875,46.5748291015625,46.44097900390625,141
2025-07-17T21:00:45.926379,4,20,"[0, 1, 2, 3, 4, 5, 6]",93.01580810546875,46.05963134765625,46.9561767578125,143,93.01580810546875,46.5748291015625,46.44097900390625,141
2025-07-17T21:00:45.933578,0,21,"[0, 1, 2, 3, 4, 5, 6, 7]",93.01580810546875,46.05963134765625,46.9561767578125,143,93.01580810546875,46.5748291015625,46.44097900390625,141
2025-07-17T21:00:45.940870,1,21,"[0, 1, 2, 3, 4, 5, 6, 7]",93.01580810546875,46.05963134765625,46.9561767578125,143,93.01580810546875,46.5748291015625,46.44097900390625,141
2025-07-17T21:00:45.948066,2,21,"[0, 1, 2, 3, 4, 5, 6, 7]",93.01580810546875,46.05963134765625,46.9561767578125,143,93.01580810546875,46.5748291015625,46.44097900390625,141
2025-07-17T21:00:45.955014,3,21,"[0, 1, 2, 3, 4, 5, 6, 7]",93.01580810546875,46.05963134765625,46.9561767578125,143,93.01580810546875,46.5748291015625,46.44097900390625,141
2025-07-17T21:00:45.961857,4,21,"[0, 1, 2, 3, 4, 5, 6, 7]",93.01580810546875,46.05963134765625,46.9561767578125,143,93.01580810546875,46.5748291015625,46.44097900390625,141
2025-07-17T21:00:45.969181,0,22,"[0, 1, 2, 3, 4, 5, 6, 7]",93.01580810546875,46.05963134765625,46.9561767578125,143,93.01580810546875,46.5748291015625,46.44097900390625,141
2025-07-17T21:00:45.976516,1,22,"[0, 1, 2, 4, 5, 6, 7]",93.01580810546875,46.05963134765625,46.9561767578125,143,93.01580810546875,46.5748291015625,46.44097900390625,141
2025-07-17T21:00:45.985014,2,22,"[0, 1, 2, 3, 4, 5, 6, 7]",93.01580810546875,46.05963134765625,46.9561767578125,143,93.01580810546875,46.5748291015625,46.44097900390625,141
2025-07-17T21:00:45.991738,3,22,"[0, 1, 2, 4, 5, 6, 7]",93.01580810546875,46.05963134765625,46.9561767578125,143,93.01580810546875,46.5748291015625,46.44097900390625,141
2025-07-17T21:00:45.993953,4,22,"[0, 1, 2, 4, 5, 6, 7]",93.01580810546875,46.05963134765625,46.9561767578125,143,93.01580810546875,46.5748291015625,46.44097900390625,141
2025-07-17T21:00:46.004426,0,23,"[0, 2, 3, 4, 5, 6, 7]",93.01580810546875,46.05963134765625,46.9561767578125,143,93.01580810546875,46.5748291015625,46.44097900390625,141
2025-07-17T21:00:46.012525,1,23,"[0, 1, 2, 3, 4, 5, 7]",93.01580810546875,46.05963134765625,46.9561767578125,143,93.01580810546875,46.5748291015625,46.44097900390625,141
2025-07-17T21:00:46.014727,2,23,"[0, 1, 2, 3, 4, 5, 6, 7]",93.01580810546875,46.05963134765625,46.9561767578125,143,93.01580810546875,46.5748291015625,46.44097900390625,141
2025-07-17T21:00:46.021975,3,23,"[0, 1, 2, 3, 4, 5, 7]",93.01580810546875,46.05963134765625,46.9561767578125,143,93.01580810546875,46.5748291015625,46.44097900390625,141
2025-07-17T21:00:46.028628,4,23,"[0, 1, 2, 3, 4, 5, 7]",93.01580810546875,46.05963134765625,46.9561767578125,143,93.01580810546875,46.5748291015625,46.44097900390625,141
2025-07-17T21:00:46.035474,0,24,"[0, 1, 2, 3, 4, 5, 6, 7]",93.01580810546875,46.05963134765625,46.9561767578125,143,93.01580810546875,46.5748291015625,46.44097900390625,141
2025-07-17T21:00:46.042200,1,24,"[1, 2, 3, 4, 5, 6, 7]",93.01580810546875,46.05963134765625,46.9561767578125,143,93.01580810546875,46.5748291015625,46.44097900390625,141
2025-07-17T21:00:46.049436,2,24,"[0, 1, 2, 3, 4, 5, 6, 7]",93.01580810546875,46.05963134765625,46.9561767578125,143,93.01580810546875,46.5748291015625,46.44097900390625,141
2025-07-17T21:00:46.055792,3,24,"[1, 2, 3, 4, 5, 6, 7]",93.01580810546875,46.05963134765625,46.9561767578125,143,93.01580810546875,46.5748291015625,46.44097900390625,141
2025-07-17T21:00:46.061918,4,24,"[1, 2, 3, 4, 5, 6, 7]",93.01580810546875,46.05963134765625,46.9561767578125,143,93.01580810546875,46.5748291015625,46.44097900390625,141
2025-07-17T21:00:46.068831,0,25,"[0, 1, 2, 3, 4, 5, 6, 7]",93.01580810546875,46.05963134765625,46.9561767578125,143,93.01580810546875,46.5748291015625,46.44097900390625,141
2025-07-17T21:00:46.080764,1,25,"[0, 1, 2, 3, 5, 6, 7]",93.01580810546875,46.05963134765625,46.9561767578125,143,93.01580810546875,46.5748291015625,46.44097900390625,141
2025-07-17T21:00:46.082525,2,25,"[0, 1, 2, 3, 4, 6, 7]",93.01580810546875,46.05963134765625,46.9561767578125,143,93.01580810546875,46.5748291015625,46.44097900390625,141
2025-07-17T21:00:46.089184,3,25,"[0, 1, 2, 3, 5, 6, 7]",93.01580810546875,46.05963134765625,46.9561767578125,143,93.01580810546875,46.5748291015625,46.44097900390625,141
2025-07-17T21:00:46.096176,4,25,"[0, 1, 2, 3, 5, 6, 7]",93.01580810546875,46.05963134765625,46.9561767578125,143,93.01580810546875,46.5748291015625,46.44097900390625,141
2025-07-17T21:00:46.102091,0,26,"[0, 1, 2, 3, 4, 5, 7]",93.01580810546875,46.05963134765625,46.9561767578125,143,93.01580810546875,46.5748291015625,46.44097900390625,141
2025-07-17T21:00:46.108568,1,26,"[0, 2, 3, 4, 5, 7]",93.01580810546875,46.05963134765625,46.9561767578125,143,93.01580810546875,46.5748291015625,46.44097900390625,141
2025-07-17T21:00:46.116389,2,26,"[0, 2, 3, 4, 5, 6, 7]",93.01580810546875,46.05963134765625,46.9561767578125,143,93.01580810546875,46.5748291015625,46.44097900390625,141
2025-07-17T21:00:46.123155,3,26,"[0, 2, 3, 4, 5, 7]",93.01580810546875,46.05963134765625,46.9561767578125,143,93.01580810546875,46.5748291015625,46.44097900390625,141
2025-07-17T21:00:46.130651,4,26,"[0, 2, 3, 4, 5, 7]",93.01580810546875,46.05963134765625,46.9561767578125,143,93.01580810546875,46.5748291015625,46.44097900390625,141
2025-07-17T21:00:46.137334,0,27,"[0, 1, 2, 3, 4, 5, 6, 7]",93.01580810546875,46.05963134765625,46.9561767578125,143,93.01580810546875,46.5748291015625,46.44097900390625,141
2025-07-17T21:00:46.144750,1,27,"[0, 1, 2, 3, 5, 6, 7]",93.01580810546875,46.05963134765625,46.9561767578125,143,93.01580810546875,46.5748291015625,46.44097900390625,141
2025-07-17T21:00:46.151934,2,27,"[0, 1, 2, 3, 4, 5, 6, 7]",93.01580810546875,46.05963134765625,46.9561767578125,143,93.01580810546875,46.5748291015625,46.44097900390625,141
2025-07-17T21:00:46.159106,3,27,"[0, 1, 2, 3, 5, 6, 7]",93.01580810546875,46.05963134765625,46.9561767578125,143,93.01580810546875,46.5748291015625,46.44097900390625,141
2025-07-17T21:00:46.165612,4,27,"[0, 1, 2, 3, 5, 6, 7]",93.01580810546875,46.05963134765625,46.9561767578125,143,93.01580810546875,46.5748291015625,46.44097900390625,141
2025-07-17T21:00:46.172989,0,28,"[0, 1, 2, 3, 4, 5, 6, 7]",93.01580810546875,46.05963134765625,46.9561767578125,143,93.01580810546875,46.5748291015625,46.44097900390625,141
2025-07-17T21:00:46.179605,1,28,"[0, 1, 2, 3, 5, 6, 7]",93.01580810546875,46.05963134765625,46.9561767578125,143,93.01580810546875,46.5748291015625,46.44097900390625,141
2025-07-17T21:00:46.186861,2,28,"[0, 1, 2, 3, 4, 5, 6, 7]",93.01580810546875,46.05963134765625,46.9561767578125,143,93.01580810546875,46.5748291015625,46.44097900390625,141
2025-07-17T21:00:46.193439,3,28,"[0, 1, 2, 3, 5, 6, 7]",93.01580810546875,46.05963134765625,46.9561767578125,143,93.01580810546875,46.5748291015625,46.44097900390625,141
2025-07-17T21:00:46.199948,4,28,"[0, 1, 2, 3, 5, 6, 7]",93.01580810546875,46.05963134765625,46.9561767578125,143,93.01580810546875,46.5748291015625,46.44097900390625,141
2025-07-17T21:00:46.206730,0,29,"[0, 1, 2, 3, 4, 5, 6, 7]",93.01580810546875,46.05963134765625,46.9561767578125,143,93.01580810546875,46.5748291015625,46.44097900390625,141
2025-07-17T21:00:46.213201,1,29,"[0, 1, 2, 3, 4, 5, 6, 7]",93.01580810546875,46.05963134765625,46.9561767578125,143,93.01580810546875,46.5748291015625,46.44097900390625,141
2025-07-17T21:00:46.225785,2,29,"[0, 2, 3, 4, 5, 6, 7]",93.01580810546875,46.05963134765625,46.9561767578125,143,93.01580810546875,46.5748291015625,46.44097900390625,141
2025-07-17T21:00:46.227935,3,29,"[0, 1, 2, 3, 4, 5, 6, 7]",93.01580810546875,46.05963134765625,46.9561767578125,143,93.01580810546875,46.5748291015625,46.44097900390625,141
2025-07-17T21:00:46.235158,4,29,"[0, 1, 2, 3, 4, 5, 6, 7]",93.01580810546875,46.05963134765625,46.9561767578125,143,93.01580810546875,46.5748291015625,46.44097900390625,141
2025-07-17T21:00:46.242409,0,30,"[0, 1, 2, 3, 4, 5, 6, 7]",93.01580810546875,46.05963134765625,46.9561767578125,143,93.01580810546875,46.5748291015625,46.44097900390625,141
2025-07-17T21:00:46.248884,1,30,"[0, 1, 2, 3, 4, 5, 6, 7]",93.01580810546875,46.05963134765625,46.9561767578125,143,93.01580810546875,46.5748291015625,46.44097900390625,141
2025-07-17T21:00:46.256230,2,30,"[0, 1, 2, 3, 4, 5, 6, 7]",93.01580810546875,46.05963134765625,46.9561767578125,143,93.01580810546875,46.5748291015625,46.44097900390625,141
2025-07-17T21:00:46.262731,3,30,"[0, 1, 2, 3, 4, 5, 6, 7]",93.01580810546875,46.05963134765625,46.9561767578125,143,93.01580810546875,46.5748291015625,46.44097900390625,141
2025-07-17T21:00:46.269667,4,30,"[0, 1, 2, 3, 4, 5, 6, 7]",93.01580810546875,46.05963134765625,46.9561767578125,143,93.01580810546875,46.5748291015625,46.44097900390625,141
2025-07-17T21:00:46.281955,0,31,"[0, 1, 2, 3, 4, 5, 6, 7]",93.01580810546875,46.05963134765625,46.9561767578125,143,93.01580810546875,46.5748291015625,46.44097900390625,141
2025-07-17T21:00:46.285665,1,31,"[0, 1, 2, 3, 4, 5, 6, 7]",93.01580810546875,46.05963134765625,46.9561767578125,143,93.01580810546875,46.5748291015625,46.44097900390625,141
2025-07-17T21:00:46.293454,2,31,"[0, 1, 2, 3, 5, 6, 7]",93.01580810546875,46.05963134765625,46.9561767578125,143,93.01580810546875,46.5748291015625,46.44097900390625,141
2025-07-17T21:00:46.305925,3,31,"[0, 1, 2, 3, 4, 5, 6, 7]",93.01580810546875,46.05963134765625,46.9561767578125,143,93.01580810546875,46.5748291015625,46.44097900390625,141
2025-07-17T21:00:46.308614,4,31,"[0, 1, 2, 3, 4, 5, 6, 7]",93.01580810546875,46.05963134765625,46.9561767578125,143,93.01580810546875,46.5748291015625,46.44097900390625,141
2025-07-17T21:00:46.322718,0,0,"[0, 1, 2, 3, 4, 5, 6, 7]",93.01580810546875,46.05963134765625,46.9561767578125,143,93.01580810546875,46.5748291015625,46.44097900390625,141
2025-07-17T21:00:46.330869,1,0,"[0, 1, 2, 3, 5, 6, 7]",93.01580810546875,46.05963134765625,46.9561767578125,143,93.01580810546875,46.5748291015625,46.44097900390625,141
2025-07-17T21:00:46.333423,2,0,"[0, 1, 2, 3, 5, 6, 7]",93.01580810546875,46.05963134765625,46.9561767578125,143,93.01580810546875,46.5748291015625,46.44097900390625,141
2025-07-17T21:00:46.344991,3,0,"[0, 1, 2, 3, 5, 6, 7]",93.01580810546875,46.05963134765625,46.9561767578125,143,93.01580810546875,46.5748291015625,46.44097900390625,141
2025-07-17T21:00:46.351943,4,0,"[0, 1, 2, 3, 5, 6, 7]",93.01580810546875,46.05963134765625,46.9561767578125,143,93.01580810546875,46.5748291015625,46.44097900390625,141
2025-07-17T21:00:46.358917,0,1,"[0, 1, 2, 4, 5, 6, 7]",93.01580810546875,46.05963134765625,46.9561767578125,143,93.01580810546875,46.5748291015625,46.44097900390625,141
2025-07-17T21:00:46.366024,1,1,"[0, 1, 2, 3, 4, 5, 6, 7]",93.01580810546875,46.05963134765625,46.9561767578125,143,93.01580810546875,46.5748291015625,46.44097900390625,141
2025-07-17T21:00:46.372921,2,1,"[0, 1, 2, 4, 5, 6, 7]",93.01580810546875,46.05963134765625,46.9561767578125,143,93.01580810546875,46.5748291015625,46.44097900390625,141
2025-07-17T21:00:46.380085,3,1,"[0, 1, 2, 3, 4, 5, 6, 7]",93.01580810546875,46.05963134765625,46.9561767578125,143,93.01580810546875,46.5748291015625,46.44097900390625,141
2025-07-17T21:00:46.387211,4,1,"[0, 1, 2, 3, 4, 5, 6, 7]",93.01580810546875,46.05963134765625,46.9561767578125,143,93.01580810546875,46.5748291015625,46.44097900390625,141
2025-07-17T21:00:46.394024,0,2,"[0, 1, 2, 3, 4, 5, 6, 7]",93.01580810546875,46.05963134765625,46.9561767578125,143,93.01580810546875,46.5748291015625,46.44097900390625,141
2025-07-17T21:00:46.401583,1,2,"[0, 1, 2, 3, 4, 5, 6, 7]",93.01580810546875,46.05963134765625,46.9561767578125,143,93.01580810546875,46.5748291015625,46.44097900390625,141
2025-07-17T21:00:46.408985,2,2,"[0, 1, 2, 3, 4, 5, 6, 7]",93.01580810546875,46.05963134765625,46.9561767578125,143,93.01580810546875,46.5748291015625,46.44097900390625,141
2025-07-17T21:00:46.416560,3,2,"[0, 1, 2, 3, 4, 5, 6, 7]",93.01580810546875,46.05963134765625,46.9561767578125,143,93.01580810546875,46.5748291015625,46.44097900390625,141
2025-07-17T21:00:46.418847,4,2,"[0, 1, 2, 3, 4, 5, 6, 7]",93.01580810546875,46.05963134765625,46.9561767578125,143,93.01580810546875,46.5748291015625,46.44097900390625,141
2025-07-17T21:00:46.425681,0,3,"[0, 1, 2, 3, 4, 5, 6, 7]",93.01580810546875,46.05963134765625,46.9561767578125,143,93.01580810546875,46.5748291015625,46.44097900390625,141
2025-07-17T21:00:46.433229,1,3,"[0, 1, 2, 3, 4, 5, 6, 7]",93.01580810546875,46.05963134765625,46.9561767578125,143,93.01580810546875,46.5748291015625,46.44097900390625,141
2025-07-17T21:00:46.440715,2,3,"[0, 1, 2, 3, 4, 5, 6, 7]",93.01580810546875,46.05963134765625,46.9561767578125,143,93.01580810546875,46.5748291015625,46.44097900390625,141
2025-07-17T21:00:46.446880,3,3,"[0, 1, 2, 3, 4, 5, 6, 7]",93.01580810546875,46.05963134765625,46.9561767578125,143,93.01580810546875,46.5748291015625,46.44097900390625,141
2025-07-17T21:00:51.275243,4,3,"[0, 1, 2, 3, 4, 5, 6, 7]",93.01580810546875,46.05963134765625,46.9561767578125,143,93.01580810546875,46.5748291015625,46.44097900390625,141
2025-07-17T21:00:51.283442,0,4,"[0, 1, 2, 3, 4, 5, 6, 7]",93.01580810546875,46.05963134765625,46.9561767578125,143,93.01580810546875,46.5748291015625,46.44097900390625,141
2025-07-17T21:00:51.290548,1,4,"[0, 1, 2, 3, 4, 5, 6, 7]",93.01580810546875,46.05963134765625,46.9561767578125,143,93.01580810546875,46.5748291015625,46.44097900390625,141
2025-07-17T21:00:51.297185,2,4,"[0, 1, 2, 3, 4, 5, 6, 7]",93.01580810546875,46.05963134765625,46.9561767578125,143,93.01580810546875,46.5748291015625,46.44097900390625,141
2025-07-17T21:00:51.304915,3,4,"[0, 1, 2, 3, 4, 5, 6, 7]",93.01580810546875,46.05963134765625,46.9561767578125,143,93.01580810546875,46.5748291015625,46.44097900390625,141
2025-07-17T21:00:51.307048,4,4,"[0, 1, 2, 3, 4, 5, 6, 7]",93.01580810546875,46.05963134765625,46.9561767578125,143,93.01580810546875,46.5748291015625,46.44097900390625,141
2025-07-17T21:00:51.314682,0,5,"[0, 1, 2, 3, 4, 5, 6, 7]",93.01580810546875,46.05963134765625,46.9561767578125,143,93.01580810546875,46.5748291015625,46.44097900390625,141
2025-07-17T21:00:51.320944,1,5,"[0, 1, 2, 4, 5, 6, 7]",93.01580810546875,46.05963134765625,46.9561767578125,143,93.01580810546875,46.5748291015625,46.44097900390625,141
2025-07-17T21:00:51.328614,2,5,"[0, 1, 2, 3, 4, 5, 6, 7]",93.01580810546875,46.05963134765625,46.9561767578125,143,93.01580810546875,46.5748291015625,46.44097900390625,141
2025-07-17T21:00:51.334849,3,5,"[0, 1, 2, 4, 5, 6, 7]",93.01580810546875,46.05963134765625,46.9561767578125,143,93.01580810546875,46.5748291015625,46.44097900390625,141
2025-07-17T21:00:51.342024,4,5,"[0, 1, 2, 4, 5, 6, 7]",93.01580810546875,46.05963134765625,46.9561767578125,143,93.01580810546875,46.5748291015625,46.44097900390625,141
2025-07-17T21:00:51.348926,0,6,"[0, 1, 2, 3, 4, 5, 6, 7]",93.01580810546875,46.05963134765625,46.9561767578125,143,93.01580810546875,46.5748291015625,46.44097900390625,141
2025-07-17T21:00:51.355967,1,6,"[0, 2, 3, 4, 5, 6, 7]",93.01580810546875,46.05963134765625,46.9561767578125,143,93.01580810546875,46.5748291015625,46.44097900390625,141
2025-07-17T21:00:51.363163,2,6,"[0, 1, 2, 3, 4, 6, 7]",93.01580810546875,46.05963134765625,46.9561767578125,143,93.01580810546875,46.5748291015625,46.44097900390625,141
2025-07-17T21:00:51.370083,3,6,"[0, 2, 3, 4, 5, 6, 7]",93.01580810546875,46.05963134765625,46.9561767578125,143,93.01580810546875,46.5748291015625,46.44097900390625,141
2025-07-17T21:00:51.381291,4,6,"[0, 2, 3, 4, 5, 6, 7]",93.01580810546875,46.05963134765625,46.9561767578125,143,93.01580810546875,46.5748291015625,46.44097900390625,141
2025-07-17T21:00:51.387694,0,7,"[0, 1, 2, 3, 4, 5, 6, 7]",93.01580810546875,46.05963134765625,46.9561767578125,143,93.01580810546875,46.5748291015625,46.44097900390625,141
2025-07-17T21:00:51.394342,1,7,"[0, 1, 2, 3, 4, 5, 6, 7]",93.01580810546875,46.05963134765625,46.9561767578125,143,93.01580810546875,46.5748291015625,46.44097900390625,141
2025-07-17T21:00:51.401330,2,7,"[0, 1, 2, 3, 4, 5, 6, 7]",93.01580810546875,46.05963134765625,46.9561767578125,143,93.01580810546875,46.5748291015625,46.44097900390625,141
2025-07-17T21:00:51.407761,3,7,"[0, 1, 2, 3, 4, 5, 6, 7]",93.01580810546875,46.05963134765625,46.9561767578125,143,93.01580810546875,46.5748291015625,46.44097900390625,141
2025-07-17T21:00:51.414062,4,7,"[0, 1, 2, 3, 4, 5, 6, 7]",93.01580810546875,46.05963134765625,46.9561767578125,143,93.01580810546875,46.5748291015625,46.44097900390625,141
2025-07-17T21:00:51.420178,0,8,"[1, 2, 3, 4, 5, 6, 7]",93.01580810546875,46.05963134765625,46.9561767578125,143,93.01580810546875,46.5748291015625,46.44097900390625,141
2025-07-17T21:00:51.429667,1,8,"[0, 1, 2, 3, 4, 5, 6, 7]",93.01580810546875,46.05963134765625,46.9561767578125,143,93.01580810546875,46.5748291015625,46.44097900390625,141
2025-07-17T21:00:51.436819,2,8,"[1, 2, 3, 4, 5, 6, 7]",93.01580810546875,46.05963134765625,46.9561767578125,143,93.01580810546875,46.5748291015625,46.44097900390625,141
2025-07-17T21:00:51.444107,3,8,"[0, 1, 2, 3, 4, 5, 6, 7]",93.01580810546875,46.05963134765625,46.9561767578125,143,93.01580810546875,46.5748291015625,46.44097900390625,141
2025-07-17T21:00:51.450740,4,8,"[0, 1, 2, 3, 4, 5, 6, 7]",93.01580810546875,46.05963134765625,46.9561767578125,143,93.01580810546875,46.5748291015625,46.44097900390625,141
2025-07-17T21:00:51.458291,0,9,"[0, 1, 2, 3, 4, 5, 6, 7]",93.01580810546875,46.05963134765625,46.9561767578125,143,93.01580810546875,46.5748291015625,46.44097900390625,141
2025-07-17T21:00:51.464904,1,9,"[0, 1, 2, 4, 6, 7]",93.01580810546875,46.05963134765625,46.9561767578125,143,93.01580810546875,46.5748291015625,46.44097900390625,141
2025-07-17T21:00:51.471831,2,9,"[0, 1, 2, 4, 5, 6, 7]",93.01580810546875,46.05963134765625,46.9561767578125,143,93.01580810546875,46.5748291015625,46.44097900390625,141
2025-07-17T21:00:51.478643,3,9,"[0, 1, 2, 4, 6, 7]",93.01580810546875,46.05963134765625,46.9561767578125,143,93.01580810546875,46.5748291015625,46.44097900390625,141
2025-07-17T21:00:51.486395,4,9,"[0, 1, 2, 4, 6, 7]",93.01580810546875,46.05963134765625,46.9561767578125,143,93.01580810546875,46.5748291015625,46.44097900390625,141
2025-07-17T21:00:51.494084,0,10,"[0, 1, 2, 3, 4, 5, 6, 7]",93.01580810546875,46.05963134765625,46.9561767578125,143,93.01580810546875,46.5748291015625,46.44097900390625,141
2025-07-17T21:00:51.496344,1,10,"[0, 1, 2, 3, 4, 5, 6, 7]",93.01580810546875,46.05963134765625,46.9561767578125,143,93.01580810546875,46.5748291015625,46.44097900390625,141
2025-07-17T21:00:51.503576,2,10,"[0, 1, 2, 3, 4, 5, 6, 7]",93.01580810546875,46.05963134765625,46.9561767578125,143,93.01580810546875,46.5748291015625,46.44097900390625,141
2025-07-17T21:00:51.514873,3,10,"[0, 1, 2, 3, 4, 5, 6, 7]",93.01580810546875,46.05963134765625,46.9561767578125,143,93.01580810546875,46.5748291015625,46.44097900390625,141
2025-07-17T21:00:51.522141,4,10,"[0, 1, 2, 3, 4, 5, 6, 7]",93.01580810546875,46.05963134765625,46.9561767578125,143,93.01580810546875,46.5748291015625,46.44097900390625,141
2025-07-17T21:00:51.530216,0,11,"[0, 1, 2, 4, 5, 6, 7]",93.01580810546875,46.05963134765625,46.9561767578125,143,93.01580810546875,46.5748291015625,46.44097900390625,141
2025-07-17T21:00:51.532139,1,11,"[0, 1, 2, 3, 4, 5, 6, 7]",93.01580810546875,46.05963134765625,46.9561767578125,143,93.01580810546875,46.5748291015625,46.44097900390625,141
2025-07-17T21:00:51.543197,2,11,"[0, 1, 2, 3, 4, 5, 6, 7]",93.01580810546875,46.05963134765625,46.9561767578125,143,93.01580810546875,46.5748291015625,46.44097900390625,141
2025-07-17T21:00:51.549896,3,11,"[0, 1, 2, 3, 4, 5, 6, 7]",93.01580810546875,46.05963134765625,46.9561767578125,143,93.01580810546875,46.5748291015625,46.44097900390625,141
2025-07-17T21:00:51.556493,4,11,"[0, 1, 2, 3, 4, 5, 6, 7]",93.01580810546875,46.05963134765625,46.9561767578125,143,93.01580810546875,46.5748291015625,46.44097900390625,141
2025-07-17T21:00:51.562946,0,12,"[0, 1, 2, 3, 4, 5, 6, 7]",93.01580810546875,46.05963134765625,46.9561767578125,143,93.01580810546875,46.5748291015625,46.44097900390625,141
2025-07-17T21:00:51.569633,1,12,"[0, 1, 2, 3, 4, 5, 6]",93.01580810546875,46.05963134765625,46.9561767578125,143,93.01580810546875,46.5748291015625,46.44097900390625,141
2025-07-17T21:00:51.576156,2,12,"[1, 2, 3, 4, 5, 6, 7]",93.01580810546875,46.05963134765625,46.9561767578125,143,93.01580810546875,46.5748291015625,46.44097900390625,141
2025-07-17T21:00:51.582376,3,12,"[0, 1, 2, 3, 4, 5, 6]",93.01580810546875,46.05963134765625,46.9561767578125,143,93.01580810546875,46.5748291015625,46.44097900390625,141
2025-07-17T21:00:51.589283,4,12,"[0, 1, 2, 3, 4, 5, 6]",93.01580810546875,46.05963134765625,46.9561767578125,143,93.01580810546875,46.5748291015625,46.44097900390625,141
2025-07-17T21:00:51.596569,0,13,"[0, 1, 2, 3, 5, 6, 7]",93.01580810546875,46.05963134765625,46.9561767578125,143,93.01580810546875,46.5748291015625,46.44097900390625,141
2025-07-17T21:00:51.603240,1,13,"[0, 1, 2, 3, 5, 6]",93.01580810546875,46.05963134765625,46.9561767578125,143,93.01580810546875,46.5748291015625,46.44097900390625,141
2025-07-17T21:00:51.610694,2,13,"[0, 1, 2, 3, 4, 5, 6, 7]",93.01580810546875,46.05963134765625,46.9561767578125,143,93.01580810546875,46.5748291015625,46.44097900390625,141
2025-07-17T21:00:51.617433,3,13,"[0, 1, 2, 3, 5, 6]",93.01580810546875,46.05963134765625,46.9561767578125,143,93.01580810546875,46.5748291015625,46.44097900390625,141
2025-07-17T21:00:51.623817,4,13,"[0, 1, 2, 3, 5, 6]",93.01580810546875,46.05963134765625,46.9561767578125,143,93.01580810546875,46.5748291015625,46.44097900390625,141
2025-07-17T21:00:51.630351,0,14,"[1, 2, 3, 4, 5, 6, 7]",93.01580810546875,46.05963134765625,46.9561767578125,143,93.01580810546875,46.5748291015625,46.44097900390625,141
2025-07-17T21:00:51.636746,1,14,"[0, 1, 2, 3, 4, 5, 6, 7]",93.01580810546875,46.05963134765625,46.9561767578125,143,93.01580810546875,46.5748291015625,46.44097900390625,141
2025-07-17T21:00:51.643949,2,14,"[0, 1, 2, 4, 5, 6, 7]",93.01580810546875,46.05963134765625,46.9561767578125,143,93.01580810546875,46.5748291015625,46.44097900390625,141
2025-07-17T21:00:51.650922,3,14,"[0, 1, 2, 3, 4, 5, 6, 7]",93.01580810546875,46.05963134765625,46.9561767578125,143,93.01580810546875,46.5748291015625,46.44097900390625,141
2025-07-17T21:00:51.657826,4,14,"[0, 1, 2, 3, 4, 5, 6, 7]",93.01580810546875,46.05963134765625,46.9561767578125,143,93.01580810546875,46.5748291015625,46.44097900390625,141
2025-07-17T21:00:51.664674,0,15,"[0, 1, 2, 3, 4, 5, 6, 7]",93.01580810546875,46.05963134765625,46.9561767578125,143,93.01580810546875,46.5748291015625,46.44097900390625,141
2025-07-17T21:00:51.672242,1,15,"[0, 1, 2, 3, 4, 5, 6, 7]",93.01580810546875,46.05963134765625,46.9561767578125,143,93.01580810546875,46.5748291015625,46.44097900390625,141
2025-07-17T21:00:51.679280,2,15,"[0, 1, 2, 3, 4, 5, 6, 7]",93.01580810546875,46.05963134765625,46.9561767578125,143,93.01580810546875,46.5748291015625,46.44097900390625,141
2025-07-17T21:00:51.686318,3,15,"[0, 1, 2, 3, 4, 5, 6, 7]",93.01580810546875,46.05963134765625,46.9561767578125,143,93.01580810546875,46.5748291015625,46.44097900390625,141
2025-07-17T21:00:51.693406,4,15,"[0, 1, 2, 3, 4, 5, 6, 7]",93.01580810546875,46.05963134765625,46.9561767578125,143,93.01580810546875,46.5748291015625,46.44097900390625,141
2025-07-17T21:00:51.700762,0,16,"[0, 1, 2, 3, 4, 5, 6, 7]",93.01580810546875,46.05963134765625,46.9561767578125,143,93.01580810546875,46.5748291015625,46.44097900390625,141
2025-07-17T21:00:51.707329,1,16,"[0, 1, 2, 3, 4, 5, 6, 7]",93.01580810546875,46.05963134765625,46.9561767578125,143,93.01580810546875,46.5748291015625,46.44097900390625,141
2025-07-17T21:00:51.714827,2,16,"[0, 1, 2, 3, 4, 5, 6, 7]",93.01580810546875,46.05963134765625,46.9561767578125,143,93.01580810546875,46.5748291015625,46.44097900390625,141
2025-07-17T21:00:51.721682,3,16,"[0, 1, 2, 3, 4, 5, 6, 7]",93.01580810546875,46.05963134765625,46.9561767578125,143,93.01580810546875,46.5748291015625,46.44097900390625,141
2025-07-17T21:00:51.728620,4,16,"[0, 1, 2, 3, 4, 5, 6, 7]",93.01580810546875,46.05963134765625,46.9561767578125,143,93.01580810546875,46.5748291015625,46.44097900390625,141
2025-07-17T21:00:51.732760,0,17,"[0, 1, 2, 3, 4, 5, 6, 7]",93.01580810546875,46.05963134765625,46.9561767578125,143,93.01580810546875,46.5748291015625,46.44097900390625,141
2025-07-17T21:00:51.744585,1,17,"[0, 1, 2, 3, 4, 5, 6, 7]",93.01580810546875,46.05963134765625,46.9561767578125,143,93.01580810546875,46.5748291015625,46.44097900390625,141
2025-07-17T21:00:51.751547,2,17,"[0, 1, 2, 3, 4, 5, 6, 7]",93.01580810546875,46.05963134765625,46.9561767578125,143,93.01580810546875,46.5748291015625,46.44097900390625,141
2025-07-17T21:00:51.758442,3,17,"[0, 1, 2, 3, 4, 5, 6, 7]",93.01580810546875,46.05963134765625,46.9561767578125,143,93.01580810546875,46.5748291015625,46.44097900390625,141
2025-07-17T21:00:51.765003,4,17,"[0, 1, 2, 3, 4, 5, 6, 7]",93.01580810546875,46.05963134765625,46.9561767578125,143,93.01580810546875,46.5748291015625,46.44097900390625,141
2025-07-17T21:00:51.771544,0,18,"[0, 1, 2, 3, 4, 5, 6, 7]",93.01580810546875,46.05963134765625,46.9561767578125,143,93.01580810546875,46.5748291015625,46.44097900390625,141
2025-07-17T21:00:51.777991,1,18,"[0, 1, 2, 3, 4, 5, 6, 7]",93.01580810546875,46.05963134765625,46.9561767578125,143,93.01580810546875,46.5748291015625,46.44097900390625,141
2025-07-17T21:00:51.784970,2,18,"[0, 1, 2, 3, 4, 5, 6, 7]",93.01580810546875,46.05963134765625,46.9561767578125,143,93.01580810546875,46.5748291015625,46.44097900390625,141
2025-07-17T21:00:51.791293,3,18,"[0, 1, 2, 3, 4, 5, 6, 7]",93.01580810546875,46.05963134765625,46.9561767578125,143,93.01580810546875,46.5748291015625,46.44097900390625,141
2025-07-17T21:00:51.798533,4,18,"[0, 1, 2, 3, 4, 5, 6, 7]",93.01580810546875,46.05963134765625,46.9561767578125,143,93.01580810546875,46.5748291015625,46.44097900390625,141
2025-07-17T21:00:51.804977,0,19,"[0, 1, 2, 3, 4, 5, 6, 7]",93.01580810546875,46.05963134765625,46.9561767578125,143,93.01580810546875,46.5748291015625,46.44097900390625,141
2025-07-17T21:00:51.811070,1,19,"[0, 2, 3, 4, 5, 6, 7]",93.01580810546875,46.05963134765625,46.9561767578125,143,93.01580810546875,46.5748291015625,46.44097900390625,141
2025-07-17T21:00:51.817365,2,19,"[0, 1, 2, 3, 4, 5, 6, 7]",93.01580810546875,46.05963134765625,46.9561767578125,143,93.01580810546875,46.5748291015625,46.44097900390625,141
2025-07-17T21:00:51.824837,3,19,"[0, 2, 3, 4, 5, 6, 7]",93.01580810546875,46.05963134765625,46.9561767578125,143,93.01580810546875,46.5748291015625,46.44097900390625,141
2025-07-17T21:00:51.832232,4,19,"[0, 2, 3, 4, 5, 6, 7]",93.01580810546875,46.05963134765625,46.9561767578125,143,93.01580810546875,46.5748291015625,46.44097900390625,141
2025-07-17T21:00:51.838842,0,20,"[0, 1, 2, 3, 4, 5, 6, 7]",93.01580810546875,46.05963134765625,46.9561767578125,143,93.01580810546875,46.5748291015625,46.44097900390625,141
2025-07-17T21:00:51.842279,1,20,"[0, 2, 3, 4, 5, 6, 7]",93.01580810546875,46.05963134765625,46.9561767578125,143,93.01580810546875,46.5748291015625,46.44097900390625,141
2025-07-17T21:00:51.848782,2,20,"[0, 1, 2, 3, 4, 5, 6, 7]",93.01580810546875,46.05963134765625,46.9561767578125,143,93.01580810546875,46.5748291015625,46.44097900390625,141
2025-07-17T21:00:51.855570,3,20,"[0, 2, 3, 4, 5, 6, 7]",93.01580810546875,46.05963134765625,46.9561767578125,143,93.01580810546875,46.5748291015625,46.44097900390625,141
2025-07-17T21:00:51.861793,4,20,"[0, 2, 3, 4, 5, 6, 7]",93.01580810546875,46.05963134765625,46.9561767578125,143,93.01580810546875,46.5748291015625,46.44097900390625,141
2025-07-17T21:00:51.868982,0,21,"[0, 1, 2, 3, 4, 5, 6]",93.01580810546875,46.05963134765625,46.9561767578125,143,93.01580810546875,46.5748291015625,46.44097900390625,141
2025-07-17T21:00:51.875759,1,21,"[0, 1, 2, 3, 4, 5, 6, 7]",93.01580810546875,46.05963134765625,46.9561767578125,143,93.01580810546875,46.5748291015625,46.44097900390625,141
2025-07-17T21:00:51.882572,2,21,"[0, 1, 2, 3, 4, 5, 6, 7]",93.01580810546875,46.05963134765625,46.9561767578125,143,93.01580810546875,46.5748291015625,46.44097900390625,141
2025-07-17T21:00:51.889053,3,21,"[0, 1, 2, 3, 4, 5, 6, 7]",93.01580810546875,46.05963134765625,46.9561767578125,143,93.01580810546875,46.5748291015625,46.44097900390625,141
2025-07-17T21:00:51.895332,4,21,"[0, 1, 2, 3, 4, 5, 6, 7]",93.01580810546875,46.05963134765625,46.9561767578125,143,93.01580810546875,46.5748291015625,46.44097900390625,141
2025-07-17T21:00:51.901864,0,22,"[0, 1, 2, 3, 4, 5, 6, 7]",93.01580810546875,46.05963134765625,46.9561767578125,143,93.01580810546875,46.5748291015625,46.44097900390625,141
2025-07-17T21:00:51.908589,1,22,"[0, 1, 3, 4, 5, 6, 7]",93.01580810546875,46.05963134765625,46.9561767578125,143,93.01580810546875,46.5748291015625,46.44097900390625,141
2025-07-17T21:00:51.914693,2,22,"[0, 1, 2, 3, 4, 5, 6, 7]",93.01580810546875,46.05963134765625,46.9561767578125,143,93.01580810546875,46.5748291015625,46.44097900390625,141
2025-07-17T21:00:51.921443,3,22,"[0, 1, 3, 4, 5, 6, 7]",93.01580810546875,46.05963134765625,46.9561767578125,143,93.01580810546875,46.5748291015625,46.44097900390625,141
2025-07-17T21:00:51.932877,4,22,"[0, 1, 3, 4, 5, 6, 7]",93.01580810546875,46.05963134765625,46.9561767578125,143,93.01580810546875,46.5748291015625,46.44097900390625,141
2025-07-17T21:00:51.934956,0,23,"[0, 1, 2, 3, 4, 5, 6, 7]",93.01580810546875,46.05963134765625,46.9561767578125,143,93.01580810546875,46.5748291015625,46.44097900390625,141
2025-07-17T21:00:51.941804,1,23,"[0, 1, 2, 4, 5, 6, 7]",93.01580810546875,46.05963134765625,46.9561767578125,143,93.01580810546875,46.5748291015625,46.44097900390625,141
2025-07-17T21:00:51.948265,2,23,"[0, 1, 2, 3, 4, 5, 6, 7]",93.01580810546875,46.05963134765625,46.9561767578125,143,93.01580810546875,46.5748291015625,46.44097900390625,141
2025-07-17T21:00:51.955215,3,23,"[0, 1, 2, 4, 5, 6, 7]",93.01580810546875,46.05963134765625,46.9561767578125,143,93.01580810546875,46.5748291015625,46.44097900390625,141
2025-07-17T21:00:51.962484,4,23,"[0, 1, 2, 4, 5, 6, 7]",93.01580810546875,46.05963134765625,46.9561767578125,143,93.01580810546875,46.5748291015625,46.44097900390625,141
2025-07-17T21:00:51.970058,0,24,"[0, 1, 2, 3, 4, 5, 6, 7]",93.01580810546875,46.05963134765625,46.9561767578125,143,93.01580810546875,46.5748291015625,46.44097900390625,141
2025-07-17T21:00:51.977392,1,24,"[0, 1, 3, 4, 6, 7]",93.01580810546875,46.05963134765625,46.9561767578125,143,93.01580810546875,46.5748291015625,46.44097900390625,141
2025-07-17T21:00:51.983343,2,24,"[0, 1, 2, 3, 4, 5, 6, 7]",93.01580810546875,46.05963134765625,46.9561767578125,143,93.01580810546875,46.5748291015625,46.44097900390625,141
2025-07-17T21:00:51.989661,3,24,"[0, 1, 3, 4, 6, 7]",93.01580810546875,46.05963134765625,46.9561767578125,143,93.01580810546875,46.5748291015625,46.44097900390625,141
2025-07-17T21:00:51.996850,4,24,"[0, 1, 3, 4, 6, 7]",93.01580810546875,46.05963134765625,46.9561767578125,143,93.01580810546875,46.5748291015625,46.44097900390625,141
2025-07-17T21:00:52.003751,0,25,"[0, 1, 2, 3, 4, 5, 6, 7]",93.01580810546875,46.05963134765625,46.9561767578125,143,93.01580810546875,46.5748291015625,46.44097900390625,141
2025-07-17T21:00:52.015849,1,25,"[0, 1, 2, 3, 4, 6, 7]",93.01580810546875,46.05963134765625,46.9561767578125,143,93.01580810546875,46.5748291015625,46.44097900390625,141
2025-07-17T21:00:52.017896,2,25,"[0, 1, 2, 3, 4, 5, 6, 7]",93.01580810546875,46.05963134765625,46.9561767578125,143,93.01580810546875,46.5748291015625,46.44097900390625,141
2025-07-17T21:00:52.024688,3,25,"[0, 1, 2, 3, 4, 6, 7]",93.01580810546875,46.05963134765625,46.9561767578125,143,93.01580810546875,46.5748291015625,46.44097900390625,141
2025-07-17T21:00:52.030829,4,25,"[0, 1, 2, 3, 4, 6, 7]",93.01580810546875,46.05963134765625,46.9561767578125,143,93.01580810546875,46.5748291015625,46.44097900390625,141
2025-07-17T21:00:52.037510,0,26,"[0, 1, 2, 3, 4, 5, 6, 7]",93.01580810546875,46.05963134765625,46.9561767578125,143,93.01580810546875,46.5748291015625,46.44097900390625,141
2025-07-17T21:00:52.044553,1,26,"[0, 1, 2, 3, 4, 5, 6, 7]",93.01580810546875,46.05963134765625,46.9561767578125,143,93.01580810546875,46.5748291015625,46.44097900390625,141
2025-07-17T21:00:52.051443,2,26,"[0, 1, 2, 3, 4, 5, 6, 7]",93.01580810546875,46.05963134765625,46.9561767578125,143,93.01580810546875,46.5748291015625,46.44097900390625,141
2025-07-17T21:00:52.057894,3,26,"[0, 1, 2, 3, 4, 5, 6, 7]",93.01580810546875,46.05963134765625,46.9561767578125,143,93.01580810546875,46.5748291015625,46.44097900390625,141
2025-07-17T21:00:52.064908,4,26,"[0, 1, 2, 3, 4, 5, 6, 7]",93.01580810546875,46.05963134765625,46.9561767578125,143,93.01580810546875,46.5748291015625,46.44097900390625,141
2025-07-17T21:00:52.072390,0,27,"[0, 1, 2, 3, 4, 5, 6, 7]",93.01580810546875,46.05963134765625,46.9561767578125,143,93.01580810546875,46.5748291015625,46.44097900390625,141
2025-07-17T21:00:52.084031,1,27,"[0, 1, 2, 3, 4, 5, 6, 7]",93.01580810546875,46.05963134765625,46.9561767578125,143,93.01580810546875,46.5748291015625,46.44097900390625,141
2025-07-17T21:00:52.086068,2,27,"[0, 1, 2, 3, 4, 5, 6, 7]",93.01580810546875,46.05963134765625,46.9561767578125,143,93.01580810546875,46.5748291015625,46.44097900390625,141
2025-07-17T21:00:52.092480,3,27,"[0, 1, 2, 3, 4, 5, 6, 7]",93.01580810546875,46.05963134765625,46.9561767578125,143,93.01580810546875,46.5748291015625,46.44097900390625,141
2025-07-17T21:00:52.104685,4,27,"[0, 1, 2, 3, 4, 5, 6, 7]",93.01580810546875,46.05963134765625,46.9561767578125,143,93.01580810546875,46.5748291015625,46.44097900390625,141
2025-07-17T21:00:52.111788,0,28,"[0, 1, 2, 3, 4, 5, 6, 7]",93.01580810546875,46.05963134765625,46.9561767578125,143,93.01580810546875,46.5748291015625,46.44097900390625,141
2025-07-17T21:00:52.113623,1,28,"[0, 1, 2, 3, 4, 5, 6, 7]",93.01580810546875,46.05963134765625,46.9561767578125,143,93.01580810546875,46.5748291015625,46.44097900390625,141
2025-07-17T21:00:52.120395,2,28,"[0, 1, 2, 3, 4, 5, 6, 7]",93.01580810546875,46.05963134765625,46.9561767578125,143,93.01580810546875,46.5748291015625,46.44097900390625,141
2025-07-17T21:00:52.126760,3,28,"[0, 1, 2, 3, 4, 5, 6, 7]",93.01580810546875,46.05963134765625,46.9561767578125,143,93.01580810546875,46.5748291015625,46.44097900390625,141
2025-07-17T21:00:52.138947,4,28,"[0, 1, 2, 3, 4, 5, 6, 7]",93.01580810546875,46.05963134765625,46.9561767578125,143,93.01580810546875,46.5748291015625,46.44097900390625,141
2025-07-17T21:00:52.141147,0,29,"[0, 1, 2, 3, 4, 5, 6, 7]",93.01580810546875,46.05963134765625,46.9561767578125,143,93.01580810546875,46.5748291015625,46.44097900390625,141
2025-07-17T21:00:52.148499,1,29,"[0, 1, 2, 3, 4, 5, 6, 7]",93.01580810546875,46.05963134765625,46.9561767578125,143,93.01580810546875,46.5748291015625,46.44097900390625,141
2025-07-17T21:00:52.155496,2,29,"[0, 1, 2, 3, 4, 5, 6, 7]",93.01580810546875,46.05963134765625,46.9561767578125,143,93.01580810546875,46.5748291015625,46.44097900390625,141
2025-07-17T21:00:52.162072,3,29,"[0, 1, 2, 3, 4, 5, 6, 7]",93.01580810546875,46.05963134765625,46.9561767578125,143,93.01580810546875,46.5748291015625,46.44097900390625,141
2025-07-17T21:00:52.168829,4,29,"[0, 1, 2, 3, 4, 5, 6, 7]",93.01580810546875,46.05963134765625,46.9561767578125,143,93.01580810546875,46.5748291015625,46.44097900390625,141
2025-07-17T21:00:52.175940,0,30,"[0, 1, 2, 3, 4, 5, 7]",93.01580810546875,46.05963134765625,46.9561767578125,143,93.01580810546875,46.5748291015625,46.44097900390625,141
2025-07-17T21:00:52.182754,1,30,"[0, 1, 2, 3, 4, 5, 6, 7]",93.01580810546875,46.05963134765625,46.9561767578125,143,93.01580810546875,46.5748291015625,46.44097900390625,141
2025-07-17T21:00:52.189812,2,30,"[0, 1, 2, 3, 4, 5, 6, 7]",93.01580810546875,46.05963134765625,46.9561767578125,143,93.01580810546875,46.5748291015625,46.44097900390625,141
2025-07-17T21:00:52.197216,3,30,"[0, 1, 2, 3, 4, 5, 6, 7]",93.01580810546875,46.05963134765625,46.9561767578125,143,93.01580810546875,46.5748291015625,46.44097900390625,141
2025-07-17T21:00:52.208963,4,30,"[0, 1, 2, 3, 4, 5, 6, 7]",93.01580810546875,46.05963134765625,46.9561767578125,143,93.01580810546875,46.5748291015625,46.44097900390625,141
2025-07-17T21:00:52.211561,0,31,"[0, 1, 2, 3, 4, 5, 6, 7]",93.01580810546875,46.05963134765625,46.9561767578125,143,93.01580810546875,46.5748291015625,46.44097900390625,141
2025-07-17T21:00:52.219674,1,31,"[0, 1, 2, 3, 4, 5, 6, 7]",93.01580810546875,46.05963134765625,46.9561767578125,143,93.01580810546875,46.5748291015625,46.44097900390625,141
2025-07-17T21:00:52.227030,2,31,"[0, 1, 2, 3, 4, 5, 6, 7]",93.01580810546875,46.05963134765625,46.9561767578125,143,93.01580810546875,46.5748291015625,46.44097900390625,141
2025-07-17T21:00:52.235253,3,31,"[0, 1, 2, 3, 4, 5, 6, 7]",93.01580810546875,46.05963134765625,46.9561767578125,143,93.01580810546875,46.5748291015625,46.44097900390625,141
2025-07-17T21:00:52.243013,4,31,"[0, 1, 2, 3, 4, 5, 6, 7]",93.01580810546875,46.05963134765625,46.9561767578125,143,93.01580810546875,46.5748291015625,46.44097900390625,141
2025-07-17T21:00:52.254533,0,0,"[0, 1, 2, 3, 4, 5, 6, 7]",93.01580810546875,46.05963134765625,46.9561767578125,143,93.01580810546875,46.5748291015625,46.44097900390625,141
2025-07-17T21:00:52.260849,1,0,"[0, 1, 2, 3, 4, 5, 6, 7]",93.01580810546875,46.05963134765625,46.9561767578125,143,93.01580810546875,46.5748291015625,46.44097900390625,141
2025-07-17T21:00:52.268793,2,0,"[0, 1, 2, 3, 4, 5, 6, 7]",93.01580810546875,46.05963134765625,46.9561767578125,143,93.01580810546875,46.5748291015625,46.44097900390625,141
2025-07-17T21:00:52.282584,3,0,"[0, 1, 2, 3, 4, 5, 6, 7]",93.01580810546875,46.05963134765625,46.9561767578125,143,93.01580810546875,46.5748291015625,46.44097900390625,141
2025-07-17T21:00:52.285046,4,0,"[0, 1, 2, 3, 4, 5, 6, 7]",93.01580810546875,46.05963134765625,46.9561767578125,143,93.01580810546875,46.5748291015625,46.44097900390625,141
2025-07-17T21:00:52.297164,0,1,"[0, 1, 2, 3, 4, 5, 6, 7]",93.01580810546875,46.05963134765625,46.9561767578125,143,93.01580810546875,46.5748291015625,46.44097900390625,141
2025-07-17T21:00:52.304848,1,1,"[0, 1, 2, 3, 4, 6, 7]",93.01580810546875,46.05963134765625,46.9561767578125,143,93.01580810546875,46.5748291015625,46.44097900390625,141
2025-07-17T21:00:52.306755,2,1,"[0, 1, 2, 4, 5, 6, 7]",93.01580810546875,46.05963134765625,46.9561767578125,143,93.01580810546875,46.5748291015625,46.44097900390625,141
2025-07-17T21:00:52.314793,3,1,"[0, 1, 2, 3, 4, 6, 7]",93.01580810546875,46.05963134765625,46.9561767578125,143,93.01580810546875,46.5748291015625,46.44097900390625,141
2025-07-17T21:00:52.322001,4,1,"[0, 1, 2, 3, 4, 6, 7]",93.01580810546875,46.05963134765625,46.9561767578125,143,93.01580810546875,46.5748291015625,46.44097900390625,141
2025-07-17T21:00:52.334811,0,2,"[0, 1, 2, 3, 4, 5, 6, 7]",93.01580810546875,46.05963134765625,46.9561767578125,143,93.01580810546875,46.5748291015625,46.44097900390625,141
2025-07-17T21:00:52.336797,1,2,"[0, 1, 3, 4, 5, 6, 7]",93.01580810546875,46.05963134765625,46.9561767578125,143,93.01580810546875,46.5748291015625,46.44097900390625,141
2025-07-17T21:00:52.349033,2,2,"[0, 1, 2, 3, 4, 5, 6, 7]",93.01580810546875,46.05963134765625,46.9561767578125,143,93.01580810546875,46.5748291015625,46.44097900390625,141
2025-07-17T21:00:52.350866,3,2,"[0, 1, 3, 4, 5, 6, 7]",93.01580810546875,46.05963134765625,46.9561767578125,143,93.01580810546875,46.5748291015625,46.44097900390625,141
2025-07-17T21:00:52.358054,4,2,"[0, 1, 3, 4, 5, 6, 7]",93.01580810546875,46.05963134765625,46.9561767578125,143,93.01580810546875,46.5748291015625,46.44097900390625,141
2025-07-17T21:00:52.366304,0,3,"[0, 1, 2, 3, 4, 5, 6, 7]",93.01580810546875,46.05963134765625,46.9561767578125,143,93.01580810546875,46.5748291015625,46.44097900390625,141
2025-07-17T21:00:52.372566,1,3,"[1, 2, 3, 4, 5, 6, 7]",93.01580810546875,46.05963134765625,46.9561767578125,143,93.01580810546875,46.5748291015625,46.44097900390625,141
2025-07-17T21:00:52.379871,2,3,"[0, 1, 2, 3, 4, 5, 6, 7]",93.01580810546875,46.05963134765625,46.9561767578125,143,93.01580810546875,46.5748291015625,46.44097900390625,141
2025-07-17T21:00:52.386732,3,3,"[1, 2, 3, 4, 5, 6, 7]",93.01580810546875,46.05963134765625,46.9561767578125,143,93.01580810546875,46.5748291015625,46.44097900390625,141
2025-07-17T21:00:52.397993,4,3,"[1, 2, 3, 4, 5, 6, 7]",93.01580810546875,46.05963134765625,46.9561767578125,143,93.01580810546875,46.5748291015625,46.44097900390625,141
2025-07-17T21:00:52.401682,0,4,"[0, 1, 2, 3, 4, 5, 6, 7]",93.01580810546875,46.05963134765625,46.9561767578125,143,93.01580810546875,46.5748291015625,46.44097900390625,141
2025-07-17T21:00:52.412631,1,4,"[0, 1, 2, 3, 4, 5, 6, 7]",93.01580810546875,46.05963134765625,46.9561767578125,143,93.01580810546875,46.5748291015625,46.44097900390625,141
2025-07-17T21:00:52.419531,2,4,"[0, 1, 2, 3, 4, 5, 6, 7]",93.01580810546875,46.05963134765625,46.9561767578125,143,93.01580810546875,46.5748291015625,46.44097900390625,141
2025-07-17T21:00:52.426622,3,4,"[0, 1, 2, 3, 4, 5, 6, 7]",93.01580810546875,46.05963134765625,46.9561767578125,143,93.01580810546875,46.5748291015625,46.44097900390625,141
2025-07-17T21:00:52.434205,4,4,"[0, 1, 2, 3, 4, 5, 6, 7]",93.01580810546875,46.05963134765625,46.9561767578125,143,93.01580810546875,46.5748291015625,46.44097900390625,141
2025-07-17T21:00:52.441289,0,5,"[0, 1, 2, 3, 4, 5, 6, 7]",93.01580810546875,46.05963134765625,46.9561767578125,143,93.01580810546875,46.5748291015625,46.44097900390625,141
2025-07-17T21:00:52.443634,1,5,"[0, 1, 2, 3, 4, 5, 6, 7]",93.01580810546875,46.05963134765625,46.9561767578125,143,93.01580810546875,46.5748291015625,46.44097900390625,141
2025-07-17T21:00:52.450803,2,5,"[0, 1, 2, 3, 4, 5, 6, 7]",93.01580810546875,46.05963134765625,46.9561767578125,143,93.01580810546875,46.5748291015625,46.44097900390625,141
2025-07-17T21:00:52.462387,3,5,"[0, 1, 2, 3, 4, 5, 6, 7]",93.01580810546875,46.05963134765625,46.9561767578125,143,93.01580810546875,46.5748291015625,46.44097900390625,141
2025-07-17T21:00:52.464889,4,5,"[0, 1, 2, 3, 4, 5, 6, 7]",93.01580810546875,46.05963134765625,46.9561767578125,143,93.01580810546875,46.5748291015625,46.44097900390625,141
2025-07-17T21:00:52.475931,0,6,"[0, 1, 2, 3, 4, 6, 7]",93.01580810546875,46.05963134765625,46.9561767578125,143,93.01580810546875,46.5748291015625,46.44097900390625,141
2025-07-17T21:00:52.482909,1,6,"[0, 2, 3, 4, 5, 6, 7]",93.01580810546875,46.05963134765625,46.9561767578125,143,93.01580810546875,46.5748291015625,46.44097900390625,141
2025-07-17T21:00:52.490169,2,6,"[0, 1, 2, 3, 4, 5, 6, 7]",93.01580810546875,46.05963134765625,46.9561767578125,143,93.01580810546875,46.5748291015625,46.44097900390625,141
2025-07-17T21:00:52.497101,3,6,"[0, 2, 3, 4, 5, 6, 7]",93.01580810546875,46.05963134765625,46.9561767578125,143,93.01580810546875,46.5748291015625,46.44097900390625,141
2025-07-17T21:00:52.504010,4,6,"[0, 2, 3, 4, 5, 6, 7]",93.01580810546875,46.05963134765625,46.9561767578125,143,93.01580810546875,46.5748291015625,46.44097900390625,141
2025-07-17T21:00:52.510692,0,7,"[0, 1, 2, 3, 4, 5, 6, 7]",93.01580810546875,46.05963134765625,46.9561767578125,143,93.01580810546875,46.5748291015625,46.44097900390625,141
2025-07-17T21:00:52.517525,1,7,"[0, 1, 2, 3, 5, 6, 7]",93.01580810546875,46.05963134765625,46.9561767578125,143,93.01580810546875,46.5748291015625,46.44097900390625,141
2025-07-17T21:00:52.525169,2,7,"[0, 1, 2, 3, 4, 5, 6, 7]",93.01580810546875,46.05963134765625,46.9561767578125,143,93.01580810546875,46.5748291015625,46.44097900390625,141
2025-07-17T21:00:52.531855,3,7,"[0, 1, 2, 3, 5, 6, 7]",93.01580810546875,46.05963134765625,46.9561767578125,143,93.01580810546875,46.5748291015625,46.44097900390625,141
2025-07-17T21:00:52.538808,4,7,"[0, 1, 2, 3, 5, 6, 7]",93.01580810546875,46.05963134765625,46.9561767578125,143,93.01580810546875,46.5748291015625,46.44097900390625,141
2025-07-17T21:00:52.545832,0,8,"[1, 2, 3, 4, 5, 6, 7]",93.01580810546875,46.05963134765625,46.9561767578125,143,93.01580810546875,46.5748291015625,46.44097900390625,141
2025-07-17T21:00:52.552336,1,8,"[1, 2, 3, 4, 5, 6]",93.01580810546875,46.05963134765625,46.9561767578125,143,93.01580810546875,46.5748291015625,46.44097900390625,141
2025-07-17T21:00:52.559768,2,8,"[1, 2, 3, 4, 5, 6, 7]",93.01580810546875,46.05963134765625,46.9561767578125,143,93.01580810546875,46.5748291015625,46.44097900390625,141
2025-07-17T21:00:52.566323,3,8,"[1, 2, 3, 4, 5, 6]",93.01580810546875,46.05963134765625,46.9561767578125,143,93.01580810546875,46.5748291015625,46.44097900390625,141
2025-07-17T21:00:52.573852,4,8,"[1, 2, 3, 4, 5, 6]",93.01580810546875,46.05963134765625,46.9561767578125,143,93.01580810546875,46.5748291015625,46.44097900390625,141
2025-07-17T21:00:52.581134,0,9,"[0, 1, 2, 3, 4, 5, 6, 7]",93.01580810546875,46.05963134765625,46.9561767578125,143,93.01580810546875,46.5748291015625,46.44097900390625,141
2025-07-17T21:00:52.588027,1,9,"[0, 1, 2, 3, 4, 5, 6, 7]",93.01580810546875,46.05963134765625,46.9561767578125,143,93.01580810546875,46.5748291015625,46.44097900390625,141
2025-07-17T21:00:52.596125,2,9,"[0, 1, 2, 4, 5, 6, 7]",93.01580810546875,46.05963134765625,46.9561767578125,143,93.01580810546875,46.5748291015625,46.44097900390625,141
2025-07-17T21:00:52.603899,3,9,"[0, 1, 2, 3, 4, 5, 6, 7]",93.01580810546875,46.05963134765625,46.9561767578125,143,93.01580810546875,46.5748291015625,46.44097900390625,141
2025-07-17T21:00:52.606319,4,9,"[0, 1, 2, 3, 4, 5, 6, 7]",93.01580810546875,46.05963134765625,46.9561767578125,143,93.01580810546875,46.5748291015625,46.44097900390625,141
2025-07-17T21:00:52.617186,0,10,"[0, 1, 2, 3, 4, 5, 6, 7]",93.01580810546875,46.05963134765625,46.9561767578125,143,93.01580810546875,46.5748291015625,46.44097900390625,141
2025-07-17T21:00:52.624046,1,10,"[0, 2, 3, 4, 5, 6, 7]",93.01580810546875,46.05963134765625,46.9561767578125,143,93.01580810546875,46.5748291015625,46.44097900390625,141
2025-07-17T21:00:52.630642,2,10,"[0, 1, 2, 3, 4, 5, 6, 7]",93.01580810546875,46.05963134765625,46.9561767578125,143,93.01580810546875,46.5748291015625,46.44097900390625,141
2025-07-17T21:00:52.637943,3,10,"[0, 2, 3, 4, 5, 6, 7]",93.01580810546875,46.05963134765625,46.9561767578125,143,93.01580810546875,46.5748291015625,46.44097900390625,141
2025-07-17T21:00:52.645320,4,10,"[0, 2, 3, 4, 5, 6, 7]",93.01580810546875,46.05963134765625,46.9561767578125,143,93.01580810546875,46.5748291015625,46.44097900390625,141
2025-07-17T21:00:52.647342,0,11,"[0, 1, 2, 3, 4, 5, 6, 7]",93.01580810546875,46.05963134765625,46.9561767578125,143,93.01580810546875,46.5748291015625,46.44097900390625,141
2025-07-17T21:00:52.654060,1,11,"[0, 1, 2, 3, 5, 6, 7]",93.01580810546875,46.05963134765625,46.9561767578125,143,93.01580810546875,46.5748291015625,46.44097900390625,141
2025-07-17T21:00:52.660674,2,11,"[0, 1, 2, 3, 4, 5, 6, 7]",93.01580810546875,46.05963134765625,46.9561767578125,143,93.01580810546875,46.5748291015625,46.44097900390625,141
2025-07-17T21:00:52.667944,3,11,"[0, 1, 2, 3, 5, 6, 7]",93.01580810546875,46.05963134765625,46.9561767578125,143,93.01580810546875,46.5748291015625,46.44097900390625,141
2025-07-17T21:00:52.675509,4,11,"[0, 1, 2, 3, 5, 6, 7]",93.01580810546875,46.05963134765625,46.9561767578125,143,93.01580810546875,46.5748291015625,46.44097900390625,141
2025-07-17T21:00:52.681670,0,12,"[0, 1, 2, 3, 4, 5, 6, 7]",93.01580810546875,46.05963134765625,46.9561767578125,143,93.01580810546875,46.5748291015625,46.44097900390625,141
2025-07-17T21:00:52.688051,1,12,"[0, 1, 3, 4, 5, 6]",93.01580810546875,46.05963134765625,46.9561767578125,143,93.01580810546875,46.5748291015625,46.44097900390625,141
2025-07-17T21:00:52.696015,2,12,"[0, 1, 2, 3, 4, 5, 6, 7]",93.01580810546875,46.05963134765625,46.9561767578125,143,93.01580810546875,46.5748291015625,46.44097900390625,141
2025-07-17T21:00:52.702250,3,12,"[0, 1, 3, 4, 5, 6]",93.01580810546875,46.05963134765625,46.9561767578125,143,93.01580810546875,46.5748291015625,46.44097900390625,141
2025-07-17T21:00:52.708167,4,12,"[0, 1, 3, 4, 5, 6]",93.01580810546875,46.05963134765625,46.9561767578125,143,93.01580810546875,46.5748291015625,46.44097900390625,141
2025-07-17T21:00:52.714613,0,13,"[0, 1, 2, 3, 5, 6, 7]",93.01580810546875,46.05963134765625,46.9561767578125,143,93.01580810546875,46.5748291015625,46.44097900390625,141
2025-07-17T21:00:52.721981,1,13,"[0, 1, 2, 3, 5, 6]",93.01580810546875,46.05963134765625,46.9561767578125,143,93.01580810546875,46.5748291015625,46.44097900390625,141
2025-07-17T21:00:52.728290,2,13,"[0, 1, 2, 3, 5, 6, 7]",93.01580810546875,46.05963134765625,46.9561767578125,143,93.01580810546875,46.5748291015625,46.44097900390625,141
2025-07-17T21:00:52.739695,3,13,"[0, 1, 2, 3, 5, 6]",93.01580810546875,46.05963134765625,46.9561767578125,143,93.01580810546875,46.5748291015625,46.44097900390625,141
2025-07-17T21:00:52.741564,4,13,"[0, 1, 2, 3, 5, 6]",93.01580810546875,46.05963134765625,46.9561767578125,143,93.01580810546875,46.5748291015625,46.44097900390625,141
2025-07-17T21:00:52.753131,0,14,"[0, 1, 2, 3, 4, 5, 6, 7]",93.01580810546875,46.05963134765625,46.9561767578125,143,93.01580810546875,46.5748291015625,46.44097900390625,141
2025-07-17T21:00:52.754995,1,14,"[0, 1, 2, 3, 4, 5, 6, 7]",93.01580810546875,46.05963134765625,46.9561767578125,143,93.01580810546875,46.5748291015625,46.44097900390625,141
2025-07-17T21:00:52.761686,2,14,"[0, 1, 2, 3, 4, 5, 6, 7]",93.01580810546875,46.05963134765625,46.9561767578125,143,93.01580810546875,46.5748291015625,46.44097900390625,141
2025-07-17T21:00:52.767907,3,14,"[0, 1, 2, 3, 4, 5, 6, 7]",93.01580810546875,46.05963134765625,46.9561767578125,143,93.01580810546875,46.5748291015625,46.44097900390625,141
2025-07-17T21:00:52.775258,4,14,"[0, 1, 2, 3, 4, 5, 6, 7]",93.01580810546875,46.05963134765625,46.9561767578125,143,93.01580810546875,46.5748291015625,46.44097900390625,141
2025-07-17T21:00:52.782171,0,15,"[0, 1, 2, 3, 4, 5, 6, 7]",93.01580810546875,46.05963134765625,46.9561767578125,143,93.01580810546875,46.5748291015625,46.44097900390625,141
2025-07-17T21:00:52.788395,1,15,"[0, 1, 2, 3, 4, 5, 6, 7]",93.01580810546875,46.05963134765625,46.9561767578125,143,93.01580810546875,46.5748291015625,46.44097900390625,141
2025-07-17T21:00:52.796145,2,15,"[0, 1, 2, 3, 4, 5, 6, 7]",93.01580810546875,46.05963134765625,46.9561767578125,143,93.01580810546875,46.5748291015625,46.44097900390625,141
2025-07-17T21:00:52.802843,3,15,"[0, 1, 2, 3, 4, 5, 6, 7]",93.01580810546875,46.05963134765625,46.9561767578125,143,93.01580810546875,46.5748291015625,46.44097900390625,141
2025-07-17T21:00:52.809901,4,15,"[0, 1, 2, 3, 4, 5, 6, 7]",93.01580810546875,46.05963134765625,46.9561767578125,143,93.01580810546875,46.5748291015625,46.44097900390625,141
2025-07-17T21:00:52.820639,0,16,"[0, 1, 2, 3, 4, 5, 6, 7]",93.01580810546875,46.05963134765625,46.9561767578125,143,93.01580810546875,46.5748291015625,46.44097900390625,141
2025-07-17T21:00:52.827255,1,16,"[0, 1, 2, 3, 4, 5, 6, 7]",93.01580810546875,46.05963134765625,46.9561767578125,143,93.01580810546875,46.5748291015625,46.44097900390625,141
2025-07-17T21:00:52.834267,2,16,"[0, 1, 2, 3, 4, 5, 6, 7]",93.01580810546875,46.05963134765625,46.9561767578125,143,93.01580810546875,46.5748291015625,46.44097900390625,141
2025-07-17T21:00:52.841859,3,16,"[0, 1, 2, 3, 4, 5, 6, 7]",93.01580810546875,46.05963134765625,46.9561767578125,143,93.01580810546875,46.5748291015625,46.44097900390625,141
2025-07-17T21:00:52.848853,4,16,"[0, 1, 2, 3, 4, 5, 6, 7]",93.01580810546875,46.05963134765625,46.9561767578125,143,93.01580810546875,46.5748291015625,46.44097900390625,141
2025-07-17T21:00:52.855880,0,17,"[0, 1, 2, 3, 4, 5, 6, 7]",93.01580810546875,46.05963134765625,46.9561767578125,143,93.01580810546875,46.5748291015625,46.44097900390625,141
2025-07-17T21:00:52.862518,1,17,"[0, 1, 2, 3, 4, 5, 6, 7]",93.01580810546875,46.05963134765625,46.9561767578125,143,93.01580810546875,46.5748291015625,46.44097900390625,141
2025-07-17T21:00:52.868721,2,17,"[0, 1, 2, 3, 4, 5, 6, 7]",93.01580810546875,46.05963134765625,46.9561767578125,143,93.01580810546875,46.5748291015625,46.44097900390625,141
2025-07-17T21:00:52.874115,3,17,"[0, 1, 2, 3, 4, 5, 6, 7]",93.01580810546875,46.05963134765625,46.9561767578125,143,93.01580810546875,46.5748291015625,46.44097900390625,141
2025-07-17T21:00:52.886297,4,17,"[0, 1, 2, 3, 4, 5, 6, 7]",93.01580810546875,46.05963134765625,46.9561767578125,143,93.01580810546875,46.5748291015625,46.44097900390625,141
2025-07-17T21:00:52.888447,0,18,"[0, 1, 2, 3, 4, 5, 6, 7]",93.01580810546875,46.05963134765625,46.9561767578125,143,93.01580810546875,46.5748291015625,46.44097900390625,141
2025-07-17T21:00:52.900569,1,18,"[0, 1, 2, 3, 5, 6, 7]",93.01580810546875,46.05963134765625,46.9561767578125,143,93.01580810546875,46.5748291015625,46.44097900390625,141
2025-07-17T21:00:52.902716,2,18,"[0, 1, 3, 4, 5, 6, 7]",93.01580810546875,46.05963134765625,46.9561767578125,143,93.01580810546875,46.5748291015625,46.44097900390625,141
2025-07-17T21:00:52.909234,3,18,"[0, 1, 2, 3, 5, 6, 7]",93.01580810546875,46.05963134765625,46.9561767578125,143,93.01580810546875,46.5748291015625,46.44097900390625,141
2025-07-17T21:00:52.915774,4,18,"[0, 1, 2, 3, 5, 6, 7]",93.01580810546875,46.05963134765625,46.9561767578125,143,93.01580810546875,46.5748291015625,46.44097900390625,141
2025-07-17T21:00:52.921775,0,19,"[0, 1, 2, 3, 4, 5, 6, 7]",93.01580810546875,46.05963134765625,46.9561767578125,143,93.01580810546875,46.5748291015625,46.44097900390625,141
2025-07-17T21:00:52.928343,1,19,"[0, 1, 2, 3, 4, 5, 6, 7]",93.01580810546875,46.05963134765625,46.9561767578125,143,93.01580810546875,46.5748291015625,46.44097900390625,141
2025-07-17T21:00:52.934579,2,19,"[0, 1, 2, 3, 4, 5, 6, 7]",93.01580810546875,46.05963134765625,46.9561767578125,143,93.01580810546875,46.5748291015625,46.44097900390625,141
2025-07-17T21:00:52.941522,3,19,"[0, 1, 2, 3, 4, 5, 6, 7]",93.01580810546875,46.05963134765625,46.9561767578125,143,93.01580810546875,46.5748291015625,46.44097900390625,141
2025-07-17T21:00:52.947935,4,19,"[0, 1, 2, 3, 4, 5, 6, 7]",93.01580810546875,46.05963134765625,46.9561767578125,143,93.01580810546875,46.5748291015625,46.44097900390625,141
2025-07-17T21:00:52.959998,0,20,"[0, 1, 2, 3, 4, 5, 6, 7]",93.01580810546875,46.05963134765625,46.9561767578125,143,93.01580810546875,46.5748291015625,46.44097900390625,141
2025-07-17T21:00:52.962496,1,20,"[0, 1, 3, 4, 5, 6, 7]",93.01580810546875,46.05963134765625,46.9561767578125,143,93.01580810546875,46.5748291015625,46.44097900390625,141
2025-07-17T21:00:52.968616,2,20,"[0, 1, 2, 3, 4, 5, 6, 7]",93.01580810546875,46.05963134765625,46.9561767578125,143,93.01580810546875,46.5748291015625,46.44097900390625,141
2025-07-17T21:00:52.979287,3,20,"[0, 1, 3, 4, 5, 6, 7]",93.01580810546875,46.05963134765625,46.9561767578125,143,93.01580810546875,46.5748291015625,46.44097900390625,141
2025-07-17T21:00:52.981771,4,20,"[0, 1, 3, 4, 5, 6, 7]",93.01580810546875,46.05963134765625,46.9561767578125,143,93.01580810546875,46.5748291015625,46.44097900390625,141
2025-07-17T21:00:52.988672,0,21,"[0, 1, 2, 3, 4, 5, 6, 7]",93.01580810546875,46.05963134765625,46.9561767578125,143,93.01580810546875,46.5748291015625,46.44097900390625,141
2025-07-17T21:00:52.996111,1,21,"[0, 1, 2, 4, 5, 6, 7]",93.01580810546875,46.05963134765625,46.9561767578125,143,93.01580810546875,46.5748291015625,46.44097900390625,141
2025-07-17T21:00:53.002733,2,21,"[0, 1, 2, 3, 4, 5, 6, 7]",93.01580810546875,46.05963134765625,46.9561767578125,143,93.01580810546875,46.5748291015625,46.44097900390625,141
2025-07-17T21:00:53.010156,3,21,"[0, 1, 2, 4, 5, 6, 7]",93.01580810546875,46.05963134765625,46.9561767578125,143,93.01580810546875,46.5748291015625,46.44097900390625,141
2025-07-17T21:00:53.022368,4,21,"[0, 1, 2, 4, 5, 6, 7]",93.01580810546875,46.05963134765625,46.9561767578125,143,93.01580810546875,46.5748291015625,46.44097900390625,141
2025-07-17T21:00:53.024633,0,22,"[0, 1, 2, 3, 4, 5, 6, 7]",93.01580810546875,46.05963134765625,46.9561767578125,143,93.01580810546875,46.5748291015625,46.44097900390625,141
2025-07-17T21:00:53.032279,1,22,"[0, 1, 2, 3, 4, 5, 6, 7]",93.01580810546875,46.05963134765625,46.9561767578125,143,93.01580810546875,46.5748291015625,46.44097900390625,141
2025-07-17T21:00:53.043777,2,22,"[0, 1, 2, 3, 4, 5, 6, 7]",93.01580810546875,46.05963134765625,46.9561767578125,143,93.01580810546875,46.5748291015625,46.44097900390625,141
2025-07-17T21:00:53.050809,3,22,"[0, 1, 2, 3, 4, 5, 6, 7]",93.01580810546875,46.05963134765625,46.9561767578125,143,93.01580810546875,46.5748291015625,46.44097900390625,141
2025-07-17T21:00:53.052689,4,22,"[0, 1, 2, 3, 4, 5, 6, 7]",93.01580810546875,46.05963134765625,46.9561767578125,143,93.01580810546875,46.5748291015625,46.44097900390625,141
2025-07-17T21:00:53.060049,0,23,"[0, 1, 2, 3, 4, 5, 6, 7]",93.01580810546875,46.05963134765625,46.9561767578125,143,93.01580810546875,46.5748291015625,46.44097900390625,141
2025-07-17T21:00:53.066783,1,23,"[0, 1, 2, 3, 4, 5]",93.01580810546875,46.05963134765625,46.9561767578125,143,93.01580810546875,46.5748291015625,46.44097900390625,141
2025-07-17T21:00:53.073277,2,23,"[0, 1, 2, 3, 4, 5, 6, 7]",93.01580810546875,46.05963134765625,46.9561767578125,143,93.01580810546875,46.5748291015625,46.44097900390625,141
2025-07-17T21:00:53.080284,3,23,"[0, 1, 2, 3, 4, 5]",93.01580810546875,46.05963134765625,46.9561767578125,143,93.01580810546875,46.5748291015625,46.44097900390625,141
2025-07-17T21:00:53.086833,4,23,"[0, 1, 2, 3, 4, 5]",93.01580810546875,46.05963134765625,46.9561767578125,143,93.01580810546875,46.5748291015625,46.44097900390625,141
2025-07-17T21:00:53.093852,0,24,"[0, 1, 2, 3, 4, 5, 6, 7]",93.01580810546875,46.05963134765625,46.9561767578125,143,93.01580810546875,46.5748291015625,46.44097900390625,141
2025-07-17T21:00:53.105900,1,24,"[0, 1, 2, 3, 4, 5, 6, 7]",93.01580810546875,46.05963134765625,46.9561767578125,143,93.01580810546875,46.5748291015625,46.44097900390625,141
2025-07-17T21:00:53.107936,2,24,"[0, 1, 2, 3, 4, 5, 6, 7]",93.01580810546875,46.05963134765625,46.9561767578125,143,93.01580810546875,46.5748291015625,46.44097900390625,141
2025-07-17T21:00:53.114844,3,24,"[0, 1, 2, 3, 4, 5, 6, 7]",93.01580810546875,46.05963134765625,46.9561767578125,143,93.01580810546875,46.5748291015625,46.44097900390625,141
2025-07-17T21:00:53.121357,4,24,"[0, 1, 2, 3, 4, 5, 6, 7]",93.01580810546875,46.05963134765625,46.9561767578125,143,93.01580810546875,46.5748291015625,46.44097900390625,141
2025-07-17T21:00:53.133586,0,25,"[0, 1, 2, 3, 4, 5, 6, 7]",93.01580810546875,46.05963134765625,46.9561767578125,143,93.01580810546875,46.5748291015625,46.44097900390625,141
2025-07-17T21:00:53.136015,1,25,"[0, 1, 2, 3, 4, 5, 6, 7]",93.01580810546875,46.05963134765625,46.9561767578125,143,93.01580810546875,46.5748291015625,46.44097900390625,141
2025-07-17T21:00:53.147207,2,25,"[0, 1, 2, 3, 4, 5, 6, 7]",93.01580810546875,46.05963134765625,46.9561767578125,143,93.01580810546875,46.5748291015625,46.44097900390625,141
2025-07-17T21:00:53.149513,3,25,"[0, 1, 2, 3, 4, 5, 6, 7]",93.01580810546875,46.05963134765625,46.9561767578125,143,93.01580810546875,46.5748291015625,46.44097900390625,141
2025-07-17T21:00:53.156793,4,25,"[0, 1, 2, 3, 4, 5, 6, 7]",93.01580810546875,46.05963134765625,46.9561767578125,143,93.01580810546875,46.5748291015625,46.44097900390625,141
2025-07-17T21:00:53.163497,0,26,"[0, 1, 2, 3, 4, 5, 6, 7]",93.01580810546875,46.05963134765625,46.9561767578125,143,93.01580810546875,46.5748291015625,46.44097900390625,141
2025-07-17T21:00:53.171276,1,26,"[0, 1, 2, 3, 4, 5, 7]",93.01580810546875,46.05963134765625,46.9561767578125,143,93.01580810546875,46.5748291015625,46.44097900390625,141
2025-07-17T21:00:53.178646,2,26,"[0, 1, 2, 3, 4, 5, 6, 7]",93.01580810546875,46.05963134765625,46.9561767578125,143,93.01580810546875,46.5748291015625,46.44097900390625,141
2025-07-17T21:00:53.185789,3,26,"[0, 1, 2, 3, 4, 5, 7]",93.01580810546875,46.05963134765625,46.9561767578125,143,93.01580810546875,46.5748291015625,46.44097900390625,141
2025-07-17T21:00:53.193032,4,26,"[0, 1, 2, 3, 4, 5, 7]",93.01580810546875,46.05963134765625,46.9561767578125,143,93.01580810546875,46.5748291015625,46.44097900390625,141
2025-07-17T21:00:53.205262,0,27,"[0, 1, 2, 3, 4, 5, 6, 7]",93.01580810546875,46.05963134765625,46.9561767578125,143,93.01580810546875,46.5748291015625,46.44097900390625,141
2025-07-17T21:00:53.207241,1,27,"[0, 1, 2, 3, 4, 5, 6, 7]",93.01580810546875,46.05963134765625,46.9561767578125,143,93.01580810546875,46.5748291015625,46.44097900390625,141
2025-07-17T21:00:53.219110,2,27,"[0, 1, 2, 3, 4, 5, 6, 7]",93.01580810546875,46.05963134765625,46.9561767578125,143,93.01580810546875,46.5748291015625,46.44097900390625,141
2025-07-17T21:00:53.220994,3,27,"[0, 1, 2, 3, 4, 5, 6, 7]",93.01580810546875,46.05963134765625,46.9561767578125,143,93.01580810546875,46.5748291015625,46.44097900390625,141
2025-07-17T21:00:53.226939,4,27,"[0, 1, 2, 3, 4, 5, 6, 7]",93.01580810546875,46.05963134765625,46.9561767578125,143,93.01580810546875,46.5748291015625,46.44097900390625,141
2025-07-17T21:00:53.238537,0,28,"[0, 1, 2, 3, 4, 5, 6, 7]",93.01580810546875,46.05963134765625,46.9561767578125,143,93.01580810546875,46.5748291015625,46.44097900390625,141
2025-07-17T21:00:53.240486,1,28,"[0, 1, 2, 3, 4, 5, 6, 7]",93.01580810546875,46.05963134765625,46.9561767578125,143,93.01580810546875,46.5748291015625,46.44097900390625,141
2025-07-17T21:00:53.247038,2,28,"[0, 1, 2, 3, 4, 5, 6, 7]",93.01580810546875,46.05963134765625,46.9561767578125,143,93.01580810546875,46.5748291015625,46.44097900390625,141
2025-07-17T21:00:53.253634,3,28,"[0, 1, 2, 3, 4, 5, 6, 7]",93.01580810546875,46.05963134765625,46.9561767578125,143,93.01580810546875,46.5748291015625,46.44097900390625,141
2025-07-17T21:00:53.265524,4,28,"[0, 1, 2, 3, 4, 5, 6, 7]",93.01580810546875,46.05963134765625,46.9561767578125,143,93.01580810546875,46.5748291015625,46.44097900390625,141
2025-07-17T21:00:53.267375,0,29,"[0, 1, 2, 3, 4, 5, 6, 7]",93.01580810546875,46.05963134765625,46.9561767578125,143,93.01580810546875,46.5748291015625,46.44097900390625,141
2025-07-17T21:00:53.273542,1,29,"[0, 1, 2, 3, 4, 5, 6, 7]",93.01580810546875,46.05963134765625,46.9561767578125,143,93.01580810546875,46.5748291015625,46.44097900390625,141
2025-07-17T21:00:53.281605,2,29,"[0, 1, 2, 3, 4, 5, 6, 7]",93.01580810546875,46.05963134765625,46.9561767578125,143,93.01580810546875,46.5748291015625,46.44097900390625,141
2025-07-17T21:00:53.287888,3,29,"[0, 1, 2, 3, 4, 5, 6, 7]",93.01580810546875,46.05963134765625,46.9561767578125,143,93.01580810546875,46.5748291015625,46.44097900390625,141
2025-07-17T21:00:53.295635,4,29,"[0, 1, 2, 3, 4, 5, 6, 7]",93.01580810546875,46.05963134765625,46.9561767578125,143,93.01580810546875,46.5748291015625,46.44097900390625,141
2025-07-17T21:00:53.307260,0,30,"[0, 1, 2, 3, 4, 5, 6, 7]",93.01580810546875,46.05963134765625,46.9561767578125,143,93.01580810546875,46.5748291015625,46.44097900390625,141
2025-07-17T21:00:53.309142,1,30,"[0, 1, 2, 3, 4, 5, 6, 7]",93.01580810546875,46.05963134765625,46.9561767578125,143,93.01580810546875,46.5748291015625,46.44097900390625,141
2025-07-17T21:00:53.316491,2,30,"[0, 1, 2, 3, 4, 5, 6, 7]",93.01580810546875,46.05963134765625,46.9561767578125,143,93.01580810546875,46.5748291015625,46.44097900390625,141
2025-07-17T21:00:53.329273,3,30,"[0, 1, 2, 3, 4, 5, 6, 7]",93.01580810546875,46.05963134765625,46.9561767578125,143,93.01580810546875,46.5748291015625,46.44097900390625,141
2025-07-17T21:00:53.331335,4,30,"[0, 1, 2, 3, 4, 5, 6, 7]",93.01580810546875,46.05963134765625,46.9561767578125,143,93.01580810546875,46.5748291015625,46.44097900390625,141
2025-07-17T21:00:53.338335,0,31,"[0, 1, 2, 3, 4, 5, 6, 7]",93.01580810546875,46.05963134765625,46.9561767578125,143,93.01580810546875,46.5748291015625,46.44097900390625,141
2025-07-17T21:00:53.347231,1,31,"[0, 1, 2, 3, 4, 5, 6, 7]",93.01580810546875,46.05963134765625,46.9561767578125,143,93.01580810546875,46.5748291015625,46.44097900390625,141
2025-07-17T21:00:53.362208,2,31,"[0, 1, 2, 4, 5, 6, 7]",93.01580810546875,46.05963134765625,46.9561767578125,143,93.01580810546875,46.5748291015625,46.44097900390625,141
2025-07-17T21:00:53.365962,3,31,"[0, 1, 2, 3, 4, 5, 6, 7]",93.01580810546875,46.05963134765625,46.9561767578125,143,93.01580810546875,46.5748291015625,46.44097900390625,141
2025-07-17T21:00:53.372999,4,31,"[0, 1, 2, 3, 4, 5, 6, 7]",93.01580810546875,46.05963134765625,46.9561767578125,143,93.01580810546875,46.5748291015625,46.44097900390625,141
2025-07-17T21:00:53.388612,0,0,"[0, 1, 2, 3, 4, 5, 6, 7]",93.01580810546875,46.05963134765625,46.9561767578125,143,93.01580810546875,46.5748291015625,46.44097900390625,141
2025-07-17T21:00:53.395663,1,0,"[0, 1, 2, 3, 4, 5, 6, 7]",93.01580810546875,46.05963134765625,46.9561767578125,143,93.01580810546875,46.5748291015625,46.44097900390625,141
2025-07-17T21:00:53.402958,2,0,"[0, 1, 2, 3, 4, 5, 6, 7]",93.01580810546875,46.05963134765625,46.9561767578125,143,93.01580810546875,46.5748291015625,46.44097900390625,141
2025-07-17T21:00:53.410128,3,0,"[0, 1, 2, 3, 4, 5, 6, 7]",93.01580810546875,46.05963134765625,46.9561767578125,143,93.01580810546875,46.5748291015625,46.44097900390625,141
2025-07-17T21:00:53.417455,4,0,"[0, 1, 2, 3, 4, 5, 6, 7]",93.01580810546875,46.05963134765625,46.9561767578125,143,93.01580810546875,46.5748291015625,46.44097900390625,141
2025-07-17T21:00:53.423951,0,1,"[0, 1, 2, 3, 4, 5, 6, 7]",93.01580810546875,46.05963134765625,46.9561767578125,143,93.01580810546875,46.5748291015625,46.44097900390625,141
2025-07-17T21:00:53.430521,1,1,"[0, 1, 2, 3, 4, 5, 6, 7]",93.01580810546875,46.05963134765625,46.9561767578125,143,93.01580810546875,46.5748291015625,46.44097900390625,141
2025-07-17T21:00:53.437019,2,1,"[0, 1, 2, 4, 5, 6, 7]",93.01580810546875,46.05963134765625,46.9561767578125,143,93.01580810546875,46.5748291015625,46.44097900390625,141
2025-07-17T21:00:53.443736,3,1,"[0, 1, 2, 3, 4, 5, 6, 7]",93.01580810546875,46.05963134765625,46.9561767578125,143,93.01580810546875,46.5748291015625,46.44097900390625,141
2025-07-17T21:00:53.449765,4,1,"[0, 1, 2, 3, 4, 5, 6, 7]",93.01580810546875,46.05963134765625,46.9561767578125,143,93.01580810546875,46.5748291015625,46.44097900390625,141
2025-07-17T21:00:53.459974,0,2,"[0, 1, 2, 3, 4, 5, 6, 7]",93.01580810546875,46.05963134765625,46.9561767578125,143,93.01580810546875,46.5748291015625,46.44097900390625,141
2025-07-17T21:00:53.467985,1,2,"[0, 1, 2, 3, 4, 5, 6, 7]",93.01580810546875,46.05963134765625,46.9561767578125,143,93.01580810546875,46.5748291015625,46.44097900390625,141
2025-07-17T21:00:53.470333,2,2,"[0, 1, 2, 3, 4, 5, 6, 7]",93.01580810546875,46.05963134765625,46.9561767578125,143,93.01580810546875,46.5748291015625,46.44097900390625,141
2025-07-17T21:00:53.482204,3,2,"[0, 1, 2, 3, 4, 5, 6, 7]",93.01580810546875,46.05963134765625,46.9561767578125,143,93.01580810546875,46.5748291015625,46.44097900390625,141
2025-07-17T21:00:53.489532,4,2,"[0, 1, 2, 3, 4, 5, 6, 7]",93.01580810546875,46.05963134765625,46.9561767578125,143,93.01580810546875,46.5748291015625,46.44097900390625,141
2025-07-17T21:00:53.497165,0,3,"[0, 1, 2, 3, 4, 5, 6, 7]",93.01580810546875,46.05963134765625,46.9561767578125,143,93.01580810546875,46.5748291015625,46.44097900390625,141
2025-07-17T21:00:53.503748,1,3,"[1, 2, 3, 4, 5, 6, 7]",93.01580810546875,46.05963134765625,46.9561767578125,143,93.01580810546875,46.5748291015625,46.44097900390625,141
2025-07-17T21:00:53.511171,2,3,"[0, 1, 2, 3, 4, 5, 6, 7]",93.01580810546875,46.05963134765625,46.9561767578125,143,93.01580810546875,46.5748291015625,46.44097900390625,141
2025-07-17T21:00:53.518487,3,3,"[1, 2, 3, 4, 5, 6, 7]",93.01580810546875,46.05963134765625,46.9561767578125,143,93.01580810546875,46.5748291015625,46.44097900390625,141
2025-07-17T21:00:53.520806,4,3,"[1, 2, 3, 4, 5, 6, 7]",93.01580810546875,46.05963134765625,46.9561767578125,143,93.01580810546875,46.5748291015625,46.44097900390625,141
2025-07-17T21:00:53.531448,0,4,"[0, 1, 2, 3, 4, 5, 6, 7]",93.01580810546875,46.05963134765625,46.9561767578125,143,93.01580810546875,46.5748291015625,46.44097900390625,141
2025-07-17T21:00:53.538228,1,4,"[0, 1, 3, 4, 5, 6, 7]",93.01580810546875,46.05963134765625,46.9561767578125,143,93.01580810546875,46.5748291015625,46.44097900390625,141
2025-07-17T21:00:53.545705,2,4,"[0, 1, 2, 3, 4, 5, 6, 7]",93.01580810546875,46.05963134765625,46.9561767578125,143,93.01580810546875,46.5748291015625,46.44097900390625,141
2025-07-17T21:00:53.552387,3,4,"[0, 1, 3, 4, 5, 6, 7]",93.01580810546875,46.05963134765625,46.9561767578125,143,93.01580810546875,46.5748291015625,46.44097900390625,141
2025-07-17T21:00:53.559326,4,4,"[0, 1, 3, 4, 5, 6, 7]",93.01580810546875,46.05963134765625,46.9561767578125,143,93.01580810546875,46.5748291015625,46.44097900390625,141
2025-07-17T21:00:53.567536,0,5,"[0, 1, 2, 3, 4, 5, 6, 7]",93.01580810546875,46.05963134765625,46.9561767578125,143,93.01580810546875,46.5748291015625,46.44097900390625,141
2025-07-17T21:00:53.574227,1,5,"[0, 1, 2, 4, 5, 6, 7]",93.01580810546875,46.05963134765625,46.9561767578125,143,93.01580810546875,46.5748291015625,46.44097900390625,141
2025-07-17T21:00:53.581235,2,5,"[0, 1, 2, 3, 4, 5, 6, 7]",93.01580810546875,46.05963134765625,46.9561767578125,143,93.01580810546875,46.5748291015625,46.44097900390625,141
2025-07-17T21:00:53.588487,3,5,"[0, 1, 2, 4, 5, 6, 7]",93.01580810546875,46.05963134765625,46.9561767578125,143,93.01580810546875,46.5748291015625,46.44097900390625,141
2025-07-17T21:00:53.595874,4,5,"[0, 1, 2, 4, 5, 6, 7]",93.01580810546875,46.05963134765625,46.9561767578125,143,93.01580810546875,46.5748291015625,46.44097900390625,141
2025-07-17T21:00:53.602979,0,6,"[0, 1, 2, 3, 4, 5, 6, 7]",93.01580810546875,46.05963134765625,46.9561767578125,143,93.01580810546875,46.5748291015625,46.44097900390625,141
2025-07-17T21:00:53.609565,1,6,"[0, 1, 2, 3, 4, 5, 6]",93.01580810546875,46.05963134765625,46.9561767578125,143,93.01580810546875,46.5748291015625,46.44097900390625,141
2025-07-17T21:00:53.617836,2,6,"[0, 1, 2, 3, 4, 5, 6, 7]",93.01580810546875,46.05963134765625,46.9561767578125,143,93.01580810546875,46.5748291015625,46.44097900390625,141
2025-07-17T21:00:53.624128,3,6,"[0, 1, 2, 3, 4, 5, 6]",93.01580810546875,46.05963134765625,46.9561767578125,143,93.01580810546875,46.5748291015625,46.44097900390625,141
2025-07-17T21:00:53.631489,4,6,"[0, 1, 2, 3, 4, 5, 6]",93.01580810546875,46.05963134765625,46.9561767578125,143,93.01580810546875,46.5748291015625,46.44097900390625,141
2025-07-17T21:00:53.638044,0,7,"[0, 1, 2, 3, 4, 5, 6, 7]",93.01580810546875,46.05963134765625,46.9561767578125,143,93.01580810546875,46.5748291015625,46.44097900390625,141
2025-07-17T21:00:53.644692,1,7,"[0, 1, 2, 3, 4, 5, 7]",93.01580810546875,46.05963134765625,46.9561767578125,143,93.01580810546875,46.5748291015625,46.44097900390625,141
2025-07-17T21:00:53.652355,2,7,"[0, 1, 2, 3, 4, 5, 6, 7]",93.01580810546875,46.05963134765625,46.9561767578125,143,93.01580810546875,46.5748291015625,46.44097900390625,141
2025-07-17T21:00:53.658847,3,7,"[0, 1, 2, 3, 4, 5, 7]",93.01580810546875,46.05963134765625,46.9561767578125,143,93.01580810546875,46.5748291015625,46.44097900390625,141
2025-07-17T21:00:53.665787,4,7,"[0, 1, 2, 3, 4, 5, 7]",93.01580810546875,46.05963134765625,46.9561767578125,143,93.01580810546875,46.5748291015625,46.44097900390625,141
2025-07-17T21:00:53.673846,0,8,"[0, 1, 2, 3, 4, 5, 6, 7]",93.01580810546875,46.05963134765625,46.9561767578125,143,93.01580810546875,46.5748291015625,46.44097900390625,141
2025-07-17T21:00:53.681538,1,8,"[0, 1, 2, 3, 4, 5, 6, 7]",93.01580810546875,46.05963134765625,46.9561767578125,143,93.01580810546875,46.5748291015625,46.44097900390625,141
2025-07-17T21:00:53.683909,2,8,"[1, 2, 3, 4, 5, 6, 7]",93.01580810546875,46.05963134765625,46.9561767578125,143,93.01580810546875,46.5748291015625,46.44097900390625,141
2025-07-17T21:00:53.691179,3,8,"[0, 1, 2, 3, 4, 5, 6, 7]",93.01580810546875,46.05963134765625,46.9561767578125,143,93.01580810546875,46.5748291015625,46.44097900390625,141
2025-07-17T21:00:53.697917,4,8,"[0, 1, 2, 3, 4, 5, 6, 7]",93.01580810546875,46.05963134765625,46.9561767578125,143,93.01580810546875,46.5748291015625,46.44097900390625,141
2025-07-17T21:00:53.709472,0,9,"[0, 1, 2, 3, 4, 5, 6, 7]",93.01580810546875,46.05963134765625,46.9561767578125,143,93.01580810546875,46.5748291015625,46.44097900390625,141
2025-07-17T21:00:53.711499,1,9,"[0, 1, 2, 4, 5, 6, 7]",93.01580810546875,46.05963134765625,46.9561767578125,143,93.01580810546875,46.5748291015625,46.44097900390625,141
2025-07-17T21:00:53.717913,2,9,"[0, 1, 2, 3, 4, 5, 6, 7]",93.01580810546875,46.05963134765625,46.9561767578125,143,93.01580810546875,46.5748291015625,46.44097900390625,141
2025-07-17T21:00:53.725160,3,9,"[0, 1, 2, 4, 5, 6, 7]",93.01580810546875,46.05963134765625,46.9561767578125,143,93.01580810546875,46.5748291015625,46.44097900390625,141
2025-07-17T21:00:53.731858,4,9,"[0, 1, 2, 4, 5, 6, 7]",93.01580810546875,46.05963134765625,46.9561767578125,143,93.01580810546875,46.5748291015625,46.44097900390625,141
2025-07-17T21:00:53.738728,0,10,"[1, 2, 3, 4, 5, 6, 7]",93.01580810546875,46.05963134765625,46.9561767578125,143,93.01580810546875,46.5748291015625,46.44097900390625,141
2025-07-17T21:00:53.745831,1,10,"[0, 1, 2, 3, 4, 5, 6]",93.01580810546875,46.05963134765625,46.9561767578125,143,93.01580810546875,46.5748291015625,46.44097900390625,141
2025-07-17T21:00:53.753439,2,10,"[0, 1, 2, 3, 4, 5, 6, 7]",93.01580810546875,46.05963134765625,46.9561767578125,143,93.01580810546875,46.5748291015625,46.44097900390625,141
2025-07-17T21:00:53.764406,3,10,"[0, 1, 2, 3, 4, 5, 6]",93.01580810546875,46.05963134765625,46.9561767578125,143,93.01580810546875,46.5748291015625,46.44097900390625,141
2025-07-17T21:00:53.771400,4,10,"[0, 1, 2, 3, 4, 5, 6]",93.01580810546875,46.05963134765625,46.9561767578125,143,93.01580810546875,46.5748291015625,46.44097900390625,141
2025-07-17T21:00:53.778319,0,11,"[0, 1, 2, 4, 5, 6, 7]",93.01580810546875,46.05963134765625,46.9561767578125,143,93.01580810546875,46.5748291015625,46.44097900390625,141
2025-07-17T21:00:53.786454,1,11,"[0, 1, 2, 4, 5, 6, 7]",93.01580810546875,46.05963134765625,46.9561767578125,143,93.01580810546875,46.5748291015625,46.44097900390625,141
2025-07-17T21:00:53.793959,2,11,"[0, 1, 2, 3, 4, 5, 6, 7]",93.01580810546875,46.05963134765625,46.9561767578125,143,93.01580810546875,46.5748291015625,46.44097900390625,141
2025-07-17T21:00:53.800408,3,11,"[0, 1, 2, 4, 5, 6, 7]",93.01580810546875,46.05963134765625,46.9561767578125,143,93.01580810546875,46.5748291015625,46.44097900390625,141
2025-07-17T21:00:53.806335,4,11,"[0, 1, 2, 4, 5, 6, 7]",93.01580810546875,46.05963134765625,46.9561767578125,143,93.01580810546875,46.5748291015625,46.44097900390625,141
2025-07-17T21:00:53.811861,0,12,"[0, 1, 2, 3, 4, 5, 6, 7]",93.01580810546875,46.05963134765625,46.9561767578125,143,93.01580810546875,46.5748291015625,46.44097900390625,141
2025-07-17T21:00:53.822967,1,12,"[0, 1, 2, 3, 4, 5, 6]",93.01580810546875,46.05963134765625,46.9561767578125,143,93.01580810546875,46.5748291015625,46.44097900390625,141
2025-07-17T21:00:53.825990,2,12,"[0, 1, 2, 3, 4, 5, 6, 7]",93.01580810546875,46.05963134765625,46.9561767578125,143,93.01580810546875,46.5748291015625,46.44097900390625,141
2025-07-17T21:00:53.832778,3,12,"[0, 1, 2, 3, 4, 5, 6]",93.01580810546875,46.05963134765625,46.9561767578125,143,93.01580810546875,46.5748291015625,46.44097900390625,141
2025-07-17T21:00:53.839871,4,12,"[0, 1, 2, 3, 4, 5, 6]",93.01580810546875,46.05963134765625,46.9561767578125,143,93.01580810546875,46.5748291015625,46.44097900390625,141
2025-07-17T21:00:53.846110,0,13,"[0, 1, 2, 3, 4, 5, 6, 7]",93.01580810546875,46.05963134765625,46.9561767578125,143,93.01580810546875,46.5748291015625,46.44097900390625,141
2025-07-17T21:00:53.853006,1,13,"[0, 1, 2, 3, 5, 7]",93.01580810546875,46.05963134765625,46.9561767578125,143,93.01580810546875,46.5748291015625,46.44097900390625,141
2025-07-17T21:00:53.863837,2,13,"[0, 1, 2, 3, 4, 5, 6, 7]",93.01580810546875,46.05963134765625,46.9561767578125,143,93.01580810546875,46.5748291015625,46.44097900390625,141
2025-07-17T21:00:53.870907,3,13,"[0, 1, 2, 3, 5, 7]",93.01580810546875,46.05963134765625,46.9561767578125,143,93.01580810546875,46.5748291015625,46.44097900390625,141
2025-07-17T21:00:53.877275,4,13,"[0, 1, 2, 3, 5, 7]",93.01580810546875,46.05963134765625,46.9561767578125,143,93.01580810546875,46.5748291015625,46.44097900390625,141
2025-07-17T21:00:53.881011,0,14,"[0, 1, 2, 3, 4, 5, 6, 7]",93.01580810546875,46.05963134765625,46.9561767578125,143,93.01580810546875,46.5748291015625,46.44097900390625,141
2025-07-17T21:00:53.891813,1,14,"[0, 1, 2, 3, 4, 5, 6, 7]",93.01580810546875,46.05963134765625,46.9561767578125,143,93.01580810546875,46.5748291015625,46.44097900390625,141
2025-07-17T21:00:53.898824,2,14,"[0, 1, 2, 3, 4, 5, 6, 7]",93.01580810546875,46.05963134765625,46.9561767578125,143,93.01580810546875,46.5748291015625,46.44097900390625,141
2025-07-17T21:00:53.905523,3,14,"[0, 1, 2, 3, 4, 5, 6, 7]",93.01580810546875,46.05963134765625,46.9561767578125,143,93.01580810546875,46.5748291015625,46.44097900390625,141
2025-07-17T21:00:53.909254,4,14,"[0, 1, 2, 3, 4, 5, 6, 7]",93.01580810546875,46.05963134765625,46.9561767578125,143,93.01580810546875,46.5748291015625,46.44097900390625,141
2025-07-17T21:00:53.920170,0,15,"[0, 1, 2, 3, 4, 5, 6, 7]",93.01580810546875,46.05963134765625,46.9561767578125,143,93.01580810546875,46.5748291015625,46.44097900390625,141
2025-07-17T21:00:53.928730,1,15,"[1, 2, 4, 5, 6, 7]",93.01580810546875,46.05963134765625,46.9561767578125,143,93.01580810546875,46.5748291015625,46.44097900390625,141
2025-07-17T21:00:53.935595,2,15,"[0, 1, 2, 3, 4, 5, 6, 7]",93.01580810546875,46.05963134765625,46.9561767578125,143,93.01580810546875,46.5748291015625,46.44097900390625,141
2025-07-17T21:00:53.944099,3,15,"[1, 2, 4, 5, 6, 7]",93.01580810546875,46.05963134765625,46.9561767578125,143,93.01580810546875,46.5748291015625,46.44097900390625,141
2025-07-17T21:00:53.946678,4,15,"[1, 2, 4, 5, 6, 7]",93.01580810546875,46.05963134765625,46.9561767578125,143,93.01580810546875,46.5748291015625,46.44097900390625,141
2025-07-17T21:00:53.953944,0,16,"[0, 1, 3, 4, 5, 6, 7]",93.01580810546875,46.05963134765625,46.9561767578125,143,93.01580810546875,46.5748291015625,46.44097900390625,141
2025-07-17T21:00:53.960792,1,16,"[0, 1, 2, 3, 4, 5, 6, 7]",93.01580810546875,46.05963134765625,46.9561767578125,143,93.01580810546875,46.5748291015625,46.44097900390625,141
2025-07-17T21:00:53.967677,2,16,"[0, 1, 2, 3, 4, 5, 6, 7]",93.01580810546875,46.05963134765625,46.9561767578125,143,93.01580810546875,46.5748291015625,46.44097900390625,141
2025-07-17T21:00:53.979624,3,16,"[0, 1, 2, 3, 4, 5, 6, 7]",93.01580810546875,46.05963134765625,46.9561767578125,143,93.01580810546875,46.5748291015625,46.44097900390625,141
2025-07-17T21:00:53.981435,4,16,"[0, 1, 2, 3, 4, 5, 6, 7]",93.01580810546875,46.05963134765625,46.9561767578125,143,93.01580810546875,46.5748291015625,46.44097900390625,141
2025-07-17T21:00:53.988752,0,17,"[0, 1, 2, 3, 4, 5, 6, 7]",93.01580810546875,46.05963134765625,46.9561767578125,143,93.01580810546875,46.5748291015625,46.44097900390625,141
2025-07-17T21:00:53.995906,1,17,"[0, 1, 2, 3, 4, 5, 6, 7]",93.01580810546875,46.05963134765625,46.9561767578125,143,93.01580810546875,46.5748291015625,46.44097900390625,141
2025-07-17T21:00:54.002976,2,17,"[0, 1, 2, 3, 4, 5, 6, 7]",93.01580810546875,46.05963134765625,46.9561767578125,143,93.01580810546875,46.5748291015625,46.44097900390625,141
2025-07-17T21:00:54.010125,3,17,"[0, 1, 2, 3, 4, 5, 6, 7]",93.01580810546875,46.05963134765625,46.9561767578125,143,93.01580810546875,46.5748291015625,46.44097900390625,141
2025-07-17T21:00:54.016896,4,17,"[0, 1, 2, 3, 4, 5, 6, 7]",93.01580810546875,46.05963134765625,46.9561767578125,143,93.01580810546875,46.5748291015625,46.44097900390625,141
2025-07-17T21:00:54.024160,0,18,"[0, 1, 2, 3, 4, 5, 6, 7]",93.01580810546875,46.05963134765625,46.9561767578125,143,93.01580810546875,46.5748291015625,46.44097900390625,141
2025-07-17T21:00:54.031193,1,18,"[0, 1, 2, 3, 4, 5, 6, 7]",93.01580810546875,46.05963134765625,46.9561767578125,143,93.01580810546875,46.5748291015625,46.44097900390625,141
2025-07-17T21:00:54.038236,2,18,"[0, 1, 2, 3, 4, 5, 6, 7]",93.01580810546875,46.05963134765625,46.9561767578125,143,93.01580810546875,46.5748291015625,46.44097900390625,141
2025-07-17T21:00:54.045219,3,18,"[0, 1, 2, 3, 4, 5, 6, 7]",93.01580810546875,46.05963134765625,46.9561767578125,143,93.01580810546875,46.5748291015625,46.44097900390625,141
2025-07-17T21:00:54.051759,4,18,"[0, 1, 2, 3, 4, 5, 6, 7]",93.01580810546875,46.05963134765625,46.9561767578125,143,93.01580810546875,46.5748291015625,46.44097900390625,141
2025-07-17T21:00:54.058410,0,19,"[0, 1, 2, 3, 4, 5, 6, 7]",93.01580810546875,46.05963134765625,46.9561767578125,143,93.01580810546875,46.5748291015625,46.44097900390625,141
2025-07-17T21:00:54.065667,1,19,"[0, 1, 2, 3, 4, 5, 6, 7]",93.01580810546875,46.05963134765625,46.9561767578125,143,93.01580810546875,46.5748291015625,46.44097900390625,141
2025-07-17T21:00:54.071886,2,19,"[0, 1, 2, 3, 4, 5, 6, 7]",93.01580810546875,46.05963134765625,46.9561767578125,143,93.01580810546875,46.5748291015625,46.44097900390625,141
2025-07-17T21:00:54.079521,3,19,"[0, 1, 2, 3, 4, 5, 6, 7]",93.01580810546875,46.05963134765625,46.9561767578125,143,93.01580810546875,46.5748291015625,46.44097900390625,141
2025-07-17T21:00:54.086885,4,19,"[0, 1, 2, 3, 4, 5, 6, 7]",93.01580810546875,46.05963134765625,46.9561767578125,143,93.01580810546875,46.5748291015625,46.44097900390625,141
2025-07-17T21:00:54.093006,0,20,"[0, 1, 2, 3, 4, 5, 6, 7]",93.01580810546875,46.05963134765625,46.9561767578125,143,93.01580810546875,46.5748291015625,46.44097900390625,141
2025-07-17T21:00:54.100253,1,20,"[0, 2, 3, 4, 5, 6, 7]",93.01580810546875,46.05963134765625,46.9561767578125,143,93.01580810546875,46.5748291015625,46.44097900390625,141
2025-07-17T21:00:54.106611,2,20,"[0, 1, 2, 3, 4, 5, 6, 7]",93.01580810546875,46.05963134765625,46.9561767578125,143,93.01580810546875,46.5748291015625,46.44097900390625,141
2025-07-17T21:00:54.114760,3,20,"[0, 2, 3, 4, 5, 6, 7]",93.01580810546875,46.05963134765625,46.9561767578125,143,93.01580810546875,46.5748291015625,46.44097900390625,141
2025-07-17T21:00:54.120842,4,20,"[0, 2, 3, 4, 5, 6, 7]",93.01580810546875,46.05963134765625,46.9561767578125,143,93.01580810546875,46.5748291015625,46.44097900390625,141
2025-07-17T21:00:54.126961,0,21,"[0, 1, 2, 3, 4, 5, 6, 7]",93.01580810546875,46.05963134765625,46.9561767578125,143,93.01580810546875,46.5748291015625,46.44097900390625,141
2025-07-17T21:00:54.134664,1,21,"[0, 1, 2, 3, 4, 5, 6, 7]",93.01580810546875,46.05963134765625,46.9561767578125,143,93.01580810546875,46.5748291015625,46.44097900390625,141
2025-07-17T21:00:54.141802,2,21,"[0, 1, 2, 3, 4, 5, 6, 7]",93.01580810546875,46.05963134765625,46.9561767578125,143,93.01580810546875,46.5748291015625,46.44097900390625,141
2025-07-17T21:00:54.148611,3,21,"[0, 1, 2, 3, 4, 5, 6, 7]",93.01580810546875,46.05963134765625,46.9561767578125,143,93.01580810546875,46.5748291015625,46.44097900390625,141
2025-07-17T21:00:54.160227,4,21,"[0, 1, 2, 3, 4, 5, 6, 7]",93.01580810546875,46.05963134765625,46.9561767578125,143,93.01580810546875,46.5748291015625,46.44097900390625,141
2025-07-17T21:00:54.162311,0,22,"[0, 1, 2, 3, 4, 5, 6, 7]",93.01580810546875,46.05963134765625,46.9561767578125,143,93.01580810546875,46.5748291015625,46.44097900390625,141
2025-07-17T21:00:54.173973,1,22,"[0, 1, 2, 3, 4, 5, 6, 7]",93.01580810546875,46.05963134765625,46.9561767578125,143,93.01580810546875,46.5748291015625,46.44097900390625,141
2025-07-17T21:00:54.176006,2,22,"[0, 1, 2, 3, 4, 5, 6, 7]",93.01580810546875,46.05963134765625,46.9561767578125,143,93.01580810546875,46.5748291015625,46.44097900390625,141
2025-07-17T21:00:54.182940,3,22,"[0, 1, 2, 3, 4, 5, 6, 7]",93.01580810546875,46.05963134765625,46.9561767578125,143,93.01580810546875,46.5748291015625,46.44097900390625,141
2025-07-17T21:00:54.190399,4,22,"[0, 1, 2, 3, 4, 5, 6, 7]",93.01580810546875,46.05963134765625,46.9561767578125,143,93.01580810546875,46.5748291015625,46.44097900390625,141
2025-07-17T21:00:54.199073,0,23,"[0, 1, 2, 3, 4, 5, 6, 7]",93.01580810546875,46.05963134765625,46.9561767578125,143,93.01580810546875,46.5748291015625,46.44097900390625,141
2025-07-17T21:00:54.210519,1,23,"[0, 1, 2, 3, 4, 5, 6, 7]",93.01580810546875,46.05963134765625,46.9561767578125,143,93.01580810546875,46.5748291015625,46.44097900390625,141
2025-07-17T21:00:54.212518,2,23,"[0, 1, 2, 3, 4, 5, 6, 7]",93.01580810546875,46.05963134765625,46.9561767578125,143,93.01580810546875,46.5748291015625,46.44097900390625,141
2025-07-17T21:00:54.219454,3,23,"[0, 1, 2, 3, 4, 5, 6, 7]",93.01580810546875,46.05963134765625,46.9561767578125,143,93.01580810546875,46.5748291015625,46.44097900390625,141
2025-07-17T21:00:54.226819,4,23,"[0, 1, 2, 3, 4, 5, 6, 7]",93.01580810546875,46.05963134765625,46.9561767578125,143,93.01580810546875,46.5748291015625,46.44097900390625,141
2025-07-17T21:00:54.233733,0,24,"[0, 1, 2, 3, 4, 5, 6, 7]",93.01580810546875,46.05963134765625,46.9561767578125,143,93.01580810546875,46.5748291015625,46.44097900390625,141
2025-07-17T21:00:54.240865,1,24,"[0, 1, 2, 3, 4, 5, 6, 7]",93.01580810546875,46.05963134765625,46.9561767578125,143,93.01580810546875,46.5748291015625,46.44097900390625,141
2025-07-17T21:00:54.252626,2,24,"[0, 1, 2, 3, 4, 5, 6, 7]",93.01580810546875,46.05963134765625,46.9561767578125,143,93.01580810546875,46.5748291015625,46.44097900390625,141
2025-07-17T21:00:54.254486,3,24,"[0, 1, 2, 3, 4, 5, 6, 7]",93.01580810546875,46.05963134765625,46.9561767578125,143,93.01580810546875,46.5748291015625,46.44097900390625,141
2025-07-17T21:00:54.261011,4,24,"[0, 1, 2, 3, 4, 5, 6, 7]",93.01580810546875,46.05963134765625,46.9561767578125,143,93.01580810546875,46.5748291015625,46.44097900390625,141
2025-07-17T21:00:54.267802,0,25,"[0, 1, 2, 3, 4, 5, 6, 7]",93.01580810546875,46.05963134765625,46.9561767578125,143,93.01580810546875,46.5748291015625,46.44097900390625,141
2025-07-17T21:00:54.273785,1,25,"[0, 1, 2, 3, 4, 6, 7]",93.01580810546875,46.05963134765625,46.9561767578125,143,93.01580810546875,46.5748291015625,46.44097900390625,141
2025-07-17T21:00:54.281571,2,25,"[0, 1, 2, 3, 4, 5, 6, 7]",93.01580810546875,46.05963134765625,46.9561767578125,143,93.01580810546875,46.5748291015625,46.44097900390625,141
2025-07-17T21:00:54.288768,3,25,"[0, 1, 2, 3, 4, 6, 7]",93.01580810546875,46.05963134765625,46.9561767578125,143,93.01580810546875,46.5748291015625,46.44097900390625,141
2025-07-17T21:00:54.295407,4,25,"[0, 1, 2, 3, 4, 6, 7]",93.01580810546875,46.05963134765625,46.9561767578125,143,93.01580810546875,46.5748291015625,46.44097900390625,141
2025-07-17T21:00:54.301588,0,26,"[0, 1, 2, 3, 4, 5, 6, 7]",93.01580810546875,46.05963134765625,46.9561767578125,143,93.01580810546875,46.5748291015625,46.44097900390625,141
2025-07-17T21:00:54.309098,1,26,"[0, 1, 2, 3, 4, 5, 6, 7]",93.01580810546875,46.05963134765625,46.9561767578125,143,93.01580810546875,46.5748291015625,46.44097900390625,141
2025-07-17T21:00:54.315811,2,26,"[0, 1, 2, 3, 4, 5, 6, 7]",93.01580810546875,46.05963134765625,46.9561767578125,143,93.01580810546875,46.5748291015625,46.44097900390625,141
2025-07-17T21:00:54.327179,3,26,"[0, 1, 2, 3, 4, 5, 6, 7]",93.01580810546875,46.05963134765625,46.9561767578125,143,93.01580810546875,46.5748291015625,46.44097900390625,141
2025-07-17T21:00:54.329065,4,26,"[0, 1, 2, 3, 4, 5, 6, 7]",93.01580810546875,46.05963134765625,46.9561767578125,143,93.01580810546875,46.5748291015625,46.44097900390625,141
2025-07-17T21:00:54.341881,0,27,"[0, 1, 2, 3, 4, 5, 6, 7]",93.01580810546875,46.05963134765625,46.9561767578125,143,93.01580810546875,46.5748291015625,46.44097900390625,141
2025-07-17T21:00:54.344267,1,27,"[0, 1, 2, 3, 4, 6, 7]",93.01580810546875,46.05963134765625,46.9561767578125,143,93.01580810546875,46.5748291015625,46.44097900390625,141
2025-07-17T21:00:54.350484,2,27,"[0, 1, 2, 3, 4, 5, 6, 7]",93.01580810546875,46.05963134765625,46.9561767578125,143,93.01580810546875,46.5748291015625,46.44097900390625,141
2025-07-17T21:00:54.357360,3,27,"[0, 1, 2, 3, 4, 6, 7]",93.01580810546875,46.05963134765625,46.9561767578125,143,93.01580810546875,46.5748291015625,46.44097900390625,141
2025-07-17T21:00:54.363865,4,27,"[0, 1, 2, 3, 4, 6, 7]",93.01580810546875,46.05963134765625,46.9561767578125,143,93.01580810546875,46.5748291015625,46.44097900390625,141
2025-07-17T21:00:54.374690,0,28,"[0, 1, 2, 3, 4, 5, 6, 7]",93.01580810546875,46.05963134765625,46.9561767578125,143,93.01580810546875,46.5748291015625,46.44097900390625,141
2025-07-17T21:00:54.381450,1,28,"[0, 1, 2, 3, 4, 5, 6, 7]",93.01580810546875,46.05963134765625,46.9561767578125,143,93.01580810546875,46.5748291015625,46.44097900390625,141
2025-07-17T21:00:54.388498,2,28,"[0, 1, 2, 3, 4, 5, 6, 7]",93.01580810546875,46.05963134765625,46.9561767578125,143,93.01580810546875,46.5748291015625,46.44097900390625,141
2025-07-17T21:00:54.397049,3,28,"[0, 1, 2, 3, 4, 5, 6, 7]",93.01580810546875,46.05963134765625,46.9561767578125,143,93.01580810546875,46.5748291015625,46.44097900390625,141
2025-07-17T21:00:54.399315,4,28,"[0, 1, 2, 3, 4, 5, 6, 7]",93.01580810546875,46.05963134765625,46.9561767578125,143,93.01580810546875,46.5748291015625,46.44097900390625,141
2025-07-17T21:00:54.406549,0,29,"[0, 1, 2, 3, 4, 5, 6, 7]",93.01580810546875,46.05963134765625,46.9561767578125,143,93.01580810546875,46.5748291015625,46.44097900390625,141
2025-07-17T21:00:54.412824,1,29,"[0, 1, 2, 3, 4, 5, 6, 7]",93.01580810546875,46.05963134765625,46.9561767578125,143,93.01580810546875,46.5748291015625,46.44097900390625,141
2025-07-17T21:00:54.423932,2,29,"[0, 1, 2, 3, 4, 5, 6, 7]",93.01580810546875,46.05963134765625,46.9561767578125,143,93.01580810546875,46.5748291015625,46.44097900390625,141
2025-07-17T21:00:54.425858,3,29,"[0, 1, 2, 3, 4, 5, 6, 7]",93.01580810546875,46.05963134765625,46.9561767578125,143,93.01580810546875,46.5748291015625,46.44097900390625,141
2025-07-17T21:00:54.437486,4,29,"[0, 1, 2, 3, 4, 5, 6, 7]",93.01580810546875,46.05963134765625,46.9561767578125,143,93.01580810546875,46.5748291015625,46.44097900390625,141
2025-07-17T21:00:54.439301,0,30,"[0, 1, 2, 3, 4, 5, 6, 7]",93.01580810546875,46.05963134765625,46.9561767578125,143,93.01580810546875,46.5748291015625,46.44097900390625,141
2025-07-17T21:00:54.445898,1,30,"[0, 1, 2, 3, 4, 5, 6, 7]",93.01580810546875,46.05963134765625,46.9561767578125,143,93.01580810546875,46.5748291015625,46.44097900390625,141
2025-07-17T21:00:54.453800,2,30,"[0, 1, 2, 3, 4, 5, 6, 7]",93.01580810546875,46.05963134765625,46.9561767578125,143,93.01580810546875,46.5748291015625,46.44097900390625,141
2025-07-17T21:00:54.461834,3,30,"[0, 1, 2, 3, 4, 5, 6, 7]",93.01580810546875,46.05963134765625,46.9561767578125,143,93.01580810546875,46.5748291015625,46.44097900390625,141
2025-07-17T21:00:54.468579,4,30,"[0, 1, 2, 3, 4, 5, 6, 7]",93.01580810546875,46.05963134765625,46.9561767578125,143,93.01580810546875,46.5748291015625,46.44097900390625,141
2025-07-17T21:00:54.476703,0,31,"[0, 1, 2, 3, 4, 5, 6, 7]",93.01580810546875,46.05963134765625,46.9561767578125,143,93.01580810546875,46.5748291015625,46.44097900390625,141
2025-07-17T21:00:54.484282,1,31,"[0, 1, 2, 4, 5, 6, 7]",93.01580810546875,46.05963134765625,46.9561767578125,143,93.01580810546875,46.5748291015625,46.44097900390625,141
2025-07-17T21:00:54.496400,2,31,"[0, 1, 2, 3, 4, 5, 6, 7]",93.01580810546875,46.05963134765625,46.9561767578125,143,93.01580810546875,46.5748291015625,46.44097900390625,141
2025-07-17T21:00:54.505818,3,31,"[0, 1, 2, 4, 5, 6, 7]",93.01580810546875,46.05963134765625,46.9561767578125,143,93.01580810546875,46.5748291015625,46.44097900390625,141
2025-07-17T21:00:54.508413,4,31,"[0, 1, 2, 4, 5, 6, 7]",93.01580810546875,46.05963134765625,46.9561767578125,143,93.01580810546875,46.5748291015625,46.44097900390625,141
2025-07-17T21:00:54.519789,0,0,"[0, 1, 2, 3, 4, 5, 6, 7]",93.01580810546875,46.05963134765625,46.9561767578125,143,93.01580810546875,46.5748291015625,46.44097900390625,141
2025-07-17T21:00:54.526910,1,0,"[0, 1, 2, 3, 4, 5, 6, 7]",93.01580810546875,46.05963134765625,46.9561767578125,143,93.01580810546875,46.5748291015625,46.44097900390625,141
2025-07-17T21:00:54.533424,2,0,"[0, 1, 2, 3, 4, 5, 6, 7]",93.01580810546875,46.05963134765625,46.9561767578125,143,93.01580810546875,46.5748291015625,46.44097900390625,141
2025-07-17T21:00:54.540952,3,0,"[0, 1, 2, 3, 4, 5, 6, 7]",93.01580810546875,46.05963134765625,46.9561767578125,143,93.01580810546875,46.5748291015625,46.44097900390625,141
2025-07-17T21:00:54.552741,4,0,"[0, 1, 2, 3, 4, 5, 6, 7]",93.01580810546875,46.05963134765625,46.9561767578125,143,93.01580810546875,46.5748291015625,46.44097900390625,141
2025-07-17T21:00:54.554233,0,1,"[0, 1, 2, 3, 4, 5, 6, 7]",93.01580810546875,46.05963134765625,46.9561767578125,143,93.01580810546875,46.5748291015625,46.44097900390625,141
2025-07-17T21:00:54.560975,1,1,"[0, 1, 2, 3, 5, 6, 7]",93.01580810546875,46.05963134765625,46.9561767578125,143,93.01580810546875,46.5748291015625,46.44097900390625,141
2025-07-17T21:00:54.567728,2,1,"[0, 1, 2, 4, 5, 6, 7]",93.01580810546875,46.05963134765625,46.9561767578125,143,93.01580810546875,46.5748291015625,46.44097900390625,141
2025-07-17T21:00:54.574099,3,1,"[0, 1, 2, 3, 5, 6, 7]",93.01580810546875,46.05963134765625,46.9561767578125,143,93.01580810546875,46.5748291015625,46.44097900390625,141
2025-07-17T21:00:54.581342,4,1,"[0, 1, 2, 3, 5, 6, 7]",93.01580810546875,46.05963134765625,46.9561767578125,143,93.01580810546875,46.5748291015625,46.44097900390625,141
2025-07-17T21:00:54.588519,0,2,"[0, 1, 2, 3, 4, 5, 6, 7]",93.01580810546875,46.05963134765625,46.9561767578125,143,93.01580810546875,46.5748291015625,46.44097900390625,141
2025-07-17T21:00:54.595056,1,2,"[0, 1, 2, 3, 4, 5, 6, 7]",93.01580810546875,46.05963134765625,46.9561767578125,143,93.01580810546875,46.5748291015625,46.44097900390625,141
2025-07-17T21:00:54.602136,2,2,"[0, 1, 2, 3, 4, 5, 7]",93.01580810546875,46.05963134765625,46.9561767578125,143,93.01580810546875,46.5748291015625,46.44097900390625,141
2025-07-17T21:00:54.609296,3,2,"[0, 1, 2, 3, 4, 5, 6, 7]",93.01580810546875,46.05963134765625,46.9561767578125,143,93.01580810546875,46.5748291015625,46.44097900390625,141
2025-07-17T21:00:54.615986,4,2,"[0, 1, 2, 3, 4, 5, 6, 7]",93.01580810546875,46.05963134765625,46.9561767578125,143,93.01580810546875,46.5748291015625,46.44097900390625,141
2025-07-17T21:00:54.622634,0,3,"[0, 1, 2, 3, 4, 5, 6, 7]",93.01580810546875,46.05963134765625,46.9561767578125,143,93.01580810546875,46.5748291015625,46.44097900390625,141
2025-07-17T21:00:54.629025,1,3,"[1, 2, 3, 4, 6, 7]",93.01580810546875,46.05963134765625,46.9561767578125,143,93.01580810546875,46.5748291015625,46.44097900390625,141
2025-07-17T21:00:54.635449,2,3,"[0, 1, 2, 3, 4, 5, 6, 7]",93.01580810546875,46.05963134765625,46.9561767578125,143,93.01580810546875,46.5748291015625,46.44097900390625,141
2025-07-17T21:00:54.647170,3,3,"[1, 2, 3, 4, 6, 7]",93.01580810546875,46.05963134765625,46.9561767578125,143,93.01580810546875,46.5748291015625,46.44097900390625,141
2025-07-17T21:00:54.649025,4,3,"[1, 2, 3, 4, 6, 7]",93.01580810546875,46.05963134765625,46.9561767578125,143,93.01580810546875,46.5748291015625,46.44097900390625,141
2025-07-17T21:00:54.656616,0,4,"[0, 1, 2, 3, 4, 5, 6, 7]",93.01580810546875,46.05963134765625,46.9561767578125,143,93.01580810546875,46.5748291015625,46.44097900390625,141
2025-07-17T21:00:54.663202,1,4,"[0, 1, 2, 3, 4, 5, 6]",93.01580810546875,46.05963134765625,46.9561767578125,143,93.01580810546875,46.5748291015625,46.44097900390625,141
2025-07-17T21:00:54.670665,2,4,"[0, 1, 2, 3, 4, 5, 6, 7]",93.01580810546875,46.05963134765625,46.9561767578125,143,93.01580810546875,46.5748291015625,46.44097900390625,141
2025-07-17T21:00:54.677986,3,4,"[0, 1, 2, 3, 4, 5, 6]",93.01580810546875,46.05963134765625,46.9561767578125,143,93.01580810546875,46.5748291015625,46.44097900390625,141
2025-07-17T21:00:54.685047,4,4,"[0, 1, 2, 3, 4, 5, 6]",93.01580810546875,46.05963134765625,46.9561767578125,143,93.01580810546875,46.5748291015625,46.44097900390625,141
2025-07-17T21:00:54.696908,0,5,"[0, 1, 2, 3, 4, 5, 6, 7]",93.01580810546875,46.05963134765625,46.9561767578125,143,93.01580810546875,46.5748291015625,46.44097900390625,141
2025-07-17T21:00:54.698767,1,5,"[0, 1, 2, 3, 4, 5, 6, 7]",93.01580810546875,46.05963134765625,46.9561767578125,143,93.01580810546875,46.5748291015625,46.44097900390625,141
2025-07-17T21:00:54.706076,2,5,"[0, 1, 2, 3, 4, 5, 6, 7]",93.01580810546875,46.05963134765625,46.9561767578125,143,93.01580810546875,46.5748291015625,46.44097900390625,141
2025-07-17T21:00:54.717744,3,5,"[0, 1, 2, 3, 4, 5, 6, 7]",93.01580810546875,46.05963134765625,46.9561767578125,143,93.01580810546875,46.5748291015625,46.44097900390625,141
2025-07-17T21:00:54.719659,4,5,"[0, 1, 2, 3, 4, 5, 6, 7]",93.01580810546875,46.05963134765625,46.9561767578125,143,93.01580810546875,46.5748291015625,46.44097900390625,141
2025-07-17T21:00:54.725779,0,6,"[0, 1, 2, 3, 4, 5, 6, 7]",93.01580810546875,46.05963134765625,46.9561767578125,143,93.01580810546875,46.5748291015625,46.44097900390625,141
2025-07-17T21:00:54.733165,1,6,"[0, 1, 2, 3, 4, 5, 6, 7]",93.01580810546875,46.05963134765625,46.9561767578125,143,93.01580810546875,46.5748291015625,46.44097900390625,141
2025-07-17T21:00:54.740885,2,6,"[0, 1, 2, 3, 4, 5, 6, 7]",93.01580810546875,46.05963134765625,46.9561767578125,143,93.01580810546875,46.5748291015625,46.44097900390625,141
2025-07-17T21:00:54.748251,3,6,"[0, 1, 2, 3, 4, 5, 6, 7]",93.01580810546875,46.05963134765625,46.9561767578125,143,93.01580810546875,46.5748291015625,46.44097900390625,141
2025-07-17T21:00:54.755359,4,6,"[0, 1, 2, 3, 4, 5, 6, 7]",93.01580810546875,46.05963134765625,46.9561767578125,143,93.01580810546875,46.5748291015625,46.44097900390625,141
2025-07-17T21:00:54.761725,0,7,"[0, 1, 2, 3, 4, 5, 6, 7]",93.01580810546875,46.05963134765625,46.9561767578125,143,93.01580810546875,46.5748291015625,46.44097900390625,141
2025-07-17T21:00:54.774408,1,7,"[0, 1, 2, 4, 5, 6, 7]",93.01580810546875,46.05963134765625,46.9561767578125,143,93.01580810546875,46.5748291015625,46.44097900390625,141
2025-07-17T21:00:54.781297,2,7,"[0, 1, 2, 3, 4, 5, 6, 7]",93.01580810546875,46.05963134765625,46.9561767578125,143,93.01580810546875,46.5748291015625,46.44097900390625,141
2025-07-17T21:00:54.788967,3,7,"[0, 1, 2, 4, 5, 6, 7]",93.01580810546875,46.05963134765625,46.9561767578125,143,93.01580810546875,46.5748291015625,46.44097900390625,141
2025-07-17T21:00:54.790993,4,7,"[0, 1, 2, 4, 5, 6, 7]",93.01580810546875,46.05963134765625,46.9561767578125,143,93.01580810546875,46.5748291015625,46.44097900390625,141
2025-07-17T21:00:54.798079,0,8,"[0, 1, 2, 3, 4, 5, 6, 7]",93.01580810546875,46.05963134765625,46.9561767578125,143,93.01580810546875,46.5748291015625,46.44097900390625,141
2025-07-17T21:00:54.805679,1,8,"[0, 2, 3, 4, 5, 6, 7]",93.01580810546875,46.05963134765625,46.9561767578125,143,93.01580810546875,46.5748291015625,46.44097900390625,141
2025-07-17T21:00:54.812114,2,8,"[0, 1, 2, 3, 4, 5, 6, 7]",93.01580810546875,46.05963134765625,46.9561767578125,143,93.01580810546875,46.5748291015625,46.44097900390625,141
2025-07-17T21:00:54.818894,3,8,"[0, 2, 3, 4, 5, 6, 7]",93.01580810546875,46.05963134765625,46.9561767578125,143,93.01580810546875,46.5748291015625,46.44097900390625,141
2025-07-17T21:00:54.825973,4,8,"[0, 2, 3, 4, 5, 6, 7]",93.01580810546875,46.05963134765625,46.9561767578125,143,93.01580810546875,46.5748291015625,46.44097900390625,141
2025-07-17T21:00:54.837947,0,9,"[0, 1, 2, 3, 4, 5, 6, 7]",93.01580810546875,46.05963134765625,46.9561767578125,143,93.01580810546875,46.5748291015625,46.44097900390625,141
2025-07-17T21:00:54.839835,1,9,"[0, 1, 2, 4, 5, 6, 7]",93.01580810546875,46.05963134765625,46.9561767578125,143,93.01580810546875,46.5748291015625,46.44097900390625,141
2025-07-17T21:00:54.850392,2,9,"[0, 1, 2, 4, 5, 6, 7]",93.01580810546875,46.05963134765625,46.9561767578125,143,93.01580810546875,46.5748291015625,46.44097900390625,141
2025-07-17T21:00:54.857454,3,9,"[0, 1, 2, 4, 5, 6, 7]",93.01580810546875,46.05963134765625,46.9561767578125,143,93.01580810546875,46.5748291015625,46.44097900390625,141
2025-07-17T21:00:54.864365,4,9,"[0, 1, 2, 4, 5, 6, 7]",93.01580810546875,46.05963134765625,46.9561767578125,143,93.01580810546875,46.5748291015625,46.44097900390625,141
2025-07-17T21:00:54.871187,0,10,"[0, 1, 2, 3, 4, 5, 6, 7]",93.01580810546875,46.05963134765625,46.9561767578125,143,93.01580810546875,46.5748291015625,46.44097900390625,141
2025-07-17T21:00:54.878991,1,10,"[0, 1, 2, 3, 4, 5, 6, 7]",93.01580810546875,46.05963134765625,46.9561767578125,143,93.01580810546875,46.5748291015625,46.44097900390625,141
2025-07-17T21:00:54.887692,2,10,"[0, 1, 2, 3, 4, 5, 6, 7]",93.01580810546875,46.05963134765625,46.9561767578125,143,93.01580810546875,46.5748291015625,46.44097900390625,141
2025-07-17T21:00:54.894173,3,10,"[0, 1, 2, 3, 4, 5, 6, 7]",93.01580810546875,46.05963134765625,46.9561767578125,143,93.01580810546875,46.5748291015625,46.44097900390625,141
2025-07-17T21:00:54.901752,4,10,"[0, 1, 2, 3, 4, 5, 6, 7]",93.01580810546875,46.05963134765625,46.9561767578125,143,93.01580810546875,46.5748291015625,46.44097900390625,141
2025-07-17T21:00:54.908131,0,11,"[0, 1, 2, 3, 4, 5, 6, 7]",93.01580810546875,46.05963134765625,46.9561767578125,143,93.01580810546875,46.5748291015625,46.44097900390625,141
2025-07-17T21:00:54.914273,1,11,"[0, 1, 2, 3, 4, 5, 6, 7]",93.01580810546875,46.05963134765625,46.9561767578125,143,93.01580810546875,46.5748291015625,46.44097900390625,141
2025-07-17T21:00:54.921156,2,11,"[0, 1, 2, 3, 4, 5, 6, 7]",93.01580810546875,46.05963134765625,46.9561767578125,143,93.01580810546875,46.5748291015625,46.44097900390625,141
2025-07-17T21:00:54.928018,3,11,"[0, 1, 2, 3, 4, 5, 6, 7]",93.01580810546875,46.05963134765625,46.9561767578125,143,93.01580810546875,46.5748291015625,46.44097900390625,141
2025-07-17T21:00:54.930548,4,11,"[0, 1, 2, 3, 4, 5, 6, 7]",93.01580810546875,46.05963134765625,46.9561767578125,143,93.01580810546875,46.5748291015625,46.44097900390625,141
2025-07-17T21:00:54.937358,0,12,"[0, 1, 2, 3, 4, 5, 6, 7]",93.01580810546875,46.05963134765625,46.9561767578125,143,93.01580810546875,46.5748291015625,46.44097900390625,141
2025-07-17T21:00:54.944021,1,12,"[0, 1, 2, 3, 4, 5, 6, 7]",93.01580810546875,46.05963134765625,46.9561767578125,143,93.01580810546875,46.5748291015625,46.44097900390625,141
2025-07-17T21:00:54.950975,2,12,"[0, 1, 2, 3, 4, 5, 6, 7]",93.01580810546875,46.05963134765625,46.9561767578125,143,93.01580810546875,46.5748291015625,46.44097900390625,141
2025-07-17T21:00:54.957872,3,12,"[0, 1, 2, 3, 4, 5, 6, 7]",93.01580810546875,46.05963134765625,46.9561767578125,143,93.01580810546875,46.5748291015625,46.44097900390625,141
2025-07-17T21:00:54.970518,4,12,"[0, 1, 2, 3, 4, 5, 6, 7]",93.01580810546875,46.05963134765625,46.9561767578125,143,93.01580810546875,46.5748291015625,46.44097900390625,141
2025-07-17T21:00:54.972440,0,13,"[0, 1, 2, 3, 4, 5, 6, 7]",93.01580810546875,46.05963134765625,46.9561767578125,143,93.01580810546875,46.5748291015625,46.44097900390625,141
2025-07-17T21:00:54.979544,1,13,"[0, 1, 2, 3, 4, 5, 6, 7]",93.01580810546875,46.05963134765625,46.9561767578125,143,93.01580810546875,46.5748291015625,46.44097900390625,141
2025-07-17T21:00:54.986634,2,13,"[0, 1, 2, 3, 5, 6, 7]",93.01580810546875,46.05963134765625,46.9561767578125,143,93.01580810546875,46.5748291015625,46.44097900390625,141
2025-07-17T21:00:54.993093,3,13,"[0, 1, 2, 3, 4, 5, 6, 7]",93.01580810546875,46.05963134765625,46.9561767578125,143,93.01580810546875,46.5748291015625,46.44097900390625,141
2025-07-17T21:00:55.000743,4,13,"[0, 1, 2, 3, 4, 5, 6, 7]",93.01580810546875,46.05963134765625,46.9561767578125,143,93.01580810546875,46.5748291015625,46.44097900390625,141
2025-07-17T21:00:55.012433,0,14,"[0, 1, 2, 3, 4, 5, 6, 7]",93.01580810546875,46.05963134765625,46.9561767578125,143,93.01580810546875,46.5748291015625,46.44097900390625,141
2025-07-17T21:00:55.014619,1,14,"[0, 1, 2, 3, 4, 5, 6]",93.01580810546875,46.05963134765625,46.9561767578125,143,93.01580810546875,46.5748291015625,46.44097900390625,141
2025-07-17T21:00:55.020668,2,14,"[0, 1, 2, 3, 4, 5, 6, 7]",93.01580810546875,46.05963134765625,46.9561767578125,143,93.01580810546875,46.5748291015625,46.44097900390625,141
2025-07-17T21:00:55.028206,3,14,"[0, 1, 2, 3, 4, 5, 6]",93.01580810546875,46.05963134765625,46.9561767578125,143,93.01580810546875,46.5748291015625,46.44097900390625,141
2025-07-17T21:00:55.039403,4,14,"[0, 1, 2, 3, 4, 5, 6]",93.01580810546875,46.05963134765625,46.9561767578125,143,93.01580810546875,46.5748291015625,46.44097900390625,141
2025-07-17T21:00:55.041317,0,15,"[0, 1, 2, 3, 4, 5, 6, 7]",93.01580810546875,46.05963134765625,46.9561767578125,143,93.01580810546875,46.5748291015625,46.44097900390625,141
2025-07-17T21:01:01.351713,1,15,"[0, 1, 2, 4, 5, 6, 7]",93.01580810546875,46.05963134765625,46.9561767578125,143,93.01580810546875,46.5748291015625,46.44097900390625,141
2025-07-17T21:01:01.359363,2,15,"[0, 1, 2, 3, 4, 5, 6, 7]",93.01580810546875,46.05963134765625,46.9561767578125,143,93.01580810546875,46.5748291015625,46.44097900390625,141
2025-07-17T21:01:01.366036,3,15,"[0, 1, 2, 4, 5, 6, 7]",93.01580810546875,46.05963134765625,46.9561767578125,143,93.01580810546875,46.5748291015625,46.44097900390625,141
2025-07-17T21:01:01.372998,4,15,"[0, 1, 2, 4, 5, 6, 7]",93.01580810546875,46.05963134765625,46.9561767578125,143,93.01580810546875,46.5748291015625,46.44097900390625,141
2025-07-17T21:01:01.380034,0,16,"[0, 1, 2, 3, 4, 5, 6, 7]",93.01580810546875,46.05963134765625,46.9561767578125,143,93.01580810546875,46.5748291015625,46.44097900390625,141
2025-07-17T21:01:01.386883,1,16,"[0, 1, 2, 3, 4, 5, 6, 7]",93.01580810546875,46.05963134765625,46.9561767578125,143,93.01580810546875,46.5748291015625,46.44097900390625,141
2025-07-17T21:01:01.393513,2,16,"[0, 1, 2, 3, 4, 5, 7]",93.01580810546875,46.05963134765625,46.9561767578125,143,93.01580810546875,46.5748291015625,46.44097900390625,141
2025-07-17T21:01:01.400619,3,16,"[0, 1, 2, 3, 4, 5, 6, 7]",93.01580810546875,46.05963134765625,46.9561767578125,143,93.01580810546875,46.5748291015625,46.44097900390625,141
2025-07-17T21:01:01.407561,4,16,"[0, 1, 2, 3, 4, 5, 6, 7]",93.01580810546875,46.05963134765625,46.9561767578125,143,93.01580810546875,46.5748291015625,46.44097900390625,141
2025-07-17T21:01:01.414369,0,17,"[0, 1, 2, 3, 4, 5, 6, 7]",93.01580810546875,46.05963134765625,46.9561767578125,143,93.01580810546875,46.5748291015625,46.44097900390625,141
2025-07-17T21:01:01.420806,1,17,"[0, 1, 2, 3, 5, 6, 7]",93.01580810546875,46.05963134765625,46.9561767578125,143,93.01580810546875,46.5748291015625,46.44097900390625,141
2025-07-17T21:01:01.427926,2,17,"[0, 1, 2, 3, 4, 5, 6, 7]",93.01580810546875,46.05963134765625,46.9561767578125,143,93.01580810546875,46.5748291015625,46.44097900390625,141
2025-07-17T21:01:01.435235,3,17,"[0, 1, 2, 3, 5, 6, 7]",93.01580810546875,46.05963134765625,46.9561767578125,143,93.01580810546875,46.5748291015625,46.44097900390625,141
2025-07-17T21:01:01.442265,4,17,"[0, 1, 2, 3, 5, 6, 7]",93.01580810546875,46.05963134765625,46.9561767578125,143,93.01580810546875,46.5748291015625,46.44097900390625,141
2025-07-17T21:01:01.448559,0,18,"[0, 1, 2, 3, 4, 5, 6, 7]",93.01580810546875,46.05963134765625,46.9561767578125,143,93.01580810546875,46.5748291015625,46.44097900390625,141
2025-07-17T21:01:01.453385,1,18,"[0, 1, 2, 3, 4, 5, 6, 7]",93.01580810546875,46.05963134765625,46.9561767578125,143,93.01580810546875,46.5748291015625,46.44097900390625,141
2025-07-17T21:01:01.464243,2,18,"[0, 1, 2, 3, 4, 5, 6, 7]",93.01580810546875,46.05963134765625,46.9561767578125,143,93.01580810546875,46.5748291015625,46.44097900390625,141
2025-07-17T21:01:01.470694,3,18,"[0, 1, 2, 3, 4, 5, 6, 7]",93.01580810546875,46.05963134765625,46.9561767578125,143,93.01580810546875,46.5748291015625,46.44097900390625,141
2025-07-17T21:01:01.478029,4,18,"[0, 1, 2, 3, 4, 5, 6, 7]",93.01580810546875,46.05963134765625,46.9561767578125,143,93.01580810546875,46.5748291015625,46.44097900390625,141
2025-07-17T21:01:01.484630,0,19,"[0, 1, 2, 3, 4, 5, 6, 7]",93.01580810546875,46.05963134765625,46.9561767578125,143,93.01580810546875,46.5748291015625,46.44097900390625,141
2025-07-17T21:01:01.491769,1,19,"[0, 2, 3, 4, 5, 6, 7]",93.01580810546875,46.05963134765625,46.9561767578125,143,93.01580810546875,46.5748291015625,46.44097900390625,141
2025-07-17T21:01:01.498414,2,19,"[0, 1, 2, 3, 4, 5, 6, 7]",93.01580810546875,46.05963134765625,46.9561767578125,143,93.01580810546875,46.5748291015625,46.44097900390625,141
2025-07-17T21:01:01.505126,3,19,"[0, 2, 3, 4, 5, 6, 7]",93.01580810546875,46.05963134765625,46.9561767578125,143,93.01580810546875,46.5748291015625,46.44097900390625,141
2025-07-17T21:01:01.511612,4,19,"[0, 2, 3, 4, 5, 6, 7]",93.01580810546875,46.05963134765625,46.9561767578125,143,93.01580810546875,46.5748291015625,46.44097900390625,141
2025-07-17T21:01:01.518530,0,20,"[0, 1, 2, 3, 4, 5, 6, 7]",93.01580810546875,46.05963134765625,46.9561767578125,143,93.01580810546875,46.5748291015625,46.44097900390625,141
2025-07-17T21:01:01.525288,1,20,"[0, 1, 2, 3, 4, 5, 6, 7]",93.01580810546875,46.05963134765625,46.9561767578125,143,93.01580810546875,46.5748291015625,46.44097900390625,141
2025-07-17T21:01:01.532182,2,20,"[0, 1, 2, 3, 4, 5, 6, 7]",93.01580810546875,46.05963134765625,46.9561767578125,143,93.01580810546875,46.5748291015625,46.44097900390625,141
2025-07-17T21:01:01.539961,3,20,"[0, 1, 2, 3, 4, 5, 6, 7]",93.01580810546875,46.05963134765625,46.9561767578125,143,93.01580810546875,46.5748291015625,46.44097900390625,141
2025-07-17T21:01:01.542017,4,20,"[0, 1, 2, 3, 4, 5, 6, 7]",93.01580810546875,46.05963134765625,46.9561767578125,143,93.01580810546875,46.5748291015625,46.44097900390625,141
2025-07-17T21:01:01.553314,0,21,"[0, 1, 2, 3, 4, 5, 6, 7]",93.01580810546875,46.05963134765625,46.9561767578125,143,93.01580810546875,46.5748291015625,46.44097900390625,141
2025-07-17T21:01:01.560179,1,21,"[0, 1, 2, 3, 4, 5, 6, 7]",93.01580810546875,46.05963134765625,46.9561767578125,143,93.01580810546875,46.5748291015625,46.44097900390625,141
2025-07-17T21:01:01.567392,2,21,"[0, 1, 2, 3, 4, 5, 6, 7]",93.01580810546875,46.05963134765625,46.9561767578125,143,93.01580810546875,46.5748291015625,46.44097900390625,141
2025-07-17T21:01:01.573990,3,21,"[0, 1, 2, 3, 4, 5, 6, 7]",93.01580810546875,46.05963134765625,46.9561767578125,143,93.01580810546875,46.5748291015625,46.44097900390625,141
2025-07-17T21:01:01.581390,4,21,"[0, 1, 2, 3, 4, 5, 6, 7]",93.01580810546875,46.05963134765625,46.9561767578125,143,93.01580810546875,46.5748291015625,46.44097900390625,141
2025-07-17T21:01:01.588308,0,22,"[0, 1, 2, 3, 4, 5, 6, 7]",93.01580810546875,46.05963134765625,46.9561767578125,143,93.01580810546875,46.5748291015625,46.44097900390625,141
2025-07-17T21:01:01.595300,1,22,"[0, 1, 2, 3, 4, 5, 6, 7]",93.01580810546875,46.05963134765625,46.9561767578125,143,93.01580810546875,46.5748291015625,46.44097900390625,141
2025-07-17T21:01:01.602212,2,22,"[0, 1, 2, 3, 4, 5, 6, 7]",93.01580810546875,46.05963134765625,46.9561767578125,143,93.01580810546875,46.5748291015625,46.44097900390625,141
2025-07-17T21:01:01.609513,3,22,"[0, 1, 2, 3, 4, 5, 6, 7]",93.01580810546875,46.05963134765625,46.9561767578125,143,93.01580810546875,46.5748291015625,46.44097900390625,141
2025-07-17T21:01:01.616587,4,22,"[0, 1, 2, 3, 4, 5, 6, 7]",93.01580810546875,46.05963134765625,46.9561767578125,143,93.01580810546875,46.5748291015625,46.44097900390625,141
2025-07-17T21:01:01.623083,0,23,"[0, 1, 2, 3, 4, 5, 6, 7]",93.01580810546875,46.05963134765625,46.9561767578125,143,93.01580810546875,46.5748291015625,46.44097900390625,141
2025-07-17T21:01:01.629946,1,23,"[0, 1, 2, 3, 4, 5, 6, 7]",93.01580810546875,46.05963134765625,46.9561767578125,143,93.01580810546875,46.5748291015625,46.44097900390625,141
2025-07-17T21:01:01.636649,2,23,"[0, 1, 2, 3, 4, 5, 6, 7]",93.01580810546875,46.05963134765625,46.9561767578125,143,93.01580810546875,46.5748291015625,46.44097900390625,141
2025-07-17T21:01:01.643632,3,23,"[0, 1, 2, 3, 4, 5, 6, 7]",93.01580810546875,46.05963134765625,46.9561767578125,143,93.01580810546875,46.5748291015625,46.44097900390625,141
2025-07-17T21:01:01.650644,4,23,"[0, 1, 2, 3, 4, 5, 6, 7]",93.01580810546875,46.05963134765625,46.9561767578125,143,93.01580810546875,46.5748291015625,46.44097900390625,141
2025-07-17T21:01:01.657498,0,24,"[0, 1, 2, 3, 4, 5, 6, 7]",93.01580810546875,46.05963134765625,46.9561767578125,143,93.01580810546875,46.5748291015625,46.44097900390625,141
2025-07-17T21:01:01.664901,1,24,"[0, 1, 2, 3, 4, 5, 6, 7]",93.01580810546875,46.05963134765625,46.9561767578125,143,93.01580810546875,46.5748291015625,46.44097900390625,141
2025-07-17T21:01:01.671479,2,24,"[0, 1, 2, 3, 4, 5, 6, 7]",93.01580810546875,46.05963134765625,46.9561767578125,143,93.01580810546875,46.5748291015625,46.44097900390625,141
2025-07-17T21:01:01.678154,3,24,"[0, 1, 2, 3, 4, 5, 6, 7]",93.01580810546875,46.05963134765625,46.9561767578125,143,93.01580810546875,46.5748291015625,46.44097900390625,141
2025-07-17T21:01:01.685536,4,24,"[0, 1, 2, 3, 4, 5, 6, 7]",93.01580810546875,46.05963134765625,46.9561767578125,143,93.01580810546875,46.5748291015625,46.44097900390625,141
2025-07-17T21:01:01.691847,0,25,"[0, 1, 2, 3, 4, 5, 6, 7]",93.01580810546875,46.05963134765625,46.9561767578125,143,93.01580810546875,46.5748291015625,46.44097900390625,141
2025-07-17T21:01:01.698891,1,25,"[0, 1, 2, 3, 4, 5, 6, 7]",93.01580810546875,46.05963134765625,46.9561767578125,143,93.01580810546875,46.5748291015625,46.44097900390625,141
2025-07-17T21:01:01.705778,2,25,"[0, 1, 2, 3, 4, 5, 6, 7]",93.01580810546875,46.05963134765625,46.9561767578125,143,93.01580810546875,46.5748291015625,46.44097900390625,141
2025-07-17T21:01:01.712785,3,25,"[0, 1, 2, 3, 4, 5, 6, 7]",93.01580810546875,46.05963134765625,46.9561767578125,143,93.01580810546875,46.5748291015625,46.44097900390625,141
2025-07-17T21:01:01.720684,4,25,"[0, 1, 2, 3, 4, 5, 6, 7]",93.01580810546875,46.05963134765625,46.9561767578125,143,93.01580810546875,46.5748291015625,46.44097900390625,141
2025-07-17T21:01:01.727629,0,26,"[0, 1, 2, 3, 4, 5, 6, 7]",93.01580810546875,46.05963134765625,46.9561767578125,143,93.01580810546875,46.5748291015625,46.44097900390625,141
2025-07-17T21:01:01.734171,1,26,"[0, 1, 2, 3, 4, 5, 6, 7]",93.01580810546875,46.05963134765625,46.9561767578125,143,93.01580810546875,46.5748291015625,46.44097900390625,141
2025-07-17T21:01:01.740718,2,26,"[0, 1, 2, 3, 4, 5, 6, 7]",93.01580810546875,46.05963134765625,46.9561767578125,143,93.01580810546875,46.5748291015625,46.44097900390625,141
2025-07-17T21:01:01.748823,3,26,"[0, 1, 2, 3, 4, 5, 6, 7]",93.01580810546875,46.05963134765625,46.9561767578125,143,93.01580810546875,46.5748291015625,46.44097900390625,141
2025-07-17T21:01:01.751157,4,26,"[0, 1, 2, 3, 4, 5, 6, 7]",93.01580810546875,46.05963134765625,46.9561767578125,143,93.01580810546875,46.5748291015625,46.44097900390625,141
2025-07-17T21:01:01.758384,0,27,"[0, 1, 2, 3, 4, 5, 6, 7]",93.01580810546875,46.05963134765625,46.9561767578125,143,93.01580810546875,46.5748291015625,46.44097900390625,141
2025-07-17T21:01:01.765436,1,27,"[0, 1, 2, 3, 4, 5, 6, 7]",93.01580810546875,46.05963134765625,46.9561767578125,143,93.01580810546875,46.5748291015625,46.44097900390625,141
2025-07-17T21:01:01.776827,2,27,"[0, 1, 2, 3, 4, 5, 6, 7]",93.01580810546875,46.05963134765625,46.9561767578125,143,93.01580810546875,46.5748291015625,46.44097900390625,141
2025-07-17T21:01:01.778698,3,27,"[0, 1, 2, 3, 4, 5, 6, 7]",93.01580810546875,46.05963134765625,46.9561767578125,143,93.01580810546875,46.5748291015625,46.44097900390625,141
2025-07-17T21:01:01.786105,4,27,"[0, 1, 2, 3, 4, 5, 6, 7]",93.01580810546875,46.05963134765625,46.9561767578125,143,93.01580810546875,46.5748291015625,46.44097900390625,141
2025-07-17T21:01:01.793746,0,28,"[0, 1, 2, 3, 4, 5, 6, 7]",93.01580810546875,46.05963134765625,46.9561767578125,143,93.01580810546875,46.5748291015625,46.44097900390625,141
2025-07-17T21:01:01.800575,1,28,"[0, 1, 2, 3, 4, 5, 6, 7]",93.01580810546875,46.05963134765625,46.9561767578125,143,93.01580810546875,46.5748291015625,46.44097900390625,141
2025-07-17T21:01:01.807396,2,28,"[0, 1, 2, 3, 4, 5, 6, 7]",93.01580810546875,46.05963134765625,46.9561767578125,143,93.01580810546875,46.5748291015625,46.44097900390625,141
2025-07-17T21:01:01.814201,3,28,"[0, 1, 2, 3, 4, 5, 6, 7]",93.01580810546875,46.05963134765625,46.9561767578125,143,93.01580810546875,46.5748291015625,46.44097900390625,141
2025-07-17T21:01:01.821277,4,28,"[0, 1, 2, 3, 4, 5, 6, 7]",93.01580810546875,46.05963134765625,46.9561767578125,143,93.01580810546875,46.5748291015625,46.44097900390625,141
2025-07-17T21:01:01.827803,0,29,"[0, 1, 2, 3, 4, 5, 6, 7]",93.01580810546875,46.05963134765625,46.9561767578125,143,93.01580810546875,46.5748291015625,46.44097900390625,141
2025-07-17T21:01:01.835068,1,29,"[1, 2, 3, 4, 5, 6, 7]",93.01580810546875,46.05963134765625,46.9561767578125,143,93.01580810546875,46.5748291015625,46.44097900390625,141
2025-07-17T21:01:01.841849,2,29,"[0, 1, 2, 3, 5, 6, 7]",93.01580810546875,46.05963134765625,46.9561767578125,143,93.01580810546875,46.5748291015625,46.44097900390625,141
2025-07-17T21:01:01.848202,3,29,"[1, 2, 3, 4, 5, 6, 7]",93.01580810546875,46.05963134765625,46.9561767578125,143,93.01580810546875,46.5748291015625,46.44097900390625,141
2025-07-17T21:01:01.854985,4,29,"[1, 2, 3, 4, 5, 6, 7]",93.01580810546875,46.05963134765625,46.9561767578125,143,93.01580810546875,46.5748291015625,46.44097900390625,141
2025-07-17T21:01:01.862086,0,30,"[0, 1, 2, 3, 4, 5, 6, 7]",93.01580810546875,46.05963134765625,46.9561767578125,143,93.01580810546875,46.5748291015625,46.44097900390625,141
2025-07-17T21:01:01.869296,1,30,"[0, 1, 2, 3, 4, 5, 6, 7]",93.01580810546875,46.05963134765625,46.9561767578125,143,93.01580810546875,46.5748291015625,46.44097900390625,141
2025-07-17T21:01:01.876436,2,30,"[0, 1, 2, 3, 4, 5, 6, 7]",93.01580810546875,46.05963134765625,46.9561767578125,143,93.01580810546875,46.5748291015625,46.44097900390625,141
2025-07-17T21:01:01.883520,3,30,"[0, 1, 2, 3, 4, 5, 6, 7]",93.01580810546875,46.05963134765625,46.9561767578125,143,93.01580810546875,46.5748291015625,46.44097900390625,141
2025-07-17T21:01:01.890534,4,30,"[0, 1, 2, 3, 4, 5, 6, 7]",93.01580810546875,46.05963134765625,46.9561767578125,143,93.01580810546875,46.5748291015625,46.44097900390625,141
2025-07-17T21:01:01.902800,0,31,"[0, 1, 2, 3, 4, 5, 6, 7]",93.01580810546875,46.05963134765625,46.9561767578125,143,93.01580810546875,46.5748291015625,46.44097900390625,141
2025-07-17T21:01:01.906625,1,31,"[0, 1, 2, 3, 4, 5, 6, 7]",93.01580810546875,46.05963134765625,46.9561767578125,143,93.01580810546875,46.5748291015625,46.44097900390625,141
2025-07-17T21:01:01.914948,2,31,"[0, 1, 2, 3, 4, 5, 6, 7]",93.01580810546875,46.05963134765625,46.9561767578125,143,93.01580810546875,46.5748291015625,46.44097900390625,141
2025-07-17T21:01:01.927440,3,31,"[0, 1, 2, 3, 4, 5, 6, 7]",93.01580810546875,46.05963134765625,46.9561767578125,143,93.01580810546875,46.5748291015625,46.44097900390625,141
2025-07-17T21:01:01.929992,4,31,"[0, 1, 2, 3, 4, 5, 6, 7]",93.01580810546875,46.05963134765625,46.9561767578125,143,93.01580810546875,46.5748291015625,46.44097900390625,141
2025-07-17T21:01:01.940955,0,0,"[0, 1, 2, 3, 4, 5, 6, 7]",93.01580810546875,46.05963134765625,46.9561767578125,143,93.01580810546875,46.5748291015625,46.44097900390625,141
2025-07-17T21:01:01.947833,1,0,"[0, 1, 2, 3, 4, 5, 6, 7]",93.01580810546875,46.05963134765625,46.9561767578125,143,93.01580810546875,46.5748291015625,46.44097900390625,141
2025-07-17T21:01:01.955417,2,0,"[0, 1, 2, 3, 4, 5, 6, 7]",93.01580810546875,46.05963134765625,46.9561767578125,143,93.01580810546875,46.5748291015625,46.44097900390625,141
2025-07-17T21:01:01.967558,3,0,"[0, 1, 2, 3, 4, 5, 6, 7]",93.01580810546875,46.05963134765625,46.9561767578125,143,93.01580810546875,46.5748291015625,46.44097900390625,141
2025-07-17T21:01:01.969609,4,0,"[0, 1, 2, 3, 4, 5, 6, 7]",93.01580810546875,46.05963134765625,46.9561767578125,143,93.01580810546875,46.5748291015625,46.44097900390625,141
2025-07-17T21:01:01.976542,0,1,"[0, 1, 2, 3, 4, 5, 6, 7]",93.01580810546875,46.05963134765625,46.9561767578125,143,93.01580810546875,46.5748291015625,46.44097900390625,141
2025-07-17T21:01:01.982995,1,1,"[0, 1, 2, 3, 4, 5, 6, 7]",93.01580810546875,46.05963134765625,46.9561767578125,143,93.01580810546875,46.5748291015625,46.44097900390625,141
2025-07-17T21:01:01.995407,2,1,"[0, 1, 2, 4, 5, 6, 7]",93.01580810546875,46.05963134765625,46.9561767578125,143,93.01580810546875,46.5748291015625,46.44097900390625,141
2025-07-17T21:01:01.997315,3,1,"[0, 1, 2, 3, 4, 5, 6, 7]",93.01580810546875,46.05963134765625,46.9561767578125,143,93.01580810546875,46.5748291015625,46.44097900390625,141
2025-07-17T21:01:02.009484,4,1,"[0, 1, 2, 3, 4, 5, 6, 7]",93.01580810546875,46.05963134765625,46.9561767578125,143,93.01580810546875,46.5748291015625,46.44097900390625,141
2025-07-17T21:01:02.016279,0,2,"[0, 1, 2, 3, 4, 5, 6, 7]",93.01580810546875,46.05963134765625,46.9561767578125,143,93.01580810546875,46.5748291015625,46.44097900390625,141
2025-07-17T21:01:02.020000,1,2,"[0, 1, 2, 3, 4, 5, 6, 7]",93.01580810546875,46.05963134765625,46.9561767578125,143,93.01580810546875,46.5748291015625,46.44097900390625,141
2025-07-17T21:01:02.026574,2,2,"[0, 1, 2, 3, 4, 5, 6, 7]",93.01580810546875,46.05963134765625,46.9561767578125,143,93.01580810546875,46.5748291015625,46.44097900390625,141
2025-07-17T21:01:02.037948,3,2,"[0, 1, 2, 3, 4, 5, 6, 7]",93.01580810546875,46.05963134765625,46.9561767578125,143,93.01580810546875,46.5748291015625,46.44097900390625,141
2025-07-17T21:01:02.044316,4,2,"[0, 1, 2, 3, 4, 5, 6, 7]",93.01580810546875,46.05963134765625,46.9561767578125,143,93.01580810546875,46.5748291015625,46.44097900390625,141
2025-07-17T21:01:02.051114,0,3,"[0, 1, 2, 3, 4, 5, 6, 7]",93.01580810546875,46.05963134765625,46.9561767578125,143,93.01580810546875,46.5748291015625,46.44097900390625,141
2025-07-17T21:01:02.057541,1,3,"[1, 2, 3, 4, 5, 6, 7]",93.01580810546875,46.05963134765625,46.9561767578125,143,93.01580810546875,46.5748291015625,46.44097900390625,141
2025-07-17T21:01:02.064762,2,3,"[0, 1, 2, 3, 4, 5, 6, 7]",93.01580810546875,46.05963134765625,46.9561767578125,143,93.01580810546875,46.5748291015625,46.44097900390625,141
2025-07-17T21:01:02.071762,3,3,"[1, 2, 3, 4, 5, 6, 7]",93.01580810546875,46.05963134765625,46.9561767578125,143,93.01580810546875,46.5748291015625,46.44097900390625,141
2025-07-17T21:01:02.079719,4,3,"[1, 2, 3, 4, 5, 6, 7]",93.01580810546875,46.05963134765625,46.9561767578125,143,93.01580810546875,46.5748291015625,46.44097900390625,141
2025-07-17T21:01:02.086483,0,4,"[0, 1, 2, 3, 4, 5, 6, 7]",93.01580810546875,46.05963134765625,46.9561767578125,143,93.01580810546875,46.5748291015625,46.44097900390625,141
2025-07-17T21:01:02.088995,1,4,"[0, 1, 2, 3, 4, 5, 6]",93.01580810546875,46.05963134765625,46.9561767578125,143,93.01580810546875,46.5748291015625,46.44097900390625,141
2025-07-17T21:01:02.100113,2,4,"[0, 1, 2, 3, 4, 5, 6, 7]",93.01580810546875,46.05963134765625,46.9561767578125,143,93.01580810546875,46.5748291015625,46.44097900390625,141
2025-07-17T21:01:02.102483,3,4,"[0, 1, 2, 3, 4, 5, 6]",93.01580810546875,46.05963134765625,46.9561767578125,143,93.01580810546875,46.5748291015625,46.44097900390625,141
2025-07-17T21:01:02.109630,4,4,"[0, 1, 2, 3, 4, 5, 6]",93.01580810546875,46.05963134765625,46.9561767578125,143,93.01580810546875,46.5748291015625,46.44097900390625,141
2025-07-17T21:01:02.116155,0,5,"[0, 1, 2, 3, 4, 5, 6, 7]",93.01580810546875,46.05963134765625,46.9561767578125,143,93.01580810546875,46.5748291015625,46.44097900390625,141
2025-07-17T21:01:02.128145,1,5,"[0, 1, 2, 3, 4, 5, 6, 7]",93.01580810546875,46.05963134765625,46.9561767578125,143,93.01580810546875,46.5748291015625,46.44097900390625,141
2025-07-17T21:01:02.129914,2,5,"[0, 1, 2, 3, 4, 5, 6, 7]",93.01580810546875,46.05963134765625,46.9561767578125,143,93.01580810546875,46.5748291015625,46.44097900390625,141
2025-07-17T21:01:02.136834,3,5,"[0, 1, 2, 3, 4, 5, 6, 7]",93.01580810546875,46.05963134765625,46.9561767578125,143,93.01580810546875,46.5748291015625,46.44097900390625,141
2025-07-17T21:01:02.143449,4,5,"[0, 1, 2, 3, 4, 5, 6, 7]",93.01580810546875,46.05963134765625,46.9561767578125,143,93.01580810546875,46.5748291015625,46.44097900390625,141
2025-07-17T21:01:02.150309,0,6,"[0, 1, 2, 3, 4, 5, 6, 7]",93.01580810546875,46.05963134765625,46.9561767578125,143,93.01580810546875,46.5748291015625,46.44097900390625,141
2025-07-17T21:01:02.157170,1,6,"[0, 2, 3, 4, 5, 6, 7]",93.01580810546875,46.05963134765625,46.9561767578125,143,93.01580810546875,46.5748291015625,46.44097900390625,141
2025-07-17T21:01:02.164300,2,6,"[0, 1, 2, 3, 4, 5, 6, 7]",93.01580810546875,46.05963134765625,46.9561767578125,143,93.01580810546875,46.5748291015625,46.44097900390625,141
2025-07-17T21:01:02.176845,3,6,"[0, 2, 3, 4, 5, 6, 7]",93.01580810546875,46.05963134765625,46.9561767578125,143,93.01580810546875,46.5748291015625,46.44097900390625,141
2025-07-17T21:01:02.178902,4,6,"[0, 2, 3, 4, 5, 6, 7]",93.01580810546875,46.05963134765625,46.9561767578125,143,93.01580810546875,46.5748291015625,46.44097900390625,141
2025-07-17T21:01:02.189227,0,7,"[0, 1, 2, 3, 4, 5, 6, 7]",93.01580810546875,46.05963134765625,46.9561767578125,143,93.01580810546875,46.5748291015625,46.44097900390625,141
2025-07-17T21:01:02.195884,1,7,"[0, 1, 2, 3, 4, 5, 6]",93.01580810546875,46.05963134765625,46.9561767578125,143,93.01580810546875,46.5748291015625,46.44097900390625,141
2025-07-17T21:01:02.203187,2,7,"[0, 1, 2, 3, 4, 5, 6, 7]",93.01580810546875,46.05963134765625,46.9561767578125,143,93.01580810546875,46.5748291015625,46.44097900390625,141
2025-07-17T21:01:02.210088,3,7,"[0, 1, 2, 3, 4, 5, 6]",93.01580810546875,46.05963134765625,46.9561767578125,143,93.01580810546875,46.5748291015625,46.44097900390625,141
2025-07-17T21:01:02.221640,4,7,"[0, 1, 2, 3, 4, 5, 6]",93.01580810546875,46.05963134765625,46.9561767578125,143,93.01580810546875,46.5748291015625,46.44097900390625,141
2025-07-17T21:01:02.223697,0,8,"[0, 1, 2, 3, 4, 5, 6, 7]",93.01580810546875,46.05963134765625,46.9561767578125,143,93.01580810546875,46.5748291015625,46.44097900390625,141
2025-07-17T21:01:02.230404,1,8,"[0, 1, 2, 3, 4, 5, 6]",93.01580810546875,46.05963134765625,46.9561767578125,143,93.01580810546875,46.5748291015625,46.44097900390625,141
2025-07-17T21:01:02.237041,2,8,"[0, 1, 2, 3, 4, 5, 6, 7]",93.01580810546875,46.05963134765625,46.9561767578125,143,93.01580810546875,46.5748291015625,46.44097900390625,141
2025-07-17T21:01:02.245088,3,8,"[0, 1, 2, 3, 4, 5, 6]",93.01580810546875,46.05963134765625,46.9561767578125,143,93.01580810546875,46.5748291015625,46.44097900390625,141
2025-07-17T21:01:02.251246,4,8,"[0, 1, 2, 3, 4, 5, 6]",93.01580810546875,46.05963134765625,46.9561767578125,143,93.01580810546875,46.5748291015625,46.44097900390625,141
2025-07-17T21:01:02.257964,0,9,"[0, 1, 2, 3, 4, 5, 6, 7]",93.01580810546875,46.05963134765625,46.9561767578125,143,93.01580810546875,46.5748291015625,46.44097900390625,141
2025-07-17T21:01:02.265026,1,9,"[0, 1, 2, 3, 4, 5, 7]",93.01580810546875,46.05963134765625,46.9561767578125,143,93.01580810546875,46.5748291015625,46.44097900390625,141
2025-07-17T21:01:02.271429,2,9,"[0, 1, 2, 4, 5, 6, 7]",93.01580810546875,46.05963134765625,46.9561767578125,143,93.01580810546875,46.5748291015625,46.44097900390625,141
2025-07-17T21:01:02.278830,3,9,"[0, 1, 2, 3, 4, 5, 7]",93.01580810546875,46.05963134765625,46.9561767578125,143,93.01580810546875,46.5748291015625,46.44097900390625,141
2025-07-17T21:01:02.285567,4,9,"[0, 1, 2, 3, 4, 5, 7]",93.01580810546875,46.05963134765625,46.9561767578125,143,93.01580810546875,46.5748291015625,46.44097900390625,141
2025-07-17T21:01:02.292815,0,10,"[0, 1, 2, 3, 4, 5, 6, 7]",93.01580810546875,46.05963134765625,46.9561767578125,143,93.01580810546875,46.5748291015625,46.44097900390625,141
2025-07-17T21:01:02.304613,1,10,"[0, 1, 2, 3, 4, 5, 6]",93.01580810546875,46.05963134765625,46.9561767578125,143,93.01580810546875,46.5748291015625,46.44097900390625,141
2025-07-17T21:01:02.306376,2,10,"[0, 1, 2, 3, 4, 5, 6, 7]",93.01580810546875,46.05963134765625,46.9561767578125,143,93.01580810546875,46.5748291015625,46.44097900390625,141
2025-07-17T21:01:02.312709,3,10,"[0, 1, 2, 3, 4, 5, 6]",93.01580810546875,46.05963134765625,46.9561767578125,143,93.01580810546875,46.5748291015625,46.44097900390625,141
2025-07-17T21:01:02.319459,4,10,"[0, 1, 2, 3, 4, 5, 6]",93.01580810546875,46.05963134765625,46.9561767578125,143,93.01580810546875,46.5748291015625,46.44097900390625,141
2025-07-17T21:01:02.327096,0,11,"[0, 1, 2, 3, 4, 5, 6, 7]",93.01580810546875,46.05963134765625,46.9561767578125,143,93.01580810546875,46.5748291015625,46.44097900390625,141
2025-07-17T21:01:02.333429,1,11,"[0, 1, 2, 4, 5, 6, 7]",93.01580810546875,46.05963134765625,46.9561767578125,143,93.01580810546875,46.5748291015625,46.44097900390625,141
2025-07-17T21:01:02.340267,2,11,"[0, 1, 2, 3, 4, 5, 6, 7]",93.01580810546875,46.05963134765625,46.9561767578125,143,93.01580810546875,46.5748291015625,46.44097900390625,141
2025-07-17T21:01:02.346345,3,11,"[0, 1, 2, 4, 5, 6, 7]",93.01580810546875,46.05963134765625,46.9561767578125,143,93.01580810546875,46.5748291015625,46.44097900390625,141
2025-07-17T21:01:02.358443,4,11,"[0, 1, 2, 4, 5, 6, 7]",93.01580810546875,46.05963134765625,46.9561767578125,143,93.01580810546875,46.5748291015625,46.44097900390625,141
2025-07-17T21:01:02.360292,0,12,"[0, 1, 2, 3, 4, 5, 6, 7]",93.01580810546875,46.05963134765625,46.9561767578125,143,93.01580810546875,46.5748291015625,46.44097900390625,141
2025-07-17T21:01:02.367026,1,12,"[0, 1, 3, 4, 5, 6]",93.01580810546875,46.05963134765625,46.9561767578125,143,93.01580810546875,46.5748291015625,46.44097900390625,141
2025-07-17T21:01:02.373799,2,12,"[0, 1, 3, 4, 5, 6, 7]",93.01580810546875,46.05963134765625,46.9561767578125,143,93.01580810546875,46.5748291015625,46.44097900390625,141
2025-07-17T21:01:02.380093,3,12,"[0, 1, 3, 4, 5, 6]",93.01580810546875,46.05963134765625,46.9561767578125,143,93.01580810546875,46.5748291015625,46.44097900390625,141
2025-07-17T21:01:02.387610,4,12,"[0, 1, 3, 4, 5, 6]",93.01580810546875,46.05963134765625,46.9561767578125,143,93.01580810546875,46.5748291015625,46.44097900390625,141
2025-07-17T21:01:02.394181,0,13,"[0, 1, 2, 3, 4, 5, 6, 7]",93.01580810546875,46.05963134765625,46.9561767578125,143,93.01580810546875,46.5748291015625,46.44097900390625,141
2025-07-17T21:01:02.400979,1,13,"[0, 1, 2, 3, 4, 5, 6, 7]",93.01580810546875,46.05963134765625,46.9561767578125,143,93.01580810546875,46.5748291015625,46.44097900390625,141
2025-07-17T21:01:02.407824,2,13,"[0, 1, 2, 3, 4, 5, 6, 7]",93.01580810546875,46.05963134765625,46.9561767578125,143,93.01580810546875,46.5748291015625,46.44097900390625,141
2025-07-17T21:01:02.414768,3,13,"[0, 1, 2, 3, 4, 5, 6, 7]",93.01580810546875,46.05963134765625,46.9561767578125,143,93.01580810546875,46.5748291015625,46.44097900390625,141
2025-07-17T21:01:02.421901,4,13,"[0, 1, 2, 3, 4, 5, 6, 7]",93.01580810546875,46.05963134765625,46.9561767578125,143,93.01580810546875,46.5748291015625,46.44097900390625,141
2025-07-17T21:01:02.428584,0,14,"[0, 1, 2, 3, 4, 5, 6, 7]",93.01580810546875,46.05963134765625,46.9561767578125,143,93.01580810546875,46.5748291015625,46.44097900390625,141
2025-07-17T21:01:02.435007,1,14,"[0, 1, 2, 3, 4, 5, 6, 7]",93.01580810546875,46.05963134765625,46.9561767578125,143,93.01580810546875,46.5748291015625,46.44097900390625,141
2025-07-17T21:01:02.441610,2,14,"[0, 1, 2, 3, 4, 5, 6, 7]",93.01580810546875,46.05963134765625,46.9561767578125,143,93.01580810546875,46.5748291015625,46.44097900390625,141
2025-07-17T21:01:02.448714,3,14,"[0, 1, 2, 3, 4, 5, 6, 7]",93.01580810546875,46.05963134765625,46.9561767578125,143,93.01580810546875,46.5748291015625,46.44097900390625,141
2025-07-17T21:01:02.455177,4,14,"[0, 1, 2, 3, 4, 5, 6, 7]",93.01580810546875,46.05963134765625,46.9561767578125,143,93.01580810546875,46.5748291015625,46.44097900390625,141
2025-07-17T21:01:02.462050,0,15,"[0, 1, 2, 3, 4, 5, 6, 7]",93.01580810546875,46.05963134765625,46.9561767578125,143,93.01580810546875,46.5748291015625,46.44097900390625,141
2025-07-17T21:01:02.468481,1,15,"[0, 1, 2, 3, 4, 5, 6, 7]",93.01580810546875,46.05963134765625,46.9561767578125,143,93.01580810546875,46.5748291015625,46.44097900390625,141
2025-07-17T21:01:02.480868,2,15,"[0, 1, 2, 3, 4, 5, 6, 7]",93.01580810546875,46.05963134765625,46.9561767578125,143,93.01580810546875,46.5748291015625,46.44097900390625,141
2025-07-17T21:01:02.482835,3,15,"[0, 1, 2, 3, 4, 5, 6, 7]",93.01580810546875,46.05963134765625,46.9561767578125,143,93.01580810546875,46.5748291015625,46.44097900390625,141
2025-07-17T21:01:02.489618,4,15,"[0, 1, 2, 3, 4, 5, 6, 7]",93.01580810546875,46.05963134765625,46.9561767578125,143,93.01580810546875,46.5748291015625,46.44097900390625,141
2025-07-17T21:01:02.496065,0,16,"[0, 1, 2, 3, 4, 5, 6, 7]",93.01580810546875,46.05963134765625,46.9561767578125,143,93.01580810546875,46.5748291015625,46.44097900390625,141
2025-07-17T21:01:02.503000,1,16,"[0, 1, 3, 4, 5, 6, 7]",93.01580810546875,46.05963134765625,46.9561767578125,143,93.01580810546875,46.5748291015625,46.44097900390625,141
2025-07-17T21:01:02.510255,2,16,"[0, 1, 2, 3, 4, 5, 6, 7]",93.01580810546875,46.05963134765625,46.9561767578125,143,93.01580810546875,46.5748291015625,46.44097900390625,141
2025-07-17T21:01:02.517229,3,16,"[0, 1, 3, 4, 5, 6, 7]",93.01580810546875,46.05963134765625,46.9561767578125,143,93.01580810546875,46.5748291015625,46.44097900390625,141
2025-07-17T21:01:02.524393,4,16,"[0, 1, 3, 4, 5, 6, 7]",93.01580810546875,46.05963134765625,46.9561767578125,143,93.01580810546875,46.5748291015625,46.44097900390625,141
2025-07-17T21:01:02.530928,0,17,"[0, 1, 2, 3, 4, 5, 6, 7]",93.01580810546875,46.05963134765625,46.9561767578125,143,93.01580810546875,46.5748291015625,46.44097900390625,141
2025-07-17T21:01:02.538717,1,17,"[0, 1, 2, 4, 5, 6, 7]",93.01580810546875,46.05963134765625,46.9561767578125,143,93.01580810546875,46.5748291015625,46.44097900390625,141
2025-07-17T21:01:02.545841,2,17,"[0, 1, 2, 3, 4, 5, 6, 7]",93.01580810546875,46.05963134765625,46.9561767578125,143,93.01580810546875,46.5748291015625,46.44097900390625,141
2025-07-17T21:01:02.552953,3,17,"[0, 1, 2, 4, 5, 6, 7]",93.01580810546875,46.05963134765625,46.9561767578125,143,93.01580810546875,46.5748291015625,46.44097900390625,141
2025-07-17T21:01:02.559867,4,17,"[0, 1, 2, 4, 5, 6, 7]",93.01580810546875,46.05963134765625,46.9561767578125,143,93.01580810546875,46.5748291015625,46.44097900390625,141
2025-07-17T21:01:02.572655,0,18,"[0, 1, 2, 3, 4, 5, 6, 7]",93.01580810546875,46.05963134765625,46.9561767578125,143,93.01580810546875,46.5748291015625,46.44097900390625,141
2025-07-17T21:01:02.581207,1,18,"[0, 1, 2, 3, 4, 5, 6, 7]",93.01580810546875,46.05963134765625,46.9561767578125,143,93.01580810546875,46.5748291015625,46.44097900390625,141
2025-07-17T21:01:02.583141,2,18,"[0, 1, 2, 3, 4, 5, 6, 7]",93.01580810546875,46.05963134765625,46.9561767578125,143,93.01580810546875,46.5748291015625,46.44097900390625,141
2025-07-17T21:01:02.591013,3,18,"[0, 1, 2, 3, 4, 5, 6, 7]",93.01580810546875,46.05963134765625,46.9561767578125,143,93.01580810546875,46.5748291015625,46.44097900390625,141
2025-07-17T21:01:02.597928,4,18,"[0, 1, 2, 3, 4, 5, 6, 7]",93.01580810546875,46.05963134765625,46.9561767578125,143,93.01580810546875,46.5748291015625,46.44097900390625,141
2025-07-17T21:01:02.604654,0,19,"[0, 1, 2, 3, 4, 5, 6, 7]",93.01580810546875,46.05963134765625,46.9561767578125,143,93.01580810546875,46.5748291015625,46.44097900390625,141
2025-07-17T21:01:02.611225,1,19,"[0, 1, 2, 3, 4, 5, 6, 7]",93.01580810546875,46.05963134765625,46.9561767578125,143,93.01580810546875,46.5748291015625,46.44097900390625,141
2025-07-17T21:01:02.618022,2,19,"[0, 1, 2, 3, 4, 5, 6, 7]",93.01580810546875,46.05963134765625,46.9561767578125,143,93.01580810546875,46.5748291015625,46.44097900390625,141
2025-07-17T21:01:02.624832,3,19,"[0, 1, 2, 3, 4, 5, 6, 7]",93.01580810546875,46.05963134765625,46.9561767578125,143,93.01580810546875,46.5748291015625,46.44097900390625,141
2025-07-17T21:01:02.631534,4,19,"[0, 1, 2, 3, 4, 5, 6, 7]",93.01580810546875,46.05963134765625,46.9561767578125,143,93.01580810546875,46.5748291015625,46.44097900390625,141
2025-07-17T21:01:02.638496,0,20,"[0, 1, 2, 3, 4, 5, 6, 7]",93.01580810546875,46.05963134765625,46.9561767578125,143,93.01580810546875,46.5748291015625,46.44097900390625,141
2025-07-17T21:01:02.645314,1,20,"[0, 1, 2, 3, 4, 5, 6, 7]",93.01580810546875,46.05963134765625,46.9561767578125,143,93.01580810546875,46.5748291015625,46.44097900390625,141
2025-07-17T21:01:02.652406,2,20,"[0, 1, 2, 3, 4, 5, 7]",93.01580810546875,46.05963134765625,46.9561767578125,143,93.01580810546875,46.5748291015625,46.44097900390625,141
2025-07-17T21:01:02.663665,3,20,"[0, 1, 2, 3, 4, 5, 6, 7]",93.01580810546875,46.05963134765625,46.9561767578125,143,93.01580810546875,46.5748291015625,46.44097900390625,141
2025-07-17T21:01:02.670713,4,20,"[0, 1, 2, 3, 4, 5, 6, 7]",93.01580810546875,46.05963134765625,46.9561767578125,143,93.01580810546875,46.5748291015625,46.44097900390625,141
2025-07-17T21:01:02.677927,0,21,"[0, 1, 2, 3, 4, 5, 6, 7]",93.01580810546875,46.05963134765625,46.9561767578125,143,93.01580810546875,46.5748291015625,46.44097900390625,141
2025-07-17T21:01:02.685142,1,21,"[0, 1, 2, 3, 4, 5, 6, 7]",93.01580810546875,46.05963134765625,46.9561767578125,143,93.01580810546875,46.5748291015625,46.44097900390625,141
2025-07-17T21:01:02.691576,2,21,"[0, 1, 2, 3, 4, 5, 6, 7]",93.01580810546875,46.05963134765625,46.9561767578125,143,93.01580810546875,46.5748291015625,46.44097900390625,141
2025-07-17T21:01:02.698507,3,21,"[0, 1, 2, 3, 4, 5, 6, 7]",93.01580810546875,46.05963134765625,46.9561767578125,143,93.01580810546875,46.5748291015625,46.44097900390625,141
2025-07-17T21:01:02.705449,4,21,"[0, 1, 2, 3, 4, 5, 6, 7]",93.01580810546875,46.05963134765625,46.9561767578125,143,93.01580810546875,46.5748291015625,46.44097900390625,141
2025-07-17T21:01:02.712252,0,22,"[0, 1, 2, 3, 4, 5, 6, 7]",93.01580810546875,46.05963134765625,46.9561767578125,143,93.01580810546875,46.5748291015625,46.44097900390625,141
2025-07-17T21:01:02.719146,1,22,"[0, 1, 2, 3, 4, 5, 6, 7]",93.01580810546875,46.05963134765625,46.9561767578125,143,93.01580810546875,46.5748291015625,46.44097900390625,141
2025-07-17T21:01:02.725712,2,22,"[0, 1, 2, 3, 4, 5, 6, 7]",93.01580810546875,46.05963134765625,46.9561767578125,143,93.01580810546875,46.5748291015625,46.44097900390625,141
2025-07-17T21:01:02.732358,3,22,"[0, 1, 2, 3, 4, 5, 6, 7]",93.01580810546875,46.05963134765625,46.9561767578125,143,93.01580810546875,46.5748291015625,46.44097900390625,141
2025-07-17T21:01:02.738771,4,22,"[0, 1, 2, 3, 4, 5, 6, 7]",93.01580810546875,46.05963134765625,46.9561767578125,143,93.01580810546875,46.5748291015625,46.44097900390625,141
2025-07-17T21:01:02.745846,0,23,"[0, 1, 2, 3, 4, 5, 6, 7]",93.01580810546875,46.05963134765625,46.9561767578125,143,93.01580810546875,46.5748291015625,46.44097900390625,141
2025-07-17T21:01:02.752901,1,23,"[0, 1, 2, 3, 4, 5, 6, 7]",93.01580810546875,46.05963134765625,46.9561767578125,143,93.01580810546875,46.5748291015625,46.44097900390625,141
2025-07-17T21:01:02.761489,2,23,"[0, 1, 2, 3, 4, 5, 6, 7]",93.01580810546875,46.05963134765625,46.9561767578125,143,93.01580810546875,46.5748291015625,46.44097900390625,141
2025-07-17T21:01:02.768899,3,23,"[0, 1, 2, 3, 4, 5, 6, 7]",93.01580810546875,46.05963134765625,46.9561767578125,143,93.01580810546875,46.5748291015625,46.44097900390625,141
2025-07-17T21:01:02.770835,4,23,"[0, 1, 2, 3, 4, 5, 6, 7]",93.01580810546875,46.05963134765625,46.9561767578125,143,93.01580810546875,46.5748291015625,46.44097900390625,141
2025-07-17T21:01:02.777892,0,24,"[0, 1, 2, 3, 4, 5, 6, 7]",93.01580810546875,46.05963134765625,46.9561767578125,143,93.01580810546875,46.5748291015625,46.44097900390625,141
2025-07-17T21:01:02.784931,1,24,"[1, 2, 3, 4, 5, 6, 7]",93.01580810546875,46.05963134765625,46.9561767578125,143,93.01580810546875,46.5748291015625,46.44097900390625,141
2025-07-17T21:01:02.792344,2,24,"[0, 1, 2, 3, 4, 5, 6, 7]",93.01580810546875,46.05963134765625,46.9561767578125,143,93.01580810546875,46.5748291015625,46.44097900390625,141
2025-07-17T21:01:02.799544,3,24,"[1, 2, 3, 4, 5, 6, 7]",93.01580810546875,46.05963134765625,46.9561767578125,143,93.01580810546875,46.5748291015625,46.44097900390625,141
2025-07-17T21:01:02.806938,4,24,"[1, 2, 3, 4, 5, 6, 7]",93.01580810546875,46.05963134765625,46.9561767578125,143,93.01580810546875,46.5748291015625,46.44097900390625,141
2025-07-17T21:01:02.813895,0,25,"[0, 1, 2, 3, 4, 5, 6, 7]",93.01580810546875,46.05963134765625,46.9561767578125,143,93.01580810546875,46.5748291015625,46.44097900390625,141
2025-07-17T21:01:02.820497,1,25,"[0, 1, 2, 4, 5, 6, 7]",93.01580810546875,46.05963134765625,46.9561767578125,143,93.01580810546875,46.5748291015625,46.44097900390625,141
2025-07-17T21:01:02.833096,2,25,"[0, 1, 2, 3, 4, 5, 6, 7]",93.01580810546875,46.05963134765625,46.9561767578125,143,93.01580810546875,46.5748291015625,46.44097900390625,141
2025-07-17T21:01:02.835277,3,25,"[0, 1, 2, 4, 5, 6, 7]",93.01580810546875,46.05963134765625,46.9561767578125,143,93.01580810546875,46.5748291015625,46.44097900390625,141
2025-07-17T21:01:02.841758,4,25,"[0, 1, 2, 4, 5, 6, 7]",93.01580810546875,46.05963134765625,46.9561767578125,143,93.01580810546875,46.5748291015625,46.44097900390625,141
2025-07-17T21:01:02.848981,0,26,"[0, 1, 2, 3, 4, 5, 6, 7]",93.01580810546875,46.05963134765625,46.9561767578125,143,93.01580810546875,46.5748291015625,46.44097900390625,141
2025-07-17T21:01:02.855029,1,26,"[0, 1, 2, 3, 4, 5, 7]",93.01580810546875,46.05963134765625,46.9561767578125,143,93.01580810546875,46.5748291015625,46.44097900390625,141
2025-07-17T21:01:02.861975,2,26,"[0, 1, 2, 3, 4, 5, 7]",93.01580810546875,46.05963134765625,46.9561767578125,143,93.01580810546875,46.5748291015625,46.44097900390625,141
2025-07-17T21:01:02.868924,3,26,"[0, 1, 2, 3, 4, 5, 7]",93.01580810546875,46.05963134765625,46.9561767578125,143,93.01580810546875,46.5748291015625,46.44097900390625,141
2025-07-17T21:01:02.875438,4,26,"[0, 1, 2, 3, 4, 5, 7]",93.01580810546875,46.05963134765625,46.9561767578125,143,93.01580810546875,46.5748291015625,46.44097900390625,141
2025-07-17T21:01:02.883614,0,27,"[0, 1, 2, 3, 4, 5, 6, 7]",93.01580810546875,46.05963134765625,46.9561767578125,143,93.01580810546875,46.5748291015625,46.44097900390625,141
2025-07-17T21:01:02.896106,1,27,"[0, 1, 2, 3, 4, 5, 6, 7]",93.01580810546875,46.05963134765625,46.9561767578125,143,93.01580810546875,46.5748291015625,46.44097900390625,141
2025-07-17T21:01:02.898166,2,27,"[0, 1, 2, 3, 4, 5, 6, 7]",93.01580810546875,46.05963134765625,46.9561767578125,143,93.01580810546875,46.5748291015625,46.44097900390625,141
2025-07-17T21:01:02.905613,3,27,"[0, 1, 2, 3, 4, 5, 6, 7]",93.01580810546875,46.05963134765625,46.9561767578125,143,93.01580810546875,46.5748291015625,46.44097900390625,141
2025-07-17T21:01:02.911874,4,27,"[0, 1, 2, 3, 4, 5, 6, 7]",93.01580810546875,46.05963134765625,46.9561767578125,143,93.01580810546875,46.5748291015625,46.44097900390625,141
2025-07-17T21:01:02.918660,0,28,"[0, 1, 2, 3, 4, 5, 6, 7]",93.01580810546875,46.05963134765625,46.9561767578125,143,93.01580810546875,46.5748291015625,46.44097900390625,141
2025-07-17T21:01:02.924991,1,28,"[0, 1, 2, 3, 4, 5, 6, 7]",93.01580810546875,46.05963134765625,46.9561767578125,143,93.01580810546875,46.5748291015625,46.44097900390625,141
2025-07-17T21:01:02.932341,2,28,"[0, 1, 2, 3, 4, 5, 6, 7]",93.01580810546875,46.05963134765625,46.9561767578125,143,93.01580810546875,46.5748291015625,46.44097900390625,141
2025-07-17T21:01:02.939571,3,28,"[0, 1, 2, 3, 4, 5, 6, 7]",93.01580810546875,46.05963134765625,46.9561767578125,143,93.01580810546875,46.5748291015625,46.44097900390625,141
2025-07-17T21:01:02.945650,4,28,"[0, 1, 2, 3, 4, 5, 6, 7]",93.01580810546875,46.05963134765625,46.9561767578125,143,93.01580810546875,46.5748291015625,46.44097900390625,141
2025-07-17T21:01:02.957713,0,29,"[0, 1, 2, 3, 4, 5, 6, 7]",93.01580810546875,46.05963134765625,46.9561767578125,143,93.01580810546875,46.5748291015625,46.44097900390625,141
2025-07-17T21:01:02.959581,1,29,"[0, 1, 2, 3, 4, 5, 6, 7]",93.01580810546875,46.05963134765625,46.9561767578125,143,93.01580810546875,46.5748291015625,46.44097900390625,141
2025-07-17T21:01:02.966614,2,29,"[0, 1, 2, 3, 4, 5, 6, 7]",93.01580810546875,46.05963134765625,46.9561767578125,143,93.01580810546875,46.5748291015625,46.44097900390625,141
2025-07-17T21:01:02.973083,3,29,"[0, 1, 2, 3, 4, 5, 6, 7]",93.01580810546875,46.05963134765625,46.9561767578125,143,93.01580810546875,46.5748291015625,46.44097900390625,141
2025-07-17T21:01:02.979942,4,29,"[0, 1, 2, 3, 4, 5, 6, 7]",93.01580810546875,46.05963134765625,46.9561767578125,143,93.01580810546875,46.5748291015625,46.44097900390625,141
2025-07-17T21:01:02.987412,0,30,"[0, 1, 2, 3, 4, 5, 6, 7]",93.01580810546875,46.05963134765625,46.9561767578125,143,93.01580810546875,46.5748291015625,46.44097900390625,141
2025-07-17T21:01:02.993850,1,30,"[0, 1, 2, 4, 5, 6, 7]",93.01580810546875,46.05963134765625,46.9561767578125,143,93.01580810546875,46.5748291015625,46.44097900390625,141
2025-07-17T21:01:03.001011,2,30,"[0, 1, 2, 3, 4, 5, 6, 7]",93.01580810546875,46.05963134765625,46.9561767578125,143,93.01580810546875,46.5748291015625,46.44097900390625,141
2025-07-17T21:01:03.007981,3,30,"[0, 1, 2, 4, 5, 6, 7]",93.01580810546875,46.05963134765625,46.9561767578125,143,93.01580810546875,46.5748291015625,46.44097900390625,141
2025-07-17T21:01:03.015020,4,30,"[0, 1, 2, 4, 5, 6, 7]",93.01580810546875,46.05963134765625,46.9561767578125,143,93.01580810546875,46.5748291015625,46.44097900390625,141
2025-07-17T21:01:03.022187,0,31,"[0, 1, 2, 3, 4, 5, 6, 7]",93.01580810546875,46.05963134765625,46.9561767578125,143,93.01580810546875,46.5748291015625,46.44097900390625,141
2025-07-17T21:01:03.031060,1,31,"[0, 1, 2, 3, 4, 5, 6, 7]",93.01580810546875,46.05963134765625,46.9561767578125,143,93.01580810546875,46.5748291015625,46.44097900390625,141
2025-07-17T21:01:03.039250,2,31,"[0, 1, 2, 3, 4, 5, 6, 7]",93.01580810546875,46.05963134765625,46.9561767578125,143,93.01580810546875,46.5748291015625,46.44097900390625,141
2025-07-17T21:01:03.047974,3,31,"[0, 1, 2, 3, 4, 5, 6, 7]",93.01580810546875,46.05963134765625,46.9561767578125,143,93.01580810546875,46.5748291015625,46.44097900390625,141
2025-07-17T21:01:03.055766,4,31,"[0, 1, 2, 3, 4, 5, 6, 7]",93.01580810546875,46.05963134765625,46.9561767578125,143,93.01580810546875,46.5748291015625,46.44097900390625,141
2025-07-17T21:01:03.066834,0,0,"[0, 1, 2, 3, 4, 5, 6, 7]",93.01580810546875,46.05963134765625,46.9561767578125,143,93.01580810546875,46.5748291015625,46.44097900390625,141
2025-07-17T21:01:03.078432,1,0,"[0, 1, 2, 3, 5, 6, 7]",93.01580810546875,46.05963134765625,46.9561767578125,143,93.01580810546875,46.5748291015625,46.44097900390625,141
2025-07-17T21:01:03.081127,2,0,"[0, 1, 2, 3, 4, 5, 6, 7]",93.01580810546875,46.05963134765625,46.9561767578125,143,93.01580810546875,46.5748291015625,46.44097900390625,141
2025-07-17T21:01:03.092952,3,0,"[0, 1, 2, 3, 5, 6, 7]",93.01580810546875,46.05963134765625,46.9561767578125,143,93.01580810546875,46.5748291015625,46.44097900390625,141
2025-07-17T21:01:03.100824,4,0,"[0, 1, 2, 3, 5, 6, 7]",93.01580810546875,46.05963134765625,46.9561767578125,143,93.01580810546875,46.5748291015625,46.44097900390625,141
2025-07-17T21:01:03.103419,0,1,"[0, 1, 2, 3, 4, 5, 6, 7]",93.01580810546875,46.05963134765625,46.9561767578125,143,93.01580810546875,46.5748291015625,46.44097900390625,141
2025-07-17T21:01:03.110402,1,1,"[0, 1, 2, 3, 4, 5, 6, 7]",93.01580810546875,46.05963134765625,46.9561767578125,143,93.01580810546875,46.5748291015625,46.44097900390625,141
2025-07-17T21:01:03.118010,2,1,"[0, 1, 2, 4, 5, 6, 7]",93.01580810546875,46.05963134765625,46.9561767578125,143,93.01580810546875,46.5748291015625,46.44097900390625,141
2025-07-17T21:01:03.126230,3,1,"[0, 1, 2, 3, 4, 5, 6, 7]",93.01580810546875,46.05963134765625,46.9561767578125,143,93.01580810546875,46.5748291015625,46.44097900390625,141
2025-07-17T21:01:03.133382,4,1,"[0, 1, 2, 3, 4, 5, 6, 7]",93.01580810546875,46.05963134765625,46.9561767578125,143,93.01580810546875,46.5748291015625,46.44097900390625,141
2025-07-17T21:01:03.139882,0,2,"[0, 1, 2, 3, 4, 5, 6, 7]",93.01580810546875,46.05963134765625,46.9561767578125,143,93.01580810546875,46.5748291015625,46.44097900390625,141
2025-07-17T21:01:03.146607,1,2,"[0, 1, 2, 3, 4, 5, 6, 7]",93.01580810546875,46.05963134765625,46.9561767578125,143,93.01580810546875,46.5748291015625,46.44097900390625,141
2025-07-17T21:01:03.152864,2,2,"[0, 1, 2, 3, 4, 5, 6, 7]",93.01580810546875,46.05963134765625,46.9561767578125,143,93.01580810546875,46.5748291015625,46.44097900390625,141
2025-07-17T21:01:03.160998,3,2,"[0, 1, 2, 3, 4, 5, 6, 7]",93.01580810546875,46.05963134765625,46.9561767578125,143,93.01580810546875,46.5748291015625,46.44097900390625,141
2025-07-17T21:01:03.167631,4,2,"[0, 1, 2, 3, 4, 5, 6, 7]",93.01580810546875,46.05963134765625,46.9561767578125,143,93.01580810546875,46.5748291015625,46.44097900390625,141
2025-07-17T21:01:03.175413,0,3,"[0, 1, 2, 3, 4, 5, 6, 7]",93.01580810546875,46.05963134765625,46.9561767578125,143,93.01580810546875,46.5748291015625,46.44097900390625,141
2025-07-17T21:01:03.181845,1,3,"[0, 1, 2, 3, 4, 5, 6, 7]",93.01580810546875,46.05963134765625,46.9561767578125,143,93.01580810546875,46.5748291015625,46.44097900390625,141
2025-07-17T21:01:03.188375,2,3,"[0, 1, 2, 3, 4, 5, 6, 7]",93.01580810546875,46.05963134765625,46.9561767578125,143,93.01580810546875,46.5748291015625,46.44097900390625,141
2025-07-17T21:01:03.194904,3,3,"[0, 1, 2, 3, 4, 5, 6, 7]",93.01580810546875,46.05963134765625,46.9561767578125,143,93.01580810546875,46.5748291015625,46.44097900390625,141
2025-07-17T21:01:03.201809,4,3,"[0, 1, 2, 3, 4, 5, 6, 7]",93.01580810546875,46.05963134765625,46.9561767578125,143,93.01580810546875,46.5748291015625,46.44097900390625,141
2025-07-17T21:01:03.208993,0,4,"[0, 1, 2, 3, 4, 5, 6, 7]",93.01580810546875,46.05963134765625,46.9561767578125,143,93.01580810546875,46.5748291015625,46.44097900390625,141
2025-07-17T21:01:03.215370,1,4,"[0, 1, 2, 3, 4, 5, 6, 7]",93.01580810546875,46.05963134765625,46.9561767578125,143,93.01580810546875,46.5748291015625,46.44097900390625,141
2025-07-17T21:01:03.221145,2,4,"[0, 1, 2, 3, 4, 5, 6, 7]",93.01580810546875,46.05963134765625,46.9561767578125,143,93.01580810546875,46.5748291015625,46.44097900390625,141
2025-07-17T21:01:03.228394,3,4,"[0, 1, 2, 3, 4, 5, 6, 7]",93.01580810546875,46.05963134765625,46.9561767578125,143,93.01580810546875,46.5748291015625,46.44097900390625,141
2025-07-17T21:01:03.234639,4,4,"[0, 1, 2, 3, 4, 5, 6, 7]",93.01580810546875,46.05963134765625,46.9561767578125,143,93.01580810546875,46.5748291015625,46.44097900390625,141
2025-07-17T21:01:03.241401,0,5,"[0, 1, 2, 3, 4, 5, 6, 7]",93.01580810546875,46.05963134765625,46.9561767578125,143,93.01580810546875,46.5748291015625,46.44097900390625,141
2025-07-17T21:01:03.247785,1,5,"[0, 1, 2, 3, 4, 5, 6, 7]",93.01580810546875,46.05963134765625,46.9561767578125,143,93.01580810546875,46.5748291015625,46.44097900390625,141
2025-07-17T21:01:03.254350,2,5,"[0, 1, 2, 3, 4, 5, 6, 7]",93.01580810546875,46.05963134765625,46.9561767578125,143,93.01580810546875,46.5748291015625,46.44097900390625,141
2025-07-17T21:01:03.260958,3,5,"[0, 1, 2, 3, 4, 5, 6, 7]",93.01580810546875,46.05963134765625,46.9561767578125,143,93.01580810546875,46.5748291015625,46.44097900390625,141
2025-07-17T21:01:03.268258,4,5,"[0, 1, 2, 3, 4, 5, 6, 7]",93.01580810546875,46.05963134765625,46.9561767578125,143,93.01580810546875,46.5748291015625,46.44097900390625,141
2025-07-17T21:01:03.275693,0,6,"[0, 1, 2, 3, 4, 5, 6, 7]",93.01580810546875,46.05963134765625,46.9561767578125,143,93.01580810546875,46.5748291015625,46.44097900390625,141
2025-07-17T21:01:03.284013,1,6,"[0, 2, 3, 4, 5, 6, 7]",93.01580810546875,46.05963134765625,46.9561767578125,143,93.01580810546875,46.5748291015625,46.44097900390625,141
2025-07-17T21:01:03.291215,2,6,"[0, 1, 2, 3, 4, 5, 6, 7]",93.01580810546875,46.05963134765625,46.9561767578125,143,93.01580810546875,46.5748291015625,46.44097900390625,141
2025-07-17T21:01:03.297099,3,6,"[0, 2, 3, 4, 5, 6, 7]",93.01580810546875,46.05963134765625,46.9561767578125,143,93.01580810546875,46.5748291015625,46.44097900390625,141
2025-07-17T21:01:03.304361,4,6,"[0, 2, 3, 4, 5, 6, 7]",93.01580810546875,46.05963134765625,46.9561767578125,143,93.01580810546875,46.5748291015625,46.44097900390625,141
2025-07-17T21:01:03.310982,0,7,"[0, 1, 2, 3, 4, 5, 7]",93.01580810546875,46.05963134765625,46.9561767578125,143,93.01580810546875,46.5748291015625,46.44097900390625,141
2025-07-17T21:01:03.318527,1,7,"[0, 1, 2, 4, 5, 6]",93.01580810546875,46.05963134765625,46.9561767578125,143,93.01580810546875,46.5748291015625,46.44097900390625,141
2025-07-17T21:01:03.329747,2,7,"[0, 1, 2, 3, 4, 5, 6, 7]",93.01580810546875,46.05963134765625,46.9561767578125,143,93.01580810546875,46.5748291015625,46.44097900390625,141
2025-07-17T21:01:03.331877,3,7,"[0, 1, 2, 4, 5, 6]",93.01580810546875,46.05963134765625,46.9561767578125,143,93.01580810546875,46.5748291015625,46.44097900390625,141
2025-07-17T21:01:03.338785,4,7,"[0, 1, 2, 4, 5, 6]",93.01580810546875,46.05963134765625,46.9561767578125,143,93.01580810546875,46.5748291015625,46.44097900390625,141
2025-07-17T21:01:03.346025,0,8,"[0, 1, 2, 3, 4, 5, 6, 7]",93.01580810546875,46.05963134765625,46.9561767578125,143,93.01580810546875,46.5748291015625,46.44097900390625,141
2025-07-17T21:01:03.359496,1,8,"[0, 1, 2, 3, 4, 5]",93.01580810546875,46.05963134765625,46.9561767578125,143,93.01580810546875,46.5748291015625,46.44097900390625,141
2025-07-17T21:01:03.361334,2,8,"[0, 1, 2, 3, 4, 5, 6, 7]",93.01580810546875,46.05963134765625,46.9561767578125,143,93.01580810546875,46.5748291015625,46.44097900390625,141
2025-07-17T21:01:03.369422,3,8,"[0, 1, 2, 3, 4, 5]",93.01580810546875,46.05963134765625,46.9561767578125,143,93.01580810546875,46.5748291015625,46.44097900390625,141
2025-07-17T21:01:03.375759,4,8,"[0, 1, 2, 3, 4, 5]",93.01580810546875,46.05963134765625,46.9561767578125,143,93.01580810546875,46.5748291015625,46.44097900390625,141
2025-07-17T21:01:03.382328,0,9,"[0, 1, 2, 3, 4, 5, 6, 7]",93.01580810546875,46.05963134765625,46.9561767578125,143,93.01580810546875,46.5748291015625,46.44097900390625,141
2025-07-17T21:01:03.388877,1,9,"[0, 1, 2, 4, 5, 6, 7]",93.01580810546875,46.05963134765625,46.9561767578125,143,93.01580810546875,46.5748291015625,46.44097900390625,141
2025-07-17T21:01:03.395600,2,9,"[0, 1, 2, 3, 4, 5, 6, 7]",93.01580810546875,46.05963134765625,46.9561767578125,143,93.01580810546875,46.5748291015625,46.44097900390625,141
2025-07-17T21:01:03.402648,3,9,"[0, 1, 2, 4, 5, 6, 7]",93.01580810546875,46.05963134765625,46.9561767578125,143,93.01580810546875,46.5748291015625,46.44097900390625,141
2025-07-17T21:01:03.408920,4,9,"[0, 1, 2, 4, 5, 6, 7]",93.01580810546875,46.05963134765625,46.9561767578125,143,93.01580810546875,46.5748291015625,46.44097900390625,141
2025-07-17T21:01:03.415954,0,10,"[0, 1, 2, 3, 4, 5, 6, 7]",93.01580810546875,46.05963134765625,46.9561767578125,143,93.01580810546875,46.5748291015625,46.44097900390625,141
2025-07-17T21:01:03.423189,1,10,"[0, 1, 2, 3, 4, 5, 6, 7]",93.01580810546875,46.05963134765625,46.9561767578125,143,93.01580810546875,46.5748291015625,46.44097900390625,141
2025-07-17T21:01:03.429295,2,10,"[0, 1, 2, 3, 4, 5, 6, 7]",93.01580810546875,46.05963134765625,46.9561767578125,143,93.01580810546875,46.5748291015625,46.44097900390625,141
2025-07-17T21:01:03.435912,3,10,"[0, 1, 2, 3, 4, 5, 6, 7]",93.01580810546875,46.05963134765625,46.9561767578125,143,93.01580810546875,46.5748291015625,46.44097900390625,141
2025-07-17T21:01:03.443093,4,10,"[0, 1, 2, 3, 4, 5, 6, 7]",93.01580810546875,46.05963134765625,46.9561767578125,143,93.01580810546875,46.5748291015625,46.44097900390625,141
2025-07-17T21:01:03.450166,0,11,"[0, 1, 2, 3, 4, 5, 6, 7]",93.01580810546875,46.05963134765625,46.9561767578125,143,93.01580810546875,46.5748291015625,46.44097900390625,141
2025-07-17T21:01:03.457032,1,11,"[0, 1, 2, 4, 5, 6, 7]",93.01580810546875,46.05963134765625,46.9561767578125,143,93.01580810546875,46.5748291015625,46.44097900390625,141
2025-07-17T21:01:03.463078,2,11,"[0, 1, 2, 3, 4, 5, 6, 7]",93.01580810546875,46.05963134765625,46.9561767578125,143,93.01580810546875,46.5748291015625,46.44097900390625,141
2025-07-17T21:01:03.470438,3,11,"[0, 1, 2, 4, 5, 6, 7]",93.01580810546875,46.05963134765625,46.9561767578125,143,93.01580810546875,46.5748291015625,46.44097900390625,141
2025-07-17T21:01:03.477426,4,11,"[0, 1, 2, 4, 5, 6, 7]",93.01580810546875,46.05963134765625,46.9561767578125,143,93.01580810546875,46.5748291015625,46.44097900390625,141
2025-07-17T21:01:03.484636,0,12,"[0, 1, 2, 3, 4, 5, 6]",93.01580810546875,46.05963134765625,46.9561767578125,143,93.01580810546875,46.5748291015625,46.44097900390625,141
2025-07-17T21:01:03.491225,1,12,"[0, 1, 3, 4, 5, 6]",93.01580810546875,46.05963134765625,46.9561767578125,143,93.01580810546875,46.5748291015625,46.44097900390625,141
2025-07-17T21:01:03.498335,2,12,"[0, 1, 2, 3, 4, 6, 7]",93.01580810546875,46.05963134765625,46.9561767578125,143,93.01580810546875,46.5748291015625,46.44097900390625,141
2025-07-17T21:01:03.510710,3,12,"[0, 1, 3, 4, 5, 6]",93.01580810546875,46.05963134765625,46.9561767578125,143,93.01580810546875,46.5748291015625,46.44097900390625,141
2025-07-17T21:01:03.512326,4,12,"[0, 1, 3, 4, 5, 6]",93.01580810546875,46.05963134765625,46.9561767578125,143,93.01580810546875,46.5748291015625,46.44097900390625,141
2025-07-17T21:01:03.524374,0,13,"[0, 1, 2, 3, 4, 5, 6, 7]",93.01580810546875,46.05963134765625,46.9561767578125,143,93.01580810546875,46.5748291015625,46.44097900390625,141
2025-07-17T21:01:03.526240,1,13,"[0, 1, 2, 3, 4, 5, 6, 7]",93.01580810546875,46.05963134765625,46.9561767578125,143,93.01580810546875,46.5748291015625,46.44097900390625,141
2025-07-17T21:01:03.532494,2,13,"[0, 1, 2, 3, 4, 5, 6, 7]",93.01580810546875,46.05963134765625,46.9561767578125,143,93.01580810546875,46.5748291015625,46.44097900390625,141
2025-07-17T21:01:03.539422,3,13,"[0, 1, 2, 3, 4, 5, 6, 7]",93.01580810546875,46.05963134765625,46.9561767578125,143,93.01580810546875,46.5748291015625,46.44097900390625,141
2025-07-17T21:01:03.545818,4,13,"[0, 1, 2, 3, 4, 5, 6, 7]",93.01580810546875,46.05963134765625,46.9561767578125,143,93.01580810546875,46.5748291015625,46.44097900390625,141
2025-07-17T21:01:03.552718,0,14,"[0, 1, 2, 3, 4, 5, 6, 7]",93.01580810546875,46.05963134765625,46.9561767578125,143,93.01580810546875,46.5748291015625,46.44097900390625,141
2025-07-17T21:01:03.559976,1,14,"[0, 1, 3, 4, 5, 6, 7]",93.01580810546875,46.05963134765625,46.9561767578125,143,93.01580810546875,46.5748291015625,46.44097900390625,141
2025-07-17T21:01:03.566602,2,14,"[0, 1, 2, 3, 4, 5, 6, 7]",93.01580810546875,46.05963134765625,46.9561767578125,143,93.01580810546875,46.5748291015625,46.44097900390625,141
2025-07-17T21:01:03.573701,3,14,"[0, 1, 3, 4, 5, 6, 7]",93.01580810546875,46.05963134765625,46.9561767578125,143,93.01580810546875,46.5748291015625,46.44097900390625,141
2025-07-17T21:01:03.580324,4,14,"[0, 1, 3, 4, 5, 6, 7]",93.01580810546875,46.05963134765625,46.9561767578125,143,93.01580810546875,46.5748291015625,46.44097900390625,141
2025-07-17T21:01:03.586767,0,15,"[0, 1, 2, 3, 4, 5, 6, 7]",93.01580810546875,46.05963134765625,46.9561767578125,143,93.01580810546875,46.5748291015625,46.44097900390625,141
2025-07-17T21:01:03.598313,1,15,"[0, 1, 2, 3, 4, 5, 6, 7]",93.01580810546875,46.05963134765625,46.9561767578125,143,93.01580810546875,46.5748291015625,46.44097900390625,141
2025-07-17T21:01:03.600047,2,15,"[0, 1, 2, 3, 4, 5, 6, 7]",93.01580810546875,46.05963134765625,46.9561767578125,143,93.01580810546875,46.5748291015625,46.44097900390625,141
2025-07-17T21:01:03.607302,3,15,"[0, 1, 2, 3, 4, 5, 6, 7]",93.01580810546875,46.05963134765625,46.9561767578125,143,93.01580810546875,46.5748291015625,46.44097900390625,141
2025-07-17T21:01:03.615107,4,15,"[0, 1, 2, 3, 4, 5, 6, 7]",93.01580810546875,46.05963134765625,46.9561767578125,143,93.01580810546875,46.5748291015625,46.44097900390625,141
2025-07-17T21:01:03.621350,0,16,"[0, 1, 2, 3, 4, 5, 6, 7]",93.01580810546875,46.05963134765625,46.9561767578125,143,93.01580810546875,46.5748291015625,46.44097900390625,141
2025-07-17T21:01:03.627793,1,16,"[0, 1, 2, 3, 4, 5, 6, 7]",93.01580810546875,46.05963134765625,46.9561767578125,143,93.01580810546875,46.5748291015625,46.44097900390625,141
2025-07-17T21:01:03.634358,2,16,"[0, 1, 2, 3, 4, 5, 6, 7]",93.01580810546875,46.05963134765625,46.9561767578125,143,93.01580810546875,46.5748291015625,46.44097900390625,141
2025-07-17T21:01:03.641242,3,16,"[0, 1, 2, 3, 4, 5, 6, 7]",93.01580810546875,46.05963134765625,46.9561767578125,143,93.01580810546875,46.5748291015625,46.44097900390625,141
2025-07-17T21:01:03.647745,4,16,"[0, 1, 2, 3, 4, 5, 6, 7]",93.01580810546875,46.05963134765625,46.9561767578125,143,93.01580810546875,46.5748291015625,46.44097900390625,141
2025-07-17T21:01:03.654629,0,17,"[0, 1, 2, 3, 4, 5, 6, 7]",93.01580810546875,46.05963134765625,46.9561767578125,143,93.01580810546875,46.5748291015625,46.44097900390625,141
2025-07-17T21:01:03.661453,1,17,"[0, 1, 2, 4, 5, 6, 7]",93.01580810546875,46.05963134765625,46.9561767578125,143,93.01580810546875,46.5748291015625,46.44097900390625,141
2025-07-17T21:01:03.668648,2,17,"[0, 1, 2, 3, 4, 5, 6, 7]",93.01580810546875,46.05963134765625,46.9561767578125,143,93.01580810546875,46.5748291015625,46.44097900390625,141
2025-07-17T21:01:03.675892,3,17,"[0, 1, 2, 4, 5, 6, 7]",93.01580810546875,46.05963134765625,46.9561767578125,143,93.01580810546875,46.5748291015625,46.44097900390625,141
2025-07-17T21:01:03.682315,4,17,"[0, 1, 2, 4, 5, 6, 7]",93.01580810546875,46.05963134765625,46.9561767578125,143,93.01580810546875,46.5748291015625,46.44097900390625,141
2025-07-17T21:01:03.689795,0,18,"[0, 1, 2, 3, 4, 5, 6, 7]",93.01580810546875,46.05963134765625,46.9561767578125,143,93.01580810546875,46.5748291015625,46.44097900390625,141
2025-07-17T21:01:03.696540,1,18,"[0, 1, 2, 3, 4, 5, 6, 7]",93.01580810546875,46.05963134765625,46.9561767578125,143,93.01580810546875,46.5748291015625,46.44097900390625,141
2025-07-17T21:01:03.703700,2,18,"[0, 1, 2, 3, 4, 5, 6, 7]",93.01580810546875,46.05963134765625,46.9561767578125,143,93.01580810546875,46.5748291015625,46.44097900390625,141
2025-07-17T21:01:03.711030,3,18,"[0, 1, 2, 3, 4, 5, 6, 7]",93.01580810546875,46.05963134765625,46.9561767578125,143,93.01580810546875,46.5748291015625,46.44097900390625,141
2025-07-17T21:01:03.717582,4,18,"[0, 1, 2, 3, 4, 5, 6, 7]",93.01580810546875,46.05963134765625,46.9561767578125,143,93.01580810546875,46.5748291015625,46.44097900390625,141
2025-07-17T21:01:03.724823,0,19,"[0, 1, 2, 3, 4, 5, 6, 7]",93.01580810546875,46.05963134765625,46.9561767578125,143,93.01580810546875,46.5748291015625,46.44097900390625,141
2025-07-17T21:01:03.732274,1,19,"[0, 1, 2, 4, 5, 6, 7]",93.01580810546875,46.05963134765625,46.9561767578125,143,93.01580810546875,46.5748291015625,46.44097900390625,141
2025-07-17T21:01:03.738496,2,19,"[0, 1, 2, 3, 4, 5, 6, 7]",93.01580810546875,46.05963134765625,46.9561767578125,143,93.01580810546875,46.5748291015625,46.44097900390625,141
2025-07-17T21:01:03.745438,3,19,"[0, 1, 2, 4, 5, 6, 7]",93.01580810546875,46.05963134765625,46.9561767578125,143,93.01580810546875,46.5748291015625,46.44097900390625,141
2025-07-17T21:01:03.752359,4,19,"[0, 1, 2, 4, 5, 6, 7]",93.01580810546875,46.05963134765625,46.9561767578125,143,93.01580810546875,46.5748291015625,46.44097900390625,141
2025-07-17T21:01:03.758436,0,20,"[0, 1, 2, 3, 4, 5, 6, 7]",93.01580810546875,46.05963134765625,46.9561767578125,143,93.01580810546875,46.5748291015625,46.44097900390625,141
2025-07-17T21:01:03.765691,1,20,"[0, 2, 3, 4, 5, 6, 7]",93.01580810546875,46.05963134765625,46.9561767578125,143,93.01580810546875,46.5748291015625,46.44097900390625,141
2025-07-17T21:01:03.772513,2,20,"[0, 1, 2, 3, 4, 5, 6, 7]",93.01580810546875,46.05963134765625,46.9561767578125,143,93.01580810546875,46.5748291015625,46.44097900390625,141
2025-07-17T21:01:03.779285,3,20,"[0, 2, 3, 4, 5, 6, 7]",93.01580810546875,46.05963134765625,46.9561767578125,143,93.01580810546875,46.5748291015625,46.44097900390625,141
2025-07-17T21:01:03.786092,4,20,"[0, 2, 3, 4, 5, 6, 7]",93.01580810546875,46.05963134765625,46.9561767578125,143,93.01580810546875,46.5748291015625,46.44097900390625,141
2025-07-17T21:01:03.793282,0,21,"[0, 1, 2, 3, 4, 5, 6, 7]",93.01580810546875,46.05963134765625,46.9561767578125,143,93.01580810546875,46.5748291015625,46.44097900390625,141
2025-07-17T21:01:03.801873,1,21,"[0, 1, 2, 3, 4, 5, 6]",93.01580810546875,46.05963134765625,46.9561767578125,143,93.01580810546875,46.5748291015625,46.44097900390625,141
2025-07-17T21:01:03.808229,2,21,"[0, 1, 2, 3, 4, 5, 6, 7]",93.01580810546875,46.05963134765625,46.9561767578125,143,93.01580810546875,46.5748291015625,46.44097900390625,141
2025-07-17T21:01:03.814391,3,21,"[0, 1, 2, 3, 4, 5, 6]",93.01580810546875,46.05963134765625,46.9561767578125,143,93.01580810546875,46.5748291015625,46.44097900390625,141
2025-07-17T21:01:03.820671,4,21,"[0, 1, 2, 3, 4, 5, 6]",93.01580810546875,46.05963134765625,46.9561767578125,143,93.01580810546875,46.5748291015625,46.44097900390625,141
2025-07-17T21:01:03.828251,0,22,"[0, 1, 2, 3, 4, 5, 6, 7]",93.01580810546875,46.05963134765625,46.9561767578125,143,93.01580810546875,46.5748291015625,46.44097900390625,141
2025-07-17T21:01:03.835403,1,22,"[0, 1, 2, 3, 4, 5, 6]",93.01580810546875,46.05963134765625,46.9561767578125,143,93.01580810546875,46.5748291015625,46.44097900390625,141
2025-07-17T21:01:03.842182,2,22,"[0, 1, 2, 3, 4, 5, 6, 7]",93.01580810546875,46.05963134765625,46.9561767578125,143,93.01580810546875,46.5748291015625,46.44097900390625,141
2025-07-17T21:01:03.849178,3,22,"[0, 1, 2, 3, 4, 5, 6]",93.01580810546875,46.05963134765625,46.9561767578125,143,93.01580810546875,46.5748291015625,46.44097900390625,141
2025-07-17T21:01:03.861797,4,22,"[0, 1, 2, 3, 4, 5, 6]",93.01580810546875,46.05963134765625,46.9561767578125,143,93.01580810546875,46.5748291015625,46.44097900390625,141
2025-07-17T21:01:03.863690,0,23,"[0, 1, 2, 3, 4, 5, 6, 7]",93.01580810546875,46.05963134765625,46.9561767578125,143,93.01580810546875,46.5748291015625,46.44097900390625,141
2025-07-17T21:01:03.876046,1,23,"[0, 1, 2, 3, 4, 5, 6, 7]",93.01580810546875,46.05963134765625,46.9561767578125,143,93.01580810546875,46.5748291015625,46.44097900390625,141
2025-07-17T21:01:03.878053,2,23,"[0, 1, 2, 3, 4, 5, 6, 7]",93.01580810546875,46.05963134765625,46.9561767578125,143,93.01580810546875,46.5748291015625,46.44097900390625,141
2025-07-17T21:01:03.885324,3,23,"[0, 1, 2, 3, 4, 5, 6, 7]",93.01580810546875,46.05963134765625,46.9561767578125,143,93.01580810546875,46.5748291015625,46.44097900390625,141
2025-07-17T21:01:03.893347,4,23,"[0, 1, 2, 3, 4, 5, 6, 7]",93.01580810546875,46.05963134765625,46.9561767578125,143,93.01580810546875,46.5748291015625,46.44097900390625,141
2025-07-17T21:01:03.899302,0,24,"[0, 1, 2, 3, 4, 5, 6, 7]",93.01580810546875,46.05963134765625,46.9561767578125,143,93.01580810546875,46.5748291015625,46.44097900390625,141
2025-07-17T21:01:03.911614,1,24,"[0, 1, 2, 3, 4, 5, 6, 7]",93.01580810546875,46.05963134765625,46.9561767578125,143,93.01580810546875,46.5748291015625,46.44097900390625,141
2025-07-17T21:01:03.913683,2,24,"[0, 1, 2, 3, 4, 5, 6, 7]",93.01580810546875,46.05963134765625,46.9561767578125,143,93.01580810546875,46.5748291015625,46.44097900390625,141
2025-07-17T21:01:03.920329,3,24,"[0, 1, 2, 3, 4, 5, 6, 7]",93.01580810546875,46.05963134765625,46.9561767578125,143,93.01580810546875,46.5748291015625,46.44097900390625,141
2025-07-17T21:01:03.927963,4,24,"[0, 1, 2, 3, 4, 5, 6, 7]",93.01580810546875,46.05963134765625,46.9561767578125,143,93.01580810546875,46.5748291015625,46.44097900390625,141
2025-07-17T21:01:03.940869,0,25,"[0, 1, 2, 3, 4, 5, 6, 7]",93.01580810546875,46.05963134765625,46.9561767578125,143,93.01580810546875,46.5748291015625,46.44097900390625,141
2025-07-17T21:01:03.942965,1,25,"[0, 1, 2, 3, 4, 5, 6, 7]",93.01580810546875,46.05963134765625,46.9561767578125,143,93.01580810546875,46.5748291015625,46.44097900390625,141
2025-07-17T21:01:03.949927,2,25,"[0, 1, 2, 3, 4, 5, 6, 7]",93.01580810546875,46.05963134765625,46.9561767578125,143,93.01580810546875,46.5748291015625,46.44097900390625,141
2025-07-17T21:01:03.956856,3,25,"[0, 1, 2, 3, 4, 5, 6, 7]",93.01580810546875,46.05963134765625,46.9561767578125,143,93.01580810546875,46.5748291015625,46.44097900390625,141
2025-07-17T21:01:03.968648,4,25,"[0, 1, 2, 3, 4, 5, 6, 7]",93.01580810546875,46.05963134765625,46.9561767578125,143,93.01580810546875,46.5748291015625,46.44097900390625,141
2025-07-17T21:01:03.970504,0,26,"[0, 1, 2, 3, 4, 5, 6, 7]",93.01580810546875,46.05963134765625,46.9561767578125,143,93.01580810546875,46.5748291015625,46.44097900390625,141
2025-07-17T21:01:03.977083,1,26,"[0, 1, 2, 3, 4, 5, 6, 7]",93.01580810546875,46.05963134765625,46.9561767578125,143,93.01580810546875,46.5748291015625,46.44097900390625,141
2025-07-17T21:01:03.988592,2,26,"[0, 1, 2, 3, 4, 5, 6, 7]",93.01580810546875,46.05963134765625,46.9561767578125,143,93.01580810546875,46.5748291015625,46.44097900390625,141
2025-07-17T21:01:03.990713,3,26,"[0, 1, 2, 3, 4, 5, 6, 7]",93.01580810546875,46.05963134765625,46.9561767578125,143,93.01580810546875,46.5748291015625,46.44097900390625,141
2025-07-17T21:01:03.996497,4,26,"[0, 1, 2, 3, 4, 5, 6, 7]",93.01580810546875,46.05963134765625,46.9561767578125,143,93.01580810546875,46.5748291015625,46.44097900390625,141
2025-07-17T21:01:04.008510,0,27,"[0, 1, 2, 3, 4, 5, 6, 7]",93.01580810546875,46.05963134765625,46.9561767578125,143,93.01580810546875,46.5748291015625,46.44097900390625,141
2025-07-17T21:01:04.011147,1,27,"[0, 1, 2, 3, 5, 6, 7]",93.01580810546875,46.05963134765625,46.9561767578125,143,93.01580810546875,46.5748291015625,46.44097900390625,141
2025-07-17T21:01:04.018245,2,27,"[0, 1, 2, 3, 4, 5, 6, 7]",93.01580810546875,46.05963134765625,46.9561767578125,143,93.01580810546875,46.5748291015625,46.44097900390625,141
2025-07-17T21:01:04.030101,3,27,"[0, 1, 2, 3, 5, 6, 7]",93.01580810546875,46.05963134765625,46.9561767578125,143,93.01580810546875,46.5748291015625,46.44097900390625,141
2025-07-17T21:01:04.032189,4,27,"[0, 1, 2, 3, 5, 6, 7]",93.01580810546875,46.05963134765625,46.9561767578125,143,93.01580810546875,46.5748291015625,46.44097900390625,141
2025-07-17T21:01:04.038922,0,28,"[0, 1, 2, 3, 4, 5, 6, 7]",93.01580810546875,46.05963134765625,46.9561767578125,143,93.01580810546875,46.5748291015625,46.44097900390625,141
2025-07-17T21:01:04.050903,1,28,"[0, 1, 2, 3, 4, 5, 6, 7]",93.01580810546875,46.05963134765625,46.9561767578125,143,93.01580810546875,46.5748291015625,46.44097900390625,141
2025-07-17T21:01:04.052932,2,28,"[0, 1, 2, 3, 4, 5, 6, 7]",93.01580810546875,46.05963134765625,46.9561767578125,143,93.01580810546875,46.5748291015625,46.44097900390625,141
2025-07-17T21:01:04.059284,3,28,"[0, 1, 2, 3, 4, 5, 6, 7]",93.01580810546875,46.05963134765625,46.9561767578125,143,93.01580810546875,46.5748291015625,46.44097900390625,141
2025-07-17T21:01:04.071646,4,28,"[0, 1, 2, 3, 4, 5, 6, 7]",93.01580810546875,46.05963134765625,46.9561767578125,143,93.01580810546875,46.5748291015625,46.44097900390625,141
2025-07-17T21:01:04.073690,0,29,"[0, 1, 2, 3, 4, 5, 6, 7]",93.01580810546875,46.05963134765625,46.9561767578125,143,93.01580810546875,46.5748291015625,46.44097900390625,141
2025-07-17T21:01:04.081323,1,29,"[1, 2, 3, 4, 5, 7]",93.01580810546875,46.05963134765625,46.9561767578125,143,93.01580810546875,46.5748291015625,46.44097900390625,141
2025-07-17T21:01:04.087421,2,29,"[0, 1, 2, 3, 4, 5, 6, 7]",93.01580810546875,46.05963134765625,46.9561767578125,143,93.01580810546875,46.5748291015625,46.44097900390625,141
2025-07-17T21:01:04.094171,3,29,"[1, 2, 3, 4, 5, 7]",93.01580810546875,46.05963134765625,46.9561767578125,143,93.01580810546875,46.5748291015625,46.44097900390625,141
2025-07-17T21:01:04.101666,4,29,"[1, 2, 3, 4, 5, 7]",93.01580810546875,46.05963134765625,46.9561767578125,143,93.01580810546875,46.5748291015625,46.44097900390625,141
2025-07-17T21:01:04.109093,0,30,"[0, 1, 2, 3, 4, 5, 6, 7]",93.01580810546875,46.05963134765625,46.9561767578125,143,93.01580810546875,46.5748291015625,46.44097900390625,141
2025-07-17T21:01:04.115967,1,30,"[0, 1, 2, 3, 4, 5, 6, 7]",93.01580810546875,46.05963134765625,46.9561767578125,143,93.01580810546875,46.5748291015625,46.44097900390625,141
2025-07-17T21:01:04.122490,2,30,"[0, 1, 2, 3, 4, 5, 6, 7]",93.01580810546875,46.05963134765625,46.9561767578125,143,93.01580810546875,46.5748291015625,46.44097900390625,141
2025-07-17T21:01:04.129584,3,30,"[0, 1, 2, 3, 4, 5, 6, 7]",93.01580810546875,46.05963134765625,46.9561767578125,143,93.01580810546875,46.5748291015625,46.44097900390625,141
2025-07-17T21:01:04.141129,4,30,"[0, 1, 2, 3, 4, 5, 6, 7]",93.01580810546875,46.05963134765625,46.9561767578125,143,93.01580810546875,46.5748291015625,46.44097900390625,141
2025-07-17T21:01:04.143408,0,31,"[0, 1, 2, 3, 4, 5, 6, 7]",93.01580810546875,46.05963134765625,46.9561767578125,143,93.01580810546875,46.5748291015625,46.44097900390625,141
2025-07-17T21:01:04.155793,1,31,"[0, 2, 3, 4, 5, 6, 7]",93.01580810546875,46.05963134765625,46.9561767578125,143,93.01580810546875,46.5748291015625,46.44097900390625,141
2025-07-17T21:01:04.159530,2,31,"[0, 1, 2, 3, 4, 5, 6, 7]",93.01580810546875,46.05963134765625,46.9561767578125,143,93.01580810546875,46.5748291015625,46.44097900390625,141
2025-07-17T21:01:04.168126,3,31,"[0, 2, 3, 4, 5, 6, 7]",93.01580810546875,46.05963134765625,46.9561767578125,143,93.01580810546875,46.5748291015625,46.44097900390625,141
2025-07-17T21:01:04.174373,4,31,"[0, 2, 3, 4, 5, 6, 7]",93.01580810546875,46.05963134765625,46.9561767578125,143,93.01580810546875,46.5748291015625,46.44097900390625,141
2025-07-17T21:01:04.189027,0,0,"[0, 1, 2, 3, 4, 5, 6, 7]",93.01580810546875,46.05963134765625,46.9561767578125,143,93.01580810546875,46.5748291015625,46.44097900390625,141
2025-07-17T21:01:04.192005,1,0,"[0, 2, 3, 5, 6, 7]",93.01580810546875,46.05963134765625,46.9561767578125,143,93.01580810546875,46.5748291015625,46.44097900390625,141
2025-07-17T21:01:04.203578,2,0,"[0, 1, 2, 3, 4, 5, 6, 7]",93.01580810546875,46.05963134765625,46.9561767578125,143,93.01580810546875,46.5748291015625,46.44097900390625,141
2025-07-17T21:01:04.211650,3,0,"[0, 2, 3, 5, 6, 7]",93.01580810546875,46.05963134765625,46.9561767578125,143,93.01580810546875,46.5748291015625,46.44097900390625,141
2025-07-17T21:01:04.218599,4,0,"[0, 2, 3, 5, 6, 7]",93.01580810546875,46.05963134765625,46.9561767578125,143,93.01580810546875,46.5748291015625,46.44097900390625,141
2025-07-17T21:01:04.225398,0,1,"[0, 1, 2, 3, 4, 5, 6, 7]",93.01580810546875,46.05963134765625,46.9561767578125,143,93.01580810546875,46.5748291015625,46.44097900390625,141
2025-07-17T21:01:04.232424,1,1,"[0, 1, 2, 3, 4, 5, 6, 7]",93.01580810546875,46.05963134765625,46.9561767578125,143,93.01580810546875,46.5748291015625,46.44097900390625,141
2025-07-17T21:01:04.239345,2,1,"[0, 1, 2, 3, 4, 5, 6, 7]",93.01580810546875,46.05963134765625,46.9561767578125,143,93.01580810546875,46.5748291015625,46.44097900390625,141
2025-07-17T21:01:04.245977,3,1,"[0, 1, 2, 3, 4, 5, 6, 7]",93.01580810546875,46.05963134765625,46.9561767578125,143,93.01580810546875,46.5748291015625,46.44097900390625,141
2025-07-17T21:01:04.253096,4,1,"[0, 1, 2, 3, 4, 5, 6, 7]",93.01580810546875,46.05963134765625,46.9561767578125,143,93.01580810546875,46.5748291015625,46.44097900390625,141
2025-07-17T21:01:04.260289,0,2,"[0, 1, 2, 3, 4, 5, 6, 7]",93.01580810546875,46.05963134765625,46.9561767578125,143,93.01580810546875,46.5748291015625,46.44097900390625,141
2025-07-17T21:01:04.267159,1,2,"[0, 1, 2, 3, 4, 5, 7]",93.01580810546875,46.05963134765625,46.9561767578125,143,93.01580810546875,46.5748291015625,46.44097900390625,141
2025-07-17T21:01:04.274180,2,2,"[0, 1, 2, 3, 4, 5, 6, 7]",93.01580810546875,46.05963134765625,46.9561767578125,143,93.01580810546875,46.5748291015625,46.44097900390625,141
2025-07-17T21:01:04.276635,3,2,"[0, 1, 2, 3, 4, 5, 7]",93.01580810546875,46.05963134765625,46.9561767578125,143,93.01580810546875,46.5748291015625,46.44097900390625,141
2025-07-17T21:01:04.287366,4,2,"[0, 1, 2, 3, 4, 5, 7]",93.01580810546875,46.05963134765625,46.9561767578125,143,93.01580810546875,46.5748291015625,46.44097900390625,141
2025-07-17T21:01:04.294706,0,3,"[0, 1, 2, 3, 4, 5, 6, 7]",93.01580810546875,46.05963134765625,46.9561767578125,143,93.01580810546875,46.5748291015625,46.44097900390625,141
2025-07-17T21:01:04.301370,1,3,"[1, 2, 3, 4, 5, 6, 7]",93.01580810546875,46.05963134765625,46.9561767578125,143,93.01580810546875,46.5748291015625,46.44097900390625,141
2025-07-17T21:01:04.308451,2,3,"[0, 1, 3, 4, 5, 6, 7]",93.01580810546875,46.05963134765625,46.9561767578125,143,93.01580810546875,46.5748291015625,46.44097900390625,141
2025-07-17T21:01:04.314553,3,3,"[1, 2, 3, 4, 5, 6, 7]",93.01580810546875,46.05963134765625,46.9561767578125,143,93.01580810546875,46.5748291015625,46.44097900390625,141
2025-07-17T21:01:04.321339,4,3,"[1, 2, 3, 4, 5, 6, 7]",93.01580810546875,46.05963134765625,46.9561767578125,143,93.01580810546875,46.5748291015625,46.44097900390625,141
2025-07-17T21:01:04.328364,0,4,"[0, 1, 2, 3, 4, 5, 6, 7]",93.01580810546875,46.05963134765625,46.9561767578125,143,93.01580810546875,46.5748291015625,46.44097900390625,141
2025-07-17T21:01:04.335166,1,4,"[0, 1, 2, 3, 4, 5, 6]",93.01580810546875,46.05963134765625,46.9561767578125,143,93.01580810546875,46.5748291015625,46.44097900390625,141
2025-07-17T21:01:04.341828,2,4,"[0, 1, 2, 3, 4, 5, 6]",93.01580810546875,46.05963134765625,46.9561767578125,143,93.01580810546875,46.5748291015625,46.44097900390625,141
2025-07-17T21:01:04.349102,3,4,"[0, 1, 2, 3, 4, 5, 6]",93.01580810546875,46.05963134765625,46.9561767578125,143,93.01580810546875,46.5748291015625,46.44097900390625,141
2025-07-17T21:01:04.356074,4,4,"[0, 1, 2, 3, 4, 5, 6]",93.01580810546875,46.05963134765625,46.9561767578125,143,93.01580810546875,46.5748291015625,46.44097900390625,141
2025-07-17T21:01:04.363391,0,5,"[0, 1, 2, 3, 4, 5, 6, 7]",93.01580810546875,46.05963134765625,46.9561767578125,143,93.01580810546875,46.5748291015625,46.44097900390625,141
2025-07-17T21:01:04.370334,1,5,"[0, 1, 2, 3, 4, 5, 6, 7]",93.01580810546875,46.05963134765625,46.9561767578125,143,93.01580810546875,46.5748291015625,46.44097900390625,141
2025-07-17T21:01:04.377051,2,5,"[0, 1, 2, 3, 4, 5, 6, 7]",93.01580810546875,46.05963134765625,46.9561767578125,143,93.01580810546875,46.5748291015625,46.44097900390625,141
2025-07-17T21:01:04.384344,3,5,"[0, 1, 2, 3, 4, 5, 6, 7]",93.01580810546875,46.05963134765625,46.9561767578125,143,93.01580810546875,46.5748291015625,46.44097900390625,141
2025-07-17T21:01:04.391473,4,5,"[0, 1, 2, 3, 4, 5, 6, 7]",93.01580810546875,46.05963134765625,46.9561767578125,143,93.01580810546875,46.5748291015625,46.44097900390625,141
2025-07-17T21:01:04.398240,0,6,"[0, 1, 2, 3, 4, 5, 6, 7]",93.01580810546875,46.05963134765625,46.9561767578125,143,93.01580810546875,46.5748291015625,46.44097900390625,141
2025-07-17T21:01:04.405205,1,6,"[0, 1, 2, 3, 4, 5, 6, 7]",93.01580810546875,46.05963134765625,46.9561767578125,143,93.01580810546875,46.5748291015625,46.44097900390625,141
2025-07-17T21:01:04.411770,2,6,"[0, 1, 2, 3, 4, 6, 7]",93.01580810546875,46.05963134765625,46.9561767578125,143,93.01580810546875,46.5748291015625,46.44097900390625,141
2025-07-17T21:01:04.418991,3,6,"[0, 1, 2, 3, 4, 5, 6, 7]",93.01580810546875,46.05963134765625,46.9561767578125,143,93.01580810546875,46.5748291015625,46.44097900390625,141
2025-07-17T21:01:04.426870,4,6,"[0, 1, 2, 3, 4, 5, 6, 7]",93.01580810546875,46.05963134765625,46.9561767578125,143,93.01580810546875,46.5748291015625,46.44097900390625,141
2025-07-17T21:01:04.433973,0,7,"[1, 2, 3, 4, 5, 6, 7]",93.01580810546875,46.05963134765625,46.9561767578125,143,93.01580810546875,46.5748291015625,46.44097900390625,141
2025-07-17T21:01:04.440484,1,7,"[0, 1, 2, 3, 4, 5, 6, 7]",93.01580810546875,46.05963134765625,46.9561767578125,143,93.01580810546875,46.5748291015625,46.44097900390625,141
2025-07-17T21:01:04.448197,2,7,"[0, 1, 2, 3, 5, 6, 7]",93.01580810546875,46.05963134765625,46.9561767578125,143,93.01580810546875,46.5748291015625,46.44097900390625,141
2025-07-17T21:01:04.455225,3,7,"[0, 1, 2, 3, 4, 5, 6, 7]",93.01580810546875,46.05963134765625,46.9561767578125,143,93.01580810546875,46.5748291015625,46.44097900390625,141
2025-07-17T21:01:04.462205,4,7,"[0, 1, 2, 3, 4, 5, 6, 7]",93.01580810546875,46.05963134765625,46.9561767578125,143,93.01580810546875,46.5748291015625,46.44097900390625,141
2025-07-17T21:01:04.468899,0,8,"[0, 1, 2, 3, 4, 5, 6, 7]",93.01580810546875,46.05963134765625,46.9561767578125,143,93.01580810546875,46.5748291015625,46.44097900390625,141
2025-07-17T21:01:04.475318,1,8,"[0, 1, 2, 3, 4, 5, 6, 7]",93.01580810546875,46.05963134765625,46.9561767578125,143,93.01580810546875,46.5748291015625,46.44097900390625,141
2025-07-17T21:01:04.483044,2,8,"[1, 2, 3, 4, 5, 6, 7]",93.01580810546875,46.05963134765625,46.9561767578125,143,93.01580810546875,46.5748291015625,46.44097900390625,141
2025-07-17T21:01:04.489961,3,8,"[0, 1, 2, 3, 4, 5, 6, 7]",93.01580810546875,46.05963134765625,46.9561767578125,143,93.01580810546875,46.5748291015625,46.44097900390625,141
2025-07-17T21:01:04.497737,4,8,"[0, 1, 2, 3, 4, 5, 6, 7]",93.01580810546875,46.05963134765625,46.9561767578125,143,93.01580810546875,46.5748291015625,46.44097900390625,141
2025-07-17T21:01:04.504844,0,9,"[0, 1, 2, 3, 4, 5, 6, 7]",93.01580810546875,46.05963134765625,46.9561767578125,143,93.01580810546875,46.5748291015625,46.44097900390625,141
2025-07-17T21:01:04.511639,1,9,"[0, 1, 2, 4, 5, 6, 7]",93.01580810546875,46.05963134765625,46.9561767578125,143,93.01580810546875,46.5748291015625,46.44097900390625,141
2025-07-17T21:01:04.517887,2,9,"[0, 1, 2, 4, 5, 6, 7]",93.01580810546875,46.05963134765625,46.9561767578125,143,93.01580810546875,46.5748291015625,46.44097900390625,141
2025-07-17T21:01:04.524789,3,9,"[0, 1, 2, 4, 5, 6, 7]",93.01580810546875,46.05963134765625,46.9561767578125,143,93.01580810546875,46.5748291015625,46.44097900390625,141
2025-07-17T21:01:04.532184,4,9,"[0, 1, 2, 4, 5, 6, 7]",93.01580810546875,46.05963134765625,46.9561767578125,143,93.01580810546875,46.5748291015625,46.44097900390625,141
2025-07-17T21:01:04.538930,0,10,"[0, 1, 2, 3, 4, 5, 6, 7]",93.01580810546875,46.05963134765625,46.9561767578125,143,93.01580810546875,46.5748291015625,46.44097900390625,141
2025-07-17T21:01:04.546007,1,10,"[0, 1, 2, 3, 4, 5, 6, 7]",93.01580810546875,46.05963134765625,46.9561767578125,143,93.01580810546875,46.5748291015625,46.44097900390625,141
2025-07-17T21:01:04.553272,2,10,"[0, 1, 2, 3, 4, 5, 6, 7]",93.01580810546875,46.05963134765625,46.9561767578125,143,93.01580810546875,46.5748291015625,46.44097900390625,141
2025-07-17T21:01:04.560954,3,10,"[0, 1, 2, 3, 4, 5, 6, 7]",93.01580810546875,46.05963134765625,46.9561767578125,143,93.01580810546875,46.5748291015625,46.44097900390625,141
2025-07-17T21:01:04.567693,4,10,"[0, 1, 2, 3, 4, 5, 6, 7]",93.01580810546875,46.05963134765625,46.9561767578125,143,93.01580810546875,46.5748291015625,46.44097900390625,141
2025-07-17T21:01:04.574731,0,11,"[0, 1, 2, 3, 4, 5, 6, 7]",93.01580810546875,46.05963134765625,46.9561767578125,143,93.01580810546875,46.5748291015625,46.44097900390625,141
2025-07-17T21:01:04.581720,1,11,"[0, 1, 2, 4, 5, 6, 7]",93.01580810546875,46.05963134765625,46.9561767578125,143,93.01580810546875,46.5748291015625,46.44097900390625,141
2025-07-17T21:01:04.588242,2,11,"[0, 1, 2, 3, 4, 5, 6, 7]",93.01580810546875,46.05963134765625,46.9561767578125,143,93.01580810546875,46.5748291015625,46.44097900390625,141
2025-07-17T21:01:04.595133,3,11,"[0, 1, 2, 4, 5, 6, 7]",93.01580810546875,46.05963134765625,46.9561767578125,143,93.01580810546875,46.5748291015625,46.44097900390625,141
2025-07-17T21:01:04.601538,4,11,"[0, 1, 2, 4, 5, 6, 7]",93.01580810546875,46.05963134765625,46.9561767578125,143,93.01580810546875,46.5748291015625,46.44097900390625,141
2025-07-17T21:01:04.608580,0,12,"[0, 1, 2, 3, 4, 5, 6, 7]",93.01580810546875,46.05963134765625,46.9561767578125,143,93.01580810546875,46.5748291015625,46.44097900390625,141
2025-07-17T21:01:04.615262,1,12,"[0, 1, 2, 3, 4, 5, 6]",93.01580810546875,46.05963134765625,46.9561767578125,143,93.01580810546875,46.5748291015625,46.44097900390625,141
2025-07-17T21:01:04.622576,2,12,"[0, 1, 2, 3, 4, 5, 6, 7]",93.01580810546875,46.05963134765625,46.9561767578125,143,93.01580810546875,46.5748291015625,46.44097900390625,141
2025-07-17T21:01:04.629178,3,12,"[0, 1, 2, 3, 4, 5, 6]",93.01580810546875,46.05963134765625,46.9561767578125,143,93.01580810546875,46.5748291015625,46.44097900390625,141
2025-07-17T21:01:04.635997,4,12,"[0, 1, 2, 3, 4, 5, 6]",93.01580810546875,46.05963134765625,46.9561767578125,143,93.01580810546875,46.5748291015625,46.44097900390625,141
2025-07-17T21:01:04.643367,0,13,"[0, 1, 2, 3, 4, 5, 6, 7]",93.01580810546875,46.05963134765625,46.9561767578125,143,93.01580810546875,46.5748291015625,46.44097900390625,141
2025-07-17T21:01:04.650509,1,13,"[0, 1, 2, 3, 4, 5, 6, 7]",93.01580810546875,46.05963134765625,46.9561767578125,143,93.01580810546875,46.5748291015625,46.44097900390625,141
2025-07-17T21:01:04.658181,2,13,"[0, 1, 2, 3, 5, 6, 7]",93.01580810546875,46.05963134765625,46.9561767578125,143,93.01580810546875,46.5748291015625,46.44097900390625,141
2025-07-17T21:01:04.665495,3,13,"[0, 1, 2, 3, 4, 5, 6, 7]",93.01580810546875,46.05963134765625,46.9561767578125,143,93.01580810546875,46.5748291015625,46.44097900390625,141
2025-07-17T21:01:04.672688,4,13,"[0, 1, 2, 3, 4, 5, 6, 7]",93.01580810546875,46.05963134765625,46.9561767578125,143,93.01580810546875,46.5748291015625,46.44097900390625,141
2025-07-17T21:01:04.679328,0,14,"[0, 1, 2, 3, 4, 5, 6, 7]",93.01580810546875,46.05963134765625,46.9561767578125,143,93.01580810546875,46.5748291015625,46.44097900390625,141
2025-07-17T21:01:04.686569,1,14,"[0, 3, 4, 5, 6, 7]",93.01580810546875,46.05963134765625,46.9561767578125,143,93.01580810546875,46.5748291015625,46.44097900390625,141
2025-07-17T21:01:04.693909,2,14,"[0, 1, 2, 3, 4, 5, 6, 7]",93.01580810546875,46.05963134765625,46.9561767578125,143,93.01580810546875,46.5748291015625,46.44097900390625,141
2025-07-17T21:01:04.696196,3,14,"[0, 3, 4, 5, 6, 7]",93.01580810546875,46.05963134765625,46.9561767578125,143,93.01580810546875,46.5748291015625,46.44097900390625,141
2025-07-17T21:01:04.706567,4,14,"[0, 3, 4, 5, 6, 7]",93.01580810546875,46.05963134765625,46.9561767578125,143,93.01580810546875,46.5748291015625,46.44097900390625,141
2025-07-17T21:01:04.712996,0,15,"[0, 1, 2, 3, 4, 5, 6, 7]",93.01580810546875,46.05963134765625,46.9561767578125,143,93.01580810546875,46.5748291015625,46.44097900390625,141
2025-07-17T21:01:04.721245,1,15,"[0, 1, 2, 3, 4, 5, 6, 7]",93.01580810546875,46.05963134765625,46.9561767578125,143,93.01580810546875,46.5748291015625,46.44097900390625,141
2025-07-17T21:01:04.723313,2,15,"[0, 1, 2, 3, 4, 5, 6, 7]",93.01580810546875,46.05963134765625,46.9561767578125,143,93.01580810546875,46.5748291015625,46.44097900390625,141
2025-07-17T21:01:04.730043,3,15,"[0, 1, 2, 3, 4, 5, 6, 7]",93.01580810546875,46.05963134765625,46.9561767578125,143,93.01580810546875,46.5748291015625,46.44097900390625,141
2025-07-17T21:01:04.736869,4,15,"[0, 1, 2, 3, 4, 5, 6, 7]",93.01580810546875,46.05963134765625,46.9561767578125,143,93.01580810546875,46.5748291015625,46.44097900390625,141
2025-07-17T21:01:04.743739,0,16,"[0, 1, 2, 3, 4, 5, 6, 7]",93.01580810546875,46.05963134765625,46.9561767578125,143,93.01580810546875,46.5748291015625,46.44097900390625,141
2025-07-17T21:01:04.750543,1,16,"[0, 1, 2, 3, 4, 5, 6, 7]",93.01580810546875,46.05963134765625,46.9561767578125,143,93.01580810546875,46.5748291015625,46.44097900390625,141
2025-07-17T21:01:04.757822,2,16,"[0, 1, 2, 3, 4, 5, 6, 7]",93.01580810546875,46.05963134765625,46.9561767578125,143,93.01580810546875,46.5748291015625,46.44097900390625,141
2025-07-17T21:01:04.764532,3,16,"[0, 1, 2, 3, 4, 5, 6, 7]",93.01580810546875,46.05963134765625,46.9561767578125,143,93.01580810546875,46.5748291015625,46.44097900390625,141
2025-07-17T21:01:04.770743,4,16,"[0, 1, 2, 3, 4, 5, 6, 7]",93.01580810546875,46.05963134765625,46.9561767578125,143,93.01580810546875,46.5748291015625,46.44097900390625,141
2025-07-17T21:01:04.778631,0,17,"[0, 1, 2, 3, 4, 5, 6, 7]",93.01580810546875,46.05963134765625,46.9561767578125,143,93.01580810546875,46.5748291015625,46.44097900390625,141
2025-07-17T21:01:04.785259,1,17,"[0, 1, 2, 3, 4, 5, 6, 7]",93.01580810546875,46.05963134765625,46.9561767578125,143,93.01580810546875,46.5748291015625,46.44097900390625,141
2025-07-17T21:01:04.796180,2,17,"[0, 1, 2, 3, 4, 5, 6, 7]",93.01580810546875,46.05963134765625,46.9561767578125,143,93.01580810546875,46.5748291015625,46.44097900390625,141
2025-07-17T21:01:04.803786,3,17,"[0, 1, 2, 3, 4, 5, 6, 7]",93.01580810546875,46.05963134765625,46.9561767578125,143,93.01580810546875,46.5748291015625,46.44097900390625,141
2025-07-17T21:01:04.806347,4,17,"[0, 1, 2, 3, 4, 5, 6, 7]",93.01580810546875,46.05963134765625,46.9561767578125,143,93.01580810546875,46.5748291015625,46.44097900390625,141
2025-07-17T21:01:04.813599,0,18,"[0, 1, 2, 3, 4, 5, 6, 7]",93.01580810546875,46.05963134765625,46.9561767578125,143,93.01580810546875,46.5748291015625,46.44097900390625,141
2025-07-17T21:01:04.820810,1,18,"[0, 1, 2, 3, 4, 5, 6, 7]",93.01580810546875,46.05963134765625,46.9561767578125,143,93.01580810546875,46.5748291015625,46.44097900390625,141
2025-07-17T21:01:04.827421,2,18,"[0, 1, 2, 3, 4, 5, 6, 7]",93.01580810546875,46.05963134765625,46.9561767578125,143,93.01580810546875,46.5748291015625,46.44097900390625,141
2025-07-17T21:01:04.834681,3,18,"[0, 1, 2, 3, 4, 5, 6, 7]",93.01580810546875,46.05963134765625,46.9561767578125,143,93.01580810546875,46.5748291015625,46.44097900390625,141
2025-07-17T21:01:04.842955,4,18,"[0, 1, 2, 3, 4, 5, 6, 7]",93.01580810546875,46.05963134765625,46.9561767578125,143,93.01580810546875,46.5748291015625,46.44097900390625,141
2025-07-17T21:01:04.849999,0,19,"[0, 1, 2, 3, 4, 5, 6, 7]",93.01580810546875,46.05963134765625,46.9561767578125,143,93.01580810546875,46.5748291015625,46.44097900390625,141
2025-07-17T21:01:04.856628,1,19,"[0, 1, 2, 3, 4, 5, 6, 7]",93.01580810546875,46.05963134765625,46.9561767578125,143,93.01580810546875,46.5748291015625,46.44097900390625,141
2025-07-17T21:01:04.866644,2,19,"[0, 1, 2, 3, 4, 5, 6, 7]",93.01580810546875,46.05963134765625,46.9561767578125,143,93.01580810546875,46.5748291015625,46.44097900390625,141
2025-07-17T21:01:04.869482,3,19,"[0, 1, 2, 3, 4, 5, 6, 7]",93.01580810546875,46.05963134765625,46.9561767578125,143,93.01580810546875,46.5748291015625,46.44097900390625,141
2025-07-17T21:01:04.875737,4,19,"[0, 1, 2, 3, 4, 5, 6, 7]",93.01580810546875,46.05963134765625,46.9561767578125,143,93.01580810546875,46.5748291015625,46.44097900390625,141
2025-07-17T21:01:04.882917,0,20,"[0, 1, 2, 3, 4, 5, 6, 7]",93.01580810546875,46.05963134765625,46.9561767578125,143,93.01580810546875,46.5748291015625,46.44097900390625,141
2025-07-17T21:01:04.894000,1,20,"[0, 1, 2, 3, 4, 5, 6, 7]",93.01580810546875,46.05963134765625,46.9561767578125,143,93.01580810546875,46.5748291015625,46.44097900390625,141
2025-07-17T21:01:04.896329,2,20,"[0, 1, 2, 3, 4, 5, 6, 7]",93.01580810546875,46.05963134765625,46.9561767578125,143,93.01580810546875,46.5748291015625,46.44097900390625,141
2025-07-17T21:01:04.902862,3,20,"[0, 1, 2, 3, 4, 5, 6, 7]",93.01580810546875,46.05963134765625,46.9561767578125,143,93.01580810546875,46.5748291015625,46.44097900390625,141
2025-07-17T21:01:04.914903,4,20,"[0, 1, 2, 3, 4, 5, 6, 7]",93.01580810546875,46.05963134765625,46.9561767578125,143,93.01580810546875,46.5748291015625,46.44097900390625,141
2025-07-17T21:01:04.923314,0,21,"[0, 1, 2, 3, 4, 5, 6, 7]",93.01580810546875,46.05963134765625,46.9561767578125,143,93.01580810546875,46.5748291015625,46.44097900390625,141
2025-07-17T21:01:04.925764,1,21,"[0, 1, 2, 3, 4, 5, 6, 7]",93.01580810546875,46.05963134765625,46.9561767578125,143,93.01580810546875,46.5748291015625,46.44097900390625,141
2025-07-17T21:01:04.938204,2,21,"[0, 1, 2, 3, 4, 5, 6, 7]",93.01580810546875,46.05963134765625,46.9561767578125,143,93.01580810546875,46.5748291015625,46.44097900390625,141
2025-07-17T21:01:04.945188,3,21,"[0, 1, 2, 3, 4, 5, 6, 7]",93.01580810546875,46.05963134765625,46.9561767578125,143,93.01580810546875,46.5748291015625,46.44097900390625,141
2025-07-17T21:01:04.951966,4,21,"[0, 1, 2, 3, 4, 5, 6, 7]",93.01580810546875,46.05963134765625,46.9561767578125,143,93.01580810546875,46.5748291015625,46.44097900390625,141
2025-07-17T21:01:04.959057,0,22,"[0, 1, 2, 3, 4, 5, 6, 7]",93.01580810546875,46.05963134765625,46.9561767578125,143,93.01580810546875,46.5748291015625,46.44097900390625,141
2025-07-17T21:01:04.965521,1,22,"[1, 2, 3, 4, 5, 6, 7]",93.01580810546875,46.05963134765625,46.9561767578125,143,93.01580810546875,46.5748291015625,46.44097900390625,141
2025-07-17T21:01:04.973048,2,22,"[0, 1, 2, 3, 4, 5, 6, 7]",93.01580810546875,46.05963134765625,46.9561767578125,143,93.01580810546875,46.5748291015625,46.44097900390625,141
2025-07-17T21:01:04.980485,3,22,"[1, 2, 3, 4, 5, 6, 7]",93.01580810546875,46.05963134765625,46.9561767578125,143,93.01580810546875,46.5748291015625,46.44097900390625,141
2025-07-17T21:01:04.987633,4,22,"[1, 2, 3, 4, 5, 6, 7]",93.01580810546875,46.05963134765625,46.9561767578125,143,93.01580810546875,46.5748291015625,46.44097900390625,141
2025-07-17T21:01:04.994960,0,23,"[0, 1, 2, 3, 4, 5, 6, 7]",93.01580810546875,46.05963134765625,46.9561767578125,143,93.01580810546875,46.5748291015625,46.44097900390625,141
2025-07-17T21:01:05.001660,1,23,"[0, 1, 2, 3, 4, 5, 6]",93.01580810546875,46.05963134765625,46.9561767578125,143,93.01580810546875,46.5748291015625,46.44097900390625,141
2025-07-17T21:01:05.008772,2,23,"[0, 1, 2, 3, 4, 5, 6, 7]",93.01580810546875,46.05963134765625,46.9561767578125,143,93.01580810546875,46.5748291015625,46.44097900390625,141
2025-07-17T21:01:05.012666,3,23,"[0, 1, 2, 3, 4, 5, 6]",93.01580810546875,46.05963134765625,46.9561767578125,143,93.01580810546875,46.5748291015625,46.44097900390625,141
2025-07-17T21:01:05.023542,4,23,"[0, 1, 2, 3, 4, 5, 6]",93.01580810546875,46.05963134765625,46.9561767578125,143,93.01580810546875,46.5748291015625,46.44097900390625,141
2025-07-17T21:01:05.030414,0,24,"[0, 1, 2, 3, 4, 5, 6, 7]",93.01580810546875,46.05963134765625,46.9561767578125,143,93.01580810546875,46.5748291015625,46.44097900390625,141
2025-07-17T21:01:05.037589,1,24,"[0, 1, 3, 4, 5, 6, 7]",93.01580810546875,46.05963134765625,46.9561767578125,143,93.01580810546875,46.5748291015625,46.44097900390625,141
2025-07-17T21:01:05.044442,2,24,"[0, 1, 2, 3, 4, 5, 6, 7]",93.01580810546875,46.05963134765625,46.9561767578125,143,93.01580810546875,46.5748291015625,46.44097900390625,141
2025-07-17T21:01:05.046879,3,24,"[0, 1, 3, 4, 5, 6, 7]",93.01580810546875,46.05963134765625,46.9561767578125,143,93.01580810546875,46.5748291015625,46.44097900390625,141
2025-07-17T21:01:05.053893,4,24,"[0, 1, 3, 4, 5, 6, 7]",93.01580810546875,46.05963134765625,46.9561767578125,143,93.01580810546875,46.5748291015625,46.44097900390625,141
2025-07-17T21:01:05.061263,0,25,"[0, 1, 2, 3, 4, 5, 6, 7]",93.01580810546875,46.05963134765625,46.9561767578125,143,93.01580810546875,46.5748291015625,46.44097900390625,141
2025-07-17T21:01:05.068866,1,25,"[0, 1, 2, 3, 4, 5, 6, 7]",93.01580810546875,46.05963134765625,46.9561767578125,143,93.01580810546875,46.5748291015625,46.44097900390625,141
2025-07-17T21:01:05.074822,2,25,"[0, 1, 2, 3, 4, 5, 6, 7]",93.01580810546875,46.05963134765625,46.9561767578125,143,93.01580810546875,46.5748291015625,46.44097900390625,141
2025-07-17T21:01:05.082535,3,25,"[0, 1, 2, 3, 4, 5, 6, 7]",93.01580810546875,46.05963134765625,46.9561767578125,143,93.01580810546875,46.5748291015625,46.44097900390625,141
2025-07-17T21:01:05.088401,4,25,"[0, 1, 2, 3, 4, 5, 6, 7]",93.01580810546875,46.05963134765625,46.9561767578125,143,93.01580810546875,46.5748291015625,46.44097900390625,141
2025-07-17T21:01:05.095538,0,26,"[0, 1, 2, 3, 4, 5, 6, 7]",93.01580810546875,46.05963134765625,46.9561767578125,143,93.01580810546875,46.5748291015625,46.44097900390625,141
2025-07-17T21:01:05.102028,1,26,"[0, 1, 2, 3, 4, 5, 6, 7]",93.01580810546875,46.05963134765625,46.9561767578125,143,93.01580810546875,46.5748291015625,46.44097900390625,141
2025-07-17T21:01:05.108671,2,26,"[0, 1, 2, 3, 4, 5, 6, 7]",93.01580810546875,46.05963134765625,46.9561767578125,143,93.01580810546875,46.5748291015625,46.44097900390625,141
2025-07-17T21:01:05.114914,3,26,"[0, 1, 2, 3, 4, 5, 6, 7]",93.01580810546875,46.05963134765625,46.9561767578125,143,93.01580810546875,46.5748291015625,46.44097900390625,141
2025-07-17T21:01:05.122596,4,26,"[0, 1, 2, 3, 4, 5, 6, 7]",93.01580810546875,46.05963134765625,46.9561767578125,143,93.01580810546875,46.5748291015625,46.44097900390625,141
2025-07-17T21:01:05.129332,0,27,"[0, 1, 2, 3, 4, 5, 6, 7]",93.01580810546875,46.05963134765625,46.9561767578125,143,93.01580810546875,46.5748291015625,46.44097900390625,141
2025-07-17T21:01:05.136725,1,27,"[0, 1, 2, 3, 4, 5, 6, 7]",93.01580810546875,46.05963134765625,46.9561767578125,143,93.01580810546875,46.5748291015625,46.44097900390625,141
2025-07-17T21:01:05.148109,2,27,"[0, 1, 2, 3, 4, 5, 6, 7]",93.01580810546875,46.05963134765625,46.9561767578125,143,93.01580810546875,46.5748291015625,46.44097900390625,141
2025-07-17T21:01:05.150511,3,27,"[0, 1, 2, 3, 4, 5, 6, 7]",93.01580810546875,46.05963134765625,46.9561767578125,143,93.01580810546875,46.5748291015625,46.44097900390625,141
2025-07-17T21:01:05.157630,4,27,"[0, 1, 2, 3, 4, 5, 6, 7]",93.01580810546875,46.05963134765625,46.9561767578125,143,93.01580810546875,46.5748291015625,46.44097900390625,141
2025-07-17T21:01:05.164251,0,28,"[0, 1, 2, 3, 4, 5, 6, 7]",93.01580810546875,46.05963134765625,46.9561767578125,143,93.01580810546875,46.5748291015625,46.44097900390625,141
2025-07-17T21:01:05.177005,1,28,"[1, 2, 3, 4, 5, 6, 7]",93.01580810546875,46.05963134765625,46.9561767578125,143,93.01580810546875,46.5748291015625,46.44097900390625,141
2025-07-17T21:01:05.178910,2,28,"[0, 1, 2, 3, 4, 5, 6, 7]",93.01580810546875,46.05963134765625,46.9561767578125,143,93.01580810546875,46.5748291015625,46.44097900390625,141
2025-07-17T21:01:05.185843,3,28,"[1, 2, 3, 4, 5, 6, 7]",93.01580810546875,46.05963134765625,46.9561767578125,143,93.01580810546875,46.5748291015625,46.44097900390625,141
2025-07-17T21:01:05.192403,4,28,"[1, 2, 3, 4, 5, 6, 7]",93.01580810546875,46.05963134765625,46.9561767578125,143,93.01580810546875,46.5748291015625,46.44097900390625,141
2025-07-17T21:01:05.203741,0,29,"[0, 1, 2, 3, 4, 5, 6, 7]",93.01580810546875,46.05963134765625,46.9561767578125,143,93.01580810546875,46.5748291015625,46.44097900390625,141
2025-07-17T21:01:05.205542,1,29,"[0, 1, 2, 3, 4, 5, 7]",93.01580810546875,46.05963134765625,46.9561767578125,143,93.01580810546875,46.5748291015625,46.44097900390625,141
2025-07-17T21:01:05.217809,2,29,"[0, 1, 2, 3, 4, 5, 6, 7]",93.01580810546875,46.05963134765625,46.9561767578125,143,93.01580810546875,46.5748291015625,46.44097900390625,141
2025-07-17T21:01:05.219450,3,29,"[0, 1, 2, 3, 4, 5, 7]",93.01580810546875,46.05963134765625,46.9561767578125,143,93.01580810546875,46.5748291015625,46.44097900390625,141
2025-07-17T21:01:05.226188,4,29,"[0, 1, 2, 3, 4, 5, 7]",93.01580810546875,46.05963134765625,46.9561767578125,143,93.01580810546875,46.5748291015625,46.44097900390625,141
2025-07-17T21:01:05.233225,0,30,"[0, 1, 2, 3, 4, 5, 6, 7]",93.01580810546875,46.05963134765625,46.9561767578125,143,93.01580810546875,46.5748291015625,46.44097900390625,141
2025-07-17T21:01:05.239621,1,30,"[0, 2, 3, 4, 5, 6, 7]",93.01580810546875,46.05963134765625,46.9561767578125,143,93.01580810546875,46.5748291015625,46.44097900390625,141
2025-07-17T21:01:05.246329,2,30,"[0, 1, 2, 3, 4, 5, 7]",93.01580810546875,46.05963134765625,46.9561767578125,143,93.01580810546875,46.5748291015625,46.44097900390625,141
2025-07-17T21:01:05.258958,3,30,"[0, 2, 3, 4, 5, 6, 7]",93.01580810546875,46.05963134765625,46.9561767578125,143,93.01580810546875,46.5748291015625,46.44097900390625,141
2025-07-17T21:01:05.261026,4,30,"[0, 2, 3, 4, 5, 6, 7]",93.01580810546875,46.05963134765625,46.9561767578125,143,93.01580810546875,46.5748291015625,46.44097900390625,141
2025-07-17T21:01:05.268692,0,31,"[0, 1, 2, 3, 4, 5, 7]",93.01580810546875,46.05963134765625,46.9561767578125,143,93.01580810546875,46.5748291015625,46.44097900390625,141
2025-07-17T21:01:05.275847,1,31,"[0, 1, 2, 4, 5, 7]",93.01580810546875,46.05963134765625,46.9561767578125,143,93.01580810546875,46.5748291015625,46.44097900390625,141
2025-07-17T21:01:05.289694,2,31,"[0, 1, 2, 3, 4, 5, 6, 7]",93.01580810546875,46.05963134765625,46.9561767578125,143,93.01580810546875,46.5748291015625,46.44097900390625,141
2025-07-17T21:01:05.298826,3,31,"[0, 1, 2, 4, 5, 7]",93.01580810546875,46.05963134765625,46.9561767578125,143,93.01580810546875,46.5748291015625,46.44097900390625,141
2025-07-17T21:01:05.301309,4,31,"[0, 1, 2, 4, 5, 7]",93.01580810546875,46.05963134765625,46.9561767578125,143,93.01580810546875,46.5748291015625,46.44097900390625,141
2025-07-17T21:01:05.316103,0,0,"[0, 1, 2, 3, 4, 5, 6, 7]",93.01580810546875,46.05963134765625,46.9561767578125,143,93.01580810546875,46.5748291015625,46.44097900390625,141
2025-07-17T21:01:05.323854,1,0,"[0, 1, 2, 3, 4, 5, 6, 7]",93.01580810546875,46.05963134765625,46.9561767578125,143,93.01580810546875,46.5748291015625,46.44097900390625,141
2025-07-17T21:01:05.331503,2,0,"[0, 1, 2, 3, 4, 5, 6, 7]",93.01580810546875,46.05963134765625,46.9561767578125,143,93.01580810546875,46.5748291015625,46.44097900390625,141
2025-07-17T21:01:05.339918,3,0,"[0, 1, 2, 3, 4, 5, 6, 7]",93.01580810546875,46.05963134765625,46.9561767578125,143,93.01580810546875,46.5748291015625,46.44097900390625,141
2025-07-17T21:01:05.346693,4,0,"[0, 1, 2, 3, 4, 5, 6, 7]",93.01580810546875,46.05963134765625,46.9561767578125,143,93.01580810546875,46.5748291015625,46.44097900390625,141
2025-07-17T21:01:05.354321,0,1,"[0, 1, 2, 3, 4, 5, 6, 7]",93.01580810546875,46.05963134765625,46.9561767578125,143,93.01580810546875,46.5748291015625,46.44097900390625,141
2025-07-17T21:01:05.361763,1,1,"[0, 1, 2, 3, 4, 5, 6, 7]",93.01580810546875,46.05963134765625,46.9561767578125,143,93.01580810546875,46.5748291015625,46.44097900390625,141
2025-07-17T21:01:05.364761,2,1,"[0, 1, 2, 4, 5, 6, 7]",93.01580810546875,46.05963134765625,46.9561767578125,143,93.01580810546875,46.5748291015625,46.44097900390625,141
2025-07-17T21:01:05.372001,3,1,"[0, 1, 2, 3, 4, 5, 6, 7]",93.01580810546875,46.05963134765625,46.9561767578125,143,93.01580810546875,46.5748291015625,46.44097900390625,141
2025-07-17T21:01:05.379278,4,1,"[0, 1, 2, 3, 4, 5, 6, 7]",93.01580810546875,46.05963134765625,46.9561767578125,143,93.01580810546875,46.5748291015625,46.44097900390625,141
2025-07-17T21:01:05.386213,0,2,"[0, 1, 2, 3, 4, 5, 6, 7]",93.01580810546875,46.05963134765625,46.9561767578125,143,93.01580810546875,46.5748291015625,46.44097900390625,141
2025-07-17T21:01:05.393029,1,2,"[0, 1, 2, 3, 4, 5, 6, 7]",93.01580810546875,46.05963134765625,46.9561767578125,143,93.01580810546875,46.5748291015625,46.44097900390625,141
2025-07-17T21:01:05.400507,2,2,"[0, 1, 2, 3, 4, 5, 6, 7]",93.01580810546875,46.05963134765625,46.9561767578125,143,93.01580810546875,46.5748291015625,46.44097900390625,141
2025-07-17T21:01:05.408162,3,2,"[0, 1, 2, 3, 4, 5, 6, 7]",93.01580810546875,46.05963134765625,46.9561767578125,143,93.01580810546875,46.5748291015625,46.44097900390625,141
2025-07-17T21:01:05.414839,4,2,"[0, 1, 2, 3, 4, 5, 6, 7]",93.01580810546875,46.05963134765625,46.9561767578125,143,93.01580810546875,46.5748291015625,46.44097900390625,141
2025-07-17T21:01:05.422108,0,3,"[0, 1, 2, 3, 4, 5, 6, 7]",93.01580810546875,46.05963134765625,46.9561767578125,143,93.01580810546875,46.5748291015625,46.44097900390625,141
2025-07-17T21:01:05.428809,1,3,"[0, 1, 2, 3, 4, 5, 6, 7]",93.01580810546875,46.05963134765625,46.9561767578125,143,93.01580810546875,46.5748291015625,46.44097900390625,141
2025-07-17T21:01:05.442377,2,3,"[0, 1, 2, 3, 4, 5, 6, 7]",93.01580810546875,46.05963134765625,46.9561767578125,143,93.01580810546875,46.5748291015625,46.44097900390625,141
2025-07-17T21:01:05.444169,3,3,"[0, 1, 2, 3, 4, 5, 6, 7]",93.01580810546875,46.05963134765625,46.9561767578125,143,93.01580810546875,46.5748291015625,46.44097900390625,141
2025-07-17T21:01:05.451232,4,3,"[0, 1, 2, 3, 4, 5, 6, 7]",93.01580810546875,46.05963134765625,46.9561767578125,143,93.01580810546875,46.5748291015625,46.44097900390625,141
2025-07-17T21:01:05.458277,0,4,"[0, 1, 2, 3, 4, 5, 6, 7]",93.01580810546875,46.05963134765625,46.9561767578125,143,93.01580810546875,46.5748291015625,46.44097900390625,141
2025-07-17T21:01:05.470792,1,4,"[0, 1, 2, 3, 4, 5, 6, 7]",93.01580810546875,46.05963134765625,46.9561767578125,143,93.01580810546875,46.5748291015625,46.44097900390625,141
2025-07-17T21:01:05.473092,2,4,"[0, 1, 2, 3, 4, 5, 6, 7]",93.01580810546875,46.05963134765625,46.9561767578125,143,93.01580810546875,46.5748291015625,46.44097900390625,141
2025-07-17T21:01:05.479661,3,4,"[0, 1, 2, 3, 4, 5, 6, 7]",93.01580810546875,46.05963134765625,46.9561767578125,143,93.01580810546875,46.5748291015625,46.44097900390625,141
2025-07-17T21:01:05.486141,4,4,"[0, 1, 2, 3, 4, 5, 6, 7]",93.01580810546875,46.05963134765625,46.9561767578125,143,93.01580810546875,46.5748291015625,46.44097900390625,141
2025-07-17T21:01:05.494617,0,5,"[0, 1, 2, 3, 4, 5, 6, 7]",93.01580810546875,46.05963134765625,46.9561767578125,143,93.01580810546875,46.5748291015625,46.44097900390625,141
2025-07-17T21:01:05.500603,1,5,"[0, 1, 2, 3, 4, 5, 6, 7]",93.01580810546875,46.05963134765625,46.9561767578125,143,93.01580810546875,46.5748291015625,46.44097900390625,141
2025-07-17T21:01:05.507476,2,5,"[0, 1, 2, 3, 4, 5, 6, 7]",93.01580810546875,46.05963134765625,46.9561767578125,143,93.01580810546875,46.5748291015625,46.44097900390625,141
2025-07-17T21:01:05.513424,3,5,"[0, 1, 2, 3, 4, 5, 6, 7]",93.01580810546875,46.05963134765625,46.9561767578125,143,93.01580810546875,46.5748291015625,46.44097900390625,141
2025-07-17T21:01:05.520572,4,5,"[0, 1, 2, 3, 4, 5, 6, 7]",93.01580810546875,46.05963134765625,46.9561767578125,143,93.01580810546875,46.5748291015625,46.44097900390625,141
2025-07-17T21:01:05.527534,0,6,"[0, 1, 2, 3, 4, 5, 6, 7]",93.01580810546875,46.05963134765625,46.9561767578125,143,93.01580810546875,46.5748291015625,46.44097900390625,141
2025-07-17T21:01:05.534063,1,6,"[0, 1, 2, 3, 4, 5, 6, 7]",93.01580810546875,46.05963134765625,46.9561767578125,143,93.01580810546875,46.5748291015625,46.44097900390625,141
2025-07-17T21:01:05.545957,2,6,"[0, 1, 2, 3, 4, 5, 6, 7]",93.01580810546875,46.05963134765625,46.9561767578125,143,93.01580810546875,46.5748291015625,46.44097900390625,141
2025-07-17T21:01:05.547765,3,6,"[0, 1, 2, 3, 4, 5, 6, 7]",93.01580810546875,46.05963134765625,46.9561767578125,143,93.01580810546875,46.5748291015625,46.44097900390625,141
2025-07-17T21:01:05.554880,4,6,"[0, 1, 2, 3, 4, 5, 6, 7]",93.01580810546875,46.05963134765625,46.9561767578125,143,93.01580810546875,46.5748291015625,46.44097900390625,141
2025-07-17T21:01:05.562285,0,7,"[0, 1, 2, 3, 4, 5, 6, 7]",93.01580810546875,46.05963134765625,46.9561767578125,143,93.01580810546875,46.5748291015625,46.44097900390625,141
2025-07-17T21:01:05.568380,1,7,"[0, 1, 2, 3, 4, 5, 6, 7]",93.01580810546875,46.05963134765625,46.9561767578125,143,93.01580810546875,46.5748291015625,46.44097900390625,141
2025-07-17T21:01:05.576434,2,7,"[1, 2, 3, 4, 5, 6, 7]",93.01580810546875,46.05963134765625,46.9561767578125,143,93.01580810546875,46.5748291015625,46.44097900390625,141
2025-07-17T21:01:05.583033,3,7,"[0, 1, 2, 3, 4, 5, 6, 7]",93.01580810546875,46.05963134765625,46.9561767578125,143,93.01580810546875,46.5748291015625,46.44097900390625,141
2025-07-17T21:01:05.589899,4,7,"[0, 1, 2, 3, 4, 5, 6, 7]",93.01580810546875,46.05963134765625,46.9561767578125,143,93.01580810546875,46.5748291015625,46.44097900390625,141
2025-07-17T21:01:05.597813,0,8,"[0, 1, 2, 3, 4, 5, 6, 7]",93.01580810546875,46.05963134765625,46.9561767578125,143,93.01580810546875,46.5748291015625,46.44097900390625,141
2025-07-17T21:01:05.604694,1,8,"[1, 2, 3, 4, 5, 6, 7]",93.01580810546875,46.05963134765625,46.9561767578125,143,93.01580810546875,46.5748291015625,46.44097900390625,141
2025-07-17T21:01:05.610952,2,8,"[0, 1, 2, 3, 4, 5, 6, 7]",93.01580810546875,46.05963134765625,46.9561767578125,143,93.01580810546875,46.5748291015625,46.44097900390625,141
2025-07-17T21:01:05.617873,3,8,"[1, 2, 3, 4, 5, 6, 7]",93.01580810546875,46.05963134765625,46.9561767578125,143,93.01580810546875,46.5748291015625,46.44097900390625,141
2025-07-17T21:01:05.624531,4,8,"[1, 2, 3, 4, 5, 6, 7]",93.01580810546875,46.05963134765625,46.9561767578125,143,93.01580810546875,46.5748291015625,46.44097900390625,141
2025-07-17T21:01:05.636055,0,9,"[0, 1, 2, 3, 4, 5, 6, 7]",93.01580810546875,46.05963134765625,46.9561767578125,143,93.01580810546875,46.5748291015625,46.44097900390625,141
2025-07-17T21:01:05.637954,1,9,"[0, 1, 2, 3, 4, 5, 6, 7]",93.01580810546875,46.05963134765625,46.9561767578125,143,93.01580810546875,46.5748291015625,46.44097900390625,141
2025-07-17T21:01:05.649498,2,9,"[0, 1, 2, 3, 4, 5, 6, 7]",93.01580810546875,46.05963134765625,46.9561767578125,143,93.01580810546875,46.5748291015625,46.44097900390625,141
2025-07-17T21:01:05.656669,3,9,"[0, 1, 2, 3, 4, 5, 6, 7]",93.01580810546875,46.05963134765625,46.9561767578125,143,93.01580810546875,46.5748291015625,46.44097900390625,141
2025-07-17T21:01:05.664054,4,9,"[0, 1, 2, 3, 4, 5, 6, 7]",93.01580810546875,46.05963134765625,46.9561767578125,143,93.01580810546875,46.5748291015625,46.44097900390625,141
2025-07-17T21:01:05.666057,0,10,"[0, 1, 2, 3, 4, 5, 6, 7]",93.01580810546875,46.05963134765625,46.9561767578125,143,93.01580810546875,46.5748291015625,46.44097900390625,141
2025-07-17T21:01:05.673393,1,10,"[0, 1, 2, 3, 4, 5, 6, 7]",93.01580810546875,46.05963134765625,46.9561767578125,143,93.01580810546875,46.5748291015625,46.44097900390625,141
2025-07-17T21:01:05.679445,2,10,"[0, 1, 2, 3, 4, 5, 6, 7]",93.01580810546875,46.05963134765625,46.9561767578125,143,93.01580810546875,46.5748291015625,46.44097900390625,141
2025-07-17T21:01:05.686121,3,10,"[0, 1, 2, 3, 4, 5, 6, 7]",93.01580810546875,46.05963134765625,46.9561767578125,143,93.01580810546875,46.5748291015625,46.44097900390625,141
2025-07-17T21:01:05.692551,4,10,"[0, 1, 2, 3, 4, 5, 6, 7]",93.01580810546875,46.05963134765625,46.9561767578125,143,93.01580810546875,46.5748291015625,46.44097900390625,141
2025-07-17T21:01:05.699105,0,11,"[0, 1, 2, 3, 4, 5, 6, 7]",93.01580810546875,46.05963134765625,46.9561767578125,143,93.01580810546875,46.5748291015625,46.44097900390625,141
2025-07-17T21:01:05.711587,1,11,"[0, 1, 2, 3, 4, 5, 6, 7]",93.01580810546875,46.05963134765625,46.9561767578125,143,93.01580810546875,46.5748291015625,46.44097900390625,141
2025-07-17T21:01:05.713678,2,11,"[0, 1, 2, 3, 4, 5, 6, 7]",93.01580810546875,46.05963134765625,46.9561767578125,143,93.01580810546875,46.5748291015625,46.44097900390625,141
2025-07-17T21:01:05.720697,3,11,"[0, 1, 2, 3, 4, 5, 6, 7]",93.01580810546875,46.05963134765625,46.9561767578125,143,93.01580810546875,46.5748291015625,46.44097900390625,141
2025-07-17T21:01:05.728101,4,11,"[0, 1, 2, 3, 4, 5, 6, 7]",93.01580810546875,46.05963134765625,46.9561767578125,143,93.01580810546875,46.5748291015625,46.44097900390625,141
2025-07-17T21:01:05.735242,0,12,"[0, 1, 2, 3, 4, 5, 6, 7]",93.01580810546875,46.05963134765625,46.9561767578125,143,93.01580810546875,46.5748291015625,46.44097900390625,141
2025-07-17T21:01:05.741460,1,12,"[0, 1, 3, 4, 5, 6, 7]",93.01580810546875,46.05963134765625,46.9561767578125,143,93.01580810546875,46.5748291015625,46.44097900390625,141
2025-07-17T21:01:05.747920,2,12,"[0, 1, 2, 3, 4, 5, 6, 7]",93.01580810546875,46.05963134765625,46.9561767578125,143,93.01580810546875,46.5748291015625,46.44097900390625,141
2025-07-17T21:01:05.755163,3,12,"[0, 1, 3, 4, 5, 6, 7]",93.01580810546875,46.05963134765625,46.9561767578125,143,93.01580810546875,46.5748291015625,46.44097900390625,141
2025-07-17T21:01:05.761706,4,12,"[0, 1, 3, 4, 5, 6, 7]",93.01580810546875,46.05963134765625,46.9561767578125,143,93.01580810546875,46.5748291015625,46.44097900390625,141
2025-07-17T21:01:05.773397,0,13,"[0, 1, 2, 3, 4, 5, 6, 7]",93.01580810546875,46.05963134765625,46.9561767578125,143,93.01580810546875,46.5748291015625,46.44097900390625,141
2025-07-17T21:01:05.775544,1,13,"[0, 1, 2, 3, 4, 5, 6, 7]",93.01580810546875,46.05963134765625,46.9561767578125,143,93.01580810546875,46.5748291015625,46.44097900390625,141
2025-07-17T21:01:05.782290,2,13,"[0, 1, 2, 3, 4, 5, 6, 7]",93.01580810546875,46.05963134765625,46.9561767578125,143,93.01580810546875,46.5748291015625,46.44097900390625,141
2025-07-17T21:01:05.789426,3,13,"[0, 1, 2, 3, 4, 5, 6, 7]",93.01580810546875,46.05963134765625,46.9561767578125,143,93.01580810546875,46.5748291015625,46.44097900390625,141
2025-07-17T21:01:05.796530,4,13,"[0, 1, 2, 3, 4, 5, 6, 7]",93.01580810546875,46.05963134765625,46.9561767578125,143,93.01580810546875,46.5748291015625,46.44097900390625,141
2025-07-17T21:01:05.804022,0,14,"[0, 1, 2, 3, 4, 5, 6, 7]",93.01580810546875,46.05963134765625,46.9561767578125,143,93.01580810546875,46.5748291015625,46.44097900390625,141
2025-07-17T21:01:05.810385,1,14,"[0, 1, 2, 3, 4, 5, 6]",93.01580810546875,46.05963134765625,46.9561767578125,143,93.01580810546875,46.5748291015625,46.44097900390625,141
2025-07-17T21:01:05.816760,2,14,"[0, 1, 2, 3, 4, 5, 6, 7]",93.01580810546875,46.05963134765625,46.9561767578125,143,93.01580810546875,46.5748291015625,46.44097900390625,141
2025-07-17T21:01:05.824246,3,14,"[0, 1, 2, 3, 4, 5, 6]",93.01580810546875,46.05963134765625,46.9561767578125,143,93.01580810546875,46.5748291015625,46.44097900390625,141
2025-07-17T21:01:05.831360,4,14,"[0, 1, 2, 3, 4, 5, 6]",93.01580810546875,46.05963134765625,46.9561767578125,143,93.01580810546875,46.5748291015625,46.44097900390625,141
2025-07-17T21:01:05.838526,0,15,"[0, 1, 2, 3, 4, 5, 6, 7]",93.01580810546875,46.05963134765625,46.9561767578125,143,93.01580810546875,46.5748291015625,46.44097900390625,141
2025-07-17T21:01:05.844907,1,15,"[0, 1, 2, 3, 4, 5, 7]",93.01580810546875,46.05963134765625,46.9561767578125,143,93.01580810546875,46.5748291015625,46.44097900390625,141
2025-07-17T21:01:05.852009,2,15,"[0, 1, 2, 3, 4, 5, 6, 7]",93.01580810546875,46.05963134765625,46.9561767578125,143,93.01580810546875,46.5748291015625,46.44097900390625,141
2025-07-17T21:01:05.858324,3,15,"[0, 1, 2, 3, 4, 5, 7]",93.01580810546875,46.05963134765625,46.9561767578125,143,93.01580810546875,46.5748291015625,46.44097900390625,141
2025-07-17T21:01:05.865270,4,15,"[0, 1, 2, 3, 4, 5, 7]",93.01580810546875,46.05963134765625,46.9561767578125,143,93.01580810546875,46.5748291015625,46.44097900390625,141
2025-07-17T21:01:05.872194,0,16,"[0, 1, 2, 3, 4, 5, 6, 7]",93.01580810546875,46.05963134765625,46.9561767578125,143,93.01580810546875,46.5748291015625,46.44097900390625,141
2025-07-17T21:01:05.883743,1,16,"[0, 1, 2, 3, 5, 6, 7]",93.01580810546875,46.05963134765625,46.9561767578125,143,93.01580810546875,46.5748291015625,46.44097900390625,141
2025-07-17T21:01:05.890605,2,16,"[0, 1, 2, 3, 4, 5, 6, 7]",93.01580810546875,46.05963134765625,46.9561767578125,143,93.01580810546875,46.5748291015625,46.44097900390625,141
2025-07-17T21:01:05.892815,3,16,"[0, 1, 2, 3, 5, 6, 7]",93.01580810546875,46.05963134765625,46.9561767578125,143,93.01580810546875,46.5748291015625,46.44097900390625,141
2025-07-17T21:01:05.900331,4,16,"[0, 1, 2, 3, 5, 6, 7]",93.01580810546875,46.05963134765625,46.9561767578125,143,93.01580810546875,46.5748291015625,46.44097900390625,141
2025-07-17T21:01:05.907312,0,17,"[0, 1, 2, 3, 4, 5, 6, 7]",93.01580810546875,46.05963134765625,46.9561767578125,143,93.01580810546875,46.5748291015625,46.44097900390625,141
2025-07-17T21:01:05.912897,1,17,"[0, 1, 3, 4, 5, 6, 7]",93.01580810546875,46.05963134765625,46.9561767578125,143,93.01580810546875,46.5748291015625,46.44097900390625,141
2025-07-17T21:01:05.920261,2,17,"[0, 1, 2, 3, 4, 5, 6, 7]",93.01580810546875,46.05963134765625,46.9561767578125,143,93.01580810546875,46.5748291015625,46.44097900390625,141
2025-07-17T21:01:05.927350,3,17,"[0, 1, 3, 4, 5, 6, 7]",93.01580810546875,46.05963134765625,46.9561767578125,143,93.01580810546875,46.5748291015625,46.44097900390625,141
2025-07-17T21:01:05.933557,4,17,"[0, 1, 3, 4, 5, 6, 7]",93.01580810546875,46.05963134765625,46.9561767578125,143,93.01580810546875,46.5748291015625,46.44097900390625,141
2025-07-17T21:01:05.939907,0,18,"[0, 1, 2, 3, 4, 5, 7]",93.01580810546875,46.05963134765625,46.9561767578125,143,93.01580810546875,46.5748291015625,46.44097900390625,141
2025-07-17T21:01:05.947731,1,18,"[0, 1, 2, 3, 4, 5, 6, 7]",93.01580810546875,46.05963134765625,46.9561767578125,143,93.01580810546875,46.5748291015625,46.44097900390625,141
2025-07-17T21:01:05.955129,2,18,"[0, 1, 2, 3, 4, 5, 6, 7]",93.01580810546875,46.05963134765625,46.9561767578125,143,93.01580810546875,46.5748291015625,46.44097900390625,141
2025-07-17T21:01:05.963239,3,18,"[0, 1, 2, 3, 4, 5, 6, 7]",93.01580810546875,46.05963134765625,46.9561767578125,143,93.01580810546875,46.5748291015625,46.44097900390625,141
2025-07-17T21:01:05.969791,4,18,"[0, 1, 2, 3, 4, 5, 6, 7]",93.01580810546875,46.05963134765625,46.9561767578125,143,93.01580810546875,46.5748291015625,46.44097900390625,141
2025-07-17T21:01:05.976901,0,19,"[0, 1, 2, 3, 4, 5, 6, 7]",93.01580810546875,46.05963134765625,46.9561767578125,143,93.01580810546875,46.5748291015625,46.44097900390625,141
2025-07-17T21:01:05.983857,1,19,"[0, 1, 2, 3, 4, 5, 6, 7]",93.01580810546875,46.05963134765625,46.9561767578125,143,93.01580810546875,46.5748291015625,46.44097900390625,141
2025-07-17T21:01:05.990150,2,19,"[0, 1, 2, 3, 4, 5, 6, 7]",93.01580810546875,46.05963134765625,46.9561767578125,143,93.01580810546875,46.5748291015625,46.44097900390625,141
2025-07-17T21:01:06.000873,3,19,"[0, 1, 2, 3, 4, 5, 6, 7]",93.01580810546875,46.05963134765625,46.9561767578125,143,93.01580810546875,46.5748291015625,46.44097900390625,141
2025-07-17T21:01:06.002845,4,19,"[0, 1, 2, 3, 4, 5, 6, 7]",93.01580810546875,46.05963134765625,46.9561767578125,143,93.01580810546875,46.5748291015625,46.44097900390625,141
2025-07-17T21:01:06.014243,0,20,"[0, 1, 2, 3, 4, 5, 6, 7]",93.01580810546875,46.05963134765625,46.9561767578125,143,93.01580810546875,46.5748291015625,46.44097900390625,141
2025-07-17T21:01:06.020903,1,20,"[0, 1, 2, 3, 4, 6, 7]",93.01580810546875,46.05963134765625,46.9561767578125,143,93.01580810546875,46.5748291015625,46.44097900390625,141
2025-07-17T21:01:06.028048,2,20,"[0, 1, 2, 3, 4, 5, 6, 7]",93.01580810546875,46.05963134765625,46.9561767578125,143,93.01580810546875,46.5748291015625,46.44097900390625,141
2025-07-17T21:01:06.034379,3,20,"[0, 1, 2, 3, 4, 6, 7]",93.01580810546875,46.05963134765625,46.9561767578125,143,93.01580810546875,46.5748291015625,46.44097900390625,141
2025-07-17T21:01:06.041562,4,20,"[0, 1, 2, 3, 4, 6, 7]",93.01580810546875,46.05963134765625,46.9561767578125,143,93.01580810546875,46.5748291015625,46.44097900390625,141
2025-07-17T21:01:06.048817,0,21,"[0, 1, 2, 3, 4, 5, 6, 7]",93.01580810546875,46.05963134765625,46.9561767578125,143,93.01580810546875,46.5748291015625,46.44097900390625,141
2025-07-17T21:01:06.055661,1,21,"[0, 1, 2, 3, 4, 5, 6, 7]",93.01580810546875,46.05963134765625,46.9561767578125,143,93.01580810546875,46.5748291015625,46.44097900390625,141
2025-07-17T21:01:06.062157,2,21,"[0, 1, 2, 3, 4, 5, 6, 7]",93.01580810546875,46.05963134765625,46.9561767578125,143,93.01580810546875,46.5748291015625,46.44097900390625,141
2025-07-17T21:01:06.069093,3,21,"[0, 1, 2, 3, 4, 5, 6, 7]",93.01580810546875,46.05963134765625,46.9561767578125,143,93.01580810546875,46.5748291015625,46.44097900390625,141
2025-07-17T21:01:06.076257,4,21,"[0, 1, 2, 3, 4, 5, 6, 7]",93.01580810546875,46.05963134765625,46.9561767578125,143,93.01580810546875,46.5748291015625,46.44097900390625,141
2025-07-17T21:01:06.082694,0,22,"[0, 1, 2, 3, 4, 5, 6, 7]",93.01580810546875,46.05963134765625,46.9561767578125,143,93.01580810546875,46.5748291015625,46.44097900390625,141
2025-07-17T21:01:06.089610,1,22,"[0, 1, 2, 3, 4, 5, 6, 7]",93.01580810546875,46.05963134765625,46.9561767578125,143,93.01580810546875,46.5748291015625,46.44097900390625,141
2025-07-17T21:01:06.096133,2,22,"[0, 1, 2, 3, 4, 5, 6, 7]",93.01580810546875,46.05963134765625,46.9561767578125,143,93.01580810546875,46.5748291015625,46.44097900390625,141
2025-07-17T21:01:06.101371,3,22,"[0, 1, 2, 3, 4, 5, 6, 7]",93.01580810546875,46.05963134765625,46.9561767578125,143,93.01580810546875,46.5748291015625,46.44097900390625,141
2025-07-17T21:01:06.111992,4,22,"[0, 1, 2, 3, 4, 5, 6, 7]",93.01580810546875,46.05963134765625,46.9561767578125,143,93.01580810546875,46.5748291015625,46.44097900390625,141
2025-07-17T21:01:06.118982,0,23,"[0, 1, 2, 3, 4, 5, 6, 7]",93.01580810546875,46.05963134765625,46.9561767578125,143,93.01580810546875,46.5748291015625,46.44097900390625,141
2025-07-17T21:01:06.125440,1,23,"[0, 1, 2, 3, 4, 5, 6, 7]",93.01580810546875,46.05963134765625,46.9561767578125,143,93.01580810546875,46.5748291015625,46.44097900390625,141
2025-07-17T21:01:06.131787,2,23,"[0, 1, 2, 3, 4, 5, 6, 7]",93.01580810546875,46.05963134765625,46.9561767578125,143,93.01580810546875,46.5748291015625,46.44097900390625,141
2025-07-17T21:01:06.138489,3,23,"[0, 1, 2, 3, 4, 5, 6, 7]",93.01580810546875,46.05963134765625,46.9561767578125,143,93.01580810546875,46.5748291015625,46.44097900390625,141
2025-07-17T21:01:06.145367,4,23,"[0, 1, 2, 3, 4, 5, 6, 7]",93.01580810546875,46.05963134765625,46.9561767578125,143,93.01580810546875,46.5748291015625,46.44097900390625,141
2025-07-17T21:01:06.151504,0,24,"[0, 1, 2, 3, 4, 5, 6, 7]",93.01580810546875,46.05963134765625,46.9561767578125,143,93.01580810546875,46.5748291015625,46.44097900390625,141
2025-07-17T21:01:06.157809,1,24,"[0, 1, 3, 4, 5, 6, 7]",93.01580810546875,46.05963134765625,46.9561767578125,143,93.01580810546875,46.5748291015625,46.44097900390625,141
2025-07-17T21:01:06.166421,2,24,"[0, 1, 2, 3, 4, 5, 6, 7]",93.01580810546875,46.05963134765625,46.9561767578125,143,93.01580810546875,46.5748291015625,46.44097900390625,141
2025-07-17T21:01:06.174119,3,24,"[0, 1, 3, 4, 5, 6, 7]",93.01580810546875,46.05963134765625,46.9561767578125,143,93.01580810546875,46.5748291015625,46.44097900390625,141
2025-07-17T21:01:06.181400,4,24,"[0, 1, 3, 4, 5, 6, 7]",93.01580810546875,46.05963134765625,46.9561767578125,143,93.01580810546875,46.5748291015625,46.44097900390625,141
2025-07-17T21:01:06.188284,0,25,"[0, 1, 2, 3, 4, 5, 6, 7]",93.01580810546875,46.05963134765625,46.9561767578125,143,93.01580810546875,46.5748291015625,46.44097900390625,141
2025-07-17T21:01:06.195495,1,25,"[0, 1, 2, 3, 4, 5, 6, 7]",93.01580810546875,46.05963134765625,46.9561767578125,143,93.01580810546875,46.5748291015625,46.44097900390625,141
2025-07-17T21:01:06.202585,2,25,"[0, 1, 2, 3, 4, 6, 7]",93.01580810546875,46.05963134765625,46.9561767578125,143,93.01580810546875,46.5748291015625,46.44097900390625,141
2025-07-17T21:01:06.209694,3,25,"[0, 1, 2, 3, 4, 5, 6, 7]",93.01580810546875,46.05963134765625,46.9561767578125,143,93.01580810546875,46.5748291015625,46.44097900390625,141
2025-07-17T21:01:06.216516,4,25,"[0, 1, 2, 3, 4, 5, 6, 7]",93.01580810546875,46.05963134765625,46.9561767578125,143,93.01580810546875,46.5748291015625,46.44097900390625,141
2025-07-17T21:01:06.224144,0,26,"[0, 1, 2, 3, 4, 5, 6, 7]",93.01580810546875,46.05963134765625,46.9561767578125,143,93.01580810546875,46.5748291015625,46.44097900390625,141
2025-07-17T21:01:06.231793,1,26,"[0, 1, 2, 3, 4, 5, 6, 7]",93.01580810546875,46.05963134765625,46.9561767578125,143,93.01580810546875,46.5748291015625,46.44097900390625,141
2025-07-17T21:01:06.233648,2,26,"[0, 1, 2, 3, 4, 5, 6, 7]",93.01580810546875,46.05963134765625,46.9561767578125,143,93.01580810546875,46.5748291015625,46.44097900390625,141
2025-07-17T21:01:06.240748,3,26,"[0, 1, 2, 3, 4, 5, 6, 7]",93.01580810546875,46.05963134765625,46.9561767578125,143,93.01580810546875,46.5748291015625,46.44097900390625,141
2025-07-17T21:01:06.247456,4,26,"[0, 1, 2, 3, 4, 5, 6, 7]",93.01580810546875,46.05963134765625,46.9561767578125,143,93.01580810546875,46.5748291015625,46.44097900390625,141
2025-07-17T21:01:06.254516,0,27,"[0, 1, 2, 3, 4, 5, 6, 7]",93.01580810546875,46.05963134765625,46.9561767578125,143,93.01580810546875,46.5748291015625,46.44097900390625,141
2025-07-17T21:01:06.262571,1,27,"[0, 1, 3, 4, 5, 6, 7]",93.01580810546875,46.05963134765625,46.9561767578125,143,93.01580810546875,46.5748291015625,46.44097900390625,141
2025-07-17T21:01:06.274558,2,27,"[0, 1, 2, 3, 4, 6, 7]",93.01580810546875,46.05963134765625,46.9561767578125,143,93.01580810546875,46.5748291015625,46.44097900390625,141
2025-07-17T21:01:06.276500,3,27,"[0, 1, 3, 4, 5, 6, 7]",93.01580810546875,46.05963134765625,46.9561767578125,143,93.01580810546875,46.5748291015625,46.44097900390625,141
2025-07-17T21:01:06.282886,4,27,"[0, 1, 3, 4, 5, 6, 7]",93.01580810546875,46.05963134765625,46.9561767578125,143,93.01580810546875,46.5748291015625,46.44097900390625,141
2025-07-17T21:01:06.295444,0,28,"[0, 1, 2, 3, 4, 5, 6, 7]",93.01580810546875,46.05963134765625,46.9561767578125,143,93.01580810546875,46.5748291015625,46.44097900390625,141
2025-07-17T21:01:06.297592,1,28,"[0, 1, 2, 3, 4, 5, 6, 7]",93.01580810546875,46.05963134765625,46.9561767578125,143,93.01580810546875,46.5748291015625,46.44097900390625,141
2025-07-17T21:01:06.305080,2,28,"[0, 1, 2, 3, 4, 5, 6, 7]",93.01580810546875,46.05963134765625,46.9561767578125,143,93.01580810546875,46.5748291015625,46.44097900390625,141
2025-07-17T21:01:06.312233,3,28,"[0, 1, 2, 3, 4, 5, 6, 7]",93.01580810546875,46.05963134765625,46.9561767578125,143,93.01580810546875,46.5748291015625,46.44097900390625,141
2025-07-17T21:01:06.319046,4,28,"[0, 1, 2, 3, 4, 5, 6, 7]",93.01580810546875,46.05963134765625,46.9561767578125,143,93.01580810546875,46.5748291015625,46.44097900390625,141
2025-07-17T21:01:06.326066,0,29,"[0, 1, 2, 3, 4, 5, 6, 7]",93.01580810546875,46.05963134765625,46.9561767578125,143,93.01580810546875,46.5748291015625,46.44097900390625,141
2025-07-17T21:01:06.338894,1,29,"[0, 1, 2, 3, 4, 5, 6, 7]",93.01580810546875,46.05963134765625,46.9561767578125,143,93.01580810546875,46.5748291015625,46.44097900390625,141
2025-07-17T21:01:06.345885,2,29,"[0, 1, 2, 3, 5, 6, 7]",93.01580810546875,46.05963134765625,46.9561767578125,143,93.01580810546875,46.5748291015625,46.44097900390625,141
2025-07-17T21:01:06.347842,3,29,"[0, 1, 2, 3, 4, 5, 6, 7]",93.01580810546875,46.05963134765625,46.9561767578125,143,93.01580810546875,46.5748291015625,46.44097900390625,141
2025-07-17T21:01:06.358943,4,29,"[0, 1, 2, 3, 4, 5, 6, 7]",93.01580810546875,46.05963134765625,46.9561767578125,143,93.01580810546875,46.5748291015625,46.44097900390625,141
2025-07-17T21:01:06.367049,0,30,"[0, 1, 2, 3, 4, 5, 6, 7]",93.01580810546875,46.05963134765625,46.9561767578125,143,93.01580810546875,46.5748291015625,46.44097900390625,141
2025-07-17T21:01:06.374089,1,30,"[0, 2, 3, 4, 5, 6, 7]",93.01580810546875,46.05963134765625,46.9561767578125,143,93.01580810546875,46.5748291015625,46.44097900390625,141
2025-07-17T21:01:06.381143,2,30,"[0, 2, 3, 4, 5, 6, 7]",93.01580810546875,46.05963134765625,46.9561767578125,143,93.01580810546875,46.5748291015625,46.44097900390625,141
2025-07-17T21:01:06.388689,3,30,"[0, 2, 3, 4, 5, 6, 7]",93.01580810546875,46.05963134765625,46.9561767578125,143,93.01580810546875,46.5748291015625,46.44097900390625,141
2025-07-17T21:01:06.395430,4,30,"[0, 2, 3, 4, 5, 6, 7]",93.01580810546875,46.05963134765625,46.9561767578125,143,93.01580810546875,46.5748291015625,46.44097900390625,141
2025-07-17T21:01:06.402923,0,31,"[0, 1, 2, 3, 4, 5, 6, 7]",93.01580810546875,46.05963134765625,46.9561767578125,143,93.01580810546875,46.5748291015625,46.44097900390625,141
2025-07-17T21:01:06.411764,1,31,"[0, 1, 2, 5, 6, 7]",93.01580810546875,46.05963134765625,46.9561767578125,143,93.01580810546875,46.5748291015625,46.44097900390625,141
2025-07-17T21:01:06.420001,2,31,"[0, 1, 2, 4, 5, 6, 7]",93.01580810546875,46.05963134765625,46.9561767578125,143,93.01580810546875,46.5748291015625,46.44097900390625,141
2025-07-17T21:01:06.427909,3,31,"[0, 1, 2, 5, 6, 7]",93.01580810546875,46.05963134765625,46.9561767578125,143,93.01580810546875,46.5748291015625,46.44097900390625,141
2025-07-17T21:01:06.431007,4,31,"[0, 1, 2, 5, 6, 7]",93.01580810546875,46.05963134765625,46.9561767578125,143,93.01580810546875,46.5748291015625,46.44097900390625,141
2025-07-17T21:01:06.442325,0,0,"[0, 1, 2, 3, 4, 5, 6, 7]",93.01580810546875,46.05963134765625,46.9561767578125,143,93.01580810546875,46.5748291015625,46.44097900390625,141
2025-07-17T21:01:06.448967,1,0,"[0, 1, 2, 3, 4, 5, 6, 7]",93.01580810546875,46.05963134765625,46.9561767578125,143,93.01580810546875,46.5748291015625,46.44097900390625,141
2025-07-17T21:01:06.455942,2,0,"[0, 1, 2, 3, 4, 5, 6, 7]",93.01580810546875,46.05963134765625,46.9561767578125,143,93.01580810546875,46.5748291015625,46.44097900390625,141
2025-07-17T21:01:06.462432,3,0,"[0, 1, 2, 3, 4, 5, 6, 7]",93.01580810546875,46.05963134765625,46.9561767578125,143,93.01580810546875,46.5748291015625,46.44097900390625,141
2025-07-17T21:01:06.468966,4,0,"[0, 1, 2, 3, 4, 5, 6, 7]",93.01580810546875,46.05963134765625,46.9561767578125,143,93.01580810546875,46.5748291015625,46.44097900390625,141
2025-07-17T21:01:06.476269,0,1,"[0, 1, 2, 3, 4, 5, 6, 7]",93.01580810546875,46.05963134765625,46.9561767578125,143,93.01580810546875,46.5748291015625,46.44097900390625,141
2025-07-17T21:01:06.487615,1,1,"[0, 1, 2, 3, 4, 5, 6, 7]",93.01580810546875,46.05963134765625,46.9561767578125,143,93.01580810546875,46.5748291015625,46.44097900390625,141
2025-07-17T21:01:06.494312,2,1,"[0, 1, 2, 4, 5, 6, 7]",93.01580810546875,46.05963134765625,46.9561767578125,143,93.01580810546875,46.5748291015625,46.44097900390625,141
2025-07-17T21:01:06.501259,3,1,"[0, 1, 2, 3, 4, 5, 6, 7]",93.01580810546875,46.05963134765625,46.9561767578125,143,93.01580810546875,46.5748291015625,46.44097900390625,141
2025-07-17T21:01:06.507775,4,1,"[0, 1, 2, 3, 4, 5, 6, 7]",93.01580810546875,46.05963134765625,46.9561767578125,143,93.01580810546875,46.5748291015625,46.44097900390625,141
2025-07-17T21:01:06.514448,0,2,"[0, 1, 2, 3, 4, 5, 6, 7]",93.01580810546875,46.05963134765625,46.9561767578125,143,93.01580810546875,46.5748291015625,46.44097900390625,141
2025-07-17T21:01:06.522277,1,2,"[0, 1, 2, 3, 4, 5, 6, 7]",93.01580810546875,46.05963134765625,46.9561767578125,143,93.01580810546875,46.5748291015625,46.44097900390625,141
2025-07-17T21:01:06.528736,2,2,"[0, 1, 2, 3, 4, 5, 6, 7]",93.01580810546875,46.05963134765625,46.9561767578125,143,93.01580810546875,46.5748291015625,46.44097900390625,141
2025-07-17T21:01:06.535420,3,2,"[0, 1, 2, 3, 4, 5, 6, 7]",93.01580810546875,46.05963134765625,46.9561767578125,143,93.01580810546875,46.5748291015625,46.44097900390625,141
2025-07-17T21:01:06.541955,4,2,"[0, 1, 2, 3, 4, 5, 6, 7]",93.01580810546875,46.05963134765625,46.9561767578125,143,93.01580810546875,46.5748291015625,46.44097900390625,141
2025-07-17T21:01:06.548372,0,3,"[0, 1, 2, 3, 4, 5, 6, 7]",93.01580810546875,46.05963134765625,46.9561767578125,143,93.01580810546875,46.5748291015625,46.44097900390625,141
2025-07-17T21:01:06.556143,1,3,"[0, 1, 2, 3, 4, 5, 6, 7]",93.01580810546875,46.05963134765625,46.9561767578125,143,93.01580810546875,46.5748291015625,46.44097900390625,141
2025-07-17T21:01:06.563089,2,3,"[0, 1, 2, 3, 4, 5, 6, 7]",93.01580810546875,46.05963134765625,46.9561767578125,143,93.01580810546875,46.5748291015625,46.44097900390625,141
2025-07-17T21:01:06.571184,3,3,"[0, 1, 2, 3, 4, 5, 6, 7]",93.01580810546875,46.05963134765625,46.9561767578125,143,93.01580810546875,46.5748291015625,46.44097900390625,141
2025-07-17T21:01:06.578018,4,3,"[0, 1, 2, 3, 4, 5, 6, 7]",93.01580810546875,46.05963134765625,46.9561767578125,143,93.01580810546875,46.5748291015625,46.44097900390625,141
2025-07-17T21:01:06.584558,0,4,"[0, 1, 2, 3, 4, 5, 6, 7]",93.01580810546875,46.05963134765625,46.9561767578125,143,93.01580810546875,46.5748291015625,46.44097900390625,141
2025-07-17T21:01:06.591408,1,4,"[0, 1, 2, 3, 4, 5, 6, 7]",93.01580810546875,46.05963134765625,46.9561767578125,143,93.01580810546875,46.5748291015625,46.44097900390625,141
2025-07-17T21:01:06.599130,2,4,"[0, 1, 2, 3, 4, 5, 6, 7]",93.01580810546875,46.05963134765625,46.9561767578125,143,93.01580810546875,46.5748291015625,46.44097900390625,141
2025-07-17T21:01:06.601358,3,4,"[0, 1, 2, 3, 4, 5, 6, 7]",93.01580810546875,46.05963134765625,46.9561767578125,143,93.01580810546875,46.5748291015625,46.44097900390625,141
2025-07-17T21:01:06.613103,4,4,"[0, 1, 2, 3, 4, 5, 6, 7]",93.01580810546875,46.05963134765625,46.9561767578125,143,93.01580810546875,46.5748291015625,46.44097900390625,141
2025-07-17T21:01:06.620771,0,5,"[0, 1, 2, 3, 4, 5, 6, 7]",93.01580810546875,46.05963134765625,46.9561767578125,143,93.01580810546875,46.5748291015625,46.44097900390625,141
2025-07-17T21:01:06.628142,1,5,"[0, 1, 2, 4, 5, 6, 7]",93.01580810546875,46.05963134765625,46.9561767578125,143,93.01580810546875,46.5748291015625,46.44097900390625,141
2025-07-17T21:01:06.636459,2,5,"[0, 1, 2, 3, 4, 5, 6, 7]",93.01580810546875,46.05963134765625,46.9561767578125,143,93.01580810546875,46.5748291015625,46.44097900390625,141
2025-07-17T21:01:06.638734,3,5,"[0, 1, 2, 4, 5, 6, 7]",93.01580810546875,46.05963134765625,46.9561767578125,143,93.01580810546875,46.5748291015625,46.44097900390625,141
2025-07-17T21:01:06.646119,4,5,"[0, 1, 2, 4, 5, 6, 7]",93.01580810546875,46.05963134765625,46.9561767578125,143,93.01580810546875,46.5748291015625,46.44097900390625,141
2025-07-17T21:01:06.652732,0,6,"[0, 1, 2, 3, 4, 5, 6, 7]",93.01580810546875,46.05963134765625,46.9561767578125,143,93.01580810546875,46.5748291015625,46.44097900390625,141
2025-07-17T21:01:06.659224,1,6,"[0, 2, 3, 4, 5, 6, 7]",93.01580810546875,46.05963134765625,46.9561767578125,143,93.01580810546875,46.5748291015625,46.44097900390625,141
2025-07-17T21:01:06.666728,2,6,"[0, 1, 2, 3, 4, 5, 6, 7]",93.01580810546875,46.05963134765625,46.9561767578125,143,93.01580810546875,46.5748291015625,46.44097900390625,141
2025-07-17T21:01:06.673489,3,6,"[0, 2, 3, 4, 5, 6, 7]",93.01580810546875,46.05963134765625,46.9561767578125,143,93.01580810546875,46.5748291015625,46.44097900390625,141
2025-07-17T21:01:06.679815,4,6,"[0, 2, 3, 4, 5, 6, 7]",93.01580810546875,46.05963134765625,46.9561767578125,143,93.01580810546875,46.5748291015625,46.44097900390625,141
2025-07-17T21:01:06.687497,0,7,"[0, 1, 2, 3, 4, 5, 6, 7]",93.01580810546875,46.05963134765625,46.9561767578125,143,93.01580810546875,46.5748291015625,46.44097900390625,141
2025-07-17T21:01:06.693536,1,7,"[0, 1, 2, 3, 4, 5, 6]",93.01580810546875,46.05963134765625,46.9561767578125,143,93.01580810546875,46.5748291015625,46.44097900390625,141
2025-07-17T21:01:06.706063,2,7,"[1, 2, 3, 4, 5, 6, 7]",93.01580810546875,46.05963134765625,46.9561767578125,143,93.01580810546875,46.5748291015625,46.44097900390625,141
2025-07-17T21:01:06.707847,3,7,"[0, 1, 2, 3, 4, 5, 6]",93.01580810546875,46.05963134765625,46.9561767578125,143,93.01580810546875,46.5748291015625,46.44097900390625,141
2025-07-17T21:01:06.714976,4,7,"[0, 1, 2, 3, 4, 5, 6]",93.01580810546875,46.05963134765625,46.9561767578125,143,93.01580810546875,46.5748291015625,46.44097900390625,141
2025-07-17T21:01:06.722890,0,8,"[0, 1, 2, 3, 4, 5, 6, 7]",93.01580810546875,46.05963134765625,46.9561767578125,143,93.01580810546875,46.5748291015625,46.44097900390625,141
2025-07-17T21:01:06.734140,1,8,"[0, 1, 2, 3, 4, 5, 6, 7]",93.01580810546875,46.05963134765625,46.9561767578125,143,93.01580810546875,46.5748291015625,46.44097900390625,141
2025-07-17T21:01:06.735939,2,8,"[0, 1, 2, 3, 4, 5, 6, 7]",93.01580810546875,46.05963134765625,46.9561767578125,143,93.01580810546875,46.5748291015625,46.44097900390625,141
2025-07-17T21:01:06.743359,3,8,"[0, 1, 2, 3, 4, 5, 6, 7]",93.01580810546875,46.05963134765625,46.9561767578125,143,93.01580810546875,46.5748291015625,46.44097900390625,141
2025-07-17T21:01:06.749837,4,8,"[0, 1, 2, 3, 4, 5, 6, 7]",93.01580810546875,46.05963134765625,46.9561767578125,143,93.01580810546875,46.5748291015625,46.44097900390625,141
2025-07-17T21:01:06.756958,0,9,"[0, 1, 2, 3, 4, 5, 6, 7]",93.01580810546875,46.05963134765625,46.9561767578125,143,93.01580810546875,46.5748291015625,46.44097900390625,141
2025-07-17T21:01:06.763742,1,9,"[0, 1, 2, 3, 4, 5, 6, 7]",93.01580810546875,46.05963134765625,46.9561767578125,143,93.01580810546875,46.5748291015625,46.44097900390625,141
2025-07-17T21:01:06.770452,2,9,"[0, 1, 2, 3, 4, 5, 6, 7]",93.01580810546875,46.05963134765625,46.9561767578125,143,93.01580810546875,46.5748291015625,46.44097900390625,141
2025-07-17T21:01:06.777090,3,9,"[0, 1, 2, 3, 4, 5, 6, 7]",93.01580810546875,46.05963134765625,46.9561767578125,143,93.01580810546875,46.5748291015625,46.44097900390625,141
2025-07-17T21:01:06.783691,4,9,"[0, 1, 2, 3, 4, 5, 6, 7]",93.01580810546875,46.05963134765625,46.9561767578125,143,93.01580810546875,46.5748291015625,46.44097900390625,141
2025-07-17T21:01:06.795823,0,10,"[0, 1, 2, 3, 4, 5, 6, 7]",93.01580810546875,46.05963134765625,46.9561767578125,143,93.01580810546875,46.5748291015625,46.44097900390625,141
2025-07-17T21:01:06.797552,1,10,"[0, 1, 2, 3, 4, 6, 7]",93.01580810546875,46.05963134765625,46.9561767578125,143,93.01580810546875,46.5748291015625,46.44097900390625,141
2025-07-17T21:01:06.809765,2,10,"[0, 1, 2, 3, 4, 5, 6, 7]",93.01580810546875,46.05963134765625,46.9561767578125,143,93.01580810546875,46.5748291015625,46.44097900390625,141
2025-07-17T21:01:06.811485,3,10,"[0, 1, 2, 3, 4, 6, 7]",93.01580810546875,46.05963134765625,46.9561767578125,143,93.01580810546875,46.5748291015625,46.44097900390625,141
2025-07-17T21:01:06.818697,4,10,"[0, 1, 2, 3, 4, 6, 7]",93.01580810546875,46.05963134765625,46.9561767578125,143,93.01580810546875,46.5748291015625,46.44097900390625,141
2025-07-17T21:01:06.825082,0,11,"[0, 1, 2, 3, 4, 5, 6, 7]",93.01580810546875,46.05963134765625,46.9561767578125,143,93.01580810546875,46.5748291015625,46.44097900390625,141
2025-07-17T21:01:06.832636,1,11,"[0, 1, 2, 4, 5, 6, 7]",93.01580810546875,46.05963134765625,46.9561767578125,143,93.01580810546875,46.5748291015625,46.44097900390625,141
2025-07-17T21:01:06.838727,2,11,"[0, 1, 2, 3, 4, 5, 6, 7]",93.01580810546875,46.05963134765625,46.9561767578125,143,93.01580810546875,46.5748291015625,46.44097900390625,141
2025-07-17T21:01:06.850925,3,11,"[0, 1, 2, 4, 5, 6, 7]",93.01580810546875,46.05963134765625,46.9561767578125,143,93.01580810546875,46.5748291015625,46.44097900390625,141
2025-07-17T21:01:06.857773,4,11,"[0, 1, 2, 4, 5, 6, 7]",93.01580810546875,46.05963134765625,46.9561767578125,143,93.01580810546875,46.5748291015625,46.44097900390625,141
2025-07-17T21:01:06.864398,0,12,"[0, 1, 2, 3, 4, 5, 6]",93.01580810546875,46.05963134765625,46.9561767578125,143,93.01580810546875,46.5748291015625,46.44097900390625,141
2025-07-17T21:01:06.871329,1,12,"[0, 1, 3, 4, 5, 6, 7]",93.01580810546875,46.05963134765625,46.9561767578125,143,93.01580810546875,46.5748291015625,46.44097900390625,141
2025-07-17T21:01:06.877706,2,12,"[0, 1, 2, 3, 4, 5, 6, 7]",93.01580810546875,46.05963134765625,46.9561767578125,143,93.01580810546875,46.5748291015625,46.44097900390625,141
2025-07-17T21:01:06.884786,3,12,"[0, 1, 3, 4, 5, 6, 7]",93.01580810546875,46.05963134765625,46.9561767578125,143,93.01580810546875,46.5748291015625,46.44097900390625,141
2025-07-17T21:01:06.891504,4,12,"[0, 1, 3, 4, 5, 6, 7]",93.01580810546875,46.05963134765625,46.9561767578125,143,93.01580810546875,46.5748291015625,46.44097900390625,141
2025-07-17T21:01:06.898333,0,13,"[0, 1, 2, 3, 4, 5, 6, 7]",93.01580810546875,46.05963134765625,46.9561767578125,143,93.01580810546875,46.5748291015625,46.44097900390625,141
2025-07-17T21:01:06.904858,1,13,"[0, 1, 2, 3, 4, 6, 7]",93.01580810546875,46.05963134765625,46.9561767578125,143,93.01580810546875,46.5748291015625,46.44097900390625,141
2025-07-17T21:01:06.912945,2,13,"[0, 1, 2, 3, 4, 5, 6, 7]",93.01580810546875,46.05963134765625,46.9561767578125,143,93.01580810546875,46.5748291015625,46.44097900390625,141
2025-07-17T21:01:06.919685,3,13,"[0, 1, 2, 3, 4, 6, 7]",93.01580810546875,46.05963134765625,46.9561767578125,143,93.01580810546875,46.5748291015625,46.44097900390625,141
2025-07-17T21:01:06.926567,4,13,"[0, 1, 2, 3, 4, 6, 7]",93.01580810546875,46.05963134765625,46.9561767578125,143,93.01580810546875,46.5748291015625,46.44097900390625,141
2025-07-17T21:01:06.934005,0,14,"[0, 1, 2, 3, 4, 5, 6, 7]",93.01580810546875,46.05963134765625,46.9561767578125,143,93.01580810546875,46.5748291015625,46.44097900390625,141
2025-07-17T21:01:06.941181,1,14,"[0, 1, 3, 4, 5, 6, 7]",93.01580810546875,46.05963134765625,46.9561767578125,143,93.01580810546875,46.5748291015625,46.44097900390625,141
2025-07-17T21:01:06.948502,2,14,"[0, 1, 2, 3, 4, 5, 6, 7]",93.01580810546875,46.05963134765625,46.9561767578125,143,93.01580810546875,46.5748291015625,46.44097900390625,141
2025-07-17T21:01:06.955920,3,14,"[0, 1, 3, 4, 5, 6, 7]",93.01580810546875,46.05963134765625,46.9561767578125,143,93.01580810546875,46.5748291015625,46.44097900390625,141
2025-07-17T21:01:06.962477,4,14,"[0, 1, 3, 4, 5, 6, 7]",93.01580810546875,46.05963134765625,46.9561767578125,143,93.01580810546875,46.5748291015625,46.44097900390625,141
2025-07-17T21:01:06.969714,0,15,"[0, 1, 2, 3, 4, 5, 6, 7]",93.01580810546875,46.05963134765625,46.9561767578125,143,93.01580810546875,46.5748291015625,46.44097900390625,141
2025-07-17T21:01:06.976297,1,15,"[0, 1, 2, 3, 4, 5, 6, 7]",93.01580810546875,46.05963134765625,46.9561767578125,143,93.01580810546875,46.5748291015625,46.44097900390625,141
2025-07-17T21:01:06.983617,2,15,"[0, 1, 2, 3, 4, 5, 6, 7]",93.01580810546875,46.05963134765625,46.9561767578125,143,93.01580810546875,46.5748291015625,46.44097900390625,141
2025-07-17T21:01:06.989951,3,15,"[0, 1, 2, 3, 4, 5, 6, 7]",93.01580810546875,46.05963134765625,46.9561767578125,143,93.01580810546875,46.5748291015625,46.44097900390625,141
2025-07-17T21:01:06.997548,4,15,"[0, 1, 2, 3, 4, 5, 6, 7]",93.01580810546875,46.05963134765625,46.9561767578125,143,93.01580810546875,46.5748291015625,46.44097900390625,141
2025-07-17T21:01:07.004089,0,16,"[0, 1, 2, 3, 4, 5, 6, 7]",93.01580810546875,46.05963134765625,46.9561767578125,143,93.01580810546875,46.5748291015625,46.44097900390625,141
2025-07-17T21:01:07.011117,1,16,"[0, 1, 3, 4, 5, 6, 7]",93.01580810546875,46.05963134765625,46.9561767578125,143,93.01580810546875,46.5748291015625,46.44097900390625,141
2025-07-17T21:01:07.017908,2,16,"[0, 1, 3, 4, 5, 6, 7]",93.01580810546875,46.05963134765625,46.9561767578125,143,93.01580810546875,46.5748291015625,46.44097900390625,141
2025-07-17T21:01:07.025059,3,16,"[0, 1, 3, 4, 5, 6, 7]",93.01580810546875,46.05963134765625,46.9561767578125,143,93.01580810546875,46.5748291015625,46.44097900390625,141
2025-07-17T21:01:07.032751,4,16,"[0, 1, 3, 4, 5, 6, 7]",93.01580810546875,46.05963134765625,46.9561767578125,143,93.01580810546875,46.5748291015625,46.44097900390625,141
2025-07-17T21:01:07.034759,0,17,"[0, 1, 2, 3, 4, 5, 6, 7]",93.01580810546875,46.05963134765625,46.9561767578125,143,93.01580810546875,46.5748291015625,46.44097900390625,141
2025-07-17T21:01:07.041964,1,17,"[0, 1, 2, 3, 4, 5, 6, 7]",93.01580810546875,46.05963134765625,46.9561767578125,143,93.01580810546875,46.5748291015625,46.44097900390625,141
2025-07-17T21:01:07.053400,2,17,"[0, 1, 2, 3, 4, 5, 6, 7]",93.01580810546875,46.05963134765625,46.9561767578125,143,93.01580810546875,46.5748291015625,46.44097900390625,141
2025-07-17T21:01:07.060925,3,17,"[0, 1, 2, 3, 4, 5, 6, 7]",93.01580810546875,46.05963134765625,46.9561767578125,143,93.01580810546875,46.5748291015625,46.44097900390625,141
2025-07-17T21:01:07.063270,4,17,"[0, 1, 2, 3, 4, 5, 6, 7]",93.01580810546875,46.05963134765625,46.9561767578125,143,93.01580810546875,46.5748291015625,46.44097900390625,141
2025-07-17T21:01:07.070579,0,18,"[0, 1, 2, 3, 4, 5, 6, 7]",93.01580810546875,46.05963134765625,46.9561767578125,143,93.01580810546875,46.5748291015625,46.44097900390625,141
2025-07-17T21:01:07.082567,1,18,"[0, 1, 2, 3, 4, 5, 6, 7]",93.01580810546875,46.05963134765625,46.9561767578125,143,93.01580810546875,46.5748291015625,46.44097900390625,141
2025-07-17T21:01:07.084547,2,18,"[0, 1, 2, 3, 4, 5, 6, 7]",93.01580810546875,46.05963134765625,46.9561767578125,143,93.01580810546875,46.5748291015625,46.44097900390625,141
2025-07-17T21:01:07.091195,3,18,"[0, 1, 2, 3, 4, 5, 6, 7]",93.01580810546875,46.05963134765625,46.9561767578125,143,93.01580810546875,46.5748291015625,46.44097900390625,141
2025-07-17T21:01:07.103495,4,18,"[0, 1, 2, 3, 4, 5, 6, 7]",93.01580810546875,46.05963134765625,46.9561767578125,143,93.01580810546875,46.5748291015625,46.44097900390625,141
2025-07-17T21:01:07.105275,0,19,"[0, 1, 2, 3, 4, 5, 6, 7]",93.01580810546875,46.05963134765625,46.9561767578125,143,93.01580810546875,46.5748291015625,46.44097900390625,141
2025-07-17T21:01:07.112365,1,19,"[0, 1, 2, 3, 4, 5, 6, 7]",93.01580810546875,46.05963134765625,46.9561767578125,143,93.01580810546875,46.5748291015625,46.44097900390625,141
2025-07-17T21:01:07.120228,2,19,"[0, 1, 2, 3, 4, 5, 6, 7]",93.01580810546875,46.05963134765625,46.9561767578125,143,93.01580810546875,46.5748291015625,46.44097900390625,141
2025-07-17T21:01:07.127482,3,19,"[0, 1, 2, 3, 4, 5, 6, 7]",93.01580810546875,46.05963134765625,46.9561767578125,143,93.01580810546875,46.5748291015625,46.44097900390625,141
2025-07-17T21:01:07.135341,4,19,"[0, 1, 2, 3, 4, 5, 6, 7]",93.01580810546875,46.05963134765625,46.9561767578125,143,93.01580810546875,46.5748291015625,46.44097900390625,141
2025-07-17T21:01:07.144057,0,20,"[0, 1, 2, 3, 4, 5, 6, 7]",93.01580810546875,46.05963134765625,46.9561767578125,143,93.01580810546875,46.5748291015625,46.44097900390625,141
2025-07-17T21:01:07.150255,1,20,"[0, 2, 3, 4, 5, 6, 7]",93.01580810546875,46.05963134765625,46.9561767578125,143,93.01580810546875,46.5748291015625,46.44097900390625,141
2025-07-17T21:01:07.163412,2,20,"[0, 1, 2, 3, 4, 5, 6, 7]",93.01580810546875,46.05963134765625,46.9561767578125,143,93.01580810546875,46.5748291015625,46.44097900390625,141
2025-07-17T21:01:07.165689,3,20,"[0, 2, 3, 4, 5, 6, 7]",93.01580810546875,46.05963134765625,46.9561767578125,143,93.01580810546875,46.5748291015625,46.44097900390625,141
2025-07-17T21:01:07.172310,4,20,"[0, 2, 3, 4, 5, 6, 7]",93.01580810546875,46.05963134765625,46.9561767578125,143,93.01580810546875,46.5748291015625,46.44097900390625,141
2025-07-17T21:01:07.184140,0,21,"[0, 1, 2, 3, 4, 5, 6, 7]",93.01580810546875,46.05963134765625,46.9561767578125,143,93.01580810546875,46.5748291015625,46.44097900390625,141
2025-07-17T21:01:07.191304,1,21,"[0, 1, 2, 3, 4, 5, 6, 7]",93.01580810546875,46.05963134765625,46.9561767578125,143,93.01580810546875,46.5748291015625,46.44097900390625,141
2025-07-17T21:01:07.197979,2,21,"[0, 1, 2, 3, 4, 5, 6, 7]",93.01580810546875,46.05963134765625,46.9561767578125,143,93.01580810546875,46.5748291015625,46.44097900390625,141
2025-07-17T21:01:07.204698,3,21,"[0, 1, 2, 3, 4, 5, 6, 7]",93.01580810546875,46.05963134765625,46.9561767578125,143,93.01580810546875,46.5748291015625,46.44097900390625,141
2025-07-17T21:01:07.212105,4,21,"[0, 1, 2, 3, 4, 5, 6, 7]",93.01580810546875,46.05963134765625,46.9561767578125,143,93.01580810546875,46.5748291015625,46.44097900390625,141
2025-07-17T21:01:07.219326,0,22,"[0, 1, 2, 3, 4, 5, 6, 7]",93.01580810546875,46.05963134765625,46.9561767578125,143,93.01580810546875,46.5748291015625,46.44097900390625,141
2025-07-17T21:01:07.227515,1,22,"[0, 1, 2, 3, 4, 5, 6, 7]",93.01580810546875,46.05963134765625,46.9561767578125,143,93.01580810546875,46.5748291015625,46.44097900390625,141
2025-07-17T21:01:07.235701,2,22,"[0, 1, 2, 3, 4, 5, 6, 7]",93.01580810546875,46.05963134765625,46.9561767578125,143,93.01580810546875,46.5748291015625,46.44097900390625,141
2025-07-17T21:01:07.237982,3,22,"[0, 1, 2, 3, 4, 5, 6, 7]",93.01580810546875,46.05963134765625,46.9561767578125,143,93.01580810546875,46.5748291015625,46.44097900390625,141
2025-07-17T21:01:07.245960,4,22,"[0, 1, 2, 3, 4, 5, 6, 7]",93.01580810546875,46.05963134765625,46.9561767578125,143,93.01580810546875,46.5748291015625,46.44097900390625,141
2025-07-17T21:01:07.252721,0,23,"[0, 1, 2, 3, 4, 5, 6, 7]",93.01580810546875,46.05963134765625,46.9561767578125,143,93.01580810546875,46.5748291015625,46.44097900390625,141
2025-07-17T21:01:07.259089,1,23,"[0, 1, 2, 3, 4, 5, 6, 7]",93.01580810546875,46.05963134765625,46.9561767578125,143,93.01580810546875,46.5748291015625,46.44097900390625,141
2025-07-17T21:01:07.265250,2,23,"[0, 1, 2, 3, 4, 5, 6, 7]",93.01580810546875,46.05963134765625,46.9561767578125,143,93.01580810546875,46.5748291015625,46.44097900390625,141
2025-07-17T21:01:07.276756,3,23,"[0, 1, 2, 3, 4, 5, 6, 7]",93.01580810546875,46.05963134765625,46.9561767578125,143,93.01580810546875,46.5748291015625,46.44097900390625,141
2025-07-17T21:01:07.278800,4,23,"[0, 1, 2, 3, 4, 5, 6, 7]",93.01580810546875,46.05963134765625,46.9561767578125,143,93.01580810546875,46.5748291015625,46.44097900390625,141
2025-07-17T21:01:07.285105,0,24,"[0, 1, 2, 3, 4, 5, 6, 7]",93.01580810546875,46.05963134765625,46.9561767578125,143,93.01580810546875,46.5748291015625,46.44097900390625,141
2025-07-17T21:01:07.291845,1,24,"[0, 1, 2, 3, 4, 5, 6, 7]",93.01580810546875,46.05963134765625,46.9561767578125,143,93.01580810546875,46.5748291015625,46.44097900390625,141
2025-07-17T21:01:07.299374,2,24,"[0, 1, 2, 3, 4, 5, 6, 7]",93.01580810546875,46.05963134765625,46.9561767578125,143,93.01580810546875,46.5748291015625,46.44097900390625,141
2025-07-17T21:01:07.310854,3,24,"[0, 1, 2, 3, 4, 5, 6, 7]",93.01580810546875,46.05963134765625,46.9561767578125,143,93.01580810546875,46.5748291015625,46.44097900390625,141
2025-07-17T21:01:07.312915,4,24,"[0, 1, 2, 3, 4, 5, 6, 7]",93.01580810546875,46.05963134765625,46.9561767578125,143,93.01580810546875,46.5748291015625,46.44097900390625,141
2025-07-17T21:01:07.320393,0,25,"[0, 1, 2, 3, 4, 5, 6, 7]",93.01580810546875,46.05963134765625,46.9561767578125,143,93.01580810546875,46.5748291015625,46.44097900390625,141
2025-07-17T21:01:07.327651,1,25,"[0, 1, 2, 3, 4, 5, 6, 7]",93.01580810546875,46.05963134765625,46.9561767578125,143,93.01580810546875,46.5748291015625,46.44097900390625,141
2025-07-17T21:01:07.334084,2,25,"[0, 1, 2, 3, 4, 5, 6, 7]",93.01580810546875,46.05963134765625,46.9561767578125,143,93.01580810546875,46.5748291015625,46.44097900390625,141
2025-07-17T21:01:07.344378,3,25,"[0, 1, 2, 3, 4, 5, 6, 7]",93.01580810546875,46.05963134765625,46.9561767578125,143,93.01580810546875,46.5748291015625,46.44097900390625,141
2025-07-17T21:01:07.351528,4,25,"[0, 1, 2, 3, 4, 5, 6, 7]",93.01580810546875,46.05963134765625,46.9561767578125,143,93.01580810546875,46.5748291015625,46.44097900390625,141
2025-07-17T21:01:07.359077,0,26,"[0, 1, 2, 3, 4, 5, 6, 7]",93.01580810546875,46.05963134765625,46.9561767578125,143,93.01580810546875,46.5748291015625,46.44097900390625,141
2025-07-17T21:01:07.366025,1,26,"[0, 2, 4, 5, 6, 7]",93.01580810546875,46.05963134765625,46.9561767578125,143,93.01580810546875,46.5748291015625,46.44097900390625,141
2025-07-17T21:01:07.372961,2,26,"[0, 2, 3, 4, 5, 6]",93.01580810546875,46.05963134765625,46.9561767578125,143,93.01580810546875,46.5748291015625,46.44097900390625,141
2025-07-17T21:01:07.380206,3,26,"[0, 2, 4, 5, 6, 7]",93.01580810546875,46.05963134765625,46.9561767578125,143,93.01580810546875,46.5748291015625,46.44097900390625,141
2025-07-17T21:01:07.387590,4,26,"[0, 2, 4, 5, 6, 7]",93.01580810546875,46.05963134765625,46.9561767578125,143,93.01580810546875,46.5748291015625,46.44097900390625,141
2025-07-17T21:01:07.394637,0,27,"[0, 1, 2, 3, 4, 5, 6, 7]",93.01580810546875,46.05963134765625,46.9561767578125,143,93.01580810546875,46.5748291015625,46.44097900390625,141
2025-07-17T21:01:07.402370,1,27,"[0, 1, 2, 3, 4, 7]",93.01580810546875,46.05963134765625,46.9561767578125,143,93.01580810546875,46.5748291015625,46.44097900390625,141
2025-07-17T21:01:07.404819,2,27,"[0, 1, 2, 3, 4, 5, 6, 7]",93.01580810546875,46.05963134765625,46.9561767578125,143,93.01580810546875,46.5748291015625,46.44097900390625,141
2025-07-17T21:01:07.415949,3,27,"[0, 1, 2, 3, 4, 7]",93.01580810546875,46.05963134765625,46.9561767578125,143,93.01580810546875,46.5748291015625,46.44097900390625,141
2025-07-17T21:01:07.423184,4,27,"[0, 1, 2, 3, 4, 7]",93.01580810546875,46.05963134765625,46.9561767578125,143,93.01580810546875,46.5748291015625,46.44097900390625,141
2025-07-17T21:01:07.430337,0,28,"[0, 1, 2, 3, 4, 5, 6, 7]",93.01580810546875,46.05963134765625,46.9561767578125,143,93.01580810546875,46.5748291015625,46.44097900390625,141
2025-07-17T21:01:07.437917,1,28,"[0, 1, 2, 3, 5, 6, 7]",93.01580810546875,46.05963134765625,46.9561767578125,143,93.01580810546875,46.5748291015625,46.44097900390625,141
2025-07-17T21:01:07.445038,2,28,"[0, 1, 2, 3, 4, 5, 6, 7]",93.01580810546875,46.05963134765625,46.9561767578125,143,93.01580810546875,46.5748291015625,46.44097900390625,141
2025-07-17T21:01:07.451845,3,28,"[0, 1, 2, 3, 5, 6, 7]",93.01580810546875,46.05963134765625,46.9561767578125,143,93.01580810546875,46.5748291015625,46.44097900390625,141
2025-07-17T21:01:07.458567,4,28,"[0, 1, 2, 3, 5, 6, 7]",93.01580810546875,46.05963134765625,46.9561767578125,143,93.01580810546875,46.5748291015625,46.44097900390625,141
2025-07-17T21:01:07.467379,0,29,"[0, 1, 2, 3, 4, 5, 6, 7]",93.01580810546875,46.05963134765625,46.9561767578125,143,93.01580810546875,46.5748291015625,46.44097900390625,141
2025-07-17T21:01:07.469377,1,29,"[0, 1, 2, 3, 4, 5, 6, 7]",93.01580810546875,46.05963134765625,46.9561767578125,143,93.01580810546875,46.5748291015625,46.44097900390625,141
2025-07-17T21:01:07.481871,2,29,"[1, 2, 3, 4, 5, 6, 7]",93.01580810546875,46.05963134765625,46.9561767578125,143,93.01580810546875,46.5748291015625,46.44097900390625,141
2025-07-17T21:01:07.488570,3,29,"[0, 1, 2, 3, 4, 5, 6, 7]",93.01580810546875,46.05963134765625,46.9561767578125,143,93.01580810546875,46.5748291015625,46.44097900390625,141
2025-07-17T21:01:07.491785,4,29,"[0, 1, 2, 3, 4, 5, 6, 7]",93.01580810546875,46.05963134765625,46.9561767578125,143,93.01580810546875,46.5748291015625,46.44097900390625,141
2025-07-17T21:01:07.503459,0,30,"[0, 1, 2, 3, 4, 5, 6, 7]",93.01580810546875,46.05963134765625,46.9561767578125,143,93.01580810546875,46.5748291015625,46.44097900390625,141
2025-07-17T21:01:07.510930,1,30,"[0, 1, 2, 3, 4, 5, 6, 7]",93.01580810546875,46.05963134765625,46.9561767578125,143,93.01580810546875,46.5748291015625,46.44097900390625,141
2025-07-17T21:01:07.518267,2,30,"[0, 2, 3, 4, 5, 6, 7]",93.01580810546875,46.05963134765625,46.9561767578125,143,93.01580810546875,46.5748291015625,46.44097900390625,141
2025-07-17T21:01:07.526108,3,30,"[0, 1, 2, 3, 4, 5, 6, 7]",93.01580810546875,46.05963134765625,46.9561767578125,143,93.01580810546875,46.5748291015625,46.44097900390625,141
2025-07-17T21:01:07.533865,4,30,"[0, 1, 2, 3, 4, 5, 6, 7]",93.01580810546875,46.05963134765625,46.9561767578125,143,93.01580810546875,46.5748291015625,46.44097900390625,141
2025-07-17T21:01:07.541512,0,31,"[0, 1, 2, 3, 4, 5, 6, 7]",93.01580810546875,46.05963134765625,46.9561767578125,143,93.01580810546875,46.5748291015625,46.44097900390625,141
2025-07-17T21:01:07.551480,1,31,"[0, 1, 2, 3, 4, 5, 6, 7]",93.01580810546875,46.05963134765625,46.9561767578125,143,93.01580810546875,46.5748291015625,46.44097900390625,141
2025-07-17T21:01:07.555112,2,31,"[0, 1, 2, 3, 4, 5, 6, 7]",93.01580810546875,46.05963134765625,46.9561767578125,143,93.01580810546875,46.5748291015625,46.44097900390625,141
2025-07-17T21:01:07.567425,3,31,"[0, 1, 2, 3, 4, 5, 6, 7]",93.01580810546875,46.05963134765625,46.9561767578125,143,93.01580810546875,46.5748291015625,46.44097900390625,141
2025-07-17T21:01:07.569929,4,31,"[0, 1, 2, 3, 4, 5, 6, 7]",93.01580810546875,46.05963134765625,46.9561767578125,143,93.01580810546875,46.5748291015625,46.44097900390625,141
2025-07-17T21:01:07.584939,0,0,"[0, 1, 2, 3, 4, 5, 6, 7]",93.01580810546875,46.05963134765625,46.9561767578125,143,93.01580810546875,46.5748291015625,46.44097900390625,141
2025-07-17T21:01:07.592641,1,0,"[0, 1, 2, 3, 4, 5, 6, 7]",93.01580810546875,46.05963134765625,46.9561767578125,143,93.01580810546875,46.5748291015625,46.44097900390625,141
2025-07-17T21:01:07.600164,2,0,"[0, 1, 2, 3, 4, 5, 6, 7]",93.01580810546875,46.05963134765625,46.9561767578125,143,93.01580810546875,46.5748291015625,46.44097900390625,141
2025-07-17T21:01:07.608316,3,0,"[0, 1, 2, 3, 4, 5, 6, 7]",93.01580810546875,46.05963134765625,46.9561767578125,143,93.01580810546875,46.5748291015625,46.44097900390625,141
2025-07-17T21:01:07.611183,4,0,"[0, 1, 2, 3, 4, 5, 6, 7]",93.01580810546875,46.05963134765625,46.9561767578125,143,93.01580810546875,46.5748291015625,46.44097900390625,141
2025-07-17T21:01:07.617957,0,1,"[0, 1, 2, 3, 4, 5, 6, 7]",93.01580810546875,46.05963134765625,46.9561767578125,143,93.01580810546875,46.5748291015625,46.44097900390625,141
2025-07-17T21:01:07.625226,1,1,"[0, 1, 2, 3, 4, 5, 6, 7]",93.01580810546875,46.05963134765625,46.9561767578125,143,93.01580810546875,46.5748291015625,46.44097900390625,141
2025-07-17T21:01:07.632175,2,1,"[0, 1, 2, 3, 4, 5, 6, 7]",93.01580810546875,46.05963134765625,46.9561767578125,143,93.01580810546875,46.5748291015625,46.44097900390625,141
2025-07-17T21:01:07.639923,3,1,"[0, 1, 2, 3, 4, 5, 6, 7]",93.01580810546875,46.05963134765625,46.9561767578125,143,93.01580810546875,46.5748291015625,46.44097900390625,141
2025-07-17T21:01:07.652546,4,1,"[0, 1, 2, 3, 4, 5, 6, 7]",93.01580810546875,46.05963134765625,46.9561767578125,143,93.01580810546875,46.5748291015625,46.44097900390625,141
2025-07-17T21:01:07.654557,0,2,"[0, 1, 2, 3, 4, 5, 6, 7]",93.01580810546875,46.05963134765625,46.9561767578125,143,93.01580810546875,46.5748291015625,46.44097900390625,141
2025-07-17T21:01:07.661146,1,2,"[0, 1, 2, 3, 4, 5, 6, 7]",93.01580810546875,46.05963134765625,46.9561767578125,143,93.01580810546875,46.5748291015625,46.44097900390625,141
2025-07-17T21:01:07.668112,2,2,"[0, 1, 2, 3, 4, 5, 6, 7]",93.01580810546875,46.05963134765625,46.9561767578125,143,93.01580810546875,46.5748291015625,46.44097900390625,141
2025-07-17T21:01:07.675129,3,2,"[0, 1, 2, 3, 4, 5, 6, 7]",93.01580810546875,46.05963134765625,46.9561767578125,143,93.01580810546875,46.5748291015625,46.44097900390625,141
2025-07-17T21:01:07.681978,4,2,"[0, 1, 2, 3, 4, 5, 6, 7]",93.01580810546875,46.05963134765625,46.9561767578125,143,93.01580810546875,46.5748291015625,46.44097900390625,141
2025-07-17T21:01:07.689206,0,3,"[0, 1, 2, 3, 4, 5, 6, 7]",93.01580810546875,46.05963134765625,46.9561767578125,143,93.01580810546875,46.5748291015625,46.44097900390625,141
2025-07-17T21:01:07.696330,1,3,"[0, 1, 2, 3, 4, 5, 6]",93.01580810546875,46.05963134765625,46.9561767578125,143,93.01580810546875,46.5748291015625,46.44097900390625,141
2025-07-17T21:01:07.703755,2,3,"[0, 1, 2, 3, 4, 5, 6, 7]",93.01580810546875,46.05963134765625,46.9561767578125,143,93.01580810546875,46.5748291015625,46.44097900390625,141
2025-07-17T21:01:07.711444,3,3,"[0, 1, 2, 3, 4, 5, 6]",93.01580810546875,46.05963134765625,46.9561767578125,143,93.01580810546875,46.5748291015625,46.44097900390625,141
2025-07-17T21:01:07.718452,4,3,"[0, 1, 2, 3, 4, 5, 6]",93.01580810546875,46.05963134765625,46.9561767578125,143,93.01580810546875,46.5748291015625,46.44097900390625,141
2025-07-17T21:01:07.726625,0,4,"[0, 1, 2, 3, 4, 5, 6, 7]",93.01580810546875,46.05963134765625,46.9561767578125,143,93.01580810546875,46.5748291015625,46.44097900390625,141
2025-07-17T21:01:07.733878,1,4,"[0, 1, 3, 4, 5, 6, 7]",93.01580810546875,46.05963134765625,46.9561767578125,143,93.01580810546875,46.5748291015625,46.44097900390625,141
2025-07-17T21:01:07.740539,2,4,"[0, 1, 2, 3, 4, 5, 6, 7]",93.01580810546875,46.05963134765625,46.9561767578125,143,93.01580810546875,46.5748291015625,46.44097900390625,141
2025-07-17T21:01:07.752217,3,4,"[0, 1, 3, 4, 5, 6, 7]",93.01580810546875,46.05963134765625,46.9561767578125,143,93.01580810546875,46.5748291015625,46.44097900390625,141
2025-07-17T21:01:07.754485,4,4,"[0, 1, 3, 4, 5, 6, 7]",93.01580810546875,46.05963134765625,46.9561767578125,143,93.01580810546875,46.5748291015625,46.44097900390625,141
2025-07-17T21:01:07.761962,0,5,"[0, 1, 2, 3, 4, 5, 6, 7]",93.01580810546875,46.05963134765625,46.9561767578125,143,93.01580810546875,46.5748291015625,46.44097900390625,141
2025-07-17T21:01:07.768790,1,5,"[0, 1, 2, 3, 4, 6, 7]",93.01580810546875,46.05963134765625,46.9561767578125,143,93.01580810546875,46.5748291015625,46.44097900390625,141
2025-07-17T21:01:07.775799,2,5,"[0, 1, 2, 3, 4, 5, 6, 7]",93.01580810546875,46.05963134765625,46.9561767578125,143,93.01580810546875,46.5748291015625,46.44097900390625,141
2025-07-17T21:01:07.782575,3,5,"[0, 1, 2, 3, 4, 6, 7]",93.01580810546875,46.05963134765625,46.9561767578125,143,93.01580810546875,46.5748291015625,46.44097900390625,141
2025-07-17T21:01:07.789575,4,5,"[0, 1, 2, 3, 4, 6, 7]",93.01580810546875,46.05963134765625,46.9561767578125,143,93.01580810546875,46.5748291015625,46.44097900390625,141
2025-07-17T21:01:07.795904,0,6,"[0, 1, 2, 3, 4, 5, 6, 7]",93.01580810546875,46.05963134765625,46.9561767578125,143,93.01580810546875,46.5748291015625,46.44097900390625,141
2025-07-17T21:01:07.807840,1,6,"[0, 1, 2, 3, 4, 5, 6, 7]",93.01580810546875,46.05963134765625,46.9561767578125,143,93.01580810546875,46.5748291015625,46.44097900390625,141
2025-07-17T21:01:07.815348,2,6,"[0, 1, 2, 3, 4, 5, 6, 7]",93.01580810546875,46.05963134765625,46.9561767578125,143,93.01580810546875,46.5748291015625,46.44097900390625,141
2025-07-17T21:01:07.817667,3,6,"[0, 1, 2, 3, 4, 5, 6, 7]",93.01580810546875,46.05963134765625,46.9561767578125,143,93.01580810546875,46.5748291015625,46.44097900390625,141
2025-07-17T21:01:07.829873,4,6,"[0, 1, 2, 3, 4, 5, 6, 7]",93.01580810546875,46.05963134765625,46.9561767578125,143,93.01580810546875,46.5748291015625,46.44097900390625,141
2025-07-17T21:01:07.837411,0,7,"[0, 1, 2, 3, 4, 5, 7]",93.01580810546875,46.05963134765625,46.9561767578125,143,93.01580810546875,46.5748291015625,46.44097900390625,141
2025-07-17T21:01:07.844406,1,7,"[0, 2, 3, 4, 5, 6, 7]",93.01580810546875,46.05963134765625,46.9561767578125,143,93.01580810546875,46.5748291015625,46.44097900390625,141
2025-07-17T21:01:07.847117,2,7,"[0, 1, 2, 3, 4, 5, 6, 7]",93.01580810546875,46.05963134765625,46.9561767578125,143,93.01580810546875,46.5748291015625,46.44097900390625,141
2025-07-17T21:01:07.858631,3,7,"[0, 2, 3, 4, 5, 6, 7]",93.01580810546875,46.05963134765625,46.9561767578125,143,93.01580810546875,46.5748291015625,46.44097900390625,141
2025-07-17T21:01:07.865703,4,7,"[0, 2, 3, 4, 5, 6, 7]",93.01580810546875,46.05963134765625,46.9561767578125,143,93.01580810546875,46.5748291015625,46.44097900390625,141
2025-07-17T21:01:07.872581,0,8,"[0, 1, 2, 3, 4, 5, 6, 7]",93.01580810546875,46.05963134765625,46.9561767578125,143,93.01580810546875,46.5748291015625,46.44097900390625,141
2025-07-17T21:01:07.879731,1,8,"[0, 1, 2, 3, 4, 5, 7]",93.01580810546875,46.05963134765625,46.9561767578125,143,93.01580810546875,46.5748291015625,46.44097900390625,141
2025-07-17T21:01:07.887062,2,8,"[0, 1, 2, 3, 4, 5, 6, 7]",93.01580810546875,46.05963134765625,46.9561767578125,143,93.01580810546875,46.5748291015625,46.44097900390625,141
2025-07-17T21:01:07.893906,3,8,"[0, 1, 2, 3, 4, 5, 7]",93.01580810546875,46.05963134765625,46.9561767578125,143,93.01580810546875,46.5748291015625,46.44097900390625,141
2025-07-17T21:01:07.901784,4,8,"[0, 1, 2, 3, 4, 5, 7]",93.01580810546875,46.05963134765625,46.9561767578125,143,93.01580810546875,46.5748291015625,46.44097900390625,141
2025-07-17T21:01:07.909025,0,9,"[0, 1, 2, 3, 4, 5, 6, 7]",93.01580810546875,46.05963134765625,46.9561767578125,143,93.01580810546875,46.5748291015625,46.44097900390625,141
2025-07-17T21:01:07.916360,1,9,"[0, 1, 2, 3, 5, 6, 7]",93.01580810546875,46.05963134765625,46.9561767578125,143,93.01580810546875,46.5748291015625,46.44097900390625,141
2025-07-17T21:01:07.923818,2,9,"[0, 1, 2, 3, 4, 5, 6, 7]",93.01580810546875,46.05963134765625,46.9561767578125,143,93.01580810546875,46.5748291015625,46.44097900390625,141
2025-07-17T21:01:07.931649,3,9,"[0, 1, 2, 3, 5, 6, 7]",93.01580810546875,46.05963134765625,46.9561767578125,143,93.01580810546875,46.5748291015625,46.44097900390625,141
2025-07-17T21:01:07.939486,4,9,"[0, 1, 2, 3, 5, 6, 7]",93.01580810546875,46.05963134765625,46.9561767578125,143,93.01580810546875,46.5748291015625,46.44097900390625,141
2025-07-17T21:01:07.946220,0,10,"[0, 1, 2, 3, 4, 5, 6, 7]",93.01580810546875,46.05963134765625,46.9561767578125,143,93.01580810546875,46.5748291015625,46.44097900390625,141
2025-07-17T21:01:07.952734,1,10,"[0, 1, 2, 4, 5, 6, 7]",93.01580810546875,46.05963134765625,46.9561767578125,143,93.01580810546875,46.5748291015625,46.44097900390625,141
2025-07-17T21:01:07.959757,2,10,"[0, 1, 2, 4, 5, 6, 7]",93.01580810546875,46.05963134765625,46.9561767578125,143,93.01580810546875,46.5748291015625,46.44097900390625,141
2025-07-17T21:01:07.967183,3,10,"[0, 1, 2, 4, 5, 6, 7]",93.01580810546875,46.05963134765625,46.9561767578125,143,93.01580810546875,46.5748291015625,46.44097900390625,141
2025-07-17T21:01:07.973956,4,10,"[0, 1, 2, 4, 5, 6, 7]",93.01580810546875,46.05963134765625,46.9561767578125,143,93.01580810546875,46.5748291015625,46.44097900390625,141
2025-07-17T21:01:07.980819,0,11,"[0, 1, 2, 3, 4, 5, 6, 7]",93.01580810546875,46.05963134765625,46.9561767578125,143,93.01580810546875,46.5748291015625,46.44097900390625,141
2025-07-17T21:01:07.988145,1,11,"[0, 1, 2, 4, 5, 6, 7]",93.01580810546875,46.05963134765625,46.9561767578125,143,93.01580810546875,46.5748291015625,46.44097900390625,141
2025-07-17T21:01:07.994981,2,11,"[0, 1, 2, 3, 4, 5, 6, 7]",93.01580810546875,46.05963134765625,46.9561767578125,143,93.01580810546875,46.5748291015625,46.44097900390625,141
2025-07-17T21:01:08.002219,3,11,"[0, 1, 2, 4, 5, 6, 7]",93.01580810546875,46.05963134765625,46.9561767578125,143,93.01580810546875,46.5748291015625,46.44097900390625,141
2025-07-17T21:01:08.009162,4,11,"[0, 1, 2, 4, 5, 6, 7]",93.01580810546875,46.05963134765625,46.9561767578125,143,93.01580810546875,46.5748291015625,46.44097900390625,141
2025-07-17T21:01:08.015693,0,12,"[0, 1, 2, 3, 4, 6, 7]",93.01580810546875,46.05963134765625,46.9561767578125,143,93.01580810546875,46.5748291015625,46.44097900390625,141
2025-07-17T21:01:08.023818,1,12,"[0, 1, 3, 4, 5, 6]",93.01580810546875,46.05963134765625,46.9561767578125,143,93.01580810546875,46.5748291015625,46.44097900390625,141
2025-07-17T21:01:08.026085,2,12,"[0, 1, 2, 3, 4, 5, 6, 7]",93.01580810546875,46.05963134765625,46.9561767578125,143,93.01580810546875,46.5748291015625,46.44097900390625,141
2025-07-17T21:01:08.037186,3,12,"[0, 1, 3, 4, 5, 6]",93.01580810546875,46.05963134765625,46.9561767578125,143,93.01580810546875,46.5748291015625,46.44097900390625,141
2025-07-17T21:01:08.039110,4,12,"[0, 1, 3, 4, 5, 6]",93.01580810546875,46.05963134765625,46.9561767578125,143,93.01580810546875,46.5748291015625,46.44097900390625,141
2025-07-17T21:01:08.046317,0,13,"[0, 1, 2, 3, 4, 5, 6, 7]",93.01580810546875,46.05963134765625,46.9561767578125,143,93.01580810546875,46.5748291015625,46.44097900390625,141
2025-07-17T21:01:08.052901,1,13,"[0, 1, 2, 3, 4, 6, 7]",93.01580810546875,46.05963134765625,46.9561767578125,143,93.01580810546875,46.5748291015625,46.44097900390625,141
2025-07-17T21:01:08.059929,2,13,"[0, 1, 2, 3, 4, 5, 6, 7]",93.01580810546875,46.05963134765625,46.9561767578125,143,93.01580810546875,46.5748291015625,46.44097900390625,141
2025-07-17T21:01:08.066435,3,13,"[0, 1, 2, 3, 4, 6, 7]",93.01580810546875,46.05963134765625,46.9561767578125,143,93.01580810546875,46.5748291015625,46.44097900390625,141
2025-07-17T21:01:08.073510,4,13,"[0, 1, 2, 3, 4, 6, 7]",93.01580810546875,46.05963134765625,46.9561767578125,143,93.01580810546875,46.5748291015625,46.44097900390625,141
2025-07-17T21:01:08.080026,0,14,"[0, 1, 2, 3, 4, 5, 6, 7]",93.01580810546875,46.05963134765625,46.9561767578125,143,93.01580810546875,46.5748291015625,46.44097900390625,141
2025-07-17T21:01:08.087029,1,14,"[0, 1, 2, 3, 4, 5, 7]",93.01580810546875,46.05963134765625,46.9561767578125,143,93.01580810546875,46.5748291015625,46.44097900390625,141
2025-07-17T21:01:08.094442,2,14,"[0, 1, 2, 3, 4, 5, 6, 7]",93.01580810546875,46.05963134765625,46.9561767578125,143,93.01580810546875,46.5748291015625,46.44097900390625,141
2025-07-17T21:01:08.107086,3,14,"[0, 1, 2, 3, 4, 5, 7]",93.01580810546875,46.05963134765625,46.9561767578125,143,93.01580810546875,46.5748291015625,46.44097900390625,141
2025-07-17T21:01:08.109788,4,14,"[0, 1, 2, 3, 4, 5, 7]",93.01580810546875,46.05963134765625,46.9561767578125,143,93.01580810546875,46.5748291015625,46.44097900390625,141
2025-07-17T21:01:08.115942,0,15,"[0, 1, 2, 3, 4, 5, 6, 7]",93.01580810546875,46.05963134765625,46.9561767578125,143,93.01580810546875,46.5748291015625,46.44097900390625,141
2025-07-17T21:01:08.121970,1,15,"[0, 1, 2, 3, 4, 5, 6]",93.01580810546875,46.05963134765625,46.9561767578125,143,93.01580810546875,46.5748291015625,46.44097900390625,141
2025-07-17T21:01:08.128670,2,15,"[0, 1, 2, 3, 4, 5, 6, 7]",93.01580810546875,46.05963134765625,46.9561767578125,143,93.01580810546875,46.5748291015625,46.44097900390625,141
2025-07-17T21:01:08.135678,3,15,"[0, 1, 2, 3, 4, 5, 6]",93.01580810546875,46.05963134765625,46.9561767578125,143,93.01580810546875,46.5748291015625,46.44097900390625,141
2025-07-17T21:01:08.142436,4,15,"[0, 1, 2, 3, 4, 5, 6]",93.01580810546875,46.05963134765625,46.9561767578125,143,93.01580810546875,46.5748291015625,46.44097900390625,141
2025-07-17T21:01:08.149518,0,16,"[0, 1, 2, 3, 4, 5, 6, 7]",93.01580810546875,46.05963134765625,46.9561767578125,143,93.01580810546875,46.5748291015625,46.44097900390625,141
2025-07-17T21:01:08.156748,1,16,"[0, 2, 3, 4, 5, 6, 7]",93.01580810546875,46.05963134765625,46.9561767578125,143,93.01580810546875,46.5748291015625,46.44097900390625,141
2025-07-17T21:01:08.163169,2,16,"[0, 1, 2, 3, 4, 5, 6, 7]",93.01580810546875,46.05963134765625,46.9561767578125,143,93.01580810546875,46.5748291015625,46.44097900390625,141
2025-07-17T21:01:08.170832,3,16,"[0, 2, 3, 4, 5, 6, 7]",93.01580810546875,46.05963134765625,46.9561767578125,143,93.01580810546875,46.5748291015625,46.44097900390625,141
2025-07-17T21:01:08.178254,4,16,"[0, 2, 3, 4, 5, 6, 7]",93.01580810546875,46.05963134765625,46.9561767578125,143,93.01580810546875,46.5748291015625,46.44097900390625,141
2025-07-17T21:01:08.184955,0,17,"[0, 1, 2, 3, 4, 5, 6, 7]",93.01580810546875,46.05963134765625,46.9561767578125,143,93.01580810546875,46.5748291015625,46.44097900390625,141
2025-07-17T21:01:08.197884,1,17,"[0, 1, 2, 3, 4, 5, 6, 7]",93.01580810546875,46.05963134765625,46.9561767578125,143,93.01580810546875,46.5748291015625,46.44097900390625,141
2025-07-17T21:01:08.199842,2,17,"[0, 1, 2, 3, 4, 5, 6, 7]",93.01580810546875,46.05963134765625,46.9561767578125,143,93.01580810546875,46.5748291015625,46.44097900390625,141
2025-07-17T21:01:08.207062,3,17,"[0, 1, 2, 3, 4, 5, 6, 7]",93.01580810546875,46.05963134765625,46.9561767578125,143,93.01580810546875,46.5748291015625,46.44097900390625,141
2025-07-17T21:01:08.213711,4,17,"[0, 1, 2, 3, 4, 5, 6, 7]",93.01580810546875,46.05963134765625,46.9561767578125,143,93.01580810546875,46.5748291015625,46.44097900390625,141
2025-07-17T21:01:08.221147,0,18,"[0, 1, 2, 3, 4, 5, 6, 7]",93.01580810546875,46.05963134765625,46.9561767578125,143,93.01580810546875,46.5748291015625,46.44097900390625,141
2025-07-17T21:01:08.227532,1,18,"[0, 1, 2, 3, 4, 5, 6, 7]",93.01580810546875,46.05963134765625,46.9561767578125,143,93.01580810546875,46.5748291015625,46.44097900390625,141
2025-07-17T21:01:08.239634,2,18,"[0, 1, 2, 4, 5, 6, 7]",93.01580810546875,46.05963134765625,46.9561767578125,143,93.01580810546875,46.5748291015625,46.44097900390625,141
2025-07-17T21:01:08.241701,3,18,"[0, 1, 2, 3, 4, 5, 6, 7]",93.01580810546875,46.05963134765625,46.9561767578125,143,93.01580810546875,46.5748291015625,46.44097900390625,141
2025-07-17T21:01:08.248438,4,18,"[0, 1, 2, 3, 4, 5, 6, 7]",93.01580810546875,46.05963134765625,46.9561767578125,143,93.01580810546875,46.5748291015625,46.44097900390625,141
2025-07-17T21:01:08.255958,0,19,"[0, 1, 2, 3, 4, 5, 6, 7]",93.01580810546875,46.05963134765625,46.9561767578125,143,93.01580810546875,46.5748291015625,46.44097900390625,141
2025-07-17T21:01:08.262626,1,19,"[1, 2, 3, 4, 5, 6, 7]",93.01580810546875,46.05963134765625,46.9561767578125,143,93.01580810546875,46.5748291015625,46.44097900390625,141
2025-07-17T21:01:08.270273,2,19,"[0, 1, 2, 3, 4, 5, 6, 7]",93.01580810546875,46.05963134765625,46.9561767578125,143,93.01580810546875,46.5748291015625,46.44097900390625,141
2025-07-17T21:01:08.277038,3,19,"[1, 2, 3, 4, 5, 6, 7]",93.01580810546875,46.05963134765625,46.9561767578125,143,93.01580810546875,46.5748291015625,46.44097900390625,141
2025-07-17T21:01:08.284173,4,19,"[1, 2, 3, 4, 5, 6, 7]",93.01580810546875,46.05963134765625,46.9561767578125,143,93.01580810546875,46.5748291015625,46.44097900390625,141
2025-07-17T21:01:08.291476,0,20,"[0, 1, 2, 3, 4, 5, 6, 7]",93.01580810546875,46.05963134765625,46.9561767578125,143,93.01580810546875,46.5748291015625,46.44097900390625,141
2025-07-17T21:01:08.298222,1,20,"[0, 1, 2, 3, 4, 5, 6, 7]",93.01580810546875,46.05963134765625,46.9561767578125,143,93.01580810546875,46.5748291015625,46.44097900390625,141
2025-07-17T21:01:08.305055,2,20,"[0, 1, 2, 3, 4, 5, 6, 7]",93.01580810546875,46.05963134765625,46.9561767578125,143,93.01580810546875,46.5748291015625,46.44097900390625,141
2025-07-17T21:01:08.312094,3,20,"[0, 1, 2, 3, 4, 5, 6, 7]",93.01580810546875,46.05963134765625,46.9561767578125,143,93.01580810546875,46.5748291015625,46.44097900390625,141
2025-07-17T21:01:08.319875,4,20,"[0, 1, 2, 3, 4, 5, 6, 7]",93.01580810546875,46.05963134765625,46.9561767578125,143,93.01580810546875,46.5748291015625,46.44097900390625,141
2025-07-17T21:01:08.326557,0,21,"[0, 1, 2, 3, 4, 5, 6, 7]",93.01580810546875,46.05963134765625,46.9561767578125,143,93.01580810546875,46.5748291015625,46.44097900390625,141
2025-07-17T21:01:08.333078,1,21,"[0, 1, 2, 3, 4, 5, 6, 7]",93.01580810546875,46.05963134765625,46.9561767578125,143,93.01580810546875,46.5748291015625,46.44097900390625,141
2025-07-17T21:01:08.340399,2,21,"[0, 1, 2, 3, 4, 5, 6, 7]",93.01580810546875,46.05963134765625,46.9561767578125,143,93.01580810546875,46.5748291015625,46.44097900390625,141
2025-07-17T21:01:08.347258,3,21,"[0, 1, 2, 3, 4, 5, 6, 7]",93.01580810546875,46.05963134765625,46.9561767578125,143,93.01580810546875,46.5748291015625,46.44097900390625,141
2025-07-17T21:01:08.354381,4,21,"[0, 1, 2, 3, 4, 5, 6, 7]",93.01580810546875,46.05963134765625,46.9561767578125,143,93.01580810546875,46.5748291015625,46.44097900390625,141
2025-07-17T21:01:08.361907,0,22,"[0, 1, 2, 3, 4, 5, 6, 7]",93.01580810546875,46.05963134765625,46.9561767578125,143,93.01580810546875,46.5748291015625,46.44097900390625,141
2025-07-17T21:01:08.368813,1,22,"[0, 1, 2, 3, 4, 5, 6, 7]",93.01580810546875,46.05963134765625,46.9561767578125,143,93.01580810546875,46.5748291015625,46.44097900390625,141
2025-07-17T21:01:08.376296,2,22,"[0, 1, 2, 3, 4, 5, 6, 7]",93.01580810546875,46.05963134765625,46.9561767578125,143,93.01580810546875,46.5748291015625,46.44097900390625,141
2025-07-17T21:01:08.382673,3,22,"[0, 1, 2, 3, 4, 5, 6, 7]",93.01580810546875,46.05963134765625,46.9561767578125,143,93.01580810546875,46.5748291015625,46.44097900390625,141
2025-07-17T21:01:08.390129,4,22,"[0, 1, 2, 3, 4, 5, 6, 7]",93.01580810546875,46.05963134765625,46.9561767578125,143,93.01580810546875,46.5748291015625,46.44097900390625,141
2025-07-17T21:01:08.401835,0,23,"[0, 1, 2, 3, 4, 5, 6, 7]",93.01580810546875,46.05963134765625,46.9561767578125,143,93.01580810546875,46.5748291015625,46.44097900390625,141
2025-07-17T21:01:08.403749,1,23,"[0, 1, 2, 3, 4, 5, 6, 7]",93.01580810546875,46.05963134765625,46.9561767578125,143,93.01580810546875,46.5748291015625,46.44097900390625,141
2025-07-17T21:01:08.410754,2,23,"[0, 1, 2, 3, 4, 5, 6, 7]",93.01580810546875,46.05963134765625,46.9561767578125,143,93.01580810546875,46.5748291015625,46.44097900390625,141
2025-07-17T21:01:08.417707,3,23,"[0, 1, 2, 3, 4, 5, 6, 7]",93.01580810546875,46.05963134765625,46.9561767578125,143,93.01580810546875,46.5748291015625,46.44097900390625,141
2025-07-17T21:01:08.424959,4,23,"[0, 1, 2, 3, 4, 5, 6, 7]",93.01580810546875,46.05963134765625,46.9561767578125,143,93.01580810546875,46.5748291015625,46.44097900390625,141
2025-07-17T21:01:08.432251,0,24,"[0, 1, 2, 3, 4, 5, 6, 7]",93.01580810546875,46.05963134765625,46.9561767578125,143,93.01580810546875,46.5748291015625,46.44097900390625,141
2025-07-17T21:01:08.439111,1,24,"[0, 1, 2, 3, 4, 5, 6, 7]",93.01580810546875,46.05963134765625,46.9561767578125,143,93.01580810546875,46.5748291015625,46.44097900390625,141
2025-07-17T21:01:08.446183,2,24,"[0, 1, 2, 3, 4, 5, 6, 7]",93.01580810546875,46.05963134765625,46.9561767578125,143,93.01580810546875,46.5748291015625,46.44097900390625,141
2025-07-17T21:01:08.453048,3,24,"[0, 1, 2, 3, 4, 5, 6, 7]",93.01580810546875,46.05963134765625,46.9561767578125,143,93.01580810546875,46.5748291015625,46.44097900390625,141
2025-07-17T21:01:08.459938,4,24,"[0, 1, 2, 3, 4, 5, 6, 7]",93.01580810546875,46.05963134765625,46.9561767578125,143,93.01580810546875,46.5748291015625,46.44097900390625,141
2025-07-17T21:01:08.467081,0,25,"[0, 1, 2, 3, 4, 5, 6, 7]",93.01580810546875,46.05963134765625,46.9561767578125,143,93.01580810546875,46.5748291015625,46.44097900390625,141
2025-07-17T21:01:08.473649,1,25,"[0, 1, 2, 3, 4, 5, 6, 7]",93.01580810546875,46.05963134765625,46.9561767578125,143,93.01580810546875,46.5748291015625,46.44097900390625,141
2025-07-17T21:01:08.480812,2,25,"[0, 1, 2, 3, 4, 5, 6, 7]",93.01580810546875,46.05963134765625,46.9561767578125,143,93.01580810546875,46.5748291015625,46.44097900390625,141
2025-07-17T21:01:08.487687,3,25,"[0, 1, 2, 3, 4, 5, 6, 7]",93.01580810546875,46.05963134765625,46.9561767578125,143,93.01580810546875,46.5748291015625,46.44097900390625,141
2025-07-17T21:01:08.495020,4,25,"[0, 1, 2, 3, 4, 5, 6, 7]",93.01580810546875,46.05963134765625,46.9561767578125,143,93.01580810546875,46.5748291015625,46.44097900390625,141
2025-07-17T21:01:08.501804,0,26,"[0, 1, 2, 3, 4, 5, 6, 7]",93.01580810546875,46.05963134765625,46.9561767578125,143,93.01580810546875,46.5748291015625,46.44097900390625,141
2025-07-17T21:01:08.509269,1,26,"[0, 2, 3, 4, 5, 6, 7]",93.01580810546875,46.05963134765625,46.9561767578125,143,93.01580810546875,46.5748291015625,46.44097900390625,141
2025-07-17T21:01:08.520652,2,26,"[0, 1, 2, 3, 4, 5, 6, 7]",93.01580810546875,46.05963134765625,46.9561767578125,143,93.01580810546875,46.5748291015625,46.44097900390625,141
2025-07-17T21:01:08.522738,3,26,"[0, 2, 3, 4, 5, 6, 7]",93.01580810546875,46.05963134765625,46.9561767578125,143,93.01580810546875,46.5748291015625,46.44097900390625,141
2025-07-17T21:01:08.529790,4,26,"[0, 2, 3, 4, 5, 6, 7]",93.01580810546875,46.05963134765625,46.9561767578125,143,93.01580810546875,46.5748291015625,46.44097900390625,141
2025-07-17T21:01:08.542692,0,27,"[0, 1, 2, 3, 4, 5, 6, 7]",93.01580810546875,46.05963134765625,46.9561767578125,143,93.01580810546875,46.5748291015625,46.44097900390625,141
2025-07-17T21:01:08.544873,1,27,"[0, 1, 2, 3, 4, 5, 6, 7]",93.01580810546875,46.05963134765625,46.9561767578125,143,93.01580810546875,46.5748291015625,46.44097900390625,141
2025-07-17T21:01:08.551860,2,27,"[0, 1, 2, 3, 4, 5, 6, 7]",93.01580810546875,46.05963134765625,46.9561767578125,143,93.01580810546875,46.5748291015625,46.44097900390625,141
2025-07-17T21:01:08.558787,3,27,"[0, 1, 2, 3, 4, 5, 6, 7]",93.01580810546875,46.05963134765625,46.9561767578125,143,93.01580810546875,46.5748291015625,46.44097900390625,141
2025-07-17T21:01:08.564933,4,27,"[0, 1, 2, 3, 4, 5, 6, 7]",93.01580810546875,46.05963134765625,46.9561767578125,143,93.01580810546875,46.5748291015625,46.44097900390625,141
2025-07-17T21:01:08.571965,0,28,"[0, 1, 2, 3, 4, 5, 6, 7]",93.01580810546875,46.05963134765625,46.9561767578125,143,93.01580810546875,46.5748291015625,46.44097900390625,141
2025-07-17T21:01:08.579039,1,28,"[0, 1, 2, 3, 4, 5, 6, 7]",93.01580810546875,46.05963134765625,46.9561767578125,143,93.01580810546875,46.5748291015625,46.44097900390625,141
2025-07-17T21:01:08.586108,2,28,"[0, 1, 2, 3, 4, 5, 6, 7]",93.01580810546875,46.05963134765625,46.9561767578125,143,93.01580810546875,46.5748291015625,46.44097900390625,141
2025-07-17T21:01:08.592941,3,28,"[0, 1, 2, 3, 4, 5, 6, 7]",93.01580810546875,46.05963134765625,46.9561767578125,143,93.01580810546875,46.5748291015625,46.44097900390625,141
2025-07-17T21:01:08.599488,4,28,"[0, 1, 2, 3, 4, 5, 6, 7]",93.01580810546875,46.05963134765625,46.9561767578125,143,93.01580810546875,46.5748291015625,46.44097900390625,141
2025-07-17T21:01:08.606952,0,29,"[0, 1, 2, 3, 4, 5, 6, 7]",93.01580810546875,46.05963134765625,46.9561767578125,143,93.01580810546875,46.5748291015625,46.44097900390625,141
2025-07-17T21:01:08.613440,1,29,"[0, 1, 2, 3, 4, 5, 6, 7]",93.01580810546875,46.05963134765625,46.9561767578125,143,93.01580810546875,46.5748291015625,46.44097900390625,141
2025-07-17T21:01:08.619385,2,29,"[0, 1, 2, 3, 4, 5, 6, 7]",93.01580810546875,46.05963134765625,46.9561767578125,143,93.01580810546875,46.5748291015625,46.44097900390625,141
2025-07-17T21:01:08.626973,3,29,"[0, 1, 2, 3, 4, 5, 6, 7]",93.01580810546875,46.05963134765625,46.9561767578125,143,93.01580810546875,46.5748291015625,46.44097900390625,141
2025-07-17T21:01:08.633580,4,29,"[0, 1, 2, 3, 4, 5, 6, 7]",93.01580810546875,46.05963134765625,46.9561767578125,143,93.01580810546875,46.5748291015625,46.44097900390625,141
2025-07-17T21:01:08.640185,0,30,"[0, 1, 2, 3, 4, 5, 6, 7]",93.01580810546875,46.05963134765625,46.9561767578125,143,93.01580810546875,46.5748291015625,46.44097900390625,141
2025-07-17T21:01:08.646852,1,30,"[0, 2, 3, 4, 5, 6, 7]",93.01580810546875,46.05963134765625,46.9561767578125,143,93.01580810546875,46.5748291015625,46.44097900390625,141
2025-07-17T21:01:08.652985,2,30,"[0, 1, 2, 3, 4, 5, 6, 7]",93.01580810546875,46.05963134765625,46.9561767578125,143,93.01580810546875,46.5748291015625,46.44097900390625,141
2025-07-17T21:01:08.659515,3,30,"[0, 2, 3, 4, 5, 6, 7]",93.01580810546875,46.05963134765625,46.9561767578125,143,93.01580810546875,46.5748291015625,46.44097900390625,141
2025-07-17T21:01:08.665969,4,30,"[0, 2, 3, 4, 5, 6, 7]",93.01580810546875,46.05963134765625,46.9561767578125,143,93.01580810546875,46.5748291015625,46.44097900390625,141
2025-07-17T21:01:08.673419,0,31,"[0, 1, 2, 3, 4, 5, 6, 7]",93.01580810546875,46.05963134765625,46.9561767578125,143,93.01580810546875,46.5748291015625,46.44097900390625,141
2025-07-17T21:01:08.681910,1,31,"[0, 1, 2, 4, 5, 6, 7]",93.01580810546875,46.05963134765625,46.9561767578125,143,93.01580810546875,46.5748291015625,46.44097900390625,141
2025-07-17T21:01:08.694201,2,31,"[0, 1, 2, 3, 4, 5, 6, 7]",93.01580810546875,46.05963134765625,46.9561767578125,143,93.01580810546875,46.5748291015625,46.44097900390625,141
2025-07-17T21:01:08.697736,3,31,"[0, 1, 2, 4, 5, 6, 7]",93.01580810546875,46.05963134765625,46.9561767578125,143,93.01580810546875,46.5748291015625,46.44097900390625,141
2025-07-17T21:01:08.705175,4,31,"[0, 1, 2, 4, 5, 6, 7]",93.01580810546875,46.05963134765625,46.9561767578125,143,93.01580810546875,46.5748291015625,46.44097900390625,141
2025-07-17T21:01:08.720803,0,0,"[0, 1, 2, 3, 4, 5, 6, 7]",93.01580810546875,46.05963134765625,46.9561767578125,143,93.01580810546875,46.5748291015625,46.44097900390625,141
2025-07-17T21:01:08.723341,1,0,"[0, 1, 2, 3, 4, 5, 6, 7]",93.01580810546875,46.05963134765625,46.9561767578125,143,93.01580810546875,46.5748291015625,46.44097900390625,141
2025-07-17T21:01:08.735145,2,0,"[0, 1, 2, 3, 4, 5, 6, 7]",93.01580810546875,46.05963134765625,46.9561767578125,143,93.01580810546875,46.5748291015625,46.44097900390625,141
2025-07-17T21:01:08.742230,3,0,"[0, 1, 2, 3, 4, 5, 6, 7]",93.01580810546875,46.05963134765625,46.9561767578125,143,93.01580810546875,46.5748291015625,46.44097900390625,141
2025-07-17T21:01:08.749223,4,0,"[0, 1, 2, 3, 4, 5, 6, 7]",93.01580810546875,46.05963134765625,46.9561767578125,143,93.01580810546875,46.5748291015625,46.44097900390625,141
2025-07-17T21:01:08.756100,0,1,"[0, 1, 2, 4, 5, 6, 7]",93.01580810546875,46.05963134765625,46.9561767578125,143,93.01580810546875,46.5748291015625,46.44097900390625,141
2025-07-17T21:01:08.762911,1,1,"[0, 1, 2, 3, 5, 6, 7]",93.01580810546875,46.05963134765625,46.9561767578125,143,93.01580810546875,46.5748291015625,46.44097900390625,141
2025-07-17T21:01:08.770297,2,1,"[0, 1, 2, 4, 5, 6, 7]",93.01580810546875,46.05963134765625,46.9561767578125,143,93.01580810546875,46.5748291015625,46.44097900390625,141
2025-07-17T21:01:08.777113,3,1,"[0, 1, 2, 3, 5, 6, 7]",93.01580810546875,46.05963134765625,46.9561767578125,143,93.01580810546875,46.5748291015625,46.44097900390625,141
2025-07-17T21:01:08.784893,4,1,"[0, 1, 2, 3, 5, 6, 7]",93.01580810546875,46.05963134765625,46.9561767578125,143,93.01580810546875,46.5748291015625,46.44097900390625,141
2025-07-17T21:01:08.787258,0,2,"[0, 1, 2, 3, 4, 5, 6, 7]",93.01580810546875,46.05963134765625,46.9561767578125,143,93.01580810546875,46.5748291015625,46.44097900390625,141
2025-07-17T21:01:08.794072,1,2,"[0, 1, 2, 3, 4, 5, 6, 7]",93.01580810546875,46.05963134765625,46.9561767578125,143,93.01580810546875,46.5748291015625,46.44097900390625,141
2025-07-17T21:01:08.805332,2,2,"[0, 1, 2, 3, 4, 5, 6, 7]",93.01580810546875,46.05963134765625,46.9561767578125,143,93.01580810546875,46.5748291015625,46.44097900390625,141
2025-07-17T21:01:08.812383,3,2,"[0, 1, 2, 3, 4, 5, 6, 7]",93.01580810546875,46.05963134765625,46.9561767578125,143,93.01580810546875,46.5748291015625,46.44097900390625,141
2025-07-17T21:01:08.819544,4,2,"[0, 1, 2, 3, 4, 5, 6, 7]",93.01580810546875,46.05963134765625,46.9561767578125,143,93.01580810546875,46.5748291015625,46.44097900390625,141
2025-07-17T21:01:08.827042,0,3,"[0, 1, 2, 3, 4, 5, 6, 7]",93.01580810546875,46.05963134765625,46.9561767578125,143,93.01580810546875,46.5748291015625,46.44097900390625,141
2025-07-17T21:01:08.829061,1,3,"[0, 1, 2, 3, 4, 6, 7]",93.01580810546875,46.05963134765625,46.9561767578125,143,93.01580810546875,46.5748291015625,46.44097900390625,141
2025-07-17T21:01:08.835874,2,3,"[0, 1, 2, 3, 4, 5, 6, 7]",93.01580810546875,46.05963134765625,46.9561767578125,143,93.01580810546875,46.5748291015625,46.44097900390625,141
2025-07-17T21:01:08.843880,3,3,"[0, 1, 2, 3, 4, 6, 7]",93.01580810546875,46.05963134765625,46.9561767578125,143,93.01580810546875,46.5748291015625,46.44097900390625,141
2025-07-17T21:01:08.855408,4,3,"[0, 1, 2, 3, 4, 6, 7]",93.01580810546875,46.05963134765625,46.9561767578125,143,93.01580810546875,46.5748291015625,46.44097900390625,141
2025-07-17T21:01:08.857544,0,4,"[0, 1, 2, 3, 4, 5, 6, 7]",93.01580810546875,46.05963134765625,46.9561767578125,143,93.01580810546875,46.5748291015625,46.44097900390625,141
2025-07-17T21:01:08.864715,1,4,"[0, 1, 2, 3, 4, 5, 6, 7]",93.01580810546875,46.05963134765625,46.9561767578125,143,93.01580810546875,46.5748291015625,46.44097900390625,141
2025-07-17T21:01:08.871608,2,4,"[0, 1, 2, 3, 4, 5, 6, 7]",93.01580810546875,46.05963134765625,46.9561767578125,143,93.01580810546875,46.5748291015625,46.44097900390625,141
2025-07-17T21:01:08.879451,3,4,"[0, 1, 2, 3, 4, 5, 6, 7]",93.01580810546875,46.05963134765625,46.9561767578125,143,93.01580810546875,46.5748291015625,46.44097900390625,141
2025-07-17T21:01:08.892677,4,4,"[0, 1, 2, 3, 4, 5, 6, 7]",93.01580810546875,46.05963134765625,46.9561767578125,143,93.01580810546875,46.5748291015625,46.44097900390625,141
2025-07-17T21:01:08.894767,0,5,"[0, 1, 2, 3, 4, 5, 6, 7]",93.01580810546875,46.05963134765625,46.9561767578125,143,93.01580810546875,46.5748291015625,46.44097900390625,141
2025-07-17T21:01:08.902401,1,5,"[0, 1, 2, 3, 4, 5, 6, 7]",93.01580810546875,46.05963134765625,46.9561767578125,143,93.01580810546875,46.5748291015625,46.44097900390625,141
2025-07-17T21:01:08.909587,2,5,"[0, 1, 2, 3, 4, 5, 6, 7]",93.01580810546875,46.05963134765625,46.9561767578125,143,93.01580810546875,46.5748291015625,46.44097900390625,141
2025-07-17T21:01:08.916992,3,5,"[0, 1, 2, 3, 4, 5, 6, 7]",93.01580810546875,46.05963134765625,46.9561767578125,143,93.01580810546875,46.5748291015625,46.44097900390625,141
2025-07-17T21:01:08.924182,4,5,"[0, 1, 2, 3, 4, 5, 6, 7]",93.01580810546875,46.05963134765625,46.9561767578125,143,93.01580810546875,46.5748291015625,46.44097900390625,141
2025-07-17T21:01:08.930901,0,6,"[0, 1, 2, 3, 4, 5, 6, 7]",93.01580810546875,46.05963134765625,46.9561767578125,143,93.01580810546875,46.5748291015625,46.44097900390625,141
2025-07-17T21:01:08.938198,1,6,"[0, 1, 2, 3, 4, 5, 6, 7]",93.01580810546875,46.05963134765625,46.9561767578125,143,93.01580810546875,46.5748291015625,46.44097900390625,141
2025-07-17T21:01:08.945366,2,6,"[0, 1, 2, 3, 4, 5, 6, 7]",93.01580810546875,46.05963134765625,46.9561767578125,143,93.01580810546875,46.5748291015625,46.44097900390625,141
2025-07-17T21:01:08.952182,3,6,"[0, 1, 2, 3, 4, 5, 6, 7]",93.01580810546875,46.05963134765625,46.9561767578125,143,93.01580810546875,46.5748291015625,46.44097900390625,141
2025-07-17T21:01:08.959671,4,6,"[0, 1, 2, 3, 4, 5, 6, 7]",93.01580810546875,46.05963134765625,46.9561767578125,143,93.01580810546875,46.5748291015625,46.44097900390625,141
2025-07-17T21:01:08.966527,0,7,"[0, 1, 2, 3, 4, 5, 6, 7]",93.01580810546875,46.05963134765625,46.9561767578125,143,93.01580810546875,46.5748291015625,46.44097900390625,141
2025-07-17T21:01:08.978486,1,7,"[0, 1, 2, 4, 5, 6, 7]",93.01580810546875,46.05963134765625,46.9561767578125,143,93.01580810546875,46.5748291015625,46.44097900390625,141
2025-07-17T21:01:08.985795,2,7,"[0, 1, 2, 3, 4, 5, 6, 7]",93.01580810546875,46.05963134765625,46.9561767578125,143,93.01580810546875,46.5748291015625,46.44097900390625,141
2025-07-17T21:01:08.987624,3,7,"[0, 1, 2, 4, 5, 6, 7]",93.01580810546875,46.05963134765625,46.9561767578125,143,93.01580810546875,46.5748291015625,46.44097900390625,141
2025-07-17T21:01:08.994676,4,7,"[0, 1, 2, 4, 5, 6, 7]",93.01580810546875,46.05963134765625,46.9561767578125,143,93.01580810546875,46.5748291015625,46.44097900390625,141
2025-07-17T21:01:09.001726,0,8,"[0, 1, 2, 3, 4, 5, 6, 7]",93.01580810546875,46.05963134765625,46.9561767578125,143,93.01580810546875,46.5748291015625,46.44097900390625,141
2025-07-17T21:01:09.008523,1,8,"[0, 1, 2, 3, 4, 5, 6, 7]",93.01580810546875,46.05963134765625,46.9561767578125,143,93.01580810546875,46.5748291015625,46.44097900390625,141
2025-07-17T21:01:09.015563,2,8,"[0, 1, 2, 3, 4, 5, 6, 7]",93.01580810546875,46.05963134765625,46.9561767578125,143,93.01580810546875,46.5748291015625,46.44097900390625,141
2025-07-17T21:01:09.023160,3,8,"[0, 1, 2, 3, 4, 5, 6, 7]",93.01580810546875,46.05963134765625,46.9561767578125,143,93.01580810546875,46.5748291015625,46.44097900390625,141
2025-07-17T21:01:09.029854,4,8,"[0, 1, 2, 3, 4, 5, 6, 7]",93.01580810546875,46.05963134765625,46.9561767578125,143,93.01580810546875,46.5748291015625,46.44097900390625,141
2025-07-17T21:01:09.036489,0,9,"[0, 1, 2, 3, 4, 5, 6, 7]",93.01580810546875,46.05963134765625,46.9561767578125,143,93.01580810546875,46.5748291015625,46.44097900390625,141
2025-07-17T21:01:09.042624,1,9,"[0, 1, 2, 3, 4, 5, 6, 7]",93.01580810546875,46.05963134765625,46.9561767578125,143,93.01580810546875,46.5748291015625,46.44097900390625,141
2025-07-17T21:01:09.049730,2,9,"[0, 1, 2, 3, 4, 5, 6, 7]",93.01580810546875,46.05963134765625,46.9561767578125,143,93.01580810546875,46.5748291015625,46.44097900390625,141
2025-07-17T21:01:09.056639,3,9,"[0, 1, 2, 3, 4, 5, 6, 7]",93.01580810546875,46.05963134765625,46.9561767578125,143,93.01580810546875,46.5748291015625,46.44097900390625,141
2025-07-17T21:01:09.063665,4,9,"[0, 1, 2, 3, 4, 5, 6, 7]",93.01580810546875,46.05963134765625,46.9561767578125,143,93.01580810546875,46.5748291015625,46.44097900390625,141
2025-07-17T21:01:09.070238,0,10,"[0, 1, 2, 3, 4, 5, 6, 7]",93.01580810546875,46.05963134765625,46.9561767578125,143,93.01580810546875,46.5748291015625,46.44097900390625,141
2025-07-17T21:01:09.077602,1,10,"[0, 1, 2, 3, 4, 5, 6, 7]",93.01580810546875,46.05963134765625,46.9561767578125,143,93.01580810546875,46.5748291015625,46.44097900390625,141
2025-07-17T21:01:09.089883,2,10,"[0, 1, 2, 3, 4, 5, 6, 7]",93.01580810546875,46.05963134765625,46.9561767578125,143,93.01580810546875,46.5748291015625,46.44097900390625,141
2025-07-17T21:01:09.092968,3,10,"[0, 1, 2, 3, 4, 5, 6, 7]",93.01580810546875,46.05963134765625,46.9561767578125,143,93.01580810546875,46.5748291015625,46.44097900390625,141
2025-07-17T21:01:09.099884,4,10,"[0, 1, 2, 3, 4, 5, 6, 7]",93.01580810546875,46.05963134765625,46.9561767578125,143,93.01580810546875,46.5748291015625,46.44097900390625,141
2025-07-17T21:01:09.111379,0,11,"[0, 1, 2, 4, 5, 6, 7]",93.01580810546875,46.05963134765625,46.9561767578125,143,93.01580810546875,46.5748291015625,46.44097900390625,141
2025-07-17T21:01:09.114514,1,11,"[0, 1, 2, 4, 5, 6, 7]",93.01580810546875,46.05963134765625,46.9561767578125,143,93.01580810546875,46.5748291015625,46.44097900390625,141
2025-07-17T21:01:09.122190,2,11,"[0, 1, 2, 3, 4, 5, 6, 7]",93.01580810546875,46.05963134765625,46.9561767578125,143,93.01580810546875,46.5748291015625,46.44097900390625,141
2025-07-17T21:01:09.133929,3,11,"[0, 1, 2, 4, 5, 6, 7]",93.01580810546875,46.05963134765625,46.9561767578125,143,93.01580810546875,46.5748291015625,46.44097900390625,141
2025-07-17T21:01:09.135924,4,11,"[0, 1, 2, 4, 5, 6, 7]",93.01580810546875,46.05963134765625,46.9561767578125,143,93.01580810546875,46.5748291015625,46.44097900390625,141
2025-07-17T21:01:09.143055,0,12,"[0, 1, 2, 3, 4, 5, 6, 7]",93.01580810546875,46.05963134765625,46.9561767578125,143,93.01580810546875,46.5748291015625,46.44097900390625,141
2025-07-17T21:01:09.150256,1,12,"[0, 1, 2, 3, 4, 5, 6, 7]",93.01580810546875,46.05963134765625,46.9561767578125,143,93.01580810546875,46.5748291015625,46.44097900390625,141
2025-07-17T21:01:09.156984,2,12,"[0, 1, 2, 3, 4, 5, 6, 7]",93.01580810546875,46.05963134765625,46.9561767578125,143,93.01580810546875,46.5748291015625,46.44097900390625,141
2025-07-17T21:01:09.163301,3,12,"[0, 1, 2, 3, 4, 5, 6, 7]",93.01580810546875,46.05963134765625,46.9561767578125,143,93.01580810546875,46.5748291015625,46.44097900390625,141
2025-07-17T21:01:09.170432,4,12,"[0, 1, 2, 3, 4, 5, 6, 7]",93.01580810546875,46.05963134765625,46.9561767578125,143,93.01580810546875,46.5748291015625,46.44097900390625,141
2025-07-17T21:01:09.176808,0,13,"[0, 1, 2, 3, 4, 5, 6, 7]",93.01580810546875,46.05963134765625,46.9561767578125,143,93.01580810546875,46.5748291015625,46.44097900390625,141
2025-07-17T21:01:09.182982,1,13,"[0, 1, 2, 3, 5, 7]",93.01580810546875,46.05963134765625,46.9561767578125,143,93.01580810546875,46.5748291015625,46.44097900390625,141
2025-07-17T21:01:09.190308,2,13,"[0, 1, 2, 3, 4, 5, 6, 7]",93.01580810546875,46.05963134765625,46.9561767578125,143,93.01580810546875,46.5748291015625,46.44097900390625,141
2025-07-17T21:01:09.201504,3,13,"[0, 1, 2, 3, 5, 7]",93.01580810546875,46.05963134765625,46.9561767578125,143,93.01580810546875,46.5748291015625,46.44097900390625,141
2025-07-17T21:01:09.204211,4,13,"[0, 1, 2, 3, 5, 7]",93.01580810546875,46.05963134765625,46.9561767578125,143,93.01580810546875,46.5748291015625,46.44097900390625,141
2025-07-17T21:01:09.210324,0,14,"[0, 1, 2, 3, 4, 5, 6]",93.01580810546875,46.05963134765625,46.9561767578125,143,93.01580810546875,46.5748291015625,46.44097900390625,141
2025-07-17T21:01:09.217727,1,14,"[0, 1, 3, 4, 5, 6, 7]",93.01580810546875,46.05963134765625,46.9561767578125,143,93.01580810546875,46.5748291015625,46.44097900390625,141
2025-07-17T21:01:09.224421,2,14,"[0, 1, 2, 3, 4, 5, 6, 7]",93.01580810546875,46.05963134765625,46.9561767578125,143,93.01580810546875,46.5748291015625,46.44097900390625,141
2025-07-17T21:01:09.231808,3,14,"[0, 1, 3, 4, 5, 6, 7]",93.01580810546875,46.05963134765625,46.9561767578125,143,93.01580810546875,46.5748291015625,46.44097900390625,141
2025-07-17T21:01:09.238628,4,14,"[0, 1, 3, 4, 5, 6, 7]",93.01580810546875,46.05963134765625,46.9561767578125,143,93.01580810546875,46.5748291015625,46.44097900390625,141
2025-07-17T21:01:09.245738,0,15,"[0, 1, 2, 3, 4, 5, 6, 7]",93.01580810546875,46.05963134765625,46.9561767578125,143,93.01580810546875,46.5748291015625,46.44097900390625,141
2025-07-17T21:01:09.257740,1,15,"[0, 1, 2, 3, 4, 5, 7]",93.01580810546875,46.05963134765625,46.9561767578125,143,93.01580810546875,46.5748291015625,46.44097900390625,141
2025-07-17T21:01:09.259907,2,15,"[0, 1, 2, 3, 4, 5, 6, 7]",93.01580810546875,46.05963134765625,46.9561767578125,143,93.01580810546875,46.5748291015625,46.44097900390625,141
2025-07-17T21:01:09.272413,3,15,"[0, 1, 2, 3, 4, 5, 7]",93.01580810546875,46.05963134765625,46.9561767578125,143,93.01580810546875,46.5748291015625,46.44097900390625,141
2025-07-17T21:01:09.274537,4,15,"[0, 1, 2, 3, 4, 5, 7]",93.01580810546875,46.05963134765625,46.9561767578125,143,93.01580810546875,46.5748291015625,46.44097900390625,141
2025-07-17T21:01:09.286387,0,16,"[0, 1, 2, 3, 4, 5, 6, 7]",93.01580810546875,46.05963134765625,46.9561767578125,143,93.01580810546875,46.5748291015625,46.44097900390625,141
2025-07-17T21:01:09.288629,1,16,"[0, 1, 2, 3, 5, 6, 7]",93.01580810546875,46.05963134765625,46.9561767578125,143,93.01580810546875,46.5748291015625,46.44097900390625,141
2025-07-17T21:01:09.295026,2,16,"[0, 1, 2, 3, 4, 5, 6, 7]",93.01580810546875,46.05963134765625,46.9561767578125,143,93.01580810546875,46.5748291015625,46.44097900390625,141
2025-07-17T21:01:09.302280,3,16,"[0, 1, 2, 3, 5, 6, 7]",93.01580810546875,46.05963134765625,46.9561767578125,143,93.01580810546875,46.5748291015625,46.44097900390625,141
2025-07-17T21:01:09.309207,4,16,"[0, 1, 2, 3, 5, 6, 7]",93.01580810546875,46.05963134765625,46.9561767578125,143,93.01580810546875,46.5748291015625,46.44097900390625,141
2025-07-17T21:01:09.316198,0,17,"[0, 1, 2, 3, 4, 5, 6, 7]",93.01580810546875,46.05963134765625,46.9561767578125,143,93.01580810546875,46.5748291015625,46.44097900390625,141
2025-07-17T21:01:09.323251,1,17,"[0, 1, 3, 4, 5, 6, 7]",93.01580810546875,46.05963134765625,46.9561767578125,143,93.01580810546875,46.5748291015625,46.44097900390625,141
2025-07-17T21:01:09.330110,2,17,"[0, 1, 2, 3, 4, 5, 6, 7]",93.01580810546875,46.05963134765625,46.9561767578125,143,93.01580810546875,46.5748291015625,46.44097900390625,141
2025-07-17T21:01:09.337076,3,17,"[0, 1, 3, 4, 5, 6, 7]",93.01580810546875,46.05963134765625,46.9561767578125,143,93.01580810546875,46.5748291015625,46.44097900390625,141
2025-07-17T21:01:09.343415,4,17,"[0, 1, 3, 4, 5, 6, 7]",93.01580810546875,46.05963134765625,46.9561767578125,143,93.01580810546875,46.5748291015625,46.44097900390625,141
2025-07-17T21:01:09.355091,0,18,"[0, 1, 2, 3, 4, 5, 6, 7]",93.01580810546875,46.05963134765625,46.9561767578125,143,93.01580810546875,46.5748291015625,46.44097900390625,141
2025-07-17T21:01:09.357351,1,18,"[0, 1, 2, 3, 4, 5, 7]",93.01580810546875,46.05963134765625,46.9561767578125,143,93.01580810546875,46.5748291015625,46.44097900390625,141
2025-07-17T21:01:09.365414,2,18,"[0, 1, 2, 3, 4, 5, 6, 7]",93.01580810546875,46.05963134765625,46.9561767578125,143,93.01580810546875,46.5748291015625,46.44097900390625,141
2025-07-17T21:01:09.372148,3,18,"[0, 1, 2, 3, 4, 5, 7]",93.01580810546875,46.05963134765625,46.9561767578125,143,93.01580810546875,46.5748291015625,46.44097900390625,141
2025-07-17T21:01:09.378952,4,18,"[0, 1, 2, 3, 4, 5, 7]",93.01580810546875,46.05963134765625,46.9561767578125,143,93.01580810546875,46.5748291015625,46.44097900390625,141
2025-07-17T21:01:09.385914,0,19,"[0, 1, 2, 3, 4, 5, 6, 7]",93.01580810546875,46.05963134765625,46.9561767578125,143,93.01580810546875,46.5748291015625,46.44097900390625,141
2025-07-17T21:01:09.393012,1,19,"[0, 1, 2, 3, 4, 5, 6, 7]",93.01580810546875,46.05963134765625,46.9561767578125,143,93.01580810546875,46.5748291015625,46.44097900390625,141
2025-07-17T21:01:09.405123,2,19,"[0, 1, 2, 3, 4, 5, 6, 7]",93.01580810546875,46.05963134765625,46.9561767578125,143,93.01580810546875,46.5748291015625,46.44097900390625,141
2025-07-17T21:01:09.406813,3,19,"[0, 1, 2, 3, 4, 5, 6, 7]",93.01580810546875,46.05963134765625,46.9561767578125,143,93.01580810546875,46.5748291015625,46.44097900390625,141
2025-07-17T21:01:09.414575,4,19,"[0, 1, 2, 3, 4, 5, 6, 7]",93.01580810546875,46.05963134765625,46.9561767578125,143,93.01580810546875,46.5748291015625,46.44097900390625,141
2025-07-17T21:01:09.421575,0,20,"[0, 1, 2, 3, 4, 5, 6, 7]",93.01580810546875,46.05963134765625,46.9561767578125,143,93.01580810546875,46.5748291015625,46.44097900390625,141
2025-07-17T21:01:09.427727,1,20,"[0, 1, 2, 3, 4, 5, 6, 7]",93.01580810546875,46.05963134765625,46.9561767578125,143,93.01580810546875,46.5748291015625,46.44097900390625,141
2025-07-17T21:01:09.433873,2,20,"[0, 1, 2, 3, 4, 5, 6, 7]",93.01580810546875,46.05963134765625,46.9561767578125,143,93.01580810546875,46.5748291015625,46.44097900390625,141
2025-07-17T21:01:09.441279,3,20,"[0, 1, 2, 3, 4, 5, 6, 7]",93.01580810546875,46.05963134765625,46.9561767578125,143,93.01580810546875,46.5748291015625,46.44097900390625,141
2025-07-17T21:01:09.447796,4,20,"[0, 1, 2, 3, 4, 5, 6, 7]",93.01580810546875,46.05963134765625,46.9561767578125,143,93.01580810546875,46.5748291015625,46.44097900390625,141
2025-07-17T21:01:09.454298,0,21,"[0, 1, 2, 3, 4, 5, 6, 7]",93.01580810546875,46.05963134765625,46.9561767578125,143,93.01580810546875,46.5748291015625,46.44097900390625,141
2025-07-17T21:01:09.461412,1,21,"[0, 1, 2, 3, 5, 6, 7]",93.01580810546875,46.05963134765625,46.9561767578125,143,93.01580810546875,46.5748291015625,46.44097900390625,141
2025-07-17T21:01:09.468620,2,21,"[0, 1, 2, 3, 4, 5, 6, 7]",93.01580810546875,46.05963134765625,46.9561767578125,143,93.01580810546875,46.5748291015625,46.44097900390625,141
2025-07-17T21:01:09.475443,3,21,"[0, 1, 2, 3, 5, 6, 7]",93.01580810546875,46.05963134765625,46.9561767578125,143,93.01580810546875,46.5748291015625,46.44097900390625,141
2025-07-17T21:01:09.487706,4,21,"[0, 1, 2, 3, 5, 6, 7]",93.01580810546875,46.05963134765625,46.9561767578125,143,93.01580810546875,46.5748291015625,46.44097900390625,141
2025-07-17T21:01:09.489961,0,22,"[0, 1, 2, 3, 4, 5, 6, 7]",93.01580810546875,46.05963134765625,46.9561767578125,143,93.01580810546875,46.5748291015625,46.44097900390625,141
2025-07-17T21:01:09.496092,1,22,"[0, 2, 3, 4, 5, 6]",93.01580810546875,46.05963134765625,46.9561767578125,143,93.01580810546875,46.5748291015625,46.44097900390625,141
2025-07-17T21:01:09.503597,2,22,"[0, 1, 3, 4, 5, 6, 7]",93.01580810546875,46.05963134765625,46.9561767578125,143,93.01580810546875,46.5748291015625,46.44097900390625,141
2025-07-17T21:01:09.510375,3,22,"[0, 2, 3, 4, 5, 6]",93.01580810546875,46.05963134765625,46.9561767578125,143,93.01580810546875,46.5748291015625,46.44097900390625,141
2025-07-17T21:01:09.517665,4,22,"[0, 2, 3, 4, 5, 6]",93.01580810546875,46.05963134765625,46.9561767578125,143,93.01580810546875,46.5748291015625,46.44097900390625,141
2025-07-17T21:01:09.524624,0,23,"[0, 1, 2, 3, 4, 5, 6, 7]",93.01580810546875,46.05963134765625,46.9561767578125,143,93.01580810546875,46.5748291015625,46.44097900390625,141
2025-07-17T21:01:09.532101,1,23,"[0, 1, 2, 3, 4, 5, 6, 7]",93.01580810546875,46.05963134765625,46.9561767578125,143,93.01580810546875,46.5748291015625,46.44097900390625,141
2025-07-17T21:01:09.539596,2,23,"[0, 1, 2, 3, 4, 5, 6, 7]",93.01580810546875,46.05963134765625,46.9561767578125,143,93.01580810546875,46.5748291015625,46.44097900390625,141
2025-07-17T21:01:09.546697,3,23,"[0, 1, 2, 3, 4, 5, 6, 7]",93.01580810546875,46.05963134765625,46.9561767578125,143,93.01580810546875,46.5748291015625,46.44097900390625,141
2025-07-17T21:01:09.553710,4,23,"[0, 1, 2, 3, 4, 5, 6, 7]",93.01580810546875,46.05963134765625,46.9561767578125,143,93.01580810546875,46.5748291015625,46.44097900390625,141
2025-07-17T21:01:09.566001,0,24,"[0, 1, 2, 3, 4, 5, 6, 7]",93.01580810546875,46.05963134765625,46.9561767578125,143,93.01580810546875,46.5748291015625,46.44097900390625,141
2025-07-17T21:01:09.567969,1,24,"[0, 1, 3, 4, 5, 6, 7]",93.01580810546875,46.05963134765625,46.9561767578125,143,93.01580810546875,46.5748291015625,46.44097900390625,141
2025-07-17T21:01:09.575760,2,24,"[0, 1, 2, 3, 4, 5, 6, 7]",93.01580810546875,46.05963134765625,46.9561767578125,143,93.01580810546875,46.5748291015625,46.44097900390625,141
2025-07-17T21:01:09.582118,3,24,"[0, 1, 3, 4, 5, 6, 7]",93.01580810546875,46.05963134765625,46.9561767578125,143,93.01580810546875,46.5748291015625,46.44097900390625,141
2025-07-17T21:01:09.588400,4,24,"[0, 1, 3, 4, 5, 6, 7]",93.01580810546875,46.05963134765625,46.9561767578125,143,93.01580810546875,46.5748291015625,46.44097900390625,141
2025-07-17T21:01:09.594967,0,25,"[0, 1, 2, 3, 4, 5, 6, 7]",93.01580810546875,46.05963134765625,46.9561767578125,143,93.01580810546875,46.5748291015625,46.44097900390625,141
2025-07-17T21:01:09.607961,1,25,"[0, 1, 2, 3, 4, 5, 6, 7]",93.01580810546875,46.05963134765625,46.9561767578125,143,93.01580810546875,46.5748291015625,46.44097900390625,141
2025-07-17T21:01:09.609768,2,25,"[0, 1, 2, 3, 4, 5, 6, 7]",93.01580810546875,46.05963134765625,46.9561767578125,143,93.01580810546875,46.5748291015625,46.44097900390625,141
2025-07-17T21:01:09.616928,3,25,"[0, 1, 2, 3, 4, 5, 6, 7]",93.01580810546875,46.05963134765625,46.9561767578125,143,93.01580810546875,46.5748291015625,46.44097900390625,141
2025-07-17T21:01:09.623644,4,25,"[0, 1, 2, 3, 4, 5, 6, 7]",93.01580810546875,46.05963134765625,46.9561767578125,143,93.01580810546875,46.5748291015625,46.44097900390625,141
2025-07-17T21:01:09.630985,0,26,"[0, 1, 2, 3, 4, 5, 6, 7]",93.01580810546875,46.05963134765625,46.9561767578125,143,93.01580810546875,46.5748291015625,46.44097900390625,141
2025-07-17T21:01:09.642184,1,26,"[0, 1, 2, 3, 4, 5, 6, 7]",93.01580810546875,46.05963134765625,46.9561767578125,143,93.01580810546875,46.5748291015625,46.44097900390625,141
2025-07-17T21:01:09.648923,2,26,"[0, 1, 2, 3, 4, 5, 6, 7]",93.01580810546875,46.05963134765625,46.9561767578125,143,93.01580810546875,46.5748291015625,46.44097900390625,141
2025-07-17T21:01:09.655616,3,26,"[0, 1, 2, 3, 4, 5, 6, 7]",93.01580810546875,46.05963134765625,46.9561767578125,143,93.01580810546875,46.5748291015625,46.44097900390625,141
2025-07-17T21:01:09.662555,4,26,"[0, 1, 2, 3, 4, 5, 6, 7]",93.01580810546875,46.05963134765625,46.9561767578125,143,93.01580810546875,46.5748291015625,46.44097900390625,141
2025-07-17T21:01:09.669349,0,27,"[0, 1, 2, 3, 4, 5, 6, 7]",93.01580810546875,46.05963134765625,46.9561767578125,143,93.01580810546875,46.5748291015625,46.44097900390625,141
2025-07-17T21:01:09.677220,1,27,"[0, 1, 2, 3, 4, 5, 7]",93.01580810546875,46.05963134765625,46.9561767578125,143,93.01580810546875,46.5748291015625,46.44097900390625,141
2025-07-17T21:01:09.684498,2,27,"[0, 1, 2, 3, 4, 5, 6, 7]",93.01580810546875,46.05963134765625,46.9561767578125,143,93.01580810546875,46.5748291015625,46.44097900390625,141
2025-07-17T21:01:09.692054,3,27,"[0, 1, 2, 3, 4, 5, 7]",93.01580810546875,46.05963134765625,46.9561767578125,143,93.01580810546875,46.5748291015625,46.44097900390625,141
2025-07-17T21:01:09.698319,4,27,"[0, 1, 2, 3, 4, 5, 7]",93.01580810546875,46.05963134765625,46.9561767578125,143,93.01580810546875,46.5748291015625,46.44097900390625,141
2025-07-17T21:01:09.705368,0,28,"[0, 1, 2, 3, 4, 5, 6, 7]",93.01580810546875,46.05963134765625,46.9561767578125,143,93.01580810546875,46.5748291015625,46.44097900390625,141
2025-07-17T21:01:09.709295,1,28,"[0, 1, 2, 3, 4, 5, 6, 7]",93.01580810546875,46.05963134765625,46.9561767578125,143,93.01580810546875,46.5748291015625,46.44097900390625,141
2025-07-17T21:01:09.716064,2,28,"[0, 1, 2, 3, 4, 5, 6, 7]",93.01580810546875,46.05963134765625,46.9561767578125,143,93.01580810546875,46.5748291015625,46.44097900390625,141
2025-07-17T21:01:09.722781,3,28,"[0, 1, 2, 3, 4, 5, 6, 7]",93.01580810546875,46.05963134765625,46.9561767578125,143,93.01580810546875,46.5748291015625,46.44097900390625,141
2025-07-17T21:01:09.729363,4,28,"[0, 1, 2, 3, 4, 5, 6, 7]",93.01580810546875,46.05963134765625,46.9561767578125,143,93.01580810546875,46.5748291015625,46.44097900390625,141
2025-07-17T21:01:09.736352,0,29,"[0, 1, 2, 3, 4, 5, 6, 7]",93.01580810546875,46.05963134765625,46.9561767578125,143,93.01580810546875,46.5748291015625,46.44097900390625,141
2025-07-17T21:01:09.742973,1,29,"[0, 1, 2, 3, 4, 5, 6, 7]",93.01580810546875,46.05963134765625,46.9561767578125,143,93.01580810546875,46.5748291015625,46.44097900390625,141
2025-07-17T21:01:09.750122,2,29,"[0, 1, 2, 3, 4, 5, 6, 7]",93.01580810546875,46.05963134765625,46.9561767578125,143,93.01580810546875,46.5748291015625,46.44097900390625,141
2025-07-17T21:01:09.757358,3,29,"[0, 1, 2, 3, 4, 5, 6, 7]",93.01580810546875,46.05963134765625,46.9561767578125,143,93.01580810546875,46.5748291015625,46.44097900390625,141
2025-07-17T21:01:09.763917,4,29,"[0, 1, 2, 3, 4, 5, 6, 7]",93.01580810546875,46.05963134765625,46.9561767578125,143,93.01580810546875,46.5748291015625,46.44097900390625,141
2025-07-17T21:01:09.771855,0,30,"[0, 1, 2, 3, 4, 5, 6, 7]",93.01580810546875,46.05963134765625,46.9561767578125,143,93.01580810546875,46.5748291015625,46.44097900390625,141
2025-07-17T21:01:09.778089,1,30,"[0, 1, 2, 3, 4, 5, 6, 7]",93.01580810546875,46.05963134765625,46.9561767578125,143,93.01580810546875,46.5748291015625,46.44097900390625,141
2025-07-17T21:01:09.791011,2,30,"[0, 1, 3, 4, 5, 6, 7]",93.01580810546875,46.05963134765625,46.9561767578125,143,93.01580810546875,46.5748291015625,46.44097900390625,141
2025-07-17T21:01:09.792852,3,30,"[0, 1, 2, 3, 4, 5, 6, 7]",93.01580810546875,46.05963134765625,46.9561767578125,143,93.01580810546875,46.5748291015625,46.44097900390625,141
2025-07-17T21:01:09.799900,4,30,"[0, 1, 2, 3, 4, 5, 6, 7]",93.01580810546875,46.05963134765625,46.9561767578125,143,93.01580810546875,46.5748291015625,46.44097900390625,141
2025-07-17T21:01:09.811193,0,31,"[0, 1, 2, 3, 4, 5, 6, 7]",93.01580810546875,46.05963134765625,46.9561767578125,143,93.01580810546875,46.5748291015625,46.44097900390625,141
2025-07-17T21:01:09.820103,1,31,"[0, 1, 2, 3, 4, 5, 6, 7]",93.01580810546875,46.05963134765625,46.9561767578125,143,93.01580810546875,46.5748291015625,46.44097900390625,141
2025-07-17T21:01:09.828978,2,31,"[0, 1, 2, 3, 4, 5, 6, 7]",93.01580810546875,46.05963134765625,46.9561767578125,143,93.01580810546875,46.5748291015625,46.44097900390625,141
2025-07-17T21:01:09.836961,3,31,"[0, 1, 2, 3, 4, 5, 6, 7]",93.01580810546875,46.05963134765625,46.9561767578125,143,93.01580810546875,46.5748291015625,46.44097900390625,141
2025-07-17T21:01:09.840640,4,31,"[0, 1, 2, 3, 4, 5, 6, 7]",93.01580810546875,46.05963134765625,46.9561767578125,143,93.01580810546875,46.5748291015625,46.44097900390625,141
2025-07-17T21:01:09.857151,0,0,"[0, 1, 2, 3, 4, 5, 6, 7]",93.01580810546875,46.05963134765625,46.9561767578125,143,93.01580810546875,46.5748291015625,46.44097900390625,141
2025-07-17T21:01:09.864102,1,0,"[0, 1, 2, 4, 5, 6, 7]",93.01580810546875,46.05963134765625,46.9561767578125,143,93.01580810546875,46.5748291015625,46.44097900390625,141
2025-07-17T21:01:09.871018,2,0,"[0, 1, 2, 3, 4, 5, 6, 7]",93.01580810546875,46.05963134765625,46.9561767578125,143,93.01580810546875,46.5748291015625,46.44097900390625,141
2025-07-17T21:01:09.874892,3,0,"[0, 1, 2, 4, 5, 6, 7]",93.01580810546875,46.05963134765625,46.9561767578125,143,93.01580810546875,46.5748291015625,46.44097900390625,141
2025-07-17T21:01:09.885317,4,0,"[0, 1, 2, 4, 5, 6, 7]",93.01580810546875,46.05963134765625,46.9561767578125,143,93.01580810546875,46.5748291015625,46.44097900390625,141
2025-07-17T21:01:09.892034,0,1,"[0, 1, 2, 4, 5, 6, 7]",93.01580810546875,46.05963134765625,46.9561767578125,143,93.01580810546875,46.5748291015625,46.44097900390625,141
2025-07-17T21:01:09.898508,1,1,"[0, 1, 2, 3, 4, 5, 6, 7]",93.01580810546875,46.05963134765625,46.9561767578125,143,93.01580810546875,46.5748291015625,46.44097900390625,141
2025-07-17T21:01:09.904943,2,1,"[0, 1, 2, 3, 4, 5, 6, 7]",93.01580810546875,46.05963134765625,46.9561767578125,143,93.01580810546875,46.5748291015625,46.44097900390625,141
2025-07-17T21:01:09.911964,3,1,"[0, 1, 2, 3, 4, 5, 6, 7]",93.01580810546875,46.05963134765625,46.9561767578125,143,93.01580810546875,46.5748291015625,46.44097900390625,141
2025-07-17T21:01:09.918523,4,1,"[0, 1, 2, 3, 4, 5, 6, 7]",93.01580810546875,46.05963134765625,46.9561767578125,143,93.01580810546875,46.5748291015625,46.44097900390625,141
2025-07-17T21:01:09.924872,0,2,"[0, 1, 2, 3, 4, 5, 6, 7]",93.01580810546875,46.05963134765625,46.9561767578125,143,93.01580810546875,46.5748291015625,46.44097900390625,141
2025-07-17T21:01:09.932113,1,2,"[0, 1, 2, 3, 4, 6, 7]",93.01580810546875,46.05963134765625,46.9561767578125,143,93.01580810546875,46.5748291015625,46.44097900390625,141
2025-07-17T21:01:09.935690,2,2,"[0, 1, 2, 3, 4, 5, 6, 7]",93.01580810546875,46.05963134765625,46.9561767578125,143,93.01580810546875,46.5748291015625,46.44097900390625,141
2025-07-17T21:01:09.946663,3,2,"[0, 1, 2, 3, 4, 6, 7]",93.01580810546875,46.05963134765625,46.9561767578125,143,93.01580810546875,46.5748291015625,46.44097900390625,141
2025-07-17T21:01:09.953702,4,2,"[0, 1, 2, 3, 4, 6, 7]",93.01580810546875,46.05963134765625,46.9561767578125,143,93.01580810546875,46.5748291015625,46.44097900390625,141
2025-07-17T21:01:09.961173,0,3,"[0, 1, 2, 3, 4, 5, 6, 7]",93.01580810546875,46.05963134765625,46.9561767578125,143,93.01580810546875,46.5748291015625,46.44097900390625,141
2025-07-17T21:01:09.968871,1,3,"[0, 1, 2, 3, 4, 5, 6, 7]",93.01580810546875,46.05963134765625,46.9561767578125,143,93.01580810546875,46.5748291015625,46.44097900390625,141
2025-07-17T21:01:09.975217,2,3,"[0, 1, 2, 3, 4, 6, 7]",93.01580810546875,46.05963134765625,46.9561767578125,143,93.01580810546875,46.5748291015625,46.44097900390625,141
2025-07-17T21:01:09.981998,3,3,"[0, 1, 2, 3, 4, 5, 6, 7]",93.01580810546875,46.05963134765625,46.9561767578125,143,93.01580810546875,46.5748291015625,46.44097900390625,141
2025-07-17T21:01:09.989427,4,3,"[0, 1, 2, 3, 4, 5, 6, 7]",93.01580810546875,46.05963134765625,46.9561767578125,143,93.01580810546875,46.5748291015625,46.44097900390625,141
2025-07-17T21:01:09.996311,0,4,"[0, 1, 2, 3, 4, 5, 6, 7]",93.01580810546875,46.05963134765625,46.9561767578125,143,93.01580810546875,46.5748291015625,46.44097900390625,141
2025-07-17T21:01:10.003605,1,4,"[0, 1, 2, 3, 4, 6, 7]",93.01580810546875,46.05963134765625,46.9561767578125,143,93.01580810546875,46.5748291015625,46.44097900390625,141
2025-07-17T21:01:10.010792,2,4,"[0, 1, 2, 3, 4, 5, 6, 7]",93.01580810546875,46.05963134765625,46.9561767578125,143,93.01580810546875,46.5748291015625,46.44097900390625,141
2025-07-17T21:01:10.017414,3,4,"[0, 1, 2, 3, 4, 6, 7]",93.01580810546875,46.05963134765625,46.9561767578125,143,93.01580810546875,46.5748291015625,46.44097900390625,141
2025-07-17T21:01:10.024299,4,4,"[0, 1, 2, 3, 4, 6, 7]",93.01580810546875,46.05963134765625,46.9561767578125,143,93.01580810546875,46.5748291015625,46.44097900390625,141
2025-07-17T21:01:10.031209,0,5,"[0, 1, 2, 3, 4, 5, 6, 7]",93.01580810546875,46.05963134765625,46.9561767578125,143,93.01580810546875,46.5748291015625,46.44097900390625,141
2025-07-17T21:01:10.038057,1,5,"[0, 1, 2, 3, 4, 6, 7]",93.01580810546875,46.05963134765625,46.9561767578125,143,93.01580810546875,46.5748291015625,46.44097900390625,141
2025-07-17T21:01:10.045162,2,5,"[0, 1, 2, 3, 4, 5, 6, 7]",93.01580810546875,46.05963134765625,46.9561767578125,143,93.01580810546875,46.5748291015625,46.44097900390625,141
2025-07-17T21:01:10.052108,3,5,"[0, 1, 2, 3, 4, 6, 7]",93.01580810546875,46.05963134765625,46.9561767578125,143,93.01580810546875,46.5748291015625,46.44097900390625,141
2025-07-17T21:01:10.059307,4,5,"[0, 1, 2, 3, 4, 6, 7]",93.01580810546875,46.05963134765625,46.9561767578125,143,93.01580810546875,46.5748291015625,46.44097900390625,141
2025-07-17T21:01:10.066252,0,6,"[0, 1, 2, 3, 4, 5, 6, 7]",93.01580810546875,46.05963134765625,46.9561767578125,143,93.01580810546875,46.5748291015625,46.44097900390625,141
2025-07-17T21:01:10.074259,1,6,"[0, 1, 2, 3, 4, 5, 6, 7]",93.01580810546875,46.05963134765625,46.9561767578125,143,93.01580810546875,46.5748291015625,46.44097900390625,141
2025-07-17T21:01:10.081111,2,6,"[0, 1, 2, 3, 4, 5, 6, 7]",93.01580810546875,46.05963134765625,46.9561767578125,143,93.01580810546875,46.5748291015625,46.44097900390625,141
2025-07-17T21:01:10.088088,3,6,"[0, 1, 2, 3, 4, 5, 6, 7]",93.01580810546875,46.05963134765625,46.9561767578125,143,93.01580810546875,46.5748291015625,46.44097900390625,141
2025-07-17T21:01:10.095053,4,6,"[0, 1, 2, 3, 4, 5, 6, 7]",93.01580810546875,46.05963134765625,46.9561767578125,143,93.01580810546875,46.5748291015625,46.44097900390625,141
2025-07-17T21:01:10.102107,0,7,"[0, 1, 2, 3, 4, 5, 6, 7]",93.01580810546875,46.05963134765625,46.9561767578125,143,93.01580810546875,46.5748291015625,46.44097900390625,141
2025-07-17T21:01:10.108994,1,7,"[1, 2, 3, 4, 5, 6, 7]",93.01580810546875,46.05963134765625,46.9561767578125,143,93.01580810546875,46.5748291015625,46.44097900390625,141
2025-07-17T21:01:10.116030,2,7,"[0, 1, 2, 3, 4, 5, 6, 7]",93.01580810546875,46.05963134765625,46.9561767578125,143,93.01580810546875,46.5748291015625,46.44097900390625,141
2025-07-17T21:01:10.122677,3,7,"[1, 2, 3, 4, 5, 6, 7]",93.01580810546875,46.05963134765625,46.9561767578125,143,93.01580810546875,46.5748291015625,46.44097900390625,141
2025-07-17T21:01:10.130030,4,7,"[1, 2, 3, 4, 5, 6, 7]",93.01580810546875,46.05963134765625,46.9561767578125,143,93.01580810546875,46.5748291015625,46.44097900390625,141
2025-07-17T21:01:10.137041,0,8,"[0, 1, 2, 3, 4, 5, 6, 7]",93.01580810546875,46.05963134765625,46.9561767578125,143,93.01580810546875,46.5748291015625,46.44097900390625,141
2025-07-17T21:01:10.145212,1,8,"[0, 1, 2, 3, 4, 5, 6, 7]",93.01580810546875,46.05963134765625,46.9561767578125,143,93.01580810546875,46.5748291015625,46.44097900390625,141
2025-07-17T21:01:10.152493,2,8,"[0, 1, 2, 3, 4, 5, 6, 7]",93.01580810546875,46.05963134765625,46.9561767578125,143,93.01580810546875,46.5748291015625,46.44097900390625,141
2025-07-17T21:01:10.159382,3,8,"[0, 1, 2, 3, 4, 5, 6, 7]",93.01580810546875,46.05963134765625,46.9561767578125,143,93.01580810546875,46.5748291015625,46.44097900390625,141
2025-07-17T21:01:10.166729,4,8,"[0, 1, 2, 3, 4, 5, 6, 7]",93.01580810546875,46.05963134765625,46.9561767578125,143,93.01580810546875,46.5748291015625,46.44097900390625,141
2025-07-17T21:01:10.174508,0,9,"[0, 1, 2, 3, 4, 5, 6, 7]",93.01580810546875,46.05963134765625,46.9561767578125,143,93.01580810546875,46.5748291015625,46.44097900390625,141
2025-07-17T21:01:10.181899,1,9,"[0, 1, 2, 3, 4, 5, 6, 7]",93.01580810546875,46.05963134765625,46.9561767578125,143,93.01580810546875,46.5748291015625,46.44097900390625,141
2025-07-17T21:01:10.189400,2,9,"[0, 1, 2, 3, 4, 5, 6, 7]",93.01580810546875,46.05963134765625,46.9561767578125,143,93.01580810546875,46.5748291015625,46.44097900390625,141
2025-07-17T21:01:10.197068,3,9,"[0, 1, 2, 3, 4, 5, 6, 7]",93.01580810546875,46.05963134765625,46.9561767578125,143,93.01580810546875,46.5748291015625,46.44097900390625,141
2025-07-17T21:01:10.203770,4,9,"[0, 1, 2, 3, 4, 5, 6, 7]",93.01580810546875,46.05963134765625,46.9561767578125,143,93.01580810546875,46.5748291015625,46.44097900390625,141
2025-07-17T21:01:10.210603,0,10,"[0, 1, 2, 3, 4, 5, 6, 7]",93.01580810546875,46.05963134765625,46.9561767578125,143,93.01580810546875,46.5748291015625,46.44097900390625,141
2025-07-17T21:01:10.217483,1,10,"[0, 1, 2, 4, 6, 7]",93.01580810546875,46.05963134765625,46.9561767578125,143,93.01580810546875,46.5748291015625,46.44097900390625,141
2025-07-17T21:01:10.223975,2,10,"[0, 1, 2, 3, 4, 5, 6, 7]",93.01580810546875,46.05963134765625,46.9561767578125,143,93.01580810546875,46.5748291015625,46.44097900390625,141
2025-07-17T21:01:10.231165,3,10,"[0, 1, 2, 4, 6, 7]",93.01580810546875,46.05963134765625,46.9561767578125,143,93.01580810546875,46.5748291015625,46.44097900390625,141
2025-07-17T21:01:10.238190,4,10,"[0, 1, 2, 4, 6, 7]",93.01580810546875,46.05963134765625,46.9561767578125,143,93.01580810546875,46.5748291015625,46.44097900390625,141
2025-07-17T21:01:10.247362,0,11,"[0, 1, 2, 3, 4, 5, 6, 7]",93.01580810546875,46.05963134765625,46.9561767578125,143,93.01580810546875,46.5748291015625,46.44097900390625,141
2025-07-17T21:01:10.254475,1,11,"[0, 1, 2, 3, 4, 5, 6, 7]",93.01580810546875,46.05963134765625,46.9561767578125,143,93.01580810546875,46.5748291015625,46.44097900390625,141
2025-07-17T21:01:10.261206,2,11,"[0, 1, 2, 3, 4, 5, 6, 7]",93.01580810546875,46.05963134765625,46.9561767578125,143,93.01580810546875,46.5748291015625,46.44097900390625,141
2025-07-17T21:01:10.268423,3,11,"[0, 1, 2, 3, 4, 5, 6, 7]",93.01580810546875,46.05963134765625,46.9561767578125,143,93.01580810546875,46.5748291015625,46.44097900390625,141
2025-07-17T21:01:10.275326,4,11,"[0, 1, 2, 3, 4, 5, 6, 7]",93.01580810546875,46.05963134765625,46.9561767578125,143,93.01580810546875,46.5748291015625,46.44097900390625,141
2025-07-17T21:01:10.282345,0,12,"[0, 1, 2, 3, 4, 5, 6, 7]",93.01580810546875,46.05963134765625,46.9561767578125,143,93.01580810546875,46.5748291015625,46.44097900390625,141
2025-07-17T21:01:10.288853,1,12,"[0, 1, 2, 3, 4, 5, 6]",93.01580810546875,46.05963134765625,46.9561767578125,143,93.01580810546875,46.5748291015625,46.44097900390625,141
2025-07-17T21:01:10.296633,2,12,"[0, 1, 2, 3, 4, 5, 6, 7]",93.01580810546875,46.05963134765625,46.9561767578125,143,93.01580810546875,46.5748291015625,46.44097900390625,141
2025-07-17T21:01:10.304094,3,12,"[0, 1, 2, 3, 4, 5, 6]",93.01580810546875,46.05963134765625,46.9561767578125,143,93.01580810546875,46.5748291015625,46.44097900390625,141
2025-07-17T21:01:10.311120,4,12,"[0, 1, 2, 3, 4, 5, 6]",93.01580810546875,46.05963134765625,46.9561767578125,143,93.01580810546875,46.5748291015625,46.44097900390625,141
2025-07-17T21:01:10.318301,0,13,"[0, 1, 2, 3, 4, 5, 6, 7]",93.01580810546875,46.05963134765625,46.9561767578125,143,93.01580810546875,46.5748291015625,46.44097900390625,141
2025-07-17T21:01:10.322363,1,13,"[0, 1, 2, 3, 4, 5, 7]",93.01580810546875,46.05963134765625,46.9561767578125,143,93.01580810546875,46.5748291015625,46.44097900390625,141
2025-07-17T21:01:10.333990,2,13,"[0, 1, 2, 3, 4, 5, 6, 7]",93.01580810546875,46.05963134765625,46.9561767578125,143,93.01580810546875,46.5748291015625,46.44097900390625,141
2025-07-17T21:01:10.341001,3,13,"[0, 1, 2, 3, 4, 5, 7]",93.01580810546875,46.05963134765625,46.9561767578125,143,93.01580810546875,46.5748291015625,46.44097900390625,141
2025-07-17T21:01:10.348506,4,13,"[0, 1, 2, 3, 4, 5, 7]",93.01580810546875,46.05963134765625,46.9561767578125,143,93.01580810546875,46.5748291015625,46.44097900390625,141
2025-07-17T21:01:10.350722,0,14,"[0, 1, 2, 3, 4, 5, 6, 7]",93.01580810546875,46.05963134765625,46.9561767578125,143,93.01580810546875,46.5748291015625,46.44097900390625,141
2025-07-17T21:01:10.358025,1,14,"[0, 1, 2, 4, 5, 6, 7]",93.01580810546875,46.05963134765625,46.9561767578125,143,93.01580810546875,46.5748291015625,46.44097900390625,141
2025-07-17T21:01:10.364871,2,14,"[0, 1, 2, 3, 4, 5, 6, 7]",93.01580810546875,46.05963134765625,46.9561767578125,143,93.01580810546875,46.5748291015625,46.44097900390625,141
2025-07-17T21:01:10.371671,3,14,"[0, 1, 2, 4, 5, 6, 7]",93.01580810546875,46.05963134765625,46.9561767578125,143,93.01580810546875,46.5748291015625,46.44097900390625,141
2025-07-17T21:01:10.378444,4,14,"[0, 1, 2, 4, 5, 6, 7]",93.01580810546875,46.05963134765625,46.9561767578125,143,93.01580810546875,46.5748291015625,46.44097900390625,141
2025-07-17T21:01:10.385382,0,15,"[0, 1, 2, 3, 4, 5, 6, 7]",93.01580810546875,46.05963134765625,46.9561767578125,143,93.01580810546875,46.5748291015625,46.44097900390625,141
2025-07-17T21:01:10.397138,1,15,"[0, 1, 2, 3, 4, 5, 6]",93.01580810546875,46.05963134765625,46.9561767578125,143,93.01580810546875,46.5748291015625,46.44097900390625,141
2025-07-17T21:01:10.404415,2,15,"[0, 1, 2, 3, 4, 5, 6, 7]",93.01580810546875,46.05963134765625,46.9561767578125,143,93.01580810546875,46.5748291015625,46.44097900390625,141
2025-07-17T21:01:10.411787,3,15,"[0, 1, 2, 3, 4, 5, 6]",93.01580810546875,46.05963134765625,46.9561767578125,143,93.01580810546875,46.5748291015625,46.44097900390625,141
2025-07-17T21:01:10.419142,4,15,"[0, 1, 2, 3, 4, 5, 6]",93.01580810546875,46.05963134765625,46.9561767578125,143,93.01580810546875,46.5748291015625,46.44097900390625,141
2025-07-17T21:01:10.426174,0,16,"[0, 1, 2, 3, 4, 5, 6, 7]",93.01580810546875,46.05963134765625,46.9561767578125,143,93.01580810546875,46.5748291015625,46.44097900390625,141
2025-07-17T21:01:10.432966,1,16,"[0, 2, 3, 4, 5, 6, 7]",93.01580810546875,46.05963134765625,46.9561767578125,143,93.01580810546875,46.5748291015625,46.44097900390625,141
2025-07-17T21:01:10.439915,2,16,"[0, 1, 2, 3, 4, 5, 6, 7]",93.01580810546875,46.05963134765625,46.9561767578125,143,93.01580810546875,46.5748291015625,46.44097900390625,141
2025-07-17T21:01:10.446806,3,16,"[0, 2, 3, 4, 5, 6, 7]",93.01580810546875,46.05963134765625,46.9561767578125,143,93.01580810546875,46.5748291015625,46.44097900390625,141
2025-07-17T21:01:10.453708,4,16,"[0, 2, 3, 4, 5, 6, 7]",93.01580810546875,46.05963134765625,46.9561767578125,143,93.01580810546875,46.5748291015625,46.44097900390625,141
2025-07-17T21:01:10.460188,0,17,"[0, 1, 2, 3, 4, 5, 6, 7]",93.01580810546875,46.05963134765625,46.9561767578125,143,93.01580810546875,46.5748291015625,46.44097900390625,141
2025-07-17T21:01:10.466488,1,17,"[1, 2, 3, 4, 5, 6, 7]",93.01580810546875,46.05963134765625,46.9561767578125,143,93.01580810546875,46.5748291015625,46.44097900390625,141
2025-07-17T21:01:10.473171,2,17,"[0, 1, 2, 3, 4, 5, 6, 7]",93.01580810546875,46.05963134765625,46.9561767578125,143,93.01580810546875,46.5748291015625,46.44097900390625,141
2025-07-17T21:01:10.483282,3,17,"[1, 2, 3, 4, 5, 6, 7]",93.01580810546875,46.05963134765625,46.9561767578125,143,93.01580810546875,46.5748291015625,46.44097900390625,141
2025-07-17T21:01:10.490664,4,17,"[1, 2, 3, 4, 5, 6, 7]",93.01580810546875,46.05963134765625,46.9561767578125,143,93.01580810546875,46.5748291015625,46.44097900390625,141
2025-07-17T21:01:10.492882,0,18,"[0, 1, 2, 3, 4, 5, 6, 7]",93.01580810546875,46.05963134765625,46.9561767578125,143,93.01580810546875,46.5748291015625,46.44097900390625,141
2025-07-17T21:01:10.500186,1,18,"[0, 1, 2, 3, 5, 6, 7]",93.01580810546875,46.05963134765625,46.9561767578125,143,93.01580810546875,46.5748291015625,46.44097900390625,141
2025-07-17T21:01:10.512800,2,18,"[0, 1, 2, 3, 4, 5, 6, 7]",93.01580810546875,46.05963134765625,46.9561767578125,143,93.01580810546875,46.5748291015625,46.44097900390625,141
2025-07-17T21:01:10.514756,3,18,"[0, 1, 2, 3, 5, 6, 7]",93.01580810546875,46.05963134765625,46.9561767578125,143,93.01580810546875,46.5748291015625,46.44097900390625,141
2025-07-17T21:01:10.527147,4,18,"[0, 1, 2, 3, 5, 6, 7]",93.01580810546875,46.05963134765625,46.9561767578125,143,93.01580810546875,46.5748291015625,46.44097900390625,141
2025-07-17T21:01:10.530351,0,19,"[0, 1, 2, 3, 4, 5, 6, 7]",93.01580810546875,46.05963134765625,46.9561767578125,143,93.01580810546875,46.5748291015625,46.44097900390625,141
2025-07-17T21:01:10.537298,1,19,"[0, 1, 2, 3, 4, 5, 6, 7]",93.01580810546875,46.05963134765625,46.9561767578125,143,93.01580810546875,46.5748291015625,46.44097900390625,141
2025-07-17T21:01:10.543859,2,19,"[0, 1, 2, 3, 4, 5, 6, 7]",93.01580810546875,46.05963134765625,46.9561767578125,143,93.01580810546875,46.5748291015625,46.44097900390625,141
2025-07-17T21:01:10.549905,3,19,"[0, 1, 2, 3, 4, 5, 6, 7]",93.01580810546875,46.05963134765625,46.9561767578125,143,93.01580810546875,46.5748291015625,46.44097900390625,141
2025-07-17T21:01:10.556551,4,19,"[0, 1, 2, 3, 4, 5, 6, 7]",93.01580810546875,46.05963134765625,46.9561767578125,143,93.01580810546875,46.5748291015625,46.44097900390625,141
2025-07-17T21:01:10.562988,0,20,"[0, 1, 2, 3, 4, 5, 6, 7]",93.01580810546875,46.05963134765625,46.9561767578125,143,93.01580810546875,46.5748291015625,46.44097900390625,141
2025-07-17T21:01:10.569406,1,20,"[0, 1, 2, 3, 4, 5, 6]",93.01580810546875,46.05963134765625,46.9561767578125,143,93.01580810546875,46.5748291015625,46.44097900390625,141
2025-07-17T21:01:10.576255,2,20,"[0, 1, 2, 3, 4, 5, 6]",93.01580810546875,46.05963134765625,46.9561767578125,143,93.01580810546875,46.5748291015625,46.44097900390625,141
2025-07-17T21:01:10.584102,3,20,"[0, 1, 2, 3, 4, 5, 6]",93.01580810546875,46.05963134765625,46.9561767578125,143,93.01580810546875,46.5748291015625,46.44097900390625,141
2025-07-17T21:01:10.595809,4,20,"[0, 1, 2, 3, 4, 5, 6]",93.01580810546875,46.05963134765625,46.9561767578125,143,93.01580810546875,46.5748291015625,46.44097900390625,141
2025-07-17T21:01:10.597820,0,21,"[0, 1, 2, 3, 4, 5, 6, 7]",93.01580810546875,46.05963134765625,46.9561767578125,143,93.01580810546875,46.5748291015625,46.44097900390625,141
2025-07-17T21:01:10.604174,1,21,"[0, 1, 2, 3, 4, 5, 6, 7]",93.01580810546875,46.05963134765625,46.9561767578125,143,93.01580810546875,46.5748291015625,46.44097900390625,141
2025-07-17T21:01:10.616244,2,21,"[0, 1, 2, 3, 4, 5, 6, 7]",93.01580810546875,46.05963134765625,46.9561767578125,143,93.01580810546875,46.5748291015625,46.44097900390625,141
2025-07-17T21:01:10.622986,3,21,"[0, 1, 2, 3, 4, 5, 6, 7]",93.01580810546875,46.05963134765625,46.9561767578125,143,93.01580810546875,46.5748291015625,46.44097900390625,141
2025-07-17T21:01:10.629292,4,21,"[0, 1, 2, 3, 4, 5, 6, 7]",93.01580810546875,46.05963134765625,46.9561767578125,143,93.01580810546875,46.5748291015625,46.44097900390625,141
2025-07-17T21:01:10.636250,0,22,"[0, 1, 2, 3, 4, 5, 6, 7]",93.01580810546875,46.05963134765625,46.9561767578125,143,93.01580810546875,46.5748291015625,46.44097900390625,141
2025-07-17T21:01:10.643291,1,22,"[0, 1, 2, 3, 4, 5, 6, 7]",93.01580810546875,46.05963134765625,46.9561767578125,143,93.01580810546875,46.5748291015625,46.44097900390625,141
2025-07-17T21:01:10.649874,2,22,"[0, 1, 2, 3, 4, 5, 6, 7]",93.01580810546875,46.05963134765625,46.9561767578125,143,93.01580810546875,46.5748291015625,46.44097900390625,141
2025-07-17T21:01:10.657126,3,22,"[0, 1, 2, 3, 4, 5, 6, 7]",93.01580810546875,46.05963134765625,46.9561767578125,143,93.01580810546875,46.5748291015625,46.44097900390625,141
2025-07-17T21:01:10.664411,4,22,"[0, 1, 2, 3, 4, 5, 6, 7]",93.01580810546875,46.05963134765625,46.9561767578125,143,93.01580810546875,46.5748291015625,46.44097900390625,141
2025-07-17T21:01:10.671850,0,23,"[0, 1, 2, 3, 4, 5, 6, 7]",93.01580810546875,46.05963134765625,46.9561767578125,143,93.01580810546875,46.5748291015625,46.44097900390625,141
2025-07-17T21:01:10.679007,1,23,"[0, 1, 2, 3, 4, 5, 6, 7]",93.01580810546875,46.05963134765625,46.9561767578125,143,93.01580810546875,46.5748291015625,46.44097900390625,141
2025-07-17T21:01:10.686721,2,23,"[0, 1, 2, 3, 4, 5, 6, 7]",93.01580810546875,46.05963134765625,46.9561767578125,143,93.01580810546875,46.5748291015625,46.44097900390625,141
2025-07-17T21:01:10.693742,3,23,"[0, 1, 2, 3, 4, 5, 6, 7]",93.01580810546875,46.05963134765625,46.9561767578125,143,93.01580810546875,46.5748291015625,46.44097900390625,141
2025-07-17T21:01:10.700335,4,23,"[0, 1, 2, 3, 4, 5, 6, 7]",93.01580810546875,46.05963134765625,46.9561767578125,143,93.01580810546875,46.5748291015625,46.44097900390625,141
2025-07-17T21:01:10.707555,0,24,"[0, 1, 2, 3, 4, 5, 6, 7]",93.01580810546875,46.05963134765625,46.9561767578125,143,93.01580810546875,46.5748291015625,46.44097900390625,141
2025-07-17T21:01:10.714554,1,24,"[0, 1, 2, 3, 4, 5, 6, 7]",93.01580810546875,46.05963134765625,46.9561767578125,143,93.01580810546875,46.5748291015625,46.44097900390625,141
2025-07-17T21:01:10.721675,2,24,"[0, 1, 2, 3, 4, 5, 6, 7]",93.01580810546875,46.05963134765625,46.9561767578125,143,93.01580810546875,46.5748291015625,46.44097900390625,141
2025-07-17T21:01:10.728318,3,24,"[0, 1, 2, 3, 4, 5, 6, 7]",93.01580810546875,46.05963134765625,46.9561767578125,143,93.01580810546875,46.5748291015625,46.44097900390625,141
2025-07-17T21:01:10.734738,4,24,"[0, 1, 2, 3, 4, 5, 6, 7]",93.01580810546875,46.05963134765625,46.9561767578125,143,93.01580810546875,46.5748291015625,46.44097900390625,141
2025-07-17T21:01:10.742009,0,25,"[0, 1, 2, 3, 4, 5, 6]",93.01580810546875,46.05963134765625,46.9561767578125,143,93.01580810546875,46.5748291015625,46.44097900390625,141
2025-07-17T21:01:10.748560,1,25,"[0, 1, 2, 3, 4, 5, 6, 7]",93.01580810546875,46.05963134765625,46.9561767578125,143,93.01580810546875,46.5748291015625,46.44097900390625,141
2025-07-17T21:01:10.755818,2,25,"[0, 1, 2, 3, 4, 5, 6, 7]",93.01580810546875,46.05963134765625,46.9561767578125,143,93.01580810546875,46.5748291015625,46.44097900390625,141
2025-07-17T21:01:10.762288,3,25,"[0, 1, 2, 3, 4, 5, 6, 7]",93.01580810546875,46.05963134765625,46.9561767578125,143,93.01580810546875,46.5748291015625,46.44097900390625,141
2025-07-17T21:01:10.769103,4,25,"[0, 1, 2, 3, 4, 5, 6, 7]",93.01580810546875,46.05963134765625,46.9561767578125,143,93.01580810546875,46.5748291015625,46.44097900390625,141
2025-07-17T21:01:10.775500,0,26,"[0, 1, 2, 3, 4, 5, 6, 7]",93.01580810546875,46.05963134765625,46.9561767578125,143,93.01580810546875,46.5748291015625,46.44097900390625,141
2025-07-17T21:01:10.782946,1,26,"[0, 1, 2, 3, 4, 5, 6, 7]",93.01580810546875,46.05963134765625,46.9561767578125,143,93.01580810546875,46.5748291015625,46.44097900390625,141
2025-07-17T21:01:10.790215,2,26,"[0, 1, 2, 3, 4, 5, 6, 7]",93.01580810546875,46.05963134765625,46.9561767578125,143,93.01580810546875,46.5748291015625,46.44097900390625,141
2025-07-17T21:01:10.797251,3,26,"[0, 1, 2, 3, 4, 5, 6, 7]",93.01580810546875,46.05963134765625,46.9561767578125,143,93.01580810546875,46.5748291015625,46.44097900390625,141
2025-07-17T21:01:10.804730,4,26,"[0, 1, 2, 3, 4, 5, 6, 7]",93.01580810546875,46.05963134765625,46.9561767578125,143,93.01580810546875,46.5748291015625,46.44097900390625,141
2025-07-17T21:01:10.811849,0,27,"[0, 1, 2, 3, 4, 5, 6, 7]",93.01580810546875,46.05963134765625,46.9561767578125,143,93.01580810546875,46.5748291015625,46.44097900390625,141
2025-07-17T21:01:10.818380,1,27,"[0, 1, 3, 4, 5, 6, 7]",93.01580810546875,46.05963134765625,46.9561767578125,143,93.01580810546875,46.5748291015625,46.44097900390625,141
2025-07-17T21:01:10.825262,2,27,"[0, 1, 2, 3, 4, 5, 6, 7]",93.01580810546875,46.05963134765625,46.9561767578125,143,93.01580810546875,46.5748291015625,46.44097900390625,141
2025-07-17T21:01:10.832041,3,27,"[0, 1, 3, 4, 5, 6, 7]",93.01580810546875,46.05963134765625,46.9561767578125,143,93.01580810546875,46.5748291015625,46.44097900390625,141
2025-07-17T21:01:10.839322,4,27,"[0, 1, 3, 4, 5, 6, 7]",93.01580810546875,46.05963134765625,46.9561767578125,143,93.01580810546875,46.5748291015625,46.44097900390625,141
2025-07-17T21:01:10.845824,0,28,"[0, 1, 2, 3, 4, 5, 6, 7]",93.01580810546875,46.05963134765625,46.9561767578125,143,93.01580810546875,46.5748291015625,46.44097900390625,141
2025-07-17T21:01:10.852176,1,28,"[0, 1, 2, 3, 5, 6, 7]",93.01580810546875,46.05963134765625,46.9561767578125,143,93.01580810546875,46.5748291015625,46.44097900390625,141
2025-07-17T21:01:10.859426,2,28,"[0, 1, 2, 3, 4, 5, 6, 7]",93.01580810546875,46.05963134765625,46.9561767578125,143,93.01580810546875,46.5748291015625,46.44097900390625,141
2025-07-17T21:01:10.863969,3,28,"[0, 1, 2, 3, 5, 6, 7]",93.01580810546875,46.05963134765625,46.9561767578125,143,93.01580810546875,46.5748291015625,46.44097900390625,141
2025-07-17T21:01:10.875408,4,28,"[0, 1, 2, 3, 5, 6, 7]",93.01580810546875,46.05963134765625,46.9561767578125,143,93.01580810546875,46.5748291015625,46.44097900390625,141
2025-07-17T21:01:10.882254,0,29,"[0, 1, 2, 3, 4, 5, 7]",93.01580810546875,46.05963134765625,46.9561767578125,143,93.01580810546875,46.5748291015625,46.44097900390625,141
2025-07-17T21:01:10.889500,1,29,"[1, 2, 3, 4, 5, 6, 7]",93.01580810546875,46.05963134765625,46.9561767578125,143,93.01580810546875,46.5748291015625,46.44097900390625,141
2025-07-17T21:01:10.896540,2,29,"[0, 1, 2, 3, 4, 5, 6, 7]",93.01580810546875,46.05963134765625,46.9561767578125,143,93.01580810546875,46.5748291015625,46.44097900390625,141
2025-07-17T21:01:10.904060,3,29,"[1, 2, 3, 4, 5, 6, 7]",93.01580810546875,46.05963134765625,46.9561767578125,143,93.01580810546875,46.5748291015625,46.44097900390625,141
2025-07-17T21:01:10.911101,4,29,"[1, 2, 3, 4, 5, 6, 7]",93.01580810546875,46.05963134765625,46.9561767578125,143,93.01580810546875,46.5748291015625,46.44097900390625,141
2025-07-17T21:01:10.917815,0,30,"[0, 1, 2, 3, 4, 5, 6, 7]",93.01580810546875,46.05963134765625,46.9561767578125,143,93.01580810546875,46.5748291015625,46.44097900390625,141
2025-07-17T21:01:10.924363,1,30,"[0, 1, 3, 4, 5, 7]",93.01580810546875,46.05963134765625,46.9561767578125,143,93.01580810546875,46.5748291015625,46.44097900390625,141
2025-07-17T21:01:10.931917,2,30,"[0, 1, 2, 3, 4, 5, 6, 7]",93.01580810546875,46.05963134765625,46.9561767578125,143,93.01580810546875,46.5748291015625,46.44097900390625,141
2025-07-17T21:01:10.938305,3,30,"[0, 1, 3, 4, 5, 7]",93.01580810546875,46.05963134765625,46.9561767578125,143,93.01580810546875,46.5748291015625,46.44097900390625,141
2025-07-17T21:01:10.944494,4,30,"[0, 1, 3, 4, 5, 7]",93.01580810546875,46.05963134765625,46.9561767578125,143,93.01580810546875,46.5748291015625,46.44097900390625,141
2025-07-17T21:01:10.951769,0,31,"[0, 1, 2, 3, 4, 5, 6, 7]",93.01580810546875,46.05963134765625,46.9561767578125,143,93.01580810546875,46.5748291015625,46.44097900390625,141
2025-07-17T21:01:10.960842,1,31,"[1, 2, 3, 4, 5, 6, 7]",93.01580810546875,46.05963134765625,46.9561767578125,143,93.01580810546875,46.5748291015625,46.44097900390625,141
2025-07-17T21:01:10.969507,2,31,"[0, 1, 2, 3, 4, 5, 6, 7]",93.01580810546875,46.05963134765625,46.9561767578125,143,93.01580810546875,46.5748291015625,46.44097900390625,141
2025-07-17T21:01:10.978243,3,31,"[1, 2, 3, 4, 5, 6, 7]",93.01580810546875,46.05963134765625,46.9561767578125,143,93.01580810546875,46.5748291015625,46.44097900390625,141
2025-07-17T21:01:10.981641,4,31,"[1, 2, 3, 4, 5, 6, 7]",93.01580810546875,46.05963134765625,46.9561767578125,143,93.01580810546875,46.5748291015625,46.44097900390625,141
2025-07-17T21:01:10.993158,0,0,"[0, 1, 2, 3, 4, 5, 6, 7]",93.01580810546875,46.05963134765625,46.9561767578125,143,93.01580810546875,46.5748291015625,46.44097900390625,141
2025-07-17T21:01:10.999141,1,0,"[1, 2, 3, 4, 5, 6, 7]",93.01580810546875,46.05963134765625,46.9561767578125,143,93.01580810546875,46.5748291015625,46.44097900390625,141
2025-07-17T21:01:11.010381,2,0,"[0, 1, 2, 3, 4, 5, 6, 7]",93.01580810546875,46.05963134765625,46.9561767578125,143,93.01580810546875,46.5748291015625,46.44097900390625,141
2025-07-17T21:01:11.017680,3,0,"[1, 2, 3, 4, 5, 6, 7]",93.01580810546875,46.05963134765625,46.9561767578125,143,93.01580810546875,46.5748291015625,46.44097900390625,141
2025-07-17T21:01:11.024684,4,0,"[1, 2, 3, 4, 5, 6, 7]",93.01580810546875,46.05963134765625,46.9561767578125,143,93.01580810546875,46.5748291015625,46.44097900390625,141
2025-07-17T21:01:11.031846,0,1,"[0, 1, 2, 3, 4, 5, 6, 7]",93.01580810546875,46.05963134765625,46.9561767578125,143,93.01580810546875,46.5748291015625,46.44097900390625,141
2025-07-17T21:01:11.039341,1,1,"[0, 1, 2, 3, 4, 5, 6, 7]",93.01580810546875,46.05963134765625,46.9561767578125,143,93.01580810546875,46.5748291015625,46.44097900390625,141
2025-07-17T21:01:11.045951,2,1,"[0, 1, 2, 3, 4, 5, 6, 7]",93.01580810546875,46.05963134765625,46.9561767578125,143,93.01580810546875,46.5748291015625,46.44097900390625,141
2025-07-17T21:01:11.052836,3,1,"[0, 1, 2, 3, 4, 5, 6, 7]",93.01580810546875,46.05963134765625,46.9561767578125,143,93.01580810546875,46.5748291015625,46.44097900390625,141
2025-07-17T21:01:11.059703,4,1,"[0, 1, 2, 3, 4, 5, 6, 7]",93.01580810546875,46.05963134765625,46.9561767578125,143,93.01580810546875,46.5748291015625,46.44097900390625,141
2025-07-17T21:01:11.067029,0,2,"[0, 1, 2, 3, 4, 5, 6, 7]",93.01580810546875,46.05963134765625,46.9561767578125,143,93.01580810546875,46.5748291015625,46.44097900390625,141
2025-07-17T21:01:11.075038,1,2,"[0, 1, 2, 3, 4, 5, 6, 7]",93.01580810546875,46.05963134765625,46.9561767578125,143,93.01580810546875,46.5748291015625,46.44097900390625,141
2025-07-17T21:01:11.082829,2,2,"[0, 1, 2, 3, 4, 5, 6, 7]",93.01580810546875,46.05963134765625,46.9561767578125,143,93.01580810546875,46.5748291015625,46.44097900390625,141
2025-07-17T21:01:11.089815,3,2,"[0, 1, 2, 3, 4, 5, 6, 7]",93.01580810546875,46.05963134765625,46.9561767578125,143,93.01580810546875,46.5748291015625,46.44097900390625,141
2025-07-17T21:01:11.097058,4,2,"[0, 1, 2, 3, 4, 5, 6, 7]",93.01580810546875,46.05963134765625,46.9561767578125,143,93.01580810546875,46.5748291015625,46.44097900390625,141
2025-07-17T21:01:11.103578,0,3,"[0, 1, 2, 3, 4, 5, 6, 7]",93.01580810546875,46.05963134765625,46.9561767578125,143,93.01580810546875,46.5748291015625,46.44097900390625,141
2025-07-17T21:01:11.110180,1,3,"[0, 1, 2, 3, 4, 5, 6]",93.01580810546875,46.05963134765625,46.9561767578125,143,93.01580810546875,46.5748291015625,46.44097900390625,141
2025-07-17T21:01:11.117132,2,3,"[0, 1, 2, 3, 4, 5, 6, 7]",93.01580810546875,46.05963134765625,46.9561767578125,143,93.01580810546875,46.5748291015625,46.44097900390625,141
2025-07-17T21:01:11.123358,3,3,"[0, 1, 2, 3, 4, 5, 6]",93.01580810546875,46.05963134765625,46.9561767578125,143,93.01580810546875,46.5748291015625,46.44097900390625,141
2025-07-17T21:01:11.130666,4,3,"[0, 1, 2, 3, 4, 5, 6]",93.01580810546875,46.05963134765625,46.9561767578125,143,93.01580810546875,46.5748291015625,46.44097900390625,141
2025-07-17T21:01:11.138360,0,4,"[0, 1, 2, 3, 4, 5, 6, 7]",93.01580810546875,46.05963134765625,46.9561767578125,143,93.01580810546875,46.5748291015625,46.44097900390625,141
2025-07-17T21:01:11.146083,1,4,"[0, 1, 2, 3, 4, 5, 6, 7]",93.01580810546875,46.05963134765625,46.9561767578125,143,93.01580810546875,46.5748291015625,46.44097900390625,141
2025-07-17T21:01:11.154016,2,4,"[0, 1, 2, 3, 4, 5, 6, 7]",93.01580810546875,46.05963134765625,46.9561767578125,143,93.01580810546875,46.5748291015625,46.44097900390625,141
2025-07-17T21:01:11.161583,3,4,"[0, 1, 2, 3, 4, 5, 6, 7]",93.01580810546875,46.05963134765625,46.9561767578125,143,93.01580810546875,46.5748291015625,46.44097900390625,141
2025-07-17T21:01:11.163991,4,4,"[0, 1, 2, 3, 4, 5, 6, 7]",93.01580810546875,46.05963134765625,46.9561767578125,143,93.01580810546875,46.5748291015625,46.44097900390625,141
2025-07-17T21:01:11.170656,0,5,"[0, 1, 2, 3, 4, 5, 6, 7]",93.01580810546875,46.05963134765625,46.9561767578125,143,93.01580810546875,46.5748291015625,46.44097900390625,141
2025-07-17T21:01:11.177546,1,5,"[0, 1, 2, 3, 4, 6, 7]",93.01580810546875,46.05963134765625,46.9561767578125,143,93.01580810546875,46.5748291015625,46.44097900390625,141
2025-07-17T21:01:11.184706,2,5,"[0, 1, 2, 3, 4, 5, 6, 7]",93.01580810546875,46.05963134765625,46.9561767578125,143,93.01580810546875,46.5748291015625,46.44097900390625,141
2025-07-17T21:01:11.192151,3,5,"[0, 1, 2, 3, 4, 6, 7]",93.01580810546875,46.05963134765625,46.9561767578125,143,93.01580810546875,46.5748291015625,46.44097900390625,141
2025-07-17T21:01:11.198853,4,5,"[0, 1, 2, 3, 4, 6, 7]",93.01580810546875,46.05963134765625,46.9561767578125,143,93.01580810546875,46.5748291015625,46.44097900390625,141
2025-07-17T21:01:11.210680,0,6,"[0, 1, 2, 3, 4, 5, 6, 7]",93.01580810546875,46.05963134765625,46.9561767578125,143,93.01580810546875,46.5748291015625,46.44097900390625,141
2025-07-17T21:01:11.212739,1,6,"[0, 2, 3, 4, 5, 6, 7]",93.01580810546875,46.05963134765625,46.9561767578125,143,93.01580810546875,46.5748291015625,46.44097900390625,141
2025-07-17T21:01:11.219438,2,6,"[0, 1, 2, 3, 4, 5, 6, 7]",93.01580810546875,46.05963134765625,46.9561767578125,143,93.01580810546875,46.5748291015625,46.44097900390625,141
2025-07-17T21:01:11.226672,3,6,"[0, 2, 3, 4, 5, 6, 7]",93.01580810546875,46.05963134765625,46.9561767578125,143,93.01580810546875,46.5748291015625,46.44097900390625,141
2025-07-17T21:01:11.233878,4,6,"[0, 2, 3, 4, 5, 6, 7]",93.01580810546875,46.05963134765625,46.9561767578125,143,93.01580810546875,46.5748291015625,46.44097900390625,141
2025-07-17T21:01:11.240167,0,7,"[0, 1, 2, 3, 4, 5, 6, 7]",93.01580810546875,46.05963134765625,46.9561767578125,143,93.01580810546875,46.5748291015625,46.44097900390625,141
2025-07-17T21:01:11.246961,1,7,"[0, 1, 2, 3, 4, 5, 6, 7]",93.01580810546875,46.05963134765625,46.9561767578125,143,93.01580810546875,46.5748291015625,46.44097900390625,141
2025-07-17T21:01:11.258401,2,7,"[0, 1, 2, 3, 4, 5, 6, 7]",93.01580810546875,46.05963134765625,46.9561767578125,143,93.01580810546875,46.5748291015625,46.44097900390625,141
2025-07-17T21:01:11.260375,3,7,"[0, 1, 2, 3, 4, 5, 6, 7]",93.01580810546875,46.05963134765625,46.9561767578125,143,93.01580810546875,46.5748291015625,46.44097900390625,141
2025-07-17T21:01:11.267011,4,7,"[0, 1, 2, 3, 4, 5, 6, 7]",93.01580810546875,46.05963134765625,46.9561767578125,143,93.01580810546875,46.5748291015625,46.44097900390625,141
2025-07-17T21:01:11.273661,0,8,"[0, 1, 2, 3, 4, 5, 6, 7]",93.01580810546875,46.05963134765625,46.9561767578125,143,93.01580810546875,46.5748291015625,46.44097900390625,141
2025-07-17T21:01:11.280966,1,8,"[0, 1, 2, 3, 4, 5, 6, 7]",93.01580810546875,46.05963134765625,46.9561767578125,143,93.01580810546875,46.5748291015625,46.44097900390625,141
2025-07-17T21:01:11.287458,2,8,"[0, 1, 2, 3, 4, 5, 6, 7]",93.01580810546875,46.05963134765625,46.9561767578125,143,93.01580810546875,46.5748291015625,46.44097900390625,141
2025-07-17T21:01:11.298988,3,8,"[0, 1, 2, 3, 4, 5, 6, 7]",93.01580810546875,46.05963134765625,46.9561767578125,143,93.01580810546875,46.5748291015625,46.44097900390625,141
2025-07-17T21:01:11.300443,4,8,"[0, 1, 2, 3, 4, 5, 6, 7]",93.01580810546875,46.05963134765625,46.9561767578125,143,93.01580810546875,46.5748291015625,46.44097900390625,141
2025-07-17T21:01:11.307442,0,9,"[0, 1, 2, 3, 4, 5, 6, 7]",93.01580810546875,46.05963134765625,46.9561767578125,143,93.01580810546875,46.5748291015625,46.44097900390625,141
2025-07-17T21:01:11.319890,1,9,"[0, 1, 2, 3, 4, 5, 6, 7]",93.01580810546875,46.05963134765625,46.9561767578125,143,93.01580810546875,46.5748291015625,46.44097900390625,141
2025-07-17T21:01:11.321423,2,9,"[0, 1, 2, 3, 4, 5, 6, 7]",93.01580810546875,46.05963134765625,46.9561767578125,143,93.01580810546875,46.5748291015625,46.44097900390625,141
2025-07-17T21:01:11.329315,3,9,"[0, 1, 2, 3, 4, 5, 6, 7]",93.01580810546875,46.05963134765625,46.9561767578125,143,93.01580810546875,46.5748291015625,46.44097900390625,141
2025-07-17T21:01:11.335493,4,9,"[0, 1, 2, 3, 4, 5, 6, 7]",93.01580810546875,46.05963134765625,46.9561767578125,143,93.01580810546875,46.5748291015625,46.44097900390625,141
2025-07-17T21:01:11.341764,0,10,"[0, 1, 2, 3, 4, 5, 6, 7]",93.01580810546875,46.05963134765625,46.9561767578125,143,93.01580810546875,46.5748291015625,46.44097900390625,141
2025-07-17T21:01:11.348971,1,10,"[0, 1, 2, 3, 4, 5, 6, 7]",93.01580810546875,46.05963134765625,46.9561767578125,143,93.01580810546875,46.5748291015625,46.44097900390625,141
2025-07-17T21:01:11.356598,2,10,"[0, 1, 2, 3, 4, 5, 6, 7]",93.01580810546875,46.05963134765625,46.9561767578125,143,93.01580810546875,46.5748291015625,46.44097900390625,141
2025-07-17T21:01:11.362935,3,10,"[0, 1, 2, 3, 4, 5, 6, 7]",93.01580810546875,46.05963134765625,46.9561767578125,143,93.01580810546875,46.5748291015625,46.44097900390625,141
2025-07-17T21:01:11.374631,4,10,"[0, 1, 2, 3, 4, 5, 6, 7]",93.01580810546875,46.05963134765625,46.9561767578125,143,93.01580810546875,46.5748291015625,46.44097900390625,141
2025-07-17T21:01:11.381441,0,11,"[0, 1, 2, 3, 4, 5, 6, 7]",93.01580810546875,46.05963134765625,46.9561767578125,143,93.01580810546875,46.5748291015625,46.44097900390625,141
2025-07-17T21:01:11.388519,1,11,"[0, 1, 2, 3, 4, 5, 6, 7]",93.01580810546875,46.05963134765625,46.9561767578125,143,93.01580810546875,46.5748291015625,46.44097900390625,141
2025-07-17T21:01:11.394915,2,11,"[0, 1, 2, 3, 4, 5, 6, 7]",93.01580810546875,46.05963134765625,46.9561767578125,143,93.01580810546875,46.5748291015625,46.44097900390625,141
2025-07-17T21:01:11.401652,3,11,"[0, 1, 2, 3, 4, 5, 6, 7]",93.01580810546875,46.05963134765625,46.9561767578125,143,93.01580810546875,46.5748291015625,46.44097900390625,141
2025-07-17T21:01:11.408756,4,11,"[0, 1, 2, 3, 4, 5, 6, 7]",93.01580810546875,46.05963134765625,46.9561767578125,143,93.01580810546875,46.5748291015625,46.44097900390625,141
2025-07-17T21:01:11.410991,0,12,"[0, 1, 2, 3, 4, 5, 6, 7]",93.01580810546875,46.05963134765625,46.9561767578125,143,93.01580810546875,46.5748291015625,46.44097900390625,141
2025-07-17T21:01:11.423251,1,12,"[0, 1, 2, 3, 4, 5, 6]",93.01580810546875,46.05963134765625,46.9561767578125,143,93.01580810546875,46.5748291015625,46.44097900390625,141
2025-07-17T21:01:11.429967,2,12,"[0, 1, 2, 3, 4, 5, 6, 7]",93.01580810546875,46.05963134765625,46.9561767578125,143,93.01580810546875,46.5748291015625,46.44097900390625,141
2025-07-17T21:01:11.436254,3,12,"[0, 1, 2, 3, 4, 5, 6]",93.01580810546875,46.05963134765625,46.9561767578125,143,93.01580810546875,46.5748291015625,46.44097900390625,141
2025-07-17T21:01:11.443096,4,12,"[0, 1, 2, 3, 4, 5, 6]",93.01580810546875,46.05963134765625,46.9561767578125,143,93.01580810546875,46.5748291015625,46.44097900390625,141
2025-07-17T21:01:11.449893,0,13,"[0, 1, 2, 3, 4, 5, 6, 7]",93.01580810546875,46.05963134765625,46.9561767578125,143,93.01580810546875,46.5748291015625,46.44097900390625,141
2025-07-17T21:01:11.457903,1,13,"[0, 1, 2, 3, 5, 7]",93.01580810546875,46.05963134765625,46.9561767578125,143,93.01580810546875,46.5748291015625,46.44097900390625,141
2025-07-17T21:01:11.465298,2,13,"[0, 1, 2, 3, 4, 5, 6, 7]",93.01580810546875,46.05963134765625,46.9561767578125,143,93.01580810546875,46.5748291015625,46.44097900390625,141
2025-07-17T21:01:11.472213,3,13,"[0, 1, 2, 3, 5, 7]",93.01580810546875,46.05963134765625,46.9561767578125,143,93.01580810546875,46.5748291015625,46.44097900390625,141
2025-07-17T21:01:11.479677,4,13,"[0, 1, 2, 3, 5, 7]",93.01580810546875,46.05963134765625,46.9561767578125,143,93.01580810546875,46.5748291015625,46.44097900390625,141
2025-07-17T21:01:11.486316,0,14,"[0, 1, 2, 3, 4, 5, 6, 7]",93.01580810546875,46.05963134765625,46.9561767578125,143,93.01580810546875,46.5748291015625,46.44097900390625,141
2025-07-17T21:01:11.493366,1,14,"[0, 1, 2, 3, 4, 5, 6]",93.01580810546875,46.05963134765625,46.9561767578125,143,93.01580810546875,46.5748291015625,46.44097900390625,141
2025-07-17T21:01:11.500108,2,14,"[0, 1, 2, 3, 4, 5, 6, 7]",93.01580810546875,46.05963134765625,46.9561767578125,143,93.01580810546875,46.5748291015625,46.44097900390625,141
2025-07-17T21:01:11.506919,3,14,"[0, 1, 2, 3, 4, 5, 6]",93.01580810546875,46.05963134765625,46.9561767578125,143,93.01580810546875,46.5748291015625,46.44097900390625,141
2025-07-17T21:01:11.513766,4,14,"[0, 1, 2, 3, 4, 5, 6]",93.01580810546875,46.05963134765625,46.9561767578125,143,93.01580810546875,46.5748291015625,46.44097900390625,141
2025-07-17T21:01:11.520794,0,15,"[0, 1, 2, 3, 4, 5, 6, 7]",93.01580810546875,46.05963134765625,46.9561767578125,143,93.01580810546875,46.5748291015625,46.44097900390625,141
2025-07-17T21:01:11.528361,1,15,"[0, 1, 2, 3, 4, 5, 6, 7]",93.01580810546875,46.05963134765625,46.9561767578125,143,93.01580810546875,46.5748291015625,46.44097900390625,141
2025-07-17T21:01:11.530366,2,15,"[0, 1, 2, 3, 4, 5, 6, 7]",93.01580810546875,46.05963134765625,46.9561767578125,143,93.01580810546875,46.5748291015625,46.44097900390625,141
2025-07-17T21:01:11.537446,3,15,"[0, 1, 2, 3, 4, 5, 6, 7]",93.01580810546875,46.05963134765625,46.9561767578125,143,93.01580810546875,46.5748291015625,46.44097900390625,141
2025-07-17T21:01:11.544814,4,15,"[0, 1, 2, 3, 4, 5, 6, 7]",93.01580810546875,46.05963134765625,46.9561767578125,143,93.01580810546875,46.5748291015625,46.44097900390625,141
2025-07-17T21:01:11.550956,0,16,"[0, 1, 2, 3, 4, 5, 6, 7]",93.01580810546875,46.05963134765625,46.9561767578125,143,93.01580810546875,46.5748291015625,46.44097900390625,141
2025-07-17T21:01:11.558798,1,16,"[0, 1, 2, 3, 4, 5, 6, 7]",93.01580810546875,46.05963134765625,46.9561767578125,143,93.01580810546875,46.5748291015625,46.44097900390625,141
2025-07-17T21:01:11.565833,2,16,"[0, 1, 2, 3, 4, 5, 6, 7]",93.01580810546875,46.05963134765625,46.9561767578125,143,93.01580810546875,46.5748291015625,46.44097900390625,141
2025-07-17T21:01:11.577859,3,16,"[0, 1, 2, 3, 4, 5, 6, 7]",93.01580810546875,46.05963134765625,46.9561767578125,143,93.01580810546875,46.5748291015625,46.44097900390625,141
2025-07-17T21:01:11.579687,4,16,"[0, 1, 2, 3, 4, 5, 6, 7]",93.01580810546875,46.05963134765625,46.9561767578125,143,93.01580810546875,46.5748291015625,46.44097900390625,141
2025-07-17T21:01:11.586379,0,17,"[0, 1, 2, 3, 4, 5, 6, 7]",93.01580810546875,46.05963134765625,46.9561767578125,143,93.01580810546875,46.5748291015625,46.44097900390625,141
2025-07-17T21:01:11.594381,1,17,"[0, 1, 2, 3, 4, 5, 6, 7]",93.01580810546875,46.05963134765625,46.9561767578125,143,93.01580810546875,46.5748291015625,46.44097900390625,141
2025-07-17T21:01:11.600875,2,17,"[0, 1, 2, 3, 4, 5, 6, 7]",93.01580810546875,46.05963134765625,46.9561767578125,143,93.01580810546875,46.5748291015625,46.44097900390625,141
2025-07-17T21:01:11.608354,3,17,"[0, 1, 2, 3, 4, 5, 6, 7]",93.01580810546875,46.05963134765625,46.9561767578125,143,93.01580810546875,46.5748291015625,46.44097900390625,141
2025-07-17T21:01:11.620586,4,17,"[0, 1, 2, 3, 4, 5, 6, 7]",93.01580810546875,46.05963134765625,46.9561767578125,143,93.01580810546875,46.5748291015625,46.44097900390625,141
2025-07-17T21:01:11.622429,0,18,"[0, 1, 2, 3, 4, 5, 6, 7]",93.01580810546875,46.05963134765625,46.9561767578125,143,93.01580810546875,46.5748291015625,46.44097900390625,141
2025-07-17T21:01:11.629906,1,18,"[0, 1, 2, 3, 4, 5, 6, 7]",93.01580810546875,46.05963134765625,46.9561767578125,143,93.01580810546875,46.5748291015625,46.44097900390625,141
2025-07-17T21:01:11.638155,2,18,"[0, 1, 2, 3, 4, 5, 6, 7]",93.01580810546875,46.05963134765625,46.9561767578125,143,93.01580810546875,46.5748291015625,46.44097900390625,141
2025-07-17T21:01:11.650478,3,18,"[0, 1, 2, 3, 4, 5, 6, 7]",93.01580810546875,46.05963134765625,46.9561767578125,143,93.01580810546875,46.5748291015625,46.44097900390625,141
2025-07-17T21:01:11.652762,4,18,"[0, 1, 2, 3, 4, 5, 6, 7]",93.01580810546875,46.05963134765625,46.9561767578125,143,93.01580810546875,46.5748291015625,46.44097900390625,141
2025-07-17T21:01:11.660099,0,19,"[0, 1, 2, 3, 4, 5, 6, 7]",93.01580810546875,46.05963134765625,46.9561767578125,143,93.01580810546875,46.5748291015625,46.44097900390625,141
2025-07-17T21:01:11.666690,1,19,"[0, 1, 2, 3, 4, 5, 6, 7]",93.01580810546875,46.05963134765625,46.9561767578125,143,93.01580810546875,46.5748291015625,46.44097900390625,141
2025-07-17T21:01:11.673751,2,19,"[0, 1, 2, 3, 4, 5, 6, 7]",93.01580810546875,46.05963134765625,46.9561767578125,143,93.01580810546875,46.5748291015625,46.44097900390625,141
2025-07-17T21:01:11.680006,3,19,"[0, 1, 2, 3, 4, 5, 6, 7]",93.01580810546875,46.05963134765625,46.9561767578125,143,93.01580810546875,46.5748291015625,46.44097900390625,141
2025-07-17T21:01:11.687425,4,19,"[0, 1, 2, 3, 4, 5, 6, 7]",93.01580810546875,46.05963134765625,46.9561767578125,143,93.01580810546875,46.5748291015625,46.44097900390625,141
2025-07-17T21:01:11.694987,0,20,"[0, 1, 2, 3, 4, 5, 6, 7]",93.01580810546875,46.05963134765625,46.9561767578125,143,93.01580810546875,46.5748291015625,46.44097900390625,141
2025-07-17T21:01:11.707954,1,20,"[0, 2, 3, 4, 5, 6, 7]",93.01580810546875,46.05963134765625,46.9561767578125,143,93.01580810546875,46.5748291015625,46.44097900390625,141
2025-07-17T21:01:11.709953,2,20,"[0, 1, 2, 3, 4, 5, 6, 7]",93.01580810546875,46.05963134765625,46.9561767578125,143,93.01580810546875,46.5748291015625,46.44097900390625,141
2025-07-17T21:01:11.716603,3,20,"[0, 2, 3, 4, 5, 6, 7]",93.01580810546875,46.05963134765625,46.9561767578125,143,93.01580810546875,46.5748291015625,46.44097900390625,141
2025-07-17T21:01:11.729493,4,20,"[0, 2, 3, 4, 5, 6, 7]",93.01580810546875,46.05963134765625,46.9561767578125,143,93.01580810546875,46.5748291015625,46.44097900390625,141
2025-07-17T21:01:11.731857,0,21,"[0, 1, 2, 3, 4, 5, 6, 7]",93.01580810546875,46.05963134765625,46.9561767578125,143,93.01580810546875,46.5748291015625,46.44097900390625,141
2025-07-17T21:01:11.738295,1,21,"[0, 1, 2, 3, 4, 5, 6, 7]",93.01580810546875,46.05963134765625,46.9561767578125,143,93.01580810546875,46.5748291015625,46.44097900390625,141
2025-07-17T21:01:11.746379,2,21,"[0, 1, 2, 3, 4, 5, 6, 7]",93.01580810546875,46.05963134765625,46.9561767578125,143,93.01580810546875,46.5748291015625,46.44097900390625,141
2025-07-17T21:01:11.754387,3,21,"[0, 1, 2, 3, 4, 5, 6, 7]",93.01580810546875,46.05963134765625,46.9561767578125,143,93.01580810546875,46.5748291015625,46.44097900390625,141
2025-07-17T21:01:11.765987,4,21,"[0, 1, 2, 3, 4, 5, 6, 7]",93.01580810546875,46.05963134765625,46.9561767578125,143,93.01580810546875,46.5748291015625,46.44097900390625,141
2025-07-17T21:01:11.773526,0,22,"[0, 1, 2, 3, 4, 5, 6, 7]",93.01580810546875,46.05963134765625,46.9561767578125,143,93.01580810546875,46.5748291015625,46.44097900390625,141
2025-07-17T21:01:11.775546,1,22,"[0, 1, 2, 3, 4, 5, 6, 7]",93.01580810546875,46.05963134765625,46.9561767578125,143,93.01580810546875,46.5748291015625,46.44097900390625,141
2025-07-17T21:01:11.782367,2,22,"[0, 1, 2, 3, 4, 5, 6, 7]",93.01580810546875,46.05963134765625,46.9561767578125,143,93.01580810546875,46.5748291015625,46.44097900390625,141
2025-07-17T21:01:11.789405,3,22,"[0, 1, 2, 3, 4, 5, 6, 7]",93.01580810546875,46.05963134765625,46.9561767578125,143,93.01580810546875,46.5748291015625,46.44097900390625,141
2025-07-17T21:01:11.796063,4,22,"[0, 1, 2, 3, 4, 5, 6, 7]",93.01580810546875,46.05963134765625,46.9561767578125,143,93.01580810546875,46.5748291015625,46.44097900390625,141
2025-07-17T21:01:11.807893,0,23,"[0, 1, 2, 3, 4, 5, 6, 7]",93.01580810546875,46.05963134765625,46.9561767578125,143,93.01580810546875,46.5748291015625,46.44097900390625,141
2025-07-17T21:01:11.809849,1,23,"[0, 1, 2, 3, 4, 5, 6, 7]",93.01580810546875,46.05963134765625,46.9561767578125,143,93.01580810546875,46.5748291015625,46.44097900390625,141
2025-07-17T21:01:11.816784,2,23,"[0, 1, 2, 3, 4, 5, 6, 7]",93.01580810546875,46.05963134765625,46.9561767578125,143,93.01580810546875,46.5748291015625,46.44097900390625,141
2025-07-17T21:01:11.829442,3,23,"[0, 1, 2, 3, 4, 5, 6, 7]",93.01580810546875,46.05963134765625,46.9561767578125,143,93.01580810546875,46.5748291015625,46.44097900390625,141
2025-07-17T21:01:11.831190,4,23,"[0, 1, 2, 3, 4, 5, 6, 7]",93.01580810546875,46.05963134765625,46.9561767578125,143,93.01580810546875,46.5748291015625,46.44097900390625,141
2025-07-17T21:01:11.839424,0,24,"[0, 1, 2, 3, 4, 5, 6, 7]",93.01580810546875,46.05963134765625,46.9561767578125,143,93.01580810546875,46.5748291015625,46.44097900390625,141
2025-07-17T21:01:11.849932,1,24,"[1, 2, 3, 4, 5, 6, 7]",93.01580810546875,46.05963134765625,46.9561767578125,143,93.01580810546875,46.5748291015625,46.44097900390625,141
2025-07-17T21:01:11.856942,2,24,"[0, 1, 2, 3, 4, 5, 6, 7]",93.01580810546875,46.05963134765625,46.9561767578125,143,93.01580810546875,46.5748291015625,46.44097900390625,141
2025-07-17T21:01:11.863387,3,24,"[1, 2, 3, 4, 5, 6, 7]",93.01580810546875,46.05963134765625,46.9561767578125,143,93.01580810546875,46.5748291015625,46.44097900390625,141
2025-07-17T21:01:11.870792,4,24,"[1, 2, 3, 4, 5, 6, 7]",93.01580810546875,46.05963134765625,46.9561767578125,143,93.01580810546875,46.5748291015625,46.44097900390625,141
2025-07-17T21:01:11.878051,0,25,"[0, 1, 2, 3, 4, 5, 6, 7]",93.01580810546875,46.05963134765625,46.9561767578125,143,93.01580810546875,46.5748291015625,46.44097900390625,141
2025-07-17T21:01:11.884873,1,25,"[0, 1, 2, 3, 4, 5, 6, 7]",93.01580810546875,46.05963134765625,46.9561767578125,143,93.01580810546875,46.5748291015625,46.44097900390625,141
2025-07-17T21:01:11.891897,2,25,"[0, 1, 2, 3, 4, 5, 6, 7]",93.01580810546875,46.05963134765625,46.9561767578125,143,93.01580810546875,46.5748291015625,46.44097900390625,141
2025-07-17T21:01:11.899489,3,25,"[0, 1, 2, 3, 4, 5, 6, 7]",93.01580810546875,46.05963134765625,46.9561767578125,143,93.01580810546875,46.5748291015625,46.44097900390625,141
2025-07-17T21:01:11.901733,4,25,"[0, 1, 2, 3, 4, 5, 6, 7]",93.01580810546875,46.05963134765625,46.9561767578125,143,93.01580810546875,46.5748291015625,46.44097900390625,141
2025-07-17T21:01:11.913006,0,26,"[0, 1, 2, 3, 4, 5, 6, 7]",93.01580810546875,46.05963134765625,46.9561767578125,143,93.01580810546875,46.5748291015625,46.44097900390625,141
2025-07-17T21:01:11.920078,1,26,"[0, 1, 2, 3, 5, 6, 7]",93.01580810546875,46.05963134765625,46.9561767578125,143,93.01580810546875,46.5748291015625,46.44097900390625,141
2025-07-17T21:01:11.927509,2,26,"[0, 1, 2, 3, 4, 5, 6, 7]",93.01580810546875,46.05963134765625,46.9561767578125,143,93.01580810546875,46.5748291015625,46.44097900390625,141
2025-07-17T21:01:11.934063,3,26,"[0, 1, 2, 3, 5, 6, 7]",93.01580810546875,46.05963134765625,46.9561767578125,143,93.01580810546875,46.5748291015625,46.44097900390625,141
2025-07-17T21:01:11.941230,4,26,"[0, 1, 2, 3, 5, 6, 7]",93.01580810546875,46.05963134765625,46.9561767578125,143,93.01580810546875,46.5748291015625,46.44097900390625,141
2025-07-17T21:01:11.949117,0,27,"[0, 1, 2, 3, 4, 5, 6, 7]",93.01580810546875,46.05963134765625,46.9561767578125,143,93.01580810546875,46.5748291015625,46.44097900390625,141
2025-07-17T21:01:11.955957,1,27,"[0, 1, 2, 3, 4, 6, 7]",93.01580810546875,46.05963134765625,46.9561767578125,143,93.01580810546875,46.5748291015625,46.44097900390625,141
2025-07-17T21:01:11.963555,2,27,"[0, 1, 2, 3, 4, 5, 6, 7]",93.01580810546875,46.05963134765625,46.9561767578125,143,93.01580810546875,46.5748291015625,46.44097900390625,141
2025-07-17T21:01:11.970730,3,27,"[0, 1, 2, 3, 4, 6, 7]",93.01580810546875,46.05963134765625,46.9561767578125,143,93.01580810546875,46.5748291015625,46.44097900390625,141
2025-07-17T21:01:11.977779,4,27,"[0, 1, 2, 3, 4, 6, 7]",93.01580810546875,46.05963134765625,46.9561767578125,143,93.01580810546875,46.5748291015625,46.44097900390625,141
2025-07-17T21:01:11.985698,0,28,"[0, 1, 2, 3, 4, 5, 6, 7]",93.01580810546875,46.05963134765625,46.9561767578125,143,93.01580810546875,46.5748291015625,46.44097900390625,141
2025-07-17T21:01:11.988248,1,28,"[0, 1, 3, 4, 5, 6, 7]",93.01580810546875,46.05963134765625,46.9561767578125,143,93.01580810546875,46.5748291015625,46.44097900390625,141
2025-07-17T21:01:11.995239,2,28,"[0, 1, 2, 3, 4, 5, 6, 7]",93.01580810546875,46.05963134765625,46.9561767578125,143,93.01580810546875,46.5748291015625,46.44097900390625,141
2025-07-17T21:01:12.007630,3,28,"[0, 1, 3, 4, 5, 6, 7]",93.01580810546875,46.05963134765625,46.9561767578125,143,93.01580810546875,46.5748291015625,46.44097900390625,141
2025-07-17T21:01:12.009789,4,28,"[0, 1, 3, 4, 5, 6, 7]",93.01580810546875,46.05963134765625,46.9561767578125,143,93.01580810546875,46.5748291015625,46.44097900390625,141
2025-07-17T21:01:12.021849,0,29,"[0, 1, 2, 3, 4, 5, 6, 7]",93.01580810546875,46.05963134765625,46.9561767578125,143,93.01580810546875,46.5748291015625,46.44097900390625,141
2025-07-17T21:01:12.023954,1,29,"[0, 2, 3, 4, 5, 6, 7]",93.01580810546875,46.05963134765625,46.9561767578125,143,93.01580810546875,46.5748291015625,46.44097900390625,141
2025-07-17T21:01:12.030084,2,29,"[0, 1, 2, 3, 4, 5, 6, 7]",93.01580810546875,46.05963134765625,46.9561767578125,143,93.01580810546875,46.5748291015625,46.44097900390625,141
2025-07-17T21:01:12.036931,3,29,"[0, 2, 3, 4, 5, 6, 7]",93.01580810546875,46.05963134765625,46.9561767578125,143,93.01580810546875,46.5748291015625,46.44097900390625,141
2025-07-17T21:01:12.043863,4,29,"[0, 2, 3, 4, 5, 6, 7]",93.01580810546875,46.05963134765625,46.9561767578125,143,93.01580810546875,46.5748291015625,46.44097900390625,141
2025-07-17T21:01:12.050942,0,30,"[0, 1, 2, 3, 4, 5, 6, 7]",93.01580810546875,46.05963134765625,46.9561767578125,143,93.01580810546875,46.5748291015625,46.44097900390625,141
2025-07-17T21:01:12.058071,1,30,"[0, 2, 3, 4, 5, 6, 7]",93.01580810546875,46.05963134765625,46.9561767578125,143,93.01580810546875,46.5748291015625,46.44097900390625,141
2025-07-17T21:01:12.065501,2,30,"[0, 1, 2, 3, 4, 5, 6, 7]",93.01580810546875,46.05963134765625,46.9561767578125,143,93.01580810546875,46.5748291015625,46.44097900390625,141
2025-07-17T21:01:12.072682,3,30,"[0, 2, 3, 4, 5, 6, 7]",93.01580810546875,46.05963134765625,46.9561767578125,143,93.01580810546875,46.5748291015625,46.44097900390625,141
2025-07-17T21:01:12.079868,4,30,"[0, 2, 3, 4, 5, 6, 7]",93.01580810546875,46.05963134765625,46.9561767578125,143,93.01580810546875,46.5748291015625,46.44097900390625,141
2025-07-17T21:01:12.091195,0,31,"[0, 1, 2, 3, 4, 5, 6, 7]",93.01580810546875,46.05963134765625,46.9561767578125,143,93.01580810546875,46.5748291015625,46.44097900390625,141
2025-07-17T21:01:12.094351,1,31,"[0, 1, 2, 4, 5, 6, 7]",93.01580810546875,46.05963134765625,46.9561767578125,143,93.01580810546875,46.5748291015625,46.44097900390625,141
2025-07-17T21:01:12.102497,2,31,"[0, 1, 2, 3, 4, 5, 6, 7]",93.01580810546875,46.05963134765625,46.9561767578125,143,93.01580810546875,46.5748291015625,46.44097900390625,141
2025-07-17T21:01:12.110823,3,31,"[0, 1, 2, 4, 5, 6, 7]",93.01580810546875,46.05963134765625,46.9561767578125,143,93.01580810546875,46.5748291015625,46.44097900390625,141
2025-07-17T21:01:12.117808,4,31,"[0, 1, 2, 4, 5, 6, 7]",93.01580810546875,46.05963134765625,46.9561767578125,143,93.01580810546875,46.5748291015625,46.44097900390625,141
2025-07-17T21:01:12.132819,0,0,"[0, 1, 2, 3, 4, 5, 6, 7]",93.01580810546875,46.05963134765625,46.9561767578125,143,93.01580810546875,46.5748291015625,46.44097900390625,141
2025-07-17T21:01:12.140837,1,0,"[0, 1, 2, 3, 4, 5, 6, 7]",93.01580810546875,46.05963134765625,46.9561767578125,143,93.01580810546875,46.5748291015625,46.44097900390625,141
2025-07-17T21:01:12.147889,2,0,"[0, 1, 2, 3, 4, 5, 6, 7]",93.01580810546875,46.05963134765625,46.9561767578125,143,93.01580810546875,46.5748291015625,46.44097900390625,141
2025-07-17T21:01:12.155187,3,0,"[0, 1, 2, 3, 4, 5, 6, 7]",93.01580810546875,46.05963134765625,46.9561767578125,143,93.01580810546875,46.5748291015625,46.44097900390625,141
2025-07-17T21:01:12.162609,4,0,"[0, 1, 2, 3, 4, 5, 6, 7]",93.01580810546875,46.05963134765625,46.9561767578125,143,93.01580810546875,46.5748291015625,46.44097900390625,141
2025-07-17T21:01:12.169831,0,1,"[0, 1, 2, 3, 4, 5, 6, 7]",93.01580810546875,46.05963134765625,46.9561767578125,143,93.01580810546875,46.5748291015625,46.44097900390625,141
2025-07-17T21:01:12.176925,1,1,"[0, 1, 2, 3, 4, 5, 6, 7]",93.01580810546875,46.05963134765625,46.9561767578125,143,93.01580810546875,46.5748291015625,46.44097900390625,141
2025-07-17T21:01:12.183741,2,1,"[0, 1, 2, 4, 5, 6, 7]",93.01580810546875,46.05963134765625,46.9561767578125,143,93.01580810546875,46.5748291015625,46.44097900390625,141
2025-07-17T21:01:12.190738,3,1,"[0, 1, 2, 3, 4, 5, 6, 7]",93.01580810546875,46.05963134765625,46.9561767578125,143,93.01580810546875,46.5748291015625,46.44097900390625,141
2025-07-17T21:01:12.197153,4,1,"[0, 1, 2, 3, 4, 5, 6, 7]",93.01580810546875,46.05963134765625,46.9561767578125,143,93.01580810546875,46.5748291015625,46.44097900390625,141
2025-07-17T21:01:12.204110,0,2,"[0, 1, 2, 3, 4, 5, 6, 7]",93.01580810546875,46.05963134765625,46.9561767578125,143,93.01580810546875,46.5748291015625,46.44097900390625,141
2025-07-17T21:01:12.211336,1,2,"[0, 1, 2, 3, 4, 5, 6, 7]",93.01580810546875,46.05963134765625,46.9561767578125,143,93.01580810546875,46.5748291015625,46.44097900390625,141
2025-07-17T21:01:12.218033,2,2,"[0, 1, 2, 3, 4, 6, 7]",93.01580810546875,46.05963134765625,46.9561767578125,143,93.01580810546875,46.5748291015625,46.44097900390625,141
2025-07-17T21:01:12.225312,3,2,"[0, 1, 2, 3, 4, 5, 6, 7]",93.01580810546875,46.05963134765625,46.9561767578125,143,93.01580810546875,46.5748291015625,46.44097900390625,141
2025-07-17T21:01:12.232014,4,2,"[0, 1, 2, 3, 4, 5, 6, 7]",93.01580810546875,46.05963134765625,46.9561767578125,143,93.01580810546875,46.5748291015625,46.44097900390625,141
2025-07-17T21:01:12.238131,0,3,"[0, 1, 2, 3, 4, 5, 6, 7]",93.01580810546875,46.05963134765625,46.9561767578125,143,93.01580810546875,46.5748291015625,46.44097900390625,141
2025-07-17T21:01:12.244851,1,3,"[0, 1, 2, 3, 4, 5, 6, 7]",93.01580810546875,46.05963134765625,46.9561767578125,143,93.01580810546875,46.5748291015625,46.44097900390625,141
2025-07-17T21:01:12.254232,2,3,"[0, 1, 2, 3, 4, 5, 6, 7]",93.01580810546875,46.05963134765625,46.9561767578125,143,93.01580810546875,46.5748291015625,46.44097900390625,141
2025-07-17T21:01:12.261141,3,3,"[0, 1, 2, 3, 4, 5, 6, 7]",93.01580810546875,46.05963134765625,46.9561767578125,143,93.01580810546875,46.5748291015625,46.44097900390625,141
2025-07-17T21:01:12.268475,4,3,"[0, 1, 2, 3, 4, 5, 6, 7]",93.01580810546875,46.05963134765625,46.9561767578125,143,93.01580810546875,46.5748291015625,46.44097900390625,141
2025-07-17T21:01:12.274767,0,4,"[0, 1, 2, 3, 4, 5, 6, 7]",93.01580810546875,46.05963134765625,46.9561767578125,143,93.01580810546875,46.5748291015625,46.44097900390625,141
2025-07-17T21:01:12.282072,1,4,"[0, 1, 2, 3, 4, 5, 6, 7]",93.01580810546875,46.05963134765625,46.9561767578125,143,93.01580810546875,46.5748291015625,46.44097900390625,141
2025-07-17T21:01:12.289959,2,4,"[0, 1, 2, 3, 4, 5, 6, 7]",93.01580810546875,46.05963134765625,46.9561767578125,143,93.01580810546875,46.5748291015625,46.44097900390625,141
2025-07-17T21:01:12.296767,3,4,"[0, 1, 2, 3, 4, 5, 6, 7]",93.01580810546875,46.05963134765625,46.9561767578125,143,93.01580810546875,46.5748291015625,46.44097900390625,141
2025-07-17T21:01:12.304156,4,4,"[0, 1, 2, 3, 4, 5, 6, 7]",93.01580810546875,46.05963134765625,46.9561767578125,143,93.01580810546875,46.5748291015625,46.44097900390625,141
2025-07-17T21:01:12.311295,0,5,"[0, 1, 2, 3, 4, 5, 6, 7]",93.01580810546875,46.05963134765625,46.9561767578125,143,93.01580810546875,46.5748291015625,46.44097900390625,141
2025-07-17T21:01:12.318079,1,5,"[0, 1, 2, 3, 4, 5, 6, 7]",93.01580810546875,46.05963134765625,46.9561767578125,143,93.01580810546875,46.5748291015625,46.44097900390625,141
2025-07-17T21:01:12.325442,2,5,"[0, 1, 2, 3, 4, 5, 6, 7]",93.01580810546875,46.05963134765625,46.9561767578125,143,93.01580810546875,46.5748291015625,46.44097900390625,141
2025-07-17T21:01:12.331820,3,5,"[0, 1, 2, 3, 4, 5, 6, 7]",93.01580810546875,46.05963134765625,46.9561767578125,143,93.01580810546875,46.5748291015625,46.44097900390625,141
2025-07-17T21:01:12.337829,4,5,"[0, 1, 2, 3, 4, 5, 6, 7]",93.01580810546875,46.05963134765625,46.9561767578125,143,93.01580810546875,46.5748291015625,46.44097900390625,141
2025-07-17T21:01:12.344831,0,6,"[0, 1, 2, 3, 4, 5, 6, 7]",93.01580810546875,46.05963134765625,46.9561767578125,143,93.01580810546875,46.5748291015625,46.44097900390625,141
2025-07-17T21:01:12.352104,1,6,"[0, 1, 2, 3, 4, 5, 6, 7]",93.01580810546875,46.05963134765625,46.9561767578125,143,93.01580810546875,46.5748291015625,46.44097900390625,141
2025-07-17T21:01:12.364091,2,6,"[0, 1, 2, 3, 4, 5, 6, 7]",93.01580810546875,46.05963134765625,46.9561767578125,143,93.01580810546875,46.5748291015625,46.44097900390625,141
2025-07-17T21:01:12.366150,3,6,"[0, 1, 2, 3, 4, 5, 6, 7]",93.01580810546875,46.05963134765625,46.9561767578125,143,93.01580810546875,46.5748291015625,46.44097900390625,141
2025-07-17T21:01:12.372626,4,6,"[0, 1, 2, 3, 4, 5, 6, 7]",93.01580810546875,46.05963134765625,46.9561767578125,143,93.01580810546875,46.5748291015625,46.44097900390625,141
2025-07-17T21:01:12.378883,0,7,"[0, 1, 2, 3, 4, 5, 6, 7]",93.01580810546875,46.05963134765625,46.9561767578125,143,93.01580810546875,46.5748291015625,46.44097900390625,141
2025-07-17T21:01:12.385677,1,7,"[0, 1, 2, 3, 4, 5, 6, 7]",93.01580810546875,46.05963134765625,46.9561767578125,143,93.01580810546875,46.5748291015625,46.44097900390625,141
2025-07-17T21:01:12.391962,2,7,"[0, 1, 2, 3, 4, 5, 6, 7]",93.01580810546875,46.05963134765625,46.9561767578125,143,93.01580810546875,46.5748291015625,46.44097900390625,141
2025-07-17T21:01:12.398521,3,7,"[0, 1, 2, 3, 4, 5, 6, 7]",93.01580810546875,46.05963134765625,46.9561767578125,143,93.01580810546875,46.5748291015625,46.44097900390625,141
2025-07-17T21:01:12.406245,4,7,"[0, 1, 2, 3, 4, 5, 6, 7]",93.01580810546875,46.05963134765625,46.9561767578125,143,93.01580810546875,46.5748291015625,46.44097900390625,141
2025-07-17T21:01:12.412953,0,8,"[0, 1, 2, 3, 4, 5, 6, 7]",93.01580810546875,46.05963134765625,46.9561767578125,143,93.01580810546875,46.5748291015625,46.44097900390625,141
2025-07-17T21:01:12.420074,1,8,"[0, 1, 2, 3, 4, 5, 6, 7]",93.01580810546875,46.05963134765625,46.9561767578125,143,93.01580810546875,46.5748291015625,46.44097900390625,141
2025-07-17T21:01:12.433098,2,8,"[0, 1, 2, 3, 4, 5, 6, 7]",93.01580810546875,46.05963134765625,46.9561767578125,143,93.01580810546875,46.5748291015625,46.44097900390625,141
2025-07-17T21:01:12.435152,3,8,"[0, 1, 2, 3, 4, 5, 6, 7]",93.01580810546875,46.05963134765625,46.9561767578125,143,93.01580810546875,46.5748291015625,46.44097900390625,141
2025-07-17T21:01:12.442328,4,8,"[0, 1, 2, 3, 4, 5, 6, 7]",93.01580810546875,46.05963134765625,46.9561767578125,143,93.01580810546875,46.5748291015625,46.44097900390625,141
2025-07-17T21:01:12.449204,0,9,"[0, 1, 2, 3, 4, 5, 6, 7]",93.01580810546875,46.05963134765625,46.9561767578125,143,93.01580810546875,46.5748291015625,46.44097900390625,141
2025-07-17T21:01:12.456059,1,9,"[0, 1, 3, 4, 5, 6, 7]",93.01580810546875,46.05963134765625,46.9561767578125,143,93.01580810546875,46.5748291015625,46.44097900390625,141
2025-07-17T21:01:12.462760,2,9,"[0, 1, 2, 3, 4, 5, 7]",93.01580810546875,46.05963134765625,46.9561767578125,143,93.01580810546875,46.5748291015625,46.44097900390625,141
2025-07-17T21:01:12.469710,3,9,"[0, 1, 3, 4, 5, 6, 7]",93.01580810546875,46.05963134765625,46.9561767578125,143,93.01580810546875,46.5748291015625,46.44097900390625,141
2025-07-17T21:01:12.477439,4,9,"[0, 1, 3, 4, 5, 6, 7]",93.01580810546875,46.05963134765625,46.9561767578125,143,93.01580810546875,46.5748291015625,46.44097900390625,141
2025-07-17T21:01:12.484148,0,10,"[0, 1, 2, 3, 4, 5, 6, 7]",93.01580810546875,46.05963134765625,46.9561767578125,143,93.01580810546875,46.5748291015625,46.44097900390625,141
2025-07-17T21:01:12.491635,1,10,"[0, 1, 2, 4, 5, 6, 7]",93.01580810546875,46.05963134765625,46.9561767578125,143,93.01580810546875,46.5748291015625,46.44097900390625,141
2025-07-17T21:01:12.498019,2,10,"[0, 1, 2, 3, 4, 5, 6, 7]",93.01580810546875,46.05963134765625,46.9561767578125,143,93.01580810546875,46.5748291015625,46.44097900390625,141
2025-07-17T21:01:12.505547,3,10,"[0, 1, 2, 4, 5, 6, 7]",93.01580810546875,46.05963134765625,46.9561767578125,143,93.01580810546875,46.5748291015625,46.44097900390625,141
2025-07-17T21:01:12.512321,4,10,"[0, 1, 2, 4, 5, 6, 7]",93.01580810546875,46.05963134765625,46.9561767578125,143,93.01580810546875,46.5748291015625,46.44097900390625,141
2025-07-17T21:01:12.518673,0,11,"[0, 1, 2, 3, 4, 5, 6, 7]",93.01580810546875,46.05963134765625,46.9561767578125,143,93.01580810546875,46.5748291015625,46.44097900390625,141
2025-07-17T21:01:12.525636,1,11,"[0, 1, 2, 3, 4, 5, 7]",93.01580810546875,46.05963134765625,46.9561767578125,143,93.01580810546875,46.5748291015625,46.44097900390625,141
2025-07-17T21:01:12.532843,2,11,"[0, 1, 2, 3, 4, 5, 6, 7]",93.01580810546875,46.05963134765625,46.9561767578125,143,93.01580810546875,46.5748291015625,46.44097900390625,141
2025-07-17T21:01:12.539520,3,11,"[0, 1, 2, 3, 4, 5, 7]",93.01580810546875,46.05963134765625,46.9561767578125,143,93.01580810546875,46.5748291015625,46.44097900390625,141
2025-07-17T21:01:12.546975,4,11,"[0, 1, 2, 3, 4, 5, 7]",93.01580810546875,46.05963134765625,46.9561767578125,143,93.01580810546875,46.5748291015625,46.44097900390625,141
2025-07-17T21:01:12.554067,0,12,"[0, 1, 2, 3, 4, 5, 6, 7]",93.01580810546875,46.05963134765625,46.9561767578125,143,93.01580810546875,46.5748291015625,46.44097900390625,141
2025-07-17T21:01:12.560685,1,12,"[0, 1, 2, 3, 4, 5, 6, 7]",93.01580810546875,46.05963134765625,46.9561767578125,143,93.01580810546875,46.5748291015625,46.44097900390625,141
2025-07-17T21:01:12.567078,2,12,"[0, 1, 2, 3, 4, 5, 6, 7]",93.01580810546875,46.05963134765625,46.9561767578125,143,93.01580810546875,46.5748291015625,46.44097900390625,141
2025-07-17T21:01:12.574247,3,12,"[0, 1, 2, 3, 4, 5, 6, 7]",93.01580810546875,46.05963134765625,46.9561767578125,143,93.01580810546875,46.5748291015625,46.44097900390625,141
2025-07-17T21:01:12.586226,4,12,"[0, 1, 2, 3, 4, 5, 6, 7]",93.01580810546875,46.05963134765625,46.9561767578125,143,93.01580810546875,46.5748291015625,46.44097900390625,141
2025-07-17T21:01:12.587860,0,13,"[0, 1, 2, 3, 5, 6, 7]",93.01580810546875,46.05963134765625,46.9561767578125,143,93.01580810546875,46.5748291015625,46.44097900390625,141
2025-07-17T21:01:12.594785,1,13,"[0, 1, 2, 3, 4, 7]",93.01580810546875,46.05963134765625,46.9561767578125,143,93.01580810546875,46.5748291015625,46.44097900390625,141
2025-07-17T21:01:12.606927,2,13,"[0, 1, 2, 3, 4, 5, 6, 7]",93.01580810546875,46.05963134765625,46.9561767578125,143,93.01580810546875,46.5748291015625,46.44097900390625,141
2025-07-17T21:01:12.614473,3,13,"[0, 1, 2, 3, 4, 7]",93.01580810546875,46.05963134765625,46.9561767578125,143,93.01580810546875,46.5748291015625,46.44097900390625,141
2025-07-17T21:01:12.622436,4,13,"[0, 1, 2, 3, 4, 7]",93.01580810546875,46.05963134765625,46.9561767578125,143,93.01580810546875,46.5748291015625,46.44097900390625,141
2025-07-17T21:01:12.630415,0,14,"[0, 1, 2, 3, 4, 5, 6, 7]",93.01580810546875,46.05963134765625,46.9561767578125,143,93.01580810546875,46.5748291015625,46.44097900390625,141
2025-07-17T21:01:12.637618,1,14,"[0, 1, 2, 3, 4, 5, 6, 7]",93.01580810546875,46.05963134765625,46.9561767578125,143,93.01580810546875,46.5748291015625,46.44097900390625,141
2025-07-17T21:01:12.639732,2,14,"[0, 1, 2, 3, 4, 5, 6, 7]",93.01580810546875,46.05963134765625,46.9561767578125,143,93.01580810546875,46.5748291015625,46.44097900390625,141
2025-07-17T21:01:12.647085,3,14,"[0, 1, 2, 3, 4, 5, 6, 7]",93.01580810546875,46.05963134765625,46.9561767578125,143,93.01580810546875,46.5748291015625,46.44097900390625,141
2025-07-17T21:01:12.653964,4,14,"[0, 1, 2, 3, 4, 5, 6, 7]",93.01580810546875,46.05963134765625,46.9561767578125,143,93.01580810546875,46.5748291015625,46.44097900390625,141
2025-07-17T21:01:12.660999,0,15,"[0, 1, 2, 3, 4, 5, 6, 7]",93.01580810546875,46.05963134765625,46.9561767578125,143,93.01580810546875,46.5748291015625,46.44097900390625,141
2025-07-17T21:01:12.672771,1,15,"[0, 1, 2, 3, 4, 5, 6, 7]",93.01580810546875,46.05963134765625,46.9561767578125,143,93.01580810546875,46.5748291015625,46.44097900390625,141
2025-07-17T21:01:12.674486,2,15,"[0, 1, 2, 3, 4, 5, 6, 7]",93.01580810546875,46.05963134765625,46.9561767578125,143,93.01580810546875,46.5748291015625,46.44097900390625,141
2025-07-17T21:01:12.681623,3,15,"[0, 1, 2, 3, 4, 5, 6, 7]",93.01580810546875,46.05963134765625,46.9561767578125,143,93.01580810546875,46.5748291015625,46.44097900390625,141
2025-07-17T21:01:12.688766,4,15,"[0, 1, 2, 3, 4, 5, 6, 7]",93.01580810546875,46.05963134765625,46.9561767578125,143,93.01580810546875,46.5748291015625,46.44097900390625,141
2025-07-17T21:01:12.696452,0,16,"[0, 1, 2, 3, 4, 5, 6, 7]",93.01580810546875,46.05963134765625,46.9561767578125,143,93.01580810546875,46.5748291015625,46.44097900390625,141
2025-07-17T21:01:12.702851,1,16,"[0, 1, 2, 3, 4, 5, 6, 7]",93.01580810546875,46.05963134765625,46.9561767578125,143,93.01580810546875,46.5748291015625,46.44097900390625,141
2025-07-17T21:01:12.713818,2,16,"[0, 1, 2, 3, 4, 5, 6, 7]",93.01580810546875,46.05963134765625,46.9561767578125,143,93.01580810546875,46.5748291015625,46.44097900390625,141
2025-07-17T21:01:12.721033,3,16,"[0, 1, 2, 3, 4, 5, 6, 7]",93.01580810546875,46.05963134765625,46.9561767578125,143,93.01580810546875,46.5748291015625,46.44097900390625,141
2025-07-17T21:01:12.727693,4,16,"[0, 1, 2, 3, 4, 5, 6, 7]",93.01580810546875,46.05963134765625,46.9561767578125,143,93.01580810546875,46.5748291015625,46.44097900390625,141
2025-07-17T21:01:12.734727,0,17,"[0, 1, 2, 3, 4, 5, 6, 7]",93.01580810546875,46.05963134765625,46.9561767578125,143,93.01580810546875,46.5748291015625,46.44097900390625,141
2025-07-17T21:01:12.741898,1,17,"[0, 2, 3, 4, 5, 6, 7]",93.01580810546875,46.05963134765625,46.9561767578125,143,93.01580810546875,46.5748291015625,46.44097900390625,141
2025-07-17T21:01:12.748801,2,17,"[0, 1, 2, 3, 4, 5, 6, 7]",93.01580810546875,46.05963134765625,46.9561767578125,143,93.01580810546875,46.5748291015625,46.44097900390625,141
2025-07-17T21:01:12.756275,3,17,"[0, 2, 3, 4, 5, 6, 7]",93.01580810546875,46.05963134765625,46.9561767578125,143,93.01580810546875,46.5748291015625,46.44097900390625,141
2025-07-17T21:01:12.763384,4,17,"[0, 2, 3, 4, 5, 6, 7]",93.01580810546875,46.05963134765625,46.9561767578125,143,93.01580810546875,46.5748291015625,46.44097900390625,141
2025-07-17T21:01:12.771054,0,18,"[0, 1, 2, 3, 4, 5, 6, 7]",93.01580810546875,46.05963134765625,46.9561767578125,143,93.01580810546875,46.5748291015625,46.44097900390625,141
2025-07-17T21:01:12.777811,1,18,"[0, 1, 2, 3, 4, 5, 6, 7]",93.01580810546875,46.05963134765625,46.9561767578125,143,93.01580810546875,46.5748291015625,46.44097900390625,141
2025-07-17T21:01:12.784255,2,18,"[0, 1, 2, 3, 4, 5, 6, 7]",93.01580810546875,46.05963134765625,46.9561767578125,143,93.01580810546875,46.5748291015625,46.44097900390625,141
2025-07-17T21:01:12.792351,3,18,"[0, 1, 2, 3, 4, 5, 6, 7]",93.01580810546875,46.05963134765625,46.9561767578125,143,93.01580810546875,46.5748291015625,46.44097900390625,141
2025-07-17T21:01:12.799952,4,18,"[0, 1, 2, 3, 4, 5, 6, 7]",93.01580810546875,46.05963134765625,46.9561767578125,143,93.01580810546875,46.5748291015625,46.44097900390625,141
2025-07-17T21:01:12.807362,0,19,"[0, 1, 2, 3, 4, 5, 6, 7]",93.01580810546875,46.05963134765625,46.9561767578125,143,93.01580810546875,46.5748291015625,46.44097900390625,141
2025-07-17T21:01:12.814675,1,19,"[0, 1, 2, 3, 4, 5, 6, 7]",93.01580810546875,46.05963134765625,46.9561767578125,143,93.01580810546875,46.5748291015625,46.44097900390625,141
2025-07-17T21:01:12.822260,2,19,"[0, 1, 2, 3, 4, 5, 6, 7]",93.01580810546875,46.05963134765625,46.9561767578125,143,93.01580810546875,46.5748291015625,46.44097900390625,141
2025-07-17T21:01:12.829118,3,19,"[0, 1, 2, 3, 4, 5, 6, 7]",93.01580810546875,46.05963134765625,46.9561767578125,143,93.01580810546875,46.5748291015625,46.44097900390625,141
2025-07-17T21:01:12.836274,4,19,"[0, 1, 2, 3, 4, 5, 6, 7]",93.01580810546875,46.05963134765625,46.9561767578125,143,93.01580810546875,46.5748291015625,46.44097900390625,141
2025-07-17T21:01:12.842863,0,20,"[0, 2, 3, 4, 5, 6, 7]",93.01580810546875,46.05963134765625,46.9561767578125,143,93.01580810546875,46.5748291015625,46.44097900390625,141
2025-07-17T21:01:12.849494,1,20,"[0, 1, 2, 3, 4, 5, 6, 7]",93.01580810546875,46.05963134765625,46.9561767578125,143,93.01580810546875,46.5748291015625,46.44097900390625,141
2025-07-17T21:01:12.855812,2,20,"[0, 1, 2, 3, 4, 5, 6, 7]",93.01580810546875,46.05963134765625,46.9561767578125,143,93.01580810546875,46.5748291015625,46.44097900390625,141
2025-07-17T21:01:12.864196,3,20,"[0, 1, 2, 3, 4, 5, 6, 7]",93.01580810546875,46.05963134765625,46.9561767578125,143,93.01580810546875,46.5748291015625,46.44097900390625,141
2025-07-17T21:01:12.871816,4,20,"[0, 1, 2, 3, 4, 5, 6, 7]",93.01580810546875,46.05963134765625,46.9561767578125,143,93.01580810546875,46.5748291015625,46.44097900390625,141
2025-07-17T21:01:12.878663,0,21,"[0, 1, 2, 3, 4, 5, 6, 7]",93.01580810546875,46.05963134765625,46.9561767578125,143,93.01580810546875,46.5748291015625,46.44097900390625,141
2025-07-17T21:01:12.885940,1,21,"[0, 1, 2, 3, 4, 5, 6, 7]",93.01580810546875,46.05963134765625,46.9561767578125,143,93.01580810546875,46.5748291015625,46.44097900390625,141
2025-07-17T21:01:12.893032,2,21,"[0, 1, 2, 3, 4, 5, 6, 7]",93.01580810546875,46.05963134765625,46.9561767578125,143,93.01580810546875,46.5748291015625,46.44097900390625,141
2025-07-17T21:01:12.900034,3,21,"[0, 1, 2, 3, 4, 5, 6, 7]",93.01580810546875,46.05963134765625,46.9561767578125,143,93.01580810546875,46.5748291015625,46.44097900390625,141
2025-07-17T21:01:12.907392,4,21,"[0, 1, 2, 3, 4, 5, 6, 7]",93.01580810546875,46.05963134765625,46.9561767578125,143,93.01580810546875,46.5748291015625,46.44097900390625,141
2025-07-17T21:01:12.914012,0,22,"[0, 1, 2, 3, 4, 5, 6, 7]",93.01580810546875,46.05963134765625,46.9561767578125,143,93.01580810546875,46.5748291015625,46.44097900390625,141
2025-07-17T21:01:12.920138,1,22,"[0, 1, 2, 3, 4, 5, 6, 7]",93.01580810546875,46.05963134765625,46.9561767578125,143,93.01580810546875,46.5748291015625,46.44097900390625,141
2025-07-17T21:01:12.927640,2,22,"[0, 1, 2, 3, 4, 5, 6, 7]",93.01580810546875,46.05963134765625,46.9561767578125,143,93.01580810546875,46.5748291015625,46.44097900390625,141
2025-07-17T21:01:12.936287,3,22,"[0, 1, 2, 3, 4, 5, 6, 7]",93.01580810546875,46.05963134765625,46.9561767578125,143,93.01580810546875,46.5748291015625,46.44097900390625,141
2025-07-17T21:01:12.943582,4,22,"[0, 1, 2, 3, 4, 5, 6, 7]",93.01580810546875,46.05963134765625,46.9561767578125,143,93.01580810546875,46.5748291015625,46.44097900390625,141
2025-07-17T21:01:12.950233,0,23,"[0, 1, 2, 3, 4, 5, 6, 7]",93.01580810546875,46.05963134765625,46.9561767578125,143,93.01580810546875,46.5748291015625,46.44097900390625,141
2025-07-17T21:01:12.956932,1,23,"[0, 1, 2, 3, 4, 5, 6, 7]",93.01580810546875,46.05963134765625,46.9561767578125,143,93.01580810546875,46.5748291015625,46.44097900390625,141
2025-07-17T21:01:12.964169,2,23,"[0, 1, 2, 3, 4, 5, 6, 7]",93.01580810546875,46.05963134765625,46.9561767578125,143,93.01580810546875,46.5748291015625,46.44097900390625,141
2025-07-17T21:01:12.971100,3,23,"[0, 1, 2, 3, 4, 5, 6, 7]",93.01580810546875,46.05963134765625,46.9561767578125,143,93.01580810546875,46.5748291015625,46.44097900390625,141
2025-07-17T21:01:12.977867,4,23,"[0, 1, 2, 3, 4, 5, 6, 7]",93.01580810546875,46.05963134765625,46.9561767578125,143,93.01580810546875,46.5748291015625,46.44097900390625,141
2025-07-17T21:01:12.986096,0,24,"[0, 1, 2, 3, 4, 5, 6, 7]",93.01580810546875,46.05963134765625,46.9561767578125,143,93.01580810546875,46.5748291015625,46.44097900390625,141
2025-07-17T21:01:12.993503,1,24,"[0, 1, 2, 3, 4, 5, 6, 7]",93.01580810546875,46.05963134765625,46.9561767578125,143,93.01580810546875,46.5748291015625,46.44097900390625,141
2025-07-17T21:01:13.000348,2,24,"[0, 1, 2, 3, 4, 5, 6, 7]",93.01580810546875,46.05963134765625,46.9561767578125,143,93.01580810546875,46.5748291015625,46.44097900390625,141
2025-07-17T21:01:13.007550,3,24,"[0, 1, 2, 3, 4, 5, 6, 7]",93.01580810546875,46.05963134765625,46.9561767578125,143,93.01580810546875,46.5748291015625,46.44097900390625,141
2025-07-17T21:01:13.014257,4,24,"[0, 1, 2, 3, 4, 5, 6, 7]",93.01580810546875,46.05963134765625,46.9561767578125,143,93.01580810546875,46.5748291015625,46.44097900390625,141
2025-07-17T21:01:13.021102,0,25,"[0, 1, 2, 3, 4, 5, 6, 7]",93.01580810546875,46.05963134765625,46.9561767578125,143,93.01580810546875,46.5748291015625,46.44097900390625,141
2025-07-17T21:01:13.028022,1,25,"[0, 1, 2, 3, 5, 6, 7]",93.01580810546875,46.05963134765625,46.9561767578125,143,93.01580810546875,46.5748291015625,46.44097900390625,141
2025-07-17T21:01:13.034911,2,25,"[0, 1, 2, 3, 4, 5, 6, 7]",93.01580810546875,46.05963134765625,46.9561767578125,143,93.01580810546875,46.5748291015625,46.44097900390625,141
2025-07-17T21:01:13.041710,3,25,"[0, 1, 2, 3, 5, 6, 7]",93.01580810546875,46.05963134765625,46.9561767578125,143,93.01580810546875,46.5748291015625,46.44097900390625,141
2025-07-17T21:01:13.049168,4,25,"[0, 1, 2, 3, 5, 6, 7]",93.01580810546875,46.05963134765625,46.9561767578125,143,93.01580810546875,46.5748291015625,46.44097900390625,141
2025-07-17T21:01:13.057678,0,26,"[0, 1, 2, 3, 4, 5, 6, 7]",93.01580810546875,46.05963134765625,46.9561767578125,143,93.01580810546875,46.5748291015625,46.44097900390625,141
2025-07-17T21:01:13.065080,1,26,"[0, 1, 2, 3, 4, 5, 6, 7]",93.01580810546875,46.05963134765625,46.9561767578125,143,93.01580810546875,46.5748291015625,46.44097900390625,141
2025-07-17T21:01:13.071774,2,26,"[0, 1, 2, 3, 4, 5, 6, 7]",93.01580810546875,46.05963134765625,46.9561767578125,143,93.01580810546875,46.5748291015625,46.44097900390625,141
2025-07-17T21:01:13.078842,3,26,"[0, 1, 2, 3, 4, 5, 6, 7]",93.01580810546875,46.05963134765625,46.9561767578125,143,93.01580810546875,46.5748291015625,46.44097900390625,141
2025-07-17T21:01:13.086864,4,26,"[0, 1, 2, 3, 4, 5, 6, 7]",93.01580810546875,46.05963134765625,46.9561767578125,143,93.01580810546875,46.5748291015625,46.44097900390625,141
2025-07-17T21:01:13.094433,0,27,"[0, 1, 2, 3, 4, 5, 6, 7]",93.01580810546875,46.05963134765625,46.9561767578125,143,93.01580810546875,46.5748291015625,46.44097900390625,141
2025-07-17T21:01:13.101422,1,27,"[0, 1, 2, 3, 4, 5, 6, 7]",93.01580810546875,46.05963134765625,46.9561767578125,143,93.01580810546875,46.5748291015625,46.44097900390625,141
2025-07-17T21:01:13.108765,2,27,"[0, 1, 2, 3, 4, 5, 6, 7]",93.01580810546875,46.05963134765625,46.9561767578125,143,93.01580810546875,46.5748291015625,46.44097900390625,141
2025-07-17T21:01:13.115551,3,27,"[0, 1, 2, 3, 4, 5, 6, 7]",93.01580810546875,46.05963134765625,46.9561767578125,143,93.01580810546875,46.5748291015625,46.44097900390625,141
2025-07-17T21:01:13.123820,4,27,"[0, 1, 2, 3, 4, 5, 6, 7]",93.01580810546875,46.05963134765625,46.9561767578125,143,93.01580810546875,46.5748291015625,46.44097900390625,141
2025-07-17T21:01:13.131489,0,28,"[0, 1, 2, 3, 4, 5, 6, 7]",93.01580810546875,46.05963134765625,46.9561767578125,143,93.01580810546875,46.5748291015625,46.44097900390625,141
2025-07-17T21:01:13.134706,1,28,"[0, 1, 2, 3, 4, 5, 6, 7]",93.01580810546875,46.05963134765625,46.9561767578125,143,93.01580810546875,46.5748291015625,46.44097900390625,141
2025-07-17T21:01:13.142245,2,28,"[0, 1, 2, 3, 4, 5, 6, 7]",93.01580810546875,46.05963134765625,46.9561767578125,143,93.01580810546875,46.5748291015625,46.44097900390625,141
2025-07-17T21:01:13.149426,3,28,"[0, 1, 2, 3, 4, 5, 6, 7]",93.01580810546875,46.05963134765625,46.9561767578125,143,93.01580810546875,46.5748291015625,46.44097900390625,141
2025-07-17T21:01:13.156259,4,28,"[0, 1, 2, 3, 4, 5, 6, 7]",93.01580810546875,46.05963134765625,46.9561767578125,143,93.01580810546875,46.5748291015625,46.44097900390625,141
2025-07-17T21:01:13.163785,0,29,"[0, 1, 2, 3, 4, 5, 6, 7]",93.01580810546875,46.05963134765625,46.9561767578125,143,93.01580810546875,46.5748291015625,46.44097900390625,141
2025-07-17T21:01:13.177166,1,29,"[0, 1, 2, 3, 4, 5, 6, 7]",93.01580810546875,46.05963134765625,46.9561767578125,143,93.01580810546875,46.5748291015625,46.44097900390625,141
2025-07-17T21:01:13.178919,2,29,"[0, 1, 2, 3, 4, 5, 6, 7]",93.01580810546875,46.05963134765625,46.9561767578125,143,93.01580810546875,46.5748291015625,46.44097900390625,141
2025-07-17T21:01:13.185986,3,29,"[0, 1, 2, 3, 4, 5, 6, 7]",93.01580810546875,46.05963134765625,46.9561767578125,143,93.01580810546875,46.5748291015625,46.44097900390625,141
2025-07-17T21:01:13.193002,4,29,"[0, 1, 2, 3, 4, 5, 6, 7]",93.01580810546875,46.05963134765625,46.9561767578125,143,93.01580810546875,46.5748291015625,46.44097900390625,141
2025-07-17T21:01:13.200301,0,30,"[0, 1, 2, 3, 4, 5, 6, 7]",93.01580810546875,46.05963134765625,46.9561767578125,143,93.01580810546875,46.5748291015625,46.44097900390625,141
2025-07-17T21:01:13.207728,1,30,"[0, 2, 3, 4, 5, 6, 7]",93.01580810546875,46.05963134765625,46.9561767578125,143,93.01580810546875,46.5748291015625,46.44097900390625,141
2025-07-17T21:01:13.220316,2,30,"[0, 1, 2, 3, 4, 5, 6, 7]",93.01580810546875,46.05963134765625,46.9561767578125,143,93.01580810546875,46.5748291015625,46.44097900390625,141
2025-07-17T21:01:13.222276,3,30,"[0, 2, 3, 4, 5, 6, 7]",93.01580810546875,46.05963134765625,46.9561767578125,143,93.01580810546875,46.5748291015625,46.44097900390625,141
2025-07-17T21:01:13.229144,4,30,"[0, 2, 3, 4, 5, 6, 7]",93.01580810546875,46.05963134765625,46.9561767578125,143,93.01580810546875,46.5748291015625,46.44097900390625,141
2025-07-17T21:01:13.240851,0,31,"[0, 1, 2, 4, 5, 6, 7]",93.01580810546875,46.05963134765625,46.9561767578125,143,93.01580810546875,46.5748291015625,46.44097900390625,141
2025-07-17T21:01:13.249218,1,31,"[0, 1, 2, 3, 5, 6, 7]",93.01580810546875,46.05963134765625,46.9561767578125,143,93.01580810546875,46.5748291015625,46.44097900390625,141
2025-07-17T21:01:13.252885,2,31,"[0, 1, 2, 3, 4, 5, 6, 7]",93.01580810546875,46.05963134765625,46.9561767578125,143,93.01580810546875,46.5748291015625,46.44097900390625,141
2025-07-17T21:01:13.265507,3,31,"[0, 1, 2, 3, 5, 6, 7]",93.01580810546875,46.05963134765625,46.9561767578125,143,93.01580810546875,46.5748291015625,46.44097900390625,141
2025-07-17T21:01:13.269227,4,31,"[0, 1, 2, 3, 5, 6, 7]",93.01580810546875,46.05963134765625,46.9561767578125,143,93.01580810546875,46.5748291015625,46.44097900390625,141
2025-07-17T21:01:13.284020,0,0,"[0, 1, 2, 3, 4, 5, 6, 7]",93.01580810546875,46.05963134765625,46.9561767578125,143,93.01580810546875,46.5748291015625,46.44097900390625,141
2025-07-17T21:01:13.291524,1,0,"[0, 1, 2, 3, 4, 5, 6, 7]",93.01580810546875,46.05963134765625,46.9561767578125,143,93.01580810546875,46.5748291015625,46.44097900390625,141
2025-07-17T21:01:13.298797,2,0,"[0, 1, 2, 3, 4, 5, 6, 7]",93.01580810546875,46.05963134765625,46.9561767578125,143,93.01580810546875,46.5748291015625,46.44097900390625,141
2025-07-17T21:01:13.302010,3,0,"[0, 1, 2, 3, 4, 5, 6, 7]",93.01580810546875,46.05963134765625,46.9561767578125,143,93.01580810546875,46.5748291015625,46.44097900390625,141
2025-07-17T21:01:13.314795,4,0,"[0, 1, 2, 3, 4, 5, 6, 7]",93.01580810546875,46.05963134765625,46.9561767578125,143,93.01580810546875,46.5748291015625,46.44097900390625,141
2025-07-17T21:01:13.322288,0,1,"[0, 1, 2, 3, 4, 5, 6, 7]",93.01580810546875,46.05963134765625,46.9561767578125,143,93.01580810546875,46.5748291015625,46.44097900390625,141
2025-07-17T21:01:13.329762,1,1,"[0, 1, 2, 3, 4, 5, 6, 7]",93.01580810546875,46.05963134765625,46.9561767578125,143,93.01580810546875,46.5748291015625,46.44097900390625,141
2025-07-17T21:01:13.336663,2,1,"[0, 1, 2, 3, 4, 5, 6, 7]",93.01580810546875,46.05963134765625,46.9561767578125,143,93.01580810546875,46.5748291015625,46.44097900390625,141
2025-07-17T21:01:13.343815,3,1,"[0, 1, 2, 3, 4, 5, 6, 7]",93.01580810546875,46.05963134765625,46.9561767578125,143,93.01580810546875,46.5748291015625,46.44097900390625,141
2025-07-17T21:01:13.351127,4,1,"[0, 1, 2, 3, 4, 5, 6, 7]",93.01580810546875,46.05963134765625,46.9561767578125,143,93.01580810546875,46.5748291015625,46.44097900390625,141
2025-07-17T21:01:13.358831,0,2,"[0, 1, 2, 3, 4, 5, 6, 7]",93.01580810546875,46.05963134765625,46.9561767578125,143,93.01580810546875,46.5748291015625,46.44097900390625,141
2025-07-17T21:01:13.366206,1,2,"[0, 1, 2, 3, 4, 5, 6, 7]",93.01580810546875,46.05963134765625,46.9561767578125,143,93.01580810546875,46.5748291015625,46.44097900390625,141
2025-07-17T21:01:13.373740,2,2,"[0, 1, 2, 3, 4, 5, 7]",93.01580810546875,46.05963134765625,46.9561767578125,143,93.01580810546875,46.5748291015625,46.44097900390625,141
2025-07-17T21:01:13.381440,3,2,"[0, 1, 2, 3, 4, 5, 6, 7]",93.01580810546875,46.05963134765625,46.9561767578125,143,93.01580810546875,46.5748291015625,46.44097900390625,141
2025-07-17T21:01:13.384904,4,2,"[0, 1, 2, 3, 4, 5, 6, 7]",93.01580810546875,46.05963134765625,46.9561767578125,143,93.01580810546875,46.5748291015625,46.44097900390625,141
2025-07-17T21:01:13.396804,0,3,"[0, 1, 2, 3, 4, 5, 6, 7]",93.01580810546875,46.05963134765625,46.9561767578125,143,93.01580810546875,46.5748291015625,46.44097900390625,141
2025-07-17T21:01:13.404111,1,3,"[0, 1, 2, 3, 4, 5, 6, 7]",93.01580810546875,46.05963134765625,46.9561767578125,143,93.01580810546875,46.5748291015625,46.44097900390625,141
2025-07-17T21:01:13.410955,2,3,"[0, 1, 2, 4, 5, 6, 7]",93.01580810546875,46.05963134765625,46.9561767578125,143,93.01580810546875,46.5748291015625,46.44097900390625,141
2025-07-17T21:01:13.418062,3,3,"[0, 1, 2, 3, 4, 5, 6, 7]",93.01580810546875,46.05963134765625,46.9561767578125,143,93.01580810546875,46.5748291015625,46.44097900390625,141
2025-07-17T21:01:13.425213,4,3,"[0, 1, 2, 3, 4, 5, 6, 7]",93.01580810546875,46.05963134765625,46.9561767578125,143,93.01580810546875,46.5748291015625,46.44097900390625,141
2025-07-17T21:01:13.433363,0,4,"[0, 1, 2, 3, 4, 5, 6, 7]",93.01580810546875,46.05963134765625,46.9561767578125,143,93.01580810546875,46.5748291015625,46.44097900390625,141
2025-07-17T21:01:13.435608,1,4,"[0, 1, 2, 3, 4, 5, 6, 7]",93.01580810546875,46.05963134765625,46.9561767578125,143,93.01580810546875,46.5748291015625,46.44097900390625,141
2025-07-17T21:01:13.448090,2,4,"[1, 2, 3, 4, 5, 6, 7]",93.01580810546875,46.05963134765625,46.9561767578125,143,93.01580810546875,46.5748291015625,46.44097900390625,141
2025-07-17T21:01:13.450087,3,4,"[0, 1, 2, 3, 4, 5, 6, 7]",93.01580810546875,46.05963134765625,46.9561767578125,143,93.01580810546875,46.5748291015625,46.44097900390625,141
2025-07-17T21:01:13.457259,4,4,"[0, 1, 2, 3, 4, 5, 6, 7]",93.01580810546875,46.05963134765625,46.9561767578125,143,93.01580810546875,46.5748291015625,46.44097900390625,141
2025-07-17T21:01:13.463685,0,5,"[0, 1, 2, 3, 4, 5, 6, 7]",93.01580810546875,46.05963134765625,46.9561767578125,143,93.01580810546875,46.5748291015625,46.44097900390625,141
2025-07-17T21:01:13.470810,1,5,"[0, 1, 2, 3, 4, 6, 7]",93.01580810546875,46.05963134765625,46.9561767578125,143,93.01580810546875,46.5748291015625,46.44097900390625,141
2025-07-17T21:01:13.478005,2,5,"[0, 1, 2, 3, 4, 5, 6, 7]",93.01580810546875,46.05963134765625,46.9561767578125,143,93.01580810546875,46.5748291015625,46.44097900390625,141
2025-07-17T21:01:13.485371,3,5,"[0, 1, 2, 3, 4, 6, 7]",93.01580810546875,46.05963134765625,46.9561767578125,143,93.01580810546875,46.5748291015625,46.44097900390625,141
2025-07-17T21:01:13.497748,4,5,"[0, 1, 2, 3, 4, 6, 7]",93.01580810546875,46.05963134765625,46.9561767578125,143,93.01580810546875,46.5748291015625,46.44097900390625,141
2025-07-17T21:01:13.505148,0,6,"[0, 1, 2, 3, 4, 5, 6, 7]",93.01580810546875,46.05963134765625,46.9561767578125,143,93.01580810546875,46.5748291015625,46.44097900390625,141
2025-07-17T21:01:13.506969,1,6,"[0, 1, 2, 3, 4, 5, 6, 7]",93.01580810546875,46.05963134765625,46.9561767578125,143,93.01580810546875,46.5748291015625,46.44097900390625,141
2025-07-17T21:01:13.514394,2,6,"[0, 1, 2, 3, 4, 5, 6, 7]",93.01580810546875,46.05963134765625,46.9561767578125,143,93.01580810546875,46.5748291015625,46.44097900390625,141
2025-07-17T21:01:13.521779,3,6,"[0, 1, 2, 3, 4, 5, 6, 7]",93.01580810546875,46.05963134765625,46.9561767578125,143,93.01580810546875,46.5748291015625,46.44097900390625,141
2025-07-17T21:01:13.528439,4,6,"[0, 1, 2, 3, 4, 5, 6, 7]",93.01580810546875,46.05963134765625,46.9561767578125,143,93.01580810546875,46.5748291015625,46.44097900390625,141
2025-07-17T21:01:13.534292,0,7,"[0, 1, 2, 3, 4, 5, 6, 7]",93.01580810546875,46.05963134765625,46.9561767578125,143,93.01580810546875,46.5748291015625,46.44097900390625,141
2025-07-17T21:01:13.547686,1,7,"[0, 2, 3, 4, 5, 6, 7]",93.01580810546875,46.05963134765625,46.9561767578125,143,93.01580810546875,46.5748291015625,46.44097900390625,141
2025-07-17T21:01:13.549523,2,7,"[0, 1, 2, 3, 4, 5, 6, 7]",93.01580810546875,46.05963134765625,46.9561767578125,143,93.01580810546875,46.5748291015625,46.44097900390625,141
2025-07-17T21:01:13.557062,3,7,"[0, 2, 3, 4, 5, 6, 7]",93.01580810546875,46.05963134765625,46.9561767578125,143,93.01580810546875,46.5748291015625,46.44097900390625,141
2025-07-17T21:01:13.563694,4,7,"[0, 2, 3, 4, 5, 6, 7]",93.01580810546875,46.05963134765625,46.9561767578125,143,93.01580810546875,46.5748291015625,46.44097900390625,141
2025-07-17T21:01:13.571757,0,8,"[0, 1, 2, 3, 4, 5, 6, 7]",93.01580810546875,46.05963134765625,46.9561767578125,143,93.01580810546875,46.5748291015625,46.44097900390625,141
2025-07-17T21:01:13.578154,1,8,"[0, 1, 2, 3, 4, 5, 6, 7]",93.01580810546875,46.05963134765625,46.9561767578125,143,93.01580810546875,46.5748291015625,46.44097900390625,141
2025-07-17T21:01:13.584556,2,8,"[0, 1, 2, 3, 4, 5, 6, 7]",93.01580810546875,46.05963134765625,46.9561767578125,143,93.01580810546875,46.5748291015625,46.44097900390625,141
2025-07-17T21:01:13.596508,3,8,"[0, 1, 2, 3, 4, 5, 6, 7]",93.01580810546875,46.05963134765625,46.9561767578125,143,93.01580810546875,46.5748291015625,46.44097900390625,141
2025-07-17T21:01:13.598356,4,8,"[0, 1, 2, 3, 4, 5, 6, 7]",93.01580810546875,46.05963134765625,46.9561767578125,143,93.01580810546875,46.5748291015625,46.44097900390625,141
2025-07-17T21:01:13.605198,0,9,"[0, 1, 2, 3, 4, 5, 6, 7]",93.01580810546875,46.05963134765625,46.9561767578125,143,93.01580810546875,46.5748291015625,46.44097900390625,141
2025-07-17T21:01:13.612435,1,9,"[0, 1, 2, 4, 5, 6, 7]",93.01580810546875,46.05963134765625,46.9561767578125,143,93.01580810546875,46.5748291015625,46.44097900390625,141
2025-07-17T21:01:13.619055,2,9,"[0, 1, 2, 3, 4, 5, 6, 7]",93.01580810546875,46.05963134765625,46.9561767578125,143,93.01580810546875,46.5748291015625,46.44097900390625,141
2025-07-17T21:01:13.626215,3,9,"[0, 1, 2, 4, 5, 6, 7]",93.01580810546875,46.05963134765625,46.9561767578125,143,93.01580810546875,46.5748291015625,46.44097900390625,141
2025-07-17T21:01:13.633142,4,9,"[0, 1, 2, 4, 5, 6, 7]",93.01580810546875,46.05963134765625,46.9561767578125,143,93.01580810546875,46.5748291015625,46.44097900390625,141
2025-07-17T21:01:13.639018,0,10,"[0, 1, 2, 3, 4, 5, 6, 7]",93.01580810546875,46.05963134765625,46.9561767578125,143,93.01580810546875,46.5748291015625,46.44097900390625,141
2025-07-17T21:01:13.646251,1,10,"[0, 1, 2, 3, 4, 5, 7]",93.01580810546875,46.05963134765625,46.9561767578125,143,93.01580810546875,46.5748291015625,46.44097900390625,141
2025-07-17T21:01:13.653399,2,10,"[0, 1, 2, 3, 4, 5, 6, 7]",93.01580810546875,46.05963134765625,46.9561767578125,143,93.01580810546875,46.5748291015625,46.44097900390625,141
2025-07-17T21:01:13.666157,3,10,"[0, 1, 2, 3, 4, 5, 7]",93.01580810546875,46.05963134765625,46.9561767578125,143,93.01580810546875,46.5748291015625,46.44097900390625,141
2025-07-17T21:01:13.667982,4,10,"[0, 1, 2, 3, 4, 5, 7]",93.01580810546875,46.05963134765625,46.9561767578125,143,93.01580810546875,46.5748291015625,46.44097900390625,141
2025-07-17T21:01:13.675098,0,11,"[0, 1, 2, 3, 4, 5, 6, 7]",93.01580810546875,46.05963134765625,46.9561767578125,143,93.01580810546875,46.5748291015625,46.44097900390625,141
2025-07-17T21:01:13.682180,1,11,"[0, 1, 2, 3, 4, 5, 6, 7]",93.01580810546875,46.05963134765625,46.9561767578125,143,93.01580810546875,46.5748291015625,46.44097900390625,141
2025-07-17T21:01:13.688907,2,11,"[0, 1, 2, 3, 4, 5, 6, 7]",93.01580810546875,46.05963134765625,46.9561767578125,143,93.01580810546875,46.5748291015625,46.44097900390625,141
2025-07-17T21:01:13.696165,3,11,"[0, 1, 2, 3, 4, 5, 6, 7]",93.01580810546875,46.05963134765625,46.9561767578125,143,93.01580810546875,46.5748291015625,46.44097900390625,141
2025-07-17T21:01:13.703562,4,11,"[0, 1, 2, 3, 4, 5, 6, 7]",93.01580810546875,46.05963134765625,46.9561767578125,143,93.01580810546875,46.5748291015625,46.44097900390625,141
2025-07-17T21:01:13.710421,0,12,"[0, 1, 2, 3, 4, 5, 6, 7]",93.01580810546875,46.05963134765625,46.9561767578125,143,93.01580810546875,46.5748291015625,46.44097900390625,141
2025-07-17T21:01:13.717293,1,12,"[0, 1, 2, 3, 5, 6, 7]",93.01580810546875,46.05963134765625,46.9561767578125,143,93.01580810546875,46.5748291015625,46.44097900390625,141
2025-07-17T21:01:13.724593,2,12,"[0, 1, 2, 3, 4, 5, 6, 7]",93.01580810546875,46.05963134765625,46.9561767578125,143,93.01580810546875,46.5748291015625,46.44097900390625,141
2025-07-17T21:01:13.731671,3,12,"[0, 1, 2, 3, 5, 6, 7]",93.01580810546875,46.05963134765625,46.9561767578125,143,93.01580810546875,46.5748291015625,46.44097900390625,141
2025-07-17T21:01:13.743164,4,12,"[0, 1, 2, 3, 5, 6, 7]",93.01580810546875,46.05963134765625,46.9561767578125,143,93.01580810546875,46.5748291015625,46.44097900390625,141
2025-07-17T21:01:13.750226,0,13,"[0, 1, 2, 3, 4, 5, 7]",93.01580810546875,46.05963134765625,46.9561767578125,143,93.01580810546875,46.5748291015625,46.44097900390625,141
2025-07-17T21:01:13.757126,1,13,"[1, 2, 3, 4, 5, 7]",93.01580810546875,46.05963134765625,46.9561767578125,143,93.01580810546875,46.5748291015625,46.44097900390625,141
2025-07-17T21:01:13.765665,2,13,"[0, 1, 2, 3, 4, 5, 6, 7]",93.01580810546875,46.05963134765625,46.9561767578125,143,93.01580810546875,46.5748291015625,46.44097900390625,141
2025-07-17T21:01:13.773085,3,13,"[1, 2, 3, 4, 5, 7]",93.01580810546875,46.05963134765625,46.9561767578125,143,93.01580810546875,46.5748291015625,46.44097900390625,141
2025-07-17T21:01:13.780126,4,13,"[1, 2, 3, 4, 5, 7]",93.01580810546875,46.05963134765625,46.9561767578125,143,93.01580810546875,46.5748291015625,46.44097900390625,141
2025-07-17T21:01:13.787572,0,14,"[0, 1, 2, 3, 4, 5, 6, 7]",93.01580810546875,46.05963134765625,46.9561767578125,143,93.01580810546875,46.5748291015625,46.44097900390625,141
2025-07-17T21:01:13.794224,1,14,"[0, 1, 2, 3, 4, 5, 6]",93.01580810546875,46.05963134765625,46.9561767578125,143,93.01580810546875,46.5748291015625,46.44097900390625,141
2025-07-17T21:01:13.800806,2,14,"[0, 1, 2, 3, 4, 5, 6, 7]",93.01580810546875,46.05963134765625,46.9561767578125,143,93.01580810546875,46.5748291015625,46.44097900390625,141
2025-07-17T21:01:13.810205,3,14,"[0, 1, 2, 3, 4, 5, 6]",93.01580810546875,46.05963134765625,46.9561767578125,143,93.01580810546875,46.5748291015625,46.44097900390625,141
2025-07-17T21:01:13.817970,4,14,"[0, 1, 2, 3, 4, 5, 6]",93.01580810546875,46.05963134765625,46.9561767578125,143,93.01580810546875,46.5748291015625,46.44097900390625,141
2025-07-17T21:01:13.825420,0,15,"[0, 1, 2, 3, 4, 5, 6, 7]",93.01580810546875,46.05963134765625,46.9561767578125,143,93.01580810546875,46.5748291015625,46.44097900390625,141
2025-07-17T21:01:13.832745,1,15,"[0, 1, 2, 3, 4, 5, 6, 7]",93.01580810546875,46.05963134765625,46.9561767578125,143,93.01580810546875,46.5748291015625,46.44097900390625,141
2025-07-17T21:01:13.840033,2,15,"[0, 1, 2, 3, 4, 5, 6, 7]",93.01580810546875,46.05963134765625,46.9561767578125,143,93.01580810546875,46.5748291015625,46.44097900390625,141
2025-07-17T21:01:13.847183,3,15,"[0, 1, 2, 3, 4, 5, 6, 7]",93.01580810546875,46.05963134765625,46.9561767578125,143,93.01580810546875,46.5748291015625,46.44097900390625,141
2025-07-17T21:01:13.854168,4,15,"[0, 1, 2, 3, 4, 5, 6, 7]",93.01580810546875,46.05963134765625,46.9561767578125,143,93.01580810546875,46.5748291015625,46.44097900390625,141
2025-07-17T21:01:13.862011,0,16,"[0, 1, 2, 3, 4, 5, 6, 7]",93.01580810546875,46.05963134765625,46.9561767578125,143,93.01580810546875,46.5748291015625,46.44097900390625,141
2025-07-17T21:01:13.869625,1,16,"[0, 2, 3, 4, 5, 6, 7]",93.01580810546875,46.05963134765625,46.9561767578125,143,93.01580810546875,46.5748291015625,46.44097900390625,141
2025-07-17T21:01:13.877480,2,16,"[0, 1, 2, 3, 4, 5, 6, 7]",93.01580810546875,46.05963134765625,46.9561767578125,143,93.01580810546875,46.5748291015625,46.44097900390625,141
2025-07-17T21:01:13.884755,3,16,"[0, 2, 3, 4, 5, 6, 7]",93.01580810546875,46.05963134765625,46.9561767578125,143,93.01580810546875,46.5748291015625,46.44097900390625,141
2025-07-17T21:01:13.887628,4,16,"[0, 2, 3, 4, 5, 6, 7]",93.01580810546875,46.05963134765625,46.9561767578125,143,93.01580810546875,46.5748291015625,46.44097900390625,141
2025-07-17T21:01:13.899668,0,17,"[0, 1, 2, 3, 4, 5, 6, 7]",93.01580810546875,46.05963134765625,46.9561767578125,143,93.01580810546875,46.5748291015625,46.44097900390625,141
2025-07-17T21:01:13.906831,1,17,"[1, 2, 3, 4, 5, 6, 7]",93.01580810546875,46.05963134765625,46.9561767578125,143,93.01580810546875,46.5748291015625,46.44097900390625,141
2025-07-17T21:01:13.913884,2,17,"[0, 1, 2, 3, 4, 5, 6, 7]",93.01580810546875,46.05963134765625,46.9561767578125,143,93.01580810546875,46.5748291015625,46.44097900390625,141
2025-07-17T21:01:13.921358,3,17,"[1, 2, 3, 4, 5, 6, 7]",93.01580810546875,46.05963134765625,46.9561767578125,143,93.01580810546875,46.5748291015625,46.44097900390625,141
2025-07-17T21:01:13.928606,4,17,"[1, 2, 3, 4, 5, 6, 7]",93.01580810546875,46.05963134765625,46.9561767578125,143,93.01580810546875,46.5748291015625,46.44097900390625,141
2025-07-17T21:01:13.935384,0,18,"[0, 1, 2, 3, 4, 5, 6, 7]",93.01580810546875,46.05963134765625,46.9561767578125,143,93.01580810546875,46.5748291015625,46.44097900390625,141
2025-07-17T21:01:13.942041,1,18,"[0, 1, 2, 3, 4, 5, 6, 7]",93.01580810546875,46.05963134765625,46.9561767578125,143,93.01580810546875,46.5748291015625,46.44097900390625,141
2025-07-17T21:01:13.948806,2,18,"[0, 1, 2, 3, 4, 5, 6, 7]",93.01580810546875,46.05963134765625,46.9561767578125,143,93.01580810546875,46.5748291015625,46.44097900390625,141
2025-07-17T21:01:13.956045,3,18,"[0, 1, 2, 3, 4, 5, 6, 7]",93.01580810546875,46.05963134765625,46.9561767578125,143,93.01580810546875,46.5748291015625,46.44097900390625,141
2025-07-17T21:01:13.962879,4,18,"[0, 1, 2, 3, 4, 5, 6, 7]",93.01580810546875,46.05963134765625,46.9561767578125,143,93.01580810546875,46.5748291015625,46.44097900390625,141
2025-07-17T21:01:13.970028,0,19,"[0, 1, 2, 3, 4, 5, 6, 7]",93.01580810546875,46.05963134765625,46.9561767578125,143,93.01580810546875,46.5748291015625,46.44097900390625,141
2025-07-17T21:01:13.977030,1,19,"[0, 1, 2, 3, 4, 5, 6, 7]",93.01580810546875,46.05963134765625,46.9561767578125,143,93.01580810546875,46.5748291015625,46.44097900390625,141
2025-07-17T21:01:13.984395,2,19,"[0, 1, 2, 3, 4, 5, 6, 7]",93.01580810546875,46.05963134765625,46.9561767578125,143,93.01580810546875,46.5748291015625,46.44097900390625,141
2025-07-17T21:01:13.992065,3,19,"[0, 1, 2, 3, 4, 5, 6, 7]",93.01580810546875,46.05963134765625,46.9561767578125,143,93.01580810546875,46.5748291015625,46.44097900390625,141
2025-07-17T21:01:13.999197,4,19,"[0, 1, 2, 3, 4, 5, 6, 7]",93.01580810546875,46.05963134765625,46.9561767578125,143,93.01580810546875,46.5748291015625,46.44097900390625,141
2025-07-17T21:01:14.005900,0,20,"[0, 1, 2, 3, 4, 5, 6, 7]",93.01580810546875,46.05963134765625,46.9561767578125,143,93.01580810546875,46.5748291015625,46.44097900390625,141
2025-07-17T21:01:14.013129,1,20,"[0, 1, 2, 3, 4, 5, 6, 7]",93.01580810546875,46.05963134765625,46.9561767578125,143,93.01580810546875,46.5748291015625,46.44097900390625,141
2025-07-17T21:01:14.020110,2,20,"[0, 1, 2, 3, 4, 5, 6, 7]",93.01580810546875,46.05963134765625,46.9561767578125,143,93.01580810546875,46.5748291015625,46.44097900390625,141
2025-07-17T21:01:14.027130,3,20,"[0, 1, 2, 3, 4, 5, 6, 7]",93.01580810546875,46.05963134765625,46.9561767578125,143,93.01580810546875,46.5748291015625,46.44097900390625,141
2025-07-17T21:01:14.034808,4,20,"[0, 1, 2, 3, 4, 5, 6, 7]",93.01580810546875,46.05963134765625,46.9561767578125,143,93.01580810546875,46.5748291015625,46.44097900390625,141
2025-07-17T21:01:14.041681,0,21,"[0, 1, 2, 3, 4, 5, 6, 7]",93.01580810546875,46.05963134765625,46.9561767578125,143,93.01580810546875,46.5748291015625,46.44097900390625,141
2025-07-17T21:01:14.048358,1,21,"[0, 1, 2, 3, 4, 5, 7]",93.01580810546875,46.05963134765625,46.9561767578125,143,93.01580810546875,46.5748291015625,46.44097900390625,141
2025-07-17T21:01:14.055117,2,21,"[0, 1, 2, 3, 4, 5, 6, 7]",93.01580810546875,46.05963134765625,46.9561767578125,143,93.01580810546875,46.5748291015625,46.44097900390625,141
2025-07-17T21:01:14.062746,3,21,"[0, 1, 2, 3, 4, 5, 7]",93.01580810546875,46.05963134765625,46.9561767578125,143,93.01580810546875,46.5748291015625,46.44097900390625,141
2025-07-17T21:01:14.070974,4,21,"[0, 1, 2, 3, 4, 5, 7]",93.01580810546875,46.05963134765625,46.9561767578125,143,93.01580810546875,46.5748291015625,46.44097900390625,141
2025-07-17T21:01:14.073124,0,22,"[0, 1, 2, 3, 4, 5, 6, 7]",93.01580810546875,46.05963134765625,46.9561767578125,143,93.01580810546875,46.5748291015625,46.44097900390625,141
2025-07-17T21:01:14.084263,1,22,"[0, 1, 2, 3, 4, 5, 6, 7]",93.01580810546875,46.05963134765625,46.9561767578125,143,93.01580810546875,46.5748291015625,46.44097900390625,141
2025-07-17T21:01:14.091605,2,22,"[0, 1, 2, 3, 4, 5, 6, 7]",93.01580810546875,46.05963134765625,46.9561767578125,143,93.01580810546875,46.5748291015625,46.44097900390625,141
2025-07-17T21:01:14.098623,3,22,"[0, 1, 2, 3, 4, 5, 6, 7]",93.01580810546875,46.05963134765625,46.9561767578125,143,93.01580810546875,46.5748291015625,46.44097900390625,141
2025-07-17T21:01:14.105690,4,22,"[0, 1, 2, 3, 4, 5, 6, 7]",93.01580810546875,46.05963134765625,46.9561767578125,143,93.01580810546875,46.5748291015625,46.44097900390625,141
2025-07-17T21:01:14.112607,0,23,"[0, 1, 2, 3, 4, 5, 6, 7]",93.01580810546875,46.05963134765625,46.9561767578125,143,93.01580810546875,46.5748291015625,46.44097900390625,141
2025-07-17T21:01:14.119951,1,23,"[0, 1, 2, 3, 4, 5, 6, 7]",93.01580810546875,46.05963134765625,46.9561767578125,143,93.01580810546875,46.5748291015625,46.44097900390625,141
2025-07-17T21:01:14.127299,2,23,"[0, 1, 2, 3, 4, 5, 6, 7]",93.01580810546875,46.05963134765625,46.9561767578125,143,93.01580810546875,46.5748291015625,46.44097900390625,141
2025-07-17T21:01:14.134801,3,23,"[0, 1, 2, 3, 4, 5, 6, 7]",93.01580810546875,46.05963134765625,46.9561767578125,143,93.01580810546875,46.5748291015625,46.44097900390625,141
2025-07-17T21:01:14.143155,4,23,"[0, 1, 2, 3, 4, 5, 6, 7]",93.01580810546875,46.05963134765625,46.9561767578125,143,93.01580810546875,46.5748291015625,46.44097900390625,141
2025-07-17T21:01:14.150446,0,24,"[0, 1, 2, 3, 4, 5, 6, 7]",93.01580810546875,46.05963134765625,46.9561767578125,143,93.01580810546875,46.5748291015625,46.44097900390625,141
2025-07-17T21:01:14.157903,1,24,"[0, 1, 2, 3, 4, 5, 6, 7]",93.01580810546875,46.05963134765625,46.9561767578125,143,93.01580810546875,46.5748291015625,46.44097900390625,141
2025-07-17T21:01:14.165184,2,24,"[0, 1, 2, 3, 4, 5, 6, 7]",93.01580810546875,46.05963134765625,46.9561767578125,143,93.01580810546875,46.5748291015625,46.44097900390625,141
2025-07-17T21:01:14.171787,3,24,"[0, 1, 2, 3, 4, 5, 6, 7]",93.01580810546875,46.05963134765625,46.9561767578125,143,93.01580810546875,46.5748291015625,46.44097900390625,141
2025-07-17T21:01:14.179602,4,24,"[0, 1, 2, 3, 4, 5, 6, 7]",93.01580810546875,46.05963134765625,46.9561767578125,143,93.01580810546875,46.5748291015625,46.44097900390625,141
2025-07-17T21:01:14.181718,0,25,"[0, 1, 2, 3, 4, 5, 6, 7]",93.01580810546875,46.05963134765625,46.9561767578125,143,93.01580810546875,46.5748291015625,46.44097900390625,141
2025-07-17T21:01:14.193592,1,25,"[0, 1, 2, 3, 4, 5, 6, 7]",93.01580810546875,46.05963134765625,46.9561767578125,143,93.01580810546875,46.5748291015625,46.44097900390625,141
2025-07-17T21:01:14.196259,2,25,"[0, 1, 2, 3, 4, 5, 6, 7]",93.01580810546875,46.05963134765625,46.9561767578125,143,93.01580810546875,46.5748291015625,46.44097900390625,141
2025-07-17T21:01:14.207604,3,25,"[0, 1, 2, 3, 4, 5, 6, 7]",93.01580810546875,46.05963134765625,46.9561767578125,143,93.01580810546875,46.5748291015625,46.44097900390625,141
2025-07-17T21:01:14.214477,4,25,"[0, 1, 2, 3, 4, 5, 6, 7]",93.01580810546875,46.05963134765625,46.9561767578125,143,93.01580810546875,46.5748291015625,46.44097900390625,141
2025-07-17T21:01:14.221697,0,26,"[0, 1, 2, 3, 4, 5, 6, 7]",93.01580810546875,46.05963134765625,46.9561767578125,143,93.01580810546875,46.5748291015625,46.44097900390625,141
2025-07-17T21:01:14.229078,1,26,"[0, 1, 2, 3, 4, 6, 7]",93.01580810546875,46.05963134765625,46.9561767578125,143,93.01580810546875,46.5748291015625,46.44097900390625,141
2025-07-17T21:01:14.236708,2,26,"[0, 1, 2, 3, 4, 5, 6, 7]",93.01580810546875,46.05963134765625,46.9561767578125,143,93.01580810546875,46.5748291015625,46.44097900390625,141
2025-07-17T21:01:14.244104,3,26,"[0, 1, 2, 3, 4, 6, 7]",93.01580810546875,46.05963134765625,46.9561767578125,143,93.01580810546875,46.5748291015625,46.44097900390625,141
2025-07-17T21:01:14.251519,4,26,"[0, 1, 2, 3, 4, 6, 7]",93.01580810546875,46.05963134765625,46.9561767578125,143,93.01580810546875,46.5748291015625,46.44097900390625,141
2025-07-17T21:01:14.259525,0,27,"[0, 1, 2, 3, 4, 5, 6, 7]",93.01580810546875,46.05963134765625,46.9561767578125,143,93.01580810546875,46.5748291015625,46.44097900390625,141
2025-07-17T21:01:14.267620,1,27,"[0, 1, 2, 3, 4, 5, 6, 7]",93.01580810546875,46.05963134765625,46.9561767578125,143,93.01580810546875,46.5748291015625,46.44097900390625,141
2025-07-17T21:01:14.274143,2,27,"[0, 1, 2, 3, 4, 5, 6, 7]",93.01580810546875,46.05963134765625,46.9561767578125,143,93.01580810546875,46.5748291015625,46.44097900390625,141
2025-07-17T21:01:14.280993,3,27,"[0, 1, 2, 3, 4, 5, 6, 7]",93.01580810546875,46.05963134765625,46.9561767578125,143,93.01580810546875,46.5748291015625,46.44097900390625,141
2025-07-17T21:01:14.287898,4,27,"[0, 1, 2, 3, 4, 5, 6, 7]",93.01580810546875,46.05963134765625,46.9561767578125,143,93.01580810546875,46.5748291015625,46.44097900390625,141
2025-07-17T21:01:14.294511,0,28,"[0, 1, 2, 3, 4, 5, 6, 7]",93.01580810546875,46.05963134765625,46.9561767578125,143,93.01580810546875,46.5748291015625,46.44097900390625,141
2025-07-17T21:01:14.301389,1,28,"[0, 1, 2, 3, 4, 5, 6, 7]",93.01580810546875,46.05963134765625,46.9561767578125,143,93.01580810546875,46.5748291015625,46.44097900390625,141
2025-07-17T21:01:14.308560,2,28,"[0, 1, 2, 3, 4, 5, 6, 7]",93.01580810546875,46.05963134765625,46.9561767578125,143,93.01580810546875,46.5748291015625,46.44097900390625,141
2025-07-17T21:01:14.315163,3,28,"[0, 1, 2, 3, 4, 5, 6, 7]",93.01580810546875,46.05963134765625,46.9561767578125,143,93.01580810546875,46.5748291015625,46.44097900390625,141
2025-07-17T21:01:14.322428,4,28,"[0, 1, 2, 3, 4, 5, 6, 7]",93.01580810546875,46.05963134765625,46.9561767578125,143,93.01580810546875,46.5748291015625,46.44097900390625,141
2025-07-17T21:01:14.330108,0,29,"[0, 1, 2, 3, 4, 5, 6, 7]",93.01580810546875,46.05963134765625,46.9561767578125,143,93.01580810546875,46.5748291015625,46.44097900390625,141
2025-07-17T21:01:14.336950,1,29,"[0, 1, 2, 3, 4, 5, 6, 7]",93.01580810546875,46.05963134765625,46.9561767578125,143,93.01580810546875,46.5748291015625,46.44097900390625,141
2025-07-17T21:01:14.344179,2,29,"[0, 1, 2, 3, 4, 5, 6, 7]",93.01580810546875,46.05963134765625,46.9561767578125,143,93.01580810546875,46.5748291015625,46.44097900390625,141
2025-07-17T21:01:14.351140,3,29,"[0, 1, 2, 3, 4, 5, 6, 7]",93.01580810546875,46.05963134765625,46.9561767578125,143,93.01580810546875,46.5748291015625,46.44097900390625,141
2025-07-17T21:01:14.358948,4,29,"[0, 1, 2, 3, 4, 5, 6, 7]",93.01580810546875,46.05963134765625,46.9561767578125,143,93.01580810546875,46.5748291015625,46.44097900390625,141
2025-07-17T21:01:14.365455,0,30,"[0, 1, 2, 3, 4, 5, 6, 7]",93.01580810546875,46.05963134765625,46.9561767578125,143,93.01580810546875,46.5748291015625,46.44097900390625,141
2025-07-17T21:01:14.372507,1,30,"[0, 1, 2, 3, 4, 5, 6, 7]",93.01580810546875,46.05963134765625,46.9561767578125,143,93.01580810546875,46.5748291015625,46.44097900390625,141
2025-07-17T21:01:14.377360,2,30,"[0, 1, 3, 4, 5, 6, 7]",93.01580810546875,46.05963134765625,46.9561767578125,143,93.01580810546875,46.5748291015625,46.44097900390625,141
2025-07-17T21:01:14.384619,3,30,"[0, 1, 2, 3, 4, 5, 6, 7]",93.01580810546875,46.05963134765625,46.9561767578125,143,93.01580810546875,46.5748291015625,46.44097900390625,141
2025-07-17T21:01:14.391345,4,30,"[0, 1, 2, 3, 4, 5, 6, 7]",93.01580810546875,46.05963134765625,46.9561767578125,143,93.01580810546875,46.5748291015625,46.44097900390625,141
2025-07-17T21:01:14.404581,0,31,"[0, 1, 2, 3, 4, 5, 6, 7]",93.01580810546875,46.05963134765625,46.9561767578125,143,93.01580810546875,46.5748291015625,46.44097900390625,141
2025-07-17T21:01:14.408204,1,31,"[0, 1, 2, 3, 4, 5, 6, 7]",93.01580810546875,46.05963134765625,46.9561767578125,143,93.01580810546875,46.5748291015625,46.44097900390625,141
2025-07-17T21:01:14.416424,2,31,"[0, 1, 2, 3, 4, 5, 6, 7]",93.01580810546875,46.05963134765625,46.9561767578125,143,93.01580810546875,46.5748291015625,46.44097900390625,141
2025-07-17T21:01:14.424973,3,31,"[0, 1, 2, 3, 4, 5, 6, 7]",93.01580810546875,46.05963134765625,46.9561767578125,143,93.01580810546875,46.5748291015625,46.44097900390625,141
2025-07-17T21:01:14.432372,4,31,"[0, 1, 2, 3, 4, 5, 6, 7]",93.01580810546875,46.05963134765625,46.9561767578125,143,93.01580810546875,46.5748291015625,46.44097900390625,141
2025-07-17T21:01:14.448061,0,0,"[0, 1, 2, 3, 4, 5, 6, 7]",93.01580810546875,46.05963134765625,46.9561767578125,143,93.01580810546875,46.5748291015625,46.44097900390625,141
2025-07-17T21:01:14.451148,1,0,"[0, 1, 2, 3, 4, 5, 6, 7]",93.01580810546875,46.05963134765625,46.9561767578125,143,93.01580810546875,46.5748291015625,46.44097900390625,141
2025-07-17T21:01:14.459292,2,0,"[0, 1, 2, 3, 4, 5, 6, 7]",93.01580810546875,46.05963134765625,46.9561767578125,143,93.01580810546875,46.5748291015625,46.44097900390625,141
2025-07-17T21:01:14.467536,3,0,"[0, 1, 2, 3, 4, 5, 6, 7]",93.01580810546875,46.05963134765625,46.9561767578125,143,93.01580810546875,46.5748291015625,46.44097900390625,141
2025-07-17T21:01:14.476485,4,0,"[0, 1, 2, 3, 4, 5, 6, 7]",93.01580810546875,46.05963134765625,46.9561767578125,143,93.01580810546875,46.5748291015625,46.44097900390625,141
2025-07-17T21:01:14.482855,0,1,"[0, 1, 2, 3, 4, 5, 6, 7]",93.01580810546875,46.05963134765625,46.9561767578125,143,93.01580810546875,46.5748291015625,46.44097900390625,141
2025-07-17T21:01:14.490488,1,1,"[0, 1, 2, 3, 4, 5, 6, 7]",93.01580810546875,46.05963134765625,46.9561767578125,143,93.01580810546875,46.5748291015625,46.44097900390625,141
2025-07-17T21:01:14.496306,2,1,"[0, 1, 2, 4, 5, 6, 7]",93.01580810546875,46.05963134765625,46.9561767578125,143,93.01580810546875,46.5748291015625,46.44097900390625,141
2025-07-17T21:01:14.503444,3,1,"[0, 1, 2, 3, 4, 5, 6, 7]",93.01580810546875,46.05963134765625,46.9561767578125,143,93.01580810546875,46.5748291015625,46.44097900390625,141
2025-07-17T21:01:14.510846,4,1,"[0, 1, 2, 3, 4, 5, 6, 7]",93.01580810546875,46.05963134765625,46.9561767578125,143,93.01580810546875,46.5748291015625,46.44097900390625,141
2025-07-17T21:01:14.518290,0,2,"[0, 1, 2, 3, 4, 5, 6, 7]",93.01580810546875,46.05963134765625,46.9561767578125,143,93.01580810546875,46.5748291015625,46.44097900390625,141
2025-07-17T21:01:14.524305,1,2,"[0, 1, 2, 3, 4, 5, 6, 7]",93.01580810546875,46.05963134765625,46.9561767578125,143,93.01580810546875,46.5748291015625,46.44097900390625,141
2025-07-17T21:01:14.530713,2,2,"[0, 1, 2, 3, 4, 5, 6, 7]",93.01580810546875,46.05963134765625,46.9561767578125,143,93.01580810546875,46.5748291015625,46.44097900390625,141
2025-07-17T21:01:14.543500,3,2,"[0, 1, 2, 3, 4, 5, 6, 7]",93.01580810546875,46.05963134765625,46.9561767578125,143,93.01580810546875,46.5748291015625,46.44097900390625,141
2025-07-17T21:01:14.545306,4,2,"[0, 1, 2, 3, 4, 5, 6, 7]",93.01580810546875,46.05963134765625,46.9561767578125,143,93.01580810546875,46.5748291015625,46.44097900390625,141
2025-07-17T21:01:14.552012,0,3,"[0, 1, 2, 3, 4, 5, 6, 7]",93.01580810546875,46.05963134765625,46.9561767578125,143,93.01580810546875,46.5748291015625,46.44097900390625,141
2025-07-17T21:01:14.559220,1,3,"[0, 1, 2, 3, 4, 5, 6, 7]",93.01580810546875,46.05963134765625,46.9561767578125,143,93.01580810546875,46.5748291015625,46.44097900390625,141
2025-07-17T21:01:14.571671,2,3,"[0, 1, 2, 4, 5, 6, 7]",93.01580810546875,46.05963134765625,46.9561767578125,143,93.01580810546875,46.5748291015625,46.44097900390625,141
2025-07-17T21:01:14.574159,3,3,"[0, 1, 2, 3, 4, 5, 6, 7]",93.01580810546875,46.05963134765625,46.9561767578125,143,93.01580810546875,46.5748291015625,46.44097900390625,141
2025-07-17T21:01:14.581232,4,3,"[0, 1, 2, 3, 4, 5, 6, 7]",93.01580810546875,46.05963134765625,46.9561767578125,143,93.01580810546875,46.5748291015625,46.44097900390625,141
2025-07-17T21:01:14.587061,0,4,"[0, 1, 2, 3, 4, 5, 6, 7]",93.01580810546875,46.05963134765625,46.9561767578125,143,93.01580810546875,46.5748291015625,46.44097900390625,141
2025-07-17T21:01:14.598783,1,4,"[0, 1, 2, 3, 4, 5, 6, 7]",93.01580810546875,46.05963134765625,46.9561767578125,143,93.01580810546875,46.5748291015625,46.44097900390625,141
2025-07-17T21:01:14.600845,2,4,"[0, 1, 2, 3, 4, 6, 7]",93.01580810546875,46.05963134765625,46.9561767578125,143,93.01580810546875,46.5748291015625,46.44097900390625,141
2025-07-17T21:01:14.608353,3,4,"[0, 1, 2, 3, 4, 5, 6, 7]",93.01580810546875,46.05963134765625,46.9561767578125,143,93.01580810546875,46.5748291015625,46.44097900390625,141
2025-07-17T21:01:14.615304,4,4,"[0, 1, 2, 3, 4, 5, 6, 7]",93.01580810546875,46.05963134765625,46.9561767578125,143,93.01580810546875,46.5748291015625,46.44097900390625,141
2025-07-17T21:01:14.622001,0,5,"[0, 1, 2, 3, 4, 5, 6, 7]",93.01580810546875,46.05963134765625,46.9561767578125,143,93.01580810546875,46.5748291015625,46.44097900390625,141
2025-07-17T21:01:14.629123,1,5,"[0, 1, 2, 3, 4, 5, 6, 7]",93.01580810546875,46.05963134765625,46.9561767578125,143,93.01580810546875,46.5748291015625,46.44097900390625,141
2025-07-17T21:01:14.642082,2,5,"[0, 1, 2, 3, 4, 5, 6, 7]",93.01580810546875,46.05963134765625,46.9561767578125,143,93.01580810546875,46.5748291015625,46.44097900390625,141
2025-07-17T21:01:14.644027,3,5,"[0, 1, 2, 3, 4, 5, 6, 7]",93.01580810546875,46.05963134765625,46.9561767578125,143,93.01580810546875,46.5748291015625,46.44097900390625,141
2025-07-17T21:01:14.650701,4,5,"[0, 1, 2, 3, 4, 5, 6, 7]",93.01580810546875,46.05963134765625,46.9561767578125,143,93.01580810546875,46.5748291015625,46.44097900390625,141
2025-07-17T21:01:14.663041,0,6,"[0, 1, 2, 3, 4, 5, 6, 7]",93.01580810546875,46.05963134765625,46.9561767578125,143,93.01580810546875,46.5748291015625,46.44097900390625,141
2025-07-17T21:01:14.670799,1,6,"[0, 1, 2, 3, 4, 5, 6, 7]",93.01580810546875,46.05963134765625,46.9561767578125,143,93.01580810546875,46.5748291015625,46.44097900390625,141
2025-07-17T21:01:14.672745,2,6,"[0, 1, 2, 3, 4, 5, 6, 7]",93.01580810546875,46.05963134765625,46.9561767578125,143,93.01580810546875,46.5748291015625,46.44097900390625,141
2025-07-17T21:01:14.679302,3,6,"[0, 1, 2, 3, 4, 5, 6, 7]",93.01580810546875,46.05963134765625,46.9561767578125,143,93.01580810546875,46.5748291015625,46.44097900390625,141
2025-07-17T21:01:14.685727,4,6,"[0, 1, 2, 3, 4, 5, 6, 7]",93.01580810546875,46.05963134765625,46.9561767578125,143,93.01580810546875,46.5748291015625,46.44097900390625,141
2025-07-17T21:01:14.693009,0,7,"[0, 1, 2, 3, 4, 5, 6, 7]",93.01580810546875,46.05963134765625,46.9561767578125,143,93.01580810546875,46.5748291015625,46.44097900390625,141
2025-07-17T21:01:14.700095,1,7,"[0, 1, 2, 3, 4, 5, 6, 7]",93.01580810546875,46.05963134765625,46.9561767578125,143,93.01580810546875,46.5748291015625,46.44097900390625,141
2025-07-17T21:01:14.707141,2,7,"[0, 1, 2, 3, 4, 5, 6, 7]",93.01580810546875,46.05963134765625,46.9561767578125,143,93.01580810546875,46.5748291015625,46.44097900390625,141
2025-07-17T21:01:14.714138,3,7,"[0, 1, 2, 3, 4, 5, 6, 7]",93.01580810546875,46.05963134765625,46.9561767578125,143,93.01580810546875,46.5748291015625,46.44097900390625,141
2025-07-17T21:01:14.721959,4,7,"[0, 1, 2, 3, 4, 5, 6, 7]",93.01580810546875,46.05963134765625,46.9561767578125,143,93.01580810546875,46.5748291015625,46.44097900390625,141
2025-07-17T21:01:14.729590,0,8,"[0, 1, 2, 3, 4, 5, 6, 7]",93.01580810546875,46.05963134765625,46.9561767578125,143,93.01580810546875,46.5748291015625,46.44097900390625,141
2025-07-17T21:01:14.737112,1,8,"[1, 2, 3, 4, 5, 6, 7]",93.01580810546875,46.05963134765625,46.9561767578125,143,93.01580810546875,46.5748291015625,46.44097900390625,141
2025-07-17T21:01:14.744855,2,8,"[0, 1, 2, 3, 4, 5, 6, 7]",93.01580810546875,46.05963134765625,46.9561767578125,143,93.01580810546875,46.5748291015625,46.44097900390625,141
2025-07-17T21:01:14.752243,3,8,"[1, 2, 3, 4, 5, 6, 7]",93.01580810546875,46.05963134765625,46.9561767578125,143,93.01580810546875,46.5748291015625,46.44097900390625,141
2025-07-17T21:01:14.763687,4,8,"[1, 2, 3, 4, 5, 6, 7]",93.01580810546875,46.05963134765625,46.9561767578125,143,93.01580810546875,46.5748291015625,46.44097900390625,141
2025-07-17T21:01:14.770781,0,9,"[0, 1, 2, 3, 4, 5, 6, 7]",93.01580810546875,46.05963134765625,46.9561767578125,143,93.01580810546875,46.5748291015625,46.44097900390625,141
2025-07-17T21:01:14.778371,1,9,"[0, 1, 2, 4, 5, 6, 7]",93.01580810546875,46.05963134765625,46.9561767578125,143,93.01580810546875,46.5748291015625,46.44097900390625,141
2025-07-17T21:01:14.786436,2,9,"[0, 1, 2, 3, 4, 5, 6, 7]",93.01580810546875,46.05963134765625,46.9561767578125,143,93.01580810546875,46.5748291015625,46.44097900390625,141
2025-07-17T21:01:14.793655,3,9,"[0, 1, 2, 4, 5, 6, 7]",93.01580810546875,46.05963134765625,46.9561767578125,143,93.01580810546875,46.5748291015625,46.44097900390625,141
2025-07-17T21:01:14.800274,4,9,"[0, 1, 2, 4, 5, 6, 7]",93.01580810546875,46.05963134765625,46.9561767578125,143,93.01580810546875,46.5748291015625,46.44097900390625,141
2025-07-17T21:01:14.806514,0,10,"[0, 1, 2, 3, 4, 5, 6, 7]",93.01580810546875,46.05963134765625,46.9561767578125,143,93.01580810546875,46.5748291015625,46.44097900390625,141
2025-07-17T21:01:14.813939,1,10,"[0, 1, 2, 3, 4, 5, 7]",93.01580810546875,46.05963134765625,46.9561767578125,143,93.01580810546875,46.5748291015625,46.44097900390625,141
2025-07-17T21:01:14.821103,2,10,"[0, 1, 2, 3, 4, 5, 6, 7]",93.01580810546875,46.05963134765625,46.9561767578125,143,93.01580810546875,46.5748291015625,46.44097900390625,141
2025-07-17T21:01:14.827816,3,10,"[0, 1, 2, 3, 4, 5, 7]",93.01580810546875,46.05963134765625,46.9561767578125,143,93.01580810546875,46.5748291015625,46.44097900390625,141
2025-07-17T21:01:14.834384,4,10,"[0, 1, 2, 3, 4, 5, 7]",93.01580810546875,46.05963134765625,46.9561767578125,143,93.01580810546875,46.5748291015625,46.44097900390625,141
2025-07-17T21:01:14.840966,0,11,"[0, 1, 2, 3, 4, 5, 6, 7]",93.01580810546875,46.05963134765625,46.9561767578125,143,93.01580810546875,46.5748291015625,46.44097900390625,141
2025-07-17T21:01:14.848104,1,11,"[0, 1, 2, 3, 4, 5, 6, 7]",93.01580810546875,46.05963134765625,46.9561767578125,143,93.01580810546875,46.5748291015625,46.44097900390625,141
2025-07-17T21:01:14.854583,2,11,"[0, 1, 2, 3, 4, 5, 6, 7]",93.01580810546875,46.05963134765625,46.9561767578125,143,93.01580810546875,46.5748291015625,46.44097900390625,141
2025-07-17T21:01:14.865153,3,11,"[0, 1, 2, 3, 4, 5, 6, 7]",93.01580810546875,46.05963134765625,46.9561767578125,143,93.01580810546875,46.5748291015625,46.44097900390625,141
2025-07-17T21:01:14.872211,4,11,"[0, 1, 2, 3, 4, 5, 6, 7]",93.01580810546875,46.05963134765625,46.9561767578125,143,93.01580810546875,46.5748291015625,46.44097900390625,141
2025-07-17T21:01:14.879351,0,12,"[0, 1, 2, 3, 4, 5, 6, 7]",93.01580810546875,46.05963134765625,46.9561767578125,143,93.01580810546875,46.5748291015625,46.44097900390625,141
2025-07-17T21:01:14.886445,1,12,"[0, 1, 2, 3, 4, 5, 6, 7]",93.01580810546875,46.05963134765625,46.9561767578125,143,93.01580810546875,46.5748291015625,46.44097900390625,141
2025-07-17T21:01:14.893131,2,12,"[0, 1, 2, 3, 4, 5, 6, 7]",93.01580810546875,46.05963134765625,46.9561767578125,143,93.01580810546875,46.5748291015625,46.44097900390625,141
2025-07-17T21:01:14.900114,3,12,"[0, 1, 2, 3, 4, 5, 6, 7]",93.01580810546875,46.05963134765625,46.9561767578125,143,93.01580810546875,46.5748291015625,46.44097900390625,141
2025-07-17T21:01:14.908294,4,12,"[0, 1, 2, 3, 4, 5, 6, 7]",93.01580810546875,46.05963134765625,46.9561767578125,143,93.01580810546875,46.5748291015625,46.44097900390625,141
2025-07-17T21:01:14.915142,0,13,"[0, 1, 2, 3, 4, 5, 6, 7]",93.01580810546875,46.05963134765625,46.9561767578125,143,93.01580810546875,46.5748291015625,46.44097900390625,141
2025-07-17T21:01:14.922077,1,13,"[0, 1, 2, 3, 5, 7]",93.01580810546875,46.05963134765625,46.9561767578125,143,93.01580810546875,46.5748291015625,46.44097900390625,141
2025-07-17T21:01:14.929255,2,13,"[0, 1, 2, 3, 4, 5, 6, 7]",93.01580810546875,46.05963134765625,46.9561767578125,143,93.01580810546875,46.5748291015625,46.44097900390625,141
2025-07-17T21:01:14.936108,3,13,"[0, 1, 2, 3, 5, 7]",93.01580810546875,46.05963134765625,46.9561767578125,143,93.01580810546875,46.5748291015625,46.44097900390625,141
2025-07-17T21:01:14.943251,4,13,"[0, 1, 2, 3, 5, 7]",93.01580810546875,46.05963134765625,46.9561767578125,143,93.01580810546875,46.5748291015625,46.44097900390625,141
2025-07-17T21:01:14.947596,0,14,"[0, 1, 2, 3, 4, 5, 6, 7]",93.01580810546875,46.05963134765625,46.9561767578125,143,93.01580810546875,46.5748291015625,46.44097900390625,141
2025-07-17T21:01:14.958188,1,14,"[0, 1, 2, 3, 4, 5, 6, 7]",93.01580810546875,46.05963134765625,46.9561767578125,143,93.01580810546875,46.5748291015625,46.44097900390625,141
2025-07-17T21:01:14.965056,2,14,"[0, 1, 2, 3, 4, 5, 6, 7]",93.01580810546875,46.05963134765625,46.9561767578125,143,93.01580810546875,46.5748291015625,46.44097900390625,141
2025-07-17T21:01:14.971641,3,14,"[0, 1, 2, 3, 4, 5, 6, 7]",93.01580810546875,46.05963134765625,46.9561767578125,143,93.01580810546875,46.5748291015625,46.44097900390625,141
2025-07-17T21:01:14.977977,4,14,"[0, 1, 2, 3, 4, 5, 6, 7]",93.01580810546875,46.05963134765625,46.9561767578125,143,93.01580810546875,46.5748291015625,46.44097900390625,141
2025-07-17T21:01:14.984729,0,15,"[0, 1, 2, 3, 4, 5, 6, 7]",93.01580810546875,46.05963134765625,46.9561767578125,143,93.01580810546875,46.5748291015625,46.44097900390625,141
2025-07-17T21:01:14.991949,1,15,"[0, 1, 2, 3, 4, 5, 6, 7]",93.01580810546875,46.05963134765625,46.9561767578125,143,93.01580810546875,46.5748291015625,46.44097900390625,141
2025-07-17T21:01:14.996242,2,15,"[0, 1, 2, 3, 4, 5, 6, 7]",93.01580810546875,46.05963134765625,46.9561767578125,143,93.01580810546875,46.5748291015625,46.44097900390625,141
2025-07-17T21:01:15.007109,3,15,"[0, 1, 2, 3, 4, 5, 6, 7]",93.01580810546875,46.05963134765625,46.9561767578125,143,93.01580810546875,46.5748291015625,46.44097900390625,141
2025-07-17T21:01:15.014184,4,15,"[0, 1, 2, 3, 4, 5, 6, 7]",93.01580810546875,46.05963134765625,46.9561767578125,143,93.01580810546875,46.5748291015625,46.44097900390625,141
2025-07-17T21:01:15.021987,0,16,"[0, 1, 2, 3, 4, 5, 6, 7]",93.01580810546875,46.05963134765625,46.9561767578125,143,93.01580810546875,46.5748291015625,46.44097900390625,141
2025-07-17T21:01:15.024122,1,16,"[0, 1, 2, 3, 5, 6, 7]",93.01580810546875,46.05963134765625,46.9561767578125,143,93.01580810546875,46.5748291015625,46.44097900390625,141
2025-07-17T21:01:15.031508,2,16,"[0, 1, 2, 3, 4, 5, 6, 7]",93.01580810546875,46.05963134765625,46.9561767578125,143,93.01580810546875,46.5748291015625,46.44097900390625,141
2025-07-17T21:01:15.038591,3,16,"[0, 1, 2, 3, 5, 6, 7]",93.01580810546875,46.05963134765625,46.9561767578125,143,93.01580810546875,46.5748291015625,46.44097900390625,141
2025-07-17T21:01:15.046324,4,16,"[0, 1, 2, 3, 5, 6, 7]",93.01580810546875,46.05963134765625,46.9561767578125,143,93.01580810546875,46.5748291015625,46.44097900390625,141
2025-07-17T21:01:15.053436,0,17,"[0, 1, 2, 3, 4, 5, 6, 7]",93.01580810546875,46.05963134765625,46.9561767578125,143,93.01580810546875,46.5748291015625,46.44097900390625,141
2025-07-17T21:01:15.060987,1,17,"[1, 2, 3, 4, 5, 6, 7]",93.01580810546875,46.05963134765625,46.9561767578125,143,93.01580810546875,46.5748291015625,46.44097900390625,141
2025-07-17T21:01:15.068554,2,17,"[0, 1, 3, 4, 5, 6, 7]",93.01580810546875,46.05963134765625,46.9561767578125,143,93.01580810546875,46.5748291015625,46.44097900390625,141
2025-07-17T21:01:15.079775,3,17,"[1, 2, 3, 4, 5, 6, 7]",93.01580810546875,46.05963134765625,46.9561767578125,143,93.01580810546875,46.5748291015625,46.44097900390625,141
2025-07-17T21:01:15.081990,4,17,"[1, 2, 3, 4, 5, 6, 7]",93.01580810546875,46.05963134765625,46.9561767578125,143,93.01580810546875,46.5748291015625,46.44097900390625,141
2025-07-17T21:01:15.090133,0,18,"[0, 1, 2, 3, 4, 5, 6, 7]",93.01580810546875,46.05963134765625,46.9561767578125,143,93.01580810546875,46.5748291015625,46.44097900390625,141
2025-07-17T21:01:15.097015,1,18,"[0, 1, 2, 3, 4, 5, 6, 7]",93.01580810546875,46.05963134765625,46.9561767578125,143,93.01580810546875,46.5748291015625,46.44097900390625,141
2025-07-17T21:01:15.103627,2,18,"[0, 1, 2, 3, 4, 5, 6, 7]",93.01580810546875,46.05963134765625,46.9561767578125,143,93.01580810546875,46.5748291015625,46.44097900390625,141
2025-07-17T21:01:15.112175,3,18,"[0, 1, 2, 3, 4, 5, 6, 7]",93.01580810546875,46.05963134765625,46.9561767578125,143,93.01580810546875,46.5748291015625,46.44097900390625,141
2025-07-17T21:01:15.118013,4,18,"[0, 1, 2, 3, 4, 5, 6, 7]",93.01580810546875,46.05963134765625,46.9561767578125,143,93.01580810546875,46.5748291015625,46.44097900390625,141
2025-07-17T21:01:15.124390,0,19,"[0, 1, 2, 3, 4, 5, 6, 7]",93.01580810546875,46.05963134765625,46.9561767578125,143,93.01580810546875,46.5748291015625,46.44097900390625,141
2025-07-17T21:01:15.131653,1,19,"[0, 1, 2, 3, 4, 5, 6, 7]",93.01580810546875,46.05963134765625,46.9561767578125,143,93.01580810546875,46.5748291015625,46.44097900390625,141
2025-07-17T21:01:15.138115,2,19,"[0, 1, 2, 3, 4, 5, 6, 7]",93.01580810546875,46.05963134765625,46.9561767578125,143,93.01580810546875,46.5748291015625,46.44097900390625,141
2025-07-17T21:01:15.144745,3,19,"[0, 1, 2, 3, 4, 5, 6, 7]",93.01580810546875,46.05963134765625,46.9561767578125,143,93.01580810546875,46.5748291015625,46.44097900390625,141
2025-07-17T21:01:15.152215,4,19,"[0, 1, 2, 3, 4, 5, 6, 7]",93.01580810546875,46.05963134765625,46.9561767578125,143,93.01580810546875,46.5748291015625,46.44097900390625,141
2025-07-17T21:01:15.159042,0,20,"[0, 1, 2, 3, 4, 5, 6, 7]",93.01580810546875,46.05963134765625,46.9561767578125,143,93.01580810546875,46.5748291015625,46.44097900390625,141
2025-07-17T21:01:15.165643,1,20,"[0, 1, 2, 3, 4, 5, 6, 7]",93.01580810546875,46.05963134765625,46.9561767578125,143,93.01580810546875,46.5748291015625,46.44097900390625,141
2025-07-17T21:01:15.172710,2,20,"[0, 1, 2, 3, 4, 5, 6, 7]",93.01580810546875,46.05963134765625,46.9561767578125,143,93.01580810546875,46.5748291015625,46.44097900390625,141
2025-07-17T21:01:15.180693,3,20,"[0, 1, 2, 3, 4, 5, 6, 7]",93.01580810546875,46.05963134765625,46.9561767578125,143,93.01580810546875,46.5748291015625,46.44097900390625,141
2025-07-17T21:01:15.187512,4,20,"[0, 1, 2, 3, 4, 5, 6, 7]",93.01580810546875,46.05963134765625,46.9561767578125,143,93.01580810546875,46.5748291015625,46.44097900390625,141
2025-07-17T21:01:15.194261,0,21,"[0, 1, 2, 3, 4, 5, 6, 7]",93.01580810546875,46.05963134765625,46.9561767578125,143,93.01580810546875,46.5748291015625,46.44097900390625,141
2025-07-17T21:01:15.200669,1,21,"[0, 1, 2, 3, 4, 5, 6, 7]",93.01580810546875,46.05963134765625,46.9561767578125,143,93.01580810546875,46.5748291015625,46.44097900390625,141
2025-07-17T21:01:15.207212,2,21,"[0, 1, 2, 3, 4, 5, 6, 7]",93.01580810546875,46.05963134765625,46.9561767578125,143,93.01580810546875,46.5748291015625,46.44097900390625,141
2025-07-17T21:01:15.219268,3,21,"[0, 1, 2, 3, 4, 5, 6, 7]",93.01580810546875,46.05963134765625,46.9561767578125,143,93.01580810546875,46.5748291015625,46.44097900390625,141
2025-07-17T21:01:15.221305,4,21,"[0, 1, 2, 3, 4, 5, 6, 7]",93.01580810546875,46.05963134765625,46.9561767578125,143,93.01580810546875,46.5748291015625,46.44097900390625,141
2025-07-17T21:01:15.228906,0,22,"[0, 1, 2, 3, 4, 5, 6, 7]",93.01580810546875,46.05963134765625,46.9561767578125,143,93.01580810546875,46.5748291015625,46.44097900390625,141
2025-07-17T21:01:15.235077,1,22,"[0, 1, 2, 4, 5, 6, 7]",93.01580810546875,46.05963134765625,46.9561767578125,143,93.01580810546875,46.5748291015625,46.44097900390625,141
2025-07-17T21:01:15.241947,2,22,"[0, 1, 2, 3, 4, 5, 6, 7]",93.01580810546875,46.05963134765625,46.9561767578125,143,93.01580810546875,46.5748291015625,46.44097900390625,141
2025-07-17T21:01:15.248815,3,22,"[0, 1, 2, 4, 5, 6, 7]",93.01580810546875,46.05963134765625,46.9561767578125,143,93.01580810546875,46.5748291015625,46.44097900390625,141
2025-07-17T21:01:15.261712,4,22,"[0, 1, 2, 4, 5, 6, 7]",93.01580810546875,46.05963134765625,46.9561767578125,143,93.01580810546875,46.5748291015625,46.44097900390625,141
2025-07-17T21:01:15.263671,0,23,"[0, 1, 2, 3, 4, 5, 6, 7]",93.01580810546875,46.05963134765625,46.9561767578125,143,93.01580810546875,46.5748291015625,46.44097900390625,141
2025-07-17T21:01:15.271213,1,23,"[0, 1, 2, 3, 4, 5, 6, 7]",93.01580810546875,46.05963134765625,46.9561767578125,143,93.01580810546875,46.5748291015625,46.44097900390625,141
2025-07-17T21:01:15.277911,2,23,"[0, 1, 2, 3, 4, 5, 6, 7]",93.01580810546875,46.05963134765625,46.9561767578125,143,93.01580810546875,46.5748291015625,46.44097900390625,141
2025-07-17T21:01:15.284686,3,23,"[0, 1, 2, 3, 4, 5, 6, 7]",93.01580810546875,46.05963134765625,46.9561767578125,143,93.01580810546875,46.5748291015625,46.44097900390625,141
2025-07-17T21:01:15.296761,4,23,"[0, 1, 2, 3, 4, 5, 6, 7]",93.01580810546875,46.05963134765625,46.9561767578125,143,93.01580810546875,46.5748291015625,46.44097900390625,141
2025-07-17T21:01:15.304054,0,24,"[0, 1, 2, 3, 4, 5, 6, 7]",93.01580810546875,46.05963134765625,46.9561767578125,143,93.01580810546875,46.5748291015625,46.44097900390625,141
2025-07-17T21:01:15.306124,1,24,"[0, 1, 2, 3, 4, 6, 7]",93.01580810546875,46.05963134765625,46.9561767578125,143,93.01580810546875,46.5748291015625,46.44097900390625,141
2025-07-17T21:01:15.312841,2,24,"[0, 1, 2, 3, 4, 5, 6, 7]",93.01580810546875,46.05963134765625,46.9561767578125,143,93.01580810546875,46.5748291015625,46.44097900390625,141
2025-07-17T21:01:15.325413,3,24,"[0, 1, 2, 3, 4, 6, 7]",93.01580810546875,46.05963134765625,46.9561767578125,143,93.01580810546875,46.5748291015625,46.44097900390625,141
2025-07-17T21:01:15.327255,4,24,"[0, 1, 2, 3, 4, 6, 7]",93.01580810546875,46.05963134765625,46.9561767578125,143,93.01580810546875,46.5748291015625,46.44097900390625,141
2025-07-17T21:01:15.333597,0,25,"[0, 1, 2, 3, 4, 5, 6, 7]",93.01580810546875,46.05963134765625,46.9561767578125,143,93.01580810546875,46.5748291015625,46.44097900390625,141
2025-07-17T21:01:15.339899,1,25,"[0, 1, 3, 4, 5, 6, 7]",93.01580810546875,46.05963134765625,46.9561767578125,143,93.01580810546875,46.5748291015625,46.44097900390625,141
2025-07-17T21:01:15.347279,2,25,"[0, 1, 2, 3, 4, 5, 6, 7]",93.01580810546875,46.05963134765625,46.9561767578125,143,93.01580810546875,46.5748291015625,46.44097900390625,141
2025-07-17T21:01:15.354573,3,25,"[0, 1, 3, 4, 5, 6, 7]",93.01580810546875,46.05963134765625,46.9561767578125,143,93.01580810546875,46.5748291015625,46.44097900390625,141
2025-07-17T21:01:15.361133,4,25,"[0, 1, 3, 4, 5, 6, 7]",93.01580810546875,46.05963134765625,46.9561767578125,143,93.01580810546875,46.5748291015625,46.44097900390625,141
2025-07-17T21:01:15.368101,0,26,"[0, 1, 2, 3, 4, 5, 6, 7]",93.01580810546875,46.05963134765625,46.9561767578125,143,93.01580810546875,46.5748291015625,46.44097900390625,141
2025-07-17T21:01:15.374431,1,26,"[0, 2, 3, 4, 5, 6, 7]",93.01580810546875,46.05963134765625,46.9561767578125,143,93.01580810546875,46.5748291015625,46.44097900390625,141
2025-07-17T21:01:15.380764,2,26,"[0, 1, 2, 3, 4, 5, 6, 7]",93.01580810546875,46.05963134765625,46.9561767578125,143,93.01580810546875,46.5748291015625,46.44097900390625,141
2025-07-17T21:01:15.387703,3,26,"[0, 2, 3, 4, 5, 6, 7]",93.01580810546875,46.05963134765625,46.9561767578125,143,93.01580810546875,46.5748291015625,46.44097900390625,141
2025-07-17T21:01:15.394512,4,26,"[0, 2, 3, 4, 5, 6, 7]",93.01580810546875,46.05963134765625,46.9561767578125,143,93.01580810546875,46.5748291015625,46.44097900390625,141
2025-07-17T21:01:15.406533,0,27,"[0, 1, 2, 3, 4, 5, 6, 7]",93.01580810546875,46.05963134765625,46.9561767578125,143,93.01580810546875,46.5748291015625,46.44097900390625,141
2025-07-17T21:01:15.408651,1,27,"[0, 1, 2, 3, 4, 5, 6, 7]",93.01580810546875,46.05963134765625,46.9561767578125,143,93.01580810546875,46.5748291015625,46.44097900390625,141
2025-07-17T21:01:15.415747,2,27,"[0, 1, 2, 3, 4, 5, 6, 7]",93.01580810546875,46.05963134765625,46.9561767578125,143,93.01580810546875,46.5748291015625,46.44097900390625,141
2025-07-17T21:01:15.427224,3,27,"[0, 1, 2, 3, 4, 5, 6, 7]",93.01580810546875,46.05963134765625,46.9561767578125,143,93.01580810546875,46.5748291015625,46.44097900390625,141
2025-07-17T21:01:15.429851,4,27,"[0, 1, 2, 3, 4, 5, 6, 7]",93.01580810546875,46.05963134765625,46.9561767578125,143,93.01580810546875,46.5748291015625,46.44097900390625,141
2025-07-17T21:01:15.436198,0,28,"[0, 1, 2, 3, 4, 5, 6, 7]",93.01580810546875,46.05963134765625,46.9561767578125,143,93.01580810546875,46.5748291015625,46.44097900390625,141
2025-07-17T21:01:15.443572,1,28,"[0, 1, 2, 3, 4, 5, 6, 7]",93.01580810546875,46.05963134765625,46.9561767578125,143,93.01580810546875,46.5748291015625,46.44097900390625,141
2025-07-17T21:01:15.450493,2,28,"[0, 1, 2, 3, 4, 5, 6, 7]",93.01580810546875,46.05963134765625,46.9561767578125,143,93.01580810546875,46.5748291015625,46.44097900390625,141
2025-07-17T21:01:15.457541,3,28,"[0, 1, 2, 3, 4, 5, 6, 7]",93.01580810546875,46.05963134765625,46.9561767578125,143,93.01580810546875,46.5748291015625,46.44097900390625,141
2025-07-17T21:01:15.469952,4,28,"[0, 1, 2, 3, 4, 5, 6, 7]",93.01580810546875,46.05963134765625,46.9561767578125,143,93.01580810546875,46.5748291015625,46.44097900390625,141
2025-07-17T21:01:15.472362,0,29,"[0, 1, 2, 3, 4, 5, 6, 7]",93.01580810546875,46.05963134765625,46.9561767578125,143,93.01580810546875,46.5748291015625,46.44097900390625,141
2025-07-17T21:01:15.478669,1,29,"[0, 1, 2, 3, 4, 5, 6, 7]",93.01580810546875,46.05963134765625,46.9561767578125,143,93.01580810546875,46.5748291015625,46.44097900390625,141
2025-07-17T21:01:15.485825,2,29,"[0, 1, 2, 3, 4, 5, 6, 7]",93.01580810546875,46.05963134765625,46.9561767578125,143,93.01580810546875,46.5748291015625,46.44097900390625,141
2025-07-17T21:01:15.493059,3,29,"[0, 1, 2, 3, 4, 5, 6, 7]",93.01580810546875,46.05963134765625,46.9561767578125,143,93.01580810546875,46.5748291015625,46.44097900390625,141
2025-07-17T21:01:15.499374,4,29,"[0, 1, 2, 3, 4, 5, 6, 7]",93.01580810546875,46.05963134765625,46.9561767578125,143,93.01580810546875,46.5748291015625,46.44097900390625,141
2025-07-17T21:01:15.514043,0,30,"[0, 1, 2, 3, 4, 5, 6, 7]",93.01580810546875,46.05963134765625,46.9561767578125,143,93.01580810546875,46.5748291015625,46.44097900390625,141
2025-07-17T21:01:15.520869,1,30,"[0, 2, 3, 4, 5, 6, 7]",93.01580810546875,46.05963134765625,46.9561767578125,143,93.01580810546875,46.5748291015625,46.44097900390625,141
2025-07-17T21:01:15.522944,2,30,"[0, 2, 3, 4, 5, 6, 7]",93.01580810546875,46.05963134765625,46.9561767578125,143,93.01580810546875,46.5748291015625,46.44097900390625,141
2025-07-17T21:01:15.534217,3,30,"[0, 2, 3, 4, 5, 6, 7]",93.01580810546875,46.05963134765625,46.9561767578125,143,93.01580810546875,46.5748291015625,46.44097900390625,141
2025-07-17T21:01:15.540863,4,30,"[0, 2, 3, 4, 5, 6, 7]",93.01580810546875,46.05963134765625,46.9561767578125,143,93.01580810546875,46.5748291015625,46.44097900390625,141
2025-07-17T21:01:15.548892,0,31,"[0, 1, 2, 3, 4, 5, 6, 7]",93.01580810546875,46.05963134765625,46.9561767578125,143,93.01580810546875,46.5748291015625,46.44097900390625,141
2025-07-17T21:01:15.557696,1,31,"[1, 2, 3, 4, 5, 6, 7]",93.01580810546875,46.05963134765625,46.9561767578125,143,93.01580810546875,46.5748291015625,46.44097900390625,141
2025-07-17T21:01:15.561307,2,31,"[0, 1, 2, 3, 4, 5, 6, 7]",93.01580810546875,46.05963134765625,46.9561767578125,143,93.01580810546875,46.5748291015625,46.44097900390625,141
2025-07-17T21:01:15.574127,3,31,"[1, 2, 3, 4, 5, 6, 7]",93.01580810546875,46.05963134765625,46.9561767578125,143,93.01580810546875,46.5748291015625,46.44097900390625,141
2025-07-17T21:01:15.576525,4,31,"[1, 2, 3, 4, 5, 6, 7]",93.01580810546875,46.05963134765625,46.9561767578125,143,93.01580810546875,46.5748291015625,46.44097900390625,141
2025-07-17T21:01:15.591420,0,0,"[0, 1, 2, 3, 4, 5, 6, 7]",93.01580810546875,46.05963134765625,46.9561767578125,143,93.01580810546875,46.5748291015625,46.44097900390625,141
2025-07-17T21:01:15.599343,1,0,"[0, 1, 2, 3, 4, 5, 6, 7]",93.01580810546875,46.05963134765625,46.9561767578125,143,93.01580810546875,46.5748291015625,46.44097900390625,141
2025-07-17T21:01:15.606135,2,0,"[0, 1, 2, 3, 4, 5, 6, 7]",93.01580810546875,46.05963134765625,46.9561767578125,143,93.01580810546875,46.5748291015625,46.44097900390625,141
2025-07-17T21:01:15.613204,3,0,"[0, 1, 2, 3, 4, 5, 6, 7]",93.01580810546875,46.05963134765625,46.9561767578125,143,93.01580810546875,46.5748291015625,46.44097900390625,141
2025-07-17T21:01:15.620158,4,0,"[0, 1, 2, 3, 4, 5, 6, 7]",93.01580810546875,46.05963134765625,46.9561767578125,143,93.01580810546875,46.5748291015625,46.44097900390625,141
2025-07-17T21:01:15.627200,0,1,"[0, 1, 2, 3, 4, 5, 6, 7]",93.01580810546875,46.05963134765625,46.9561767578125,143,93.01580810546875,46.5748291015625,46.44097900390625,141
2025-07-17T21:01:15.633779,1,1,"[0, 1, 2, 3, 4, 5, 6, 7]",93.01580810546875,46.05963134765625,46.9561767578125,143,93.01580810546875,46.5748291015625,46.44097900390625,141
2025-07-17T21:01:15.640367,2,1,"[0, 1, 2, 4, 5, 6, 7]",93.01580810546875,46.05963134765625,46.9561767578125,143,93.01580810546875,46.5748291015625,46.44097900390625,141
2025-07-17T21:01:15.648261,3,1,"[0, 1, 2, 3, 4, 5, 6, 7]",93.01580810546875,46.05963134765625,46.9561767578125,143,93.01580810546875,46.5748291015625,46.44097900390625,141
2025-07-17T21:01:15.656378,4,1,"[0, 1, 2, 3, 4, 5, 6, 7]",93.01580810546875,46.05963134765625,46.9561767578125,143,93.01580810546875,46.5748291015625,46.44097900390625,141
2025-07-17T21:01:15.663691,0,2,"[0, 1, 2, 3, 4, 5, 6, 7]",93.01580810546875,46.05963134765625,46.9561767578125,143,93.01580810546875,46.5748291015625,46.44097900390625,141
2025-07-17T21:01:15.671070,1,2,"[0, 1, 2, 3, 4, 5, 6, 7]",93.01580810546875,46.05963134765625,46.9561767578125,143,93.01580810546875,46.5748291015625,46.44097900390625,141
2025-07-17T21:01:15.678728,2,2,"[0, 1, 2, 3, 4, 5, 6, 7]",93.01580810546875,46.05963134765625,46.9561767578125,143,93.01580810546875,46.5748291015625,46.44097900390625,141
2025-07-17T21:01:15.685698,3,2,"[0, 1, 2, 3, 4, 5, 6, 7]",93.01580810546875,46.05963134765625,46.9561767578125,143,93.01580810546875,46.5748291015625,46.44097900390625,141
2025-07-17T21:01:15.693430,4,2,"[0, 1, 2, 3, 4, 5, 6, 7]",93.01580810546875,46.05963134765625,46.9561767578125,143,93.01580810546875,46.5748291015625,46.44097900390625,141
2025-07-17T21:01:15.700903,0,3,"[0, 1, 2, 3, 4, 5, 6, 7]",93.01580810546875,46.05963134765625,46.9561767578125,143,93.01580810546875,46.5748291015625,46.44097900390625,141
2025-07-17T21:01:15.708277,1,3,"[0, 1, 2, 3, 4, 5, 6, 7]",93.01580810546875,46.05963134765625,46.9561767578125,143,93.01580810546875,46.5748291015625,46.44097900390625,141
2025-07-17T21:01:15.715149,2,3,"[0, 1, 2, 3, 4, 5, 6, 7]",93.01580810546875,46.05963134765625,46.9561767578125,143,93.01580810546875,46.5748291015625,46.44097900390625,141
2025-07-17T21:01:15.722783,3,3,"[0, 1, 2, 3, 4, 5, 6, 7]",93.01580810546875,46.05963134765625,46.9561767578125,143,93.01580810546875,46.5748291015625,46.44097900390625,141
2025-07-17T21:01:15.730503,4,3,"[0, 1, 2, 3, 4, 5, 6, 7]",93.01580810546875,46.05963134765625,46.9561767578125,143,93.01580810546875,46.5748291015625,46.44097900390625,141
2025-07-17T21:01:15.737740,0,4,"[0, 1, 2, 3, 4, 5, 6, 7]",93.01580810546875,46.05963134765625,46.9561767578125,143,93.01580810546875,46.5748291015625,46.44097900390625,141
2025-07-17T21:01:15.744963,1,4,"[1, 2, 3, 4, 5, 6, 7]",93.01580810546875,46.05963134765625,46.9561767578125,143,93.01580810546875,46.5748291015625,46.44097900390625,141
2025-07-17T21:01:15.751420,2,4,"[0, 1, 2, 3, 4, 5, 6, 7]",93.01580810546875,46.05963134765625,46.9561767578125,143,93.01580810546875,46.5748291015625,46.44097900390625,141
2025-07-17T21:01:15.758557,3,4,"[1, 2, 3, 4, 5, 6, 7]",93.01580810546875,46.05963134765625,46.9561767578125,143,93.01580810546875,46.5748291015625,46.44097900390625,141
2025-07-17T21:01:15.767087,4,4,"[1, 2, 3, 4, 5, 6, 7]",93.01580810546875,46.05963134765625,46.9561767578125,143,93.01580810546875,46.5748291015625,46.44097900390625,141
2025-07-17T21:01:15.769649,0,5,"[0, 1, 2, 3, 4, 5, 6, 7]",93.01580810546875,46.05963134765625,46.9561767578125,143,93.01580810546875,46.5748291015625,46.44097900390625,141
2025-07-17T21:01:15.776450,1,5,"[0, 1, 2, 3, 4, 5, 6, 7]",93.01580810546875,46.05963134765625,46.9561767578125,143,93.01580810546875,46.5748291015625,46.44097900390625,141
2025-07-17T21:01:15.787364,2,5,"[0, 1, 2, 3, 4, 5, 6, 7]",93.01580810546875,46.05963134765625,46.9561767578125,143,93.01580810546875,46.5748291015625,46.44097900390625,141
2025-07-17T21:01:15.794700,3,5,"[0, 1, 2, 3, 4, 5, 6, 7]",93.01580810546875,46.05963134765625,46.9561767578125,143,93.01580810546875,46.5748291015625,46.44097900390625,141
2025-07-17T21:01:15.801687,4,5,"[0, 1, 2, 3, 4, 5, 6, 7]",93.01580810546875,46.05963134765625,46.9561767578125,143,93.01580810546875,46.5748291015625,46.44097900390625,141
2025-07-17T21:01:15.808335,0,6,"[0, 1, 2, 3, 4, 5, 6, 7]",93.01580810546875,46.05963134765625,46.9561767578125,143,93.01580810546875,46.5748291015625,46.44097900390625,141
2025-07-17T21:01:15.815185,1,6,"[0, 1, 2, 3, 4, 5, 6, 7]",93.01580810546875,46.05963134765625,46.9561767578125,143,93.01580810546875,46.5748291015625,46.44097900390625,141
2025-07-17T21:01:15.821680,2,6,"[0, 1, 2, 3, 4, 5, 6, 7]",93.01580810546875,46.05963134765625,46.9561767578125,143,93.01580810546875,46.5748291015625,46.44097900390625,141
2025-07-17T21:01:15.830071,3,6,"[0, 1, 2, 3, 4, 5, 6, 7]",93.01580810546875,46.05963134765625,46.9561767578125,143,93.01580810546875,46.5748291015625,46.44097900390625,141
2025-07-17T21:01:15.837015,4,6,"[0, 1, 2, 3, 4, 5, 6, 7]",93.01580810546875,46.05963134765625,46.9561767578125,143,93.01580810546875,46.5748291015625,46.44097900390625,141
2025-07-17T21:01:15.844193,0,7,"[0, 1, 2, 3, 4, 5, 6, 7]",93.01580810546875,46.05963134765625,46.9561767578125,143,93.01580810546875,46.5748291015625,46.44097900390625,141
2025-07-17T21:01:15.851149,1,7,"[0, 1, 2, 3, 4, 5, 6]",93.01580810546875,46.05963134765625,46.9561767578125,143,93.01580810546875,46.5748291015625,46.44097900390625,141
2025-07-17T21:01:15.857750,2,7,"[0, 1, 2, 3, 4, 5, 6, 7]",93.01580810546875,46.05963134765625,46.9561767578125,143,93.01580810546875,46.5748291015625,46.44097900390625,141
2025-07-17T21:01:15.864384,3,7,"[0, 1, 2, 3, 4, 5, 6]",93.01580810546875,46.05963134765625,46.9561767578125,143,93.01580810546875,46.5748291015625,46.44097900390625,141
2025-07-17T21:01:15.870698,4,7,"[0, 1, 2, 3, 4, 5, 6]",93.01580810546875,46.05963134765625,46.9561767578125,143,93.01580810546875,46.5748291015625,46.44097900390625,141
2025-07-17T21:01:15.880322,0,8,"[0, 1, 2, 3, 4, 5, 6, 7]",93.01580810546875,46.05963134765625,46.9561767578125,143,93.01580810546875,46.5748291015625,46.44097900390625,141
2025-07-17T21:01:15.887236,1,8,"[0, 1, 2, 3, 4, 5, 6, 7]",93.01580810546875,46.05963134765625,46.9561767578125,143,93.01580810546875,46.5748291015625,46.44097900390625,141
2025-07-17T21:01:15.893427,2,8,"[0, 1, 2, 3, 4, 5, 6, 7]",93.01580810546875,46.05963134765625,46.9561767578125,143,93.01580810546875,46.5748291015625,46.44097900390625,141
2025-07-17T21:01:15.900365,3,8,"[0, 1, 2, 3, 4, 5, 6, 7]",93.01580810546875,46.05963134765625,46.9561767578125,143,93.01580810546875,46.5748291015625,46.44097900390625,141
2025-07-17T21:01:15.908778,4,8,"[0, 1, 2, 3, 4, 5, 6, 7]",93.01580810546875,46.05963134765625,46.9561767578125,143,93.01580810546875,46.5748291015625,46.44097900390625,141
2025-07-17T21:01:15.915353,0,9,"[0, 1, 2, 3, 4, 5, 6, 7]",93.01580810546875,46.05963134765625,46.9561767578125,143,93.01580810546875,46.5748291015625,46.44097900390625,141
2025-07-17T21:01:15.922827,1,9,"[0, 1, 2, 3, 4, 5, 6, 7]",93.01580810546875,46.05963134765625,46.9561767578125,143,93.01580810546875,46.5748291015625,46.44097900390625,141
2025-07-17T21:01:15.929762,2,9,"[0, 1, 2, 3, 4, 5, 6, 7]",93.01580810546875,46.05963134765625,46.9561767578125,143,93.01580810546875,46.5748291015625,46.44097900390625,141
2025-07-17T21:01:15.937615,3,9,"[0, 1, 2, 3, 4, 5, 6, 7]",93.01580810546875,46.05963134765625,46.9561767578125,143,93.01580810546875,46.5748291015625,46.44097900390625,141
2025-07-17T21:01:15.946815,4,9,"[0, 1, 2, 3, 4, 5, 6, 7]",93.01580810546875,46.05963134765625,46.9561767578125,143,93.01580810546875,46.5748291015625,46.44097900390625,141
2025-07-17T21:01:15.953796,0,10,"[0, 1, 2, 3, 4, 5, 6, 7]",93.01580810546875,46.05963134765625,46.9561767578125,143,93.01580810546875,46.5748291015625,46.44097900390625,141
2025-07-17T21:01:15.960780,1,10,"[0, 1, 2, 3, 4, 5, 6, 7]",93.01580810546875,46.05963134765625,46.9561767578125,143,93.01580810546875,46.5748291015625,46.44097900390625,141
2025-07-17T21:01:15.967505,2,10,"[0, 1, 2, 3, 4, 5, 6, 7]",93.01580810546875,46.05963134765625,46.9561767578125,143,93.01580810546875,46.5748291015625,46.44097900390625,141
2025-07-17T21:01:15.974804,3,10,"[0, 1, 2, 3, 4, 5, 6, 7]",93.01580810546875,46.05963134765625,46.9561767578125,143,93.01580810546875,46.5748291015625,46.44097900390625,141
2025-07-17T21:01:15.982274,4,10,"[0, 1, 2, 3, 4, 5, 6, 7]",93.01580810546875,46.05963134765625,46.9561767578125,143,93.01580810546875,46.5748291015625,46.44097900390625,141
2025-07-17T21:01:15.989592,0,11,"[0, 1, 2, 4, 5, 6, 7]",93.01580810546875,46.05963134765625,46.9561767578125,143,93.01580810546875,46.5748291015625,46.44097900390625,141
2025-07-17T21:01:15.996886,1,11,"[0, 1, 2, 3, 4, 5, 6, 7]",93.01580810546875,46.05963134765625,46.9561767578125,143,93.01580810546875,46.5748291015625,46.44097900390625,141
2025-07-17T21:01:16.003939,2,11,"[0, 1, 2, 3, 4, 5, 6, 7]",93.01580810546875,46.05963134765625,46.9561767578125,143,93.01580810546875,46.5748291015625,46.44097900390625,141
2025-07-17T21:01:16.011331,3,11,"[0, 1, 2, 3, 4, 5, 6, 7]",93.01580810546875,46.05963134765625,46.9561767578125,143,93.01580810546875,46.5748291015625,46.44097900390625,141
2025-07-17T21:01:16.018278,4,11,"[0, 1, 2, 3, 4, 5, 6, 7]",93.01580810546875,46.05963134765625,46.9561767578125,143,93.01580810546875,46.5748291015625,46.44097900390625,141
2025-07-17T21:01:16.025346,0,12,"[0, 1, 2, 3, 4, 5, 6, 7]",93.01580810546875,46.05963134765625,46.9561767578125,143,93.01580810546875,46.5748291015625,46.44097900390625,141
2025-07-17T21:01:16.032149,1,12,"[0, 1, 2, 3, 4, 5, 6, 7]",93.01580810546875,46.05963134765625,46.9561767578125,143,93.01580810546875,46.5748291015625,46.44097900390625,141
2025-07-17T21:01:16.039600,2,12,"[0, 1, 2, 3, 4, 5, 6, 7]",93.01580810546875,46.05963134765625,46.9561767578125,143,93.01580810546875,46.5748291015625,46.44097900390625,141
2025-07-17T21:01:16.046296,3,12,"[0, 1, 2, 3, 4, 5, 6, 7]",93.01580810546875,46.05963134765625,46.9561767578125,143,93.01580810546875,46.5748291015625,46.44097900390625,141
2025-07-17T21:01:16.053975,4,12,"[0, 1, 2, 3, 4, 5, 6, 7]",93.01580810546875,46.05963134765625,46.9561767578125,143,93.01580810546875,46.5748291015625,46.44097900390625,141
2025-07-17T21:01:16.060684,0,13,"[0, 1, 2, 3, 4, 5, 6, 7]",93.01580810546875,46.05963134765625,46.9561767578125,143,93.01580810546875,46.5748291015625,46.44097900390625,141
2025-07-17T21:01:16.067553,1,13,"[1, 2, 3, 4, 5, 6, 7]",93.01580810546875,46.05963134765625,46.9561767578125,143,93.01580810546875,46.5748291015625,46.44097900390625,141
2025-07-17T21:01:16.075091,2,13,"[0, 1, 2, 3, 4, 6, 7]",93.01580810546875,46.05963134765625,46.9561767578125,143,93.01580810546875,46.5748291015625,46.44097900390625,141
2025-07-17T21:01:16.082358,3,13,"[1, 2, 3, 4, 5, 6, 7]",93.01580810546875,46.05963134765625,46.9561767578125,143,93.01580810546875,46.5748291015625,46.44097900390625,141
2025-07-17T21:01:16.089681,4,13,"[1, 2, 3, 4, 5, 6, 7]",93.01580810546875,46.05963134765625,46.9561767578125,143,93.01580810546875,46.5748291015625,46.44097900390625,141
2025-07-17T21:01:16.096924,0,14,"[0, 1, 3, 4, 5, 6, 7]",93.01580810546875,46.05963134765625,46.9561767578125,143,93.01580810546875,46.5748291015625,46.44097900390625,141
2025-07-17T21:01:16.104116,1,14,"[0, 1, 2, 3, 4, 5, 6, 7]",93.01580810546875,46.05963134765625,46.9561767578125,143,93.01580810546875,46.5748291015625,46.44097900390625,141
2025-07-17T21:01:16.111198,2,14,"[0, 1, 2, 3, 4, 5, 6, 7]",93.01580810546875,46.05963134765625,46.9561767578125,143,93.01580810546875,46.5748291015625,46.44097900390625,141
2025-07-17T21:01:16.117886,3,14,"[0, 1, 2, 3, 4, 5, 6, 7]",93.01580810546875,46.05963134765625,46.9561767578125,143,93.01580810546875,46.5748291015625,46.44097900390625,141
2025-07-17T21:01:16.124629,4,14,"[0, 1, 2, 3, 4, 5, 6, 7]",93.01580810546875,46.05963134765625,46.9561767578125,143,93.01580810546875,46.5748291015625,46.44097900390625,141
2025-07-17T21:01:16.131194,0,15,"[0, 1, 2, 3, 4, 5, 6, 7]",93.01580810546875,46.05963134765625,46.9561767578125,143,93.01580810546875,46.5748291015625,46.44097900390625,141
2025-07-17T21:01:16.137840,1,15,"[0, 1, 2, 3, 4, 5, 6, 7]",93.01580810546875,46.05963134765625,46.9561767578125,143,93.01580810546875,46.5748291015625,46.44097900390625,141
2025-07-17T21:01:16.144155,2,15,"[0, 1, 2, 3, 4, 5, 6, 7]",93.01580810546875,46.05963134765625,46.9561767578125,143,93.01580810546875,46.5748291015625,46.44097900390625,141
2025-07-17T21:01:16.151411,3,15,"[0, 1, 2, 3, 4, 5, 6, 7]",93.01580810546875,46.05963134765625,46.9561767578125,143,93.01580810546875,46.5748291015625,46.44097900390625,141
2025-07-17T21:01:16.157966,4,15,"[0, 1, 2, 3, 4, 5, 6, 7]",93.01580810546875,46.05963134765625,46.9561767578125,143,93.01580810546875,46.5748291015625,46.44097900390625,141
2025-07-17T21:01:16.164261,0,16,"[0, 1, 2, 3, 4, 5, 6, 7]",93.01580810546875,46.05963134765625,46.9561767578125,143,93.01580810546875,46.5748291015625,46.44097900390625,141
2025-07-17T21:01:16.170311,1,16,"[0, 1, 2, 3, 4, 5, 6, 7]",93.01580810546875,46.05963134765625,46.9561767578125,143,93.01580810546875,46.5748291015625,46.44097900390625,141
2025-07-17T21:01:16.177761,2,16,"[0, 1, 2, 3, 4, 5, 6, 7]",93.01580810546875,46.05963134765625,46.9561767578125,143,93.01580810546875,46.5748291015625,46.44097900390625,141
2025-07-17T21:01:16.184492,3,16,"[0, 1, 2, 3, 4, 5, 6, 7]",93.01580810546875,46.05963134765625,46.9561767578125,143,93.01580810546875,46.5748291015625,46.44097900390625,141
2025-07-17T21:01:16.190785,4,16,"[0, 1, 2, 3, 4, 5, 6, 7]",93.01580810546875,46.05963134765625,46.9561767578125,143,93.01580810546875,46.5748291015625,46.44097900390625,141
2025-07-17T21:01:16.198668,0,17,"[0, 1, 2, 3, 4, 5, 6, 7]",93.01580810546875,46.05963134765625,46.9561767578125,143,93.01580810546875,46.5748291015625,46.44097900390625,141
2025-07-17T21:01:16.203394,1,17,"[0, 1, 2, 3, 4, 5, 6, 7]",93.01580810546875,46.05963134765625,46.9561767578125,143,93.01580810546875,46.5748291015625,46.44097900390625,141
2025-07-17T21:01:16.210261,2,17,"[0, 1, 2, 3, 4, 5, 6, 7]",93.01580810546875,46.05963134765625,46.9561767578125,143,93.01580810546875,46.5748291015625,46.44097900390625,141
2025-07-17T21:01:16.217699,3,17,"[0, 1, 2, 3, 4, 5, 6, 7]",93.01580810546875,46.05963134765625,46.9561767578125,143,93.01580810546875,46.5748291015625,46.44097900390625,141
2025-07-17T21:01:16.225412,4,17,"[0, 1, 2, 3, 4, 5, 6, 7]",93.01580810546875,46.05963134765625,46.9561767578125,143,93.01580810546875,46.5748291015625,46.44097900390625,141
2025-07-17T21:01:16.232319,0,18,"[0, 1, 2, 3, 4, 5, 6, 7]",93.01580810546875,46.05963134765625,46.9561767578125,143,93.01580810546875,46.5748291015625,46.44097900390625,141
2025-07-17T21:01:16.238956,1,18,"[0, 2, 3, 4, 5, 6, 7]",93.01580810546875,46.05963134765625,46.9561767578125,143,93.01580810546875,46.5748291015625,46.44097900390625,141
2025-07-17T21:01:16.245692,2,18,"[0, 1, 2, 3, 4, 5, 6, 7]",93.01580810546875,46.05963134765625,46.9561767578125,143,93.01580810546875,46.5748291015625,46.44097900390625,141
2025-07-17T21:01:16.252969,3,18,"[0, 2, 3, 4, 5, 6, 7]",93.01580810546875,46.05963134765625,46.9561767578125,143,93.01580810546875,46.5748291015625,46.44097900390625,141
2025-07-17T21:01:16.259955,4,18,"[0, 2, 3, 4, 5, 6, 7]",93.01580810546875,46.05963134765625,46.9561767578125,143,93.01580810546875,46.5748291015625,46.44097900390625,141
2025-07-17T21:01:16.267346,0,19,"[0, 1, 2, 3, 4, 5, 6, 7]",93.01580810546875,46.05963134765625,46.9561767578125,143,93.01580810546875,46.5748291015625,46.44097900390625,141
2025-07-17T21:01:16.273955,1,19,"[0, 1, 2, 3, 4, 5, 6, 7]",93.01580810546875,46.05963134765625,46.9561767578125,143,93.01580810546875,46.5748291015625,46.44097900390625,141
2025-07-17T21:01:16.280852,2,19,"[0, 1, 2, 3, 4, 5, 6, 7]",93.01580810546875,46.05963134765625,46.9561767578125,143,93.01580810546875,46.5748291015625,46.44097900390625,141
2025-07-17T21:01:16.288053,3,19,"[0, 1, 2, 3, 4, 5, 6, 7]",93.01580810546875,46.05963134765625,46.9561767578125,143,93.01580810546875,46.5748291015625,46.44097900390625,141
2025-07-17T21:01:16.299588,4,19,"[0, 1, 2, 3, 4, 5, 6, 7]",93.01580810546875,46.05963134765625,46.9561767578125,143,93.01580810546875,46.5748291015625,46.44097900390625,141
2025-07-17T21:01:16.301299,0,20,"[0, 1, 2, 3, 4, 5, 6, 7]",93.01580810546875,46.05963134765625,46.9561767578125,143,93.01580810546875,46.5748291015625,46.44097900390625,141
2025-07-17T21:01:16.308950,1,20,"[0, 1, 2, 3, 4, 5, 6, 7]",93.01580810546875,46.05963134765625,46.9561767578125,143,93.01580810546875,46.5748291015625,46.44097900390625,141
2025-07-17T21:01:16.316239,2,20,"[0, 1, 2, 3, 4, 5, 6, 7]",93.01580810546875,46.05963134765625,46.9561767578125,143,93.01580810546875,46.5748291015625,46.44097900390625,141
2025-07-17T21:01:16.323767,3,20,"[0, 1, 2, 3, 4, 5, 6, 7]",93.01580810546875,46.05963134765625,46.9561767578125,143,93.01580810546875,46.5748291015625,46.44097900390625,141
2025-07-17T21:01:16.330614,4,20,"[0, 1, 2, 3, 4, 5, 6, 7]",93.01580810546875,46.05963134765625,46.9561767578125,143,93.01580810546875,46.5748291015625,46.44097900390625,141
2025-07-17T21:01:16.337273,0,21,"[0, 1, 2, 3, 4, 5, 6, 7]",93.01580810546875,46.05963134765625,46.9561767578125,143,93.01580810546875,46.5748291015625,46.44097900390625,141
2025-07-17T21:01:16.343985,1,21,"[0, 1, 2, 3, 4, 5, 6, 7]",93.01580810546875,46.05963134765625,46.9561767578125,143,93.01580810546875,46.5748291015625,46.44097900390625,141
2025-07-17T21:01:16.351333,2,21,"[0, 1, 2, 3, 4, 5, 6, 7]",93.01580810546875,46.05963134765625,46.9561767578125,143,93.01580810546875,46.5748291015625,46.44097900390625,141
2025-07-17T21:01:16.358290,3,21,"[0, 1, 2, 3, 4, 5, 6, 7]",93.01580810546875,46.05963134765625,46.9561767578125,143,93.01580810546875,46.5748291015625,46.44097900390625,141
2025-07-17T21:01:16.365853,4,21,"[0, 1, 2, 3, 4, 5, 6, 7]",93.01580810546875,46.05963134765625,46.9561767578125,143,93.01580810546875,46.5748291015625,46.44097900390625,141
2025-07-17T21:01:16.372106,0,22,"[0, 1, 2, 3, 4, 5, 6, 7]",93.01580810546875,46.05963134765625,46.9561767578125,143,93.01580810546875,46.5748291015625,46.44097900390625,141
2025-07-17T21:01:16.380025,1,22,"[0, 1, 2, 3, 4, 5, 6, 7]",93.01580810546875,46.05963134765625,46.9561767578125,143,93.01580810546875,46.5748291015625,46.44097900390625,141
2025-07-17T21:01:16.386103,2,22,"[0, 1, 2, 3, 4, 5, 6, 7]",93.01580810546875,46.05963134765625,46.9561767578125,143,93.01580810546875,46.5748291015625,46.44097900390625,141
2025-07-17T21:01:16.393230,3,22,"[0, 1, 2, 3, 4, 5, 6, 7]",93.01580810546875,46.05963134765625,46.9561767578125,143,93.01580810546875,46.5748291015625,46.44097900390625,141
2025-07-17T21:01:16.405861,4,22,"[0, 1, 2, 3, 4, 5, 6, 7]",93.01580810546875,46.05963134765625,46.9561767578125,143,93.01580810546875,46.5748291015625,46.44097900390625,141
2025-07-17T21:01:16.407582,0,23,"[0, 1, 2, 3, 4, 5, 6, 7]",93.01580810546875,46.05963134765625,46.9561767578125,143,93.01580810546875,46.5748291015625,46.44097900390625,141
2025-07-17T21:01:16.419274,1,23,"[0, 1, 2, 3, 4, 5, 6, 7]",93.01580810546875,46.05963134765625,46.9561767578125,143,93.01580810546875,46.5748291015625,46.44097900390625,141
2025-07-17T21:01:16.427550,2,23,"[0, 1, 2, 3, 4, 5, 6, 7]",93.01580810546875,46.05963134765625,46.9561767578125,143,93.01580810546875,46.5748291015625,46.44097900390625,141
2025-07-17T21:01:16.434372,3,23,"[0, 1, 2, 3, 4, 5, 6, 7]",93.01580810546875,46.05963134765625,46.9561767578125,143,93.01580810546875,46.5748291015625,46.44097900390625,141
2025-07-17T21:01:16.441237,4,23,"[0, 1, 2, 3, 4, 5, 6, 7]",93.01580810546875,46.05963134765625,46.9561767578125,143,93.01580810546875,46.5748291015625,46.44097900390625,141
2025-07-17T21:01:16.448545,0,24,"[0, 1, 2, 3, 4, 5, 6, 7]",93.01580810546875,46.05963134765625,46.9561767578125,143,93.01580810546875,46.5748291015625,46.44097900390625,141
2025-07-17T21:01:16.455640,1,24,"[0, 1, 2, 3, 4, 5, 6, 7]",93.01580810546875,46.05963134765625,46.9561767578125,143,93.01580810546875,46.5748291015625,46.44097900390625,141
2025-07-17T21:01:16.462283,2,24,"[0, 1, 2, 3, 4, 5, 6, 7]",93.01580810546875,46.05963134765625,46.9561767578125,143,93.01580810546875,46.5748291015625,46.44097900390625,141
2025-07-17T21:01:16.468987,3,24,"[0, 1, 2, 3, 4, 5, 6, 7]",93.01580810546875,46.05963134765625,46.9561767578125,143,93.01580810546875,46.5748291015625,46.44097900390625,141
2025-07-17T21:01:16.475426,4,24,"[0, 1, 2, 3, 4, 5, 6, 7]",93.01580810546875,46.05963134765625,46.9561767578125,143,93.01580810546875,46.5748291015625,46.44097900390625,141
2025-07-17T21:01:16.482549,0,25,"[0, 1, 2, 3, 4, 5, 6, 7]",93.01580810546875,46.05963134765625,46.9561767578125,143,93.01580810546875,46.5748291015625,46.44097900390625,141
2025-07-17T21:01:16.489656,1,25,"[0, 1, 2, 3, 4, 6, 7]",93.01580810546875,46.05963134765625,46.9561767578125,143,93.01580810546875,46.5748291015625,46.44097900390625,141
2025-07-17T21:01:16.496311,2,25,"[0, 1, 2, 3, 4, 5, 6, 7]",93.01580810546875,46.05963134765625,46.9561767578125,143,93.01580810546875,46.5748291015625,46.44097900390625,141
2025-07-17T21:01:16.503956,3,25,"[0, 1, 2, 3, 4, 6, 7]",93.01580810546875,46.05963134765625,46.9561767578125,143,93.01580810546875,46.5748291015625,46.44097900390625,141
2025-07-17T21:01:16.510705,4,25,"[0, 1, 2, 3, 4, 6, 7]",93.01580810546875,46.05963134765625,46.9561767578125,143,93.01580810546875,46.5748291015625,46.44097900390625,141
2025-07-17T21:01:16.517876,0,26,"[0, 1, 2, 3, 4, 5, 6, 7]",93.01580810546875,46.05963134765625,46.9561767578125,143,93.01580810546875,46.5748291015625,46.44097900390625,141
2025-07-17T21:01:16.524607,1,26,"[0, 2, 3, 4, 5, 6, 7]",93.01580810546875,46.05963134765625,46.9561767578125,143,93.01580810546875,46.5748291015625,46.44097900390625,141
2025-07-17T21:01:16.531484,2,26,"[0, 1, 2, 3, 4, 5, 6, 7]",93.01580810546875,46.05963134765625,46.9561767578125,143,93.01580810546875,46.5748291015625,46.44097900390625,141
2025-07-17T21:01:16.539223,3,26,"[0, 2, 3, 4, 5, 6, 7]",93.01580810546875,46.05963134765625,46.9561767578125,143,93.01580810546875,46.5748291015625,46.44097900390625,141
2025-07-17T21:01:16.546311,4,26,"[0, 2, 3, 4, 5, 6, 7]",93.01580810546875,46.05963134765625,46.9561767578125,143,93.01580810546875,46.5748291015625,46.44097900390625,141
2025-07-17T21:01:16.552932,0,27,"[0, 1, 2, 3, 4, 5, 6, 7]",93.01580810546875,46.05963134765625,46.9561767578125,143,93.01580810546875,46.5748291015625,46.44097900390625,141
2025-07-17T21:01:16.559674,1,27,"[0, 1, 2, 3, 4, 5, 6, 7]",93.01580810546875,46.05963134765625,46.9561767578125,143,93.01580810546875,46.5748291015625,46.44097900390625,141
2025-07-17T21:01:16.567410,2,27,"[0, 1, 2, 3, 4, 5, 6, 7]",93.01580810546875,46.05963134765625,46.9561767578125,143,93.01580810546875,46.5748291015625,46.44097900390625,141
2025-07-17T21:01:16.574091,3,27,"[0, 1, 2, 3, 4, 5, 6, 7]",93.01580810546875,46.05963134765625,46.9561767578125,143,93.01580810546875,46.5748291015625,46.44097900390625,141
2025-07-17T21:01:16.581800,4,27,"[0, 1, 2, 3, 4, 5, 6, 7]",93.01580810546875,46.05963134765625,46.9561767578125,143,93.01580810546875,46.5748291015625,46.44097900390625,141
2025-07-17T21:01:16.588754,0,28,"[0, 1, 2, 3, 4, 5, 6, 7]",93.01580810546875,46.05963134765625,46.9561767578125,143,93.01580810546875,46.5748291015625,46.44097900390625,141
2025-07-17T21:01:16.595446,1,28,"[0, 1, 2, 3, 4, 5, 6, 7]",93.01580810546875,46.05963134765625,46.9561767578125,143,93.01580810546875,46.5748291015625,46.44097900390625,141
2025-07-17T21:01:16.602626,2,28,"[0, 1, 2, 3, 4, 5, 6, 7]",93.01580810546875,46.05963134765625,46.9561767578125,143,93.01580810546875,46.5748291015625,46.44097900390625,141
2025-07-17T21:01:16.609526,3,28,"[0, 1, 2, 3, 4, 5, 6, 7]",93.01580810546875,46.05963134765625,46.9561767578125,143,93.01580810546875,46.5748291015625,46.44097900390625,141
2025-07-17T21:01:16.613921,4,28,"[0, 1, 2, 3, 4, 5, 6, 7]",93.01580810546875,46.05963134765625,46.9561767578125,143,93.01580810546875,46.5748291015625,46.44097900390625,141
2025-07-17T21:01:16.625479,0,29,"[0, 1, 2, 3, 4, 5, 6, 7]",93.01580810546875,46.05963134765625,46.9561767578125,143,93.01580810546875,46.5748291015625,46.44097900390625,141
2025-07-17T21:01:16.632213,1,29,"[0, 1, 2, 3, 5, 6, 7]",93.01580810546875,46.05963134765625,46.9561767578125,143,93.01580810546875,46.5748291015625,46.44097900390625,141
2025-07-17T21:01:16.639252,2,29,"[0, 1, 2, 3, 4, 5, 6, 7]",93.01580810546875,46.05963134765625,46.9561767578125,143,93.01580810546875,46.5748291015625,46.44097900390625,141
2025-07-17T21:01:16.645603,3,29,"[0, 1, 2, 3, 5, 6, 7]",93.01580810546875,46.05963134765625,46.9561767578125,143,93.01580810546875,46.5748291015625,46.44097900390625,141
2025-07-17T21:01:16.651386,4,29,"[0, 1, 2, 3, 5, 6, 7]",93.01580810546875,46.05963134765625,46.9561767578125,143,93.01580810546875,46.5748291015625,46.44097900390625,141
2025-07-17T21:01:16.663043,0,30,"[0, 1, 2, 3, 4, 5, 6, 7]",93.01580810546875,46.05963134765625,46.9561767578125,143,93.01580810546875,46.5748291015625,46.44097900390625,141
2025-07-17T21:01:16.670801,1,30,"[0, 1, 2, 3, 4, 5, 7]",93.01580810546875,46.05963134765625,46.9561767578125,143,93.01580810546875,46.5748291015625,46.44097900390625,141
2025-07-17T21:01:16.678047,2,30,"[0, 1, 2, 3, 4, 5, 6, 7]",93.01580810546875,46.05963134765625,46.9561767578125,143,93.01580810546875,46.5748291015625,46.44097900390625,141
2025-07-17T21:01:16.684843,3,30,"[0, 1, 2, 3, 4, 5, 7]",93.01580810546875,46.05963134765625,46.9561767578125,143,93.01580810546875,46.5748291015625,46.44097900390625,141
2025-07-17T21:01:16.692235,4,30,"[0, 1, 2, 3, 4, 5, 7]",93.01580810546875,46.05963134765625,46.9561767578125,143,93.01580810546875,46.5748291015625,46.44097900390625,141
2025-07-17T21:01:16.699210,0,31,"[0, 1, 2, 3, 4, 5, 6, 7]",93.01580810546875,46.05963134765625,46.9561767578125,143,93.01580810546875,46.5748291015625,46.44097900390625,141
2025-07-17T21:01:16.703942,1,31,"[0, 1, 2, 3, 4, 5, 6, 7]",93.01580810546875,46.05963134765625,46.9561767578125,143,93.01580810546875,46.5748291015625,46.44097900390625,141
2025-07-17T21:01:16.716368,2,31,"[0, 1, 2, 3, 4, 5, 6, 7]",93.01580810546875,46.05963134765625,46.9561767578125,143,93.01580810546875,46.5748291015625,46.44097900390625,141
2025-07-17T21:01:16.724591,3,31,"[0, 1, 2, 3, 4, 5, 6, 7]",93.01580810546875,46.05963134765625,46.9561767578125,143,93.01580810546875,46.5748291015625,46.44097900390625,141
2025-07-17T21:01:16.727692,4,31,"[0, 1, 2, 3, 4, 5, 6, 7]",93.01580810546875,46.05963134765625,46.9561767578125,143,93.01580810546875,46.5748291015625,46.44097900390625,141
2025-07-17T21:01:16.739997,0,0,"[0, 1, 2, 3, 4, 5, 6, 7]",93.01580810546875,46.05963134765625,46.9561767578125,143,93.01580810546875,46.5748291015625,46.44097900390625,141
2025-07-17T21:01:16.747386,1,0,"[0, 1, 2, 4, 5, 6, 7]",93.01580810546875,46.05963134765625,46.9561767578125,143,93.01580810546875,46.5748291015625,46.44097900390625,141
2025-07-17T21:01:16.755168,2,0,"[0, 1, 2, 3, 4, 5, 6, 7]",93.01580810546875,46.05963134765625,46.9561767578125,143,93.01580810546875,46.5748291015625,46.44097900390625,141
2025-07-17T21:01:16.761943,3,0,"[0, 1, 2, 4, 5, 6, 7]",93.01580810546875,46.05963134765625,46.9561767578125,143,93.01580810546875,46.5748291015625,46.44097900390625,141
2025-07-17T21:01:16.769478,4,0,"[0, 1, 2, 4, 5, 6, 7]",93.01580810546875,46.05963134765625,46.9561767578125,143,93.01580810546875,46.5748291015625,46.44097900390625,141
2025-07-17T21:01:16.775780,0,1,"[0, 1, 2, 3, 4, 5, 6, 7]",93.01580810546875,46.05963134765625,46.9561767578125,143,93.01580810546875,46.5748291015625,46.44097900390625,141
2025-07-17T21:01:16.783239,1,1,"[0, 1, 2, 3, 4, 5, 6, 7]",93.01580810546875,46.05963134765625,46.9561767578125,143,93.01580810546875,46.5748291015625,46.44097900390625,141
2025-07-17T21:01:16.790431,2,1,"[0, 1, 2, 4, 5, 6, 7]",93.01580810546875,46.05963134765625,46.9561767578125,143,93.01580810546875,46.5748291015625,46.44097900390625,141
2025-07-17T21:01:16.797440,3,1,"[0, 1, 2, 3, 4, 5, 6, 7]",93.01580810546875,46.05963134765625,46.9561767578125,143,93.01580810546875,46.5748291015625,46.44097900390625,141
2025-07-17T21:01:16.804781,4,1,"[0, 1, 2, 3, 4, 5, 6, 7]",93.01580810546875,46.05963134765625,46.9561767578125,143,93.01580810546875,46.5748291015625,46.44097900390625,141
2025-07-17T21:01:16.811516,0,2,"[0, 1, 2, 3, 4, 5, 6, 7]",93.01580810546875,46.05963134765625,46.9561767578125,143,93.01580810546875,46.5748291015625,46.44097900390625,141
2025-07-17T21:01:16.818971,1,2,"[0, 1, 2, 3, 4, 5, 6, 7]",93.01580810546875,46.05963134765625,46.9561767578125,143,93.01580810546875,46.5748291015625,46.44097900390625,141
2025-07-17T21:01:16.831696,2,2,"[0, 1, 2, 3, 4, 5, 6, 7]",93.01580810546875,46.05963134765625,46.9561767578125,143,93.01580810546875,46.5748291015625,46.44097900390625,141
2025-07-17T21:01:16.833681,3,2,"[0, 1, 2, 3, 4, 5, 6, 7]",93.01580810546875,46.05963134765625,46.9561767578125,143,93.01580810546875,46.5748291015625,46.44097900390625,141
2025-07-17T21:01:16.840868,4,2,"[0, 1, 2, 3, 4, 5, 6, 7]",93.01580810546875,46.05963134765625,46.9561767578125,143,93.01580810546875,46.5748291015625,46.44097900390625,141
2025-07-17T21:01:16.847790,0,3,"[0, 1, 2, 3, 4, 5, 6, 7]",93.01580810546875,46.05963134765625,46.9561767578125,143,93.01580810546875,46.5748291015625,46.44097900390625,141
2025-07-17T21:01:16.854239,1,3,"[0, 1, 3, 4, 5, 6, 7]",93.01580810546875,46.05963134765625,46.9561767578125,143,93.01580810546875,46.5748291015625,46.44097900390625,141
2025-07-17T21:01:16.861653,2,3,"[0, 1, 2, 3, 4, 5, 6, 7]",93.01580810546875,46.05963134765625,46.9561767578125,143,93.01580810546875,46.5748291015625,46.44097900390625,141
2025-07-17T21:01:16.868888,3,3,"[0, 1, 3, 4, 5, 6, 7]",93.01580810546875,46.05963134765625,46.9561767578125,143,93.01580810546875,46.5748291015625,46.44097900390625,141
2025-07-17T21:01:16.876305,4,3,"[0, 1, 3, 4, 5, 6, 7]",93.01580810546875,46.05963134765625,46.9561767578125,143,93.01580810546875,46.5748291015625,46.44097900390625,141
2025-07-17T21:01:16.883099,0,4,"[0, 1, 2, 3, 4, 5, 6, 7]",93.01580810546875,46.05963134765625,46.9561767578125,143,93.01580810546875,46.5748291015625,46.44097900390625,141
2025-07-17T21:01:16.893546,1,4,"[0, 1, 2, 3, 4, 5, 6, 7]",93.01580810546875,46.05963134765625,46.9561767578125,143,93.01580810546875,46.5748291015625,46.44097900390625,141
2025-07-17T21:01:16.900698,2,4,"[0, 1, 2, 3, 4, 5, 6, 7]",93.01580810546875,46.05963134765625,46.9561767578125,143,93.01580810546875,46.5748291015625,46.44097900390625,141
2025-07-17T21:01:16.907892,3,4,"[0, 1, 2, 3, 4, 5, 6, 7]",93.01580810546875,46.05963134765625,46.9561767578125,143,93.01580810546875,46.5748291015625,46.44097900390625,141
2025-07-17T21:01:16.914672,4,4,"[0, 1, 2, 3, 4, 5, 6, 7]",93.01580810546875,46.05963134765625,46.9561767578125,143,93.01580810546875,46.5748291015625,46.44097900390625,141
2025-07-17T21:01:16.921759,0,5,"[0, 1, 2, 3, 4, 5, 6, 7]",93.01580810546875,46.05963134765625,46.9561767578125,143,93.01580810546875,46.5748291015625,46.44097900390625,141
2025-07-17T21:01:16.928694,1,5,"[0, 1, 2, 3, 4, 5, 6, 7]",93.01580810546875,46.05963134765625,46.9561767578125,143,93.01580810546875,46.5748291015625,46.44097900390625,141
2025-07-17T21:01:16.935961,2,5,"[0, 1, 2, 3, 4, 5, 6, 7]",93.01580810546875,46.05963134765625,46.9561767578125,143,93.01580810546875,46.5748291015625,46.44097900390625,141
2025-07-17T21:01:16.942932,3,5,"[0, 1, 2, 3, 4, 5, 6, 7]",93.01580810546875,46.05963134765625,46.9561767578125,143,93.01580810546875,46.5748291015625,46.44097900390625,141
2025-07-17T21:01:16.950371,4,5,"[0, 1, 2, 3, 4, 5, 6, 7]",93.01580810546875,46.05963134765625,46.9561767578125,143,93.01580810546875,46.5748291015625,46.44097900390625,141
2025-07-17T21:01:16.958410,0,6,"[0, 1, 2, 3, 4, 5, 6, 7]",93.01580810546875,46.05963134765625,46.9561767578125,143,93.01580810546875,46.5748291015625,46.44097900390625,141
2025-07-17T21:01:16.960848,1,6,"[0, 1, 2, 3, 4, 5, 6, 7]",93.01580810546875,46.05963134765625,46.9561767578125,143,93.01580810546875,46.5748291015625,46.44097900390625,141
2025-07-17T21:01:16.972533,2,6,"[0, 1, 2, 3, 4, 5, 6, 7]",93.01580810546875,46.05963134765625,46.9561767578125,143,93.01580810546875,46.5748291015625,46.44097900390625,141
2025-07-17T21:01:16.979783,3,6,"[0, 1, 2, 3, 4, 5, 6, 7]",93.01580810546875,46.05963134765625,46.9561767578125,143,93.01580810546875,46.5748291015625,46.44097900390625,141
2025-07-17T21:01:16.986990,4,6,"[0, 1, 2, 3, 4, 5, 6, 7]",93.01580810546875,46.05963134765625,46.9561767578125,143,93.01580810546875,46.5748291015625,46.44097900390625,141
2025-07-17T21:01:16.995169,0,7,"[0, 1, 2, 3, 4, 5, 6, 7]",93.01580810546875,46.05963134765625,46.9561767578125,143,93.01580810546875,46.5748291015625,46.44097900390625,141
2025-07-17T21:01:17.002245,1,7,"[0, 1, 2, 3, 4, 5, 6, 7]",93.01580810546875,46.05963134765625,46.9561767578125,143,93.01580810546875,46.5748291015625,46.44097900390625,141
2025-07-17T21:01:17.008996,2,7,"[0, 1, 2, 3, 4, 5, 6, 7]",93.01580810546875,46.05963134765625,46.9561767578125,143,93.01580810546875,46.5748291015625,46.44097900390625,141
2025-07-17T21:01:17.016501,3,7,"[0, 1, 2, 3, 4, 5, 6, 7]",93.01580810546875,46.05963134765625,46.9561767578125,143,93.01580810546875,46.5748291015625,46.44097900390625,141
2025-07-17T21:01:17.024059,4,7,"[0, 1, 2, 3, 4, 5, 6, 7]",93.01580810546875,46.05963134765625,46.9561767578125,143,93.01580810546875,46.5748291015625,46.44097900390625,141
2025-07-17T21:01:17.031229,0,8,"[0, 1, 2, 3, 4, 5, 6, 7]",93.01580810546875,46.05963134765625,46.9561767578125,143,93.01580810546875,46.5748291015625,46.44097900390625,141
2025-07-17T21:01:17.038606,1,8,"[0, 1, 2, 3, 4, 5, 6, 7]",93.01580810546875,46.05963134765625,46.9561767578125,143,93.01580810546875,46.5748291015625,46.44097900390625,141
2025-07-17T21:01:17.045917,2,8,"[0, 1, 2, 3, 4, 5, 6, 7]",93.01580810546875,46.05963134765625,46.9561767578125,143,93.01580810546875,46.5748291015625,46.44097900390625,141
2025-07-17T21:01:17.053393,3,8,"[0, 1, 2, 3, 4, 5, 6, 7]",93.01580810546875,46.05963134765625,46.9561767578125,143,93.01580810546875,46.5748291015625,46.44097900390625,141
2025-07-17T21:01:17.060326,4,8,"[0, 1, 2, 3, 4, 5, 6, 7]",93.01580810546875,46.05963134765625,46.9561767578125,143,93.01580810546875,46.5748291015625,46.44097900390625,141
2025-07-17T21:01:17.064411,0,9,"[0, 1, 2, 3, 4, 5, 6, 7]",93.01580810546875,46.05963134765625,46.9561767578125,143,93.01580810546875,46.5748291015625,46.44097900390625,141
2025-07-17T21:01:17.071643,1,9,"[0, 1, 2, 3, 4, 5, 6, 7]",93.01580810546875,46.05963134765625,46.9561767578125,143,93.01580810546875,46.5748291015625,46.44097900390625,141
2025-07-17T21:01:17.078663,2,9,"[0, 1, 2, 3, 4, 5, 6, 7]",93.01580810546875,46.05963134765625,46.9561767578125,143,93.01580810546875,46.5748291015625,46.44097900390625,141
2025-07-17T21:01:17.086111,3,9,"[0, 1, 2, 3, 4, 5, 6, 7]",93.01580810546875,46.05963134765625,46.9561767578125,143,93.01580810546875,46.5748291015625,46.44097900390625,141
2025-07-17T21:01:17.099103,4,9,"[0, 1, 2, 3, 4, 5, 6, 7]",93.01580810546875,46.05963134765625,46.9561767578125,143,93.01580810546875,46.5748291015625,46.44097900390625,141
2025-07-17T21:01:17.101126,0,10,"[0, 1, 2, 3, 4, 5, 6, 7]",93.01580810546875,46.05963134765625,46.9561767578125,143,93.01580810546875,46.5748291015625,46.44097900390625,141
2025-07-17T21:01:17.108403,1,10,"[0, 1, 2, 3, 4, 5, 6, 7]",93.01580810546875,46.05963134765625,46.9561767578125,143,93.01580810546875,46.5748291015625,46.44097900390625,141
2025-07-17T21:01:17.115695,2,10,"[0, 1, 2, 3, 4, 5, 6, 7]",93.01580810546875,46.05963134765625,46.9561767578125,143,93.01580810546875,46.5748291015625,46.44097900390625,141
2025-07-17T21:01:17.122172,3,10,"[0, 1, 2, 3, 4, 5, 6, 7]",93.01580810546875,46.05963134765625,46.9561767578125,143,93.01580810546875,46.5748291015625,46.44097900390625,141
2025-07-17T21:01:17.134976,4,10,"[0, 1, 2, 3, 4, 5, 6, 7]",93.01580810546875,46.05963134765625,46.9561767578125,143,93.01580810546875,46.5748291015625,46.44097900390625,141
2025-07-17T21:01:17.137334,0,11,"[0, 1, 2, 3, 4, 5, 6, 7]",93.01580810546875,46.05963134765625,46.9561767578125,143,93.01580810546875,46.5748291015625,46.44097900390625,141
2025-07-17T21:01:17.143476,1,11,"[0, 1, 2, 3, 4, 5, 6, 7]",93.01580810546875,46.05963134765625,46.9561767578125,143,93.01580810546875,46.5748291015625,46.44097900390625,141
2025-07-17T21:01:17.149751,2,11,"[0, 1, 2, 3, 4, 5, 6, 7]",93.01580810546875,46.05963134765625,46.9561767578125,143,93.01580810546875,46.5748291015625,46.44097900390625,141
2025-07-17T21:01:17.162304,3,11,"[0, 1, 2, 3, 4, 5, 6, 7]",93.01580810546875,46.05963134765625,46.9561767578125,143,93.01580810546875,46.5748291015625,46.44097900390625,141
2025-07-17T21:01:17.164411,4,11,"[0, 1, 2, 3, 4, 5, 6, 7]",93.01580810546875,46.05963134765625,46.9561767578125,143,93.01580810546875,46.5748291015625,46.44097900390625,141
2025-07-17T21:01:17.170346,0,12,"[0, 1, 2, 3, 4, 5, 6, 7]",93.01580810546875,46.05963134765625,46.9561767578125,143,93.01580810546875,46.5748291015625,46.44097900390625,141
2025-07-17T21:01:17.177246,1,12,"[0, 1, 2, 3, 4, 5]",93.01580810546875,46.05963134765625,46.9561767578125,143,93.01580810546875,46.5748291015625,46.44097900390625,141
2025-07-17T21:01:17.189802,2,12,"[0, 1, 2, 3, 4, 5, 6, 7]",93.01580810546875,46.05963134765625,46.9561767578125,143,93.01580810546875,46.5748291015625,46.44097900390625,141
2025-07-17T21:01:17.191739,3,12,"[0, 1, 2, 3, 4, 5]",93.01580810546875,46.05963134765625,46.9561767578125,143,93.01580810546875,46.5748291015625,46.44097900390625,141
2025-07-17T21:01:17.198733,4,12,"[0, 1, 2, 3, 4, 5]",93.01580810546875,46.05963134765625,46.9561767578125,143,93.01580810546875,46.5748291015625,46.44097900390625,141
2025-07-17T21:01:17.205213,0,13,"[0, 1, 2, 3, 4, 5, 6, 7]",93.01580810546875,46.05963134765625,46.9561767578125,143,93.01580810546875,46.5748291015625,46.44097900390625,141
2025-07-17T21:01:17.212407,1,13,"[0, 1, 2, 4, 5, 6, 7]",93.01580810546875,46.05963134765625,46.9561767578125,143,93.01580810546875,46.5748291015625,46.44097900390625,141
2025-07-17T21:01:17.219391,2,13,"[0, 1, 2, 3, 4, 5, 6, 7]",93.01580810546875,46.05963134765625,46.9561767578125,143,93.01580810546875,46.5748291015625,46.44097900390625,141
2025-07-17T21:01:17.232101,3,13,"[0, 1, 2, 4, 5, 6, 7]",93.01580810546875,46.05963134765625,46.9561767578125,143,93.01580810546875,46.5748291015625,46.44097900390625,141
2025-07-17T21:01:17.233967,4,13,"[0, 1, 2, 4, 5, 6, 7]",93.01580810546875,46.05963134765625,46.9561767578125,143,93.01580810546875,46.5748291015625,46.44097900390625,141
2025-07-17T21:01:17.244373,0,14,"[0, 1, 2, 3, 4, 5, 6, 7]",93.01580810546875,46.05963134765625,46.9561767578125,143,93.01580810546875,46.5748291015625,46.44097900390625,141
2025-07-17T21:01:17.251540,1,14,"[0, 1, 2, 3, 4, 5, 6, 7]",93.01580810546875,46.05963134765625,46.9561767578125,143,93.01580810546875,46.5748291015625,46.44097900390625,141
2025-07-17T21:01:17.259248,2,14,"[0, 1, 2, 3, 4, 5, 6, 7]",93.01580810546875,46.05963134765625,46.9561767578125,143,93.01580810546875,46.5748291015625,46.44097900390625,141
2025-07-17T21:01:17.266203,3,14,"[0, 1, 2, 3, 4, 5, 6, 7]",93.01580810546875,46.05963134765625,46.9561767578125,143,93.01580810546875,46.5748291015625,46.44097900390625,141
2025-07-17T21:01:17.272872,4,14,"[0, 1, 2, 3, 4, 5, 6, 7]",93.01580810546875,46.05963134765625,46.9561767578125,143,93.01580810546875,46.5748291015625,46.44097900390625,141
2025-07-17T21:01:17.280060,0,15,"[0, 1, 2, 3, 4, 5, 7]",93.01580810546875,46.05963134765625,46.9561767578125,143,93.01580810546875,46.5748291015625,46.44097900390625,141
2025-07-17T21:01:17.286918,1,15,"[0, 1, 2, 3, 4, 5, 6, 7]",93.01580810546875,46.05963134765625,46.9561767578125,143,93.01580810546875,46.5748291015625,46.44097900390625,141
2025-07-17T21:01:17.293457,2,15,"[0, 1, 2, 3, 4, 5, 6, 7]",93.01580810546875,46.05963134765625,46.9561767578125,143,93.01580810546875,46.5748291015625,46.44097900390625,141
2025-07-17T21:01:17.300938,3,15,"[0, 1, 2, 3, 4, 5, 6, 7]",93.01580810546875,46.05963134765625,46.9561767578125,143,93.01580810546875,46.5748291015625,46.44097900390625,141
2025-07-17T21:01:17.307810,4,15,"[0, 1, 2, 3, 4, 5, 6, 7]",93.01580810546875,46.05963134765625,46.9561767578125,143,93.01580810546875,46.5748291015625,46.44097900390625,141
2025-07-17T21:01:17.314614,0,16,"[0, 1, 2, 3, 4, 5, 6, 7]",93.01580810546875,46.05963134765625,46.9561767578125,143,93.01580810546875,46.5748291015625,46.44097900390625,141
2025-07-17T21:01:17.320829,1,16,"[0, 1, 2, 3, 4, 5, 6, 7]",93.01580810546875,46.05963134765625,46.9561767578125,143,93.01580810546875,46.5748291015625,46.44097900390625,141
2025-07-17T21:01:17.326757,2,16,"[0, 1, 2, 3, 4, 5, 6, 7]",93.01580810546875,46.05963134765625,46.9561767578125,143,93.01580810546875,46.5748291015625,46.44097900390625,141
2025-07-17T21:01:17.333648,3,16,"[0, 1, 2, 3, 4, 5, 6, 7]",93.01580810546875,46.05963134765625,46.9561767578125,143,93.01580810546875,46.5748291015625,46.44097900390625,141
2025-07-17T21:01:17.340799,4,16,"[0, 1, 2, 3, 4, 5, 6, 7]",93.01580810546875,46.05963134765625,46.9561767578125,143,93.01580810546875,46.5748291015625,46.44097900390625,141
2025-07-17T21:01:17.347069,0,17,"[0, 1, 2, 3, 4, 5, 6, 7]",93.01580810546875,46.05963134765625,46.9561767578125,143,93.01580810546875,46.5748291015625,46.44097900390625,141
2025-07-17T21:01:17.354587,1,17,"[0, 1, 2, 3, 4, 5, 6, 7]",93.01580810546875,46.05963134765625,46.9561767578125,143,93.01580810546875,46.5748291015625,46.44097900390625,141
2025-07-17T21:01:17.361158,2,17,"[0, 1, 2, 3, 4, 5, 6, 7]",93.01580810546875,46.05963134765625,46.9561767578125,143,93.01580810546875,46.5748291015625,46.44097900390625,141
2025-07-17T21:01:17.369145,3,17,"[0, 1, 2, 3, 4, 5, 6, 7]",93.01580810546875,46.05963134765625,46.9561767578125,143,93.01580810546875,46.5748291015625,46.44097900390625,141
2025-07-17T21:01:17.376586,4,17,"[0, 1, 2, 3, 4, 5, 6, 7]",93.01580810546875,46.05963134765625,46.9561767578125,143,93.01580810546875,46.5748291015625,46.44097900390625,141
2025-07-17T21:01:17.383755,0,18,"[0, 1, 2, 3, 4, 5, 6, 7]",93.01580810546875,46.05963134765625,46.9561767578125,143,93.01580810546875,46.5748291015625,46.44097900390625,141
2025-07-17T21:01:17.390938,1,18,"[0, 1, 2, 3, 4, 5, 6, 7]",93.01580810546875,46.05963134765625,46.9561767578125,143,93.01580810546875,46.5748291015625,46.44097900390625,141
2025-07-17T21:01:17.398307,2,18,"[0, 1, 2, 3, 4, 5, 6, 7]",93.01580810546875,46.05963134765625,46.9561767578125,143,93.01580810546875,46.5748291015625,46.44097900390625,141
2025-07-17T21:01:17.406030,3,18,"[0, 1, 2, 3, 4, 5, 6, 7]",93.01580810546875,46.05963134765625,46.9561767578125,143,93.01580810546875,46.5748291015625,46.44097900390625,141
2025-07-17T21:01:17.412654,4,18,"[0, 1, 2, 3, 4, 5, 6, 7]",93.01580810546875,46.05963134765625,46.9561767578125,143,93.01580810546875,46.5748291015625,46.44097900390625,141
2025-07-17T21:01:17.419733,0,19,"[0, 1, 2, 3, 4, 5, 6, 7]",93.01580810546875,46.05963134765625,46.9561767578125,143,93.01580810546875,46.5748291015625,46.44097900390625,141
2025-07-17T21:01:17.425941,1,19,"[0, 1, 2, 3, 4, 5, 6, 7]",93.01580810546875,46.05963134765625,46.9561767578125,143,93.01580810546875,46.5748291015625,46.44097900390625,141
2025-07-17T21:01:17.434184,2,19,"[0, 1, 2, 3, 4, 5, 6, 7]",93.01580810546875,46.05963134765625,46.9561767578125,143,93.01580810546875,46.5748291015625,46.44097900390625,141
2025-07-17T21:01:17.440720,3,19,"[0, 1, 2, 3, 4, 5, 6, 7]",93.01580810546875,46.05963134765625,46.9561767578125,143,93.01580810546875,46.5748291015625,46.44097900390625,141
2025-07-17T21:01:17.452958,4,19,"[0, 1, 2, 3, 4, 5, 6, 7]",93.01580810546875,46.05963134765625,46.9561767578125,143,93.01580810546875,46.5748291015625,46.44097900390625,141
2025-07-17T21:01:17.454735,0,20,"[0, 1, 2, 3, 4, 5, 6, 7]",93.01580810546875,46.05963134765625,46.9561767578125,143,93.01580810546875,46.5748291015625,46.44097900390625,141
2025-07-17T21:01:17.466866,1,20,"[0, 1, 2, 3, 4, 5, 6, 7]",93.01580810546875,46.05963134765625,46.9561767578125,143,93.01580810546875,46.5748291015625,46.44097900390625,141
2025-07-17T21:01:17.468444,2,20,"[0, 1, 2, 3, 4, 5, 6, 7]",93.01580810546875,46.05963134765625,46.9561767578125,143,93.01580810546875,46.5748291015625,46.44097900390625,141
2025-07-17T21:01:17.475501,3,20,"[0, 1, 2, 3, 4, 5, 6, 7]",93.01580810546875,46.05963134765625,46.9561767578125,143,93.01580810546875,46.5748291015625,46.44097900390625,141
2025-07-17T21:01:17.482134,4,20,"[0, 1, 2, 3, 4, 5, 6, 7]",93.01580810546875,46.05963134765625,46.9561767578125,143,93.01580810546875,46.5748291015625,46.44097900390625,141
2025-07-17T21:01:17.489211,0,21,"[0, 1, 2, 3, 4, 5, 6, 7]",93.01580810546875,46.05963134765625,46.9561767578125,143,93.01580810546875,46.5748291015625,46.44097900390625,141
2025-07-17T21:01:17.496425,1,21,"[0, 1, 2, 3, 4, 5, 7]",93.01580810546875,46.05963134765625,46.9561767578125,143,93.01580810546875,46.5748291015625,46.44097900390625,141
2025-07-17T21:01:17.502683,2,21,"[0, 1, 2, 3, 4, 5, 6, 7]",93.01580810546875,46.05963134765625,46.9561767578125,143,93.01580810546875,46.5748291015625,46.44097900390625,141
2025-07-17T21:01:17.509979,3,21,"[0, 1, 2, 3, 4, 5, 7]",93.01580810546875,46.05963134765625,46.9561767578125,143,93.01580810546875,46.5748291015625,46.44097900390625,141
2025-07-17T21:01:17.517400,4,21,"[0, 1, 2, 3, 4, 5, 7]",93.01580810546875,46.05963134765625,46.9561767578125,143,93.01580810546875,46.5748291015625,46.44097900390625,141
2025-07-17T21:01:17.527835,0,22,"[0, 1, 2, 3, 4, 5, 6, 7]",93.01580810546875,46.05963134765625,46.9561767578125,143,93.01580810546875,46.5748291015625,46.44097900390625,141
2025-07-17T21:01:17.534782,1,22,"[1, 2, 3, 4, 5, 6]",93.01580810546875,46.05963134765625,46.9561767578125,143,93.01580810546875,46.5748291015625,46.44097900390625,141
2025-07-17T21:01:17.541433,2,22,"[0, 1, 2, 3, 4, 5, 6, 7]",93.01580810546875,46.05963134765625,46.9561767578125,143,93.01580810546875,46.5748291015625,46.44097900390625,141
2025-07-17T21:01:17.547741,3,22,"[1, 2, 3, 4, 5, 6]",93.01580810546875,46.05963134765625,46.9561767578125,143,93.01580810546875,46.5748291015625,46.44097900390625,141
2025-07-17T21:01:17.553933,4,22,"[1, 2, 3, 4, 5, 6]",93.01580810546875,46.05963134765625,46.9561767578125,143,93.01580810546875,46.5748291015625,46.44097900390625,141
2025-07-17T21:01:17.563590,0,23,"[0, 1, 2, 3, 4, 5, 6, 7]",93.01580810546875,46.05963134765625,46.9561767578125,143,93.01580810546875,46.5748291015625,46.44097900390625,141
2025-07-17T21:01:17.570875,1,23,"[0, 1, 2, 3, 4, 5, 6, 7]",93.01580810546875,46.05963134765625,46.9561767578125,143,93.01580810546875,46.5748291015625,46.44097900390625,141
2025-07-17T21:01:17.578624,2,23,"[0, 1, 2, 3, 4, 5, 6, 7]",93.01580810546875,46.05963134765625,46.9561767578125,143,93.01580810546875,46.5748291015625,46.44097900390625,141
2025-07-17T21:01:17.586783,3,23,"[0, 1, 2, 3, 4, 5, 6, 7]",93.01580810546875,46.05963134765625,46.9561767578125,143,93.01580810546875,46.5748291015625,46.44097900390625,141
2025-07-17T21:01:17.593516,4,23,"[0, 1, 2, 3, 4, 5, 6, 7]",93.01580810546875,46.05963134765625,46.9561767578125,143,93.01580810546875,46.5748291015625,46.44097900390625,141
2025-07-17T21:01:17.600289,0,24,"[0, 1, 2, 3, 4, 5, 6, 7]",93.01580810546875,46.05963134765625,46.9561767578125,143,93.01580810546875,46.5748291015625,46.44097900390625,141
2025-07-17T21:01:17.607940,1,24,"[0, 1, 2, 3, 4, 5, 6, 7]",93.01580810546875,46.05963134765625,46.9561767578125,143,93.01580810546875,46.5748291015625,46.44097900390625,141
2025-07-17T21:01:17.615283,2,24,"[0, 1, 2, 3, 4, 5, 6, 7]",93.01580810546875,46.05963134765625,46.9561767578125,143,93.01580810546875,46.5748291015625,46.44097900390625,141
2025-07-17T21:01:17.617392,3,24,"[0, 1, 2, 3, 4, 5, 6, 7]",93.01580810546875,46.05963134765625,46.9561767578125,143,93.01580810546875,46.5748291015625,46.44097900390625,141
2025-07-17T21:01:17.624962,4,24,"[0, 1, 2, 3, 4, 5, 6, 7]",93.01580810546875,46.05963134765625,46.9561767578125,143,93.01580810546875,46.5748291015625,46.44097900390625,141
2025-07-17T21:01:17.637245,0,25,"[0, 1, 2, 3, 4, 5, 6, 7]",93.01580810546875,46.05963134765625,46.9561767578125,143,93.01580810546875,46.5748291015625,46.44097900390625,141
2025-07-17T21:01:17.644314,1,25,"[0, 1, 2, 3, 4, 5, 6, 7]",93.01580810546875,46.05963134765625,46.9561767578125,143,93.01580810546875,46.5748291015625,46.44097900390625,141
2025-07-17T21:01:17.646364,2,25,"[0, 1, 2, 3, 4, 5, 6, 7]",93.01580810546875,46.05963134765625,46.9561767578125,143,93.01580810546875,46.5748291015625,46.44097900390625,141
2025-07-17T21:01:17.653745,3,25,"[0, 1, 2, 3, 4, 5, 6, 7]",93.01580810546875,46.05963134765625,46.9561767578125,143,93.01580810546875,46.5748291015625,46.44097900390625,141
2025-07-17T21:01:17.660730,4,25,"[0, 1, 2, 3, 4, 5, 6, 7]",93.01580810546875,46.05963134765625,46.9561767578125,143,93.01580810546875,46.5748291015625,46.44097900390625,141
2025-07-17T21:01:17.668538,0,26,"[0, 1, 2, 3, 4, 5, 6, 7]",93.01580810546875,46.05963134765625,46.9561767578125,143,93.01580810546875,46.5748291015625,46.44097900390625,141
2025-07-17T21:01:17.675052,1,26,"[0, 1, 2, 3, 4, 5, 6, 7]",93.01580810546875,46.05963134765625,46.9561767578125,143,93.01580810546875,46.5748291015625,46.44097900390625,141
2025-07-17T21:01:17.681697,2,26,"[0, 1, 2, 3, 4, 5, 6, 7]",93.01580810546875,46.05963134765625,46.9561767578125,143,93.01580810546875,46.5748291015625,46.44097900390625,141
2025-07-17T21:01:17.688864,3,26,"[0, 1, 2, 3, 4, 5, 6, 7]",93.01580810546875,46.05963134765625,46.9561767578125,143,93.01580810546875,46.5748291015625,46.44097900390625,141
2025-07-17T21:01:17.696002,4,26,"[0, 1, 2, 3, 4, 5, 6, 7]",93.01580810546875,46.05963134765625,46.9561767578125,143,93.01580810546875,46.5748291015625,46.44097900390625,141
2025-07-17T21:01:17.708583,0,27,"[0, 1, 2, 3, 4, 5, 6, 7]",93.01580810546875,46.05963134765625,46.9561767578125,143,93.01580810546875,46.5748291015625,46.44097900390625,141
2025-07-17T21:01:17.710490,1,27,"[0, 1, 2, 3, 4, 5, 6, 7]",93.01580810546875,46.05963134765625,46.9561767578125,143,93.01580810546875,46.5748291015625,46.44097900390625,141
2025-07-17T21:01:17.717483,2,27,"[0, 1, 2, 3, 4, 5, 6, 7]",93.01580810546875,46.05963134765625,46.9561767578125,143,93.01580810546875,46.5748291015625,46.44097900390625,141
2025-07-17T21:01:17.730129,3,27,"[0, 1, 2, 3, 4, 5, 6, 7]",93.01580810546875,46.05963134765625,46.9561767578125,143,93.01580810546875,46.5748291015625,46.44097900390625,141
2025-07-17T21:01:17.732004,4,27,"[0, 1, 2, 3, 4, 5, 6, 7]",93.01580810546875,46.05963134765625,46.9561767578125,143,93.01580810546875,46.5748291015625,46.44097900390625,141
2025-07-17T21:01:17.739277,0,28,"[0, 1, 2, 3, 4, 5, 6, 7]",93.01580810546875,46.05963134765625,46.9561767578125,143,93.01580810546875,46.5748291015625,46.44097900390625,141
2025-07-17T21:01:17.752162,1,28,"[0, 1, 2, 3, 4, 5, 6, 7]",93.01580810546875,46.05963134765625,46.9561767578125,143,93.01580810546875,46.5748291015625,46.44097900390625,141
2025-07-17T21:01:17.754400,2,28,"[0, 1, 2, 3, 4, 5, 6, 7]",93.01580810546875,46.05963134765625,46.9561767578125,143,93.01580810546875,46.5748291015625,46.44097900390625,141
2025-07-17T21:01:17.761840,3,28,"[0, 1, 2, 3, 4, 5, 6, 7]",93.01580810546875,46.05963134765625,46.9561767578125,143,93.01580810546875,46.5748291015625,46.44097900390625,141
2025-07-17T21:01:17.768693,4,28,"[0, 1, 2, 3, 4, 5, 6, 7]",93.01580810546875,46.05963134765625,46.9561767578125,143,93.01580810546875,46.5748291015625,46.44097900390625,141
2025-07-17T21:01:17.775928,0,29,"[0, 1, 2, 3, 4, 5, 6, 7]",93.01580810546875,46.05963134765625,46.9561767578125,143,93.01580810546875,46.5748291015625,46.44097900390625,141
2025-07-17T21:01:17.783017,1,29,"[0, 1, 2, 3, 4, 5, 6, 7]",93.01580810546875,46.05963134765625,46.9561767578125,143,93.01580810546875,46.5748291015625,46.44097900390625,141
2025-07-17T21:01:17.790636,2,29,"[0, 1, 2, 3, 4, 5, 6, 7]",93.01580810546875,46.05963134765625,46.9561767578125,143,93.01580810546875,46.5748291015625,46.44097900390625,141
2025-07-17T21:01:17.802057,3,29,"[0, 1, 2, 3, 4, 5, 6, 7]",93.01580810546875,46.05963134765625,46.9561767578125,143,93.01580810546875,46.5748291015625,46.44097900390625,141
2025-07-17T21:01:17.804220,4,29,"[0, 1, 2, 3, 4, 5, 6, 7]",93.01580810546875,46.05963134765625,46.9561767578125,143,93.01580810546875,46.5748291015625,46.44097900390625,141
2025-07-17T21:01:17.811325,0,30,"[0, 1, 2, 3, 4, 5, 6, 7]",93.01580810546875,46.05963134765625,46.9561767578125,143,93.01580810546875,46.5748291015625,46.44097900390625,141
2025-07-17T21:01:17.818674,1,30,"[0, 1, 2, 3, 4, 5, 6, 7]",93.01580810546875,46.05963134765625,46.9561767578125,143,93.01580810546875,46.5748291015625,46.44097900390625,141
2025-07-17T21:01:17.825396,2,30,"[0, 1, 2, 3, 4, 5, 6, 7]",93.01580810546875,46.05963134765625,46.9561767578125,143,93.01580810546875,46.5748291015625,46.44097900390625,141
2025-07-17T21:01:17.832358,3,30,"[0, 1, 2, 3, 4, 5, 6, 7]",93.01580810546875,46.05963134765625,46.9561767578125,143,93.01580810546875,46.5748291015625,46.44097900390625,141
2025-07-17T21:01:17.839390,4,30,"[0, 1, 2, 3, 4, 5, 6, 7]",93.01580810546875,46.05963134765625,46.9561767578125,143,93.01580810546875,46.5748291015625,46.44097900390625,141
2025-07-17T21:01:17.846635,0,31,"[0, 1, 2, 3, 4, 5, 6, 7]",93.01580810546875,46.05963134765625,46.9561767578125,143,93.01580810546875,46.5748291015625,46.44097900390625,141
2025-07-17T21:01:17.853738,1,31,"[0, 1, 2, 3, 4, 5, 6, 7]",93.01580810546875,46.05963134765625,46.9561767578125,143,93.01580810546875,46.5748291015625,46.44097900390625,141
2025-07-17T21:01:17.866919,2,31,"[0, 1, 2, 3, 4, 5, 6, 7]",93.01580810546875,46.05963134765625,46.9561767578125,143,93.01580810546875,46.5748291015625,46.44097900390625,141
2025-07-17T21:01:17.875866,3,31,"[0, 1, 2, 3, 4, 5, 6, 7]",93.01580810546875,46.05963134765625,46.9561767578125,143,93.01580810546875,46.5748291015625,46.44097900390625,141
2025-07-17T21:01:17.878212,4,31,"[0, 1, 2, 3, 4, 5, 6, 7]",93.01580810546875,46.05963134765625,46.9561767578125,143,93.01580810546875,46.5748291015625,46.44097900390625,141
2025-07-17T21:01:17.893437,0,0,"[0, 1, 2, 3, 4, 5, 6, 7]",93.01580810546875,46.05963134765625,46.9561767578125,143,93.01580810546875,46.5748291015625,46.44097900390625,141
2025-07-17T21:01:17.900321,1,0,"[0, 1, 2, 3, 4, 5, 6, 7]",93.01580810546875,46.05963134765625,46.9561767578125,143,93.01580810546875,46.5748291015625,46.44097900390625,141
2025-07-17T21:01:17.907721,2,0,"[0, 1, 2, 3, 4, 5, 6, 7]",93.01580810546875,46.05963134765625,46.9561767578125,143,93.01580810546875,46.5748291015625,46.44097900390625,141
2025-07-17T21:01:17.915039,3,0,"[0, 1, 2, 3, 4, 5, 6, 7]",93.01580810546875,46.05963134765625,46.9561767578125,143,93.01580810546875,46.5748291015625,46.44097900390625,141
2025-07-17T21:01:17.922080,4,0,"[0, 1, 2, 3, 4, 5, 6, 7]",93.01580810546875,46.05963134765625,46.9561767578125,143,93.01580810546875,46.5748291015625,46.44097900390625,141
2025-07-17T21:01:17.929086,0,1,"[0, 1, 2, 4, 5, 6, 7]",93.01580810546875,46.05963134765625,46.9561767578125,143,93.01580810546875,46.5748291015625,46.44097900390625,141
2025-07-17T21:01:17.936294,1,1,"[0, 1, 2, 3, 4, 5, 6, 7]",93.01580810546875,46.05963134765625,46.9561767578125,143,93.01580810546875,46.5748291015625,46.44097900390625,141
2025-07-17T21:01:17.942949,2,1,"[0, 1, 2, 4, 5, 6, 7]",93.01580810546875,46.05963134765625,46.9561767578125,143,93.01580810546875,46.5748291015625,46.44097900390625,141
2025-07-17T21:01:17.950493,3,1,"[0, 1, 2, 3, 4, 5, 6, 7]",93.01580810546875,46.05963134765625,46.9561767578125,143,93.01580810546875,46.5748291015625,46.44097900390625,141
2025-07-17T21:01:17.957947,4,1,"[0, 1, 2, 3, 4, 5, 6, 7]",93.01580810546875,46.05963134765625,46.9561767578125,143,93.01580810546875,46.5748291015625,46.44097900390625,141
2025-07-17T21:01:17.964779,0,2,"[0, 1, 2, 3, 4, 5, 6, 7]",93.01580810546875,46.05963134765625,46.9561767578125,143,93.01580810546875,46.5748291015625,46.44097900390625,141
2025-07-17T21:01:17.971848,1,2,"[0, 1, 2, 3, 4, 5, 6, 7]",93.01580810546875,46.05963134765625,46.9561767578125,143,93.01580810546875,46.5748291015625,46.44097900390625,141
2025-07-17T21:01:17.979362,2,2,"[0, 1, 2, 3, 4, 5, 6, 7]",93.01580810546875,46.05963134765625,46.9561767578125,143,93.01580810546875,46.5748291015625,46.44097900390625,141
2025-07-17T21:01:17.986308,3,2,"[0, 1, 2, 3, 4, 5, 6, 7]",93.01580810546875,46.05963134765625,46.9561767578125,143,93.01580810546875,46.5748291015625,46.44097900390625,141
2025-07-17T21:01:17.993959,4,2,"[0, 1, 2, 3, 4, 5, 6, 7]",93.01580810546875,46.05963134765625,46.9561767578125,143,93.01580810546875,46.5748291015625,46.44097900390625,141
2025-07-17T21:01:17.996159,0,3,"[0, 1, 2, 3, 4, 5, 6, 7]",93.01580810546875,46.05963134765625,46.9561767578125,143,93.01580810546875,46.5748291015625,46.44097900390625,141
2025-07-17T21:01:18.003090,1,3,"[0, 1, 2, 3, 4, 5, 6, 7]",93.01580810546875,46.05963134765625,46.9561767578125,143,93.01580810546875,46.5748291015625,46.44097900390625,141
2025-07-17T21:01:18.010986,2,3,"[0, 1, 2, 3, 4, 5, 6, 7]",93.01580810546875,46.05963134765625,46.9561767578125,143,93.01580810546875,46.5748291015625,46.44097900390625,141
2025-07-17T21:01:18.017986,3,3,"[0, 1, 2, 3, 4, 5, 6, 7]",93.01580810546875,46.05963134765625,46.9561767578125,143,93.01580810546875,46.5748291015625,46.44097900390625,141
2025-07-17T21:01:18.025009,4,3,"[0, 1, 2, 3, 4, 5, 6, 7]",93.01580810546875,46.05963134765625,46.9561767578125,143,93.01580810546875,46.5748291015625,46.44097900390625,141
2025-07-17T21:01:18.031457,0,4,"[0, 1, 2, 3, 4, 5, 6, 7]",93.01580810546875,46.05963134765625,46.9561767578125,143,93.01580810546875,46.5748291015625,46.44097900390625,141
2025-07-17T21:01:18.038210,1,4,"[0, 1, 2, 3, 4, 5, 6, 7]",93.01580810546875,46.05963134765625,46.9561767578125,143,93.01580810546875,46.5748291015625,46.44097900390625,141
2025-07-17T21:01:18.045833,2,4,"[0, 1, 2, 3, 4, 5, 6, 7]",93.01580810546875,46.05963134765625,46.9561767578125,143,93.01580810546875,46.5748291015625,46.44097900390625,141
2025-07-17T21:01:18.058957,3,4,"[0, 1, 2, 3, 4, 5, 6, 7]",93.01580810546875,46.05963134765625,46.9561767578125,143,93.01580810546875,46.5748291015625,46.44097900390625,141
2025-07-17T21:01:18.061012,4,4,"[0, 1, 2, 3, 4, 5, 6, 7]",93.01580810546875,46.05963134765625,46.9561767578125,143,93.01580810546875,46.5748291015625,46.44097900390625,141
2025-07-17T21:01:18.067922,0,5,"[0, 1, 2, 3, 4, 5, 6, 7]",93.01580810546875,46.05963134765625,46.9561767578125,143,93.01580810546875,46.5748291015625,46.44097900390625,141
2025-07-17T21:01:18.075964,1,5,"[0, 1, 2, 3, 4, 5, 6, 7]",93.01580810546875,46.05963134765625,46.9561767578125,143,93.01580810546875,46.5748291015625,46.44097900390625,141
2025-07-17T21:01:18.082503,2,5,"[0, 1, 2, 3, 4, 5, 6, 7]",93.01580810546875,46.05963134765625,46.9561767578125,143,93.01580810546875,46.5748291015625,46.44097900390625,141
2025-07-17T21:01:18.094143,3,5,"[0, 1, 2, 3, 4, 5, 6, 7]",93.01580810546875,46.05963134765625,46.9561767578125,143,93.01580810546875,46.5748291015625,46.44097900390625,141
2025-07-17T21:01:18.096354,4,5,"[0, 1, 2, 3, 4, 5, 6, 7]",93.01580810546875,46.05963134765625,46.9561767578125,143,93.01580810546875,46.5748291015625,46.44097900390625,141
2025-07-17T21:01:18.103724,0,6,"[0, 1, 2, 3, 4, 5, 6, 7]",93.01580810546875,46.05963134765625,46.9561767578125,143,93.01580810546875,46.5748291015625,46.44097900390625,141
2025-07-17T21:01:18.110176,1,6,"[0, 1, 2, 3, 4, 5, 6, 7]",93.01580810546875,46.05963134765625,46.9561767578125,143,93.01580810546875,46.5748291015625,46.44097900390625,141
2025-07-17T21:01:18.116334,2,6,"[0, 1, 2, 3, 4, 5, 6, 7]",93.01580810546875,46.05963134765625,46.9561767578125,143,93.01580810546875,46.5748291015625,46.44097900390625,141
2025-07-17T21:01:18.124137,3,6,"[0, 1, 2, 3, 4, 5, 6, 7]",93.01580810546875,46.05963134765625,46.9561767578125,143,93.01580810546875,46.5748291015625,46.44097900390625,141
2025-07-17T21:01:18.136567,4,6,"[0, 1, 2, 3, 4, 5, 6, 7]",93.01580810546875,46.05963134765625,46.9561767578125,143,93.01580810546875,46.5748291015625,46.44097900390625,141
2025-07-17T21:01:18.144560,0,7,"[0, 1, 2, 3, 4, 5, 6, 7]",93.01580810546875,46.05963134765625,46.9561767578125,143,93.01580810546875,46.5748291015625,46.44097900390625,141
2025-07-17T21:01:18.146749,1,7,"[0, 1, 2, 3, 4, 5, 6, 7]",93.01580810546875,46.05963134765625,46.9561767578125,143,93.01580810546875,46.5748291015625,46.44097900390625,141
2025-07-17T21:01:18.153763,2,7,"[0, 1, 2, 3, 4, 5, 6, 7]",93.01580810546875,46.05963134765625,46.9561767578125,143,93.01580810546875,46.5748291015625,46.44097900390625,141
2025-07-17T21:01:18.161061,3,7,"[0, 1, 2, 3, 4, 5, 6, 7]",93.01580810546875,46.05963134765625,46.9561767578125,143,93.01580810546875,46.5748291015625,46.44097900390625,141
2025-07-17T21:01:18.167919,4,7,"[0, 1, 2, 3, 4, 5, 6, 7]",93.01580810546875,46.05963134765625,46.9561767578125,143,93.01580810546875,46.5748291015625,46.44097900390625,141
2025-07-17T21:01:18.176639,0,8,"[0, 1, 2, 3, 4, 5, 6, 7]",93.01580810546875,46.05963134765625,46.9561767578125,143,93.01580810546875,46.5748291015625,46.44097900390625,141
2025-07-17T21:01:18.184120,1,8,"[0, 1, 2, 3, 4, 5, 6, 7]",93.01580810546875,46.05963134765625,46.9561767578125,143,93.01580810546875,46.5748291015625,46.44097900390625,141
2025-07-17T21:01:18.189920,2,8,"[0, 1, 2, 3, 4, 5, 6, 7]",93.01580810546875,46.05963134765625,46.9561767578125,143,93.01580810546875,46.5748291015625,46.44097900390625,141
2025-07-17T21:01:18.197069,3,8,"[0, 1, 2, 3, 4, 5, 6, 7]",93.01580810546875,46.05963134765625,46.9561767578125,143,93.01580810546875,46.5748291015625,46.44097900390625,141
2025-07-17T21:01:18.203200,4,8,"[0, 1, 2, 3, 4, 5, 6, 7]",93.01580810546875,46.05963134765625,46.9561767578125,143,93.01580810546875,46.5748291015625,46.44097900390625,141
2025-07-17T21:01:18.210277,0,9,"[0, 1, 2, 3, 4, 5, 6, 7]",93.01580810546875,46.05963134765625,46.9561767578125,143,93.01580810546875,46.5748291015625,46.44097900390625,141
2025-07-17T21:01:18.216579,1,9,"[0, 1, 2, 3, 4, 5, 7]",93.01580810546875,46.05963134765625,46.9561767578125,143,93.01580810546875,46.5748291015625,46.44097900390625,141
2025-07-17T21:01:18.222845,2,9,"[0, 1, 2, 3, 4, 5, 6, 7]",93.01580810546875,46.05963134765625,46.9561767578125,143,93.01580810546875,46.5748291015625,46.44097900390625,141
2025-07-17T21:01:18.228838,3,9,"[0, 1, 2, 3, 4, 5, 7]",93.01580810546875,46.05963134765625,46.9561767578125,143,93.01580810546875,46.5748291015625,46.44097900390625,141
2025-07-17T21:01:18.236318,4,9,"[0, 1, 2, 3, 4, 5, 7]",93.01580810546875,46.05963134765625,46.9561767578125,143,93.01580810546875,46.5748291015625,46.44097900390625,141
2025-07-17T21:01:18.242553,0,10,"[0, 1, 2, 3, 4, 5, 6, 7]",93.01580810546875,46.05963134765625,46.9561767578125,143,93.01580810546875,46.5748291015625,46.44097900390625,141
2025-07-17T21:01:18.253929,1,10,"[0, 1, 2, 3, 4, 5, 7]",93.01580810546875,46.05963134765625,46.9561767578125,143,93.01580810546875,46.5748291015625,46.44097900390625,141
2025-07-17T21:01:18.261456,2,10,"[0, 1, 2, 3, 4, 5, 6, 7]",93.01580810546875,46.05963134765625,46.9561767578125,143,93.01580810546875,46.5748291015625,46.44097900390625,141
2025-07-17T21:01:18.268585,3,10,"[0, 1, 2, 3, 4, 5, 7]",93.01580810546875,46.05963134765625,46.9561767578125,143,93.01580810546875,46.5748291015625,46.44097900390625,141
2025-07-17T21:01:18.276583,4,10,"[0, 1, 2, 3, 4, 5, 7]",93.01580810546875,46.05963134765625,46.9561767578125,143,93.01580810546875,46.5748291015625,46.44097900390625,141
2025-07-17T21:01:18.283788,0,11,"[0, 1, 2, 4, 5, 6, 7]",93.01580810546875,46.05963134765625,46.9561767578125,143,93.01580810546875,46.5748291015625,46.44097900390625,141
2025-07-17T21:01:18.290507,1,11,"[0, 1, 2, 3, 4, 5, 6, 7]",93.01580810546875,46.05963134765625,46.9561767578125,143,93.01580810546875,46.5748291015625,46.44097900390625,141
2025-07-17T21:01:18.298642,2,11,"[0, 1, 2, 3, 4, 5, 6, 7]",93.01580810546875,46.05963134765625,46.9561767578125,143,93.01580810546875,46.5748291015625,46.44097900390625,141
2025-07-17T21:01:18.305175,3,11,"[0, 1, 2, 3, 4, 5, 6, 7]",93.01580810546875,46.05963134765625,46.9561767578125,143,93.01580810546875,46.5748291015625,46.44097900390625,141
2025-07-17T21:01:18.312375,4,11,"[0, 1, 2, 3, 4, 5, 6, 7]",93.01580810546875,46.05963134765625,46.9561767578125,143,93.01580810546875,46.5748291015625,46.44097900390625,141
2025-07-17T21:01:18.318820,0,12,"[0, 1, 2, 3, 4, 5, 6, 7]",93.01580810546875,46.05963134765625,46.9561767578125,143,93.01580810546875,46.5748291015625,46.44097900390625,141
2025-07-17T21:01:18.325584,1,12,"[0, 1, 2, 3, 4, 5, 6]",93.01580810546875,46.05963134765625,46.9561767578125,143,93.01580810546875,46.5748291015625,46.44097900390625,141
2025-07-17T21:01:18.332171,2,12,"[0, 1, 2, 3, 4, 5, 6, 7]",93.01580810546875,46.05963134765625,46.9561767578125,143,93.01580810546875,46.5748291015625,46.44097900390625,141
2025-07-17T21:01:18.338873,3,12,"[0, 1, 2, 3, 4, 5, 6]",93.01580810546875,46.05963134765625,46.9561767578125,143,93.01580810546875,46.5748291015625,46.44097900390625,141
2025-07-17T21:01:18.345864,4,12,"[0, 1, 2, 3, 4, 5, 6]",93.01580810546875,46.05963134765625,46.9561767578125,143,93.01580810546875,46.5748291015625,46.44097900390625,141
2025-07-17T21:01:18.353605,0,13,"[0, 1, 2, 3, 4, 5, 6, 7]",93.01580810546875,46.05963134765625,46.9561767578125,143,93.01580810546875,46.5748291015625,46.44097900390625,141
2025-07-17T21:01:18.360431,1,13,"[0, 1, 2, 3, 4, 5, 6, 7]",93.01580810546875,46.05963134765625,46.9561767578125,143,93.01580810546875,46.5748291015625,46.44097900390625,141
2025-07-17T21:01:18.367223,2,13,"[0, 1, 2, 3, 4, 5, 6, 7]",93.01580810546875,46.05963134765625,46.9561767578125,143,93.01580810546875,46.5748291015625,46.44097900390625,141
2025-07-17T21:01:18.374170,3,13,"[0, 1, 2, 3, 4, 5, 6, 7]",93.01580810546875,46.05963134765625,46.9561767578125,143,93.01580810546875,46.5748291015625,46.44097900390625,141
2025-07-17T21:01:18.380829,4,13,"[0, 1, 2, 3, 4, 5, 6, 7]",93.01580810546875,46.05963134765625,46.9561767578125,143,93.01580810546875,46.5748291015625,46.44097900390625,141
2025-07-17T21:01:18.387632,0,14,"[0, 1, 2, 3, 4, 5, 6, 7]",93.01580810546875,46.05963134765625,46.9561767578125,143,93.01580810546875,46.5748291015625,46.44097900390625,141
2025-07-17T21:01:18.394715,1,14,"[0, 1, 2, 3, 4, 5, 6, 7]",93.01580810546875,46.05963134765625,46.9561767578125,143,93.01580810546875,46.5748291015625,46.44097900390625,141
2025-07-17T21:01:18.401353,2,14,"[0, 1, 2, 3, 4, 5, 6, 7]",93.01580810546875,46.05963134765625,46.9561767578125,143,93.01580810546875,46.5748291015625,46.44097900390625,141
2025-07-17T21:01:18.408952,3,14,"[0, 1, 2, 3, 4, 5, 6, 7]",93.01580810546875,46.05963134765625,46.9561767578125,143,93.01580810546875,46.5748291015625,46.44097900390625,141
2025-07-17T21:01:18.416103,4,14,"[0, 1, 2, 3, 4, 5, 6, 7]",93.01580810546875,46.05963134765625,46.9561767578125,143,93.01580810546875,46.5748291015625,46.44097900390625,141
2025-07-17T21:01:18.423052,0,15,"[0, 1, 2, 3, 4, 5, 6, 7]",93.01580810546875,46.05963134765625,46.9561767578125,143,93.01580810546875,46.5748291015625,46.44097900390625,141
2025-07-17T21:01:18.430341,1,15,"[0, 1, 2, 3, 4, 5, 6, 7]",93.01580810546875,46.05963134765625,46.9561767578125,143,93.01580810546875,46.5748291015625,46.44097900390625,141
2025-07-17T21:01:18.436948,2,15,"[0, 1, 2, 3, 4, 5, 6, 7]",93.01580810546875,46.05963134765625,46.9561767578125,143,93.01580810546875,46.5748291015625,46.44097900390625,141
2025-07-17T21:01:18.444772,3,15,"[0, 1, 2, 3, 4, 5, 6, 7]",93.01580810546875,46.05963134765625,46.9561767578125,143,93.01580810546875,46.5748291015625,46.44097900390625,141
2025-07-17T21:01:18.452365,4,15,"[0, 1, 2, 3, 4, 5, 6, 7]",93.01580810546875,46.05963134765625,46.9561767578125,143,93.01580810546875,46.5748291015625,46.44097900390625,141
2025-07-17T21:01:18.459749,0,16,"[0, 1, 2, 3, 4, 5, 6, 7]",93.01580810546875,46.05963134765625,46.9561767578125,143,93.01580810546875,46.5748291015625,46.44097900390625,141
2025-07-17T21:01:18.466814,1,16,"[0, 1, 2, 3, 4, 5, 6, 7]",93.01580810546875,46.05963134765625,46.9561767578125,143,93.01580810546875,46.5748291015625,46.44097900390625,141
2025-07-17T21:01:18.474291,2,16,"[0, 1, 2, 3, 4, 5, 6, 7]",93.01580810546875,46.05963134765625,46.9561767578125,143,93.01580810546875,46.5748291015625,46.44097900390625,141
2025-07-17T21:01:18.481146,3,16,"[0, 1, 2, 3, 4, 5, 6, 7]",93.01580810546875,46.05963134765625,46.9561767578125,143,93.01580810546875,46.5748291015625,46.44097900390625,141
2025-07-17T21:01:18.488173,4,16,"[0, 1, 2, 3, 4, 5, 6, 7]",93.01580810546875,46.05963134765625,46.9561767578125,143,93.01580810546875,46.5748291015625,46.44097900390625,141
2025-07-17T21:01:18.495428,0,17,"[0, 1, 2, 3, 4, 5, 6, 7]",93.01580810546875,46.05963134765625,46.9561767578125,143,93.01580810546875,46.5748291015625,46.44097900390625,141
2025-07-17T21:01:18.502127,1,17,"[0, 1, 2, 3, 4, 5, 6, 7]",93.01580810546875,46.05963134765625,46.9561767578125,143,93.01580810546875,46.5748291015625,46.44097900390625,141
2025-07-17T21:01:18.508942,2,17,"[0, 1, 2, 3, 4, 5, 6, 7]",93.01580810546875,46.05963134765625,46.9561767578125,143,93.01580810546875,46.5748291015625,46.44097900390625,141
2025-07-17T21:01:18.515797,3,17,"[0, 1, 2, 3, 4, 5, 6, 7]",93.01580810546875,46.05963134765625,46.9561767578125,143,93.01580810546875,46.5748291015625,46.44097900390625,141
2025-07-17T21:01:18.523058,4,17,"[0, 1, 2, 3, 4, 5, 6, 7]",93.01580810546875,46.05963134765625,46.9561767578125,143,93.01580810546875,46.5748291015625,46.44097900390625,141
2025-07-17T21:01:18.527000,0,18,"[0, 1, 2, 3, 4, 5, 6, 7]",93.01580810546875,46.05963134765625,46.9561767578125,143,93.01580810546875,46.5748291015625,46.44097900390625,141
2025-07-17T21:01:18.539008,1,18,"[0, 1, 2, 3, 4, 5, 6, 7]",93.01580810546875,46.05963134765625,46.9561767578125,143,93.01580810546875,46.5748291015625,46.44097900390625,141
2025-07-17T21:01:18.541160,2,18,"[0, 1, 2, 3, 4, 5, 6, 7]",93.01580810546875,46.05963134765625,46.9561767578125,143,93.01580810546875,46.5748291015625,46.44097900390625,141
2025-07-17T21:01:18.548794,3,18,"[0, 1, 2, 3, 4, 5, 6, 7]",93.01580810546875,46.05963134765625,46.9561767578125,143,93.01580810546875,46.5748291015625,46.44097900390625,141
2025-07-17T21:01:18.556173,4,18,"[0, 1, 2, 3, 4, 5, 6, 7]",93.01580810546875,46.05963134765625,46.9561767578125,143,93.01580810546875,46.5748291015625,46.44097900390625,141
2025-07-17T21:01:18.562521,0,19,"[0, 1, 2, 3, 4, 5, 6, 7]",93.01580810546875,46.05963134765625,46.9561767578125,143,93.01580810546875,46.5748291015625,46.44097900390625,141
2025-07-17T21:01:18.574003,1,19,"[0, 1, 2, 3, 4, 5, 6, 7]",93.01580810546875,46.05963134765625,46.9561767578125,143,93.01580810546875,46.5748291015625,46.44097900390625,141
2025-07-17T21:01:18.576167,2,19,"[0, 1, 2, 3, 4, 5, 6, 7]",93.01580810546875,46.05963134765625,46.9561767578125,143,93.01580810546875,46.5748291015625,46.44097900390625,141
2025-07-17T21:01:18.583705,3,19,"[0, 1, 2, 3, 4, 5, 6, 7]",93.01580810546875,46.05963134765625,46.9561767578125,143,93.01580810546875,46.5748291015625,46.44097900390625,141
2025-07-17T21:01:18.589656,4,19,"[0, 1, 2, 3, 4, 5, 6, 7]",93.01580810546875,46.05963134765625,46.9561767578125,143,93.01580810546875,46.5748291015625,46.44097900390625,141
2025-07-17T21:01:18.601908,0,20,"[0, 1, 2, 3, 4, 5, 6, 7]",93.01580810546875,46.05963134765625,46.9561767578125,143,93.01580810546875,46.5748291015625,46.44097900390625,141
2025-07-17T21:01:18.609246,1,20,"[0, 1, 2, 3, 4, 5, 6, 7]",93.01580810546875,46.05963134765625,46.9561767578125,143,93.01580810546875,46.5748291015625,46.44097900390625,141
2025-07-17T21:01:18.611318,2,20,"[0, 1, 2, 3, 4, 5, 6, 7]",93.01580810546875,46.05963134765625,46.9561767578125,143,93.01580810546875,46.5748291015625,46.44097900390625,141
2025-07-17T21:01:18.618035,3,20,"[0, 1, 2, 3, 4, 5, 6, 7]",93.01580810546875,46.05963134765625,46.9561767578125,143,93.01580810546875,46.5748291015625,46.44097900390625,141
2025-07-17T21:01:18.624394,4,20,"[0, 1, 2, 3, 4, 5, 6, 7]",93.01580810546875,46.05963134765625,46.9561767578125,143,93.01580810546875,46.5748291015625,46.44097900390625,141
2025-07-17T21:01:18.631114,0,21,"[0, 1, 2, 3, 4, 5, 6, 7]",93.01580810546875,46.05963134765625,46.9561767578125,143,93.01580810546875,46.5748291015625,46.44097900390625,141
2025-07-17T21:01:18.638310,1,21,"[0, 1, 2, 3, 4, 5, 6, 7]",93.01580810546875,46.05963134765625,46.9561767578125,143,93.01580810546875,46.5748291015625,46.44097900390625,141
2025-07-17T21:01:18.651537,2,21,"[0, 1, 2, 3, 4, 5, 6, 7]",93.01580810546875,46.05963134765625,46.9561767578125,143,93.01580810546875,46.5748291015625,46.44097900390625,141
2025-07-17T21:01:18.659349,3,21,"[0, 1, 2, 3, 4, 5, 6, 7]",93.01580810546875,46.05963134765625,46.9561767578125,143,93.01580810546875,46.5748291015625,46.44097900390625,141
2025-07-17T21:01:18.661686,4,21,"[0, 1, 2, 3, 4, 5, 6, 7]",93.01580810546875,46.05963134765625,46.9561767578125,143,93.01580810546875,46.5748291015625,46.44097900390625,141
2025-07-17T21:01:18.669228,0,22,"[0, 1, 2, 3, 4, 5, 6, 7]",93.01580810546875,46.05963134765625,46.9561767578125,143,93.01580810546875,46.5748291015625,46.44097900390625,141
2025-07-17T21:01:18.675683,1,22,"[0, 1, 3, 4, 5, 6, 7]",93.01580810546875,46.05963134765625,46.9561767578125,143,93.01580810546875,46.5748291015625,46.44097900390625,141
2025-07-17T21:01:18.683894,2,22,"[0, 1, 2, 3, 4, 5, 6, 7]",93.01580810546875,46.05963134765625,46.9561767578125,143,93.01580810546875,46.5748291015625,46.44097900390625,141
2025-07-17T21:01:18.696418,3,22,"[0, 1, 3, 4, 5, 6, 7]",93.01580810546875,46.05963134765625,46.9561767578125,143,93.01580810546875,46.5748291015625,46.44097900390625,141
2025-07-17T21:01:18.698448,4,22,"[0, 1, 3, 4, 5, 6, 7]",93.01580810546875,46.05963134765625,46.9561767578125,143,93.01580810546875,46.5748291015625,46.44097900390625,141
2025-07-17T21:01:18.704962,0,23,"[0, 1, 2, 3, 4, 5, 6, 7]",93.01580810546875,46.05963134765625,46.9561767578125,143,93.01580810546875,46.5748291015625,46.44097900390625,141
2025-07-17T21:01:18.711370,1,23,"[0, 1, 2, 3, 4, 5, 6, 7]",93.01580810546875,46.05963134765625,46.9561767578125,143,93.01580810546875,46.5748291015625,46.44097900390625,141
2025-07-17T21:01:18.718359,2,23,"[0, 1, 2, 3, 4, 5, 6, 7]",93.01580810546875,46.05963134765625,46.9561767578125,143,93.01580810546875,46.5748291015625,46.44097900390625,141
2025-07-17T21:01:18.729927,3,23,"[0, 1, 2, 3, 4, 5, 6, 7]",93.01580810546875,46.05963134765625,46.9561767578125,143,93.01580810546875,46.5748291015625,46.44097900390625,141
2025-07-17T21:01:18.731877,4,23,"[0, 1, 2, 3, 4, 5, 6, 7]",93.01580810546875,46.05963134765625,46.9561767578125,143,93.01580810546875,46.5748291015625,46.44097900390625,141
2025-07-17T21:01:18.738858,0,24,"[0, 1, 2, 3, 4, 5, 6, 7]",93.01580810546875,46.05963134765625,46.9561767578125,143,93.01580810546875,46.5748291015625,46.44097900390625,141
2025-07-17T21:01:18.750646,1,24,"[0, 1, 2, 3, 5, 6, 7]",93.01580810546875,46.05963134765625,46.9561767578125,143,93.01580810546875,46.5748291015625,46.44097900390625,141
2025-07-17T21:01:18.752751,2,24,"[0, 1, 2, 3, 4, 5, 6, 7]",93.01580810546875,46.05963134765625,46.9561767578125,143,93.01580810546875,46.5748291015625,46.44097900390625,141
2025-07-17T21:01:18.759165,3,24,"[0, 1, 2, 3, 5, 6, 7]",93.01580810546875,46.05963134765625,46.9561767578125,143,93.01580810546875,46.5748291015625,46.44097900390625,141
2025-07-17T21:01:18.766580,4,24,"[0, 1, 2, 3, 5, 6, 7]",93.01580810546875,46.05963134765625,46.9561767578125,143,93.01580810546875,46.5748291015625,46.44097900390625,141
2025-07-17T21:01:18.773443,0,25,"[0, 1, 2, 3, 4, 5, 6, 7]",93.01580810546875,46.05963134765625,46.9561767578125,143,93.01580810546875,46.5748291015625,46.44097900390625,141
2025-07-17T21:01:18.780104,1,25,"[0, 1, 2, 3, 4, 5, 6, 7]",93.01580810546875,46.05963134765625,46.9561767578125,143,93.01580810546875,46.5748291015625,46.44097900390625,141
2025-07-17T21:01:18.786980,2,25,"[0, 1, 2, 3, 4, 5, 6, 7]",93.01580810546875,46.05963134765625,46.9561767578125,143,93.01580810546875,46.5748291015625,46.44097900390625,141
2025-07-17T21:01:18.793985,3,25,"[0, 1, 2, 3, 4, 5, 6, 7]",93.01580810546875,46.05963134765625,46.9561767578125,143,93.01580810546875,46.5748291015625,46.44097900390625,141
2025-07-17T21:01:18.805933,4,25,"[0, 1, 2, 3, 4, 5, 6, 7]",93.01580810546875,46.05963134765625,46.9561767578125,143,93.01580810546875,46.5748291015625,46.44097900390625,141
2025-07-17T21:01:18.807979,0,26,"[0, 1, 2, 3, 4, 5, 6, 7]",93.01580810546875,46.05963134765625,46.9561767578125,143,93.01580810546875,46.5748291015625,46.44097900390625,141
2025-07-17T21:01:18.814648,1,26,"[0, 1, 2, 3, 4, 5, 6, 7]",93.01580810546875,46.05963134765625,46.9561767578125,143,93.01580810546875,46.5748291015625,46.44097900390625,141
2025-07-17T21:01:18.821630,2,26,"[0, 1, 2, 3, 4, 5, 6, 7]",93.01580810546875,46.05963134765625,46.9561767578125,143,93.01580810546875,46.5748291015625,46.44097900390625,141
2025-07-17T21:01:18.828489,3,26,"[0, 1, 2, 3, 4, 5, 6, 7]",93.01580810546875,46.05963134765625,46.9561767578125,143,93.01580810546875,46.5748291015625,46.44097900390625,141
2025-07-17T21:01:18.835023,4,26,"[0, 1, 2, 3, 4, 5, 6, 7]",93.01580810546875,46.05963134765625,46.9561767578125,143,93.01580810546875,46.5748291015625,46.44097900390625,141
2025-07-17T21:01:18.841880,0,27,"[0, 1, 2, 3, 4, 5, 6, 7]",93.01580810546875,46.05963134765625,46.9561767578125,143,93.01580810546875,46.5748291015625,46.44097900390625,141
2025-07-17T21:01:18.854482,1,27,"[0, 1, 2, 3, 4, 5, 6, 7]",93.01580810546875,46.05963134765625,46.9561767578125,143,93.01580810546875,46.5748291015625,46.44097900390625,141
2025-07-17T21:01:18.856510,2,27,"[0, 1, 2, 3, 4, 5, 6, 7]",93.01580810546875,46.05963134765625,46.9561767578125,143,93.01580810546875,46.5748291015625,46.44097900390625,141
2025-07-17T21:01:18.863667,3,27,"[0, 1, 2, 3, 4, 5, 6, 7]",93.01580810546875,46.05963134765625,46.9561767578125,143,93.01580810546875,46.5748291015625,46.44097900390625,141
2025-07-17T21:01:18.870063,4,27,"[0, 1, 2, 3, 4, 5, 6, 7]",93.01580810546875,46.05963134765625,46.9561767578125,143,93.01580810546875,46.5748291015625,46.44097900390625,141
2025-07-17T21:01:18.877602,0,28,"[0, 1, 2, 3, 4, 5, 6, 7]",93.01580810546875,46.05963134765625,46.9561767578125,143,93.01580810546875,46.5748291015625,46.44097900390625,141
2025-07-17T21:01:18.885042,1,28,"[0, 1, 2, 3, 4, 5, 6, 7]",93.01580810546875,46.05963134765625,46.9561767578125,143,93.01580810546875,46.5748291015625,46.44097900390625,141
2025-07-17T21:01:18.892550,2,28,"[0, 1, 2, 3, 4, 5, 6, 7]",93.01580810546875,46.05963134765625,46.9561767578125,143,93.01580810546875,46.5748291015625,46.44097900390625,141
2025-07-17T21:01:18.899088,3,28,"[0, 1, 2, 3, 4, 5, 6, 7]",93.01580810546875,46.05963134765625,46.9561767578125,143,93.01580810546875,46.5748291015625,46.44097900390625,141
2025-07-17T21:01:18.905428,4,28,"[0, 1, 2, 3, 4, 5, 6, 7]",93.01580810546875,46.05963134765625,46.9561767578125,143,93.01580810546875,46.5748291015625,46.44097900390625,141
2025-07-17T21:01:18.913591,0,29,"[0, 1, 2, 3, 4, 5, 6, 7]",93.01580810546875,46.05963134765625,46.9561767578125,143,93.01580810546875,46.5748291015625,46.44097900390625,141
2025-07-17T21:01:18.920424,1,29,"[0, 1, 2, 3, 4, 5, 6, 7]",93.01580810546875,46.05963134765625,46.9561767578125,143,93.01580810546875,46.5748291015625,46.44097900390625,141
2025-07-17T21:01:18.927219,2,29,"[0, 1, 2, 3, 4, 5, 6, 7]",93.01580810546875,46.05963134765625,46.9561767578125,143,93.01580810546875,46.5748291015625,46.44097900390625,141
2025-07-17T21:01:18.933978,3,29,"[0, 1, 2, 3, 4, 5, 6, 7]",93.01580810546875,46.05963134765625,46.9561767578125,143,93.01580810546875,46.5748291015625,46.44097900390625,141
2025-07-17T21:01:18.941973,4,29,"[0, 1, 2, 3, 4, 5, 6, 7]",93.01580810546875,46.05963134765625,46.9561767578125,143,93.01580810546875,46.5748291015625,46.44097900390625,141
2025-07-17T21:01:18.950357,0,30,"[0, 1, 2, 3, 4, 5, 6, 7]",93.01580810546875,46.05963134765625,46.9561767578125,143,93.01580810546875,46.5748291015625,46.44097900390625,141
2025-07-17T21:01:18.963122,1,30,"[0, 1, 3, 4, 5, 6, 7]",93.01580810546875,46.05963134765625,46.9561767578125,143,93.01580810546875,46.5748291015625,46.44097900390625,141
2025-07-17T21:01:18.965518,2,30,"[0, 1, 2, 3, 4, 5, 6, 7]",93.01580810546875,46.05963134765625,46.9561767578125,143,93.01580810546875,46.5748291015625,46.44097900390625,141
2025-07-17T21:01:18.973126,3,30,"[0, 1, 3, 4, 5, 6, 7]",93.01580810546875,46.05963134765625,46.9561767578125,143,93.01580810546875,46.5748291015625,46.44097900390625,141
2025-07-17T21:01:18.980308,4,30,"[0, 1, 3, 4, 5, 6, 7]",93.01580810546875,46.05963134765625,46.9561767578125,143,93.01580810546875,46.5748291015625,46.44097900390625,141
2025-07-17T21:01:18.992932,0,31,"[0, 1, 2, 3, 4, 5, 6, 7]",93.01580810546875,46.05963134765625,46.9561767578125,143,93.01580810546875,46.5748291015625,46.44097900390625,141
2025-07-17T21:01:19.003241,1,31,"[0, 1, 2, 3, 4, 5, 6, 7]",93.01580810546875,46.05963134765625,46.9561767578125,143,93.01580810546875,46.5748291015625,46.44097900390625,141
2025-07-17T21:01:19.011278,2,31,"[0, 1, 2, 3, 4, 5, 6, 7]",93.01580810546875,46.05963134765625,46.9561767578125,143,93.01580810546875,46.5748291015625,46.44097900390625,141
2025-07-17T21:01:19.021042,3,31,"[0, 1, 2, 3, 4, 5, 6, 7]",93.01580810546875,46.05963134765625,46.9561767578125,143,93.01580810546875,46.5748291015625,46.44097900390625,141
2025-07-17T21:01:19.023536,4,31,"[0, 1, 2, 3, 4, 5, 6, 7]",93.01580810546875,46.05963134765625,46.9561767578125,143,93.01580810546875,46.5748291015625,46.44097900390625,141
2025-07-17T21:01:19.034609,0,0,"[0, 1, 2, 3, 4, 5, 6, 7]",93.01580810546875,46.05963134765625,46.9561767578125,143,93.01580810546875,46.5748291015625,46.44097900390625,141
2025-07-17T21:01:19.041911,1,0,"[0, 1, 2, 3, 4, 5, 6, 7]",93.01580810546875,46.05963134765625,46.9561767578125,143,93.01580810546875,46.5748291015625,46.44097900390625,141
2025-07-17T21:01:19.049511,2,0,"[0, 2, 3, 4, 5, 6, 7]",93.01580810546875,46.05963134765625,46.9561767578125,143,93.01580810546875,46.5748291015625,46.44097900390625,141
2025-07-17T21:01:19.062281,3,0,"[0, 1, 2, 3, 4, 5, 6, 7]",93.01580810546875,46.05963134765625,46.9561767578125,143,93.01580810546875,46.5748291015625,46.44097900390625,141
2025-07-17T21:01:19.064496,4,0,"[0, 1, 2, 3, 4, 5, 6, 7]",93.01580810546875,46.05963134765625,46.9561767578125,143,93.01580810546875,46.5748291015625,46.44097900390625,141
2025-07-17T21:01:19.077219,0,1,"[0, 1, 2, 3, 4, 5, 6, 7]",93.01580810546875,46.05963134765625,46.9561767578125,143,93.01580810546875,46.5748291015625,46.44097900390625,141
2025-07-17T21:01:19.079292,1,1,"[0, 1, 2, 3, 4, 5, 6, 7]",93.01580810546875,46.05963134765625,46.9561767578125,143,93.01580810546875,46.5748291015625,46.44097900390625,141
2025-07-17T21:01:19.086686,2,1,"[0, 1, 2, 3, 4, 5, 6, 7]",93.01580810546875,46.05963134765625,46.9561767578125,143,93.01580810546875,46.5748291015625,46.44097900390625,141
2025-07-17T21:01:19.094178,3,1,"[0, 1, 2, 3, 4, 5, 6, 7]",93.01580810546875,46.05963134765625,46.9561767578125,143,93.01580810546875,46.5748291015625,46.44097900390625,141
2025-07-17T21:01:19.101304,4,1,"[0, 1, 2, 3, 4, 5, 6, 7]",93.01580810546875,46.05963134765625,46.9561767578125,143,93.01580810546875,46.5748291015625,46.44097900390625,141
2025-07-17T21:01:19.108009,0,2,"[0, 1, 2, 3, 4, 5, 6, 7]",93.01580810546875,46.05963134765625,46.9561767578125,143,93.01580810546875,46.5748291015625,46.44097900390625,141
2025-07-17T21:01:19.115569,1,2,"[0, 1, 2, 3, 4, 5, 6, 7]",93.01580810546875,46.05963134765625,46.9561767578125,143,93.01580810546875,46.5748291015625,46.44097900390625,141
2025-07-17T21:01:19.127812,2,2,"[0, 1, 2, 3, 4, 5, 6, 7]",93.01580810546875,46.05963134765625,46.9561767578125,143,93.01580810546875,46.5748291015625,46.44097900390625,141
2025-07-17T21:01:19.130436,3,2,"[0, 1, 2, 3, 4, 5, 6, 7]",93.01580810546875,46.05963134765625,46.9561767578125,143,93.01580810546875,46.5748291015625,46.44097900390625,141
2025-07-17T21:01:19.136419,4,2,"[0, 1, 2, 3, 4, 5, 6, 7]",93.01580810546875,46.05963134765625,46.9561767578125,143,93.01580810546875,46.5748291015625,46.44097900390625,141
2025-07-17T21:01:19.148107,0,3,"[0, 1, 2, 3, 4, 5, 6, 7]",93.01580810546875,46.05963134765625,46.9561767578125,143,93.01580810546875,46.5748291015625,46.44097900390625,141
2025-07-17T21:01:19.150144,1,3,"[0, 1, 2, 3, 4, 5, 6, 7]",93.01580810546875,46.05963134765625,46.9561767578125,143,93.01580810546875,46.5748291015625,46.44097900390625,141
2025-07-17T21:01:19.156730,2,3,"[0, 1, 2, 3, 4, 5, 6, 7]",93.01580810546875,46.05963134765625,46.9561767578125,143,93.01580810546875,46.5748291015625,46.44097900390625,141
2025-07-17T21:01:19.163176,3,3,"[0, 1, 2, 3, 4, 5, 6, 7]",93.01580810546875,46.05963134765625,46.9561767578125,143,93.01580810546875,46.5748291015625,46.44097900390625,141
2025-07-17T21:01:19.170042,4,3,"[0, 1, 2, 3, 4, 5, 6, 7]",93.01580810546875,46.05963134765625,46.9561767578125,143,93.01580810546875,46.5748291015625,46.44097900390625,141
2025-07-17T21:01:19.176667,0,4,"[0, 1, 2, 3, 4, 5, 6, 7]",93.01580810546875,46.05963134765625,46.9561767578125,143,93.01580810546875,46.5748291015625,46.44097900390625,141
2025-07-17T21:01:19.184925,1,4,"[0, 1, 2, 3, 4, 5, 6, 7]",93.01580810546875,46.05963134765625,46.9561767578125,143,93.01580810546875,46.5748291015625,46.44097900390625,141
2025-07-17T21:01:19.191742,2,4,"[0, 1, 2, 3, 4, 5, 6, 7]",93.01580810546875,46.05963134765625,46.9561767578125,143,93.01580810546875,46.5748291015625,46.44097900390625,141
2025-07-17T21:01:19.198997,3,4,"[0, 1, 2, 3, 4, 5, 6, 7]",93.01580810546875,46.05963134765625,46.9561767578125,143,93.01580810546875,46.5748291015625,46.44097900390625,141
2025-07-17T21:01:19.206392,4,4,"[0, 1, 2, 3, 4, 5, 6, 7]",93.01580810546875,46.05963134765625,46.9561767578125,143,93.01580810546875,46.5748291015625,46.44097900390625,141
2025-07-17T21:01:19.213048,0,5,"[0, 1, 2, 3, 4, 5, 6, 7]",93.01580810546875,46.05963134765625,46.9561767578125,143,93.01580810546875,46.5748291015625,46.44097900390625,141
2025-07-17T21:01:19.220415,1,5,"[0, 1, 2, 3, 4, 5, 6, 7]",93.01580810546875,46.05963134765625,46.9561767578125,143,93.01580810546875,46.5748291015625,46.44097900390625,141
2025-07-17T21:01:19.226490,2,5,"[0, 1, 2, 3, 4, 5, 6, 7]",93.01580810546875,46.05963134765625,46.9561767578125,143,93.01580810546875,46.5748291015625,46.44097900390625,141
2025-07-17T21:01:19.233744,3,5,"[0, 1, 2, 3, 4, 5, 6, 7]",93.01580810546875,46.05963134765625,46.9561767578125,143,93.01580810546875,46.5748291015625,46.44097900390625,141
2025-07-17T21:01:19.240420,4,5,"[0, 1, 2, 3, 4, 5, 6, 7]",93.01580810546875,46.05963134765625,46.9561767578125,143,93.01580810546875,46.5748291015625,46.44097900390625,141
2025-07-17T21:01:19.247743,0,6,"[0, 1, 2, 3, 4, 5, 6, 7]",93.01580810546875,46.05963134765625,46.9561767578125,143,93.01580810546875,46.5748291015625,46.44097900390625,141
2025-07-17T21:01:19.260624,1,6,"[0, 1, 2, 4, 5, 6, 7]",93.01580810546875,46.05963134765625,46.9561767578125,143,93.01580810546875,46.5748291015625,46.44097900390625,141
2025-07-17T21:01:19.262551,2,6,"[0, 1, 2, 3, 4, 5, 6, 7]",93.01580810546875,46.05963134765625,46.9561767578125,143,93.01580810546875,46.5748291015625,46.44097900390625,141
2025-07-17T21:01:19.269065,3,6,"[0, 1, 2, 4, 5, 6, 7]",93.01580810546875,46.05963134765625,46.9561767578125,143,93.01580810546875,46.5748291015625,46.44097900390625,141
2025-07-17T21:01:19.275563,4,6,"[0, 1, 2, 4, 5, 6, 7]",93.01580810546875,46.05963134765625,46.9561767578125,143,93.01580810546875,46.5748291015625,46.44097900390625,141
2025-07-17T21:01:19.282822,0,7,"[0, 1, 2, 3, 4, 5, 6, 7]",93.01580810546875,46.05963134765625,46.9561767578125,143,93.01580810546875,46.5748291015625,46.44097900390625,141
2025-07-17T21:01:19.289216,1,7,"[0, 1, 2, 4, 5, 6, 7]",93.01580810546875,46.05963134765625,46.9561767578125,143,93.01580810546875,46.5748291015625,46.44097900390625,141
2025-07-17T21:01:19.296991,2,7,"[0, 1, 2, 3, 4, 5, 6, 7]",93.01580810546875,46.05963134765625,46.9561767578125,143,93.01580810546875,46.5748291015625,46.44097900390625,141
2025-07-17T21:01:19.305600,3,7,"[0, 1, 2, 4, 5, 6, 7]",93.01580810546875,46.05963134765625,46.9561767578125,143,93.01580810546875,46.5748291015625,46.44097900390625,141
2025-07-17T21:01:19.313727,4,7,"[0, 1, 2, 4, 5, 6, 7]",93.01580810546875,46.05963134765625,46.9561767578125,143,93.01580810546875,46.5748291015625,46.44097900390625,141
2025-07-17T21:01:19.325231,0,8,"[0, 1, 2, 3, 4, 5, 6, 7]",93.01580810546875,46.05963134765625,46.9561767578125,143,93.01580810546875,46.5748291015625,46.44097900390625,141
2025-07-17T21:01:19.327729,1,8,"[0, 1, 2, 3, 4, 5, 6, 7]",93.01580810546875,46.05963134765625,46.9561767578125,143,93.01580810546875,46.5748291015625,46.44097900390625,141
2025-07-17T21:01:19.335290,2,8,"[0, 1, 2, 3, 4, 5, 6, 7]",93.01580810546875,46.05963134765625,46.9561767578125,143,93.01580810546875,46.5748291015625,46.44097900390625,141
2025-07-17T21:01:19.341691,3,8,"[0, 1, 2, 3, 4, 5, 6, 7]",93.01580810546875,46.05963134765625,46.9561767578125,143,93.01580810546875,46.5748291015625,46.44097900390625,141
2025-07-17T21:01:19.353134,4,8,"[0, 1, 2, 3, 4, 5, 6, 7]",93.01580810546875,46.05963134765625,46.9561767578125,143,93.01580810546875,46.5748291015625,46.44097900390625,141
2025-07-17T21:01:19.355036,0,9,"[0, 1, 2, 3, 4, 5, 6, 7]",93.01580810546875,46.05963134765625,46.9561767578125,143,93.01580810546875,46.5748291015625,46.44097900390625,141
2025-07-17T21:01:19.362209,1,9,"[0, 1, 2, 4, 5, 6, 7]",93.01580810546875,46.05963134765625,46.9561767578125,143,93.01580810546875,46.5748291015625,46.44097900390625,141
2025-07-17T21:01:19.369901,2,9,"[0, 1, 2, 3, 4, 5, 6, 7]",93.01580810546875,46.05963134765625,46.9561767578125,143,93.01580810546875,46.5748291015625,46.44097900390625,141
2025-07-17T21:01:19.375906,3,9,"[0, 1, 2, 4, 5, 6, 7]",93.01580810546875,46.05963134765625,46.9561767578125,143,93.01580810546875,46.5748291015625,46.44097900390625,141
2025-07-17T21:01:19.383627,4,9,"[0, 1, 2, 4, 5, 6, 7]",93.01580810546875,46.05963134765625,46.9561767578125,143,93.01580810546875,46.5748291015625,46.44097900390625,141
2025-07-17T21:01:19.390332,0,10,"[0, 1, 2, 3, 4, 5, 6, 7]",93.01580810546875,46.05963134765625,46.9561767578125,143,93.01580810546875,46.5748291015625,46.44097900390625,141
2025-07-17T21:01:19.398549,1,10,"[0, 1, 2, 3, 4, 5, 6, 7]",93.01580810546875,46.05963134765625,46.9561767578125,143,93.01580810546875,46.5748291015625,46.44097900390625,141
2025-07-17T21:01:19.411421,2,10,"[0, 1, 2, 3, 4, 5, 6, 7]",93.01580810546875,46.05963134765625,46.9561767578125,143,93.01580810546875,46.5748291015625,46.44097900390625,141
2025-07-17T21:01:19.413435,3,10,"[0, 1, 2, 3, 4, 5, 6, 7]",93.01580810546875,46.05963134765625,46.9561767578125,143,93.01580810546875,46.5748291015625,46.44097900390625,141
2025-07-17T21:01:19.421021,4,10,"[0, 1, 2, 3, 4, 5, 6, 7]",93.01580810546875,46.05963134765625,46.9561767578125,143,93.01580810546875,46.5748291015625,46.44097900390625,141
2025-07-17T21:01:19.433446,0,11,"[0, 1, 2, 4, 5, 6, 7]",93.01580810546875,46.05963134765625,46.9561767578125,143,93.01580810546875,46.5748291015625,46.44097900390625,141
2025-07-17T21:01:19.435433,1,11,"[0, 1, 2, 3, 4, 5, 6, 7]",93.01580810546875,46.05963134765625,46.9561767578125,143,93.01580810546875,46.5748291015625,46.44097900390625,141
2025-07-17T21:01:19.442572,2,11,"[0, 1, 2, 3, 4, 5, 6, 7]",93.01580810546875,46.05963134765625,46.9561767578125,143,93.01580810546875,46.5748291015625,46.44097900390625,141
2025-07-17T21:01:19.449222,3,11,"[0, 1, 2, 3, 4, 5, 6, 7]",93.01580810546875,46.05963134765625,46.9561767578125,143,93.01580810546875,46.5748291015625,46.44097900390625,141
2025-07-17T21:01:19.455653,4,11,"[0, 1, 2, 3, 4, 5, 6, 7]",93.01580810546875,46.05963134765625,46.9561767578125,143,93.01580810546875,46.5748291015625,46.44097900390625,141
2025-07-17T21:01:19.461954,0,12,"[0, 1, 2, 3, 4, 5, 6, 7]",93.01580810546875,46.05963134765625,46.9561767578125,143,93.01580810546875,46.5748291015625,46.44097900390625,141
2025-07-17T21:01:19.468154,1,12,"[0, 1, 2, 3, 4, 5, 6]",93.01580810546875,46.05963134765625,46.9561767578125,143,93.01580810546875,46.5748291015625,46.44097900390625,141
2025-07-17T21:01:19.474850,2,12,"[0, 1, 2, 3, 4, 5, 6, 7]",93.01580810546875,46.05963134765625,46.9561767578125,143,93.01580810546875,46.5748291015625,46.44097900390625,141
2025-07-17T21:01:19.487985,3,12,"[0, 1, 2, 3, 4, 5, 6]",93.01580810546875,46.05963134765625,46.9561767578125,143,93.01580810546875,46.5748291015625,46.44097900390625,141
2025-07-17T21:01:19.490005,4,12,"[0, 1, 2, 3, 4, 5, 6]",93.01580810546875,46.05963134765625,46.9561767578125,143,93.01580810546875,46.5748291015625,46.44097900390625,141
2025-07-17T21:01:19.498413,0,13,"[0, 1, 2, 3, 4, 5, 6, 7]",93.01580810546875,46.05963134765625,46.9561767578125,143,93.01580810546875,46.5748291015625,46.44097900390625,141
2025-07-17T21:01:19.510637,1,13,"[0, 1, 2, 3, 4, 5, 6, 7]",93.01580810546875,46.05963134765625,46.9561767578125,143,93.01580810546875,46.5748291015625,46.44097900390625,141
2025-07-17T21:01:19.512820,2,13,"[0, 1, 2, 3, 4, 5, 6, 7]",93.01580810546875,46.05963134765625,46.9561767578125,143,93.01580810546875,46.5748291015625,46.44097900390625,141
2025-07-17T21:01:19.520418,3,13,"[0, 1, 2, 3, 4, 5, 6, 7]",93.01580810546875,46.05963134765625,46.9561767578125,143,93.01580810546875,46.5748291015625,46.44097900390625,141
2025-07-17T21:01:19.527586,4,13,"[0, 1, 2, 3, 4, 5, 6, 7]",93.01580810546875,46.05963134765625,46.9561767578125,143,93.01580810546875,46.5748291015625,46.44097900390625,141
2025-07-17T21:01:19.533356,0,14,"[0, 1, 2, 3, 4, 5, 6, 7]",93.01580810546875,46.05963134765625,46.9561767578125,143,93.01580810546875,46.5748291015625,46.44097900390625,141
2025-07-17T21:01:19.540128,1,14,"[0, 1, 2, 3, 4, 5, 6, 7]",93.01580810546875,46.05963134765625,46.9561767578125,143,93.01580810546875,46.5748291015625,46.44097900390625,141
2025-07-17T21:01:19.547585,2,14,"[0, 1, 2, 3, 4, 5, 6, 7]",93.01580810546875,46.05963134765625,46.9561767578125,143,93.01580810546875,46.5748291015625,46.44097900390625,141
2025-07-17T21:01:19.559042,3,14,"[0, 1, 2, 3, 4, 5, 6, 7]",93.01580810546875,46.05963134765625,46.9561767578125,143,93.01580810546875,46.5748291015625,46.44097900390625,141
2025-07-17T21:01:19.561071,4,14,"[0, 1, 2, 3, 4, 5, 6, 7]",93.01580810546875,46.05963134765625,46.9561767578125,143,93.01580810546875,46.5748291015625,46.44097900390625,141
2025-07-17T21:01:19.568322,0,15,"[0, 1, 2, 3, 4, 5, 6, 7]",93.01580810546875,46.05963134765625,46.9561767578125,143,93.01580810546875,46.5748291015625,46.44097900390625,141
2025-07-17T21:01:19.576692,1,15,"[0, 1, 2, 3, 4, 5, 6, 7]",93.01580810546875,46.05963134765625,46.9561767578125,143,93.01580810546875,46.5748291015625,46.44097900390625,141
2025-07-17T21:01:19.582908,2,15,"[0, 1, 2, 3, 4, 5, 6, 7]",93.01580810546875,46.05963134765625,46.9561767578125,143,93.01580810546875,46.5748291015625,46.44097900390625,141
2025-07-17T21:01:19.588863,3,15,"[0, 1, 2, 3, 4, 5, 6, 7]",93.01580810546875,46.05963134765625,46.9561767578125,143,93.01580810546875,46.5748291015625,46.44097900390625,141
2025-07-17T21:01:19.594985,4,15,"[0, 1, 2, 3, 4, 5, 6, 7]",93.01580810546875,46.05963134765625,46.9561767578125,143,93.01580810546875,46.5748291015625,46.44097900390625,141
2025-07-17T21:01:19.602073,0,16,"[0, 1, 2, 3, 4, 5, 6, 7]",93.01580810546875,46.05963134765625,46.9561767578125,143,93.01580810546875,46.5748291015625,46.44097900390625,141
2025-07-17T21:01:19.608806,1,16,"[0, 1, 2, 3, 4, 5, 6, 7]",93.01580810546875,46.05963134765625,46.9561767578125,143,93.01580810546875,46.5748291015625,46.44097900390625,141
2025-07-17T21:01:19.615881,2,16,"[0, 1, 2, 3, 4, 5, 6, 7]",93.01580810546875,46.05963134765625,46.9561767578125,143,93.01580810546875,46.5748291015625,46.44097900390625,141
2025-07-17T21:01:19.622552,3,16,"[0, 1, 2, 3, 4, 5, 6, 7]",93.01580810546875,46.05963134765625,46.9561767578125,143,93.01580810546875,46.5748291015625,46.44097900390625,141
2025-07-17T21:01:19.628877,4,16,"[0, 1, 2, 3, 4, 5, 6, 7]",93.01580810546875,46.05963134765625,46.9561767578125,143,93.01580810546875,46.5748291015625,46.44097900390625,141
2025-07-17T21:01:19.641919,0,17,"[0, 1, 2, 3, 4, 5, 6, 7]",93.01580810546875,46.05963134765625,46.9561767578125,143,93.01580810546875,46.5748291015625,46.44097900390625,141
2025-07-17T21:01:19.643885,1,17,"[0, 1, 2, 4, 5, 6, 7]",93.01580810546875,46.05963134765625,46.9561767578125,143,93.01580810546875,46.5748291015625,46.44097900390625,141
2025-07-17T21:01:19.656478,2,17,"[0, 1, 2, 3, 4, 5, 6, 7]",93.01580810546875,46.05963134765625,46.9561767578125,143,93.01580810546875,46.5748291015625,46.44097900390625,141
2025-07-17T21:01:19.658566,3,17,"[0, 1, 2, 4, 5, 6, 7]",93.01580810546875,46.05963134765625,46.9561767578125,143,93.01580810546875,46.5748291015625,46.44097900390625,141
2025-07-17T21:01:19.665166,4,17,"[0, 1, 2, 4, 5, 6, 7]",93.01580810546875,46.05963134765625,46.9561767578125,143,93.01580810546875,46.5748291015625,46.44097900390625,141
2025-07-17T21:01:19.672136,0,18,"[0, 1, 2, 3, 4, 5, 6, 7]",93.01580810546875,46.05963134765625,46.9561767578125,143,93.01580810546875,46.5748291015625,46.44097900390625,141
2025-07-17T21:01:19.684620,1,18,"[0, 1, 2, 3, 4, 5, 6, 7]",93.01580810546875,46.05963134765625,46.9561767578125,143,93.01580810546875,46.5748291015625,46.44097900390625,141
2025-07-17T21:01:19.686634,2,18,"[0, 1, 2, 3, 4, 5, 6, 7]",93.01580810546875,46.05963134765625,46.9561767578125,143,93.01580810546875,46.5748291015625,46.44097900390625,141
2025-07-17T21:01:19.693310,3,18,"[0, 1, 2, 3, 4, 5, 6, 7]",93.01580810546875,46.05963134765625,46.9561767578125,143,93.01580810546875,46.5748291015625,46.44097900390625,141
2025-07-17T21:01:19.699642,4,18,"[0, 1, 2, 3, 4, 5, 6, 7]",93.01580810546875,46.05963134765625,46.9561767578125,143,93.01580810546875,46.5748291015625,46.44097900390625,141
2025-07-17T21:01:19.707154,0,19,"[0, 1, 2, 3, 4, 5, 6, 7]",93.01580810546875,46.05963134765625,46.9561767578125,143,93.01580810546875,46.5748291015625,46.44097900390625,141
2025-07-17T21:01:19.714045,1,19,"[0, 1, 2, 3, 4, 5, 6, 7]",93.01580810546875,46.05963134765625,46.9561767578125,143,93.01580810546875,46.5748291015625,46.44097900390625,141
2025-07-17T21:01:19.726261,2,19,"[0, 1, 2, 3, 4, 5, 6, 7]",93.01580810546875,46.05963134765625,46.9561767578125,143,93.01580810546875,46.5748291015625,46.44097900390625,141
2025-07-17T21:01:19.728230,3,19,"[0, 1, 2, 3, 4, 5, 6, 7]",93.01580810546875,46.05963134765625,46.9561767578125,143,93.01580810546875,46.5748291015625,46.44097900390625,141
2025-07-17T21:01:19.740689,4,19,"[0, 1, 2, 3, 4, 5, 6, 7]",93.01580810546875,46.05963134765625,46.9561767578125,143,93.01580810546875,46.5748291015625,46.44097900390625,141
2025-07-17T21:01:19.742857,0,20,"[0, 1, 2, 3, 4, 5, 6, 7]",93.01580810546875,46.05963134765625,46.9561767578125,143,93.01580810546875,46.5748291015625,46.44097900390625,141
2025-07-17T21:01:19.750268,1,20,"[0, 1, 2, 3, 4, 5, 6, 7]",93.01580810546875,46.05963134765625,46.9561767578125,143,93.01580810546875,46.5748291015625,46.44097900390625,141
2025-07-17T21:01:19.757437,2,20,"[0, 1, 2, 3, 4, 5, 6, 7]",93.01580810546875,46.05963134765625,46.9561767578125,143,93.01580810546875,46.5748291015625,46.44097900390625,141
2025-07-17T21:01:19.763967,3,20,"[0, 1, 2, 3, 4, 5, 6, 7]",93.01580810546875,46.05963134765625,46.9561767578125,143,93.01580810546875,46.5748291015625,46.44097900390625,141
2025-07-17T21:01:19.771296,4,20,"[0, 1, 2, 3, 4, 5, 6, 7]",93.01580810546875,46.05963134765625,46.9561767578125,143,93.01580810546875,46.5748291015625,46.44097900390625,141
2025-07-17T21:01:19.779405,0,21,"[0, 1, 2, 3, 4, 5, 6, 7]",93.01580810546875,46.05963134765625,46.9561767578125,143,93.01580810546875,46.5748291015625,46.44097900390625,141
2025-07-17T21:01:19.786136,1,21,"[0, 1, 2, 3, 4, 5, 6, 7]",93.01580810546875,46.05963134765625,46.9561767578125,143,93.01580810546875,46.5748291015625,46.44097900390625,141
2025-07-17T21:01:19.794402,2,21,"[0, 1, 2, 3, 4, 5, 6, 7]",93.01580810546875,46.05963134765625,46.9561767578125,143,93.01580810546875,46.5748291015625,46.44097900390625,141
2025-07-17T21:01:19.800360,3,21,"[0, 1, 2, 3, 4, 5, 6, 7]",93.01580810546875,46.05963134765625,46.9561767578125,143,93.01580810546875,46.5748291015625,46.44097900390625,141
2025-07-17T21:01:19.807231,4,21,"[0, 1, 2, 3, 4, 5, 6, 7]",93.01580810546875,46.05963134765625,46.9561767578125,143,93.01580810546875,46.5748291015625,46.44097900390625,141
2025-07-17T21:01:19.814583,0,22,"[0, 1, 2, 3, 4, 5, 6, 7]",93.01580810546875,46.05963134765625,46.9561767578125,143,93.01580810546875,46.5748291015625,46.44097900390625,141
2025-07-17T21:01:19.821531,1,22,"[1, 2, 3, 4, 5, 6, 7]",93.01580810546875,46.05963134765625,46.9561767578125,143,93.01580810546875,46.5748291015625,46.44097900390625,141
2025-07-17T21:01:19.828833,2,22,"[0, 1, 2, 3, 4, 5, 6, 7]",93.01580810546875,46.05963134765625,46.9561767578125,143,93.01580810546875,46.5748291015625,46.44097900390625,141
2025-07-17T21:01:19.835619,3,22,"[1, 2, 3, 4, 5, 6, 7]",93.01580810546875,46.05963134765625,46.9561767578125,143,93.01580810546875,46.5748291015625,46.44097900390625,141
2025-07-17T21:01:19.841671,4,22,"[1, 2, 3, 4, 5, 6, 7]",93.01580810546875,46.05963134765625,46.9561767578125,143,93.01580810546875,46.5748291015625,46.44097900390625,141
2025-07-17T21:01:19.848360,0,23,"[0, 1, 2, 3, 4, 5, 6, 7]",93.01580810546875,46.05963134765625,46.9561767578125,143,93.01580810546875,46.5748291015625,46.44097900390625,141
2025-07-17T21:01:19.855532,1,23,"[0, 1, 2, 3, 4, 5, 6, 7]",93.01580810546875,46.05963134765625,46.9561767578125,143,93.01580810546875,46.5748291015625,46.44097900390625,141
2025-07-17T21:01:19.863213,2,23,"[0, 1, 2, 3, 4, 5, 6, 7]",93.01580810546875,46.05963134765625,46.9561767578125,143,93.01580810546875,46.5748291015625,46.44097900390625,141
2025-07-17T21:01:19.869647,3,23,"[0, 1, 2, 3, 4, 5, 6, 7]",93.01580810546875,46.05963134765625,46.9561767578125,143,93.01580810546875,46.5748291015625,46.44097900390625,141
2025-07-17T21:01:19.875864,4,23,"[0, 1, 2, 3, 4, 5, 6, 7]",93.01580810546875,46.05963134765625,46.9561767578125,143,93.01580810546875,46.5748291015625,46.44097900390625,141
2025-07-17T21:01:19.882346,0,24,"[0, 1, 2, 3, 4, 5, 6, 7]",93.01580810546875,46.05963134765625,46.9561767578125,143,93.01580810546875,46.5748291015625,46.44097900390625,141
2025-07-17T21:01:19.890298,1,24,"[0, 1, 2, 3, 4, 5, 6, 7]",93.01580810546875,46.05963134765625,46.9561767578125,143,93.01580810546875,46.5748291015625,46.44097900390625,141
2025-07-17T21:01:19.897053,2,24,"[0, 1, 2, 3, 4, 5, 6, 7]",93.01580810546875,46.05963134765625,46.9561767578125,143,93.01580810546875,46.5748291015625,46.44097900390625,141
2025-07-17T21:01:19.903826,3,24,"[0, 1, 2, 3, 4, 5, 6, 7]",93.01580810546875,46.05963134765625,46.9561767578125,143,93.01580810546875,46.5748291015625,46.44097900390625,141
2025-07-17T21:01:19.910273,4,24,"[0, 1, 2, 3, 4, 5, 6, 7]",93.01580810546875,46.05963134765625,46.9561767578125,143,93.01580810546875,46.5748291015625,46.44097900390625,141
2025-07-17T21:01:19.917798,0,25,"[0, 1, 2, 3, 4, 5, 6, 7]",93.01580810546875,46.05963134765625,46.9561767578125,143,93.01580810546875,46.5748291015625,46.44097900390625,141
2025-07-17T21:01:19.925067,1,25,"[0, 1, 2, 3, 4, 6, 7]",93.01580810546875,46.05963134765625,46.9561767578125,143,93.01580810546875,46.5748291015625,46.44097900390625,141
2025-07-17T21:01:19.932457,2,25,"[0, 1, 2, 3, 4, 5, 6, 7]",93.01580810546875,46.05963134765625,46.9561767578125,143,93.01580810546875,46.5748291015625,46.44097900390625,141
2025-07-17T21:01:19.946736,3,25,"[0, 1, 2, 3, 4, 6, 7]",93.01580810546875,46.05963134765625,46.9561767578125,143,93.01580810546875,46.5748291015625,46.44097900390625,141
2025-07-17T21:01:19.948922,4,25,"[0, 1, 2, 3, 4, 6, 7]",93.01580810546875,46.05963134765625,46.9561767578125,143,93.01580810546875,46.5748291015625,46.44097900390625,141
2025-07-17T21:01:19.956843,0,26,"[0, 1, 2, 3, 4, 5, 6, 7]",93.01580810546875,46.05963134765625,46.9561767578125,143,93.01580810546875,46.5748291015625,46.44097900390625,141
2025-07-17T21:01:19.963641,1,26,"[0, 1, 2, 3, 4, 5, 6, 7]",93.01580810546875,46.05963134765625,46.9561767578125,143,93.01580810546875,46.5748291015625,46.44097900390625,141
2025-07-17T21:01:19.970278,2,26,"[0, 1, 2, 3, 4, 5, 6, 7]",93.01580810546875,46.05963134765625,46.9561767578125,143,93.01580810546875,46.5748291015625,46.44097900390625,141
2025-07-17T21:01:19.978230,3,26,"[0, 1, 2, 3, 4, 5, 6, 7]",93.01580810546875,46.05963134765625,46.9561767578125,143,93.01580810546875,46.5748291015625,46.44097900390625,141
2025-07-17T21:01:19.990583,4,26,"[0, 1, 2, 3, 4, 5, 6, 7]",93.01580810546875,46.05963134765625,46.9561767578125,143,93.01580810546875,46.5748291015625,46.44097900390625,141
2025-07-17T21:01:19.992376,0,27,"[0, 1, 2, 3, 4, 5, 6, 7]",93.01580810546875,46.05963134765625,46.9561767578125,143,93.01580810546875,46.5748291015625,46.44097900390625,141
2025-07-17T21:01:20.000216,1,27,"[0, 1, 2, 3, 4, 5, 6, 7]",93.01580810546875,46.05963134765625,46.9561767578125,143,93.01580810546875,46.5748291015625,46.44097900390625,141
2025-07-17T21:01:20.007183,2,27,"[0, 1, 2, 3, 4, 5, 6, 7]",93.01580810546875,46.05963134765625,46.9561767578125,143,93.01580810546875,46.5748291015625,46.44097900390625,141
2025-07-17T21:01:20.015857,3,27,"[0, 1, 2, 3, 4, 5, 6, 7]",93.01580810546875,46.05963134765625,46.9561767578125,143,93.01580810546875,46.5748291015625,46.44097900390625,141
2025-07-17T21:01:20.021552,4,27,"[0, 1, 2, 3, 4, 5, 6, 7]",93.01580810546875,46.05963134765625,46.9561767578125,143,93.01580810546875,46.5748291015625,46.44097900390625,141
2025-07-17T21:01:20.028550,0,28,"[0, 1, 2, 3, 4, 5, 6, 7]",93.01580810546875,46.05963134765625,46.9561767578125,143,93.01580810546875,46.5748291015625,46.44097900390625,141
2025-07-17T21:01:20.042010,1,28,"[0, 1, 2, 3, 4, 5, 6, 7]",93.01580810546875,46.05963134765625,46.9561767578125,143,93.01580810546875,46.5748291015625,46.44097900390625,141
2025-07-17T21:01:20.044380,2,28,"[0, 1, 2, 3, 4, 5, 6, 7]",93.01580810546875,46.05963134765625,46.9561767578125,143,93.01580810546875,46.5748291015625,46.44097900390625,141
2025-07-17T21:01:20.052253,3,28,"[0, 1, 2, 3, 4, 5, 6, 7]",93.01580810546875,46.05963134765625,46.9561767578125,143,93.01580810546875,46.5748291015625,46.44097900390625,141
2025-07-17T21:01:20.059752,4,28,"[0, 1, 2, 3, 4, 5, 6, 7]",93.01580810546875,46.05963134765625,46.9561767578125,143,93.01580810546875,46.5748291015625,46.44097900390625,141
2025-07-17T21:01:20.071647,0,29,"[0, 1, 2, 3, 4, 5, 6, 7]",93.01580810546875,46.05963134765625,46.9561767578125,143,93.01580810546875,46.5748291015625,46.44097900390625,141
2025-07-17T21:01:20.079041,1,29,"[0, 1, 2, 3, 4, 5, 6, 7]",93.01580810546875,46.05963134765625,46.9561767578125,143,93.01580810546875,46.5748291015625,46.44097900390625,141
2025-07-17T21:01:20.086032,2,29,"[0, 1, 2, 3, 4, 5, 6, 7]",93.01580810546875,46.05963134765625,46.9561767578125,143,93.01580810546875,46.5748291015625,46.44097900390625,141
2025-07-17T21:01:20.093312,3,29,"[0, 1, 2, 3, 4, 5, 6, 7]",93.01580810546875,46.05963134765625,46.9561767578125,143,93.01580810546875,46.5748291015625,46.44097900390625,141
2025-07-17T21:01:20.100101,4,29,"[0, 1, 2, 3, 4, 5, 6, 7]",93.01580810546875,46.05963134765625,46.9561767578125,143,93.01580810546875,46.5748291015625,46.44097900390625,141
2025-07-17T21:01:20.107575,0,30,"[0, 1, 2, 3, 4, 5, 6, 7]",93.01580810546875,46.05963134765625,46.9561767578125,143,93.01580810546875,46.5748291015625,46.44097900390625,141
2025-07-17T21:01:20.114964,1,30,"[0, 1, 2, 3, 4, 5, 6, 7]",93.01580810546875,46.05963134765625,46.9561767578125,143,93.01580810546875,46.5748291015625,46.44097900390625,141
2025-07-17T21:01:20.121771,2,30,"[0, 1, 2, 3, 4, 5, 6, 7]",93.01580810546875,46.05963134765625,46.9561767578125,143,93.01580810546875,46.5748291015625,46.44097900390625,141
2025-07-17T21:01:20.128761,3,30,"[0, 1, 2, 3, 4, 5, 6, 7]",93.01580810546875,46.05963134765625,46.9561767578125,143,93.01580810546875,46.5748291015625,46.44097900390625,141
2025-07-17T21:01:20.135966,4,30,"[0, 1, 2, 3, 4, 5, 6, 7]",93.01580810546875,46.05963134765625,46.9561767578125,143,93.01580810546875,46.5748291015625,46.44097900390625,141
2025-07-17T21:01:20.143012,0,31,"[0, 1, 2, 3, 4, 5, 6, 7]",93.01580810546875,46.05963134765625,46.9561767578125,143,93.01580810546875,46.5748291015625,46.44097900390625,141
2025-07-17T21:01:20.152165,1,31,"[0, 1, 2, 3, 4, 5, 6, 7]",93.01580810546875,46.05963134765625,46.9561767578125,143,93.01580810546875,46.5748291015625,46.44097900390625,141
2025-07-17T21:01:20.160785,2,31,"[0, 1, 2, 3, 4, 5, 6, 7]",93.01580810546875,46.05963134765625,46.9561767578125,143,93.01580810546875,46.5748291015625,46.44097900390625,141
2025-07-17T21:01:20.169479,3,31,"[0, 1, 2, 3, 4, 5, 6, 7]",93.01580810546875,46.05963134765625,46.9561767578125,143,93.01580810546875,46.5748291015625,46.44097900390625,141
2025-07-17T21:01:20.172245,4,31,"[0, 1, 2, 3, 4, 5, 6, 7]",93.01580810546875,46.05963134765625,46.9561767578125,143,93.01580810546875,46.5748291015625,46.44097900390625,141
2025-07-17T21:01:20.187476,0,0,"[0, 1, 2, 3, 4, 5, 6, 7]",93.01580810546875,46.05963134765625,46.9561767578125,143,93.01580810546875,46.5748291015625,46.44097900390625,141
2025-07-17T21:01:20.191654,1,0,"[0, 1, 2, 3, 4, 5, 6, 7]",93.01580810546875,46.05963134765625,46.9561767578125,143,93.01580810546875,46.5748291015625,46.44097900390625,141
2025-07-17T21:01:20.199240,2,0,"[0, 1, 2, 3, 4, 5, 6, 7]",93.01580810546875,46.05963134765625,46.9561767578125,143,93.01580810546875,46.5748291015625,46.44097900390625,141
2025-07-17T21:01:20.207571,3,0,"[0, 1, 2, 3, 4, 5, 6, 7]",93.01580810546875,46.05963134765625,46.9561767578125,143,93.01580810546875,46.5748291015625,46.44097900390625,141
2025-07-17T21:01:20.215902,4,0,"[0, 1, 2, 3, 4, 5, 6, 7]",93.01580810546875,46.05963134765625,46.9561767578125,143,93.01580810546875,46.5748291015625,46.44097900390625,141
2025-07-17T21:01:20.222648,0,1,"[0, 1, 2, 3, 4, 5, 6, 7]",93.01580810546875,46.05963134765625,46.9561767578125,143,93.01580810546875,46.5748291015625,46.44097900390625,141
2025-07-17T21:01:20.229551,1,1,"[0, 1, 2, 3, 4, 5, 6, 7]",93.01580810546875,46.05963134765625,46.9561767578125,143,93.01580810546875,46.5748291015625,46.44097900390625,141
2025-07-17T21:01:20.236632,2,1,"[0, 1, 2, 3, 4, 5, 6, 7]",93.01580810546875,46.05963134765625,46.9561767578125,143,93.01580810546875,46.5748291015625,46.44097900390625,141
2025-07-17T21:01:20.243312,3,1,"[0, 1, 2, 3, 4, 5, 6, 7]",93.01580810546875,46.05963134765625,46.9561767578125,143,93.01580810546875,46.5748291015625,46.44097900390625,141
2025-07-17T21:01:20.249992,4,1,"[0, 1, 2, 3, 4, 5, 6, 7]",93.01580810546875,46.05963134765625,46.9561767578125,143,93.01580810546875,46.5748291015625,46.44097900390625,141
2025-07-17T21:01:20.257785,0,2,"[0, 1, 2, 3, 4, 5, 6, 7]",93.01580810546875,46.05963134765625,46.9561767578125,143,93.01580810546875,46.5748291015625,46.44097900390625,141
2025-07-17T21:01:20.264690,1,2,"[0, 1, 2, 3, 4, 5, 6, 7]",93.01580810546875,46.05963134765625,46.9561767578125,143,93.01580810546875,46.5748291015625,46.44097900390625,141
2025-07-17T21:01:20.271854,2,2,"[0, 1, 2, 3, 4, 5, 6, 7]",93.01580810546875,46.05963134765625,46.9561767578125,143,93.01580810546875,46.5748291015625,46.44097900390625,141
2025-07-17T21:01:20.278794,3,2,"[0, 1, 2, 3, 4, 5, 6, 7]",93.01580810546875,46.05963134765625,46.9561767578125,143,93.01580810546875,46.5748291015625,46.44097900390625,141
2025-07-17T21:01:20.285979,4,2,"[0, 1, 2, 3, 4, 5, 6, 7]",93.01580810546875,46.05963134765625,46.9561767578125,143,93.01580810546875,46.5748291015625,46.44097900390625,141
2025-07-17T21:01:20.292909,0,3,"[0, 1, 2, 3, 4, 5, 6, 7]",93.01580810546875,46.05963134765625,46.9561767578125,143,93.01580810546875,46.5748291015625,46.44097900390625,141
2025-07-17T21:01:20.300410,1,3,"[0, 1, 2, 3, 4, 5, 6, 7]",93.01580810546875,46.05963134765625,46.9561767578125,143,93.01580810546875,46.5748291015625,46.44097900390625,141
2025-07-17T21:01:20.308387,2,3,"[0, 1, 2, 3, 4, 5, 6, 7]",93.01580810546875,46.05963134765625,46.9561767578125,143,93.01580810546875,46.5748291015625,46.44097900390625,141
2025-07-17T21:01:20.315741,3,3,"[0, 1, 2, 3, 4, 5, 6, 7]",93.01580810546875,46.05963134765625,46.9561767578125,143,93.01580810546875,46.5748291015625,46.44097900390625,141
2025-07-17T21:01:20.323080,4,3,"[0, 1, 2, 3, 4, 5, 6, 7]",93.01580810546875,46.05963134765625,46.9561767578125,143,93.01580810546875,46.5748291015625,46.44097900390625,141
2025-07-17T21:01:20.329315,0,4,"[0, 1, 2, 3, 4, 5, 6, 7]",93.01580810546875,46.05963134765625,46.9561767578125,143,93.01580810546875,46.5748291015625,46.44097900390625,141
2025-07-17T21:01:20.336761,1,4,"[0, 1, 2, 3, 4, 5, 6, 7]",93.01580810546875,46.05963134765625,46.9561767578125,143,93.01580810546875,46.5748291015625,46.44097900390625,141
2025-07-17T21:01:20.343387,2,4,"[0, 1, 2, 3, 4, 5, 6, 7]",93.01580810546875,46.05963134765625,46.9561767578125,143,93.01580810546875,46.5748291015625,46.44097900390625,141
2025-07-17T21:01:20.351556,3,4,"[0, 1, 2, 3, 4, 5, 6, 7]",93.01580810546875,46.05963134765625,46.9561767578125,143,93.01580810546875,46.5748291015625,46.44097900390625,141
2025-07-17T21:01:20.358653,4,4,"[0, 1, 2, 3, 4, 5, 6, 7]",93.01580810546875,46.05963134765625,46.9561767578125,143,93.01580810546875,46.5748291015625,46.44097900390625,141
2025-07-17T21:01:20.371549,0,5,"[0, 1, 2, 3, 4, 5, 6, 7]",93.01580810546875,46.05963134765625,46.9561767578125,143,93.01580810546875,46.5748291015625,46.44097900390625,141
2025-07-17T21:01:20.373681,1,5,"[0, 1, 2, 3, 4, 5, 6, 7]",93.01580810546875,46.05963134765625,46.9561767578125,143,93.01580810546875,46.5748291015625,46.44097900390625,141
2025-07-17T21:01:20.380448,2,5,"[0, 1, 2, 4, 5, 6, 7]",93.01580810546875,46.05963134765625,46.9561767578125,143,93.01580810546875,46.5748291015625,46.44097900390625,141
2025-07-17T21:01:20.388424,3,5,"[0, 1, 2, 3, 4, 5, 6, 7]",93.01580810546875,46.05963134765625,46.9561767578125,143,93.01580810546875,46.5748291015625,46.44097900390625,141
2025-07-17T21:01:20.400970,4,5,"[0, 1, 2, 3, 4, 5, 6, 7]",93.01580810546875,46.05963134765625,46.9561767578125,143,93.01580810546875,46.5748291015625,46.44097900390625,141
2025-07-17T21:01:20.402816,0,6,"[0, 1, 2, 3, 4, 5, 6, 7]",93.01580810546875,46.05963134765625,46.9561767578125,143,93.01580810546875,46.5748291015625,46.44097900390625,141
2025-07-17T21:01:20.410638,1,6,"[0, 1, 2, 3, 4, 5, 6, 7]",93.01580810546875,46.05963134765625,46.9561767578125,143,93.01580810546875,46.5748291015625,46.44097900390625,141
2025-07-17T21:01:20.417718,2,6,"[0, 1, 2, 3, 4, 5, 6, 7]",93.01580810546875,46.05963134765625,46.9561767578125,143,93.01580810546875,46.5748291015625,46.44097900390625,141
2025-07-17T21:01:20.424714,3,6,"[0, 1, 2, 3, 4, 5, 6, 7]",93.01580810546875,46.05963134765625,46.9561767578125,143,93.01580810546875,46.5748291015625,46.44097900390625,141
2025-07-17T21:01:20.433145,4,6,"[0, 1, 2, 3, 4, 5, 6, 7]",93.01580810546875,46.05963134765625,46.9561767578125,143,93.01580810546875,46.5748291015625,46.44097900390625,141
2025-07-17T21:01:20.439201,0,7,"[0, 1, 2, 3, 4, 5, 6, 7]",93.01580810546875,46.05963134765625,46.9561767578125,143,93.01580810546875,46.5748291015625,46.44097900390625,141
2025-07-17T21:01:20.451321,1,7,"[0, 1, 2, 3, 4, 5, 6, 7]",93.01580810546875,46.05963134765625,46.9561767578125,143,93.01580810546875,46.5748291015625,46.44097900390625,141
2025-07-17T21:01:20.453600,2,7,"[0, 1, 2, 3, 4, 5, 6, 7]",93.01580810546875,46.05963134765625,46.9561767578125,143,93.01580810546875,46.5748291015625,46.44097900390625,141
2025-07-17T21:01:20.465826,3,7,"[0, 1, 2, 3, 4, 5, 6, 7]",93.01580810546875,46.05963134765625,46.9561767578125,143,93.01580810546875,46.5748291015625,46.44097900390625,141
2025-07-17T21:01:20.468107,4,7,"[0, 1, 2, 3, 4, 5, 6, 7]",93.01580810546875,46.05963134765625,46.9561767578125,143,93.01580810546875,46.5748291015625,46.44097900390625,141
2025-07-17T21:01:20.481210,0,8,"[0, 1, 2, 3, 4, 5, 6, 7]",93.01580810546875,46.05963134765625,46.9561767578125,143,93.01580810546875,46.5748291015625,46.44097900390625,141
2025-07-17T21:01:20.488773,1,8,"[0, 1, 2, 3, 4, 5, 6, 7]",93.01580810546875,46.05963134765625,46.9561767578125,143,93.01580810546875,46.5748291015625,46.44097900390625,141
2025-07-17T21:01:20.490969,2,8,"[0, 1, 2, 3, 4, 5, 6, 7]",93.01580810546875,46.05963134765625,46.9561767578125,143,93.01580810546875,46.5748291015625,46.44097900390625,141
2025-07-17T21:01:20.498071,3,8,"[0, 1, 2, 3, 4, 5, 6, 7]",93.01580810546875,46.05963134765625,46.9561767578125,143,93.01580810546875,46.5748291015625,46.44097900390625,141
2025-07-17T21:01:20.504725,4,8,"[0, 1, 2, 3, 4, 5, 6, 7]",93.01580810546875,46.05963134765625,46.9561767578125,143,93.01580810546875,46.5748291015625,46.44097900390625,141
2025-07-17T21:01:20.511758,0,9,"[0, 1, 2, 3, 4, 5, 6, 7]",93.01580810546875,46.05963134765625,46.9561767578125,143,93.01580810546875,46.5748291015625,46.44097900390625,141
2025-07-17T21:01:20.519114,1,9,"[0, 1, 2, 3, 4, 5, 6, 7]",93.01580810546875,46.05963134765625,46.9561767578125,143,93.01580810546875,46.5748291015625,46.44097900390625,141
2025-07-17T21:01:20.526201,2,9,"[0, 1, 2, 3, 4, 5, 6, 7]",93.01580810546875,46.05963134765625,46.9561767578125,143,93.01580810546875,46.5748291015625,46.44097900390625,141
2025-07-17T21:01:20.533448,3,9,"[0, 1, 2, 3, 4, 5, 6, 7]",93.01580810546875,46.05963134765625,46.9561767578125,143,93.01580810546875,46.5748291015625,46.44097900390625,141
2025-07-17T21:01:20.540594,4,9,"[0, 1, 2, 3, 4, 5, 6, 7]",93.01580810546875,46.05963134765625,46.9561767578125,143,93.01580810546875,46.5748291015625,46.44097900390625,141
2025-07-17T21:01:20.547442,0,10,"[0, 1, 2, 3, 4, 5, 6, 7]",93.01580810546875,46.05963134765625,46.9561767578125,143,93.01580810546875,46.5748291015625,46.44097900390625,141
2025-07-17T21:01:20.559773,1,10,"[0, 1, 2, 3, 4, 5, 6, 7]",93.01580810546875,46.05963134765625,46.9561767578125,143,93.01580810546875,46.5748291015625,46.44097900390625,141
2025-07-17T21:01:20.561947,2,10,"[0, 1, 2, 3, 4, 5, 6, 7]",93.01580810546875,46.05963134765625,46.9561767578125,143,93.01580810546875,46.5748291015625,46.44097900390625,141
2025-07-17T21:01:20.568887,3,10,"[0, 1, 2, 3, 4, 5, 6, 7]",93.01580810546875,46.05963134765625,46.9561767578125,143,93.01580810546875,46.5748291015625,46.44097900390625,141
2025-07-17T21:01:20.575538,4,10,"[0, 1, 2, 3, 4, 5, 6, 7]",93.01580810546875,46.05963134765625,46.9561767578125,143,93.01580810546875,46.5748291015625,46.44097900390625,141
2025-07-17T21:01:20.582727,0,11,"[0, 1, 2, 3, 4, 5, 6, 7]",93.01580810546875,46.05963134765625,46.9561767578125,143,93.01580810546875,46.5748291015625,46.44097900390625,141
2025-07-17T21:01:20.590079,1,11,"[0, 1, 2, 3, 4, 5, 6, 7]",93.01580810546875,46.05963134765625,46.9561767578125,143,93.01580810546875,46.5748291015625,46.44097900390625,141
2025-07-17T21:01:20.597278,2,11,"[0, 1, 2, 3, 4, 5, 6, 7]",93.01580810546875,46.05963134765625,46.9561767578125,143,93.01580810546875,46.5748291015625,46.44097900390625,141
2025-07-17T21:01:20.604100,3,11,"[0, 1, 2, 3, 4, 5, 6, 7]",93.01580810546875,46.05963134765625,46.9561767578125,143,93.01580810546875,46.5748291015625,46.44097900390625,141
2025-07-17T21:01:20.610978,4,11,"[0, 1, 2, 3, 4, 5, 6, 7]",93.01580810546875,46.05963134765625,46.9561767578125,143,93.01580810546875,46.5748291015625,46.44097900390625,141
2025-07-17T21:01:20.617900,0,12,"[0, 1, 2, 3, 4, 5, 6, 7]",93.01580810546875,46.05963134765625,46.9561767578125,143,93.01580810546875,46.5748291015625,46.44097900390625,141
2025-07-17T21:01:20.625583,1,12,"[0, 1, 2, 3, 5, 6, 7]",93.01580810546875,46.05963134765625,46.9561767578125,143,93.01580810546875,46.5748291015625,46.44097900390625,141
2025-07-17T21:01:20.638061,2,12,"[0, 1, 2, 3, 4, 5, 6, 7]",93.01580810546875,46.05963134765625,46.9561767578125,143,93.01580810546875,46.5748291015625,46.44097900390625,141
2025-07-17T21:01:20.640109,3,12,"[0, 1, 2, 3, 5, 6, 7]",93.01580810546875,46.05963134765625,46.9561767578125,143,93.01580810546875,46.5748291015625,46.44097900390625,141
2025-07-17T21:01:20.647047,4,12,"[0, 1, 2, 3, 5, 6, 7]",93.01580810546875,46.05963134765625,46.9561767578125,143,93.01580810546875,46.5748291015625,46.44097900390625,141
2025-07-17T21:01:20.653940,0,13,"[0, 1, 2, 3, 4, 5, 6, 7]",93.01580810546875,46.05963134765625,46.9561767578125,143,93.01580810546875,46.5748291015625,46.44097900390625,141
2025-07-17T21:01:20.662279,1,13,"[0, 1, 2, 3, 4, 5, 6]",93.01580810546875,46.05963134765625,46.9561767578125,143,93.01580810546875,46.5748291015625,46.44097900390625,141
2025-07-17T21:01:20.668981,2,13,"[0, 1, 2, 3, 4, 5, 6, 7]",93.01580810546875,46.05963134765625,46.9561767578125,143,93.01580810546875,46.5748291015625,46.44097900390625,141
2025-07-17T21:01:20.676583,3,13,"[0, 1, 2, 3, 4, 5, 6]",93.01580810546875,46.05963134765625,46.9561767578125,143,93.01580810546875,46.5748291015625,46.44097900390625,141
2025-07-17T21:01:20.683206,4,13,"[0, 1, 2, 3, 4, 5, 6]",93.01580810546875,46.05963134765625,46.9561767578125,143,93.01580810546875,46.5748291015625,46.44097900390625,141
2025-07-17T21:01:20.690525,0,14,"[0, 1, 2, 3, 4, 5, 6, 7]",93.01580810546875,46.05963134765625,46.9561767578125,143,93.01580810546875,46.5748291015625,46.44097900390625,141
2025-07-17T21:01:20.698162,1,14,"[0, 1, 2, 3, 4, 5, 6, 7]",93.01580810546875,46.05963134765625,46.9561767578125,143,93.01580810546875,46.5748291015625,46.44097900390625,141
2025-07-17T21:01:20.711268,2,14,"[0, 1, 2, 3, 4, 5, 6, 7]",93.01580810546875,46.05963134765625,46.9561767578125,143,93.01580810546875,46.5748291015625,46.44097900390625,141
2025-07-17T21:01:20.713002,3,14,"[0, 1, 2, 3, 4, 5, 6, 7]",93.01580810546875,46.05963134765625,46.9561767578125,143,93.01580810546875,46.5748291015625,46.44097900390625,141
2025-07-17T21:01:20.720801,4,14,"[0, 1, 2, 3, 4, 5, 6, 7]",93.01580810546875,46.05963134765625,46.9561767578125,143,93.01580810546875,46.5748291015625,46.44097900390625,141
2025-07-17T21:01:20.727237,0,15,"[0, 1, 2, 3, 4, 5, 6, 7]",93.01580810546875,46.05963134765625,46.9561767578125,143,93.01580810546875,46.5748291015625,46.44097900390625,141
2025-07-17T21:01:20.734134,1,15,"[0, 1, 2, 3, 4, 5, 6]",93.01580810546875,46.05963134765625,46.9561767578125,143,93.01580810546875,46.5748291015625,46.44097900390625,141
2025-07-17T21:01:20.741208,2,15,"[0, 1, 2, 3, 4, 5, 6, 7]",93.01580810546875,46.05963134765625,46.9561767578125,143,93.01580810546875,46.5748291015625,46.44097900390625,141
2025-07-17T21:01:20.754031,3,15,"[0, 1, 2, 3, 4, 5, 6]",93.01580810546875,46.05963134765625,46.9561767578125,143,93.01580810546875,46.5748291015625,46.44097900390625,141
2025-07-17T21:01:20.755654,4,15,"[0, 1, 2, 3, 4, 5, 6]",93.01580810546875,46.05963134765625,46.9561767578125,143,93.01580810546875,46.5748291015625,46.44097900390625,141
2025-07-17T21:01:20.768807,0,16,"[0, 1, 2, 3, 4, 5, 6, 7]",93.01580810546875,46.05963134765625,46.9561767578125,143,93.01580810546875,46.5748291015625,46.44097900390625,141
2025-07-17T21:01:20.770406,1,16,"[0, 1, 2, 3, 4, 5, 6, 7]",93.01580810546875,46.05963134765625,46.9561767578125,143,93.01580810546875,46.5748291015625,46.44097900390625,141
2025-07-17T21:01:20.783706,2,16,"[0, 1, 2, 3, 4, 5, 6, 7]",93.01580810546875,46.05963134765625,46.9561767578125,143,93.01580810546875,46.5748291015625,46.44097900390625,141
2025-07-17T21:01:20.785598,3,16,"[0, 1, 2, 3, 4, 5, 6, 7]",93.01580810546875,46.05963134765625,46.9561767578125,143,93.01580810546875,46.5748291015625,46.44097900390625,141
2025-07-17T21:01:20.798182,4,16,"[0, 1, 2, 3, 4, 5, 6, 7]",93.01580810546875,46.05963134765625,46.9561767578125,143,93.01580810546875,46.5748291015625,46.44097900390625,141
2025-07-17T21:01:20.800086,0,17,"[0, 1, 2, 3, 4, 5, 6, 7]",93.01580810546875,46.05963134765625,46.9561767578125,143,93.01580810546875,46.5748291015625,46.44097900390625,141
2025-07-17T21:01:20.806604,1,17,"[1, 2, 3, 4, 5, 6, 7]",93.01580810546875,46.05963134765625,46.9561767578125,143,93.01580810546875,46.5748291015625,46.44097900390625,141
2025-07-17T21:01:20.813595,2,17,"[0, 1, 2, 3, 4, 5, 6, 7]",93.01580810546875,46.05963134765625,46.9561767578125,143,93.01580810546875,46.5748291015625,46.44097900390625,141
2025-07-17T21:01:20.820971,3,17,"[1, 2, 3, 4, 5, 6, 7]",93.01580810546875,46.05963134765625,46.9561767578125,143,93.01580810546875,46.5748291015625,46.44097900390625,141
2025-07-17T21:01:20.832453,4,17,"[1, 2, 3, 4, 5, 6, 7]",93.01580810546875,46.05963134765625,46.9561767578125,143,93.01580810546875,46.5748291015625,46.44097900390625,141
2025-07-17T21:01:20.839789,0,18,"[0, 1, 2, 3, 4, 5, 7]",93.01580810546875,46.05963134765625,46.9561767578125,143,93.01580810546875,46.5748291015625,46.44097900390625,141
2025-07-17T21:01:20.846478,1,18,"[0, 1, 3, 4, 5, 6, 7]",93.01580810546875,46.05963134765625,46.9561767578125,143,93.01580810546875,46.5748291015625,46.44097900390625,141
2025-07-17T21:01:20.853794,2,18,"[0, 1, 2, 3, 4, 5, 6, 7]",93.01580810546875,46.05963134765625,46.9561767578125,143,93.01580810546875,46.5748291015625,46.44097900390625,141
2025-07-17T21:01:20.861610,3,18,"[0, 1, 3, 4, 5, 6, 7]",93.01580810546875,46.05963134765625,46.9561767578125,143,93.01580810546875,46.5748291015625,46.44097900390625,141
2025-07-17T21:01:20.869028,4,18,"[0, 1, 3, 4, 5, 6, 7]",93.01580810546875,46.05963134765625,46.9561767578125,143,93.01580810546875,46.5748291015625,46.44097900390625,141
2025-07-17T21:01:20.876130,0,19,"[0, 1, 2, 3, 4, 5, 6, 7]",93.01580810546875,46.05963134765625,46.9561767578125,143,93.01580810546875,46.5748291015625,46.44097900390625,141
2025-07-17T21:01:20.884184,1,19,"[0, 1, 2, 3, 4, 5, 6, 7]",93.01580810546875,46.05963134765625,46.9561767578125,143,93.01580810546875,46.5748291015625,46.44097900390625,141
2025-07-17T21:01:20.891516,2,19,"[0, 1, 2, 3, 4, 5, 6, 7]",93.01580810546875,46.05963134765625,46.9561767578125,143,93.01580810546875,46.5748291015625,46.44097900390625,141
2025-07-17T21:01:20.898627,3,19,"[0, 1, 2, 3, 4, 5, 6, 7]",93.01580810546875,46.05963134765625,46.9561767578125,143,93.01580810546875,46.5748291015625,46.44097900390625,141
2025-07-17T21:01:20.905890,4,19,"[0, 1, 2, 3, 4, 5, 6, 7]",93.01580810546875,46.05963134765625,46.9561767578125,143,93.01580810546875,46.5748291015625,46.44097900390625,141
2025-07-17T21:01:20.913025,0,20,"[0, 1, 2, 3, 4, 5, 6, 7]",93.01580810546875,46.05963134765625,46.9561767578125,143,93.01580810546875,46.5748291015625,46.44097900390625,141
2025-07-17T21:01:20.919917,1,20,"[0, 1, 2, 3, 4, 5, 6, 7]",93.01580810546875,46.05963134765625,46.9561767578125,143,93.01580810546875,46.5748291015625,46.44097900390625,141
2025-07-17T21:01:20.926722,2,20,"[0, 1, 2, 3, 4, 5, 6, 7]",93.01580810546875,46.05963134765625,46.9561767578125,143,93.01580810546875,46.5748291015625,46.44097900390625,141
2025-07-17T21:01:20.933725,3,20,"[0, 1, 2, 3, 4, 5, 6, 7]",93.01580810546875,46.05963134765625,46.9561767578125,143,93.01580810546875,46.5748291015625,46.44097900390625,141
2025-07-17T21:01:20.940365,4,20,"[0, 1, 2, 3, 4, 5, 6, 7]",93.01580810546875,46.05963134765625,46.9561767578125,143,93.01580810546875,46.5748291015625,46.44097900390625,141
2025-07-17T21:01:20.946221,0,21,"[0, 1, 2, 3, 4, 5, 6, 7]",93.01580810546875,46.05963134765625,46.9561767578125,143,93.01580810546875,46.5748291015625,46.44097900390625,141
2025-07-17T21:01:20.957852,1,21,"[0, 1, 2, 3, 4, 5, 6, 7]",93.01580810546875,46.05963134765625,46.9561767578125,143,93.01580810546875,46.5748291015625,46.44097900390625,141
2025-07-17T21:01:20.964984,2,21,"[0, 1, 2, 3, 4, 5, 6, 7]",93.01580810546875,46.05963134765625,46.9561767578125,143,93.01580810546875,46.5748291015625,46.44097900390625,141
2025-07-17T21:01:20.972645,3,21,"[0, 1, 2, 3, 4, 5, 6, 7]",93.01580810546875,46.05963134765625,46.9561767578125,143,93.01580810546875,46.5748291015625,46.44097900390625,141
2025-07-17T21:01:20.975099,4,21,"[0, 1, 2, 3, 4, 5, 6, 7]",93.01580810546875,46.05963134765625,46.9561767578125,143,93.01580810546875,46.5748291015625,46.44097900390625,141
2025-07-17T21:01:20.986021,0,22,"[0, 1, 2, 3, 4, 5, 6, 7]",93.01580810546875,46.05963134765625,46.9561767578125,143,93.01580810546875,46.5748291015625,46.44097900390625,141
2025-07-17T21:01:20.993156,1,22,"[0, 1, 2, 3, 4, 5, 6, 7]",93.01580810546875,46.05963134765625,46.9561767578125,143,93.01580810546875,46.5748291015625,46.44097900390625,141
2025-07-17T21:01:21.001023,2,22,"[0, 1, 2, 3, 4, 5, 6, 7]",93.01580810546875,46.05963134765625,46.9561767578125,143,93.01580810546875,46.5748291015625,46.44097900390625,141
2025-07-17T21:01:21.008485,3,22,"[0, 1, 2, 3, 4, 5, 6, 7]",93.01580810546875,46.05963134765625,46.9561767578125,143,93.01580810546875,46.5748291015625,46.44097900390625,141
2025-07-17T21:01:21.015821,4,22,"[0, 1, 2, 3, 4, 5, 6, 7]",93.01580810546875,46.05963134765625,46.9561767578125,143,93.01580810546875,46.5748291015625,46.44097900390625,141
2025-07-17T21:01:21.022965,0,23,"[0, 1, 2, 3, 4, 5, 6, 7]",93.01580810546875,46.05963134765625,46.9561767578125,143,93.01580810546875,46.5748291015625,46.44097900390625,141
2025-07-17T21:01:21.030523,1,23,"[0, 1, 2, 3, 4, 5, 6, 7]",93.01580810546875,46.05963134765625,46.9561767578125,143,93.01580810546875,46.5748291015625,46.44097900390625,141
2025-07-17T21:01:21.038328,2,23,"[0, 1, 2, 3, 4, 5, 6, 7]",93.01580810546875,46.05963134765625,46.9561767578125,143,93.01580810546875,46.5748291015625,46.44097900390625,141
2025-07-17T21:01:21.045354,3,23,"[0, 1, 2, 3, 4, 5, 6, 7]",93.01580810546875,46.05963134765625,46.9561767578125,143,93.01580810546875,46.5748291015625,46.44097900390625,141
2025-07-17T21:01:21.052096,4,23,"[0, 1, 2, 3, 4, 5, 6, 7]",93.01580810546875,46.05963134765625,46.9561767578125,143,93.01580810546875,46.5748291015625,46.44097900390625,141
2025-07-17T21:01:21.058934,0,24,"[0, 1, 2, 3, 4, 5, 6, 7]",93.01580810546875,46.05963134765625,46.9561767578125,143,93.01580810546875,46.5748291015625,46.44097900390625,141
2025-07-17T21:01:21.066547,1,24,"[1, 3, 4, 5, 6, 7]",93.01580810546875,46.05963134765625,46.9561767578125,143,93.01580810546875,46.5748291015625,46.44097900390625,141
2025-07-17T21:01:21.069116,2,24,"[0, 1, 2, 3, 4, 5, 6, 7]",93.01580810546875,46.05963134765625,46.9561767578125,143,93.01580810546875,46.5748291015625,46.44097900390625,141
2025-07-17T21:01:21.081206,3,24,"[1, 3, 4, 5, 6, 7]",93.01580810546875,46.05963134765625,46.9561767578125,143,93.01580810546875,46.5748291015625,46.44097900390625,141
2025-07-17T21:01:21.083858,4,24,"[1, 3, 4, 5, 6, 7]",93.01580810546875,46.05963134765625,46.9561767578125,143,93.01580810546875,46.5748291015625,46.44097900390625,141
2025-07-17T21:01:21.091371,0,25,"[0, 1, 2, 3, 4, 5, 6, 7]",93.01580810546875,46.05963134765625,46.9561767578125,143,93.01580810546875,46.5748291015625,46.44097900390625,141
2025-07-17T21:01:21.098113,1,25,"[0, 1, 2, 3, 4, 5, 6, 7]",93.01580810546875,46.05963134765625,46.9561767578125,143,93.01580810546875,46.5748291015625,46.44097900390625,141
2025-07-17T21:01:21.104948,2,25,"[0, 1, 2, 3, 4, 5, 6, 7]",93.01580810546875,46.05963134765625,46.9561767578125,143,93.01580810546875,46.5748291015625,46.44097900390625,141
2025-07-17T21:01:21.112019,3,25,"[0, 1, 2, 3, 4, 5, 6, 7]",93.01580810546875,46.05963134765625,46.9561767578125,143,93.01580810546875,46.5748291015625,46.44097900390625,141
2025-07-17T21:01:21.126231,4,25,"[0, 1, 2, 3, 4, 5, 6, 7]",93.01580810546875,46.05963134765625,46.9561767578125,143,93.01580810546875,46.5748291015625,46.44097900390625,141
2025-07-17T21:01:21.128513,0,26,"[0, 1, 2, 3, 4, 5, 6, 7]",93.01580810546875,46.05963134765625,46.9561767578125,143,93.01580810546875,46.5748291015625,46.44097900390625,141
2025-07-17T21:01:21.140306,1,26,"[0, 1, 2, 3, 4, 5, 6, 7]",93.01580810546875,46.05963134765625,46.9561767578125,143,93.01580810546875,46.5748291015625,46.44097900390625,141
2025-07-17T21:01:21.141978,2,26,"[0, 1, 2, 3, 4, 5, 6, 7]",93.01580810546875,46.05963134765625,46.9561767578125,143,93.01580810546875,46.5748291015625,46.44097900390625,141
2025-07-17T21:01:21.155967,3,26,"[0, 1, 2, 3, 4, 5, 6, 7]",93.01580810546875,46.05963134765625,46.9561767578125,143,93.01580810546875,46.5748291015625,46.44097900390625,141
2025-07-17T21:01:21.157681,4,26,"[0, 1, 2, 3, 4, 5, 6, 7]",93.01580810546875,46.05963134765625,46.9561767578125,143,93.01580810546875,46.5748291015625,46.44097900390625,141
2025-07-17T21:01:21.171334,0,27,"[0, 1, 2, 3, 4, 5, 6, 7]",93.01580810546875,46.05963134765625,46.9561767578125,143,93.01580810546875,46.5748291015625,46.44097900390625,141
2025-07-17T21:01:21.174237,1,27,"[0, 1, 3, 4, 6, 7]",93.01580810546875,46.05963134765625,46.9561767578125,143,93.01580810546875,46.5748291015625,46.44097900390625,141
2025-07-17T21:01:21.180370,2,27,"[0, 1, 2, 3, 4, 5, 6, 7]",93.01580810546875,46.05963134765625,46.9561767578125,143,93.01580810546875,46.5748291015625,46.44097900390625,141
2025-07-17T21:01:21.187638,3,27,"[0, 1, 3, 4, 6, 7]",93.01580810546875,46.05963134765625,46.9561767578125,143,93.01580810546875,46.5748291015625,46.44097900390625,141
2025-07-17T21:01:21.199664,4,27,"[0, 1, 3, 4, 6, 7]",93.01580810546875,46.05963134765625,46.9561767578125,143,93.01580810546875,46.5748291015625,46.44097900390625,141
2025-07-17T21:01:21.201497,0,28,"[0, 1, 2, 3, 4, 5, 6, 7]",93.01580810546875,46.05963134765625,46.9561767578125,143,93.01580810546875,46.5748291015625,46.44097900390625,141
2025-07-17T21:01:21.208759,1,28,"[0, 1, 2, 3, 4, 5, 6, 7]",93.01580810546875,46.05963134765625,46.9561767578125,143,93.01580810546875,46.5748291015625,46.44097900390625,141
2025-07-17T21:01:21.214914,2,28,"[0, 1, 2, 3, 4, 5, 6, 7]",93.01580810546875,46.05963134765625,46.9561767578125,143,93.01580810546875,46.5748291015625,46.44097900390625,141
2025-07-17T21:01:21.223290,3,28,"[0, 1, 2, 3, 4, 5, 6, 7]",93.01580810546875,46.05963134765625,46.9561767578125,143,93.01580810546875,46.5748291015625,46.44097900390625,141
2025-07-17T21:01:21.229610,4,28,"[0, 1, 2, 3, 4, 5, 6, 7]",93.01580810546875,46.05963134765625,46.9561767578125,143,93.01580810546875,46.5748291015625,46.44097900390625,141
2025-07-17T21:01:21.241947,0,29,"[0, 1, 2, 3, 4, 5, 6, 7]",93.01580810546875,46.05963134765625,46.9561767578125,143,93.01580810546875,46.5748291015625,46.44097900390625,141
2025-07-17T21:01:21.243732,1,29,"[0, 1, 2, 3, 4, 5, 6, 7]",93.01580810546875,46.05963134765625,46.9561767578125,143,93.01580810546875,46.5748291015625,46.44097900390625,141
2025-07-17T21:01:21.250864,2,29,"[0, 1, 2, 3, 4, 5, 6, 7]",93.01580810546875,46.05963134765625,46.9561767578125,143,93.01580810546875,46.5748291015625,46.44097900390625,141
2025-07-17T21:01:21.261653,3,29,"[0, 1, 2, 3, 4, 5, 6, 7]",93.01580810546875,46.05963134765625,46.9561767578125,143,93.01580810546875,46.5748291015625,46.44097900390625,141
2025-07-17T21:01:21.269108,4,29,"[0, 1, 2, 3, 4, 5, 6, 7]",93.01580810546875,46.05963134765625,46.9561767578125,143,93.01580810546875,46.5748291015625,46.44097900390625,141
2025-07-17T21:01:21.275924,0,30,"[0, 1, 2, 3, 4, 5, 6, 7]",93.01580810546875,46.05963134765625,46.9561767578125,143,93.01580810546875,46.5748291015625,46.44097900390625,141
2025-07-17T21:01:21.284621,1,30,"[0, 1, 2, 3, 4, 5, 6, 7]",93.01580810546875,46.05963134765625,46.9561767578125,143,93.01580810546875,46.5748291015625,46.44097900390625,141
2025-07-17T21:01:21.286516,2,30,"[0, 1, 2, 3, 4, 5, 6, 7]",93.01580810546875,46.05963134765625,46.9561767578125,143,93.01580810546875,46.5748291015625,46.44097900390625,141
2025-07-17T21:01:21.293643,3,30,"[0, 1, 2, 3, 4, 5, 6, 7]",93.01580810546875,46.05963134765625,46.9561767578125,143,93.01580810546875,46.5748291015625,46.44097900390625,141
2025-07-17T21:01:21.301413,4,30,"[0, 1, 2, 3, 4, 5, 6, 7]",93.01580810546875,46.05963134765625,46.9561767578125,143,93.01580810546875,46.5748291015625,46.44097900390625,141
2025-07-17T21:01:21.308507,0,31,"[0, 1, 2, 3, 4, 5, 6, 7]",93.01580810546875,46.05963134765625,46.9561767578125,143,93.01580810546875,46.5748291015625,46.44097900390625,141
2025-07-17T21:01:21.321664,1,31,"[1, 2, 3, 4, 5, 6, 7]",93.01580810546875,46.05963134765625,46.9561767578125,143,93.01580810546875,46.5748291015625,46.44097900390625,141
2025-07-17T21:01:21.325373,2,31,"[0, 1, 2, 3, 4, 5, 6, 7]",93.01580810546875,46.05963134765625,46.9561767578125,143,93.01580810546875,46.5748291015625,46.44097900390625,141
2025-07-17T21:01:21.334228,3,31,"[1, 2, 3, 4, 5, 6, 7]",93.01580810546875,46.05963134765625,46.9561767578125,143,93.01580810546875,46.5748291015625,46.44097900390625,141
2025-07-17T21:01:21.341673,4,31,"[1, 2, 3, 4, 5, 6, 7]",93.01580810546875,46.05963134765625,46.9561767578125,143,93.01580810546875,46.5748291015625,46.44097900390625,141
2025-07-17T21:01:21.352378,0,0,"[0, 1, 2, 3, 4, 5, 6, 7]",93.01580810546875,46.05963134765625,46.9561767578125,143,93.01580810546875,46.5748291015625,46.44097900390625,141
2025-07-17T21:01:21.359905,1,0,"[0, 1, 2, 3, 5, 6, 7]",93.01580810546875,46.05963134765625,46.9561767578125,143,93.01580810546875,46.5748291015625,46.44097900390625,141
2025-07-17T21:01:21.367481,2,0,"[0, 1, 2, 3, 4, 5, 6, 7]",93.01580810546875,46.05963134765625,46.9561767578125,143,93.01580810546875,46.5748291015625,46.44097900390625,141
2025-07-17T21:01:21.374703,3,0,"[0, 1, 2, 3, 5, 6, 7]",93.01580810546875,46.05963134765625,46.9561767578125,143,93.01580810546875,46.5748291015625,46.44097900390625,141
2025-07-17T21:01:21.382300,4,0,"[0, 1, 2, 3, 5, 6, 7]",93.01580810546875,46.05963134765625,46.9561767578125,143,93.01580810546875,46.5748291015625,46.44097900390625,141
2025-07-17T21:01:21.388764,0,1,"[0, 1, 2, 4, 5, 6, 7]",93.01580810546875,46.05963134765625,46.9561767578125,143,93.01580810546875,46.5748291015625,46.44097900390625,141
2025-07-17T21:01:21.396310,1,1,"[0, 1, 2, 3, 4, 5, 6, 7]",93.01580810546875,46.05963134765625,46.9561767578125,143,93.01580810546875,46.5748291015625,46.44097900390625,141
2025-07-17T21:01:21.404016,2,1,"[0, 1, 2, 3, 4, 5, 6, 7]",93.01580810546875,46.05963134765625,46.9561767578125,143,93.01580810546875,46.5748291015625,46.44097900390625,141
2025-07-17T21:01:21.411363,3,1,"[0, 1, 2, 3, 4, 5, 6, 7]",93.01580810546875,46.05963134765625,46.9561767578125,143,93.01580810546875,46.5748291015625,46.44097900390625,141
2025-07-17T21:01:21.418685,4,1,"[0, 1, 2, 3, 4, 5, 6, 7]",93.01580810546875,46.05963134765625,46.9561767578125,143,93.01580810546875,46.5748291015625,46.44097900390625,141
2025-07-17T21:01:21.424878,0,2,"[0, 1, 2, 3, 4, 5, 6, 7]",93.01580810546875,46.05963134765625,46.9561767578125,143,93.01580810546875,46.5748291015625,46.44097900390625,141
2025-07-17T21:01:21.432932,1,2,"[0, 1, 2, 3, 4, 5, 6, 7]",93.01580810546875,46.05963134765625,46.9561767578125,143,93.01580810546875,46.5748291015625,46.44097900390625,141
2025-07-17T21:01:21.445761,2,2,"[0, 1, 2, 3, 4, 5, 6, 7]",93.01580810546875,46.05963134765625,46.9561767578125,143,93.01580810546875,46.5748291015625,46.44097900390625,141
2025-07-17T21:01:21.447674,3,2,"[0, 1, 2, 3, 4, 5, 6, 7]",93.01580810546875,46.05963134765625,46.9561767578125,143,93.01580810546875,46.5748291015625,46.44097900390625,141
2025-07-17T21:01:21.454235,4,2,"[0, 1, 2, 3, 4, 5, 6, 7]",93.01580810546875,46.05963134765625,46.9561767578125,143,93.01580810546875,46.5748291015625,46.44097900390625,141
2025-07-17T21:01:21.461240,0,3,"[0, 1, 2, 3, 4, 5, 6, 7]",93.01580810546875,46.05963134765625,46.9561767578125,143,93.01580810546875,46.5748291015625,46.44097900390625,141
2025-07-17T21:01:21.474240,1,3,"[0, 1, 2, 3, 4, 5, 6, 7]",93.01580810546875,46.05963134765625,46.9561767578125,143,93.01580810546875,46.5748291015625,46.44097900390625,141
2025-07-17T21:01:21.476299,2,3,"[0, 1, 2, 3, 4, 5, 6, 7]",93.01580810546875,46.05963134765625,46.9561767578125,143,93.01580810546875,46.5748291015625,46.44097900390625,141
2025-07-17T21:01:21.484242,3,3,"[0, 1, 2, 3, 4, 5, 6, 7]",93.01580810546875,46.05963134765625,46.9561767578125,143,93.01580810546875,46.5748291015625,46.44097900390625,141
2025-07-17T21:01:21.491160,4,3,"[0, 1, 2, 3, 4, 5, 6, 7]",93.01580810546875,46.05963134765625,46.9561767578125,143,93.01580810546875,46.5748291015625,46.44097900390625,141
2025-07-17T21:01:21.498855,0,4,"[0, 1, 2, 3, 4, 5, 6, 7]",93.01580810546875,46.05963134765625,46.9561767578125,143,93.01580810546875,46.5748291015625,46.44097900390625,141
2025-07-17T21:01:21.506250,1,4,"[0, 1, 3, 4, 5, 6, 7]",93.01580810546875,46.05963134765625,46.9561767578125,143,93.01580810546875,46.5748291015625,46.44097900390625,141
2025-07-17T21:01:21.512979,2,4,"[0, 1, 2, 3, 4, 5, 6, 7]",93.01580810546875,46.05963134765625,46.9561767578125,143,93.01580810546875,46.5748291015625,46.44097900390625,141
2025-07-17T21:01:21.519677,3,4,"[0, 1, 3, 4, 5, 6, 7]",93.01580810546875,46.05963134765625,46.9561767578125,143,93.01580810546875,46.5748291015625,46.44097900390625,141
2025-07-17T21:01:21.525793,4,4,"[0, 1, 3, 4, 5, 6, 7]",93.01580810546875,46.05963134765625,46.9561767578125,143,93.01580810546875,46.5748291015625,46.44097900390625,141
2025-07-17T21:01:21.532204,0,5,"[0, 1, 2, 3, 4, 5, 6, 7]",93.01580810546875,46.05963134765625,46.9561767578125,143,93.01580810546875,46.5748291015625,46.44097900390625,141
2025-07-17T21:01:21.539305,1,5,"[0, 1, 2, 3, 4, 5, 6, 7]",93.01580810546875,46.05963134765625,46.9561767578125,143,93.01580810546875,46.5748291015625,46.44097900390625,141
2025-07-17T21:01:21.551913,2,5,"[0, 1, 2, 3, 4, 5, 6, 7]",93.01580810546875,46.05963134765625,46.9561767578125,143,93.01580810546875,46.5748291015625,46.44097900390625,141
2025-07-17T21:01:21.553787,3,5,"[0, 1, 2, 3, 4, 5, 6, 7]",93.01580810546875,46.05963134765625,46.9561767578125,143,93.01580810546875,46.5748291015625,46.44097900390625,141
2025-07-17T21:01:21.560648,4,5,"[0, 1, 2, 3, 4, 5, 6, 7]",93.01580810546875,46.05963134765625,46.9561767578125,143,93.01580810546875,46.5748291015625,46.44097900390625,141
2025-07-17T21:01:21.567204,0,6,"[0, 1, 2, 3, 4, 5, 6, 7]",93.01580810546875,46.05963134765625,46.9561767578125,143,93.01580810546875,46.5748291015625,46.44097900390625,141
2025-07-17T21:01:21.574535,1,6,"[0, 1, 2, 3, 4, 5, 6, 7]",93.01580810546875,46.05963134765625,46.9561767578125,143,93.01580810546875,46.5748291015625,46.44097900390625,141
2025-07-17T21:01:21.587078,2,6,"[0, 1, 2, 3, 4, 5, 6, 7]",93.01580810546875,46.05963134765625,46.9561767578125,143,93.01580810546875,46.5748291015625,46.44097900390625,141
2025-07-17T21:01:21.589358,3,6,"[0, 1, 2, 3, 4, 5, 6, 7]",93.01580810546875,46.05963134765625,46.9561767578125,143,93.01580810546875,46.5748291015625,46.44097900390625,141
2025-07-17T21:01:21.601573,4,6,"[0, 1, 2, 3, 4, 5, 6, 7]",93.01580810546875,46.05963134765625,46.9561767578125,143,93.01580810546875,46.5748291015625,46.44097900390625,141
2025-07-17T21:01:21.603568,0,7,"[0, 1, 2, 3, 4, 5, 6, 7]",93.01580810546875,46.05963134765625,46.9561767578125,143,93.01580810546875,46.5748291015625,46.44097900390625,141
2025-07-17T21:01:21.609926,1,7,"[0, 1, 2, 3, 4, 5, 6, 7]",93.01580810546875,46.05963134765625,46.9561767578125,143,93.01580810546875,46.5748291015625,46.44097900390625,141
2025-07-17T21:01:21.617243,2,7,"[0, 1, 2, 3, 4, 5, 6, 7]",93.01580810546875,46.05963134765625,46.9561767578125,143,93.01580810546875,46.5748291015625,46.44097900390625,141
2025-07-17T21:01:21.623751,3,7,"[0, 1, 2, 3, 4, 5, 6, 7]",93.01580810546875,46.05963134765625,46.9561767578125,143,93.01580810546875,46.5748291015625,46.44097900390625,141
2025-07-17T21:01:21.631510,4,7,"[0, 1, 2, 3, 4, 5, 6, 7]",93.01580810546875,46.05963134765625,46.9561767578125,143,93.01580810546875,46.5748291015625,46.44097900390625,141
2025-07-17T21:01:21.643572,0,8,"[0, 1, 2, 3, 4, 5, 6, 7]",93.01580810546875,46.05963134765625,46.9561767578125,143,93.01580810546875,46.5748291015625,46.44097900390625,141
2025-07-17T21:01:21.645654,1,8,"[0, 1, 2, 3, 4, 5, 6, 7]",93.01580810546875,46.05963134765625,46.9561767578125,143,93.01580810546875,46.5748291015625,46.44097900390625,141
2025-07-17T21:01:21.658022,2,8,"[0, 1, 2, 3, 4, 5, 6, 7]",93.01580810546875,46.05963134765625,46.9561767578125,143,93.01580810546875,46.5748291015625,46.44097900390625,141
2025-07-17T21:01:21.665585,3,8,"[0, 1, 2, 3, 4, 5, 6, 7]",93.01580810546875,46.05963134765625,46.9561767578125,143,93.01580810546875,46.5748291015625,46.44097900390625,141
2025-07-17T21:01:21.667498,4,8,"[0, 1, 2, 3, 4, 5, 6, 7]",93.01580810546875,46.05963134765625,46.9561767578125,143,93.01580810546875,46.5748291015625,46.44097900390625,141
2025-07-17T21:01:21.674247,0,9,"[0, 1, 2, 3, 4, 5, 6, 7]",93.01580810546875,46.05963134765625,46.9561767578125,143,93.01580810546875,46.5748291015625,46.44097900390625,141
2025-07-17T21:01:21.682453,1,9,"[0, 1, 2, 3, 4, 5, 6, 7]",93.01580810546875,46.05963134765625,46.9561767578125,143,93.01580810546875,46.5748291015625,46.44097900390625,141
2025-07-17T21:01:21.689144,2,9,"[0, 1, 2, 3, 4, 5, 7]",93.01580810546875,46.05963134765625,46.9561767578125,143,93.01580810546875,46.5748291015625,46.44097900390625,141
2025-07-17T21:01:21.695406,3,9,"[0, 1, 2, 3, 4, 5, 6, 7]",93.01580810546875,46.05963134765625,46.9561767578125,143,93.01580810546875,46.5748291015625,46.44097900390625,141
2025-07-17T21:01:21.702594,4,9,"[0, 1, 2, 3, 4, 5, 6, 7]",93.01580810546875,46.05963134765625,46.9561767578125,143,93.01580810546875,46.5748291015625,46.44097900390625,141
2025-07-17T21:01:21.708881,0,10,"[0, 1, 2, 3, 4, 5, 6, 7]",93.01580810546875,46.05963134765625,46.9561767578125,143,93.01580810546875,46.5748291015625,46.44097900390625,141
2025-07-17T21:01:21.715344,1,10,"[0, 1, 2, 3, 4, 5, 7]",93.01580810546875,46.05963134765625,46.9561767578125,143,93.01580810546875,46.5748291015625,46.44097900390625,141
2025-07-17T21:01:21.728126,2,10,"[0, 1, 2, 3, 4, 5, 6, 7]",93.01580810546875,46.05963134765625,46.9561767578125,143,93.01580810546875,46.5748291015625,46.44097900390625,141
2025-07-17T21:01:21.735524,3,10,"[0, 1, 2, 3, 4, 5, 7]",93.01580810546875,46.05963134765625,46.9561767578125,143,93.01580810546875,46.5748291015625,46.44097900390625,141
2025-07-17T21:01:21.737557,4,10,"[0, 1, 2, 3, 4, 5, 7]",93.01580810546875,46.05963134765625,46.9561767578125,143,93.01580810546875,46.5748291015625,46.44097900390625,141
2025-07-17T21:01:21.750128,0,11,"[0, 1, 2, 4, 5, 6, 7]",93.01580810546875,46.05963134765625,46.9561767578125,143,93.01580810546875,46.5748291015625,46.44097900390625,141
2025-07-17T21:01:21.752200,1,11,"[0, 1, 2, 3, 4, 5, 6, 7]",93.01580810546875,46.05963134765625,46.9561767578125,143,93.01580810546875,46.5748291015625,46.44097900390625,141
2025-07-17T21:01:21.758407,2,11,"[0, 1, 2, 3, 4, 5, 6, 7]",93.01580810546875,46.05963134765625,46.9561767578125,143,93.01580810546875,46.5748291015625,46.44097900390625,141
2025-07-17T21:01:21.769831,3,11,"[0, 1, 2, 3, 4, 5, 6, 7]",93.01580810546875,46.05963134765625,46.9561767578125,143,93.01580810546875,46.5748291015625,46.44097900390625,141
2025-07-17T21:01:21.771912,4,11,"[0, 1, 2, 3, 4, 5, 6, 7]",93.01580810546875,46.05963134765625,46.9561767578125,143,93.01580810546875,46.5748291015625,46.44097900390625,141
2025-07-17T21:01:21.784361,0,12,"[0, 1, 2, 3, 4, 5, 6, 7]",93.01580810546875,46.05963134765625,46.9561767578125,143,93.01580810546875,46.5748291015625,46.44097900390625,141
2025-07-17T21:01:21.786372,1,12,"[0, 1, 2, 3, 4, 5, 6, 7]",93.01580810546875,46.05963134765625,46.9561767578125,143,93.01580810546875,46.5748291015625,46.44097900390625,141
2025-07-17T21:01:21.793188,2,12,"[0, 1, 2, 3, 4, 5, 6, 7]",93.01580810546875,46.05963134765625,46.9561767578125,143,93.01580810546875,46.5748291015625,46.44097900390625,141
2025-07-17T21:01:21.800381,3,12,"[0, 1, 2, 3, 4, 5, 6, 7]",93.01580810546875,46.05963134765625,46.9561767578125,143,93.01580810546875,46.5748291015625,46.44097900390625,141
2025-07-17T21:01:21.807433,4,12,"[0, 1, 2, 3, 4, 5, 6, 7]",93.01580810546875,46.05963134765625,46.9561767578125,143,93.01580810546875,46.5748291015625,46.44097900390625,141
2025-07-17T21:01:21.814319,0,13,"[0, 1, 2, 3, 4, 5, 6, 7]",93.01580810546875,46.05963134765625,46.9561767578125,143,93.01580810546875,46.5748291015625,46.44097900390625,141
2025-07-17T21:01:21.820809,1,13,"[0, 1, 2, 3, 4, 5, 6, 7]",93.01580810546875,46.05963134765625,46.9561767578125,143,93.01580810546875,46.5748291015625,46.44097900390625,141
2025-07-17T21:01:21.828302,2,13,"[0, 1, 2, 3, 4, 5, 6, 7]",93.01580810546875,46.05963134765625,46.9561767578125,143,93.01580810546875,46.5748291015625,46.44097900390625,141
2025-07-17T21:01:21.835772,3,13,"[0, 1, 2, 3, 4, 5, 6, 7]",93.01580810546875,46.05963134765625,46.9561767578125,143,93.01580810546875,46.5748291015625,46.44097900390625,141
2025-07-17T21:01:21.843373,4,13,"[0, 1, 2, 3, 4, 5, 6, 7]",93.01580810546875,46.05963134765625,46.9561767578125,143,93.01580810546875,46.5748291015625,46.44097900390625,141
2025-07-17T21:01:21.850636,0,14,"[0, 1, 2, 3, 4, 5, 6, 7]",93.01580810546875,46.05963134765625,46.9561767578125,143,93.01580810546875,46.5748291015625,46.44097900390625,141
2025-07-17T21:01:21.857050,1,14,"[0, 1, 2, 3, 4, 5, 6, 7]",93.01580810546875,46.05963134765625,46.9561767578125,143,93.01580810546875,46.5748291015625,46.44097900390625,141
2025-07-17T21:01:21.863964,2,14,"[0, 1, 2, 3, 4, 5, 6, 7]",93.01580810546875,46.05963134765625,46.9561767578125,143,93.01580810546875,46.5748291015625,46.44097900390625,141
2025-07-17T21:01:21.871054,3,14,"[0, 1, 2, 3, 4, 5, 6, 7]",93.01580810546875,46.05963134765625,46.9561767578125,143,93.01580810546875,46.5748291015625,46.44097900390625,141
2025-07-17T21:01:21.878718,4,14,"[0, 1, 2, 3, 4, 5, 6, 7]",93.01580810546875,46.05963134765625,46.9561767578125,143,93.01580810546875,46.5748291015625,46.44097900390625,141
2025-07-17T21:01:21.891262,0,15,"[0, 1, 2, 3, 4, 5, 6, 7]",93.01580810546875,46.05963134765625,46.9561767578125,143,93.01580810546875,46.5748291015625,46.44097900390625,141
2025-07-17T21:01:21.893264,1,15,"[0, 1, 2, 3, 4, 5, 6, 7]",93.01580810546875,46.05963134765625,46.9561767578125,143,93.01580810546875,46.5748291015625,46.44097900390625,141
2025-07-17T21:01:21.900337,2,15,"[0, 1, 2, 3, 4, 5, 6, 7]",93.01580810546875,46.05963134765625,46.9561767578125,143,93.01580810546875,46.5748291015625,46.44097900390625,141
2025-07-17T21:01:21.907842,3,15,"[0, 1, 2, 3, 4, 5, 6, 7]",93.01580810546875,46.05963134765625,46.9561767578125,143,93.01580810546875,46.5748291015625,46.44097900390625,141
2025-07-17T21:01:21.919794,4,15,"[0, 1, 2, 3, 4, 5, 6, 7]",93.01580810546875,46.05963134765625,46.9561767578125,143,93.01580810546875,46.5748291015625,46.44097900390625,141
2025-07-17T21:01:21.921857,0,16,"[0, 1, 2, 3, 4, 5, 6, 7]",93.01580810546875,46.05963134765625,46.9561767578125,143,93.01580810546875,46.5748291015625,46.44097900390625,141
2025-07-17T21:01:21.929113,1,16,"[0, 1, 2, 3, 4, 5, 6, 7]",93.01580810546875,46.05963134765625,46.9561767578125,143,93.01580810546875,46.5748291015625,46.44097900390625,141
2025-07-17T21:01:21.936586,2,16,"[0, 1, 2, 3, 4, 5, 6, 7]",93.01580810546875,46.05963134765625,46.9561767578125,143,93.01580810546875,46.5748291015625,46.44097900390625,141
2025-07-17T21:01:21.944200,3,16,"[0, 1, 2, 3, 4, 5, 6, 7]",93.01580810546875,46.05963134765625,46.9561767578125,143,93.01580810546875,46.5748291015625,46.44097900390625,141
2025-07-17T21:01:21.951696,4,16,"[0, 1, 2, 3, 4, 5, 6, 7]",93.01580810546875,46.05963134765625,46.9561767578125,143,93.01580810546875,46.5748291015625,46.44097900390625,141
2025-07-17T21:01:21.959785,0,17,"[0, 1, 2, 3, 4, 5, 6, 7]",93.01580810546875,46.05963134765625,46.9561767578125,143,93.01580810546875,46.5748291015625,46.44097900390625,141
2025-07-17T21:01:21.966415,1,17,"[0, 1, 2, 3, 4, 5, 6, 7]",93.01580810546875,46.05963134765625,46.9561767578125,143,93.01580810546875,46.5748291015625,46.44097900390625,141
2025-07-17T21:01:21.977743,2,17,"[0, 1, 2, 3, 4, 5, 6, 7]",93.01580810546875,46.05963134765625,46.9561767578125,143,93.01580810546875,46.5748291015625,46.44097900390625,141
2025-07-17T21:01:21.980190,3,17,"[0, 1, 2, 3, 4, 5, 6, 7]",93.01580810546875,46.05963134765625,46.9561767578125,143,93.01580810546875,46.5748291015625,46.44097900390625,141
2025-07-17T21:01:21.992688,4,17,"[0, 1, 2, 3, 4, 5, 6, 7]",93.01580810546875,46.05963134765625,46.9561767578125,143,93.01580810546875,46.5748291015625,46.44097900390625,141
2025-07-17T21:01:21.999400,0,18,"[0, 1, 2, 3, 4, 5, 6, 7]",93.01580810546875,46.05963134765625,46.9561767578125,143,93.01580810546875,46.5748291015625,46.44097900390625,141
2025-07-17T21:01:22.007102,1,18,"[0, 1, 2, 3, 4, 5, 6, 7]",93.01580810546875,46.05963134765625,46.9561767578125,143,93.01580810546875,46.5748291015625,46.44097900390625,141
2025-07-17T21:01:22.015700,2,18,"[0, 1, 2, 3, 4, 5, 6, 7]",93.01580810546875,46.05963134765625,46.9561767578125,143,93.01580810546875,46.5748291015625,46.44097900390625,141
2025-07-17T21:01:22.022862,3,18,"[0, 1, 2, 3, 4, 5, 6, 7]",93.01580810546875,46.05963134765625,46.9561767578125,143,93.01580810546875,46.5748291015625,46.44097900390625,141
2025-07-17T21:01:22.030051,4,18,"[0, 1, 2, 3, 4, 5, 6, 7]",93.01580810546875,46.05963134765625,46.9561767578125,143,93.01580810546875,46.5748291015625,46.44097900390625,141
2025-07-17T21:01:22.037009,0,19,"[0, 1, 2, 3, 4, 5, 6, 7]",93.01580810546875,46.05963134765625,46.9561767578125,143,93.01580810546875,46.5748291015625,46.44097900390625,141
2025-07-17T21:01:22.044440,1,19,"[0, 1, 2, 3, 4, 5, 6, 7]",93.01580810546875,46.05963134765625,46.9561767578125,143,93.01580810546875,46.5748291015625,46.44097900390625,141
2025-07-17T21:01:22.051363,2,19,"[0, 1, 2, 3, 4, 5, 6, 7]",93.01580810546875,46.05963134765625,46.9561767578125,143,93.01580810546875,46.5748291015625,46.44097900390625,141
2025-07-17T21:01:22.059440,3,19,"[0, 1, 2, 3, 4, 5, 6, 7]",93.01580810546875,46.05963134765625,46.9561767578125,143,93.01580810546875,46.5748291015625,46.44097900390625,141
2025-07-17T21:01:22.062947,4,19,"[0, 1, 2, 3, 4, 5, 6, 7]",93.01580810546875,46.05963134765625,46.9561767578125,143,93.01580810546875,46.5748291015625,46.44097900390625,141
2025-07-17T21:01:22.075847,0,20,"[0, 1, 2, 3, 4, 5, 6, 7]",93.01580810546875,46.05963134765625,46.9561767578125,143,93.01580810546875,46.5748291015625,46.44097900390625,141
2025-07-17T21:01:22.077871,1,20,"[0, 1, 2, 3, 4, 5, 6, 7]",93.01580810546875,46.05963134765625,46.9561767578125,143,93.01580810546875,46.5748291015625,46.44097900390625,141
2025-07-17T21:01:22.084990,2,20,"[0, 1, 2, 3, 4, 5, 6, 7]",93.01580810546875,46.05963134765625,46.9561767578125,143,93.01580810546875,46.5748291015625,46.44097900390625,141
2025-07-17T21:01:22.092139,3,20,"[0, 1, 2, 3, 4, 5, 6, 7]",93.01580810546875,46.05963134765625,46.9561767578125,143,93.01580810546875,46.5748291015625,46.44097900390625,141
2025-07-17T21:01:22.100636,4,20,"[0, 1, 2, 3, 4, 5, 6, 7]",93.01580810546875,46.05963134765625,46.9561767578125,143,93.01580810546875,46.5748291015625,46.44097900390625,141
2025-07-17T21:01:22.107279,0,21,"[0, 1, 2, 3, 4, 5, 6, 7]",93.01580810546875,46.05963134765625,46.9561767578125,143,93.01580810546875,46.5748291015625,46.44097900390625,141
2025-07-17T21:01:22.113974,1,21,"[0, 1, 2, 3, 4, 5, 7]",93.01580810546875,46.05963134765625,46.9561767578125,143,93.01580810546875,46.5748291015625,46.44097900390625,141
2025-07-17T21:01:22.120327,2,21,"[0, 1, 2, 3, 4, 5, 6, 7]",93.01580810546875,46.05963134765625,46.9561767578125,143,93.01580810546875,46.5748291015625,46.44097900390625,141
2025-07-17T21:01:22.131922,3,21,"[0, 1, 2, 3, 4, 5, 7]",93.01580810546875,46.05963134765625,46.9561767578125,143,93.01580810546875,46.5748291015625,46.44097900390625,141
2025-07-17T21:01:22.133693,4,21,"[0, 1, 2, 3, 4, 5, 7]",93.01580810546875,46.05963134765625,46.9561767578125,143,93.01580810546875,46.5748291015625,46.44097900390625,141
2025-07-17T21:01:22.141883,0,22,"[0, 1, 2, 3, 4, 5, 6, 7]",93.01580810546875,46.05963134765625,46.9561767578125,143,93.01580810546875,46.5748291015625,46.44097900390625,141
2025-07-17T21:01:22.148919,1,22,"[0, 1, 2, 3, 4, 5, 6, 7]",93.01580810546875,46.05963134765625,46.9561767578125,143,93.01580810546875,46.5748291015625,46.44097900390625,141
2025-07-17T21:01:22.156134,2,22,"[0, 1, 2, 3, 4, 5, 6, 7]",93.01580810546875,46.05963134765625,46.9561767578125,143,93.01580810546875,46.5748291015625,46.44097900390625,141
2025-07-17T21:01:22.164005,3,22,"[0, 1, 2, 3, 4, 5, 6, 7]",93.01580810546875,46.05963134765625,46.9561767578125,143,93.01580810546875,46.5748291015625,46.44097900390625,141
2025-07-17T21:01:22.170431,4,22,"[0, 1, 2, 3, 4, 5, 6, 7]",93.01580810546875,46.05963134765625,46.9561767578125,143,93.01580810546875,46.5748291015625,46.44097900390625,141
2025-07-17T21:01:22.177710,0,23,"[0, 1, 2, 3, 4, 5, 6, 7]",93.01580810546875,46.05963134765625,46.9561767578125,143,93.01580810546875,46.5748291015625,46.44097900390625,141
2025-07-17T21:01:22.184549,1,23,"[0, 1, 2, 3, 4, 5, 6]",93.01580810546875,46.05963134765625,46.9561767578125,143,93.01580810546875,46.5748291015625,46.44097900390625,141
2025-07-17T21:01:22.191748,2,23,"[0, 1, 2, 3, 4, 5, 6, 7]",93.01580810546875,46.05963134765625,46.9561767578125,143,93.01580810546875,46.5748291015625,46.44097900390625,141
2025-07-17T21:01:22.198394,3,23,"[0, 1, 2, 3, 4, 5, 6]",93.01580810546875,46.05963134765625,46.9561767578125,143,93.01580810546875,46.5748291015625,46.44097900390625,141
2025-07-17T21:01:22.204848,4,23,"[0, 1, 2, 3, 4, 5, 6]",93.01580810546875,46.05963134765625,46.9561767578125,143,93.01580810546875,46.5748291015625,46.44097900390625,141
2025-07-17T21:01:22.212383,0,24,"[0, 1, 2, 3, 4, 5, 6, 7]",93.01580810546875,46.05963134765625,46.9561767578125,143,93.01580810546875,46.5748291015625,46.44097900390625,141
2025-07-17T21:01:22.218594,1,24,"[0, 1, 2, 3, 4, 5, 6, 7]",93.01580810546875,46.05963134765625,46.9561767578125,143,93.01580810546875,46.5748291015625,46.44097900390625,141
2025-07-17T21:01:22.226481,2,24,"[0, 1, 2, 3, 4, 5, 6, 7]",93.01580810546875,46.05963134765625,46.9561767578125,143,93.01580810546875,46.5748291015625,46.44097900390625,141
2025-07-17T21:01:22.233432,3,24,"[0, 1, 2, 3, 4, 5, 6, 7]",93.01580810546875,46.05963134765625,46.9561767578125,143,93.01580810546875,46.5748291015625,46.44097900390625,141
2025-07-17T21:01:22.239828,4,24,"[0, 1, 2, 3, 4, 5, 6, 7]",93.01580810546875,46.05963134765625,46.9561767578125,143,93.01580810546875,46.5748291015625,46.44097900390625,141
2025-07-17T21:01:22.247963,0,25,"[0, 1, 2, 3, 4, 5, 6, 7]",93.01580810546875,46.05963134765625,46.9561767578125,143,93.01580810546875,46.5748291015625,46.44097900390625,141
2025-07-17T21:01:22.254792,1,25,"[0, 1, 2, 3, 4, 5, 6, 7]",93.01580810546875,46.05963134765625,46.9561767578125,143,93.01580810546875,46.5748291015625,46.44097900390625,141
2025-07-17T21:01:22.262539,2,25,"[0, 1, 2, 3, 4, 5, 6, 7]",93.01580810546875,46.05963134765625,46.9561767578125,143,93.01580810546875,46.5748291015625,46.44097900390625,141
2025-07-17T21:01:22.273947,3,25,"[0, 1, 2, 3, 4, 5, 6, 7]",93.01580810546875,46.05963134765625,46.9561767578125,143,93.01580810546875,46.5748291015625,46.44097900390625,141
2025-07-17T21:01:22.276063,4,25,"[0, 1, 2, 3, 4, 5, 6, 7]",93.01580810546875,46.05963134765625,46.9561767578125,143,93.01580810546875,46.5748291015625,46.44097900390625,141
2025-07-17T21:01:22.283363,0,26,"[0, 1, 2, 3, 4, 5, 6, 7]",93.01580810546875,46.05963134765625,46.9561767578125,143,93.01580810546875,46.5748291015625,46.44097900390625,141
2025-07-17T21:01:22.290723,1,26,"[0, 1, 2, 3, 4, 5, 6, 7]",93.01580810546875,46.05963134765625,46.9561767578125,143,93.01580810546875,46.5748291015625,46.44097900390625,141
2025-07-17T21:01:22.297058,2,26,"[0, 1, 2, 3, 4, 5, 6, 7]",93.01580810546875,46.05963134765625,46.9561767578125,143,93.01580810546875,46.5748291015625,46.44097900390625,141
2025-07-17T21:01:22.304523,3,26,"[0, 1, 2, 3, 4, 5, 6, 7]",93.01580810546875,46.05963134765625,46.9561767578125,143,93.01580810546875,46.5748291015625,46.44097900390625,141
2025-07-17T21:01:22.317650,4,26,"[0, 1, 2, 3, 4, 5, 6, 7]",93.01580810546875,46.05963134765625,46.9561767578125,143,93.01580810546875,46.5748291015625,46.44097900390625,141
2025-07-17T21:01:22.319713,0,27,"[0, 1, 2, 3, 4, 5, 6, 7]",93.01580810546875,46.05963134765625,46.9561767578125,143,93.01580810546875,46.5748291015625,46.44097900390625,141
2025-07-17T21:01:22.327225,1,27,"[0, 1, 2, 3, 4, 5, 6, 7]",93.01580810546875,46.05963134765625,46.9561767578125,143,93.01580810546875,46.5748291015625,46.44097900390625,141
2025-07-17T21:01:22.333961,2,27,"[0, 1, 2, 3, 4, 5, 6, 7]",93.01580810546875,46.05963134765625,46.9561767578125,143,93.01580810546875,46.5748291015625,46.44097900390625,141
2025-07-17T21:01:22.341185,3,27,"[0, 1, 2, 3, 4, 5, 6, 7]",93.01580810546875,46.05963134765625,46.9561767578125,143,93.01580810546875,46.5748291015625,46.44097900390625,141
2025-07-17T21:01:22.348291,4,27,"[0, 1, 2, 3, 4, 5, 6, 7]",93.01580810546875,46.05963134765625,46.9561767578125,143,93.01580810546875,46.5748291015625,46.44097900390625,141
2025-07-17T21:01:22.355175,0,28,"[0, 1, 2, 3, 4, 5, 6, 7]",93.01580810546875,46.05963134765625,46.9561767578125,143,93.01580810546875,46.5748291015625,46.44097900390625,141
2025-07-17T21:01:22.362241,1,28,"[0, 1, 2, 3, 4, 5, 6, 7]",93.01580810546875,46.05963134765625,46.9561767578125,143,93.01580810546875,46.5748291015625,46.44097900390625,141
2025-07-17T21:01:22.374769,2,28,"[0, 1, 2, 3, 4, 5, 6, 7]",93.01580810546875,46.05963134765625,46.9561767578125,143,93.01580810546875,46.5748291015625,46.44097900390625,141
2025-07-17T21:01:22.376904,3,28,"[0, 1, 2, 3, 4, 5, 6, 7]",93.01580810546875,46.05963134765625,46.9561767578125,143,93.01580810546875,46.5748291015625,46.44097900390625,141
2025-07-17T21:01:22.383839,4,28,"[0, 1, 2, 3, 4, 5, 6, 7]",93.01580810546875,46.05963134765625,46.9561767578125,143,93.01580810546875,46.5748291015625,46.44097900390625,141
2025-07-17T21:01:22.390107,0,29,"[0, 1, 2, 3, 4, 5, 6, 7]",93.01580810546875,46.05963134765625,46.9561767578125,143,93.01580810546875,46.5748291015625,46.44097900390625,141
2025-07-17T21:01:22.396667,1,29,"[0, 1, 2, 3, 4, 5, 6, 7]",93.01580810546875,46.05963134765625,46.9561767578125,143,93.01580810546875,46.5748291015625,46.44097900390625,141
2025-07-17T21:01:22.403961,2,29,"[0, 1, 2, 3, 4, 5, 6, 7]",93.01580810546875,46.05963134765625,46.9561767578125,143,93.01580810546875,46.5748291015625,46.44097900390625,141
2025-07-17T21:01:22.410448,3,29,"[0, 1, 2, 3, 4, 5, 6, 7]",93.01580810546875,46.05963134765625,46.9561767578125,143,93.01580810546875,46.5748291015625,46.44097900390625,141
2025-07-17T21:01:22.418071,4,29,"[0, 1, 2, 3, 4, 5, 6, 7]",93.01580810546875,46.05963134765625,46.9561767578125,143,93.01580810546875,46.5748291015625,46.44097900390625,141
2025-07-17T21:01:22.424928,0,30,"[0, 1, 2, 3, 4, 5, 6, 7]",93.01580810546875,46.05963134765625,46.9561767578125,143,93.01580810546875,46.5748291015625,46.44097900390625,141
2025-07-17T21:01:22.432371,1,30,"[0, 1, 2, 3, 4, 5, 6, 7]",93.01580810546875,46.05963134765625,46.9561767578125,143,93.01580810546875,46.5748291015625,46.44097900390625,141
2025-07-17T21:01:22.439160,2,30,"[0, 1, 2, 3, 4, 5, 6, 7]",93.01580810546875,46.05963134765625,46.9561767578125,143,93.01580810546875,46.5748291015625,46.44097900390625,141
2025-07-17T21:01:22.446799,3,30,"[0, 1, 2, 3, 4, 5, 6, 7]",93.01580810546875,46.05963134765625,46.9561767578125,143,93.01580810546875,46.5748291015625,46.44097900390625,141
2025-07-17T21:01:22.459212,4,30,"[0, 1, 2, 3, 4, 5, 6, 7]",93.01580810546875,46.05963134765625,46.9561767578125,143,93.01580810546875,46.5748291015625,46.44097900390625,141
2025-07-17T21:01:22.461358,0,31,"[0, 1, 2, 3, 4, 5, 6, 7]",93.01580810546875,46.05963134765625,46.9561767578125,143,93.01580810546875,46.5748291015625,46.44097900390625,141
2025-07-17T21:01:22.468512,1,31,"[0, 1, 2, 3, 4, 5, 6, 7]",93.01580810546875,46.05963134765625,46.9561767578125,143,93.01580810546875,46.5748291015625,46.44097900390625,141
2025-07-17T21:01:22.476848,2,31,"[0, 1, 2, 3, 4, 5, 6, 7]",93.01580810546875,46.05963134765625,46.9561767578125,143,93.01580810546875,46.5748291015625,46.44097900390625,141
2025-07-17T21:01:22.485490,3,31,"[0, 1, 2, 3, 4, 5, 6, 7]",93.01580810546875,46.05963134765625,46.9561767578125,143,93.01580810546875,46.5748291015625,46.44097900390625,141
2025-07-17T21:01:22.492948,4,31,"[0, 1, 2, 3, 4, 5, 6, 7]",93.01580810546875,46.05963134765625,46.9561767578125,143,93.01580810546875,46.5748291015625,46.44097900390625,141
2025-07-17T21:01:22.507670,0,0,"[0, 1, 2, 3, 4, 5, 6, 7]",93.01580810546875,46.05963134765625,46.9561767578125,143,93.01580810546875,46.5748291015625,46.44097900390625,141
2025-07-17T21:01:22.515221,1,0,"[0, 1, 2, 3, 4, 5, 6, 7]",93.01580810546875,46.05963134765625,46.9561767578125,143,93.01580810546875,46.5748291015625,46.44097900390625,141
2025-07-17T21:01:22.521818,2,0,"[0, 1, 2, 3, 4, 5, 6, 7]",93.01580810546875,46.05963134765625,46.9561767578125,143,93.01580810546875,46.5748291015625,46.44097900390625,141
2025-07-17T21:01:22.529252,3,0,"[0, 1, 2, 3, 4, 5, 6, 7]",93.01580810546875,46.05963134765625,46.9561767578125,143,93.01580810546875,46.5748291015625,46.44097900390625,141
2025-07-17T21:01:22.535832,4,0,"[0, 1, 2, 3, 4, 5, 6, 7]",93.01580810546875,46.05963134765625,46.9561767578125,143,93.01580810546875,46.5748291015625,46.44097900390625,141
2025-07-17T21:01:22.541953,0,1,"[0, 1, 2, 3, 4, 5, 6, 7]",93.01580810546875,46.05963134765625,46.9561767578125,143,93.01580810546875,46.5748291015625,46.44097900390625,141
2025-07-17T21:01:22.548178,1,1,"[0, 1, 2, 3, 4, 5, 6, 7]",93.01580810546875,46.05963134765625,46.9561767578125,143,93.01580810546875,46.5748291015625,46.44097900390625,141
2025-07-17T21:01:22.556607,2,1,"[0, 1, 2, 4, 5, 6, 7]",93.01580810546875,46.05963134765625,46.9561767578125,143,93.01580810546875,46.5748291015625,46.44097900390625,141
2025-07-17T21:01:22.568733,3,1,"[0, 1, 2, 3, 4, 5, 6, 7]",93.01580810546875,46.05963134765625,46.9561767578125,143,93.01580810546875,46.5748291015625,46.44097900390625,141
2025-07-17T21:01:22.570592,4,1,"[0, 1, 2, 3, 4, 5, 6, 7]",93.01580810546875,46.05963134765625,46.9561767578125,143,93.01580810546875,46.5748291015625,46.44097900390625,141
2025-07-17T21:01:22.578607,0,2,"[0, 1, 2, 3, 4, 5, 6, 7]",93.01580810546875,46.05963134765625,46.9561767578125,143,93.01580810546875,46.5748291015625,46.44097900390625,141
2025-07-17T21:01:22.585979,1,2,"[0, 1, 2, 3, 4, 5, 6, 7]",93.01580810546875,46.05963134765625,46.9561767578125,143,93.01580810546875,46.5748291015625,46.44097900390625,141
2025-07-17T21:01:22.592674,2,2,"[0, 1, 2, 3, 4, 5, 6, 7]",93.01580810546875,46.05963134765625,46.9561767578125,143,93.01580810546875,46.5748291015625,46.44097900390625,141
2025-07-17T21:01:22.605190,3,2,"[0, 1, 2, 3, 4, 5, 6, 7]",93.01580810546875,46.05963134765625,46.9561767578125,143,93.01580810546875,46.5748291015625,46.44097900390625,141
2025-07-17T21:01:22.607281,4,2,"[0, 1, 2, 3, 4, 5, 6, 7]",93.01580810546875,46.05963134765625,46.9561767578125,143,93.01580810546875,46.5748291015625,46.44097900390625,141
2025-07-17T21:01:22.619020,0,3,"[0, 1, 2, 3, 4, 5, 6, 7]",93.01580810546875,46.05963134765625,46.9561767578125,143,93.01580810546875,46.5748291015625,46.44097900390625,141
2025-07-17T21:01:22.621100,1,3,"[0, 1, 2, 3, 4, 5, 6, 7]",93.01580810546875,46.05963134765625,46.9561767578125,143,93.01580810546875,46.5748291015625,46.44097900390625,141
2025-07-17T21:01:22.628496,2,3,"[0, 1, 2, 3, 4, 5, 6, 7]",93.01580810546875,46.05963134765625,46.9561767578125,143,93.01580810546875,46.5748291015625,46.44097900390625,141
2025-07-17T21:01:22.635120,3,3,"[0, 1, 2, 3, 4, 5, 6, 7]",93.01580810546875,46.05963134765625,46.9561767578125,143,93.01580810546875,46.5748291015625,46.44097900390625,141
2025-07-17T21:01:22.642632,4,3,"[0, 1, 2, 3, 4, 5, 6, 7]",93.01580810546875,46.05963134765625,46.9561767578125,143,93.01580810546875,46.5748291015625,46.44097900390625,141
2025-07-17T21:01:22.650194,0,4,"[0, 1, 2, 3, 4, 5, 6, 7]",93.01580810546875,46.05963134765625,46.9561767578125,143,93.01580810546875,46.5748291015625,46.44097900390625,141
2025-07-17T21:01:22.657788,1,4,"[0, 1, 2, 3, 4, 5, 6, 7]",93.01580810546875,46.05963134765625,46.9561767578125,143,93.01580810546875,46.5748291015625,46.44097900390625,141
2025-07-17T21:01:22.664062,2,4,"[0, 1, 2, 3, 4, 5, 6, 7]",93.01580810546875,46.05963134765625,46.9561767578125,143,93.01580810546875,46.5748291015625,46.44097900390625,141
2025-07-17T21:01:22.671366,3,4,"[0, 1, 2, 3, 4, 5, 6, 7]",93.01580810546875,46.05963134765625,46.9561767578125,143,93.01580810546875,46.5748291015625,46.44097900390625,141
2025-07-17T21:01:22.678024,4,4,"[0, 1, 2, 3, 4, 5, 6, 7]",93.01580810546875,46.05963134765625,46.9561767578125,143,93.01580810546875,46.5748291015625,46.44097900390625,141
2025-07-17T21:01:22.691910,0,5,"[0, 1, 2, 3, 4, 5, 6, 7]",93.01580810546875,46.05963134765625,46.9561767578125,143,93.01580810546875,46.5748291015625,46.44097900390625,141
2025-07-17T21:01:22.693986,1,5,"[0, 1, 2, 3, 4, 5, 6, 7]",93.01580810546875,46.05963134765625,46.9561767578125,143,93.01580810546875,46.5748291015625,46.44097900390625,141
2025-07-17T21:01:22.700496,2,5,"[0, 1, 2, 3, 4, 5, 6, 7]",93.01580810546875,46.05963134765625,46.9561767578125,143,93.01580810546875,46.5748291015625,46.44097900390625,141
2025-07-17T21:01:22.712708,3,5,"[0, 1, 2, 3, 4, 5, 6, 7]",93.01580810546875,46.05963134765625,46.9561767578125,143,93.01580810546875,46.5748291015625,46.44097900390625,141
2025-07-17T21:01:22.720113,4,5,"[0, 1, 2, 3, 4, 5, 6, 7]",93.01580810546875,46.05963134765625,46.9561767578125,143,93.01580810546875,46.5748291015625,46.44097900390625,141
2025-07-17T21:01:22.722745,0,6,"[0, 1, 2, 3, 4, 5, 6, 7]",93.01580810546875,46.05963134765625,46.9561767578125,143,93.01580810546875,46.5748291015625,46.44097900390625,141
2025-07-17T21:01:22.734111,1,6,"[1, 2, 3, 4, 5, 6, 7]",93.01580810546875,46.05963134765625,46.9561767578125,143,93.01580810546875,46.5748291015625,46.44097900390625,141
2025-07-17T21:01:22.736236,2,6,"[0, 1, 2, 3, 4, 5, 6, 7]",93.01580810546875,46.05963134765625,46.9561767578125,143,93.01580810546875,46.5748291015625,46.44097900390625,141
2025-07-17T21:01:22.743372,3,6,"[1, 2, 3, 4, 5, 6, 7]",93.01580810546875,46.05963134765625,46.9561767578125,143,93.01580810546875,46.5748291015625,46.44097900390625,141
2025-07-17T21:01:22.750781,4,6,"[1, 2, 3, 4, 5, 6, 7]",93.01580810546875,46.05963134765625,46.9561767578125,143,93.01580810546875,46.5748291015625,46.44097900390625,141
2025-07-17T21:01:22.763673,0,7,"[0, 1, 2, 3, 4, 5, 6, 7]",93.01580810546875,46.05963134765625,46.9561767578125,143,93.01580810546875,46.5748291015625,46.44097900390625,141
2025-07-17T21:01:22.765498,1,7,"[0, 1, 2, 3, 4, 5, 6, 7]",93.01580810546875,46.05963134765625,46.9561767578125,143,93.01580810546875,46.5748291015625,46.44097900390625,141
2025-07-17T21:01:22.772278,2,7,"[0, 1, 2, 3, 4, 5, 6, 7]",93.01580810546875,46.05963134765625,46.9561767578125,143,93.01580810546875,46.5748291015625,46.44097900390625,141
2025-07-17T21:01:22.780238,3,7,"[0, 1, 2, 3, 4, 5, 6, 7]",93.01580810546875,46.05963134765625,46.9561767578125,143,93.01580810546875,46.5748291015625,46.44097900390625,141
2025-07-17T21:01:22.786842,4,7,"[0, 1, 2, 3, 4, 5, 6, 7]",93.01580810546875,46.05963134765625,46.9561767578125,143,93.01580810546875,46.5748291015625,46.44097900390625,141
2025-07-17T21:01:22.793227,0,8,"[0, 1, 2, 3, 4, 5, 6, 7]",93.01580810546875,46.05963134765625,46.9561767578125,143,93.01580810546875,46.5748291015625,46.44097900390625,141
2025-07-17T21:01:22.800966,1,8,"[0, 1, 2, 3, 4, 5, 6, 7]",93.01580810546875,46.05963134765625,46.9561767578125,143,93.01580810546875,46.5748291015625,46.44097900390625,141
2025-07-17T21:01:22.807404,2,8,"[0, 1, 2, 3, 4, 5, 6, 7]",93.01580810546875,46.05963134765625,46.9561767578125,143,93.01580810546875,46.5748291015625,46.44097900390625,141
2025-07-17T21:01:22.814717,3,8,"[0, 1, 2, 3, 4, 5, 6, 7]",93.01580810546875,46.05963134765625,46.9561767578125,143,93.01580810546875,46.5748291015625,46.44097900390625,141
2025-07-17T21:01:22.821064,4,8,"[0, 1, 2, 3, 4, 5, 6, 7]",93.01580810546875,46.05963134765625,46.9561767578125,143,93.01580810546875,46.5748291015625,46.44097900390625,141
2025-07-17T21:01:22.828248,0,9,"[0, 1, 2, 3, 4, 5, 6, 7]",93.01580810546875,46.05963134765625,46.9561767578125,143,93.01580810546875,46.5748291015625,46.44097900390625,141
2025-07-17T21:01:22.840249,1,9,"[0, 1, 2, 3, 4, 5, 6, 7]",93.01580810546875,46.05963134765625,46.9561767578125,143,93.01580810546875,46.5748291015625,46.44097900390625,141
2025-07-17T21:01:22.842169,2,9,"[0, 1, 2, 3, 4, 5, 6, 7]",93.01580810546875,46.05963134765625,46.9561767578125,143,93.01580810546875,46.5748291015625,46.44097900390625,141
2025-07-17T21:01:22.849668,3,9,"[0, 1, 2, 3, 4, 5, 6, 7]",93.01580810546875,46.05963134765625,46.9561767578125,143,93.01580810546875,46.5748291015625,46.44097900390625,141
2025-07-17T21:01:22.861802,4,9,"[0, 1, 2, 3, 4, 5, 6, 7]",93.01580810546875,46.05963134765625,46.9561767578125,143,93.01580810546875,46.5748291015625,46.44097900390625,141
2025-07-17T21:01:22.863714,0,10,"[0, 1, 2, 3, 4, 5, 6, 7]",93.01580810546875,46.05963134765625,46.9561767578125,143,93.01580810546875,46.5748291015625,46.44097900390625,141
2025-07-17T21:01:22.871169,1,10,"[0, 1, 2, 3, 4, 5, 6, 7]",93.01580810546875,46.05963134765625,46.9561767578125,143,93.01580810546875,46.5748291015625,46.44097900390625,141
2025-07-17T21:01:22.883425,2,10,"[0, 1, 2, 3, 4, 5, 6, 7]",93.01580810546875,46.05963134765625,46.9561767578125,143,93.01580810546875,46.5748291015625,46.44097900390625,141
2025-07-17T21:01:22.885232,3,10,"[0, 1, 2, 3, 4, 5, 6, 7]",93.01580810546875,46.05963134765625,46.9561767578125,143,93.01580810546875,46.5748291015625,46.44097900390625,141
2025-07-17T21:01:22.897770,4,10,"[0, 1, 2, 3, 4, 5, 6, 7]",93.01580810546875,46.05963134765625,46.9561767578125,143,93.01580810546875,46.5748291015625,46.44097900390625,141
2025-07-17T21:01:22.900039,0,11,"[0, 1, 2, 3, 4, 5, 6, 7]",93.01580810546875,46.05963134765625,46.9561767578125,143,93.01580810546875,46.5748291015625,46.44097900390625,141
2025-07-17T21:01:22.907155,1,11,"[0, 1, 2, 3, 4, 5, 6, 7]",93.01580810546875,46.05963134765625,46.9561767578125,143,93.01580810546875,46.5748291015625,46.44097900390625,141
2025-07-17T21:01:22.914656,2,11,"[0, 1, 2, 3, 4, 5, 6, 7]",93.01580810546875,46.05963134765625,46.9561767578125,143,93.01580810546875,46.5748291015625,46.44097900390625,141
2025-07-17T21:01:22.922636,3,11,"[0, 1, 2, 3, 4, 5, 6, 7]",93.01580810546875,46.05963134765625,46.9561767578125,143,93.01580810546875,46.5748291015625,46.44097900390625,141
2025-07-17T21:01:22.934749,4,11,"[0, 1, 2, 3, 4, 5, 6, 7]",93.01580810546875,46.05963134765625,46.9561767578125,143,93.01580810546875,46.5748291015625,46.44097900390625,141
2025-07-17T21:01:22.936793,0,12,"[0, 1, 2, 3, 4, 5, 6, 7]",93.01580810546875,46.05963134765625,46.9561767578125,143,93.01580810546875,46.5748291015625,46.44097900390625,141
2025-07-17T21:01:22.948514,1,12,"[0, 1, 2, 3, 4, 5, 6, 7]",93.01580810546875,46.05963134765625,46.9561767578125,143,93.01580810546875,46.5748291015625,46.44097900390625,141
2025-07-17T21:01:22.955730,2,12,"[0, 1, 2, 3, 4, 5, 6, 7]",93.01580810546875,46.05963134765625,46.9561767578125,143,93.01580810546875,46.5748291015625,46.44097900390625,141
2025-07-17T21:01:22.963016,3,12,"[0, 1, 2, 3, 4, 5, 6, 7]",93.01580810546875,46.05963134765625,46.9561767578125,143,93.01580810546875,46.5748291015625,46.44097900390625,141
2025-07-17T21:01:22.969729,4,12,"[0, 1, 2, 3, 4, 5, 6, 7]",93.01580810546875,46.05963134765625,46.9561767578125,143,93.01580810546875,46.5748291015625,46.44097900390625,141
2025-07-17T21:01:22.976221,0,13,"[0, 1, 2, 3, 4, 5, 6, 7]",93.01580810546875,46.05963134765625,46.9561767578125,143,93.01580810546875,46.5748291015625,46.44097900390625,141
2025-07-17T21:01:22.982953,1,13,"[0, 1, 2, 3, 4, 5, 6, 7]",93.01580810546875,46.05963134765625,46.9561767578125,143,93.01580810546875,46.5748291015625,46.44097900390625,141
2025-07-17T21:01:22.989720,2,13,"[0, 1, 2, 3, 4, 5, 6, 7]",93.01580810546875,46.05963134765625,46.9561767578125,143,93.01580810546875,46.5748291015625,46.44097900390625,141
2025-07-17T21:01:22.998048,3,13,"[0, 1, 2, 3, 4, 5, 6, 7]",93.01580810546875,46.05963134765625,46.9561767578125,143,93.01580810546875,46.5748291015625,46.44097900390625,141
2025-07-17T21:01:23.005289,4,13,"[0, 1, 2, 3, 4, 5, 6, 7]",93.01580810546875,46.05963134765625,46.9561767578125,143,93.01580810546875,46.5748291015625,46.44097900390625,141
2025-07-17T21:01:23.011859,0,14,"[0, 1, 2, 3, 4, 5, 6, 7]",93.01580810546875,46.05963134765625,46.9561767578125,143,93.01580810546875,46.5748291015625,46.44097900390625,141
2025-07-17T21:01:23.018416,1,14,"[0, 1, 3, 4, 5, 6, 7]",93.01580810546875,46.05963134765625,46.9561767578125,143,93.01580810546875,46.5748291015625,46.44097900390625,141
2025-07-17T21:01:23.025298,2,14,"[0, 1, 2, 3, 4, 5, 6, 7]",93.01580810546875,46.05963134765625,46.9561767578125,143,93.01580810546875,46.5748291015625,46.44097900390625,141
2025-07-17T21:01:23.032302,3,14,"[0, 1, 3, 4, 5, 6, 7]",93.01580810546875,46.05963134765625,46.9561767578125,143,93.01580810546875,46.5748291015625,46.44097900390625,141
2025-07-17T21:01:23.041434,4,14,"[0, 1, 3, 4, 5, 6, 7]",93.01580810546875,46.05963134765625,46.9561767578125,143,93.01580810546875,46.5748291015625,46.44097900390625,141
2025-07-17T21:01:23.048120,0,15,"[0, 1, 2, 3, 4, 5, 6, 7]",93.01580810546875,46.05963134765625,46.9561767578125,143,93.01580810546875,46.5748291015625,46.44097900390625,141
2025-07-17T21:01:23.056076,1,15,"[0, 1, 2, 3, 4, 5, 6, 7]",93.01580810546875,46.05963134765625,46.9561767578125,143,93.01580810546875,46.5748291015625,46.44097900390625,141
2025-07-17T21:01:23.063496,2,15,"[0, 1, 2, 3, 4, 5, 6, 7]",93.01580810546875,46.05963134765625,46.9561767578125,143,93.01580810546875,46.5748291015625,46.44097900390625,141
2025-07-17T21:01:23.070785,3,15,"[0, 1, 2, 3, 4, 5, 6, 7]",93.01580810546875,46.05963134765625,46.9561767578125,143,93.01580810546875,46.5748291015625,46.44097900390625,141
2025-07-17T21:01:23.077842,4,15,"[0, 1, 2, 3, 4, 5, 6, 7]",93.01580810546875,46.05963134765625,46.9561767578125,143,93.01580810546875,46.5748291015625,46.44097900390625,141
2025-07-17T21:01:23.086719,0,16,"[0, 1, 2, 3, 4, 5, 6, 7]",93.01580810546875,46.05963134765625,46.9561767578125,143,93.01580810546875,46.5748291015625,46.44097900390625,141
2025-07-17T21:01:23.095151,1,16,"[0, 1, 2, 3, 4, 5, 6, 7]",93.01580810546875,46.05963134765625,46.9561767578125,143,93.01580810546875,46.5748291015625,46.44097900390625,141
2025-07-17T21:01:23.097370,2,16,"[0, 1, 2, 3, 4, 5, 6, 7]",93.01580810546875,46.05963134765625,46.9561767578125,143,93.01580810546875,46.5748291015625,46.44097900390625,141
2025-07-17T21:01:23.104541,3,16,"[0, 1, 2, 3, 4, 5, 6, 7]",93.01580810546875,46.05963134765625,46.9561767578125,143,93.01580810546875,46.5748291015625,46.44097900390625,141
2025-07-17T21:01:23.110981,4,16,"[0, 1, 2, 3, 4, 5, 6, 7]",93.01580810546875,46.05963134765625,46.9561767578125,143,93.01580810546875,46.5748291015625,46.44097900390625,141
2025-07-17T21:01:23.118981,0,17,"[0, 1, 2, 3, 4, 5, 6, 7]",93.01580810546875,46.05963134765625,46.9561767578125,143,93.01580810546875,46.5748291015625,46.44097900390625,141
2025-07-17T21:01:23.125800,1,17,"[0, 1, 2, 3, 4, 5, 6, 7]",93.01580810546875,46.05963134765625,46.9561767578125,143,93.01580810546875,46.5748291015625,46.44097900390625,141
2025-07-17T21:01:23.140882,2,17,"[0, 1, 2, 3, 4, 5, 6, 7]",93.01580810546875,46.05963134765625,46.9561767578125,143,93.01580810546875,46.5748291015625,46.44097900390625,141
2025-07-17T21:01:23.143152,3,17,"[0, 1, 2, 3, 4, 5, 6, 7]",93.01580810546875,46.05963134765625,46.9561767578125,143,93.01580810546875,46.5748291015625,46.44097900390625,141
2025-07-17T21:01:23.158402,4,17,"[0, 1, 2, 3, 4, 5, 6, 7]",93.01580810546875,46.05963134765625,46.9561767578125,143,93.01580810546875,46.5748291015625,46.44097900390625,141
2025-07-17T21:01:23.165510,0,18,"[0, 1, 2, 3, 4, 5, 6, 7]",93.01580810546875,46.05963134765625,46.9561767578125,143,93.01580810546875,46.5748291015625,46.44097900390625,141
2025-07-17T21:01:23.167726,1,18,"[0, 1, 2, 3, 4, 5, 6, 7]",93.01580810546875,46.05963134765625,46.9561767578125,143,93.01580810546875,46.5748291015625,46.44097900390625,141
2025-07-17T21:01:23.174269,2,18,"[0, 1, 2, 3, 4, 5, 6, 7]",93.01580810546875,46.05963134765625,46.9561767578125,143,93.01580810546875,46.5748291015625,46.44097900390625,141
2025-07-17T21:01:23.187201,3,18,"[0, 1, 2, 3, 4, 5, 6, 7]",93.01580810546875,46.05963134765625,46.9561767578125,143,93.01580810546875,46.5748291015625,46.44097900390625,141
2025-07-17T21:01:23.189070,4,18,"[0, 1, 2, 3, 4, 5, 6, 7]",93.01580810546875,46.05963134765625,46.9561767578125,143,93.01580810546875,46.5748291015625,46.44097900390625,141
2025-07-17T21:01:23.196744,0,19,"[0, 1, 2, 3, 4, 5, 6, 7]",93.01580810546875,46.05963134765625,46.9561767578125,143,93.01580810546875,46.5748291015625,46.44097900390625,141
2025-07-17T21:01:23.203978,1,19,"[1, 2, 4, 5, 6, 7]",93.01580810546875,46.05963134765625,46.9561767578125,143,93.01580810546875,46.5748291015625,46.44097900390625,141
2025-07-17T21:01:23.216191,2,19,"[0, 1, 2, 3, 4, 5, 6, 7]",93.01580810546875,46.05963134765625,46.9561767578125,143,93.01580810546875,46.5748291015625,46.44097900390625,141
2025-07-17T21:01:23.217911,3,19,"[1, 2, 4, 5, 6, 7]",93.01580810546875,46.05963134765625,46.9561767578125,143,93.01580810546875,46.5748291015625,46.44097900390625,141
2025-07-17T21:01:23.225209,4,19,"[1, 2, 4, 5, 6, 7]",93.01580810546875,46.05963134765625,46.9561767578125,143,93.01580810546875,46.5748291015625,46.44097900390625,141
2025-07-17T21:01:23.233198,0,20,"[0, 1, 2, 3, 4, 5, 6, 7]",93.01580810546875,46.05963134765625,46.9561767578125,143,93.01580810546875,46.5748291015625,46.44097900390625,141
2025-07-17T21:01:23.246230,1,20,"[0, 1, 2, 3, 4, 5, 6, 7]",93.01580810546875,46.05963134765625,46.9561767578125,143,93.01580810546875,46.5748291015625,46.44097900390625,141
2025-07-17T21:01:23.247970,2,20,"[0, 1, 2, 3, 4, 5, 6, 7]",93.01580810546875,46.05963134765625,46.9561767578125,143,93.01580810546875,46.5748291015625,46.44097900390625,141
2025-07-17T21:01:23.255297,3,20,"[0, 1, 2, 3, 4, 5, 6, 7]",93.01580810546875,46.05963134765625,46.9561767578125,143,93.01580810546875,46.5748291015625,46.44097900390625,141
2025-07-17T21:01:23.262423,4,20,"[0, 1, 2, 3, 4, 5, 6, 7]",93.01580810546875,46.05963134765625,46.9561767578125,143,93.01580810546875,46.5748291015625,46.44097900390625,141
2025-07-17T21:01:23.275557,0,21,"[0, 1, 2, 3, 4, 5, 6, 7]",93.01580810546875,46.05963134765625,46.9561767578125,143,93.01580810546875,46.5748291015625,46.44097900390625,141
2025-07-17T21:01:23.277597,1,21,"[0, 1, 2, 3, 4, 5, 6]",93.01580810546875,46.05963134765625,46.9561767578125,143,93.01580810546875,46.5748291015625,46.44097900390625,141
2025-07-17T21:01:23.284597,2,21,"[0, 1, 2, 3, 4, 5, 6, 7]",93.01580810546875,46.05963134765625,46.9561767578125,143,93.01580810546875,46.5748291015625,46.44097900390625,141
2025-07-17T21:01:23.292573,3,21,"[0, 1, 2, 3, 4, 5, 6]",93.01580810546875,46.05963134765625,46.9561767578125,143,93.01580810546875,46.5748291015625,46.44097900390625,141
2025-07-17T21:01:23.304981,4,21,"[0, 1, 2, 3, 4, 5, 6]",93.01580810546875,46.05963134765625,46.9561767578125,143,93.01580810546875,46.5748291015625,46.44097900390625,141
2025-07-17T21:01:23.306861,0,22,"[0, 1, 2, 3, 4, 5, 6, 7]",93.01580810546875,46.05963134765625,46.9561767578125,143,93.01580810546875,46.5748291015625,46.44097900390625,141
2025-07-17T21:01:23.314303,1,22,"[0, 1, 2, 3, 4, 5, 6, 7]",93.01580810546875,46.05963134765625,46.9561767578125,143,93.01580810546875,46.5748291015625,46.44097900390625,141
2025-07-17T21:01:23.327329,2,22,"[0, 1, 2, 3, 4, 5, 6, 7]",93.01580810546875,46.05963134765625,46.9561767578125,143,93.01580810546875,46.5748291015625,46.44097900390625,141
2025-07-17T21:01:23.329136,3,22,"[0, 1, 2, 3, 4, 5, 6, 7]",93.01580810546875,46.05963134765625,46.9561767578125,143,93.01580810546875,46.5748291015625,46.44097900390625,141
2025-07-17T21:01:23.341035,4,22,"[0, 1, 2, 3, 4, 5, 6, 7]",93.01580810546875,46.05963134765625,46.9561767578125,143,93.01580810546875,46.5748291015625,46.44097900390625,141
2025-07-17T21:01:23.349685,0,23,"[0, 1, 2, 3, 4, 5, 6, 7]",93.01580810546875,46.05963134765625,46.9561767578125,143,93.01580810546875,46.5748291015625,46.44097900390625,141
2025-07-17T21:01:23.352202,1,23,"[0, 1, 2, 3, 4, 5, 6]",93.01580810546875,46.05963134765625,46.9561767578125,143,93.01580810546875,46.5748291015625,46.44097900390625,141
2025-07-17T21:01:23.358871,2,23,"[0, 1, 2, 3, 4, 5, 6, 7]",93.01580810546875,46.05963134765625,46.9561767578125,143,93.01580810546875,46.5748291015625,46.44097900390625,141
2025-07-17T21:01:23.366455,3,23,"[0, 1, 2, 3, 4, 5, 6]",93.01580810546875,46.05963134765625,46.9561767578125,143,93.01580810546875,46.5748291015625,46.44097900390625,141
2025-07-17T21:01:23.373005,4,23,"[0, 1, 2, 3, 4, 5, 6]",93.01580810546875,46.05963134765625,46.9561767578125,143,93.01580810546875,46.5748291015625,46.44097900390625,141
2025-07-17T21:01:23.380104,0,24,"[0, 1, 2, 3, 4, 5, 6, 7]",93.01580810546875,46.05963134765625,46.9561767578125,143,93.01580810546875,46.5748291015625,46.44097900390625,141
2025-07-17T21:01:23.386289,1,24,"[0, 1, 2, 4, 5, 6, 7]",93.01580810546875,46.05963134765625,46.9561767578125,143,93.01580810546875,46.5748291015625,46.44097900390625,141
2025-07-17T21:01:23.393204,2,24,"[0, 1, 2, 3, 4, 5, 6, 7]",93.01580810546875,46.05963134765625,46.9561767578125,143,93.01580810546875,46.5748291015625,46.44097900390625,141
2025-07-17T21:01:23.400800,3,24,"[0, 1, 2, 4, 5, 6, 7]",93.01580810546875,46.05963134765625,46.9561767578125,143,93.01580810546875,46.5748291015625,46.44097900390625,141
2025-07-17T21:01:23.413643,4,24,"[0, 1, 2, 4, 5, 6, 7]",93.01580810546875,46.05963134765625,46.9561767578125,143,93.01580810546875,46.5748291015625,46.44097900390625,141
2025-07-17T21:01:23.415287,0,25,"[0, 1, 2, 3, 4, 5, 6, 7]",93.01580810546875,46.05963134765625,46.9561767578125,143,93.01580810546875,46.5748291015625,46.44097900390625,141
2025-07-17T21:01:23.428244,1,25,"[0, 1, 2, 3, 4, 6, 7]",93.01580810546875,46.05963134765625,46.9561767578125,143,93.01580810546875,46.5748291015625,46.44097900390625,141
2025-07-17T21:01:23.431432,2,25,"[0, 1, 2, 3, 4, 5, 6, 7]",93.01580810546875,46.05963134765625,46.9561767578125,143,93.01580810546875,46.5748291015625,46.44097900390625,141
2025-07-17T21:01:23.443058,3,25,"[0, 1, 2, 3, 4, 6, 7]",93.01580810546875,46.05963134765625,46.9561767578125,143,93.01580810546875,46.5748291015625,46.44097900390625,141
2025-07-17T21:01:23.444854,4,25,"[0, 1, 2, 3, 4, 6, 7]",93.01580810546875,46.05963134765625,46.9561767578125,143,93.01580810546875,46.5748291015625,46.44097900390625,141
2025-07-17T21:01:23.453271,0,26,"[0, 1, 2, 3, 4, 5, 6, 7]",93.01580810546875,46.05963134765625,46.9561767578125,143,93.01580810546875,46.5748291015625,46.44097900390625,141
2025-07-17T21:01:23.466254,1,26,"[0, 1, 2, 3, 4, 5, 6, 7]",93.01580810546875,46.05963134765625,46.9561767578125,143,93.01580810546875,46.5748291015625,46.44097900390625,141
2025-07-17T21:01:23.474392,2,26,"[0, 1, 2, 3, 4, 5, 6, 7]",93.01580810546875,46.05963134765625,46.9561767578125,143,93.01580810546875,46.5748291015625,46.44097900390625,141
2025-07-17T21:01:23.476664,3,26,"[0, 1, 2, 3, 4, 5, 6, 7]",93.01580810546875,46.05963134765625,46.9561767578125,143,93.01580810546875,46.5748291015625,46.44097900390625,141
2025-07-17T21:01:23.483648,4,26,"[0, 1, 2, 3, 4, 5, 6, 7]",93.01580810546875,46.05963134765625,46.9561767578125,143,93.01580810546875,46.5748291015625,46.44097900390625,141
2025-07-17T21:01:23.490565,0,27,"[0, 1, 2, 3, 4, 5, 6, 7]",93.01580810546875,46.05963134765625,46.9561767578125,143,93.01580810546875,46.5748291015625,46.44097900390625,141
2025-07-17T21:01:23.498653,1,27,"[0, 1, 2, 3, 4, 5, 6, 7]",93.01580810546875,46.05963134765625,46.9561767578125,143,93.01580810546875,46.5748291015625,46.44097900390625,141
2025-07-17T21:01:23.511565,2,27,"[0, 1, 2, 3, 4, 5, 6, 7]",93.01580810546875,46.05963134765625,46.9561767578125,143,93.01580810546875,46.5748291015625,46.44097900390625,141
2025-07-17T21:01:23.513300,3,27,"[0, 1, 2, 3, 4, 5, 6, 7]",93.01580810546875,46.05963134765625,46.9561767578125,143,93.01580810546875,46.5748291015625,46.44097900390625,141
2025-07-17T21:01:23.520939,4,27,"[0, 1, 2, 3, 4, 5, 6, 7]",93.01580810546875,46.05963134765625,46.9561767578125,143,93.01580810546875,46.5748291015625,46.44097900390625,141
2025-07-17T21:01:23.527148,0,28,"[0, 1, 2, 3, 4, 5, 6, 7]",93.01580810546875,46.05963134765625,46.9561767578125,143,93.01580810546875,46.5748291015625,46.44097900390625,141
2025-07-17T21:01:23.534432,1,28,"[0, 1, 2, 3, 4, 5, 6, 7]",93.01580810546875,46.05963134765625,46.9561767578125,143,93.01580810546875,46.5748291015625,46.44097900390625,141
2025-07-17T21:01:23.541424,2,28,"[0, 1, 2, 3, 4, 5, 6, 7]",93.01580810546875,46.05963134765625,46.9561767578125,143,93.01580810546875,46.5748291015625,46.44097900390625,141
2025-07-17T21:01:23.549040,3,28,"[0, 1, 2, 3, 4, 5, 6, 7]",93.01580810546875,46.05963134765625,46.9561767578125,143,93.01580810546875,46.5748291015625,46.44097900390625,141
2025-07-17T21:01:23.556036,4,28,"[0, 1, 2, 3, 4, 5, 6, 7]",93.01580810546875,46.05963134765625,46.9561767578125,143,93.01580810546875,46.5748291015625,46.44097900390625,141
2025-07-17T21:01:23.562956,0,29,"[0, 1, 2, 3, 4, 5, 6, 7]",93.01580810546875,46.05963134765625,46.9561767578125,143,93.01580810546875,46.5748291015625,46.44097900390625,141
2025-07-17T21:01:23.570056,1,29,"[0, 1, 2, 3, 4, 5, 6, 7]",93.01580810546875,46.05963134765625,46.9561767578125,143,93.01580810546875,46.5748291015625,46.44097900390625,141
2025-07-17T21:01:23.577454,2,29,"[0, 1, 2, 3, 4, 5, 6, 7]",93.01580810546875,46.05963134765625,46.9561767578125,143,93.01580810546875,46.5748291015625,46.44097900390625,141
2025-07-17T21:01:23.584857,3,29,"[0, 1, 2, 3, 4, 5, 6, 7]",93.01580810546875,46.05963134765625,46.9561767578125,143,93.01580810546875,46.5748291015625,46.44097900390625,141
2025-07-17T21:01:23.591983,4,29,"[0, 1, 2, 3, 4, 5, 6, 7]",93.01580810546875,46.05963134765625,46.9561767578125,143,93.01580810546875,46.5748291015625,46.44097900390625,141
2025-07-17T21:01:23.598825,0,30,"[0, 1, 2, 3, 4, 5, 6, 7]",93.01580810546875,46.05963134765625,46.9561767578125,143,93.01580810546875,46.5748291015625,46.44097900390625,141
2025-07-17T21:01:23.611344,1,30,"[0, 1, 2, 3, 4, 5, 6, 7]",93.01580810546875,46.05963134765625,46.9561767578125,143,93.01580810546875,46.5748291015625,46.44097900390625,141
2025-07-17T21:01:23.613511,2,30,"[0, 1, 2, 3, 4, 5, 6, 7]",93.01580810546875,46.05963134765625,46.9561767578125,143,93.01580810546875,46.5748291015625,46.44097900390625,141
2025-07-17T21:01:23.620655,3,30,"[0, 1, 2, 3, 4, 5, 6, 7]",93.01580810546875,46.05963134765625,46.9561767578125,143,93.01580810546875,46.5748291015625,46.44097900390625,141
2025-07-17T21:01:23.627392,4,30,"[0, 1, 2, 3, 4, 5, 6, 7]",93.01580810546875,46.05963134765625,46.9561767578125,143,93.01580810546875,46.5748291015625,46.44097900390625,141
2025-07-17T21:01:23.639687,0,31,"[0, 1, 2, 3, 4, 5, 6, 7]",93.01580810546875,46.05963134765625,46.9561767578125,143,93.01580810546875,46.5748291015625,46.44097900390625,141
2025-07-17T21:01:23.649330,1,31,"[0, 1, 2, 3, 4, 5, 6, 7]",93.01580810546875,46.05963134765625,46.9561767578125,143,93.01580810546875,46.5748291015625,46.44097900390625,141
2025-07-17T21:01:23.653309,2,31,"[0, 1, 2, 3, 4, 5, 6, 7]",93.01580810546875,46.05963134765625,46.9561767578125,143,93.01580810546875,46.5748291015625,46.44097900390625,141
2025-07-17T21:01:23.661491,3,31,"[0, 1, 2, 3, 4, 5, 6, 7]",93.01580810546875,46.05963134765625,46.9561767578125,143,93.01580810546875,46.5748291015625,46.44097900390625,141
2025-07-17T21:01:23.668209,4,31,"[0, 1, 2, 3, 4, 5, 6, 7]",93.01580810546875,46.05963134765625,46.9561767578125,143,93.01580810546875,46.5748291015625,46.44097900390625,141
2025-07-17T21:01:23.679886,0,0,"[0, 1, 2, 3, 4, 5, 6, 7]",93.01580810546875,46.05963134765625,46.9561767578125,143,93.01580810546875,46.5748291015625,46.44097900390625,141
2025-07-17T21:01:23.686375,1,0,"[0, 1, 2, 3, 4, 5, 6, 7]",93.01580810546875,46.05963134765625,46.9561767578125,143,93.01580810546875,46.5748291015625,46.44097900390625,141
2025-07-17T21:01:23.694709,2,0,"[0, 1, 2, 3, 4, 5, 6, 7]",93.01580810546875,46.05963134765625,46.9561767578125,143,93.01580810546875,46.5748291015625,46.44097900390625,141
2025-07-17T21:01:23.702576,3,0,"[0, 1, 2, 3, 4, 5, 6, 7]",93.01580810546875,46.05963134765625,46.9561767578125,143,93.01580810546875,46.5748291015625,46.44097900390625,141
2025-07-17T21:01:23.710237,4,0,"[0, 1, 2, 3, 4, 5, 6, 7]",93.01580810546875,46.05963134765625,46.9561767578125,143,93.01580810546875,46.5748291015625,46.44097900390625,141
2025-07-17T21:01:23.717408,0,1,"[0, 1, 2, 3, 4, 5, 6, 7]",93.01580810546875,46.05963134765625,46.9561767578125,143,93.01580810546875,46.5748291015625,46.44097900390625,141
2025-07-17T21:01:23.724500,1,1,"[0, 1, 2, 3, 4, 5, 6, 7]",93.01580810546875,46.05963134765625,46.9561767578125,143,93.01580810546875,46.5748291015625,46.44097900390625,141
2025-07-17T21:01:23.731659,2,1,"[0, 1, 2, 3, 4, 5, 6, 7]",93.01580810546875,46.05963134765625,46.9561767578125,143,93.01580810546875,46.5748291015625,46.44097900390625,141
2025-07-17T21:01:23.744099,3,1,"[0, 1, 2, 3, 4, 5, 6, 7]",93.01580810546875,46.05963134765625,46.9561767578125,143,93.01580810546875,46.5748291015625,46.44097900390625,141
2025-07-17T21:01:23.751661,4,1,"[0, 1, 2, 3, 4, 5, 6, 7]",93.01580810546875,46.05963134765625,46.9561767578125,143,93.01580810546875,46.5748291015625,46.44097900390625,141
2025-07-17T21:01:23.753561,0,2,"[0, 1, 2, 3, 4, 5, 6, 7]",93.01580810546875,46.05963134765625,46.9561767578125,143,93.01580810546875,46.5748291015625,46.44097900390625,141
2025-07-17T21:01:23.761439,1,2,"[0, 1, 2, 3, 4, 5, 6, 7]",93.01580810546875,46.05963134765625,46.9561767578125,143,93.01580810546875,46.5748291015625,46.44097900390625,141
2025-07-17T21:01:23.768324,2,2,"[0, 1, 2, 3, 4, 5, 6, 7]",93.01580810546875,46.05963134765625,46.9561767578125,143,93.01580810546875,46.5748291015625,46.44097900390625,141
2025-07-17T21:01:23.780477,3,2,"[0, 1, 2, 3, 4, 5, 6, 7]",93.01580810546875,46.05963134765625,46.9561767578125,143,93.01580810546875,46.5748291015625,46.44097900390625,141
2025-07-17T21:01:23.782648,4,2,"[0, 1, 2, 3, 4, 5, 6, 7]",93.01580810546875,46.05963134765625,46.9561767578125,143,93.01580810546875,46.5748291015625,46.44097900390625,141
2025-07-17T21:01:23.789330,0,3,"[0, 1, 2, 3, 4, 5, 6, 7]",93.01580810546875,46.05963134765625,46.9561767578125,143,93.01580810546875,46.5748291015625,46.44097900390625,141
2025-07-17T21:01:23.796041,1,3,"[0, 1, 2, 3, 4, 5, 6, 7]",93.01580810546875,46.05963134765625,46.9561767578125,143,93.01580810546875,46.5748291015625,46.44097900390625,141
2025-07-17T21:01:23.802698,2,3,"[0, 1, 2, 3, 4, 6, 7]",93.01580810546875,46.05963134765625,46.9561767578125,143,93.01580810546875,46.5748291015625,46.44097900390625,141
2025-07-17T21:01:23.810155,3,3,"[0, 1, 2, 3, 4, 5, 6, 7]",93.01580810546875,46.05963134765625,46.9561767578125,143,93.01580810546875,46.5748291015625,46.44097900390625,141
2025-07-17T21:01:23.818145,4,3,"[0, 1, 2, 3, 4, 5, 6, 7]",93.01580810546875,46.05963134765625,46.9561767578125,143,93.01580810546875,46.5748291015625,46.44097900390625,141
2025-07-17T21:01:23.824744,0,4,"[0, 1, 2, 3, 4, 5, 6, 7]",93.01580810546875,46.05963134765625,46.9561767578125,143,93.01580810546875,46.5748291015625,46.44097900390625,141
2025-07-17T21:01:23.831100,1,4,"[0, 1, 2, 3, 4, 5, 6, 7]",93.01580810546875,46.05963134765625,46.9561767578125,143,93.01580810546875,46.5748291015625,46.44097900390625,141
2025-07-17T21:01:23.837595,2,4,"[0, 1, 2, 3, 4, 5, 6, 7]",93.01580810546875,46.05963134765625,46.9561767578125,143,93.01580810546875,46.5748291015625,46.44097900390625,141
2025-07-17T21:01:23.844961,3,4,"[0, 1, 2, 3, 4, 5, 6, 7]",93.01580810546875,46.05963134765625,46.9561767578125,143,93.01580810546875,46.5748291015625,46.44097900390625,141
2025-07-17T21:01:23.857473,4,4,"[0, 1, 2, 3, 4, 5, 6, 7]",93.01580810546875,46.05963134765625,46.9561767578125,143,93.01580810546875,46.5748291015625,46.44097900390625,141
2025-07-17T21:01:23.859203,0,5,"[0, 1, 2, 3, 4, 5, 6, 7]",93.01580810546875,46.05963134765625,46.9561767578125,143,93.01580810546875,46.5748291015625,46.44097900390625,141
2025-07-17T21:01:23.866368,1,5,"[0, 1, 2, 3, 4, 5, 6, 7]",93.01580810546875,46.05963134765625,46.9561767578125,143,93.01580810546875,46.5748291015625,46.44097900390625,141
2025-07-17T21:01:23.873748,2,5,"[0, 1, 2, 3, 4, 5, 6, 7]",93.01580810546875,46.05963134765625,46.9561767578125,143,93.01580810546875,46.5748291015625,46.44097900390625,141
2025-07-17T21:01:23.886598,3,5,"[0, 1, 2, 3, 4, 5, 6, 7]",93.01580810546875,46.05963134765625,46.9561767578125,143,93.01580810546875,46.5748291015625,46.44097900390625,141
2025-07-17T21:01:23.888431,4,5,"[0, 1, 2, 3, 4, 5, 6, 7]",93.01580810546875,46.05963134765625,46.9561767578125,143,93.01580810546875,46.5748291015625,46.44097900390625,141
2025-07-17T21:01:23.903453,0,6,"[0, 1, 2, 3, 4, 5, 6, 7]",93.01580810546875,46.05963134765625,46.9561767578125,143,93.01580810546875,46.5748291015625,46.44097900390625,141
2025-07-17T21:01:23.905568,1,6,"[0, 1, 2, 3, 4, 5, 6, 7]",93.01580810546875,46.05963134765625,46.9561767578125,143,93.01580810546875,46.5748291015625,46.44097900390625,141
2025-07-17T21:01:23.917343,2,6,"[0, 1, 2, 3, 4, 5, 6, 7]",93.01580810546875,46.05963134765625,46.9561767578125,143,93.01580810546875,46.5748291015625,46.44097900390625,141
2025-07-17T21:01:23.924885,3,6,"[0, 1, 2, 3, 4, 5, 6, 7]",93.01580810546875,46.05963134765625,46.9561767578125,143,93.01580810546875,46.5748291015625,46.44097900390625,141
2025-07-17T21:01:23.931703,4,6,"[0, 1, 2, 3, 4, 5, 6, 7]",93.01580810546875,46.05963134765625,46.9561767578125,143,93.01580810546875,46.5748291015625,46.44097900390625,141
2025-07-17T21:01:23.938969,0,7,"[0, 1, 2, 3, 4, 5, 6, 7]",93.01580810546875,46.05963134765625,46.9561767578125,143,93.01580810546875,46.5748291015625,46.44097900390625,141
2025-07-17T21:01:23.946732,1,7,"[0, 1, 2, 3, 4, 5, 6, 7]",93.01580810546875,46.05963134765625,46.9561767578125,143,93.01580810546875,46.5748291015625,46.44097900390625,141
2025-07-17T21:01:23.954789,2,7,"[0, 1, 2, 3, 4, 5, 6, 7]",93.01580810546875,46.05963134765625,46.9561767578125,143,93.01580810546875,46.5748291015625,46.44097900390625,141
2025-07-17T21:01:23.962108,3,7,"[0, 1, 2, 3, 4, 5, 6, 7]",93.01580810546875,46.05963134765625,46.9561767578125,143,93.01580810546875,46.5748291015625,46.44097900390625,141
2025-07-17T21:01:23.968809,4,7,"[0, 1, 2, 3, 4, 5, 6, 7]",93.01580810546875,46.05963134765625,46.9561767578125,143,93.01580810546875,46.5748291015625,46.44097900390625,141
2025-07-17T21:01:23.975899,0,8,"[0, 1, 2, 3, 4, 5, 6, 7]",93.01580810546875,46.05963134765625,46.9561767578125,143,93.01580810546875,46.5748291015625,46.44097900390625,141
2025-07-17T21:01:23.982600,1,8,"[1, 2, 3, 4, 5, 6, 7]",93.01580810546875,46.05963134765625,46.9561767578125,143,93.01580810546875,46.5748291015625,46.44097900390625,141
2025-07-17T21:01:23.990005,2,8,"[0, 1, 2, 3, 4, 5, 6, 7]",93.01580810546875,46.05963134765625,46.9561767578125,143,93.01580810546875,46.5748291015625,46.44097900390625,141
2025-07-17T21:01:23.997114,3,8,"[1, 2, 3, 4, 5, 6, 7]",93.01580810546875,46.05963134765625,46.9561767578125,143,93.01580810546875,46.5748291015625,46.44097900390625,141
2025-07-17T21:01:24.003720,4,8,"[1, 2, 3, 4, 5, 6, 7]",93.01580810546875,46.05963134765625,46.9561767578125,143,93.01580810546875,46.5748291015625,46.44097900390625,141
2025-07-17T21:01:24.010312,0,9,"[0, 1, 2, 3, 4, 5, 6, 7]",93.01580810546875,46.05963134765625,46.9561767578125,143,93.01580810546875,46.5748291015625,46.44097900390625,141
2025-07-17T21:01:24.017665,1,9,"[0, 1, 2, 3, 4, 5, 6, 7]",93.01580810546875,46.05963134765625,46.9561767578125,143,93.01580810546875,46.5748291015625,46.44097900390625,141
2025-07-17T21:01:24.025209,2,9,"[0, 1, 2, 3, 4, 5, 6, 7]",93.01580810546875,46.05963134765625,46.9561767578125,143,93.01580810546875,46.5748291015625,46.44097900390625,141
2025-07-17T21:01:24.032310,3,9,"[0, 1, 2, 3, 4, 5, 6, 7]",93.01580810546875,46.05963134765625,46.9561767578125,143,93.01580810546875,46.5748291015625,46.44097900390625,141
2025-07-17T21:01:24.039674,4,9,"[0, 1, 2, 3, 4, 5, 6, 7]",93.01580810546875,46.05963134765625,46.9561767578125,143,93.01580810546875,46.5748291015625,46.44097900390625,141
2025-07-17T21:01:24.042163,0,10,"[0, 1, 2, 3, 4, 5, 6, 7]",93.01580810546875,46.05963134765625,46.9561767578125,143,93.01580810546875,46.5748291015625,46.44097900390625,141
2025-07-17T21:01:24.049742,1,10,"[0, 1, 2, 3, 4, 5, 6, 7]",93.01580810546875,46.05963134765625,46.9561767578125,143,93.01580810546875,46.5748291015625,46.44097900390625,141
2025-07-17T21:01:24.061610,2,10,"[0, 1, 2, 3, 4, 5, 6, 7]",93.01580810546875,46.05963134765625,46.9561767578125,143,93.01580810546875,46.5748291015625,46.44097900390625,141
2025-07-17T21:01:24.070134,3,10,"[0, 1, 2, 3, 4, 5, 6, 7]",93.01580810546875,46.05963134765625,46.9561767578125,143,93.01580810546875,46.5748291015625,46.44097900390625,141
2025-07-17T21:01:24.077675,4,10,"[0, 1, 2, 3, 4, 5, 6, 7]",93.01580810546875,46.05963134765625,46.9561767578125,143,93.01580810546875,46.5748291015625,46.44097900390625,141
2025-07-17T21:01:24.079656,0,11,"[0, 1, 2, 3, 4, 5, 6, 7]",93.01580810546875,46.05963134765625,46.9561767578125,143,93.01580810546875,46.5748291015625,46.44097900390625,141
2025-07-17T21:01:24.086827,1,11,"[0, 1, 2, 3, 4, 5, 6, 7]",93.01580810546875,46.05963134765625,46.9561767578125,143,93.01580810546875,46.5748291015625,46.44097900390625,141
2025-07-17T21:01:24.094093,2,11,"[0, 1, 2, 3, 4, 5, 6, 7]",93.01580810546875,46.05963134765625,46.9561767578125,143,93.01580810546875,46.5748291015625,46.44097900390625,141
2025-07-17T21:01:24.101453,3,11,"[0, 1, 2, 3, 4, 5, 6, 7]",93.01580810546875,46.05963134765625,46.9561767578125,143,93.01580810546875,46.5748291015625,46.44097900390625,141
2025-07-17T21:01:24.108594,4,11,"[0, 1, 2, 3, 4, 5, 6, 7]",93.01580810546875,46.05963134765625,46.9561767578125,143,93.01580810546875,46.5748291015625,46.44097900390625,141
2025-07-17T21:01:24.115988,0,12,"[0, 1, 2, 3, 4, 5, 6, 7]",93.01580810546875,46.05963134765625,46.9561767578125,143,93.01580810546875,46.5748291015625,46.44097900390625,141
2025-07-17T21:01:24.128667,1,12,"[0, 1, 2, 3, 4, 5, 6]",93.01580810546875,46.05963134765625,46.9561767578125,143,93.01580810546875,46.5748291015625,46.44097900390625,141
2025-07-17T21:01:24.130359,2,12,"[0, 1, 2, 3, 4, 5, 6, 7]",93.01580810546875,46.05963134765625,46.9561767578125,143,93.01580810546875,46.5748291015625,46.44097900390625,141
2025-07-17T21:01:24.137877,3,12,"[0, 1, 2, 3, 4, 5, 6]",93.01580810546875,46.05963134765625,46.9561767578125,143,93.01580810546875,46.5748291015625,46.44097900390625,141
2025-07-17T21:01:24.145129,4,12,"[0, 1, 2, 3, 4, 5, 6]",93.01580810546875,46.05963134765625,46.9561767578125,143,93.01580810546875,46.5748291015625,46.44097900390625,141
2025-07-17T21:01:24.157992,0,13,"[0, 1, 2, 3, 4, 5, 6, 7]",93.01580810546875,46.05963134765625,46.9561767578125,143,93.01580810546875,46.5748291015625,46.44097900390625,141
2025-07-17T21:01:24.165106,1,13,"[0, 1, 2, 3, 4, 6, 7]",93.01580810546875,46.05963134765625,46.9561767578125,143,93.01580810546875,46.5748291015625,46.44097900390625,141
2025-07-17T21:01:24.167541,2,13,"[0, 1, 2, 3, 4, 5, 6, 7]",93.01580810546875,46.05963134765625,46.9561767578125,143,93.01580810546875,46.5748291015625,46.44097900390625,141
2025-07-17T21:01:24.174304,3,13,"[0, 1, 2, 3, 4, 6, 7]",93.01580810546875,46.05963134765625,46.9561767578125,143,93.01580810546875,46.5748291015625,46.44097900390625,141
2025-07-17T21:01:24.181371,4,13,"[0, 1, 2, 3, 4, 6, 7]",93.01580810546875,46.05963134765625,46.9561767578125,143,93.01580810546875,46.5748291015625,46.44097900390625,141
2025-07-17T21:01:24.187370,0,14,"[0, 1, 2, 3, 4, 5, 6, 7]",93.01580810546875,46.05963134765625,46.9561767578125,143,93.01580810546875,46.5748291015625,46.44097900390625,141
2025-07-17T21:01:24.200477,1,14,"[0, 1, 2, 3, 4, 5, 6, 7]",93.01580810546875,46.05963134765625,46.9561767578125,143,93.01580810546875,46.5748291015625,46.44097900390625,141
2025-07-17T21:01:24.202218,2,14,"[0, 1, 2, 3, 4, 5, 6, 7]",93.01580810546875,46.05963134765625,46.9561767578125,143,93.01580810546875,46.5748291015625,46.44097900390625,141
2025-07-17T21:01:24.215678,3,14,"[0, 1, 2, 3, 4, 5, 6, 7]",93.01580810546875,46.05963134765625,46.9561767578125,143,93.01580810546875,46.5748291015625,46.44097900390625,141
2025-07-17T21:01:24.217954,4,14,"[0, 1, 2, 3, 4, 5, 6, 7]",93.01580810546875,46.05963134765625,46.9561767578125,143,93.01580810546875,46.5748291015625,46.44097900390625,141
2025-07-17T21:01:24.230235,0,15,"[0, 1, 2, 3, 4, 5, 6, 7]",93.01580810546875,46.05963134765625,46.9561767578125,143,93.01580810546875,46.5748291015625,46.44097900390625,141
2025-07-17T21:01:24.232122,1,15,"[0, 1, 2, 3, 4, 5, 6, 7]",93.01580810546875,46.05963134765625,46.9561767578125,143,93.01580810546875,46.5748291015625,46.44097900390625,141
2025-07-17T21:01:24.244448,2,15,"[0, 1, 2, 3, 4, 5, 6, 7]",93.01580810546875,46.05963134765625,46.9561767578125,143,93.01580810546875,46.5748291015625,46.44097900390625,141
2025-07-17T21:01:24.246678,3,15,"[0, 1, 2, 3, 4, 5, 6, 7]",93.01580810546875,46.05963134765625,46.9561767578125,143,93.01580810546875,46.5748291015625,46.44097900390625,141
2025-07-17T21:01:24.252869,4,15,"[0, 1, 2, 3, 4, 5, 6, 7]",93.01580810546875,46.05963134765625,46.9561767578125,143,93.01580810546875,46.5748291015625,46.44097900390625,141
2025-07-17T21:01:24.260217,0,16,"[0, 1, 2, 3, 4, 5, 6, 7]",93.01580810546875,46.05963134765625,46.9561767578125,143,93.01580810546875,46.5748291015625,46.44097900390625,141
2025-07-17T21:01:24.267059,1,16,"[0, 1, 3, 4, 5, 6, 7]",93.01580810546875,46.05963134765625,46.9561767578125,143,93.01580810546875,46.5748291015625,46.44097900390625,141
2025-07-17T21:01:24.279088,2,16,"[0, 1, 2, 3, 4, 5, 6, 7]",93.01580810546875,46.05963134765625,46.9561767578125,143,93.01580810546875,46.5748291015625,46.44097900390625,141
2025-07-17T21:01:24.281431,3,16,"[0, 1, 3, 4, 5, 6, 7]",93.01580810546875,46.05963134765625,46.9561767578125,143,93.01580810546875,46.5748291015625,46.44097900390625,141
2025-07-17T21:01:24.289177,4,16,"[0, 1, 3, 4, 5, 6, 7]",93.01580810546875,46.05963134765625,46.9561767578125,143,93.01580810546875,46.5748291015625,46.44097900390625,141
2025-07-17T21:01:24.296046,0,17,"[0, 1, 2, 3, 4, 5, 6, 7]",93.01580810546875,46.05963134765625,46.9561767578125,143,93.01580810546875,46.5748291015625,46.44097900390625,141
2025-07-17T21:01:24.303351,1,17,"[0, 1, 2, 3, 4, 5, 6, 7]",93.01580810546875,46.05963134765625,46.9561767578125,143,93.01580810546875,46.5748291015625,46.44097900390625,141
2025-07-17T21:01:24.315375,2,17,"[0, 1, 2, 3, 5, 6, 7]",93.01580810546875,46.05963134765625,46.9561767578125,143,93.01580810546875,46.5748291015625,46.44097900390625,141
2025-07-17T21:01:24.317342,3,17,"[0, 1, 2, 3, 4, 5, 6, 7]",93.01580810546875,46.05963134765625,46.9561767578125,143,93.01580810546875,46.5748291015625,46.44097900390625,141
2025-07-17T21:01:24.323894,4,17,"[0, 1, 2, 3, 4, 5, 6, 7]",93.01580810546875,46.05963134765625,46.9561767578125,143,93.01580810546875,46.5748291015625,46.44097900390625,141
2025-07-17T21:01:24.331799,0,18,"[0, 1, 2, 3, 4, 5, 6, 7]",93.01580810546875,46.05963134765625,46.9561767578125,143,93.01580810546875,46.5748291015625,46.44097900390625,141
2025-07-17T21:01:24.338111,1,18,"[0, 1, 2, 3, 4, 5, 6, 7]",93.01580810546875,46.05963134765625,46.9561767578125,143,93.01580810546875,46.5748291015625,46.44097900390625,141
2025-07-17T21:01:24.350482,2,18,"[0, 1, 2, 3, 4, 5, 6, 7]",93.01580810546875,46.05963134765625,46.9561767578125,143,93.01580810546875,46.5748291015625,46.44097900390625,141
2025-07-17T21:01:24.353284,3,18,"[0, 1, 2, 3, 4, 5, 6, 7]",93.01580810546875,46.05963134765625,46.9561767578125,143,93.01580810546875,46.5748291015625,46.44097900390625,141
2025-07-17T21:01:24.359644,4,18,"[0, 1, 2, 3, 4, 5, 6, 7]",93.01580810546875,46.05963134765625,46.9561767578125,143,93.01580810546875,46.5748291015625,46.44097900390625,141
2025-07-17T21:01:24.366006,0,19,"[0, 1, 2, 3, 4, 5, 6, 7]",93.01580810546875,46.05963134765625,46.9561767578125,143,93.01580810546875,46.5748291015625,46.44097900390625,141
2025-07-17T21:01:24.378743,1,19,"[0, 1, 2, 3, 4, 5, 6, 7]",93.01580810546875,46.05963134765625,46.9561767578125,143,93.01580810546875,46.5748291015625,46.44097900390625,141
2025-07-17T21:01:24.381545,2,19,"[0, 1, 2, 3, 4, 5, 6]",93.01580810546875,46.05963134765625,46.9561767578125,143,93.01580810546875,46.5748291015625,46.44097900390625,141
2025-07-17T21:01:24.388133,3,19,"[0, 1, 2, 3, 4, 5, 6, 7]",93.01580810546875,46.05963134765625,46.9561767578125,143,93.01580810546875,46.5748291015625,46.44097900390625,141
2025-07-17T21:01:24.394654,4,19,"[0, 1, 2, 3, 4, 5, 6, 7]",93.01580810546875,46.05963134765625,46.9561767578125,143,93.01580810546875,46.5748291015625,46.44097900390625,141
2025-07-17T21:01:24.401574,0,20,"[0, 1, 2, 3, 4, 5, 6, 7]",93.01580810546875,46.05963134765625,46.9561767578125,143,93.01580810546875,46.5748291015625,46.44097900390625,141
2025-07-17T21:01:24.413497,1,20,"[0, 1, 2, 3, 4, 5, 6, 7]",93.01580810546875,46.05963134765625,46.9561767578125,143,93.01580810546875,46.5748291015625,46.44097900390625,141
2025-07-17T21:01:24.415287,2,20,"[0, 1, 2, 3, 4, 5, 6, 7]",93.01580810546875,46.05963134765625,46.9561767578125,143,93.01580810546875,46.5748291015625,46.44097900390625,141
2025-07-17T21:01:24.421851,3,20,"[0, 1, 2, 3, 4, 5, 6, 7]",93.01580810546875,46.05963134765625,46.9561767578125,143,93.01580810546875,46.5748291015625,46.44097900390625,141
2025-07-17T21:01:24.429336,4,20,"[0, 1, 2, 3, 4, 5, 6, 7]",93.01580810546875,46.05963134765625,46.9561767578125,143,93.01580810546875,46.5748291015625,46.44097900390625,141
2025-07-17T21:01:24.436041,0,21,"[0, 1, 2, 3, 4, 5, 6, 7]",93.01580810546875,46.05963134765625,46.9561767578125,143,93.01580810546875,46.5748291015625,46.44097900390625,141
2025-07-17T21:01:24.443039,1,21,"[0, 1, 2, 3, 4, 5, 6, 7]",93.01580810546875,46.05963134765625,46.9561767578125,143,93.01580810546875,46.5748291015625,46.44097900390625,141
2025-07-17T21:01:24.454249,2,21,"[0, 1, 2, 3, 4, 5, 6, 7]",93.01580810546875,46.05963134765625,46.9561767578125,143,93.01580810546875,46.5748291015625,46.44097900390625,141
2025-07-17T21:01:24.461260,3,21,"[0, 1, 2, 3, 4, 5, 6, 7]",93.01580810546875,46.05963134765625,46.9561767578125,143,93.01580810546875,46.5748291015625,46.44097900390625,141
2025-07-17T21:01:24.468156,4,21,"[0, 1, 2, 3, 4, 5, 6, 7]",93.01580810546875,46.05963134765625,46.9561767578125,143,93.01580810546875,46.5748291015625,46.44097900390625,141
2025-07-17T21:01:24.474710,0,22,"[0, 1, 2, 3, 4, 5, 6, 7]",93.01580810546875,46.05963134765625,46.9561767578125,143,93.01580810546875,46.5748291015625,46.44097900390625,141
2025-07-17T21:01:24.481486,1,22,"[0, 1, 2, 3, 4, 5, 6, 7]",93.01580810546875,46.05963134765625,46.9561767578125,143,93.01580810546875,46.5748291015625,46.44097900390625,141
2025-07-17T21:01:24.488144,2,22,"[0, 1, 2, 3, 4, 5, 6, 7]",93.01580810546875,46.05963134765625,46.9561767578125,143,93.01580810546875,46.5748291015625,46.44097900390625,141
2025-07-17T21:01:24.495126,3,22,"[0, 1, 2, 3, 4, 5, 6, 7]",93.01580810546875,46.05963134765625,46.9561767578125,143,93.01580810546875,46.5748291015625,46.44097900390625,141
2025-07-17T21:01:24.502195,4,22,"[0, 1, 2, 3, 4, 5, 6, 7]",93.01580810546875,46.05963134765625,46.9561767578125,143,93.01580810546875,46.5748291015625,46.44097900390625,141
2025-07-17T21:01:24.510396,0,23,"[0, 1, 2, 3, 4, 5, 6, 7]",93.01580810546875,46.05963134765625,46.9561767578125,143,93.01580810546875,46.5748291015625,46.44097900390625,141
2025-07-17T21:01:24.518533,1,23,"[0, 1, 2, 3, 4, 5, 6, 7]",93.01580810546875,46.05963134765625,46.9561767578125,143,93.01580810546875,46.5748291015625,46.44097900390625,141
2025-07-17T21:01:24.525778,2,23,"[0, 1, 2, 3, 4, 5, 6, 7]",93.01580810546875,46.05963134765625,46.9561767578125,143,93.01580810546875,46.5748291015625,46.44097900390625,141
2025-07-17T21:01:24.532336,3,23,"[0, 1, 2, 3, 4, 5, 6, 7]",93.01580810546875,46.05963134765625,46.9561767578125,143,93.01580810546875,46.5748291015625,46.44097900390625,141
2025-07-17T21:01:24.537495,4,23,"[0, 1, 2, 3, 4, 5, 6, 7]",93.01580810546875,46.05963134765625,46.9561767578125,143,93.01580810546875,46.5748291015625,46.44097900390625,141
2025-07-17T21:01:24.544738,0,24,"[0, 1, 2, 3, 4, 5, 6, 7]",93.01580810546875,46.05963134765625,46.9561767578125,143,93.01580810546875,46.5748291015625,46.44097900390625,141
2025-07-17T21:01:24.551675,1,24,"[0, 1, 2, 3, 4, 5, 6, 7]",93.01580810546875,46.05963134765625,46.9561767578125,143,93.01580810546875,46.5748291015625,46.44097900390625,141
2025-07-17T21:01:24.563923,2,24,"[0, 1, 2, 3, 4, 5, 6, 7]",93.01580810546875,46.05963134765625,46.9561767578125,143,93.01580810546875,46.5748291015625,46.44097900390625,141
2025-07-17T21:01:24.565776,3,24,"[0, 1, 2, 3, 4, 5, 6, 7]",93.01580810546875,46.05963134765625,46.9561767578125,143,93.01580810546875,46.5748291015625,46.44097900390625,141
2025-07-17T21:01:24.579127,4,24,"[0, 1, 2, 3, 4, 5, 6, 7]",93.01580810546875,46.05963134765625,46.9561767578125,143,93.01580810546875,46.5748291015625,46.44097900390625,141
2025-07-17T21:01:24.581039,0,25,"[0, 1, 2, 3, 4, 5, 6, 7]",93.01580810546875,46.05963134765625,46.9561767578125,143,93.01580810546875,46.5748291015625,46.44097900390625,141
2025-07-17T21:01:24.588288,1,25,"[0, 1, 2, 3, 4, 5, 6, 7]",93.01580810546875,46.05963134765625,46.9561767578125,143,93.01580810546875,46.5748291015625,46.44097900390625,141
2025-07-17T21:01:24.599888,2,25,"[0, 1, 2, 3, 4, 5, 6, 7]",93.01580810546875,46.05963134765625,46.9561767578125,143,93.01580810546875,46.5748291015625,46.44097900390625,141
2025-07-17T21:01:24.607035,3,25,"[0, 1, 2, 3, 4, 5, 6, 7]",93.01580810546875,46.05963134765625,46.9561767578125,143,93.01580810546875,46.5748291015625,46.44097900390625,141
2025-07-17T21:01:24.613861,4,25,"[0, 1, 2, 3, 4, 5, 6, 7]",93.01580810546875,46.05963134765625,46.9561767578125,143,93.01580810546875,46.5748291015625,46.44097900390625,141
2025-07-17T21:01:24.620432,0,26,"[0, 1, 2, 3, 4, 5, 6, 7]",93.01580810546875,46.05963134765625,46.9561767578125,143,93.01580810546875,46.5748291015625,46.44097900390625,141
2025-07-17T21:01:24.627115,1,26,"[0, 1, 2, 3, 4, 5, 6, 7]",93.01580810546875,46.05963134765625,46.9561767578125,143,93.01580810546875,46.5748291015625,46.44097900390625,141
2025-07-17T21:01:24.634270,2,26,"[0, 1, 2, 3, 4, 5, 6, 7]",93.01580810546875,46.05963134765625,46.9561767578125,143,93.01580810546875,46.5748291015625,46.44097900390625,141
2025-07-17T21:01:24.641102,3,26,"[0, 1, 2, 3, 4, 5, 6, 7]",93.01580810546875,46.05963134765625,46.9561767578125,143,93.01580810546875,46.5748291015625,46.44097900390625,141
2025-07-17T21:01:24.649245,4,26,"[0, 1, 2, 3, 4, 5, 6, 7]",93.01580810546875,46.05963134765625,46.9561767578125,143,93.01580810546875,46.5748291015625,46.44097900390625,141
2025-07-17T21:01:24.651431,0,27,"[0, 1, 2, 3, 4, 5, 6, 7]",93.01580810546875,46.05963134765625,46.9561767578125,143,93.01580810546875,46.5748291015625,46.44097900390625,141
2025-07-17T21:01:24.663708,1,27,"[0, 1, 2, 3, 4, 6, 7]",93.01580810546875,46.05963134765625,46.9561767578125,143,93.01580810546875,46.5748291015625,46.44097900390625,141
2025-07-17T21:01:24.665709,2,27,"[0, 1, 2, 3, 4, 5, 6, 7]",93.01580810546875,46.05963134765625,46.9561767578125,143,93.01580810546875,46.5748291015625,46.44097900390625,141
2025-07-17T21:01:24.672583,3,27,"[0, 1, 2, 3, 4, 6, 7]",93.01580810546875,46.05963134765625,46.9561767578125,143,93.01580810546875,46.5748291015625,46.44097900390625,141
2025-07-17T21:01:24.679491,4,27,"[0, 1, 2, 3, 4, 6, 7]",93.01580810546875,46.05963134765625,46.9561767578125,143,93.01580810546875,46.5748291015625,46.44097900390625,141
2025-07-17T21:01:24.686986,0,28,"[0, 1, 2, 3, 4, 5, 6, 7]",93.01580810546875,46.05963134765625,46.9561767578125,143,93.01580810546875,46.5748291015625,46.44097900390625,141
2025-07-17T21:01:24.699253,1,28,"[0, 1, 2, 3, 4, 5, 6, 7]",93.01580810546875,46.05963134765625,46.9561767578125,143,93.01580810546875,46.5748291015625,46.44097900390625,141
2025-07-17T21:01:24.701423,2,28,"[0, 1, 2, 3, 4, 5, 6, 7]",93.01580810546875,46.05963134765625,46.9561767578125,143,93.01580810546875,46.5748291015625,46.44097900390625,141
2025-07-17T21:01:24.708604,3,28,"[0, 1, 2, 3, 4, 5, 6, 7]",93.01580810546875,46.05963134765625,46.9561767578125,143,93.01580810546875,46.5748291015625,46.44097900390625,141
2025-07-17T21:01:24.715811,4,28,"[0, 1, 2, 3, 4, 5, 6, 7]",93.01580810546875,46.05963134765625,46.9561767578125,143,93.01580810546875,46.5748291015625,46.44097900390625,141
2025-07-17T21:01:24.727545,0,29,"[0, 1, 2, 3, 4, 5, 6, 7]",93.01580810546875,46.05963134765625,46.9561767578125,143,93.01580810546875,46.5748291015625,46.44097900390625,141
2025-07-17T21:01:24.735372,1,29,"[0, 1, 2, 3, 4, 5, 6, 7]",93.01580810546875,46.05963134765625,46.9561767578125,143,93.01580810546875,46.5748291015625,46.44097900390625,141
2025-07-17T21:01:24.737484,2,29,"[0, 1, 2, 3, 4, 5, 6, 7]",93.01580810546875,46.05963134765625,46.9561767578125,143,93.01580810546875,46.5748291015625,46.44097900390625,141
2025-07-17T21:01:24.743843,3,29,"[0, 1, 2, 3, 4, 5, 6, 7]",93.01580810546875,46.05963134765625,46.9561767578125,143,93.01580810546875,46.5748291015625,46.44097900390625,141
2025-07-17T21:01:24.751043,4,29,"[0, 1, 2, 3, 4, 5, 6, 7]",93.01580810546875,46.05963134765625,46.9561767578125,143,93.01580810546875,46.5748291015625,46.44097900390625,141
2025-07-17T21:01:24.757901,0,30,"[0, 1, 2, 3, 4, 5, 6, 7]",93.01580810546875,46.05963134765625,46.9561767578125,143,93.01580810546875,46.5748291015625,46.44097900390625,141
2025-07-17T21:01:24.766124,1,30,"[0, 1, 2, 3, 4, 5, 6, 7]",93.01580810546875,46.05963134765625,46.9561767578125,143,93.01580810546875,46.5748291015625,46.44097900390625,141
2025-07-17T21:01:24.772971,2,30,"[0, 1, 2, 3, 4, 5, 6, 7]",93.01580810546875,46.05963134765625,46.9561767578125,143,93.01580810546875,46.5748291015625,46.44097900390625,141
2025-07-17T21:01:24.780435,3,30,"[0, 1, 2, 3, 4, 5, 6, 7]",93.01580810546875,46.05963134765625,46.9561767578125,143,93.01580810546875,46.5748291015625,46.44097900390625,141
2025-07-17T21:01:24.787409,4,30,"[0, 1, 2, 3, 4, 5, 6, 7]",93.01580810546875,46.05963134765625,46.9561767578125,143,93.01580810546875,46.5748291015625,46.44097900390625,141
2025-07-17T21:01:24.793685,0,31,"[0, 1, 2, 3, 4, 5, 6, 7]",93.01580810546875,46.05963134765625,46.9561767578125,143,93.01580810546875,46.5748291015625,46.44097900390625,141
2025-07-17T21:01:24.801301,1,31,"[0, 1, 2, 3, 4, 5, 6, 7]",93.01580810546875,46.05963134765625,46.9561767578125,143,93.01580810546875,46.5748291015625,46.44097900390625,141
2025-07-17T21:01:24.813804,2,31,"[0, 1, 2, 3, 4, 5, 6, 7]",93.01580810546875,46.05963134765625,46.9561767578125,143,93.01580810546875,46.5748291015625,46.44097900390625,141
2025-07-17T21:01:24.824588,3,31,"[0, 1, 2, 3, 4, 5, 6, 7]",93.01580810546875,46.05963134765625,46.9561767578125,143,93.01580810546875,46.5748291015625,46.44097900390625,141
2025-07-17T21:01:24.827107,4,31,"[0, 1, 2, 3, 4, 5, 6, 7]",93.01580810546875,46.05963134765625,46.9561767578125,143,93.01580810546875,46.5748291015625,46.44097900390625,141
2025-07-17T21:01:24.842482,0,0,"[0, 1, 2, 3, 4, 5, 6, 7]",93.01580810546875,46.05963134765625,46.9561767578125,143,93.01580810546875,46.5748291015625,46.44097900390625,141
2025-07-17T21:01:24.849734,1,0,"[0, 1, 2, 3, 4, 5, 6, 7]",93.01580810546875,46.05963134765625,46.9561767578125,143,93.01580810546875,46.5748291015625,46.44097900390625,141
2025-07-17T21:01:24.858101,2,0,"[0, 1, 2, 3, 4, 5, 6, 7]",93.01580810546875,46.05963134765625,46.9561767578125,143,93.01580810546875,46.5748291015625,46.44097900390625,141
2025-07-17T21:01:24.865791,3,0,"[0, 1, 2, 3, 4, 5, 6, 7]",93.01580810546875,46.05963134765625,46.9561767578125,143,93.01580810546875,46.5748291015625,46.44097900390625,141
2025-07-17T21:01:24.873336,4,0,"[0, 1, 2, 3, 4, 5, 6, 7]",93.01580810546875,46.05963134765625,46.9561767578125,143,93.01580810546875,46.5748291015625,46.44097900390625,141
2025-07-17T21:01:24.881259,0,1,"[0, 1, 2, 3, 4, 5, 6, 7]",93.01580810546875,46.05963134765625,46.9561767578125,143,93.01580810546875,46.5748291015625,46.44097900390625,141
2025-07-17T21:01:24.888539,1,1,"[0, 1, 2, 3, 4, 5, 6, 7]",93.01580810546875,46.05963134765625,46.9561767578125,143,93.01580810546875,46.5748291015625,46.44097900390625,141
2025-07-17T21:01:24.895813,2,1,"[0, 1, 2, 4, 5, 6, 7]",93.01580810546875,46.05963134765625,46.9561767578125,143,93.01580810546875,46.5748291015625,46.44097900390625,141
2025-07-17T21:01:24.903170,3,1,"[0, 1, 2, 3, 4, 5, 6, 7]",93.01580810546875,46.05963134765625,46.9561767578125,143,93.01580810546875,46.5748291015625,46.44097900390625,141
2025-07-17T21:01:24.910782,4,1,"[0, 1, 2, 3, 4, 5, 6, 7]",93.01580810546875,46.05963134765625,46.9561767578125,143,93.01580810546875,46.5748291015625,46.44097900390625,141
2025-07-17T21:01:24.918069,0,2,"[0, 1, 2, 3, 4, 5, 6, 7]",93.01580810546875,46.05963134765625,46.9561767578125,143,93.01580810546875,46.5748291015625,46.44097900390625,141
2025-07-17T21:01:24.925873,1,2,"[0, 1, 2, 3, 4, 5, 6, 7]",93.01580810546875,46.05963134765625,46.9561767578125,143,93.01580810546875,46.5748291015625,46.44097900390625,141
2025-07-17T21:01:24.932875,2,2,"[0, 1, 2, 3, 4, 5, 6, 7]",93.01580810546875,46.05963134765625,46.9561767578125,143,93.01580810546875,46.5748291015625,46.44097900390625,141
2025-07-17T21:01:24.939976,3,2,"[0, 1, 2, 3, 4, 5, 6, 7]",93.01580810546875,46.05963134765625,46.9561767578125,143,93.01580810546875,46.5748291015625,46.44097900390625,141
2025-07-17T21:01:24.947003,4,2,"[0, 1, 2, 3, 4, 5, 6, 7]",93.01580810546875,46.05963134765625,46.9561767578125,143,93.01580810546875,46.5748291015625,46.44097900390625,141
2025-07-17T21:01:24.954314,0,3,"[0, 1, 2, 3, 4, 5, 6, 7]",93.01580810546875,46.05963134765625,46.9561767578125,143,93.01580810546875,46.5748291015625,46.44097900390625,141
2025-07-17T21:01:24.961727,1,3,"[0, 1, 2, 3, 4, 6, 7]",93.01580810546875,46.05963134765625,46.9561767578125,143,93.01580810546875,46.5748291015625,46.44097900390625,141
2025-07-17T21:01:24.969660,2,3,"[0, 1, 2, 3, 4, 5, 6, 7]",93.01580810546875,46.05963134765625,46.9561767578125,143,93.01580810546875,46.5748291015625,46.44097900390625,141
2025-07-17T21:01:24.976510,3,3,"[0, 1, 2, 3, 4, 6, 7]",93.01580810546875,46.05963134765625,46.9561767578125,143,93.01580810546875,46.5748291015625,46.44097900390625,141
2025-07-17T21:01:24.983197,4,3,"[0, 1, 2, 3, 4, 6, 7]",93.01580810546875,46.05963134765625,46.9561767578125,143,93.01580810546875,46.5748291015625,46.44097900390625,141
2025-07-17T21:01:24.990675,0,4,"[0, 1, 2, 3, 4, 5, 6, 7]",93.01580810546875,46.05963134765625,46.9561767578125,143,93.01580810546875,46.5748291015625,46.44097900390625,141
2025-07-17T21:01:24.998520,1,4,"[0, 1, 2, 3, 4, 5, 6, 7]",93.01580810546875,46.05963134765625,46.9561767578125,143,93.01580810546875,46.5748291015625,46.44097900390625,141
2025-07-17T21:01:25.003689,2,4,"[0, 1, 2, 3, 4, 5, 6, 7]",93.01580810546875,46.05963134765625,46.9561767578125,143,93.01580810546875,46.5748291015625,46.44097900390625,141
2025-07-17T21:01:25.015683,3,4,"[0, 1, 2, 3, 4, 5, 6, 7]",93.01580810546875,46.05963134765625,46.9561767578125,143,93.01580810546875,46.5748291015625,46.44097900390625,141
2025-07-17T21:01:25.023011,4,4,"[0, 1, 2, 3, 4, 5, 6, 7]",93.01580810546875,46.05963134765625,46.9561767578125,143,93.01580810546875,46.5748291015625,46.44097900390625,141
2025-07-17T21:01:25.029916,0,5,"[0, 1, 2, 3, 4, 5, 6, 7]",93.01580810546875,46.05963134765625,46.9561767578125,143,93.01580810546875,46.5748291015625,46.44097900390625,141
2025-07-17T21:01:25.036985,1,5,"[0, 1, 2, 3, 4, 5, 6, 7]",93.01580810546875,46.05963134765625,46.9561767578125,143,93.01580810546875,46.5748291015625,46.44097900390625,141
2025-07-17T21:01:25.043821,2,5,"[0, 1, 2, 3, 4, 5, 6, 7]",93.01580810546875,46.05963134765625,46.9561767578125,143,93.01580810546875,46.5748291015625,46.44097900390625,141
2025-07-17T21:01:25.050957,3,5,"[0, 1, 2, 3, 4, 5, 6, 7]",93.01580810546875,46.05963134765625,46.9561767578125,143,93.01580810546875,46.5748291015625,46.44097900390625,141
2025-07-17T21:01:25.057844,4,5,"[0, 1, 2, 3, 4, 5, 6, 7]",93.01580810546875,46.05963134765625,46.9561767578125,143,93.01580810546875,46.5748291015625,46.44097900390625,141
2025-07-17T21:01:25.064377,0,6,"[0, 1, 2, 3, 4, 5, 6, 7]",93.01580810546875,46.05963134765625,46.9561767578125,143,93.01580810546875,46.5748291015625,46.44097900390625,141
2025-07-17T21:01:25.071067,1,6,"[0, 1, 2, 3, 4, 5, 6, 7]",93.01580810546875,46.05963134765625,46.9561767578125,143,93.01580810546875,46.5748291015625,46.44097900390625,141
2025-07-17T21:01:25.078369,2,6,"[0, 1, 2, 3, 4, 5, 6, 7]",93.01580810546875,46.05963134765625,46.9561767578125,143,93.01580810546875,46.5748291015625,46.44097900390625,141
2025-07-17T21:01:25.085158,3,6,"[0, 1, 2, 3, 4, 5, 6, 7]",93.01580810546875,46.05963134765625,46.9561767578125,143,93.01580810546875,46.5748291015625,46.44097900390625,141
2025-07-17T21:01:25.092976,4,6,"[0, 1, 2, 3, 4, 5, 6, 7]",93.01580810546875,46.05963134765625,46.9561767578125,143,93.01580810546875,46.5748291015625,46.44097900390625,141
2025-07-17T21:01:25.100980,0,7,"[0, 1, 2, 3, 4, 5, 6, 7]",93.01580810546875,46.05963134765625,46.9561767578125,143,93.01580810546875,46.5748291015625,46.44097900390625,141
2025-07-17T21:01:25.107987,1,7,"[0, 2, 3, 4, 5, 6, 7]",93.01580810546875,46.05963134765625,46.9561767578125,143,93.01580810546875,46.5748291015625,46.44097900390625,141
2025-07-17T21:01:25.114396,2,7,"[0, 1, 2, 4, 5, 6, 7]",93.01580810546875,46.05963134765625,46.9561767578125,143,93.01580810546875,46.5748291015625,46.44097900390625,141
2025-07-17T21:01:25.122155,3,7,"[0, 2, 3, 4, 5, 6, 7]",93.01580810546875,46.05963134765625,46.9561767578125,143,93.01580810546875,46.5748291015625,46.44097900390625,141
2025-07-17T21:01:25.129104,4,7,"[0, 2, 3, 4, 5, 6, 7]",93.01580810546875,46.05963134765625,46.9561767578125,143,93.01580810546875,46.5748291015625,46.44097900390625,141
2025-07-17T21:01:25.136841,0,8,"[0, 1, 2, 3, 4, 5, 6, 7]",93.01580810546875,46.05963134765625,46.9561767578125,143,93.01580810546875,46.5748291015625,46.44097900390625,141
2025-07-17T21:01:25.143582,1,8,"[0, 2, 3, 4, 5, 6, 7]",93.01580810546875,46.05963134765625,46.9561767578125,143,93.01580810546875,46.5748291015625,46.44097900390625,141
2025-07-17T21:01:25.150258,2,8,"[0, 1, 2, 3, 4, 5, 6, 7]",93.01580810546875,46.05963134765625,46.9561767578125,143,93.01580810546875,46.5748291015625,46.44097900390625,141
2025-07-17T21:01:25.156795,3,8,"[0, 2, 3, 4, 5, 6, 7]",93.01580810546875,46.05963134765625,46.9561767578125,143,93.01580810546875,46.5748291015625,46.44097900390625,141
2025-07-17T21:01:25.161946,4,8,"[0, 2, 3, 4, 5, 6, 7]",93.01580810546875,46.05963134765625,46.9561767578125,143,93.01580810546875,46.5748291015625,46.44097900390625,141
2025-07-17T21:01:25.168520,0,9,"[0, 1, 2, 3, 4, 5, 6, 7]",93.01580810546875,46.05963134765625,46.9561767578125,143,93.01580810546875,46.5748291015625,46.44097900390625,141
2025-07-17T21:01:25.179971,1,9,"[0, 1, 2, 3, 4, 5, 6, 7]",93.01580810546875,46.05963134765625,46.9561767578125,143,93.01580810546875,46.5748291015625,46.44097900390625,141
2025-07-17T21:01:25.187115,2,9,"[0, 1, 2, 3, 4, 5, 6, 7]",93.01580810546875,46.05963134765625,46.9561767578125,143,93.01580810546875,46.5748291015625,46.44097900390625,141
2025-07-17T21:01:25.194505,3,9,"[0, 1, 2, 3, 4, 5, 6, 7]",93.01580810546875,46.05963134765625,46.9561767578125,143,93.01580810546875,46.5748291015625,46.44097900390625,141
2025-07-17T21:01:25.201613,4,9,"[0, 1, 2, 3, 4, 5, 6, 7]",93.01580810546875,46.05963134765625,46.9561767578125,143,93.01580810546875,46.5748291015625,46.44097900390625,141
2025-07-17T21:01:25.208185,0,10,"[0, 1, 2, 3, 4, 5, 6, 7]",93.01580810546875,46.05963134765625,46.9561767578125,143,93.01580810546875,46.5748291015625,46.44097900390625,141
2025-07-17T21:01:25.213982,1,10,"[0, 1, 2, 3, 4, 6, 7]",93.01580810546875,46.05963134765625,46.9561767578125,143,93.01580810546875,46.5748291015625,46.44097900390625,141
2025-07-17T21:01:25.220644,2,10,"[0, 1, 2, 3, 4, 5, 6, 7]",93.01580810546875,46.05963134765625,46.9561767578125,143,93.01580810546875,46.5748291015625,46.44097900390625,141
2025-07-17T21:01:25.227851,3,10,"[0, 1, 2, 3, 4, 6, 7]",93.01580810546875,46.05963134765625,46.9561767578125,143,93.01580810546875,46.5748291015625,46.44097900390625,141
2025-07-17T21:01:25.234799,4,10,"[0, 1, 2, 3, 4, 6, 7]",93.01580810546875,46.05963134765625,46.9561767578125,143,93.01580810546875,46.5748291015625,46.44097900390625,141
2025-07-17T21:01:25.242035,0,11,"[0, 1, 2, 3, 4, 5, 6, 7]",93.01580810546875,46.05963134765625,46.9561767578125,143,93.01580810546875,46.5748291015625,46.44097900390625,141
2025-07-17T21:01:25.249096,1,11,"[0, 1, 2, 3, 4, 5, 6, 7]",93.01580810546875,46.05963134765625,46.9561767578125,143,93.01580810546875,46.5748291015625,46.44097900390625,141
2025-07-17T21:01:25.256047,2,11,"[0, 1, 2, 3, 4, 5, 6, 7]",93.01580810546875,46.05963134765625,46.9561767578125,143,93.01580810546875,46.5748291015625,46.44097900390625,141
2025-07-17T21:01:25.267967,3,11,"[0, 1, 2, 3, 4, 5, 6, 7]",93.01580810546875,46.05963134765625,46.9561767578125,143,93.01580810546875,46.5748291015625,46.44097900390625,141
2025-07-17T21:01:25.270089,4,11,"[0, 1, 2, 3, 4, 5, 6, 7]",93.01580810546875,46.05963134765625,46.9561767578125,143,93.01580810546875,46.5748291015625,46.44097900390625,141
2025-07-17T21:01:25.277400,0,12,"[0, 1, 2, 3, 4, 5, 6, 7]",93.01580810546875,46.05963134765625,46.9561767578125,143,93.01580810546875,46.5748291015625,46.44097900390625,141
2025-07-17T21:01:25.283936,1,12,"[0, 1, 2, 3, 4, 5, 6]",93.01580810546875,46.05963134765625,46.9561767578125,143,93.01580810546875,46.5748291015625,46.44097900390625,141
2025-07-17T21:01:25.291260,2,12,"[0, 1, 2, 3, 4, 5, 6, 7]",93.01580810546875,46.05963134765625,46.9561767578125,143,93.01580810546875,46.5748291015625,46.44097900390625,141
2025-07-17T21:01:25.297685,3,12,"[0, 1, 2, 3, 4, 5, 6]",93.01580810546875,46.05963134765625,46.9561767578125,143,93.01580810546875,46.5748291015625,46.44097900390625,141
2025-07-17T21:01:25.304112,4,12,"[0, 1, 2, 3, 4, 5, 6]",93.01580810546875,46.05963134765625,46.9561767578125,143,93.01580810546875,46.5748291015625,46.44097900390625,141
2025-07-17T21:01:25.310780,0,13,"[0, 1, 2, 3, 4, 5, 6, 7]",93.01580810546875,46.05963134765625,46.9561767578125,143,93.01580810546875,46.5748291015625,46.44097900390625,141
2025-07-17T21:01:25.318344,1,13,"[0, 1, 2, 3, 4, 5, 6, 7]",93.01580810546875,46.05963134765625,46.9561767578125,143,93.01580810546875,46.5748291015625,46.44097900390625,141
2025-07-17T21:01:25.325738,2,13,"[0, 1, 2, 3, 4, 5, 6, 7]",93.01580810546875,46.05963134765625,46.9561767578125,143,93.01580810546875,46.5748291015625,46.44097900390625,141
2025-07-17T21:01:25.331736,3,13,"[0, 1, 2, 3, 4, 5, 6, 7]",93.01580810546875,46.05963134765625,46.9561767578125,143,93.01580810546875,46.5748291015625,46.44097900390625,141
2025-07-17T21:01:25.338059,4,13,"[0, 1, 2, 3, 4, 5, 6, 7]",93.01580810546875,46.05963134765625,46.9561767578125,143,93.01580810546875,46.5748291015625,46.44097900390625,141
2025-07-17T21:01:25.344439,0,14,"[0, 1, 2, 3, 4, 5, 6, 7]",93.01580810546875,46.05963134765625,46.9561767578125,143,93.01580810546875,46.5748291015625,46.44097900390625,141
2025-07-17T21:01:25.351011,1,14,"[0, 1, 2, 3, 4, 5, 6]",93.01580810546875,46.05963134765625,46.9561767578125,143,93.01580810546875,46.5748291015625,46.44097900390625,141
2025-07-17T21:01:25.362705,2,14,"[0, 1, 2, 3, 4, 5, 6, 7]",93.01580810546875,46.05963134765625,46.9561767578125,143,93.01580810546875,46.5748291015625,46.44097900390625,141
2025-07-17T21:01:25.364909,3,14,"[0, 1, 2, 3, 4, 5, 6]",93.01580810546875,46.05963134765625,46.9561767578125,143,93.01580810546875,46.5748291015625,46.44097900390625,141
2025-07-17T21:01:25.377003,4,14,"[0, 1, 2, 3, 4, 5, 6]",93.01580810546875,46.05963134765625,46.9561767578125,143,93.01580810546875,46.5748291015625,46.44097900390625,141
2025-07-17T21:01:25.378930,0,15,"[0, 1, 2, 3, 4, 5, 6, 7]",93.01580810546875,46.05963134765625,46.9561767578125,143,93.01580810546875,46.5748291015625,46.44097900390625,141
2025-07-17T21:01:25.390484,1,15,"[0, 1, 2, 3, 4, 5, 7]",93.01580810546875,46.05963134765625,46.9561767578125,143,93.01580810546875,46.5748291015625,46.44097900390625,141
2025-07-17T21:01:25.392678,2,15,"[0, 1, 2, 3, 4, 5, 6, 7]",93.01580810546875,46.05963134765625,46.9561767578125,143,93.01580810546875,46.5748291015625,46.44097900390625,141
2025-07-17T21:01:25.399429,3,15,"[0, 1, 2, 3, 4, 5, 7]",93.01580810546875,46.05963134765625,46.9561767578125,143,93.01580810546875,46.5748291015625,46.44097900390625,141
2025-07-17T21:01:25.410934,4,15,"[0, 1, 2, 3, 4, 5, 7]",93.01580810546875,46.05963134765625,46.9561767578125,143,93.01580810546875,46.5748291015625,46.44097900390625,141
2025-07-17T21:01:25.418192,0,16,"[0, 1, 2, 3, 4, 5, 6, 7]",93.01580810546875,46.05963134765625,46.9561767578125,143,93.01580810546875,46.5748291015625,46.44097900390625,141
2025-07-17T21:01:25.425259,1,16,"[0, 1, 2, 3, 4, 5, 6, 7]",93.01580810546875,46.05963134765625,46.9561767578125,143,93.01580810546875,46.5748291015625,46.44097900390625,141
2025-07-17T21:01:25.432343,2,16,"[0, 1, 2, 3, 4, 5, 6, 7]",93.01580810546875,46.05963134765625,46.9561767578125,143,93.01580810546875,46.5748291015625,46.44097900390625,141
2025-07-17T21:01:25.439667,3,16,"[0, 1, 2, 3, 4, 5, 6, 7]",93.01580810546875,46.05963134765625,46.9561767578125,143,93.01580810546875,46.5748291015625,46.44097900390625,141
2025-07-17T21:01:25.446897,4,16,"[0, 1, 2, 3, 4, 5, 6, 7]",93.01580810546875,46.05963134765625,46.9561767578125,143,93.01580810546875,46.5748291015625,46.44097900390625,141
2025-07-17T21:01:25.454630,0,17,"[0, 1, 2, 3, 4, 5, 6, 7]",93.01580810546875,46.05963134765625,46.9561767578125,143,93.01580810546875,46.5748291015625,46.44097900390625,141
2025-07-17T21:01:25.461800,1,17,"[0, 1, 2, 3, 4, 5, 6, 7]",93.01580810546875,46.05963134765625,46.9561767578125,143,93.01580810546875,46.5748291015625,46.44097900390625,141
2025-07-17T21:01:25.469960,2,17,"[0, 1, 2, 3, 4, 5, 6, 7]",93.01580810546875,46.05963134765625,46.9561767578125,143,93.01580810546875,46.5748291015625,46.44097900390625,141
2025-07-17T21:01:25.477019,3,17,"[0, 1, 2, 3, 4, 5, 6, 7]",93.01580810546875,46.05963134765625,46.9561767578125,143,93.01580810546875,46.5748291015625,46.44097900390625,141
2025-07-17T21:01:25.484738,4,17,"[0, 1, 2, 3, 4, 5, 6, 7]",93.01580810546875,46.05963134765625,46.9561767578125,143,93.01580810546875,46.5748291015625,46.44097900390625,141
2025-07-17T21:01:25.492115,0,18,"[0, 1, 2, 3, 4, 5, 6, 7]",93.01580810546875,46.05963134765625,46.9561767578125,143,93.01580810546875,46.5748291015625,46.44097900390625,141
2025-07-17T21:01:25.499667,1,18,"[0, 1, 2, 3, 4, 5, 6, 7]",93.01580810546875,46.05963134765625,46.9561767578125,143,93.01580810546875,46.5748291015625,46.44097900390625,141
2025-07-17T21:01:25.507376,2,18,"[0, 1, 2, 3, 4, 5, 6, 7]",93.01580810546875,46.05963134765625,46.9561767578125,143,93.01580810546875,46.5748291015625,46.44097900390625,141
2025-07-17T21:01:25.514487,3,18,"[0, 1, 2, 3, 4, 5, 6, 7]",93.01580810546875,46.05963134765625,46.9561767578125,143,93.01580810546875,46.5748291015625,46.44097900390625,141
2025-07-17T21:01:25.521528,4,18,"[0, 1, 2, 3, 4, 5, 6, 7]",93.01580810546875,46.05963134765625,46.9561767578125,143,93.01580810546875,46.5748291015625,46.44097900390625,141
2025-07-17T21:01:25.528188,0,19,"[0, 1, 2, 3, 4, 5, 6, 7]",93.01580810546875,46.05963134765625,46.9561767578125,143,93.01580810546875,46.5748291015625,46.44097900390625,141
2025-07-17T21:01:25.535485,1,19,"[0, 1, 2, 3, 4, 5, 6, 7]",93.01580810546875,46.05963134765625,46.9561767578125,143,93.01580810546875,46.5748291015625,46.44097900390625,141
2025-07-17T21:01:25.542351,2,19,"[0, 1, 2, 3, 4, 5, 6, 7]",93.01580810546875,46.05963134765625,46.9561767578125,143,93.01580810546875,46.5748291015625,46.44097900390625,141
2025-07-17T21:01:25.553131,3,19,"[0, 1, 2, 3, 4, 5, 6, 7]",93.01580810546875,46.05963134765625,46.9561767578125,143,93.01580810546875,46.5748291015625,46.44097900390625,141
2025-07-17T21:01:25.560729,4,19,"[0, 1, 2, 3, 4, 5, 6, 7]",93.01580810546875,46.05963134765625,46.9561767578125,143,93.01580810546875,46.5748291015625,46.44097900390625,141
2025-07-17T21:01:25.562490,0,20,"[0, 1, 2, 3, 4, 5, 6, 7]",93.01580810546875,46.05963134765625,46.9561767578125,143,93.01580810546875,46.5748291015625,46.44097900390625,141
2025-07-17T21:01:25.569679,1,20,"[0, 1, 2, 3, 4, 5, 6, 7]",93.01580810546875,46.05963134765625,46.9561767578125,143,93.01580810546875,46.5748291015625,46.44097900390625,141
2025-07-17T21:01:25.582220,2,20,"[0, 1, 2, 3, 4, 5, 6, 7]",93.01580810546875,46.05963134765625,46.9561767578125,143,93.01580810546875,46.5748291015625,46.44097900390625,141
2025-07-17T21:01:25.583792,3,20,"[0, 1, 2, 3, 4, 5, 6, 7]",93.01580810546875,46.05963134765625,46.9561767578125,143,93.01580810546875,46.5748291015625,46.44097900390625,141
2025-07-17T21:01:25.590818,4,20,"[0, 1, 2, 3, 4, 5, 6, 7]",93.01580810546875,46.05963134765625,46.9561767578125,143,93.01580810546875,46.5748291015625,46.44097900390625,141
2025-07-17T21:01:25.602314,0,21,"[0, 1, 2, 3, 4, 5, 6, 7]",93.01580810546875,46.05963134765625,46.9561767578125,143,93.01580810546875,46.5748291015625,46.44097900390625,141
2025-07-17T21:01:25.609300,1,21,"[0, 1, 2, 3, 5, 7]",93.01580810546875,46.05963134765625,46.9561767578125,143,93.01580810546875,46.5748291015625,46.44097900390625,141
2025-07-17T21:01:25.616280,2,21,"[0, 1, 2, 3, 4, 5, 6, 7]",93.01580810546875,46.05963134765625,46.9561767578125,143,93.01580810546875,46.5748291015625,46.44097900390625,141
2025-07-17T21:01:25.622902,3,21,"[0, 1, 2, 3, 5, 7]",93.01580810546875,46.05963134765625,46.9561767578125,143,93.01580810546875,46.5748291015625,46.44097900390625,141
2025-07-17T21:01:25.629515,4,21,"[0, 1, 2, 3, 5, 7]",93.01580810546875,46.05963134765625,46.9561767578125,143,93.01580810546875,46.5748291015625,46.44097900390625,141
2025-07-17T21:01:25.637182,0,22,"[0, 1, 2, 3, 4, 5, 6, 7]",93.01580810546875,46.05963134765625,46.9561767578125,143,93.01580810546875,46.5748291015625,46.44097900390625,141
2025-07-17T21:01:25.639274,1,22,"[0, 1, 2, 3, 4, 6, 7]",93.01580810546875,46.05963134765625,46.9561767578125,143,93.01580810546875,46.5748291015625,46.44097900390625,141
2025-07-17T21:01:25.647322,2,22,"[0, 1, 2, 3, 4, 5, 6, 7]",93.01580810546875,46.05963134765625,46.9561767578125,143,93.01580810546875,46.5748291015625,46.44097900390625,141
2025-07-17T21:01:25.660097,3,22,"[0, 1, 2, 3, 4, 6, 7]",93.01580810546875,46.05963134765625,46.9561767578125,143,93.01580810546875,46.5748291015625,46.44097900390625,141
2025-07-17T21:01:25.661936,4,22,"[0, 1, 2, 3, 4, 6, 7]",93.01580810546875,46.05963134765625,46.9561767578125,143,93.01580810546875,46.5748291015625,46.44097900390625,141
2025-07-17T21:01:25.673011,0,23,"[0, 1, 2, 3, 4, 5, 6, 7]",93.01580810546875,46.05963134765625,46.9561767578125,143,93.01580810546875,46.5748291015625,46.44097900390625,141
2025-07-17T21:01:25.680625,1,23,"[0, 1, 2, 3, 4, 5, 6]",93.01580810546875,46.05963134765625,46.9561767578125,143,93.01580810546875,46.5748291015625,46.44097900390625,141
2025-07-17T21:01:25.687978,2,23,"[0, 1, 2, 3, 4, 5, 6, 7]",93.01580810546875,46.05963134765625,46.9561767578125,143,93.01580810546875,46.5748291015625,46.44097900390625,141
2025-07-17T21:01:25.695211,3,23,"[0, 1, 2, 3, 4, 5, 6]",93.01580810546875,46.05963134765625,46.9561767578125,143,93.01580810546875,46.5748291015625,46.44097900390625,141
2025-07-17T21:01:25.702105,4,23,"[0, 1, 2, 3, 4, 5, 6]",93.01580810546875,46.05963134765625,46.9561767578125,143,93.01580810546875,46.5748291015625,46.44097900390625,141
2025-07-17T21:01:25.708873,0,24,"[0, 1, 2, 3, 4, 5, 6, 7]",93.01580810546875,46.05963134765625,46.9561767578125,143,93.01580810546875,46.5748291015625,46.44097900390625,141
2025-07-17T21:01:25.715009,1,24,"[0, 1, 3, 4, 5, 6, 7]",93.01580810546875,46.05963134765625,46.9561767578125,143,93.01580810546875,46.5748291015625,46.44097900390625,141
2025-07-17T21:01:25.721360,2,24,"[0, 1, 2, 3, 4, 5, 6, 7]",93.01580810546875,46.05963134765625,46.9561767578125,143,93.01580810546875,46.5748291015625,46.44097900390625,141
2025-07-17T21:01:25.728434,3,24,"[0, 1, 3, 4, 5, 6, 7]",93.01580810546875,46.05963134765625,46.9561767578125,143,93.01580810546875,46.5748291015625,46.44097900390625,141
2025-07-17T21:01:25.734416,4,24,"[0, 1, 3, 4, 5, 6, 7]",93.01580810546875,46.05963134765625,46.9561767578125,143,93.01580810546875,46.5748291015625,46.44097900390625,141
2025-07-17T21:01:25.745617,0,25,"[0, 1, 2, 3, 4, 5, 6, 7]",93.01580810546875,46.05963134765625,46.9561767578125,143,93.01580810546875,46.5748291015625,46.44097900390625,141
2025-07-17T21:01:25.752678,1,25,"[0, 1, 2, 3, 4, 6, 7]",93.01580810546875,46.05963134765625,46.9561767578125,143,93.01580810546875,46.5748291015625,46.44097900390625,141
2025-07-17T21:01:25.759651,2,25,"[0, 1, 2, 3, 4, 5, 6, 7]",93.01580810546875,46.05963134765625,46.9561767578125,143,93.01580810546875,46.5748291015625,46.44097900390625,141
2025-07-17T21:01:25.767149,3,25,"[0, 1, 2, 3, 4, 6, 7]",93.01580810546875,46.05963134765625,46.9561767578125,143,93.01580810546875,46.5748291015625,46.44097900390625,141
2025-07-17T21:01:25.774658,4,25,"[0, 1, 2, 3, 4, 6, 7]",93.01580810546875,46.05963134765625,46.9561767578125,143,93.01580810546875,46.5748291015625,46.44097900390625,141
2025-07-17T21:01:25.781448,0,26,"[0, 1, 2, 3, 4, 5, 6, 7]",93.01580810546875,46.05963134765625,46.9561767578125,143,93.01580810546875,46.5748291015625,46.44097900390625,141
2025-07-17T21:01:25.788581,1,26,"[0, 1, 2, 3, 4, 5, 6, 7]",93.01580810546875,46.05963134765625,46.9561767578125,143,93.01580810546875,46.5748291015625,46.44097900390625,141
2025-07-17T21:01:25.795707,2,26,"[0, 1, 2, 3, 4, 5, 6, 7]",93.01580810546875,46.05963134765625,46.9561767578125,143,93.01580810546875,46.5748291015625,46.44097900390625,141
2025-07-17T21:01:25.803237,3,26,"[0, 1, 2, 3, 4, 5, 6, 7]",93.01580810546875,46.05963134765625,46.9561767578125,143,93.01580810546875,46.5748291015625,46.44097900390625,141
2025-07-17T21:01:25.810349,4,26,"[0, 1, 2, 3, 4, 5, 6, 7]",93.01580810546875,46.05963134765625,46.9561767578125,143,93.01580810546875,46.5748291015625,46.44097900390625,141
2025-07-17T21:01:25.817432,0,27,"[0, 1, 2, 3, 4, 5, 6, 7]",93.01580810546875,46.05963134765625,46.9561767578125,143,93.01580810546875,46.5748291015625,46.44097900390625,141
2025-07-17T21:01:25.824226,1,27,"[0, 1, 2, 3, 4, 5, 6, 7]",93.01580810546875,46.05963134765625,46.9561767578125,143,93.01580810546875,46.5748291015625,46.44097900390625,141
2025-07-17T21:01:25.831140,2,27,"[0, 1, 2, 3, 4, 5, 6, 7]",93.01580810546875,46.05963134765625,46.9561767578125,143,93.01580810546875,46.5748291015625,46.44097900390625,141
2025-07-17T21:01:25.838494,3,27,"[0, 1, 2, 3, 4, 5, 6, 7]",93.01580810546875,46.05963134765625,46.9561767578125,143,93.01580810546875,46.5748291015625,46.44097900390625,141
2025-07-17T21:01:25.845372,4,27,"[0, 1, 2, 3, 4, 5, 6, 7]",93.01580810546875,46.05963134765625,46.9561767578125,143,93.01580810546875,46.5748291015625,46.44097900390625,141
2025-07-17T21:01:25.852606,0,28,"[0, 1, 2, 3, 4, 5, 6, 7]",93.01580810546875,46.05963134765625,46.9561767578125,143,93.01580810546875,46.5748291015625,46.44097900390625,141
2025-07-17T21:01:25.859583,1,28,"[0, 1, 2, 3, 4, 5, 6, 7]",93.01580810546875,46.05963134765625,46.9561767578125,143,93.01580810546875,46.5748291015625,46.44097900390625,141
2025-07-17T21:01:25.866711,2,28,"[0, 1, 2, 3, 4, 5, 6, 7]",93.01580810546875,46.05963134765625,46.9561767578125,143,93.01580810546875,46.5748291015625,46.44097900390625,141
2025-07-17T21:01:25.873513,3,28,"[0, 1, 2, 3, 4, 5, 6, 7]",93.01580810546875,46.05963134765625,46.9561767578125,143,93.01580810546875,46.5748291015625,46.44097900390625,141
2025-07-17T21:01:25.880160,4,28,"[0, 1, 2, 3, 4, 5, 6, 7]",93.01580810546875,46.05963134765625,46.9561767578125,143,93.01580810546875,46.5748291015625,46.44097900390625,141
2025-07-17T21:01:25.888912,0,29,"[0, 1, 2, 3, 4, 5, 6, 7]",93.01580810546875,46.05963134765625,46.9561767578125,143,93.01580810546875,46.5748291015625,46.44097900390625,141
2025-07-17T21:01:25.895657,1,29,"[0, 2, 3, 4, 5, 7]",93.01580810546875,46.05963134765625,46.9561767578125,143,93.01580810546875,46.5748291015625,46.44097900390625,141
2025-07-17T21:01:25.903656,2,29,"[0, 1, 2, 3, 4, 5, 6, 7]",93.01580810546875,46.05963134765625,46.9561767578125,143,93.01580810546875,46.5748291015625,46.44097900390625,141
2025-07-17T21:01:25.910516,3,29,"[0, 2, 3, 4, 5, 7]",93.01580810546875,46.05963134765625,46.9561767578125,143,93.01580810546875,46.5748291015625,46.44097900390625,141
2025-07-17T21:01:25.918372,4,29,"[0, 2, 3, 4, 5, 7]",93.01580810546875,46.05963134765625,46.9561767578125,143,93.01580810546875,46.5748291015625,46.44097900390625,141
2025-07-17T21:01:25.925074,0,30,"[0, 1, 2, 3, 4, 5, 6, 7]",93.01580810546875,46.05963134765625,46.9561767578125,143,93.01580810546875,46.5748291015625,46.44097900390625,141
2025-07-17T21:01:25.931886,1,30,"[0, 2, 3, 4, 5, 6, 7]",93.01580810546875,46.05963134765625,46.9561767578125,143,93.01580810546875,46.5748291015625,46.44097900390625,141
2025-07-17T21:01:25.938375,2,30,"[0, 1, 2, 3, 4, 5, 6, 7]",93.01580810546875,46.05963134765625,46.9561767578125,143,93.01580810546875,46.5748291015625,46.44097900390625,141
2025-07-17T21:01:25.947379,3,30,"[0, 2, 3, 4, 5, 6, 7]",93.01580810546875,46.05963134765625,46.9561767578125,143,93.01580810546875,46.5748291015625,46.44097900390625,141
2025-07-17T21:01:25.954375,4,30,"[0, 2, 3, 4, 5, 6, 7]",93.01580810546875,46.05963134765625,46.9561767578125,143,93.01580810546875,46.5748291015625,46.44097900390625,141
2025-07-17T21:01:25.961157,0,31,"[0, 1, 2, 3, 4, 5, 6, 7]",93.01580810546875,46.05963134765625,46.9561767578125,143,93.01580810546875,46.5748291015625,46.44097900390625,141
2025-07-17T21:01:25.969544,1,31,"[0, 1, 2, 4, 5, 6, 7]",93.01580810546875,46.05963134765625,46.9561767578125,143,93.01580810546875,46.5748291015625,46.44097900390625,141
2025-07-17T21:01:25.977876,2,31,"[0, 1, 2, 3, 4, 5, 6, 7]",93.01580810546875,46.05963134765625,46.9561767578125,143,93.01580810546875,46.5748291015625,46.44097900390625,141
2025-07-17T21:01:25.986425,3,31,"[0, 1, 2, 4, 5, 6, 7]",93.01580810546875,46.05963134765625,46.9561767578125,143,93.01580810546875,46.5748291015625,46.44097900390625,141
2025-07-17T21:01:25.990086,4,31,"[0, 1, 2, 4, 5, 6, 7]",93.01580810546875,46.05963134765625,46.9561767578125,143,93.01580810546875,46.5748291015625,46.44097900390625,141
2025-07-17T21:01:26.005003,0,0,"[0, 1, 2, 3, 4, 5, 6, 7]",93.01580810546875,46.05963134765625,46.9561767578125,143,93.01580810546875,46.5748291015625,46.44097900390625,141
2025-07-17T21:01:26.011604,1,0,"[0, 1, 2, 3, 4, 5, 6]",93.01580810546875,46.05963134765625,46.9561767578125,143,93.01580810546875,46.5748291015625,46.44097900390625,141
2025-07-17T21:01:26.019876,2,0,"[0, 1, 2, 3, 4, 5, 6, 7]",93.01580810546875,46.05963134765625,46.9561767578125,143,93.01580810546875,46.5748291015625,46.44097900390625,141
2025-07-17T21:01:26.027173,3,0,"[0, 1, 2, 3, 4, 5, 6]",93.01580810546875,46.05963134765625,46.9561767578125,143,93.01580810546875,46.5748291015625,46.44097900390625,141
2025-07-17T21:01:26.034013,4,0,"[0, 1, 2, 3, 4, 5, 6]",93.01580810546875,46.05963134765625,46.9561767578125,143,93.01580810546875,46.5748291015625,46.44097900390625,141
2025-07-17T21:01:26.040859,0,1,"[0, 1, 2, 3, 4, 5, 6, 7]",93.01580810546875,46.05963134765625,46.9561767578125,143,93.01580810546875,46.5748291015625,46.44097900390625,141
2025-07-17T21:01:26.047423,1,1,"[0, 1, 2, 3, 4, 5, 6, 7]",93.01580810546875,46.05963134765625,46.9561767578125,143,93.01580810546875,46.5748291015625,46.44097900390625,141
2025-07-17T21:01:26.054203,2,1,"[0, 1, 2, 4, 5, 6, 7]",93.01580810546875,46.05963134765625,46.9561767578125,143,93.01580810546875,46.5748291015625,46.44097900390625,141
2025-07-17T21:01:26.060889,3,1,"[0, 1, 2, 3, 4, 5, 6, 7]",93.01580810546875,46.05963134765625,46.9561767578125,143,93.01580810546875,46.5748291015625,46.44097900390625,141
2025-07-17T21:01:26.068053,4,1,"[0, 1, 2, 3, 4, 5, 6, 7]",93.01580810546875,46.05963134765625,46.9561767578125,143,93.01580810546875,46.5748291015625,46.44097900390625,141
2025-07-17T21:01:26.075010,0,2,"[0, 1, 2, 3, 4, 5, 6, 7]",93.01580810546875,46.05963134765625,46.9561767578125,143,93.01580810546875,46.5748291015625,46.44097900390625,141
2025-07-17T21:01:26.082207,1,2,"[0, 1, 2, 3, 4, 5, 6, 7]",93.01580810546875,46.05963134765625,46.9561767578125,143,93.01580810546875,46.5748291015625,46.44097900390625,141
2025-07-17T21:01:26.089370,2,2,"[0, 1, 2, 3, 4, 6, 7]",93.01580810546875,46.05963134765625,46.9561767578125,143,93.01580810546875,46.5748291015625,46.44097900390625,141
2025-07-17T21:01:26.096354,3,2,"[0, 1, 2, 3, 4, 5, 6, 7]",93.01580810546875,46.05963134765625,46.9561767578125,143,93.01580810546875,46.5748291015625,46.44097900390625,141
2025-07-17T21:01:26.103732,4,2,"[0, 1, 2, 3, 4, 5, 6, 7]",93.01580810546875,46.05963134765625,46.9561767578125,143,93.01580810546875,46.5748291015625,46.44097900390625,141
2025-07-17T21:01:26.110599,0,3,"[0, 1, 2, 3, 4, 5, 6, 7]",93.01580810546875,46.05963134765625,46.9561767578125,143,93.01580810546875,46.5748291015625,46.44097900390625,141
2025-07-17T21:01:26.117792,1,3,"[0, 1, 2, 3, 4, 5, 6, 7]",93.01580810546875,46.05963134765625,46.9561767578125,143,93.01580810546875,46.5748291015625,46.44097900390625,141
2025-07-17T21:01:26.124059,2,3,"[0, 1, 2, 3, 4, 5, 6, 7]",93.01580810546875,46.05963134765625,46.9561767578125,143,93.01580810546875,46.5748291015625,46.44097900390625,141
2025-07-17T21:01:26.130766,3,3,"[0, 1, 2, 3, 4, 5, 6, 7]",93.01580810546875,46.05963134765625,46.9561767578125,143,93.01580810546875,46.5748291015625,46.44097900390625,141
2025-07-17T21:01:26.140479,4,3,"[0, 1, 2, 3, 4, 5, 6, 7]",93.01580810546875,46.05963134765625,46.9561767578125,143,93.01580810546875,46.5748291015625,46.44097900390625,141
2025-07-17T21:01:26.147155,0,4,"[0, 1, 2, 3, 4, 5, 6, 7]",93.01580810546875,46.05963134765625,46.9561767578125,143,93.01580810546875,46.5748291015625,46.44097900390625,141
2025-07-17T21:01:26.154268,1,4,"[0, 1, 2, 3, 4, 5, 6, 7]",93.01580810546875,46.05963134765625,46.9561767578125,143,93.01580810546875,46.5748291015625,46.44097900390625,141
2025-07-17T21:01:26.161105,2,4,"[0, 1, 2, 3, 4, 5, 6, 7]",93.01580810546875,46.05963134765625,46.9561767578125,143,93.01580810546875,46.5748291015625,46.44097900390625,141
2025-07-17T21:01:26.168185,3,4,"[0, 1, 2, 3, 4, 5, 6, 7]",93.01580810546875,46.05963134765625,46.9561767578125,143,93.01580810546875,46.5748291015625,46.44097900390625,141
2025-07-17T21:01:26.175702,4,4,"[0, 1, 2, 3, 4, 5, 6, 7]",93.01580810546875,46.05963134765625,46.9561767578125,143,93.01580810546875,46.5748291015625,46.44097900390625,141
2025-07-17T21:01:26.182361,0,5,"[0, 1, 2, 3, 4, 5, 6, 7]",93.01580810546875,46.05963134765625,46.9561767578125,143,93.01580810546875,46.5748291015625,46.44097900390625,141
2025-07-17T21:01:26.189774,1,5,"[0, 1, 2, 3, 4, 5, 6, 7]",93.01580810546875,46.05963134765625,46.9561767578125,143,93.01580810546875,46.5748291015625,46.44097900390625,141
2025-07-17T21:01:26.197188,2,5,"[0, 1, 2, 3, 4, 5, 6, 7]",93.01580810546875,46.05963134765625,46.9561767578125,143,93.01580810546875,46.5748291015625,46.44097900390625,141
2025-07-17T21:01:26.204303,3,5,"[0, 1, 2, 3, 4, 5, 6, 7]",93.01580810546875,46.05963134765625,46.9561767578125,143,93.01580810546875,46.5748291015625,46.44097900390625,141
2025-07-17T21:01:26.211937,4,5,"[0, 1, 2, 3, 4, 5, 6, 7]",93.01580810546875,46.05963134765625,46.9561767578125,143,93.01580810546875,46.5748291015625,46.44097900390625,141
2025-07-17T21:01:26.218965,0,6,"[0, 1, 2, 3, 4, 5, 6, 7]",93.01580810546875,46.05963134765625,46.9561767578125,143,93.01580810546875,46.5748291015625,46.44097900390625,141
2025-07-17T21:01:26.226191,1,6,"[0, 1, 2, 3, 4, 5, 6, 7]",93.01580810546875,46.05963134765625,46.9561767578125,143,93.01580810546875,46.5748291015625,46.44097900390625,141
2025-07-17T21:01:26.233762,2,6,"[0, 1, 2, 3, 4, 5, 6, 7]",93.01580810546875,46.05963134765625,46.9561767578125,143,93.01580810546875,46.5748291015625,46.44097900390625,141
2025-07-17T21:01:26.241053,3,6,"[0, 1, 2, 3, 4, 5, 6, 7]",93.01580810546875,46.05963134765625,46.9561767578125,143,93.01580810546875,46.5748291015625,46.44097900390625,141
2025-07-17T21:01:26.247917,4,6,"[0, 1, 2, 3, 4, 5, 6, 7]",93.01580810546875,46.05963134765625,46.9561767578125,143,93.01580810546875,46.5748291015625,46.44097900390625,141
2025-07-17T21:01:26.251956,0,7,"[0, 1, 2, 3, 4, 5, 6, 7]",93.01580810546875,46.05963134765625,46.9561767578125,143,93.01580810546875,46.5748291015625,46.44097900390625,141
2025-07-17T21:01:26.263436,1,7,"[0, 1, 2, 3, 4, 5, 6, 7]",93.01580810546875,46.05963134765625,46.9561767578125,143,93.01580810546875,46.5748291015625,46.44097900390625,141
2025-07-17T21:01:26.270205,2,7,"[0, 1, 2, 3, 4, 5, 6, 7]",93.01580810546875,46.05963134765625,46.9561767578125,143,93.01580810546875,46.5748291015625,46.44097900390625,141
2025-07-17T21:01:26.277523,3,7,"[0, 1, 2, 3, 4, 5, 6, 7]",93.01580810546875,46.05963134765625,46.9561767578125,143,93.01580810546875,46.5748291015625,46.44097900390625,141
2025-07-17T21:01:26.284203,4,7,"[0, 1, 2, 3, 4, 5, 6, 7]",93.01580810546875,46.05963134765625,46.9561767578125,143,93.01580810546875,46.5748291015625,46.44097900390625,141
2025-07-17T21:01:26.290941,0,8,"[0, 1, 2, 3, 4, 5, 6, 7]",93.01580810546875,46.05963134765625,46.9561767578125,143,93.01580810546875,46.5748291015625,46.44097900390625,141
2025-07-17T21:01:26.298583,1,8,"[0, 1, 2, 3, 4, 5, 6, 7]",93.01580810546875,46.05963134765625,46.9561767578125,143,93.01580810546875,46.5748291015625,46.44097900390625,141
2025-07-17T21:01:26.305788,2,8,"[0, 1, 2, 3, 4, 5, 6, 7]",93.01580810546875,46.05963134765625,46.9561767578125,143,93.01580810546875,46.5748291015625,46.44097900390625,141
2025-07-17T21:01:26.312915,3,8,"[0, 1, 2, 3, 4, 5, 6, 7]",93.01580810546875,46.05963134765625,46.9561767578125,143,93.01580810546875,46.5748291015625,46.44097900390625,141
2025-07-17T21:01:26.319910,4,8,"[0, 1, 2, 3, 4, 5, 6, 7]",93.01580810546875,46.05963134765625,46.9561767578125,143,93.01580810546875,46.5748291015625,46.44097900390625,141
2025-07-17T21:01:26.327115,0,9,"[0, 1, 2, 3, 4, 5, 6, 7]",93.01580810546875,46.05963134765625,46.9561767578125,143,93.01580810546875,46.5748291015625,46.44097900390625,141
2025-07-17T21:01:26.334550,1,9,"[0, 1, 2, 3, 4, 5, 6, 7]",93.01580810546875,46.05963134765625,46.9561767578125,143,93.01580810546875,46.5748291015625,46.44097900390625,141
2025-07-17T21:01:26.341457,2,9,"[0, 1, 2, 3, 4, 5, 6, 7]",93.01580810546875,46.05963134765625,46.9561767578125,143,93.01580810546875,46.5748291015625,46.44097900390625,141
2025-07-17T21:01:26.348218,3,9,"[0, 1, 2, 3, 4, 5, 6, 7]",93.01580810546875,46.05963134765625,46.9561767578125,143,93.01580810546875,46.5748291015625,46.44097900390625,141
2025-07-17T21:01:26.351256,4,9,"[0, 1, 2, 3, 4, 5, 6, 7]",93.01580810546875,46.05963134765625,46.9561767578125,143,93.01580810546875,46.5748291015625,46.44097900390625,141
2025-07-17T21:01:26.358272,0,10,"[0, 1, 2, 3, 4, 5, 6, 7]",93.01580810546875,46.05963134765625,46.9561767578125,143,93.01580810546875,46.5748291015625,46.44097900390625,141
2025-07-17T21:01:26.371031,1,10,"[0, 1, 2, 3, 4, 5, 6, 7]",93.01580810546875,46.05963134765625,46.9561767578125,143,93.01580810546875,46.5748291015625,46.44097900390625,141
2025-07-17T21:01:26.373557,2,10,"[0, 1, 2, 3, 4, 5, 6, 7]",93.01580810546875,46.05963134765625,46.9561767578125,143,93.01580810546875,46.5748291015625,46.44097900390625,141
2025-07-17T21:01:26.380387,3,10,"[0, 1, 2, 3, 4, 5, 6, 7]",93.01580810546875,46.05963134765625,46.9561767578125,143,93.01580810546875,46.5748291015625,46.44097900390625,141
2025-07-17T21:01:26.387165,4,10,"[0, 1, 2, 3, 4, 5, 6, 7]",93.01580810546875,46.05963134765625,46.9561767578125,143,93.01580810546875,46.5748291015625,46.44097900390625,141
2025-07-17T21:01:26.394194,0,11,"[0, 1, 2, 3, 4, 5, 6, 7]",93.01580810546875,46.05963134765625,46.9561767578125,143,93.01580810546875,46.5748291015625,46.44097900390625,141
2025-07-17T21:01:26.401685,1,11,"[0, 1, 2, 3, 4, 5, 6, 7]",93.01580810546875,46.05963134765625,46.9561767578125,143,93.01580810546875,46.5748291015625,46.44097900390625,141
2025-07-17T21:01:26.408483,2,11,"[0, 1, 2, 3, 4, 5, 6, 7]",93.01580810546875,46.05963134765625,46.9561767578125,143,93.01580810546875,46.5748291015625,46.44097900390625,141
2025-07-17T21:01:26.416107,3,11,"[0, 1, 2, 3, 4, 5, 6, 7]",93.01580810546875,46.05963134765625,46.9561767578125,143,93.01580810546875,46.5748291015625,46.44097900390625,141
2025-07-17T21:01:26.422685,4,11,"[0, 1, 2, 3, 4, 5, 6, 7]",93.01580810546875,46.05963134765625,46.9561767578125,143,93.01580810546875,46.5748291015625,46.44097900390625,141
2025-07-17T21:01:26.430200,0,12,"[0, 1, 2, 3, 4, 5, 6, 7]",93.01580810546875,46.05963134765625,46.9561767578125,143,93.01580810546875,46.5748291015625,46.44097900390625,141
2025-07-17T21:01:26.437268,1,12,"[0, 1, 2, 3, 4, 5, 6]",93.01580810546875,46.05963134765625,46.9561767578125,143,93.01580810546875,46.5748291015625,46.44097900390625,141
2025-07-17T21:01:26.443766,2,12,"[0, 1, 2, 3, 4, 5, 6, 7]",93.01580810546875,46.05963134765625,46.9561767578125,143,93.01580810546875,46.5748291015625,46.44097900390625,141
2025-07-17T21:01:26.450480,3,12,"[0, 1, 2, 3, 4, 5, 6]",93.01580810546875,46.05963134765625,46.9561767578125,143,93.01580810546875,46.5748291015625,46.44097900390625,141
2025-07-17T21:01:26.457318,4,12,"[0, 1, 2, 3, 4, 5, 6]",93.01580810546875,46.05963134765625,46.9561767578125,143,93.01580810546875,46.5748291015625,46.44097900390625,141
2025-07-17T21:01:26.463893,0,13,"[0, 1, 2, 3, 4, 5, 6, 7]",93.01580810546875,46.05963134765625,46.9561767578125,143,93.01580810546875,46.5748291015625,46.44097900390625,141
2025-07-17T21:01:26.470915,1,13,"[0, 1, 2, 3, 4, 6, 7]",93.01580810546875,46.05963134765625,46.9561767578125,143,93.01580810546875,46.5748291015625,46.44097900390625,141
2025-07-17T21:01:26.482866,2,13,"[0, 1, 2, 3, 4, 5, 6, 7]",93.01580810546875,46.05963134765625,46.9561767578125,143,93.01580810546875,46.5748291015625,46.44097900390625,141
2025-07-17T21:01:26.489992,3,13,"[0, 1, 2, 3, 4, 6, 7]",93.01580810546875,46.05963134765625,46.9561767578125,143,93.01580810546875,46.5748291015625,46.44097900390625,141
2025-07-17T21:01:26.497033,4,13,"[0, 1, 2, 3, 4, 6, 7]",93.01580810546875,46.05963134765625,46.9561767578125,143,93.01580810546875,46.5748291015625,46.44097900390625,141
2025-07-17T21:01:26.503654,0,14,"[0, 1, 2, 3, 4, 5, 6, 7]",93.01580810546875,46.05963134765625,46.9561767578125,143,93.01580810546875,46.5748291015625,46.44097900390625,141
2025-07-17T21:01:26.510220,1,14,"[0, 1, 2, 3, 4, 5, 6, 7]",93.01580810546875,46.05963134765625,46.9561767578125,143,93.01580810546875,46.5748291015625,46.44097900390625,141
2025-07-17T21:01:26.518493,2,14,"[0, 1, 2, 3, 4, 5, 6, 7]",93.01580810546875,46.05963134765625,46.9561767578125,143,93.01580810546875,46.5748291015625,46.44097900390625,141
2025-07-17T21:01:26.525925,3,14,"[0, 1, 2, 3, 4, 5, 6, 7]",93.01580810546875,46.05963134765625,46.9561767578125,143,93.01580810546875,46.5748291015625,46.44097900390625,141
2025-07-17T21:01:26.533915,4,14,"[0, 1, 2, 3, 4, 5, 6, 7]",93.01580810546875,46.05963134765625,46.9561767578125,143,93.01580810546875,46.5748291015625,46.44097900390625,141
2025-07-17T21:01:26.541225,0,15,"[0, 1, 2, 3, 4, 5, 6, 7]",93.01580810546875,46.05963134765625,46.9561767578125,143,93.01580810546875,46.5748291015625,46.44097900390625,141
2025-07-17T21:01:26.548684,1,15,"[0, 1, 2, 3, 4, 5, 6, 7]",93.01580810546875,46.05963134765625,46.9561767578125,143,93.01580810546875,46.5748291015625,46.44097900390625,141
2025-07-17T21:01:26.555316,2,15,"[0, 1, 2, 3, 4, 5, 6, 7]",93.01580810546875,46.05963134765625,46.9561767578125,143,93.01580810546875,46.5748291015625,46.44097900390625,141
2025-07-17T21:01:26.561792,3,15,"[0, 1, 2, 3, 4, 5, 6, 7]",93.01580810546875,46.05963134765625,46.9561767578125,143,93.01580810546875,46.5748291015625,46.44097900390625,141
2025-07-17T21:01:26.568802,4,15,"[0, 1, 2, 3, 4, 5, 6, 7]",93.01580810546875,46.05963134765625,46.9561767578125,143,93.01580810546875,46.5748291015625,46.44097900390625,141
2025-07-17T21:01:26.575661,0,16,"[0, 1, 2, 3, 4, 5, 6, 7]",93.01580810546875,46.05963134765625,46.9561767578125,143,93.01580810546875,46.5748291015625,46.44097900390625,141
2025-07-17T21:01:26.583024,1,16,"[0, 1, 2, 3, 4, 5, 6, 7]",93.01580810546875,46.05963134765625,46.9561767578125,143,93.01580810546875,46.5748291015625,46.44097900390625,141
2025-07-17T21:01:26.591189,2,16,"[0, 1, 2, 3, 4, 5, 6, 7]",93.01580810546875,46.05963134765625,46.9561767578125,143,93.01580810546875,46.5748291015625,46.44097900390625,141
2025-07-17T21:01:26.598381,3,16,"[0, 1, 2, 3, 4, 5, 6, 7]",93.01580810546875,46.05963134765625,46.9561767578125,143,93.01580810546875,46.5748291015625,46.44097900390625,141
2025-07-17T21:01:26.605744,4,16,"[0, 1, 2, 3, 4, 5, 6, 7]",93.01580810546875,46.05963134765625,46.9561767578125,143,93.01580810546875,46.5748291015625,46.44097900390625,141
2025-07-17T21:01:26.613172,0,17,"[0, 1, 2, 3, 4, 5, 6, 7]",93.01580810546875,46.05963134765625,46.9561767578125,143,93.01580810546875,46.5748291015625,46.44097900390625,141
2025-07-17T21:01:26.620574,1,17,"[0, 1, 2, 3, 4, 5, 6, 7]",93.01580810546875,46.05963134765625,46.9561767578125,143,93.01580810546875,46.5748291015625,46.44097900390625,141
2025-07-17T21:01:26.629193,2,17,"[0, 1, 2, 3, 4, 5, 6, 7]",93.01580810546875,46.05963134765625,46.9561767578125,143,93.01580810546875,46.5748291015625,46.44097900390625,141
2025-07-17T21:01:26.637127,3,17,"[0, 1, 2, 3, 4, 5, 6, 7]",93.01580810546875,46.05963134765625,46.9561767578125,143,93.01580810546875,46.5748291015625,46.44097900390625,141
2025-07-17T21:01:26.639252,4,17,"[0, 1, 2, 3, 4, 5, 6, 7]",93.01580810546875,46.05963134765625,46.9561767578125,143,93.01580810546875,46.5748291015625,46.44097900390625,141
2025-07-17T21:01:26.651419,0,18,"[0, 1, 2, 3, 4, 5, 6, 7]",93.01580810546875,46.05963134765625,46.9561767578125,143,93.01580810546875,46.5748291015625,46.44097900390625,141
2025-07-17T21:01:26.653690,1,18,"[0, 1, 2, 3, 4, 5, 7]",93.01580810546875,46.05963134765625,46.9561767578125,143,93.01580810546875,46.5748291015625,46.44097900390625,141
2025-07-17T21:01:26.660931,2,18,"[0, 1, 2, 3, 4, 5, 6, 7]",93.01580810546875,46.05963134765625,46.9561767578125,143,93.01580810546875,46.5748291015625,46.44097900390625,141
2025-07-17T21:01:26.667911,3,18,"[0, 1, 2, 3, 4, 5, 7]",93.01580810546875,46.05963134765625,46.9561767578125,143,93.01580810546875,46.5748291015625,46.44097900390625,141
2025-07-17T21:01:26.674983,4,18,"[0, 1, 2, 3, 4, 5, 7]",93.01580810546875,46.05963134765625,46.9561767578125,143,93.01580810546875,46.5748291015625,46.44097900390625,141
2025-07-17T21:01:26.681075,0,19,"[0, 1, 2, 3, 4, 5, 6, 7]",93.01580810546875,46.05963134765625,46.9561767578125,143,93.01580810546875,46.5748291015625,46.44097900390625,141
2025-07-17T21:01:26.694234,1,19,"[0, 2, 3, 4, 5, 6, 7]",93.01580810546875,46.05963134765625,46.9561767578125,143,93.01580810546875,46.5748291015625,46.44097900390625,141
2025-07-17T21:01:26.695950,2,19,"[0, 1, 2, 3, 4, 5, 6, 7]",93.01580810546875,46.05963134765625,46.9561767578125,143,93.01580810546875,46.5748291015625,46.44097900390625,141
2025-07-17T21:01:26.703875,3,19,"[0, 2, 3, 4, 5, 6, 7]",93.01580810546875,46.05963134765625,46.9561767578125,143,93.01580810546875,46.5748291015625,46.44097900390625,141
2025-07-17T21:01:26.711404,4,19,"[0, 2, 3, 4, 5, 6, 7]",93.01580810546875,46.05963134765625,46.9561767578125,143,93.01580810546875,46.5748291015625,46.44097900390625,141
2025-07-17T21:01:26.719169,0,20,"[0, 1, 2, 3, 4, 5, 6, 7]",93.01580810546875,46.05963134765625,46.9561767578125,143,93.01580810546875,46.5748291015625,46.44097900390625,141
2025-07-17T21:01:26.726548,1,20,"[0, 1, 2, 3, 4, 5, 6, 7]",93.01580810546875,46.05963134765625,46.9561767578125,143,93.01580810546875,46.5748291015625,46.44097900390625,141
2025-07-17T21:01:26.733704,2,20,"[0, 1, 2, 3, 4, 5, 6, 7]",93.01580810546875,46.05963134765625,46.9561767578125,143,93.01580810546875,46.5748291015625,46.44097900390625,141
2025-07-17T21:01:26.740883,3,20,"[0, 1, 2, 3, 4, 5, 6, 7]",93.01580810546875,46.05963134765625,46.9561767578125,143,93.01580810546875,46.5748291015625,46.44097900390625,141
2025-07-17T21:01:26.747915,4,20,"[0, 1, 2, 3, 4, 5, 6, 7]",93.01580810546875,46.05963134765625,46.9561767578125,143,93.01580810546875,46.5748291015625,46.44097900390625,141
2025-07-17T21:01:26.755170,0,21,"[0, 1, 2, 3, 4, 5, 6, 7]",93.01580810546875,46.05963134765625,46.9561767578125,143,93.01580810546875,46.5748291015625,46.44097900390625,141
2025-07-17T21:01:26.762090,1,21,"[0, 1, 2, 3, 5, 7]",93.01580810546875,46.05963134765625,46.9561767578125,143,93.01580810546875,46.5748291015625,46.44097900390625,141
2025-07-17T21:01:26.773973,2,21,"[0, 1, 2, 3, 4, 5, 6, 7]",93.01580810546875,46.05963134765625,46.9561767578125,143,93.01580810546875,46.5748291015625,46.44097900390625,141
2025-07-17T21:01:26.776032,3,21,"[0, 1, 2, 3, 5, 7]",93.01580810546875,46.05963134765625,46.9561767578125,143,93.01580810546875,46.5748291015625,46.44097900390625,141
2025-07-17T21:01:26.782313,4,21,"[0, 1, 2, 3, 5, 7]",93.01580810546875,46.05963134765625,46.9561767578125,143,93.01580810546875,46.5748291015625,46.44097900390625,141
2025-07-17T21:01:26.789781,0,22,"[0, 1, 2, 3, 4, 5, 6, 7]",93.01580810546875,46.05963134765625,46.9561767578125,143,93.01580810546875,46.5748291015625,46.44097900390625,141
2025-07-17T21:01:26.796222,1,22,"[0, 1, 2, 3, 4, 5, 6, 7]",93.01580810546875,46.05963134765625,46.9561767578125,143,93.01580810546875,46.5748291015625,46.44097900390625,141
2025-07-17T21:01:26.808565,2,22,"[0, 1, 2, 3, 4, 5, 6, 7]",93.01580810546875,46.05963134765625,46.9561767578125,143,93.01580810546875,46.5748291015625,46.44097900390625,141
2025-07-17T21:01:26.810832,3,22,"[0, 1, 2, 3, 4, 5, 6, 7]",93.01580810546875,46.05963134765625,46.9561767578125,143,93.01580810546875,46.5748291015625,46.44097900390625,141
2025-07-17T21:01:26.817220,4,22,"[0, 1, 2, 3, 4, 5, 6, 7]",93.01580810546875,46.05963134765625,46.9561767578125,143,93.01580810546875,46.5748291015625,46.44097900390625,141
2025-07-17T21:01:26.823629,0,23,"[0, 1, 2, 3, 4, 5, 6, 7]",93.01580810546875,46.05963134765625,46.9561767578125,143,93.01580810546875,46.5748291015625,46.44097900390625,141
2025-07-17T21:01:26.830369,1,23,"[0, 2, 3, 4, 6, 7]",93.01580810546875,46.05963134765625,46.9561767578125,143,93.01580810546875,46.5748291015625,46.44097900390625,141
2025-07-17T21:01:26.842547,2,23,"[0, 1, 2, 3, 4, 5, 6, 7]",93.01580810546875,46.05963134765625,46.9561767578125,143,93.01580810546875,46.5748291015625,46.44097900390625,141
2025-07-17T21:01:26.844595,3,23,"[0, 2, 3, 4, 6, 7]",93.01580810546875,46.05963134765625,46.9561767578125,143,93.01580810546875,46.5748291015625,46.44097900390625,141
2025-07-17T21:01:26.851326,4,23,"[0, 2, 3, 4, 6, 7]",93.01580810546875,46.05963134765625,46.9561767578125,143,93.01580810546875,46.5748291015625,46.44097900390625,141
2025-07-17T21:01:26.858711,0,24,"[0, 1, 2, 3, 4, 5, 6, 7]",93.01580810546875,46.05963134765625,46.9561767578125,143,93.01580810546875,46.5748291015625,46.44097900390625,141
2025-07-17T21:01:26.865625,1,24,"[0, 1, 2, 3, 4, 5, 6, 7]",93.01580810546875,46.05963134765625,46.9561767578125,143,93.01580810546875,46.5748291015625,46.44097900390625,141
2025-07-17T21:01:26.872221,2,24,"[0, 1, 2, 3, 4, 5, 6, 7]",93.01580810546875,46.05963134765625,46.9561767578125,143,93.01580810546875,46.5748291015625,46.44097900390625,141
2025-07-17T21:01:26.884178,3,24,"[0, 1, 2, 3, 4, 5, 6, 7]",93.01580810546875,46.05963134765625,46.9561767578125,143,93.01580810546875,46.5748291015625,46.44097900390625,141
2025-07-17T21:01:26.886402,4,24,"[0, 1, 2, 3, 4, 5, 6, 7]",93.01580810546875,46.05963134765625,46.9561767578125,143,93.01580810546875,46.5748291015625,46.44097900390625,141
2025-07-17T21:01:26.893855,0,25,"[0, 1, 2, 3, 4, 5, 6]",93.01580810546875,46.05963134765625,46.9561767578125,143,93.01580810546875,46.5748291015625,46.44097900390625,141
2025-07-17T21:01:26.901680,1,25,"[0, 1, 2, 3, 5, 6, 7]",93.01580810546875,46.05963134765625,46.9561767578125,143,93.01580810546875,46.5748291015625,46.44097900390625,141
2025-07-17T21:01:26.909085,2,25,"[0, 1, 2, 3, 4, 5, 6, 7]",93.01580810546875,46.05963134765625,46.9561767578125,143,93.01580810546875,46.5748291015625,46.44097900390625,141
2025-07-17T21:01:26.921710,3,25,"[0, 1, 2, 3, 5, 6, 7]",93.01580810546875,46.05963134765625,46.9561767578125,143,93.01580810546875,46.5748291015625,46.44097900390625,141
2025-07-17T21:01:26.923827,4,25,"[0, 1, 2, 3, 5, 6, 7]",93.01580810546875,46.05963134765625,46.9561767578125,143,93.01580810546875,46.5748291015625,46.44097900390625,141
2025-07-17T21:01:26.936799,0,26,"[0, 1, 2, 3, 4, 5, 6, 7]",93.01580810546875,46.05963134765625,46.9561767578125,143,93.01580810546875,46.5748291015625,46.44097900390625,141
2025-07-17T21:01:26.938947,1,26,"[0, 1, 2, 3, 5, 7]",93.01580810546875,46.05963134765625,46.9561767578125,143,93.01580810546875,46.5748291015625,46.44097900390625,141
2025-07-17T21:01:26.945702,2,26,"[0, 1, 2, 3, 4, 5, 6, 7]",93.01580810546875,46.05963134765625,46.9561767578125,143,93.01580810546875,46.5748291015625,46.44097900390625,141
2025-07-17T21:01:26.952818,3,26,"[0, 1, 2, 3, 5, 7]",93.01580810546875,46.05963134765625,46.9561767578125,143,93.01580810546875,46.5748291015625,46.44097900390625,141
2025-07-17T21:01:26.959480,4,26,"[0, 1, 2, 3, 5, 7]",93.01580810546875,46.05963134765625,46.9561767578125,143,93.01580810546875,46.5748291015625,46.44097900390625,141
2025-07-17T21:01:26.965869,0,27,"[0, 1, 2, 3, 4, 5, 6, 7]",93.01580810546875,46.05963134765625,46.9561767578125,143,93.01580810546875,46.5748291015625,46.44097900390625,141
2025-07-17T21:01:26.972994,1,27,"[0, 1, 2, 3, 4, 5, 6, 7]",93.01580810546875,46.05963134765625,46.9561767578125,143,93.01580810546875,46.5748291015625,46.44097900390625,141
2025-07-17T21:01:26.980742,2,27,"[0, 1, 2, 3, 4, 5, 6, 7]",93.01580810546875,46.05963134765625,46.9561767578125,143,93.01580810546875,46.5748291015625,46.44097900390625,141
2025-07-17T21:01:26.993227,3,27,"[0, 1, 2, 3, 4, 5, 6, 7]",93.01580810546875,46.05963134765625,46.9561767578125,143,93.01580810546875,46.5748291015625,46.44097900390625,141
2025-07-17T21:01:26.995241,4,27,"[0, 1, 2, 3, 4, 5, 6, 7]",93.01580810546875,46.05963134765625,46.9561767578125,143,93.01580810546875,46.5748291015625,46.44097900390625,141
2025-07-17T21:01:27.007302,0,28,"[0, 1, 2, 3, 4, 5, 6, 7]",93.01580810546875,46.05963134765625,46.9561767578125,143,93.01580810546875,46.5748291015625,46.44097900390625,141
2025-07-17T21:01:27.009352,1,28,"[0, 1, 2, 3, 4, 5, 6, 7]",93.01580810546875,46.05963134765625,46.9561767578125,143,93.01580810546875,46.5748291015625,46.44097900390625,141
2025-07-17T21:01:27.022530,2,28,"[0, 1, 2, 3, 4, 5, 6, 7]",93.01580810546875,46.05963134765625,46.9561767578125,143,93.01580810546875,46.5748291015625,46.44097900390625,141
2025-07-17T21:01:27.024335,3,28,"[0, 1, 2, 3, 4, 5, 6, 7]",93.01580810546875,46.05963134765625,46.9561767578125,143,93.01580810546875,46.5748291015625,46.44097900390625,141
2025-07-17T21:01:27.031606,4,28,"[0, 1, 2, 3, 4, 5, 6, 7]",93.01580810546875,46.05963134765625,46.9561767578125,143,93.01580810546875,46.5748291015625,46.44097900390625,141
2025-07-17T21:01:27.037848,0,29,"[0, 1, 2, 3, 4, 5, 6, 7]",93.01580810546875,46.05963134765625,46.9561767578125,143,93.01580810546875,46.5748291015625,46.44097900390625,141
2025-07-17T21:01:27.044852,1,29,"[0, 1, 2, 3, 4, 5, 6, 7]",93.01580810546875,46.05963134765625,46.9561767578125,143,93.01580810546875,46.5748291015625,46.44097900390625,141
2025-07-17T21:01:27.056965,2,29,"[0, 1, 2, 3, 4, 5, 6, 7]",93.01580810546875,46.05963134765625,46.9561767578125,143,93.01580810546875,46.5748291015625,46.44097900390625,141
2025-07-17T21:01:27.059038,3,29,"[0, 1, 2, 3, 4, 5, 6, 7]",93.01580810546875,46.05963134765625,46.9561767578125,143,93.01580810546875,46.5748291015625,46.44097900390625,141
2025-07-17T21:01:27.071005,4,29,"[0, 1, 2, 3, 4, 5, 6, 7]",93.01580810546875,46.05963134765625,46.9561767578125,143,93.01580810546875,46.5748291015625,46.44097900390625,141
2025-07-17T21:01:27.073112,0,30,"[0, 1, 2, 3, 4, 5, 6, 7]",93.01580810546875,46.05963134765625,46.9561767578125,143,93.01580810546875,46.5748291015625,46.44097900390625,141
2025-07-17T21:01:27.079521,1,30,"[0, 1, 2, 3, 4, 5, 6, 7]",93.01580810546875,46.05963134765625,46.9561767578125,143,93.01580810546875,46.5748291015625,46.44097900390625,141
2025-07-17T21:01:27.086917,2,30,"[0, 1, 2, 3, 4, 5, 6, 7]",93.01580810546875,46.05963134765625,46.9561767578125,143,93.01580810546875,46.5748291015625,46.44097900390625,141
2025-07-17T21:01:27.099093,3,30,"[0, 1, 2, 3, 4, 5, 6, 7]",93.01580810546875,46.05963134765625,46.9561767578125,143,93.01580810546875,46.5748291015625,46.44097900390625,141
2025-07-17T21:01:27.101393,4,30,"[0, 1, 2, 3, 4, 5, 6, 7]",93.01580810546875,46.05963134765625,46.9561767578125,143,93.01580810546875,46.5748291015625,46.44097900390625,141
2025-07-17T21:01:27.108707,0,31,"[0, 1, 2, 3, 4, 5, 6, 7]",93.01580810546875,46.05963134765625,46.9561767578125,143,93.01580810546875,46.5748291015625,46.44097900390625,141
2025-07-17T21:01:27.115709,1,31,"[0, 1, 2, 3, 4, 5, 6, 7]",93.01580810546875,46.05963134765625,46.9561767578125,143,93.01580810546875,46.5748291015625,46.44097900390625,141
2025-07-17T21:01:27.124974,2,31,"[0, 1, 2, 3, 4, 5, 6, 7]",93.01580810546875,46.05963134765625,46.9561767578125,143,93.01580810546875,46.5748291015625,46.44097900390625,141
2025-07-17T21:01:27.132631,3,31,"[0, 1, 2, 3, 4, 5, 6, 7]",93.01580810546875,46.05963134765625,46.9561767578125,143,93.01580810546875,46.5748291015625,46.44097900390625,141
2025-07-17T21:01:27.139099,4,31,"[0, 1, 2, 3, 4, 5, 6, 7]",93.01580810546875,46.05963134765625,46.9561767578125,143,93.01580810546875,46.5748291015625,46.44097900390625,141
2025-07-17T21:01:27.154185,0,0,"[0, 1, 2, 3, 4, 5, 6, 7]",93.01580810546875,46.05963134765625,46.9561767578125,143,93.01580810546875,46.5748291015625,46.44097900390625,141
2025-07-17T21:01:27.157230,1,0,"[0, 1, 2, 3, 4, 5, 6]",93.01580810546875,46.05963134765625,46.9561767578125,143,93.01580810546875,46.5748291015625,46.44097900390625,141
2025-07-17T21:01:27.169259,2,0,"[0, 1, 2, 3, 4, 5, 6, 7]",93.01580810546875,46.05963134765625,46.9561767578125,143,93.01580810546875,46.5748291015625,46.44097900390625,141
2025-07-17T21:01:27.172536,3,0,"[0, 1, 2, 3, 4, 5, 6]",93.01580810546875,46.05963134765625,46.9561767578125,143,93.01580810546875,46.5748291015625,46.44097900390625,141
2025-07-17T21:01:27.184171,4,0,"[0, 1, 2, 3, 4, 5, 6]",93.01580810546875,46.05963134765625,46.9561767578125,143,93.01580810546875,46.5748291015625,46.44097900390625,141
2025-07-17T21:01:27.191350,0,1,"[0, 1, 2, 3, 4, 5, 6, 7]",93.01580810546875,46.05963134765625,46.9561767578125,143,93.01580810546875,46.5748291015625,46.44097900390625,141
2025-07-17T21:01:27.198263,1,1,"[0, 1, 2, 4, 5, 6, 7]",93.01580810546875,46.05963134765625,46.9561767578125,143,93.01580810546875,46.5748291015625,46.44097900390625,141
2025-07-17T21:01:27.205978,2,1,"[0, 1, 2, 4, 5, 6, 7]",93.01580810546875,46.05963134765625,46.9561767578125,143,93.01580810546875,46.5748291015625,46.44097900390625,141
2025-07-17T21:01:27.212234,3,1,"[0, 1, 2, 4, 5, 6, 7]",93.01580810546875,46.05963134765625,46.9561767578125,143,93.01580810546875,46.5748291015625,46.44097900390625,141
2025-07-17T21:01:27.219338,4,1,"[0, 1, 2, 4, 5, 6, 7]",93.01580810546875,46.05963134765625,46.9561767578125,143,93.01580810546875,46.5748291015625,46.44097900390625,141
2025-07-17T21:01:27.226760,0,2,"[0, 1, 2, 3, 4, 5, 6, 7]",93.01580810546875,46.05963134765625,46.9561767578125,143,93.01580810546875,46.5748291015625,46.44097900390625,141
2025-07-17T21:01:27.234009,1,2,"[0, 1, 2, 3, 4, 5, 6, 7]",93.01580810546875,46.05963134765625,46.9561767578125,143,93.01580810546875,46.5748291015625,46.44097900390625,141
2025-07-17T21:01:27.242553,2,2,"[0, 1, 2, 3, 4, 5, 6, 7]",93.01580810546875,46.05963134765625,46.9561767578125,143,93.01580810546875,46.5748291015625,46.44097900390625,141
2025-07-17T21:01:27.244760,3,2,"[0, 1, 2, 3, 4, 5, 6, 7]",93.01580810546875,46.05963134765625,46.9561767578125,143,93.01580810546875,46.5748291015625,46.44097900390625,141
2025-07-17T21:01:27.256490,4,2,"[0, 1, 2, 3, 4, 5, 6, 7]",93.01580810546875,46.05963134765625,46.9561767578125,143,93.01580810546875,46.5748291015625,46.44097900390625,141
2025-07-17T21:01:27.263273,0,3,"[0, 1, 2, 3, 4, 5, 6, 7]",93.01580810546875,46.05963134765625,46.9561767578125,143,93.01580810546875,46.5748291015625,46.44097900390625,141
2025-07-17T21:01:27.270438,1,3,"[0, 1, 2, 3, 4, 5, 6, 7]",93.01580810546875,46.05963134765625,46.9561767578125,143,93.01580810546875,46.5748291015625,46.44097900390625,141
2025-07-17T21:01:27.277794,2,3,"[0, 1, 2, 3, 4, 5, 6, 7]",93.01580810546875,46.05963134765625,46.9561767578125,143,93.01580810546875,46.5748291015625,46.44097900390625,141
2025-07-17T21:01:27.283899,3,3,"[0, 1, 2, 3, 4, 5, 6, 7]",93.01580810546875,46.05963134765625,46.9561767578125,143,93.01580810546875,46.5748291015625,46.44097900390625,141
2025-07-17T21:01:27.290166,4,3,"[0, 1, 2, 3, 4, 5, 6, 7]",93.01580810546875,46.05963134765625,46.9561767578125,143,93.01580810546875,46.5748291015625,46.44097900390625,141
2025-07-17T21:01:27.299229,0,4,"[0, 1, 2, 3, 4, 5, 6, 7]",93.01580810546875,46.05963134765625,46.9561767578125,143,93.01580810546875,46.5748291015625,46.44097900390625,141
2025-07-17T21:01:27.306131,1,4,"[0, 1, 2, 3, 4, 5, 6, 7]",93.01580810546875,46.05963134765625,46.9561767578125,143,93.01580810546875,46.5748291015625,46.44097900390625,141
2025-07-17T21:01:27.313546,2,4,"[0, 1, 2, 3, 4, 5, 6, 7]",93.01580810546875,46.05963134765625,46.9561767578125,143,93.01580810546875,46.5748291015625,46.44097900390625,141
2025-07-17T21:01:27.320397,3,4,"[0, 1, 2, 3, 4, 5, 6, 7]",93.01580810546875,46.05963134765625,46.9561767578125,143,93.01580810546875,46.5748291015625,46.44097900390625,141
2025-07-17T21:01:27.327220,4,4,"[0, 1, 2, 3, 4, 5, 6, 7]",93.01580810546875,46.05963134765625,46.9561767578125,143,93.01580810546875,46.5748291015625,46.44097900390625,141
2025-07-17T21:01:27.334168,0,5,"[0, 1, 2, 3, 4, 5, 6, 7]",93.01580810546875,46.05963134765625,46.9561767578125,143,93.01580810546875,46.5748291015625,46.44097900390625,141
2025-07-17T21:01:27.340878,1,5,"[0, 1, 2, 3, 4, 5, 6, 7]",93.01580810546875,46.05963134765625,46.9561767578125,143,93.01580810546875,46.5748291015625,46.44097900390625,141
2025-07-17T21:01:27.347814,2,5,"[0, 1, 2, 3, 4, 5, 6, 7]",93.01580810546875,46.05963134765625,46.9561767578125,143,93.01580810546875,46.5748291015625,46.44097900390625,141
2025-07-17T21:01:27.356159,3,5,"[0, 1, 2, 3, 4, 5, 6, 7]",93.01580810546875,46.05963134765625,46.9561767578125,143,93.01580810546875,46.5748291015625,46.44097900390625,141
2025-07-17T21:01:27.363553,4,5,"[0, 1, 2, 3, 4, 5, 6, 7]",93.01580810546875,46.05963134765625,46.9561767578125,143,93.01580810546875,46.5748291015625,46.44097900390625,141
2025-07-17T21:01:27.370893,0,6,"[0, 1, 2, 3, 4, 5, 6, 7]",93.01580810546875,46.05963134765625,46.9561767578125,143,93.01580810546875,46.5748291015625,46.44097900390625,141
2025-07-17T21:01:27.378206,1,6,"[0, 2, 3, 4, 5, 6, 7]",93.01580810546875,46.05963134765625,46.9561767578125,143,93.01580810546875,46.5748291015625,46.44097900390625,141
2025-07-17T21:01:27.385494,2,6,"[0, 1, 2, 3, 4, 5, 6, 7]",93.01580810546875,46.05963134765625,46.9561767578125,143,93.01580810546875,46.5748291015625,46.44097900390625,141
2025-07-17T21:01:27.392773,3,6,"[0, 2, 3, 4, 5, 6, 7]",93.01580810546875,46.05963134765625,46.9561767578125,143,93.01580810546875,46.5748291015625,46.44097900390625,141
2025-07-17T21:01:27.400572,4,6,"[0, 2, 3, 4, 5, 6, 7]",93.01580810546875,46.05963134765625,46.9561767578125,143,93.01580810546875,46.5748291015625,46.44097900390625,141
2025-07-17T21:01:27.407596,0,7,"[0, 1, 2, 3, 4, 5, 7]",93.01580810546875,46.05963134765625,46.9561767578125,143,93.01580810546875,46.5748291015625,46.44097900390625,141
2025-07-17T21:01:27.415620,1,7,"[0, 1, 2, 3, 4, 5, 6, 7]",93.01580810546875,46.05963134765625,46.9561767578125,143,93.01580810546875,46.5748291015625,46.44097900390625,141
2025-07-17T21:01:27.422808,2,7,"[0, 1, 2, 3, 4, 5, 6, 7]",93.01580810546875,46.05963134765625,46.9561767578125,143,93.01580810546875,46.5748291015625,46.44097900390625,141
2025-07-17T21:01:27.430962,3,7,"[0, 1, 2, 3, 4, 5, 6, 7]",93.01580810546875,46.05963134765625,46.9561767578125,143,93.01580810546875,46.5748291015625,46.44097900390625,141
2025-07-17T21:01:27.438290,4,7,"[0, 1, 2, 3, 4, 5, 6, 7]",93.01580810546875,46.05963134765625,46.9561767578125,143,93.01580810546875,46.5748291015625,46.44097900390625,141
2025-07-17T21:01:27.445542,0,8,"[0, 1, 2, 3, 4, 5, 6, 7]",93.01580810546875,46.05963134765625,46.9561767578125,143,93.01580810546875,46.5748291015625,46.44097900390625,141
2025-07-17T21:01:27.453696,1,8,"[1, 2, 3, 4, 5, 6, 7]",93.01580810546875,46.05963134765625,46.9561767578125,143,93.01580810546875,46.5748291015625,46.44097900390625,141
2025-07-17T21:01:27.463056,2,8,"[0, 1, 2, 3, 4, 5, 6, 7]",93.01580810546875,46.05963134765625,46.9561767578125,143,93.01580810546875,46.5748291015625,46.44097900390625,141
2025-07-17T21:01:27.470921,3,8,"[1, 2, 3, 4, 5, 6, 7]",93.01580810546875,46.05963134765625,46.9561767578125,143,93.01580810546875,46.5748291015625,46.44097900390625,141
2025-07-17T21:01:27.478618,4,8,"[1, 2, 3, 4, 5, 6, 7]",93.01580810546875,46.05963134765625,46.9561767578125,143,93.01580810546875,46.5748291015625,46.44097900390625,141
2025-07-17T21:01:27.485806,0,9,"[0, 1, 2, 3, 4, 5, 6, 7]",93.01580810546875,46.05963134765625,46.9561767578125,143,93.01580810546875,46.5748291015625,46.44097900390625,141
2025-07-17T21:01:27.494221,1,9,"[0, 1, 2, 3, 4, 5, 6, 7]",93.01580810546875,46.05963134765625,46.9561767578125,143,93.01580810546875,46.5748291015625,46.44097900390625,141
2025-07-17T21:01:27.496314,2,9,"[0, 1, 2, 3, 4, 5, 6, 7]",93.01580810546875,46.05963134765625,46.9561767578125,143,93.01580810546875,46.5748291015625,46.44097900390625,141
2025-07-17T21:01:27.503311,3,9,"[0, 1, 2, 3, 4, 5, 6, 7]",93.01580810546875,46.05963134765625,46.9561767578125,143,93.01580810546875,46.5748291015625,46.44097900390625,141
2025-07-17T21:01:27.514917,4,9,"[0, 1, 2, 3, 4, 5, 6, 7]",93.01580810546875,46.05963134765625,46.9561767578125,143,93.01580810546875,46.5748291015625,46.44097900390625,141
2025-07-17T21:01:27.522396,0,10,"[0, 1, 2, 3, 4, 5, 6, 7]",93.01580810546875,46.05963134765625,46.9561767578125,143,93.01580810546875,46.5748291015625,46.44097900390625,141
2025-07-17T21:01:27.529872,1,10,"[0, 1, 2, 3, 4, 5, 6, 7]",93.01580810546875,46.05963134765625,46.9561767578125,143,93.01580810546875,46.5748291015625,46.44097900390625,141
2025-07-17T21:01:27.536997,2,10,"[0, 1, 2, 3, 4, 5, 6, 7]",93.01580810546875,46.05963134765625,46.9561767578125,143,93.01580810546875,46.5748291015625,46.44097900390625,141
2025-07-17T21:01:27.544370,3,10,"[0, 1, 2, 3, 4, 5, 6, 7]",93.01580810546875,46.05963134765625,46.9561767578125,143,93.01580810546875,46.5748291015625,46.44097900390625,141
2025-07-17T21:01:27.552000,4,10,"[0, 1, 2, 3, 4, 5, 6, 7]",93.01580810546875,46.05963134765625,46.9561767578125,143,93.01580810546875,46.5748291015625,46.44097900390625,141
2025-07-17T21:01:27.558638,0,11,"[0, 1, 2, 3, 4, 5, 6, 7]",93.01580810546875,46.05963134765625,46.9561767578125,143,93.01580810546875,46.5748291015625,46.44097900390625,141
2025-07-17T21:01:27.565399,1,11,"[0, 1, 2, 3, 4, 5, 6, 7]",93.01580810546875,46.05963134765625,46.9561767578125,143,93.01580810546875,46.5748291015625,46.44097900390625,141
2025-07-17T21:01:27.571744,2,11,"[0, 1, 2, 3, 4, 5, 6, 7]",93.01580810546875,46.05963134765625,46.9561767578125,143,93.01580810546875,46.5748291015625,46.44097900390625,141
2025-07-17T21:01:27.578328,3,11,"[0, 1, 2, 3, 4, 5, 6, 7]",93.01580810546875,46.05963134765625,46.9561767578125,143,93.01580810546875,46.5748291015625,46.44097900390625,141
2025-07-17T21:01:27.586386,4,11,"[0, 1, 2, 3, 4, 5, 6, 7]",93.01580810546875,46.05963134765625,46.9561767578125,143,93.01580810546875,46.5748291015625,46.44097900390625,141
2025-07-17T21:01:27.593415,0,12,"[0, 1, 2, 3, 4, 5, 6, 7]",93.01580810546875,46.05963134765625,46.9561767578125,143,93.01580810546875,46.5748291015625,46.44097900390625,141
2025-07-17T21:01:27.600734,1,12,"[0, 1, 2, 3, 4, 5, 6]",93.01580810546875,46.05963134765625,46.9561767578125,143,93.01580810546875,46.5748291015625,46.44097900390625,141
2025-07-17T21:01:27.607688,2,12,"[0, 1, 2, 3, 4, 6, 7]",93.01580810546875,46.05963134765625,46.9561767578125,143,93.01580810546875,46.5748291015625,46.44097900390625,141
2025-07-17T21:01:27.614106,3,12,"[0, 1, 2, 3, 4, 5, 6]",93.01580810546875,46.05963134765625,46.9561767578125,143,93.01580810546875,46.5748291015625,46.44097900390625,141
2025-07-17T21:01:27.621584,4,12,"[0, 1, 2, 3, 4, 5, 6]",93.01580810546875,46.05963134765625,46.9561767578125,143,93.01580810546875,46.5748291015625,46.44097900390625,141
2025-07-17T21:01:27.628621,0,13,"[0, 1, 2, 3, 4, 5, 6, 7]",93.01580810546875,46.05963134765625,46.9561767578125,143,93.01580810546875,46.5748291015625,46.44097900390625,141
2025-07-17T21:01:27.635327,1,13,"[0, 1, 2, 3, 4, 5, 7]",93.01580810546875,46.05963134765625,46.9561767578125,143,93.01580810546875,46.5748291015625,46.44097900390625,141
2025-07-17T21:01:27.643125,2,13,"[0, 1, 2, 3, 4, 5, 6, 7]",93.01580810546875,46.05963134765625,46.9561767578125,143,93.01580810546875,46.5748291015625,46.44097900390625,141
2025-07-17T21:01:27.650346,3,13,"[0, 1, 2, 3, 4, 5, 7]",93.01580810546875,46.05963134765625,46.9561767578125,143,93.01580810546875,46.5748291015625,46.44097900390625,141
2025-07-17T21:01:27.656899,4,13,"[0, 1, 2, 3, 4, 5, 7]",93.01580810546875,46.05963134765625,46.9561767578125,143,93.01580810546875,46.5748291015625,46.44097900390625,141
2025-07-17T21:01:27.664503,0,14,"[0, 1, 2, 3, 4, 5, 6, 7]",93.01580810546875,46.05963134765625,46.9561767578125,143,93.01580810546875,46.5748291015625,46.44097900390625,141
2025-07-17T21:01:27.671389,1,14,"[0, 1, 2, 3, 4, 5, 7]",93.01580810546875,46.05963134765625,46.9561767578125,143,93.01580810546875,46.5748291015625,46.44097900390625,141
2025-07-17T21:01:27.678226,2,14,"[0, 1, 2, 3, 4, 5, 6, 7]",93.01580810546875,46.05963134765625,46.9561767578125,143,93.01580810546875,46.5748291015625,46.44097900390625,141
2025-07-17T21:01:27.685006,3,14,"[0, 1, 2, 3, 4, 5, 7]",93.01580810546875,46.05963134765625,46.9561767578125,143,93.01580810546875,46.5748291015625,46.44097900390625,141
2025-07-17T21:01:27.695149,4,14,"[0, 1, 2, 3, 4, 5, 7]",93.01580810546875,46.05963134765625,46.9561767578125,143,93.01580810546875,46.5748291015625,46.44097900390625,141
2025-07-17T21:01:27.701856,0,15,"[0, 1, 2, 3, 4, 5, 6, 7]",93.01580810546875,46.05963134765625,46.9561767578125,143,93.01580810546875,46.5748291015625,46.44097900390625,141
2025-07-17T21:01:27.708407,1,15,"[1, 2, 3, 4, 5, 6, 7]",93.01580810546875,46.05963134765625,46.9561767578125,143,93.01580810546875,46.5748291015625,46.44097900390625,141
2025-07-17T21:01:27.715055,2,15,"[0, 1, 2, 3, 4, 5, 6, 7]",93.01580810546875,46.05963134765625,46.9561767578125,143,93.01580810546875,46.5748291015625,46.44097900390625,141
2025-07-17T21:01:27.721748,3,15,"[1, 2, 3, 4, 5, 6, 7]",93.01580810546875,46.05963134765625,46.9561767578125,143,93.01580810546875,46.5748291015625,46.44097900390625,141
2025-07-17T21:01:27.728313,4,15,"[1, 2, 3, 4, 5, 6, 7]",93.01580810546875,46.05963134765625,46.9561767578125,143,93.01580810546875,46.5748291015625,46.44097900390625,141
2025-07-17T21:01:27.735830,0,16,"[0, 1, 2, 3, 4, 5, 6, 7]",93.01580810546875,46.05963134765625,46.9561767578125,143,93.01580810546875,46.5748291015625,46.44097900390625,141
2025-07-17T21:01:27.740729,1,16,"[0, 1, 3, 4, 5, 6, 7]",93.01580810546875,46.05963134765625,46.9561767578125,143,93.01580810546875,46.5748291015625,46.44097900390625,141
2025-07-17T21:01:27.747787,2,16,"[0, 1, 2, 3, 4, 5, 6, 7]",93.01580810546875,46.05963134765625,46.9561767578125,143,93.01580810546875,46.5748291015625,46.44097900390625,141
2025-07-17T21:01:27.754729,3,16,"[0, 1, 3, 4, 5, 6, 7]",93.01580810546875,46.05963134765625,46.9561767578125,143,93.01580810546875,46.5748291015625,46.44097900390625,141
2025-07-17T21:01:27.766900,4,16,"[0, 1, 3, 4, 5, 6, 7]",93.01580810546875,46.05963134765625,46.9561767578125,143,93.01580810546875,46.5748291015625,46.44097900390625,141
2025-07-17T21:01:27.773822,0,17,"[0, 1, 2, 4, 5, 6, 7]",93.01580810546875,46.05963134765625,46.9561767578125,143,93.01580810546875,46.5748291015625,46.44097900390625,141
2025-07-17T21:01:27.782353,1,17,"[0, 1, 2, 4, 5, 6, 7]",93.01580810546875,46.05963134765625,46.9561767578125,143,93.01580810546875,46.5748291015625,46.44097900390625,141
2025-07-17T21:01:27.790414,2,17,"[0, 1, 2, 3, 4, 5, 6, 7]",93.01580810546875,46.05963134765625,46.9561767578125,143,93.01580810546875,46.5748291015625,46.44097900390625,141
2025-07-17T21:01:27.797407,3,17,"[0, 1, 2, 4, 5, 6, 7]",93.01580810546875,46.05963134765625,46.9561767578125,143,93.01580810546875,46.5748291015625,46.44097900390625,141
2025-07-17T21:01:27.804689,4,17,"[0, 1, 2, 4, 5, 6, 7]",93.01580810546875,46.05963134765625,46.9561767578125,143,93.01580810546875,46.5748291015625,46.44097900390625,141
2025-07-17T21:01:27.811737,0,18,"[0, 1, 2, 3, 4, 5, 6, 7]",93.01580810546875,46.05963134765625,46.9561767578125,143,93.01580810546875,46.5748291015625,46.44097900390625,141
2025-07-17T21:01:27.818448,1,18,"[0, 1, 2, 4, 5, 6, 7]",93.01580810546875,46.05963134765625,46.9561767578125,143,93.01580810546875,46.5748291015625,46.44097900390625,141
2025-07-17T21:01:27.825118,2,18,"[0, 1, 2, 3, 4, 5, 6, 7]",93.01580810546875,46.05963134765625,46.9561767578125,143,93.01580810546875,46.5748291015625,46.44097900390625,141
2025-07-17T21:01:27.833307,3,18,"[0, 1, 2, 4, 5, 6, 7]",93.01580810546875,46.05963134765625,46.9561767578125,143,93.01580810546875,46.5748291015625,46.44097900390625,141
2025-07-17T21:01:27.840645,4,18,"[0, 1, 2, 4, 5, 6, 7]",93.01580810546875,46.05963134765625,46.9561767578125,143,93.01580810546875,46.5748291015625,46.44097900390625,141
2025-07-17T21:01:27.847207,0,19,"[0, 1, 2, 3, 4, 5, 6, 7]",93.01580810546875,46.05963134765625,46.9561767578125,143,93.01580810546875,46.5748291015625,46.44097900390625,141
2025-07-17T21:01:27.854513,1,19,"[0, 1, 2, 3, 4, 5, 6, 7]",93.01580810546875,46.05963134765625,46.9561767578125,143,93.01580810546875,46.5748291015625,46.44097900390625,141
2025-07-17T21:01:27.861885,2,19,"[0, 1, 2, 3, 4, 5, 6, 7]",93.01580810546875,46.05963134765625,46.9561767578125,143,93.01580810546875,46.5748291015625,46.44097900390625,141
2025-07-17T21:01:27.869623,3,19,"[0, 1, 2, 3, 4, 5, 6, 7]",93.01580810546875,46.05963134765625,46.9561767578125,143,93.01580810546875,46.5748291015625,46.44097900390625,141
2025-07-17T21:01:27.877706,4,19,"[0, 1, 2, 3, 4, 5, 6, 7]",93.01580810546875,46.05963134765625,46.9561767578125,143,93.01580810546875,46.5748291015625,46.44097900390625,141
2025-07-17T21:01:27.884612,0,20,"[0, 1, 2, 3, 4, 5, 6, 7]",93.01580810546875,46.05963134765625,46.9561767578125,143,93.01580810546875,46.5748291015625,46.44097900390625,141
2025-07-17T21:01:27.891898,1,20,"[0, 2, 3, 4, 5, 6, 7]",93.01580810546875,46.05963134765625,46.9561767578125,143,93.01580810546875,46.5748291015625,46.44097900390625,141
2025-07-17T21:01:27.900203,2,20,"[0, 1, 2, 3, 4, 5, 6, 7]",93.01580810546875,46.05963134765625,46.9561767578125,143,93.01580810546875,46.5748291015625,46.44097900390625,141
2025-07-17T21:01:27.908129,3,20,"[0, 2, 3, 4, 5, 6, 7]",93.01580810546875,46.05963134765625,46.9561767578125,143,93.01580810546875,46.5748291015625,46.44097900390625,141
2025-07-17T21:01:27.915953,4,20,"[0, 2, 3, 4, 5, 6, 7]",93.01580810546875,46.05963134765625,46.9561767578125,143,93.01580810546875,46.5748291015625,46.44097900390625,141
2025-07-17T21:01:27.923158,0,21,"[0, 1, 2, 3, 4, 5, 6, 7]",93.01580810546875,46.05963134765625,46.9561767578125,143,93.01580810546875,46.5748291015625,46.44097900390625,141
2025-07-17T21:01:27.931553,1,21,"[0, 1, 2, 3, 4, 5, 6, 7]",93.01580810546875,46.05963134765625,46.9561767578125,143,93.01580810546875,46.5748291015625,46.44097900390625,141
2025-07-17T21:01:27.938707,2,21,"[0, 1, 2, 3, 4, 5, 6, 7]",93.01580810546875,46.05963134765625,46.9561767578125,143,93.01580810546875,46.5748291015625,46.44097900390625,141
2025-07-17T21:01:27.946493,3,21,"[0, 1, 2, 3, 4, 5, 6, 7]",93.01580810546875,46.05963134765625,46.9561767578125,143,93.01580810546875,46.5748291015625,46.44097900390625,141
2025-07-17T21:01:27.953435,4,21,"[0, 1, 2, 3, 4, 5, 6, 7]",93.01580810546875,46.05963134765625,46.9561767578125,143,93.01580810546875,46.5748291015625,46.44097900390625,141
2025-07-17T21:01:27.961138,0,22,"[0, 1, 2, 3, 4, 5, 6, 7]",93.01580810546875,46.05963134765625,46.9561767578125,143,93.01580810546875,46.5748291015625,46.44097900390625,141
2025-07-17T21:01:27.963592,1,22,"[0, 1, 2, 3, 4, 5, 6, 7]",93.01580810546875,46.05963134765625,46.9561767578125,143,93.01580810546875,46.5748291015625,46.44097900390625,141
2025-07-17T21:01:27.976258,2,22,"[0, 1, 2, 3, 4, 5, 6, 7]",93.01580810546875,46.05963134765625,46.9561767578125,143,93.01580810546875,46.5748291015625,46.44097900390625,141
2025-07-17T21:01:27.978606,3,22,"[0, 1, 2, 3, 4, 5, 6, 7]",93.01580810546875,46.05963134765625,46.9561767578125,143,93.01580810546875,46.5748291015625,46.44097900390625,141
2025-07-17T21:01:27.985843,4,22,"[0, 1, 2, 3, 4, 5, 6, 7]",93.01580810546875,46.05963134765625,46.9561767578125,143,93.01580810546875,46.5748291015625,46.44097900390625,141
2025-07-17T21:01:27.993025,0,23,"[0, 1, 2, 3, 4, 5, 6, 7]",93.01580810546875,46.05963134765625,46.9561767578125,143,93.01580810546875,46.5748291015625,46.44097900390625,141
2025-07-17T21:01:28.004942,1,23,"[0, 1, 2, 3, 4, 5, 6, 7]",93.01580810546875,46.05963134765625,46.9561767578125,143,93.01580810546875,46.5748291015625,46.44097900390625,141
2025-07-17T21:01:28.006740,2,23,"[0, 1, 2, 3, 4, 5, 6, 7]",93.01580810546875,46.05963134765625,46.9561767578125,143,93.01580810546875,46.5748291015625,46.44097900390625,141
2025-07-17T21:01:28.014617,3,23,"[0, 1, 2, 3, 4, 5, 6, 7]",93.01580810546875,46.05963134765625,46.9561767578125,143,93.01580810546875,46.5748291015625,46.44097900390625,141
2025-07-17T21:01:28.022876,4,23,"[0, 1, 2, 3, 4, 5, 6, 7]",93.01580810546875,46.05963134765625,46.9561767578125,143,93.01580810546875,46.5748291015625,46.44097900390625,141
2025-07-17T21:01:28.035188,0,24,"[0, 1, 2, 3, 4, 5, 6, 7]",93.01580810546875,46.05963134765625,46.9561767578125,143,93.01580810546875,46.5748291015625,46.44097900390625,141
2025-07-17T21:01:28.037158,1,24,"[0, 1, 2, 3, 4, 5, 6, 7]",93.01580810546875,46.05963134765625,46.9561767578125,143,93.01580810546875,46.5748291015625,46.44097900390625,141
2025-07-17T21:01:28.049658,2,24,"[0, 1, 2, 3, 4, 5, 6, 7]",93.01580810546875,46.05963134765625,46.9561767578125,143,93.01580810546875,46.5748291015625,46.44097900390625,141
2025-07-17T21:01:28.051624,3,24,"[0, 1, 2, 3, 4, 5, 6, 7]",93.01580810546875,46.05963134765625,46.9561767578125,143,93.01580810546875,46.5748291015625,46.44097900390625,141
2025-07-17T21:01:28.058903,4,24,"[0, 1, 2, 3, 4, 5, 6, 7]",93.01580810546875,46.05963134765625,46.9561767578125,143,93.01580810546875,46.5748291015625,46.44097900390625,141
2025-07-17T21:01:28.066442,0,25,"[0, 1, 2, 3, 4, 5, 6, 7]",93.01580810546875,46.05963134765625,46.9561767578125,143,93.01580810546875,46.5748291015625,46.44097900390625,141
2025-07-17T21:01:28.074741,1,25,"[0, 1, 2, 3, 4, 5, 6, 7]",93.01580810546875,46.05963134765625,46.9561767578125,143,93.01580810546875,46.5748291015625,46.44097900390625,141
2025-07-17T21:01:28.087133,2,25,"[0, 1, 2, 3, 4, 5, 6, 7]",93.01580810546875,46.05963134765625,46.9561767578125,143,93.01580810546875,46.5748291015625,46.44097900390625,141
2025-07-17T21:01:28.088862,3,25,"[0, 1, 2, 3, 4, 5, 6, 7]",93.01580810546875,46.05963134765625,46.9561767578125,143,93.01580810546875,46.5748291015625,46.44097900390625,141
2025-07-17T21:01:28.095930,4,25,"[0, 1, 2, 3, 4, 5, 6, 7]",93.01580810546875,46.05963134765625,46.9561767578125,143,93.01580810546875,46.5748291015625,46.44097900390625,141
2025-07-17T21:01:28.101933,0,26,"[0, 1, 2, 3, 4, 5, 6, 7]",93.01580810546875,46.05963134765625,46.9561767578125,143,93.01580810546875,46.5748291015625,46.44097900390625,141
2025-07-17T21:01:28.108989,1,26,"[0, 2, 3, 4, 5, 6, 7]",93.01580810546875,46.05963134765625,46.9561767578125,143,93.01580810546875,46.5748291015625,46.44097900390625,141
2025-07-17T21:01:28.121487,2,26,"[0, 1, 2, 3, 4, 5, 6, 7]",93.01580810546875,46.05963134765625,46.9561767578125,143,93.01580810546875,46.5748291015625,46.44097900390625,141
2025-07-17T21:01:28.123306,3,26,"[0, 2, 3, 4, 5, 6, 7]",93.01580810546875,46.05963134765625,46.9561767578125,143,93.01580810546875,46.5748291015625,46.44097900390625,141
2025-07-17T21:01:28.130784,4,26,"[0, 2, 3, 4, 5, 6, 7]",93.01580810546875,46.05963134765625,46.9561767578125,143,93.01580810546875,46.5748291015625,46.44097900390625,141
2025-07-17T21:01:28.137826,0,27,"[0, 1, 2, 3, 4, 5, 6, 7]",93.01580810546875,46.05963134765625,46.9561767578125,143,93.01580810546875,46.5748291015625,46.44097900390625,141
2025-07-17T21:01:28.144520,1,27,"[0, 1, 2, 3, 4, 5, 6, 7]",93.01580810546875,46.05963134765625,46.9561767578125,143,93.01580810546875,46.5748291015625,46.44097900390625,141
2025-07-17T21:01:28.152017,2,27,"[0, 1, 2, 3, 4, 5, 6, 7]",93.01580810546875,46.05963134765625,46.9561767578125,143,93.01580810546875,46.5748291015625,46.44097900390625,141
2025-07-17T21:01:28.159582,3,27,"[0, 1, 2, 3, 4, 5, 6, 7]",93.01580810546875,46.05963134765625,46.9561767578125,143,93.01580810546875,46.5748291015625,46.44097900390625,141
2025-07-17T21:01:28.166803,4,27,"[0, 1, 2, 3, 4, 5, 6, 7]",93.01580810546875,46.05963134765625,46.9561767578125,143,93.01580810546875,46.5748291015625,46.44097900390625,141
2025-07-17T21:01:28.179601,0,28,"[0, 1, 2, 3, 4, 5, 6, 7]",93.01580810546875,46.05963134765625,46.9561767578125,143,93.01580810546875,46.5748291015625,46.44097900390625,141
2025-07-17T21:01:28.186952,1,28,"[0, 2, 3, 5, 6, 7]",93.01580810546875,46.05963134765625,46.9561767578125,143,93.01580810546875,46.5748291015625,46.44097900390625,141
2025-07-17T21:01:28.188985,2,28,"[0, 1, 2, 3, 4, 5, 6, 7]",93.01580810546875,46.05963134765625,46.9561767578125,143,93.01580810546875,46.5748291015625,46.44097900390625,141
2025-07-17T21:01:28.196613,3,28,"[0, 2, 3, 5, 6, 7]",93.01580810546875,46.05963134765625,46.9561767578125,143,93.01580810546875,46.5748291015625,46.44097900390625,141
2025-07-17T21:01:28.203283,4,28,"[0, 2, 3, 5, 6, 7]",93.01580810546875,46.05963134765625,46.9561767578125,143,93.01580810546875,46.5748291015625,46.44097900390625,141
2025-07-17T21:01:28.210173,0,29,"[0, 1, 2, 3, 4, 5, 6, 7]",93.01580810546875,46.05963134765625,46.9561767578125,143,93.01580810546875,46.5748291015625,46.44097900390625,141
2025-07-17T21:01:28.222489,1,29,"[0, 1, 2, 3, 4, 5, 6, 7]",93.01580810546875,46.05963134765625,46.9561767578125,143,93.01580810546875,46.5748291015625,46.44097900390625,141
2025-07-17T21:01:28.224307,2,29,"[0, 1, 2, 3, 4, 5, 6, 7]",93.01580810546875,46.05963134765625,46.9561767578125,143,93.01580810546875,46.5748291015625,46.44097900390625,141
2025-07-17T21:01:28.231551,3,29,"[0, 1, 2, 3, 4, 5, 6, 7]",93.01580810546875,46.05963134765625,46.9561767578125,143,93.01580810546875,46.5748291015625,46.44097900390625,141
2025-07-17T21:01:28.238449,4,29,"[0, 1, 2, 3, 4, 5, 6, 7]",93.01580810546875,46.05963134765625,46.9561767578125,143,93.01580810546875,46.5748291015625,46.44097900390625,141
2025-07-17T21:01:28.246181,0,30,"[0, 1, 2, 3, 4, 5, 6, 7]",93.01580810546875,46.05963134765625,46.9561767578125,143,93.01580810546875,46.5748291015625,46.44097900390625,141
2025-07-17T21:01:28.258927,1,30,"[0, 1, 2, 3, 4, 5, 7]",93.01580810546875,46.05963134765625,46.9561767578125,143,93.01580810546875,46.5748291015625,46.44097900390625,141
2025-07-17T21:01:28.260817,2,30,"[0, 1, 2, 3, 4, 5, 6, 7]",93.01580810546875,46.05963134765625,46.9561767578125,143,93.01580810546875,46.5748291015625,46.44097900390625,141
2025-07-17T21:01:28.268354,3,30,"[0, 1, 2, 3, 4, 5, 7]",93.01580810546875,46.05963134765625,46.9561767578125,143,93.01580810546875,46.5748291015625,46.44097900390625,141
2025-07-17T21:01:28.275560,4,30,"[0, 1, 2, 3, 4, 5, 7]",93.01580810546875,46.05963134765625,46.9561767578125,143,93.01580810546875,46.5748291015625,46.44097900390625,141
2025-07-17T21:01:28.287714,0,31,"[0, 1, 2, 3, 4, 5, 6, 7]",93.01580810546875,46.05963134765625,46.9561767578125,143,93.01580810546875,46.5748291015625,46.44097900390625,141
2025-07-17T21:01:28.291187,1,31,"[0, 1, 2, 3, 4, 5, 6, 7]",93.01580810546875,46.05963134765625,46.9561767578125,143,93.01580810546875,46.5748291015625,46.44097900390625,141
2025-07-17T21:01:28.305063,2,31,"[0, 1, 2, 3, 4, 5, 6, 7]",93.01580810546875,46.05963134765625,46.9561767578125,143,93.01580810546875,46.5748291015625,46.44097900390625,141
2025-07-17T21:01:28.308744,3,31,"[0, 1, 2, 3, 4, 5, 6, 7]",93.01580810546875,46.05963134765625,46.9561767578125,143,93.01580810546875,46.5748291015625,46.44097900390625,141
2025-07-17T21:01:28.316152,4,31,"[0, 1, 2, 3, 4, 5, 6, 7]",93.01580810546875,46.05963134765625,46.9561767578125,143,93.01580810546875,46.5748291015625,46.44097900390625,141
2025-07-17T21:01:28.331049,0,0,"[0, 1, 2, 3, 4, 5, 6, 7]",93.01580810546875,46.05963134765625,46.9561767578125,143,93.01580810546875,46.5748291015625,46.44097900390625,141
2025-07-17T21:01:28.338263,1,0,"[0, 1, 2, 4, 5, 6]",93.01580810546875,46.05963134765625,46.9561767578125,143,93.01580810546875,46.5748291015625,46.44097900390625,141
2025-07-17T21:01:28.346182,2,0,"[0, 1, 2, 3, 4, 5, 6, 7]",93.01580810546875,46.05963134765625,46.9561767578125,143,93.01580810546875,46.5748291015625,46.44097900390625,141
2025-07-17T21:01:28.354851,3,0,"[0, 1, 2, 4, 5, 6]",93.01580810546875,46.05963134765625,46.9561767578125,143,93.01580810546875,46.5748291015625,46.44097900390625,141
2025-07-17T21:01:28.362019,4,0,"[0, 1, 2, 4, 5, 6]",93.01580810546875,46.05963134765625,46.9561767578125,143,93.01580810546875,46.5748291015625,46.44097900390625,141
2025-07-17T21:01:28.368796,0,1,"[0, 1, 2, 3, 4, 5, 6, 7]",93.01580810546875,46.05963134765625,46.9561767578125,143,93.01580810546875,46.5748291015625,46.44097900390625,141
2025-07-17T21:01:28.375828,1,1,"[0, 1, 2, 3, 4, 5, 6, 7]",93.01580810546875,46.05963134765625,46.9561767578125,143,93.01580810546875,46.5748291015625,46.44097900390625,141
2025-07-17T21:01:28.383037,2,1,"[0, 1, 2, 3, 4, 5, 6, 7]",93.01580810546875,46.05963134765625,46.9561767578125,143,93.01580810546875,46.5748291015625,46.44097900390625,141
2025-07-17T21:01:28.390153,3,1,"[0, 1, 2, 3, 4, 5, 6, 7]",93.01580810546875,46.05963134765625,46.9561767578125,143,93.01580810546875,46.5748291015625,46.44097900390625,141
2025-07-17T21:01:28.394268,4,1,"[0, 1, 2, 3, 4, 5, 6, 7]",93.01580810546875,46.05963134765625,46.9561767578125,143,93.01580810546875,46.5748291015625,46.44097900390625,141
2025-07-17T21:01:28.401966,0,2,"[0, 1, 2, 3, 4, 5, 6, 7]",93.01580810546875,46.05963134765625,46.9561767578125,143,93.01580810546875,46.5748291015625,46.44097900390625,141
2025-07-17T21:01:28.409185,1,2,"[0, 1, 2, 3, 4, 5, 6, 7]",93.01580810546875,46.05963134765625,46.9561767578125,143,93.01580810546875,46.5748291015625,46.44097900390625,141
2025-07-17T21:01:28.417745,2,2,"[0, 1, 2, 3, 4, 5, 6, 7]",93.01580810546875,46.05963134765625,46.9561767578125,143,93.01580810546875,46.5748291015625,46.44097900390625,141
2025-07-17T21:01:28.428941,3,2,"[0, 1, 2, 3, 4, 5, 6, 7]",93.01580810546875,46.05963134765625,46.9561767578125,143,93.01580810546875,46.5748291015625,46.44097900390625,141
2025-07-17T21:01:28.430886,4,2,"[0, 1, 2, 3, 4, 5, 6, 7]",93.01580810546875,46.05963134765625,46.9561767578125,143,93.01580810546875,46.5748291015625,46.44097900390625,141
2025-07-17T21:01:28.437922,0,3,"[0, 1, 2, 3, 4, 5, 6, 7]",93.01580810546875,46.05963134765625,46.9561767578125,143,93.01580810546875,46.5748291015625,46.44097900390625,141
2025-07-17T21:01:28.445909,1,3,"[0, 1, 2, 3, 4, 5, 7]",93.01580810546875,46.05963134765625,46.9561767578125,143,93.01580810546875,46.5748291015625,46.44097900390625,141
2025-07-17T21:01:28.452840,2,3,"[0, 1, 2, 3, 4, 5, 6, 7]",93.01580810546875,46.05963134765625,46.9561767578125,143,93.01580810546875,46.5748291015625,46.44097900390625,141
2025-07-17T21:01:28.459063,3,3,"[0, 1, 2, 3, 4, 5, 7]",93.01580810546875,46.05963134765625,46.9561767578125,143,93.01580810546875,46.5748291015625,46.44097900390625,141
2025-07-17T21:01:28.466001,4,3,"[0, 1, 2, 3, 4, 5, 7]",93.01580810546875,46.05963134765625,46.9561767578125,143,93.01580810546875,46.5748291015625,46.44097900390625,141
2025-07-17T21:01:28.473160,0,4,"[0, 1, 2, 3, 4, 5, 6, 7]",93.01580810546875,46.05963134765625,46.9561767578125,143,93.01580810546875,46.5748291015625,46.44097900390625,141
2025-07-17T21:01:28.480398,1,4,"[0, 1, 2, 3, 4, 5, 6, 7]",93.01580810546875,46.05963134765625,46.9561767578125,143,93.01580810546875,46.5748291015625,46.44097900390625,141
2025-07-17T21:01:28.488070,2,4,"[0, 1, 2, 3, 4, 5, 6, 7]",93.01580810546875,46.05963134765625,46.9561767578125,143,93.01580810546875,46.5748291015625,46.44097900390625,141
2025-07-17T21:01:28.493999,3,4,"[0, 1, 2, 3, 4, 5, 6, 7]",93.01580810546875,46.05963134765625,46.9561767578125,143,93.01580810546875,46.5748291015625,46.44097900390625,141
2025-07-17T21:01:28.501584,4,4,"[0, 1, 2, 3, 4, 5, 6, 7]",93.01580810546875,46.05963134765625,46.9561767578125,143,93.01580810546875,46.5748291015625,46.44097900390625,141
2025-07-17T21:01:28.508361,0,5,"[0, 1, 2, 3, 4, 5, 6, 7]",93.01580810546875,46.05963134765625,46.9561767578125,143,93.01580810546875,46.5748291015625,46.44097900390625,141
2025-07-17T21:01:28.515877,1,5,"[0, 1, 2, 3, 4, 5, 6]",93.01580810546875,46.05963134765625,46.9561767578125,143,93.01580810546875,46.5748291015625,46.44097900390625,141
2025-07-17T21:01:28.522760,2,5,"[0, 1, 2, 3, 4, 6, 7]",93.01580810546875,46.05963134765625,46.9561767578125,143,93.01580810546875,46.5748291015625,46.44097900390625,141
2025-07-17T21:01:28.529430,3,5,"[0, 1, 2, 3, 4, 5, 6]",93.01580810546875,46.05963134765625,46.9561767578125,143,93.01580810546875,46.5748291015625,46.44097900390625,141
2025-07-17T21:01:28.537395,4,5,"[0, 1, 2, 3, 4, 5, 6]",93.01580810546875,46.05963134765625,46.9561767578125,143,93.01580810546875,46.5748291015625,46.44097900390625,141
2025-07-17T21:01:28.544450,0,6,"[0, 1, 2, 3, 4, 5, 6, 7]",93.01580810546875,46.05963134765625,46.9561767578125,143,93.01580810546875,46.5748291015625,46.44097900390625,141
2025-07-17T21:01:28.551403,1,6,"[0, 1, 2, 3, 4, 5, 6, 7]",93.01580810546875,46.05963134765625,46.9561767578125,143,93.01580810546875,46.5748291015625,46.44097900390625,141
2025-07-17T21:01:28.558631,2,6,"[0, 1, 2, 3, 4, 5, 6, 7]",93.01580810546875,46.05963134765625,46.9561767578125,143,93.01580810546875,46.5748291015625,46.44097900390625,141
2025-07-17T21:01:28.565935,3,6,"[0, 1, 2, 3, 4, 5, 6, 7]",93.01580810546875,46.05963134765625,46.9561767578125,143,93.01580810546875,46.5748291015625,46.44097900390625,141
2025-07-17T21:01:28.572393,4,6,"[0, 1, 2, 3, 4, 5, 6, 7]",93.01580810546875,46.05963134765625,46.9561767578125,143,93.01580810546875,46.5748291015625,46.44097900390625,141
2025-07-17T21:01:28.584958,0,7,"[0, 1, 2, 3, 4, 5, 6, 7]",93.01580810546875,46.05963134765625,46.9561767578125,143,93.01580810546875,46.5748291015625,46.44097900390625,141
2025-07-17T21:01:28.586952,1,7,"[0, 1, 2, 3, 4, 5, 6, 7]",93.01580810546875,46.05963134765625,46.9561767578125,143,93.01580810546875,46.5748291015625,46.44097900390625,141
2025-07-17T21:01:28.593535,2,7,"[0, 1, 2, 3, 4, 5, 6, 7]",93.01580810546875,46.05963134765625,46.9561767578125,143,93.01580810546875,46.5748291015625,46.44097900390625,141
2025-07-17T21:01:28.601021,3,7,"[0, 1, 2, 3, 4, 5, 6, 7]",93.01580810546875,46.05963134765625,46.9561767578125,143,93.01580810546875,46.5748291015625,46.44097900390625,141
2025-07-17T21:01:28.612850,4,7,"[0, 1, 2, 3, 4, 5, 6, 7]",93.01580810546875,46.05963134765625,46.9561767578125,143,93.01580810546875,46.5748291015625,46.44097900390625,141
2025-07-17T21:01:28.614864,0,8,"[0, 1, 2, 3, 4, 5, 6, 7]",93.01580810546875,46.05963134765625,46.9561767578125,143,93.01580810546875,46.5748291015625,46.44097900390625,141
2025-07-17T21:01:28.621930,1,8,"[0, 1, 2, 3, 4, 5, 6, 7]",93.01580810546875,46.05963134765625,46.9561767578125,143,93.01580810546875,46.5748291015625,46.44097900390625,141
2025-07-17T21:01:28.629169,2,8,"[0, 1, 2, 3, 4, 5, 6, 7]",93.01580810546875,46.05963134765625,46.9561767578125,143,93.01580810546875,46.5748291015625,46.44097900390625,141
2025-07-17T21:01:28.636672,3,8,"[0, 1, 2, 3, 4, 5, 6, 7]",93.01580810546875,46.05963134765625,46.9561767578125,143,93.01580810546875,46.5748291015625,46.44097900390625,141
2025-07-17T21:01:28.644078,4,8,"[0, 1, 2, 3, 4, 5, 6, 7]",93.01580810546875,46.05963134765625,46.9561767578125,143,93.01580810546875,46.5748291015625,46.44097900390625,141
2025-07-17T21:01:28.652092,0,9,"[0, 1, 2, 3, 4, 5, 6, 7]",93.01580810546875,46.05963134765625,46.9561767578125,143,93.01580810546875,46.5748291015625,46.44097900390625,141
2025-07-17T21:01:28.663906,1,9,"[0, 1, 2, 3, 4, 5, 6, 7]",93.01580810546875,46.05963134765625,46.9561767578125,143,93.01580810546875,46.5748291015625,46.44097900390625,141
2025-07-17T21:01:28.665999,2,9,"[0, 1, 2, 3, 4, 5, 6, 7]",93.01580810546875,46.05963134765625,46.9561767578125,143,93.01580810546875,46.5748291015625,46.44097900390625,141
2025-07-17T21:01:28.672974,3,9,"[0, 1, 2, 3, 4, 5, 6, 7]",93.01580810546875,46.05963134765625,46.9561767578125,143,93.01580810546875,46.5748291015625,46.44097900390625,141
2025-07-17T21:01:28.680806,4,9,"[0, 1, 2, 3, 4, 5, 6, 7]",93.01580810546875,46.05963134765625,46.9561767578125,143,93.01580810546875,46.5748291015625,46.44097900390625,141
2025-07-17T21:01:28.693280,0,10,"[0, 1, 2, 3, 4, 5, 6, 7]",93.01580810546875,46.05963134765625,46.9561767578125,143,93.01580810546875,46.5748291015625,46.44097900390625,141
2025-07-17T21:01:28.695021,1,10,"[0, 1, 2, 3, 4, 5, 6, 7]",93.01580810546875,46.05963134765625,46.9561767578125,143,93.01580810546875,46.5748291015625,46.44097900390625,141
2025-07-17T21:01:28.703123,2,10,"[0, 1, 2, 3, 4, 5, 6, 7]",93.01580810546875,46.05963134765625,46.9561767578125,143,93.01580810546875,46.5748291015625,46.44097900390625,141
2025-07-17T21:01:28.710778,3,10,"[0, 1, 2, 3, 4, 5, 6, 7]",93.01580810546875,46.05963134765625,46.9561767578125,143,93.01580810546875,46.5748291015625,46.44097900390625,141
2025-07-17T21:01:28.717683,4,10,"[0, 1, 2, 3, 4, 5, 6, 7]",93.01580810546875,46.05963134765625,46.9561767578125,143,93.01580810546875,46.5748291015625,46.44097900390625,141
2025-07-17T21:01:28.724716,0,11,"[0, 1, 2, 3, 4, 5, 6, 7]",93.01580810546875,46.05963134765625,46.9561767578125,143,93.01580810546875,46.5748291015625,46.44097900390625,141
2025-07-17T21:01:28.731373,1,11,"[0, 1, 2, 3, 4, 5, 6, 7]",93.01580810546875,46.05963134765625,46.9561767578125,143,93.01580810546875,46.5748291015625,46.44097900390625,141
2025-07-17T21:01:28.738112,2,11,"[0, 1, 2, 3, 4, 5, 6, 7]",93.01580810546875,46.05963134765625,46.9561767578125,143,93.01580810546875,46.5748291015625,46.44097900390625,141
2025-07-17T21:01:28.746292,3,11,"[0, 1, 2, 3, 4, 5, 6, 7]",93.01580810546875,46.05963134765625,46.9561767578125,143,93.01580810546875,46.5748291015625,46.44097900390625,141
2025-07-17T21:01:28.754117,4,11,"[0, 1, 2, 3, 4, 5, 6, 7]",93.01580810546875,46.05963134765625,46.9561767578125,143,93.01580810546875,46.5748291015625,46.44097900390625,141
2025-07-17T21:01:28.761452,0,12,"[0, 1, 2, 3, 4, 5, 6, 7]",93.01580810546875,46.05963134765625,46.9561767578125,143,93.01580810546875,46.5748291015625,46.44097900390625,141
2025-07-17T21:01:28.772194,1,12,"[0, 1, 2, 3, 4, 5, 6]",93.01580810546875,46.05963134765625,46.9561767578125,143,93.01580810546875,46.5748291015625,46.44097900390625,141
2025-07-17T21:01:28.775122,2,12,"[1, 2, 3, 4, 5, 6, 7]",93.01580810546875,46.05963134765625,46.9561767578125,143,93.01580810546875,46.5748291015625,46.44097900390625,141
2025-07-17T21:01:28.781962,3,12,"[0, 1, 2, 3, 4, 5, 6]",93.01580810546875,46.05963134765625,46.9561767578125,143,93.01580810546875,46.5748291015625,46.44097900390625,141
2025-07-17T21:01:28.789009,4,12,"[0, 1, 2, 3, 4, 5, 6]",93.01580810546875,46.05963134765625,46.9561767578125,143,93.01580810546875,46.5748291015625,46.44097900390625,141
2025-07-17T21:01:28.795384,0,13,"[0, 1, 2, 3, 4, 5, 6, 7]",93.01580810546875,46.05963134765625,46.9561767578125,143,93.01580810546875,46.5748291015625,46.44097900390625,141
2025-07-17T21:01:28.801688,1,13,"[0, 1, 2, 3, 5, 7]",93.01580810546875,46.05963134765625,46.9561767578125,143,93.01580810546875,46.5748291015625,46.44097900390625,141
2025-07-17T21:01:28.808217,2,13,"[0, 1, 2, 3, 4, 5, 6, 7]",93.01580810546875,46.05963134765625,46.9561767578125,143,93.01580810546875,46.5748291015625,46.44097900390625,141
2025-07-17T21:01:28.815540,3,13,"[0, 1, 2, 3, 5, 7]",93.01580810546875,46.05963134765625,46.9561767578125,143,93.01580810546875,46.5748291015625,46.44097900390625,141
2025-07-17T21:01:28.827360,4,13,"[0, 1, 2, 3, 5, 7]",93.01580810546875,46.05963134765625,46.9561767578125,143,93.01580810546875,46.5748291015625,46.44097900390625,141
2025-07-17T21:01:28.834935,0,14,"[0, 1, 2, 3, 4, 5, 6, 7]",93.01580810546875,46.05963134765625,46.9561767578125,143,93.01580810546875,46.5748291015625,46.44097900390625,141
2025-07-17T21:01:28.836923,1,14,"[0, 1, 2, 3, 4, 5, 6]",93.01580810546875,46.05963134765625,46.9561767578125,143,93.01580810546875,46.5748291015625,46.44097900390625,141
2025-07-17T21:01:28.844344,2,14,"[0, 1, 2, 4, 5, 6, 7]",93.01580810546875,46.05963134765625,46.9561767578125,143,93.01580810546875,46.5748291015625,46.44097900390625,141
2025-07-17T21:01:28.850944,3,14,"[0, 1, 2, 3, 4, 5, 6]",93.01580810546875,46.05963134765625,46.9561767578125,143,93.01580810546875,46.5748291015625,46.44097900390625,141
2025-07-17T21:01:28.857900,4,14,"[0, 1, 2, 3, 4, 5, 6]",93.01580810546875,46.05963134765625,46.9561767578125,143,93.01580810546875,46.5748291015625,46.44097900390625,141
2025-07-17T21:01:28.869753,0,15,"[0, 1, 2, 3, 4, 5, 6, 7]",93.01580810546875,46.05963134765625,46.9561767578125,143,93.01580810546875,46.5748291015625,46.44097900390625,141
2025-07-17T21:01:28.871573,1,15,"[0, 1, 2, 3, 4, 5, 6, 7]",93.01580810546875,46.05963134765625,46.9561767578125,143,93.01580810546875,46.5748291015625,46.44097900390625,141
2025-07-17T21:01:28.879096,2,15,"[0, 1, 2, 3, 4, 5, 6, 7]",93.01580810546875,46.05963134765625,46.9561767578125,143,93.01580810546875,46.5748291015625,46.44097900390625,141
2025-07-17T21:01:28.886113,3,15,"[0, 1, 2, 3, 4, 5, 6, 7]",93.01580810546875,46.05963134765625,46.9561767578125,143,93.01580810546875,46.5748291015625,46.44097900390625,141
2025-07-17T21:01:28.898698,4,15,"[0, 1, 2, 3, 4, 5, 6, 7]",93.01580810546875,46.05963134765625,46.9561767578125,143,93.01580810546875,46.5748291015625,46.44097900390625,141
2025-07-17T21:01:28.900585,0,16,"[0, 1, 2, 3, 4, 5, 6, 7]",93.01580810546875,46.05963134765625,46.9561767578125,143,93.01580810546875,46.5748291015625,46.44097900390625,141
2025-07-17T21:01:28.907389,1,16,"[0, 2, 3, 4, 5, 6, 7]",93.01580810546875,46.05963134765625,46.9561767578125,143,93.01580810546875,46.5748291015625,46.44097900390625,141
2025-07-17T21:01:28.914520,2,16,"[0, 1, 2, 3, 4, 5, 6, 7]",93.01580810546875,46.05963134765625,46.9561767578125,143,93.01580810546875,46.5748291015625,46.44097900390625,141
2025-07-17T21:01:28.923318,3,16,"[0, 2, 3, 4, 5, 6, 7]",93.01580810546875,46.05963134765625,46.9561767578125,143,93.01580810546875,46.5748291015625,46.44097900390625,141
2025-07-17T21:01:28.929608,4,16,"[0, 2, 3, 4, 5, 6, 7]",93.01580810546875,46.05963134765625,46.9561767578125,143,93.01580810546875,46.5748291015625,46.44097900390625,141
2025-07-17T21:01:28.937052,0,17,"[0, 1, 2, 3, 4, 5, 6, 7]",93.01580810546875,46.05963134765625,46.9561767578125,143,93.01580810546875,46.5748291015625,46.44097900390625,141
2025-07-17T21:01:28.943547,1,17,"[1, 2, 4, 5, 6, 7]",93.01580810546875,46.05963134765625,46.9561767578125,143,93.01580810546875,46.5748291015625,46.44097900390625,141
2025-07-17T21:01:28.951390,2,17,"[0, 1, 2, 3, 4, 5, 6, 7]",93.01580810546875,46.05963134765625,46.9561767578125,143,93.01580810546875,46.5748291015625,46.44097900390625,141
2025-07-17T21:01:28.958775,3,17,"[1, 2, 4, 5, 6, 7]",93.01580810546875,46.05963134765625,46.9561767578125,143,93.01580810546875,46.5748291015625,46.44097900390625,141
2025-07-17T21:01:28.966778,4,17,"[1, 2, 4, 5, 6, 7]",93.01580810546875,46.05963134765625,46.9561767578125,143,93.01580810546875,46.5748291015625,46.44097900390625,141
2025-07-17T21:01:28.972855,0,18,"[0, 1, 2, 3, 4, 5, 6, 7]",93.01580810546875,46.05963134765625,46.9561767578125,143,93.01580810546875,46.5748291015625,46.44097900390625,141
2025-07-17T21:01:28.981171,1,18,"[0, 1, 2, 3, 4, 5, 6]",93.01580810546875,46.05963134765625,46.9561767578125,143,93.01580810546875,46.5748291015625,46.44097900390625,141
2025-07-17T21:01:28.992990,2,18,"[0, 1, 2, 3, 4, 5, 6, 7]",93.01580810546875,46.05963134765625,46.9561767578125,143,93.01580810546875,46.5748291015625,46.44097900390625,141
2025-07-17T21:01:28.995357,3,18,"[0, 1, 2, 3, 4, 5, 6]",93.01580810546875,46.05963134765625,46.9561767578125,143,93.01580810546875,46.5748291015625,46.44097900390625,141
2025-07-17T21:01:29.001427,4,18,"[0, 1, 2, 3, 4, 5, 6]",93.01580810546875,46.05963134765625,46.9561767578125,143,93.01580810546875,46.5748291015625,46.44097900390625,141
2025-07-17T21:01:29.007230,0,19,"[0, 1, 2, 3, 4, 5, 6, 7]",93.01580810546875,46.05963134765625,46.9561767578125,143,93.01580810546875,46.5748291015625,46.44097900390625,141
2025-07-17T21:01:29.015695,1,19,"[0, 2, 3, 4, 5, 6, 7]",93.01580810546875,46.05963134765625,46.9561767578125,143,93.01580810546875,46.5748291015625,46.44097900390625,141
2025-07-17T21:01:29.028084,2,19,"[0, 1, 2, 3, 4, 5, 6, 7]",93.01580810546875,46.05963134765625,46.9561767578125,143,93.01580810546875,46.5748291015625,46.44097900390625,141
2025-07-17T21:01:29.030650,3,19,"[0, 2, 3, 4, 5, 6, 7]",93.01580810546875,46.05963134765625,46.9561767578125,143,93.01580810546875,46.5748291015625,46.44097900390625,141
2025-07-17T21:01:29.042727,4,19,"[0, 2, 3, 4, 5, 6, 7]",93.01580810546875,46.05963134765625,46.9561767578125,143,93.01580810546875,46.5748291015625,46.44097900390625,141
2025-07-17T21:01:29.044764,0,20,"[0, 1, 2, 3, 4, 5, 6, 7]",93.01580810546875,46.05963134765625,46.9561767578125,143,93.01580810546875,46.5748291015625,46.44097900390625,141
2025-07-17T21:01:29.057208,1,20,"[0, 1, 2, 3, 4, 5, 6, 7]",93.01580810546875,46.05963134765625,46.9561767578125,143,93.01580810546875,46.5748291015625,46.44097900390625,141
2025-07-17T21:01:29.059247,2,20,"[0, 1, 2, 3, 4, 5, 6, 7]",93.01580810546875,46.05963134765625,46.9561767578125,143,93.01580810546875,46.5748291015625,46.44097900390625,141
2025-07-17T21:01:29.066629,3,20,"[0, 1, 2, 3, 4, 5, 6, 7]",93.01580810546875,46.05963134765625,46.9561767578125,143,93.01580810546875,46.5748291015625,46.44097900390625,141
2025-07-17T21:01:29.073074,4,20,"[0, 1, 2, 3, 4, 5, 6, 7]",93.01580810546875,46.05963134765625,46.9561767578125,143,93.01580810546875,46.5748291015625,46.44097900390625,141
2025-07-17T21:01:29.080064,0,21,"[0, 1, 2, 3, 4, 5, 6, 7]",93.01580810546875,46.05963134765625,46.9561767578125,143,93.01580810546875,46.5748291015625,46.44097900390625,141
2025-07-17T21:01:29.086869,1,21,"[0, 1, 2, 3, 4, 5, 6, 7]",93.01580810546875,46.05963134765625,46.9561767578125,143,93.01580810546875,46.5748291015625,46.44097900390625,141
2025-07-17T21:01:29.093866,2,21,"[0, 1, 2, 3, 4, 5, 6, 7]",93.01580810546875,46.05963134765625,46.9561767578125,143,93.01580810546875,46.5748291015625,46.44097900390625,141
2025-07-17T21:01:29.100208,3,21,"[0, 1, 2, 3, 4, 5, 6, 7]",93.01580810546875,46.05963134765625,46.9561767578125,143,93.01580810546875,46.5748291015625,46.44097900390625,141
2025-07-17T21:01:29.113406,4,21,"[0, 1, 2, 3, 4, 5, 6, 7]",93.01580810546875,46.05963134765625,46.9561767578125,143,93.01580810546875,46.5748291015625,46.44097900390625,141
2025-07-17T21:01:29.115537,0,22,"[0, 1, 2, 3, 4, 5, 6, 7]",93.01580810546875,46.05963134765625,46.9561767578125,143,93.01580810546875,46.5748291015625,46.44097900390625,141
2025-07-17T21:01:29.122257,1,22,"[0, 1, 2, 3, 4, 5, 6, 7]",93.01580810546875,46.05963134765625,46.9561767578125,143,93.01580810546875,46.5748291015625,46.44097900390625,141
2025-07-17T21:01:29.129517,2,22,"[0, 1, 2, 3, 4, 5, 6, 7]",93.01580810546875,46.05963134765625,46.9561767578125,143,93.01580810546875,46.5748291015625,46.44097900390625,141
2025-07-17T21:01:29.141714,3,22,"[0, 1, 2, 3, 4, 5, 6, 7]",93.01580810546875,46.05963134765625,46.9561767578125,143,93.01580810546875,46.5748291015625,46.44097900390625,141
2025-07-17T21:01:29.143883,4,22,"[0, 1, 2, 3, 4, 5, 6, 7]",93.01580810546875,46.05963134765625,46.9561767578125,143,93.01580810546875,46.5748291015625,46.44097900390625,141
2025-07-17T21:01:29.156024,0,23,"[0, 1, 2, 3, 4, 5, 6, 7]",93.01580810546875,46.05963134765625,46.9561767578125,143,93.01580810546875,46.5748291015625,46.44097900390625,141
2025-07-17T21:01:29.158060,1,23,"[0, 2, 3, 4, 5, 7]",93.01580810546875,46.05963134765625,46.9561767578125,143,93.01580810546875,46.5748291015625,46.44097900390625,141
2025-07-17T21:01:29.171042,2,23,"[0, 1, 2, 3, 4, 5, 6, 7]",93.01580810546875,46.05963134765625,46.9561767578125,143,93.01580810546875,46.5748291015625,46.44097900390625,141
2025-07-17T21:01:29.173001,3,23,"[0, 2, 3, 4, 5, 7]",93.01580810546875,46.05963134765625,46.9561767578125,143,93.01580810546875,46.5748291015625,46.44097900390625,141
2025-07-17T21:01:29.180725,4,23,"[0, 2, 3, 4, 5, 7]",93.01580810546875,46.05963134765625,46.9561767578125,143,93.01580810546875,46.5748291015625,46.44097900390625,141
2025-07-17T21:01:29.188714,0,24,"[0, 1, 2, 3, 4, 5, 6, 7]",93.01580810546875,46.05963134765625,46.9561767578125,143,93.01580810546875,46.5748291015625,46.44097900390625,141
2025-07-17T21:01:29.195664,1,24,"[0, 1, 2, 3, 4, 5, 6, 7]",93.01580810546875,46.05963134765625,46.9561767578125,143,93.01580810546875,46.5748291015625,46.44097900390625,141
2025-07-17T21:01:29.202847,2,24,"[0, 1, 2, 3, 4, 5, 6, 7]",93.01580810546875,46.05963134765625,46.9561767578125,143,93.01580810546875,46.5748291015625,46.44097900390625,141
2025-07-17T21:01:29.209541,3,24,"[0, 1, 2, 3, 4, 5, 6, 7]",93.01580810546875,46.05963134765625,46.9561767578125,143,93.01580810546875,46.5748291015625,46.44097900390625,141
2025-07-17T21:01:29.221648,4,24,"[0, 1, 2, 3, 4, 5, 6, 7]",93.01580810546875,46.05963134765625,46.9561767578125,143,93.01580810546875,46.5748291015625,46.44097900390625,141
2025-07-17T21:01:29.223661,0,25,"[0, 1, 2, 3, 4, 5, 6, 7]",93.01580810546875,46.05963134765625,46.9561767578125,143,93.01580810546875,46.5748291015625,46.44097900390625,141
2025-07-17T21:01:29.236011,1,25,"[0, 1, 2, 3, 5, 6, 7]",93.01580810546875,46.05963134765625,46.9561767578125,143,93.01580810546875,46.5748291015625,46.44097900390625,141
2025-07-17T21:01:29.238040,2,25,"[0, 1, 2, 3, 5, 6, 7]",93.01580810546875,46.05963134765625,46.9561767578125,143,93.01580810546875,46.5748291015625,46.44097900390625,141
2025-07-17T21:01:29.245098,3,25,"[0, 1, 2, 3, 5, 6, 7]",93.01580810546875,46.05963134765625,46.9561767578125,143,93.01580810546875,46.5748291015625,46.44097900390625,141
2025-07-17T21:01:29.251984,4,25,"[0, 1, 2, 3, 5, 6, 7]",93.01580810546875,46.05963134765625,46.9561767578125,143,93.01580810546875,46.5748291015625,46.44097900390625,141
2025-07-17T21:01:29.258565,0,26,"[0, 1, 2, 3, 4, 5, 6, 7]",93.01580810546875,46.05963134765625,46.9561767578125,143,93.01580810546875,46.5748291015625,46.44097900390625,141
2025-07-17T21:01:29.266667,1,26,"[0, 1, 2, 3, 4, 5, 6, 7]",93.01580810546875,46.05963134765625,46.9561767578125,143,93.01580810546875,46.5748291015625,46.44097900390625,141
2025-07-17T21:01:29.278624,2,26,"[0, 1, 2, 3, 4, 5, 6, 7]",93.01580810546875,46.05963134765625,46.9561767578125,143,93.01580810546875,46.5748291015625,46.44097900390625,141
2025-07-17T21:01:29.280430,3,26,"[0, 1, 2, 3, 4, 5, 6, 7]",93.01580810546875,46.05963134765625,46.9561767578125,143,93.01580810546875,46.5748291015625,46.44097900390625,141
2025-07-17T21:01:29.287720,4,26,"[0, 1, 2, 3, 4, 5, 6, 7]",93.01580810546875,46.05963134765625,46.9561767578125,143,93.01580810546875,46.5748291015625,46.44097900390625,141
2025-07-17T21:01:29.295498,0,27,"[0, 1, 2, 3, 4, 5, 6, 7]",93.01580810546875,46.05963134765625,46.9561767578125,143,93.01580810546875,46.5748291015625,46.44097900390625,141
2025-07-17T21:01:29.303149,1,27,"[0, 1, 2, 3, 4, 5, 6, 7]",93.01580810546875,46.05963134765625,46.9561767578125,143,93.01580810546875,46.5748291015625,46.44097900390625,141
2025-07-17T21:01:29.310118,2,27,"[0, 1, 2, 3, 4, 5, 6, 7]",93.01580810546875,46.05963134765625,46.9561767578125,143,93.01580810546875,46.5748291015625,46.44097900390625,141
2025-07-17T21:01:29.316889,3,27,"[0, 1, 2, 3, 4, 5, 6, 7]",93.01580810546875,46.05963134765625,46.9561767578125,143,93.01580810546875,46.5748291015625,46.44097900390625,141
2025-07-17T21:01:29.328315,4,27,"[0, 1, 2, 3, 4, 5, 6, 7]",93.01580810546875,46.05963134765625,46.9561767578125,143,93.01580810546875,46.5748291015625,46.44097900390625,141
2025-07-17T21:01:29.330308,0,28,"[0, 1, 2, 3, 4, 5, 6, 7]",93.01580810546875,46.05963134765625,46.9561767578125,143,93.01580810546875,46.5748291015625,46.44097900390625,141
2025-07-17T21:01:29.343891,1,28,"[0, 1, 2, 3, 4, 5, 6, 7]",93.01580810546875,46.05963134765625,46.9561767578125,143,93.01580810546875,46.5748291015625,46.44097900390625,141
2025-07-17T21:01:29.346158,2,28,"[0, 1, 2, 3, 4, 5, 6, 7]",93.01580810546875,46.05963134765625,46.9561767578125,143,93.01580810546875,46.5748291015625,46.44097900390625,141
2025-07-17T21:01:29.353882,3,28,"[0, 1, 2, 3, 4, 5, 6, 7]",93.01580810546875,46.05963134765625,46.9561767578125,143,93.01580810546875,46.5748291015625,46.44097900390625,141
2025-07-17T21:01:29.361401,4,28,"[0, 1, 2, 3, 4, 5, 6, 7]",93.01580810546875,46.05963134765625,46.9561767578125,143,93.01580810546875,46.5748291015625,46.44097900390625,141
2025-07-17T21:01:29.368613,0,29,"[0, 1, 2, 3, 4, 5, 6, 7]",93.01580810546875,46.05963134765625,46.9561767578125,143,93.01580810546875,46.5748291015625,46.44097900390625,141
2025-07-17T21:01:29.382068,1,29,"[0, 2, 3, 4, 5, 7]",93.01580810546875,46.05963134765625,46.9561767578125,143,93.01580810546875,46.5748291015625,46.44097900390625,141
2025-07-17T21:01:29.383732,2,29,"[0, 1, 2, 3, 4, 5, 6, 7]",93.01580810546875,46.05963134765625,46.9561767578125,143,93.01580810546875,46.5748291015625,46.44097900390625,141
2025-07-17T21:01:29.391598,3,29,"[0, 2, 3, 4, 5, 7]",93.01580810546875,46.05963134765625,46.9561767578125,143,93.01580810546875,46.5748291015625,46.44097900390625,141
2025-07-17T21:01:29.398414,4,29,"[0, 2, 3, 4, 5, 7]",93.01580810546875,46.05963134765625,46.9561767578125,143,93.01580810546875,46.5748291015625,46.44097900390625,141
2025-07-17T21:01:29.406023,0,30,"[0, 1, 2, 3, 4, 5, 6, 7]",93.01580810546875,46.05963134765625,46.9561767578125,143,93.01580810546875,46.5748291015625,46.44097900390625,141
2025-07-17T21:01:29.418076,1,30,"[0, 1, 2, 3, 4, 5, 7]",93.01580810546875,46.05963134765625,46.9561767578125,143,93.01580810546875,46.5748291015625,46.44097900390625,141
2025-07-17T21:01:29.419722,2,30,"[0, 1, 2, 3, 4, 5, 7]",93.01580810546875,46.05963134765625,46.9561767578125,143,93.01580810546875,46.5748291015625,46.44097900390625,141
2025-07-17T21:01:29.427417,3,30,"[0, 1, 2, 3, 4, 5, 7]",93.01580810546875,46.05963134765625,46.9561767578125,143,93.01580810546875,46.5748291015625,46.44097900390625,141
2025-07-17T21:01:29.439714,4,30,"[0, 1, 2, 3, 4, 5, 7]",93.01580810546875,46.05963134765625,46.9561767578125,143,93.01580810546875,46.5748291015625,46.44097900390625,141
2025-07-17T21:01:29.441935,0,31,"[0, 1, 2, 3, 4, 5, 6, 7]",93.01580810546875,46.05963134765625,46.9561767578125,143,93.01580810546875,46.5748291015625,46.44097900390625,141
2025-07-17T21:01:29.450436,1,31,"[0, 1, 2, 3, 4, 5, 6, 7]",93.01580810546875,46.05963134765625,46.9561767578125,143,93.01580810546875,46.5748291015625,46.44097900390625,141
2025-07-17T21:01:29.458204,2,31,"[0, 1, 2, 3, 4, 5, 6, 7]",93.01580810546875,46.05963134765625,46.9561767578125,143,93.01580810546875,46.5748291015625,46.44097900390625,141
2025-07-17T21:01:29.470928,3,31,"[0, 1, 2, 3, 4, 5, 6, 7]",93.01580810546875,46.05963134765625,46.9561767578125,143,93.01580810546875,46.5748291015625,46.44097900390625,141
2025-07-17T21:01:29.473187,4,31,"[0, 1, 2, 3, 4, 5, 6, 7]",93.01580810546875,46.05963134765625,46.9561767578125,143,93.01580810546875,46.5748291015625,46.44097900390625,141
